{"type":"FeatureCollection","properties":{"mesh_code":"53396094","source":"PLATEAU秩父市2025","layer":"landuse"},"features":[{"type":"Feature","id":"luse_f0efde70-c661-4ac3-b263-b788922d88b6","geometry":{"type":"Polygon","coordinates":[[[139.05387042032518,35.916666666666664],[139.0538777,35.9166542],[139.0539189,35.9165627],[139.0539246,35.9165508],[139.0539464,35.916502],[139.0539511,35.9164915],[139.0539708,35.9164422],[139.0539886,35.9163924],[139.0539919,35.9163838],[139.0540003,35.916361],[139.0540077,35.916338],[139.0540092,35.9163319],[139.0540156,35.9163087],[139.0540212,35.9162853],[139.0540256,35.9162618],[139.0540258,35.9162594],[139.0540263,35.9162551],[139.0540271,35.9162508],[139.0540279,35.9162464],[139.0540289,35.9162421],[139.05403,35.9162379],[139.0540313,35.9162337],[139.0540329,35.9162295],[139.0540345,35.9162253],[139.0540362,35.9162212],[139.0540384,35.9162172],[139.0540405,35.9162132],[139.0540428,35.9162092],[139.0540452,35.9162053],[139.0540472,35.9162023],[139.0540499,35.9161985],[139.0540526,35.9161948],[139.0540558,35.9161912],[139.0540589,35.9161877],[139.0540622,35.9161842],[139.0540656,35.9161808],[139.0540691,35.9161776],[139.0540728,35.9161743],[139.0540763,35.9161712],[139.0540804,35.9161683],[139.0540842,35.9161653],[139.0540885,35.9161626],[139.0540928,35.9161599],[139.0540971,35.9161573],[139.0541015,35.9161548],[139.054106,35.9161524],[139.0541104,35.9161502],[139.0541151,35.916148],[139.05412,35.9161461],[139.05415,35.9161315],[139.0541869,35.9161147],[139.0542244,35.9160989],[139.0542627,35.9160841],[139.0542784,35.9160782],[139.0543172,35.9160648],[139.0543175,35.9160647],[139.0543567,35.9160523],[139.0543967,35.9160409],[139.0544896,35.9160065],[139.0546288,35.9159519],[139.0546833,35.91593],[139.054718,35.9159136],[139.0547702,35.9158854],[139.0547716,35.9158847],[139.0547777,35.9158817],[139.054783,35.9158782],[139.0547884,35.9158744],[139.0547932,35.9158702],[139.0547974,35.9158659],[139.0548015,35.9158612],[139.0548048,35.9158563],[139.054808,35.9158511],[139.0548095,35.9158477],[139.0548116,35.9158423],[139.0548135,35.9158367],[139.0548144,35.9158312],[139.0548151,35.9158255],[139.0548149,35.9158198],[139.0548146,35.9158142],[139.0548134,35.9158085],[139.0548118,35.915803],[139.0548095,35.9157976],[139.054807,35.9157924],[139.0547719,35.9157339],[139.0547332,35.9156752],[139.0547263,35.9156647],[139.0547109,35.9156379],[139.0547109,35.9156375],[139.0546984,35.9156099],[139.0546883,35.9155815],[139.0546881,35.9155786],[139.054687,35.9155645],[139.0546871,35.9155505],[139.0546882,35.9155363],[139.05469,35.9155223],[139.054693,35.9155084],[139.0546954,35.9154993],[139.0547004,35.9154878],[139.054705,35.9154761],[139.0547087,35.9154642],[139.0547114,35.9154521],[139.0547134,35.9154399],[139.0547146,35.9154276],[139.054715,35.9154154],[139.0547145,35.9154031],[139.0547132,35.9153909],[139.054711,35.9153788],[139.0547094,35.9153716],[139.054703,35.9153616],[139.0546958,35.9153518],[139.054688,35.9153424],[139.0546794,35.9153333],[139.0546704,35.9153246],[139.0546609,35.9153163],[139.0546509,35.9153084],[139.0546499,35.9153079],[139.0546394,35.9153005],[139.0546283,35.9152937],[139.0546168,35.9152873],[139.0546047,35.9152815],[139.0545922,35.9152762],[139.0545849,35.9152733],[139.054562,35.915268],[139.0545392,35.9152637],[139.0545389,35.9152636],[139.0545159,35.9152604],[139.0545156,35.9152603],[139.054496,35.9152584],[139.0544924,35.9152581],[139.0544816,35.9152574],[139.0544726,35.9152571],[139.0544711,35.915257],[139.054458,35.9152566],[139.0544347,35.9152569],[139.0544343,35.9152569],[139.054428,35.9152573],[139.0544109,35.9152583],[139.0543875,35.9152606],[139.0543776,35.915262],[139.0542882,35.9152663],[139.0542196,35.9152694],[139.0542192,35.9152694],[139.0542109,35.9152692],[139.0542047,35.9152687],[139.0542025,35.9152685],[139.0541943,35.9152676],[139.054194,35.9152675],[139.054186,35.9152662],[139.0541857,35.9152661],[139.0541777,35.9152644],[139.0541697,35.9152623],[139.054162,35.9152598],[139.0541542,35.9152571],[139.0541539,35.915257],[139.0541466,35.9152539],[139.0541414,35.9152515],[139.0541343,35.9152478],[139.0541274,35.9152438],[139.0541209,35.9152396],[139.0541147,35.9152349],[139.0541087,35.9152301],[139.0541031,35.9152249],[139.0540979,35.9152197],[139.0540511,35.9151748],[139.0540456,35.9151701],[139.0540407,35.9151651],[139.0540358,35.9151599],[139.0540317,35.9151544],[139.0540275,35.9151489],[139.0540239,35.9151431],[139.0540209,35.9151371],[139.0540181,35.9151311],[139.0540157,35.9151249],[139.0540152,35.9151235],[139.0540133,35.9151173],[139.0540118,35.9151109],[139.0540107,35.9151045],[139.0540102,35.915098],[139.0540099,35.9150916],[139.0540103,35.9150851],[139.0540111,35.9150787],[139.054011,35.9150777],[139.0540098,35.915057],[139.0540098,35.9150361],[139.054011,35.9150175],[139.0540137,35.9149968],[139.0540177,35.9149762],[139.0540185,35.9149731],[139.0540226,35.9149617],[139.0540263,35.9149501],[139.054029,35.9149384],[139.0540307,35.9149265],[139.0540318,35.9149146],[139.0540323,35.9149027],[139.0540318,35.9148907],[139.0540305,35.9148788],[139.0540284,35.914867],[139.0540256,35.9148553],[139.0540219,35.9148438],[139.0540175,35.9148324],[139.0540124,35.9148213],[139.0540066,35.9148106],[139.0540022,35.914806],[139.0539978,35.9148015],[139.0539929,35.9147974],[139.0539875,35.9147934],[139.053982,35.9147898],[139.0539764,35.9147864],[139.0539701,35.9147833],[139.0539641,35.9147806],[139.0539637,35.9147805],[139.0539576,35.9147783],[139.0539572,35.9147781],[139.0539508,35.9147761],[139.0539446,35.9147744],[139.0539379,35.9147731],[139.0539376,35.914773],[139.0539308,35.914772],[139.0539239,35.9147712],[139.0539235,35.9147712],[139.0539166,35.9147709],[139.0539095,35.9147709],[139.0539036,35.9147712],[139.0539024,35.9147713],[139.0538955,35.914772],[139.0538952,35.914772],[139.0538883,35.9147731],[139.0538815,35.9147745],[139.0538747,35.9147763],[139.0538696,35.914778],[139.0537852,35.9148026],[139.0537189,35.9148253],[139.0536358,35.9148585],[139.0535557,35.9148923],[139.0535017,35.9149171],[139.0534639,35.9149323],[139.053407,35.9149524],[139.0533912,35.9149573],[139.0533671,35.9149625],[139.0533427,35.9149664],[139.053318,35.914969],[139.0532931,35.9149704],[139.0532798,35.9149705],[139.0532549,35.91497],[139.0532301,35.9149682],[139.0532055,35.914965],[139.0531832,35.914961],[139.0531828,35.914961],[139.053104,35.914948],[139.0530893,35.9149456],[139.0530889,35.9149455],[139.0530663,35.9149422],[139.0530612,35.9149414],[139.0530053,35.9149332],[139.0529845,35.9149318],[139.0529515,35.9149296],[139.0529508,35.9149295],[139.0529505,35.9149294],[139.0529433,35.9149275],[139.0529363,35.9149251],[139.0529359,35.9149249],[139.0529293,35.9149221],[139.0529226,35.9149187],[139.0529163,35.914915],[139.0529106,35.9149109],[139.0529062,35.9149075],[139.052901,35.9149027],[139.0528966,35.9148977],[139.0528922,35.9148923],[139.0528886,35.9148867],[139.0528857,35.9148809],[139.0528832,35.9148749],[139.0528814,35.9148709],[139.052877,35.9148586],[139.052873,35.914846],[139.0528697,35.9148335],[139.052867,35.9148208],[139.0528653,35.9148117],[139.0528638,35.9147988],[139.0528629,35.914786],[139.0528629,35.9147731],[139.0528632,35.9147602],[139.0528644,35.9147473],[139.0528647,35.9147457],[139.0528665,35.9147397],[139.0528685,35.9147337],[139.0528707,35.9147279],[139.0528732,35.9147221],[139.0528762,35.9147164],[139.0528791,35.9147108],[139.0528825,35.9147053],[139.0528863,35.9146999],[139.0528902,35.9146947],[139.0528945,35.9146896],[139.0528992,35.9146847],[139.0529039,35.91468],[139.0529087,35.9146755],[139.0529138,35.914671],[139.0529194,35.9146668],[139.0529248,35.9146627],[139.0529309,35.9146589],[139.0529368,35.9146552],[139.0529433,35.9146517],[139.0529496,35.9146484],[139.0529561,35.9146454],[139.052963,35.9146427],[139.0529699,35.9146401],[139.0529766,35.9146377],[139.052982,35.914635],[139.0529823,35.9146349],[139.0529902,35.9146312],[139.0529984,35.9146278],[139.0530069,35.9146246],[139.0530154,35.9146217],[139.0530242,35.9146191],[139.0530329,35.9146169],[139.0530332,35.9146168],[139.053042,35.9146148],[139.053046,35.9146141],[139.0530464,35.914614],[139.0530553,35.9146125],[139.0530611,35.9146117],[139.0530644,35.9146113],[139.0530688,35.9146108],[139.0530735,35.9146104],[139.0530739,35.9146104],[139.0530777,35.9146101],[139.0530829,35.9146098],[139.0530897,35.9146096],[139.0530922,35.9146095],[139.0531013,35.9146095],[139.0531017,35.9146095],[139.0531106,35.9146099],[139.053111,35.9146099],[139.05312,35.9146105],[139.0531292,35.9146115],[139.0531384,35.9146128],[139.0531814,35.9146214],[139.0532406,35.9146343],[139.0532503,35.9146358],[139.0532667,35.9146377],[139.0532831,35.9146391],[139.0532996,35.9146399],[139.0533161,35.9146402],[139.0533249,35.91464],[139.0533291,35.9146399],[139.0533413,35.9146395],[139.0533416,35.9146395],[139.0533579,35.9146383],[139.053366,35.9146375],[139.0533743,35.9146366],[139.0533905,35.9146343],[139.0534067,35.9146315],[139.05341,35.9146309],[139.0534109,35.9146307],[139.0534542,35.9146221],[139.0534969,35.9146121],[139.0534973,35.914612],[139.0535019,35.9146108],[139.0535442,35.9145991],[139.0535859,35.914586],[139.0536026,35.9145786],[139.0536351,35.9145629],[139.0536667,35.9145459],[139.0536977,35.9145279],[139.0537273,35.914509],[139.0537563,35.914489],[139.0538468,35.9144221],[139.0539834,35.914326],[139.0540022,35.9143134],[139.054079,35.9142653],[139.0541467,35.9142261],[139.0542276,35.914183],[139.0543151,35.9141322],[139.0544046,35.9140831],[139.0544091,35.9140804],[139.0544203,35.9140728],[139.0544313,35.9140648],[139.0544418,35.9140564],[139.0544516,35.9140477],[139.0544613,35.9140387],[139.0544703,35.9140293],[139.0544751,35.9140242],[139.0544835,35.9140144],[139.0544911,35.9140043],[139.0544987,35.913994],[139.0545054,35.9139834],[139.0545116,35.9139725],[139.0545173,35.9139615],[139.0545224,35.9139503],[139.0545269,35.913939],[139.0545545,35.9138697],[139.0545865,35.9137948],[139.0545866,35.9137943],[139.0545906,35.913778],[139.0545938,35.9137616],[139.0545958,35.9137452],[139.0545971,35.9137334],[139.0545977,35.9137168],[139.0545977,35.9137002],[139.0545968,35.9136837],[139.0545961,35.9136757],[139.0545954,35.9136644],[139.0545953,35.9136533],[139.0545958,35.913642],[139.0545963,35.9136381],[139.0545977,35.913627],[139.0545996,35.9136158],[139.0546019,35.9136048],[139.0546051,35.9135938],[139.0546137,35.91358],[139.0546233,35.9135664],[139.0546336,35.9135532],[139.0546339,35.9135529],[139.0546447,35.91354],[139.0546563,35.9135276],[139.0546685,35.9135155],[139.0546715,35.9135123],[139.0546765,35.9135064],[139.0546815,35.9135004],[139.0546862,35.9134942],[139.0546904,35.9134879],[139.0546943,35.9134814],[139.0546979,35.9134748],[139.0547012,35.913468],[139.054704,35.913461],[139.0547066,35.9134541],[139.0547088,35.9134471],[139.0547106,35.9134399],[139.054712,35.9134328],[139.0547131,35.9134256],[139.0547138,35.9134184],[139.054714,35.9134112],[139.0547144,35.913404],[139.0547151,35.9133943],[139.0547167,35.9133846],[139.0547186,35.9133749],[139.0547209,35.9133653],[139.0547217,35.9133625],[139.0547247,35.9133531],[139.0547282,35.9133437],[139.0547322,35.9133345],[139.0547496,35.913303],[139.0547753,35.9132561],[139.0547773,35.9132489],[139.0547803,35.9132366],[139.0547827,35.9132244],[139.0547843,35.9132121],[139.0547847,35.9132065],[139.0547855,35.9131942],[139.0547856,35.9131818],[139.054785,35.9131694],[139.0547846,35.9131673],[139.0547807,35.9131453],[139.0547776,35.9131231],[139.0547761,35.9131095],[139.054775,35.9130872],[139.0547751,35.913065],[139.0547751,35.9130632],[139.054776,35.9130586],[139.0547767,35.913054],[139.0547779,35.9130495],[139.0547792,35.913045],[139.0547807,35.9130405],[139.0547827,35.9130362],[139.0547848,35.9130319],[139.054787,35.9130276],[139.0547895,35.9130234],[139.0547908,35.9130214],[139.0547934,35.9130173],[139.0547966,35.9130134],[139.0547998,35.9130095],[139.054803,35.9130058],[139.0548066,35.9130022],[139.0548106,35.9129988],[139.0548145,35.9129954],[139.0548186,35.9129922],[139.0548228,35.9129891],[139.0548273,35.9129862],[139.0548316,35.9129834],[139.0548366,35.9129808],[139.0548516,35.9129714],[139.0549053,35.9129403],[139.0549605,35.9129111],[139.0549874,35.9128979],[139.0550446,35.9128715],[139.0550782,35.912852],[139.0551356,35.9128185],[139.0551452,35.9128113],[139.0551578,35.9128007],[139.0551591,35.9127994],[139.0551703,35.9127879],[139.0551803,35.9127757],[139.0551824,35.9127741],[139.0551845,35.9127719],[139.0551867,35.9127696],[139.0551885,35.9127671],[139.0551901,35.9127645],[139.0551915,35.9127619],[139.0551924,35.9127591],[139.0551933,35.9127563],[139.0551939,35.9127534],[139.0551942,35.9127505],[139.0551939,35.9127477],[139.0551936,35.9127448],[139.0551932,35.9127426],[139.0551926,35.9127398],[139.0551915,35.9127371],[139.0551901,35.9127344],[139.0551887,35.9127318],[139.0551868,35.9127293],[139.0551847,35.9127269],[139.0551825,35.9127248],[139.05518,35.9127227],[139.0551774,35.9127208],[139.0551745,35.9127191],[139.0551684,35.9127146],[139.0551621,35.9127096],[139.0551564,35.9127044],[139.0551507,35.9126989],[139.0551486,35.9126969],[139.0551433,35.9126912],[139.0551383,35.9126853],[139.0551336,35.9126792],[139.0551284,35.9126719],[139.0551088,35.9126463],[139.0550883,35.9126214],[139.0550678,35.9125987],[139.0550446,35.9125752],[139.0550201,35.9125525],[139.0550071,35.9125402],[139.0549844,35.9125205],[139.0549659,35.9125055],[139.0549416,35.9124872],[139.0549395,35.9124859],[139.0549325,35.9124818],[139.0549257,35.9124774],[139.0549192,35.9124728],[139.0549128,35.912468],[139.0549081,35.9124642],[139.0549021,35.912459],[139.0548967,35.9124537],[139.0548913,35.9124481],[139.0548862,35.9124424],[139.0548818,35.9124365],[139.0548773,35.9124305],[139.0548733,35.9124242],[139.0548702,35.912418],[139.054866,35.9124083],[139.0548622,35.9123985],[139.054859,35.9123885],[139.0548561,35.9123784],[139.0548546,35.9123712],[139.0548526,35.9123609],[139.0548515,35.9123507],[139.0548507,35.9123404],[139.0548505,35.9123301],[139.0548507,35.9123198],[139.0548507,35.9123181],[139.0548508,35.912306],[139.0548516,35.912294],[139.054853,35.9122821],[139.054855,35.9122701],[139.0548569,35.9122613],[139.05486,35.9122495],[139.0548637,35.9122379],[139.0548677,35.9122263],[139.0548726,35.912215],[139.0548737,35.9122113],[139.0548743,35.9122075],[139.0548745,35.9122037],[139.0548748,35.9121999],[139.0548746,35.9121961],[139.0548742,35.9121924],[139.0548736,35.9121886],[139.0548725,35.9121849],[139.0548715,35.9121812],[139.0548701,35.9121776],[139.0548685,35.9121741],[139.0548664,35.9121707],[139.0548643,35.9121673],[139.0548622,35.912164],[139.0548597,35.9121609],[139.0548569,35.9121578],[139.054854,35.9121549],[139.0548508,35.9121521],[139.0548473,35.9121495],[139.054844,35.9121469],[139.0548421,35.9121456],[139.0548342,35.9121402],[139.0548265,35.9121344],[139.0548197,35.9121283],[139.0548142,35.9121232],[139.0548081,35.9121166],[139.0548022,35.9121097],[139.0547967,35.9121024],[139.0547918,35.912095],[139.0547874,35.9120874],[139.0547857,35.912084],[139.0547839,35.9120811],[139.0547817,35.9120783],[139.0547793,35.9120755],[139.0547765,35.9120728],[139.0547738,35.9120703],[139.054771,35.9120678],[139.054768,35.9120656],[139.0547647,35.9120635],[139.0547644,35.9120633],[139.0547614,35.9120615],[139.0547577,35.9120596],[139.0547543,35.9120579],[139.0547521,35.912057],[139.0547483,35.9120556],[139.0547446,35.9120544],[139.0547442,35.9120543],[139.0547404,35.9120532],[139.0547366,35.9120524],[139.0547363,35.9120524],[139.0547324,35.9120516],[139.0547283,35.9120511],[139.0547243,35.9120507],[139.054724,35.9120507],[139.05472,35.9120506],[139.054716,35.9120505],[139.0547156,35.9120505],[139.0547117,35.9120507],[139.0547076,35.9120511],[139.0547035,35.9120516],[139.0546993,35.9120524],[139.0546979,35.9120527],[139.0546976,35.9120528],[139.0546104,35.9120672],[139.05461,35.9120672],[139.0545551,35.9120759],[139.0545034,35.9120907],[139.0544847,35.9120967],[139.0544347,35.9121146],[139.0544106,35.9121241],[139.0544029,35.9121265],[139.0543947,35.9121285],[139.0543944,35.9121286],[139.0543863,35.9121303],[139.054378,35.9121317],[139.0543695,35.9121326],[139.0543651,35.912133],[139.0543647,35.9121331],[139.0543566,35.9121334],[139.0543562,35.9121335],[139.0543479,35.9121335],[139.0543394,35.9121332],[139.0543387,35.9121331],[139.0543384,35.9121331],[139.0543341,35.9121328],[139.0543296,35.9121322],[139.0543252,35.9121315],[139.0543209,35.9121305],[139.0543166,35.9121294],[139.0543124,35.9121281],[139.0543084,35.9121267],[139.0543081,35.9121265],[139.0543042,35.9121249],[139.0543011,35.9121234],[139.0542973,35.9121213],[139.0542937,35.9121192],[139.05429,35.9121169],[139.0542869,35.9121144],[139.0542837,35.9121118],[139.0542807,35.912109],[139.0542779,35.9121062],[139.0542754,35.9121032],[139.0542728,35.9121],[139.0542724,35.9120992],[139.054269,35.9120953],[139.0542644,35.9120893],[139.0542604,35.9120832],[139.0542568,35.9120767],[139.0542537,35.9120702],[139.0542517,35.9120658],[139.0542496,35.912059],[139.0542478,35.9120521],[139.0542466,35.9120452],[139.0542462,35.9120382],[139.0542461,35.9120312],[139.0542465,35.9120242],[139.0542463,35.9120218],[139.0542465,35.9120183],[139.0542466,35.9120148],[139.0542469,35.9120112],[139.054247,35.9120076],[139.0542476,35.9120042],[139.0542482,35.9120007],[139.0542489,35.9119972],[139.0542496,35.9119937],[139.0542505,35.9119903],[139.0542513,35.9119868],[139.0542526,35.9119834],[139.0542536,35.91198],[139.0542551,35.9119767],[139.0542563,35.9119734],[139.0542578,35.91197],[139.0542593,35.9119674],[139.054261,35.9119642],[139.0542628,35.911961],[139.0542644,35.9119578],[139.0542666,35.9119547],[139.0542685,35.9119515],[139.0542709,35.9119485],[139.0542731,35.9119455],[139.0542755,35.9119426],[139.0542779,35.9119396],[139.0542803,35.9119367],[139.0542829,35.911934],[139.0542858,35.9119312],[139.0542886,35.9119285],[139.0542913,35.9119259],[139.0542942,35.9119233],[139.0542975,35.9119208],[139.0543107,35.9119084],[139.0543394,35.9118812],[139.054367,35.9118532],[139.05439,35.9118288],[139.0544161,35.9117999],[139.0544415,35.9117704],[139.0544457,35.9117655],[139.0544626,35.9117459],[139.0544791,35.9117259],[139.0544948,35.9117056],[139.0545004,35.9116978],[139.0545153,35.9116771],[139.0545297,35.9116561],[139.054543,35.9116347],[139.0545465,35.9116302],[139.054555,35.9116185],[139.0545629,35.9116065],[139.0545705,35.9115944],[139.0545779,35.9115822],[139.05458,35.9115785],[139.0545867,35.9115661],[139.0545932,35.9115536],[139.054599,35.9115409],[139.0546048,35.9115281],[139.0546101,35.9115152],[139.0546114,35.9115115],[139.0546242,35.9114751],[139.0546281,35.9114631],[139.0546393,35.9114263],[139.0546394,35.911426],[139.0546446,35.9114117],[139.0546492,35.9113975],[139.0546535,35.9113831],[139.0546562,35.9113738],[139.0546598,35.9113593],[139.0546629,35.9113447],[139.0546656,35.91133],[139.0546678,35.9113153],[139.054668,35.9113111],[139.0546683,35.9112969],[139.0546683,35.9112828],[139.0546677,35.9112688],[139.0546669,35.9112547],[139.0546656,35.9112427],[139.0546639,35.9112287],[139.0546618,35.9112147],[139.0546592,35.9112008],[139.0546561,35.911187],[139.0546527,35.9111731],[139.0546474,35.9111555],[139.0546385,35.9111297],[139.0546324,35.9111124],[139.0546223,35.9110869],[139.0546117,35.9110617],[139.0546081,35.9110555],[139.0546046,35.9110485],[139.0546016,35.9110414],[139.0545994,35.9110342],[139.0545976,35.9110279],[139.0545965,35.9110205],[139.0545955,35.9110131],[139.0545954,35.9110056],[139.0545961,35.9109981],[139.054597,35.9109906],[139.0545981,35.9109875],[139.0546005,35.9109812],[139.0546037,35.9109752],[139.0546072,35.9109692],[139.054611,35.9109635],[139.0546156,35.910958],[139.0546194,35.9109537],[139.0546243,35.9109487],[139.0546302,35.9109437],[139.0546536,35.9109241],[139.0546748,35.9109102],[139.0546885,35.9109045],[139.0547024,35.9109001],[139.0547049,35.9108999],[139.0547067,35.9108997],[139.054711,35.9108998],[139.0547153,35.9109],[139.0547195,35.9109006],[139.0547237,35.9109014],[139.0547278,35.9109025],[139.0547316,35.9109037],[139.054732,35.9109039],[139.0547358,35.9109054],[139.0547395,35.9109072],[139.0547425,35.910909],[139.0547436,35.9109096],[139.0547463,35.9109116],[139.0547494,35.9109141],[139.0547522,35.9109167],[139.0547547,35.9109196],[139.054757,35.9109226],[139.054759,35.9109257],[139.0547606,35.9109289],[139.0547619,35.9109323],[139.0547629,35.9109357],[139.0547636,35.9109391],[139.0547639,35.9109427],[139.0547639,35.9109462],[139.0547635,35.9109497],[139.0547629,35.9109531],[139.0547611,35.910959],[139.0547588,35.9109625],[139.0547539,35.9109707],[139.0547498,35.910979],[139.0547477,35.9109841],[139.0547451,35.9109927],[139.0547436,35.9110002],[139.0547436,35.9110046],[139.0547438,35.9110107],[139.0547444,35.9110168],[139.0547454,35.9110229],[139.0547465,35.911029],[139.0547481,35.9110351],[139.0547486,35.9110364],[139.0547505,35.9110424],[139.0547528,35.9110483],[139.0547553,35.9110541],[139.0547581,35.9110598],[139.0547613,35.9110654],[139.0547646,35.9110708],[139.0547683,35.9110762],[139.054774,35.9110837],[139.0547895,35.9111137],[139.0548074,35.9111524],[139.0548233,35.9111917],[139.0548337,35.9112212],[139.0548462,35.9112619],[139.0548542,35.9113027],[139.0548634,35.9113504],[139.0548649,35.9113592],[139.0548665,35.9113697],[139.0548674,35.9113803],[139.0548677,35.9113909],[139.0548676,35.9114016],[139.0548669,35.911412],[139.0548663,35.9114185],[139.0548647,35.911429],[139.0548625,35.9114394],[139.0548599,35.9114498],[139.0548567,35.9114601],[139.054853,35.9114703],[139.0548488,35.9114804],[139.0548438,35.9114906],[139.0547801,35.9116016],[139.0547426,35.9116813],[139.0547397,35.9116862],[139.0547376,35.9116904],[139.0547359,35.9116947],[139.0547348,35.9116991],[139.0547339,35.9117036],[139.0547336,35.9117081],[139.0547337,35.9117128],[139.0547343,35.9117174],[139.0547352,35.9117218],[139.0547366,35.9117263],[139.0547385,35.9117305],[139.0547406,35.9117346],[139.0547442,35.91174],[139.0547452,35.9117418],[139.0547476,35.9117454],[139.0547503,35.9117486],[139.0547531,35.9117516],[139.0547562,35.9117544],[139.0547596,35.9117571],[139.054763,35.9117594],[139.0547669,35.9117615],[139.0547709,35.9117635],[139.0547753,35.911765],[139.0547793,35.9117663],[139.0547797,35.9117664],[139.0547839,35.9117675],[139.0547898,35.9117684],[139.0548443,35.9117653],[139.0549212,35.9117606],[139.0549215,35.9117606],[139.0550423,35.9117549],[139.0550427,35.9117549],[139.0550965,35.9117549],[139.0550998,35.9117549],[139.055168,35.911757],[139.0551684,35.911757],[139.0551708,35.911757],[139.0551712,35.911757],[139.055177,35.9117572],[139.0551774,35.9117573],[139.0551833,35.9117577],[139.0551837,35.9117577],[139.0551896,35.9117583],[139.05519,35.9117583],[139.055196,35.9117592],[139.0552022,35.9117603],[139.0552084,35.9117616],[139.0552145,35.9117631],[139.0552206,35.9117647],[139.0552264,35.9117667],[139.0552317,35.9117686],[139.0552321,35.9117688],[139.0552329,35.9117691],[139.0552383,35.9117713],[139.055244,35.9117737],[139.0552493,35.9117765],[139.0552547,35.9117793],[139.0552599,35.9117824],[139.0552648,35.9117856],[139.0552696,35.911789],[139.0552742,35.9117926],[139.0552787,35.9117963],[139.0552829,35.9118001],[139.0552869,35.9118041],[139.0552897,35.9118071],[139.0553377,35.9118619],[139.0553689,35.9118895],[139.0553736,35.9118934],[139.0553788,35.9118981],[139.0553837,35.9119031],[139.0553883,35.9119082],[139.0553924,35.9119137],[139.0553963,35.9119192],[139.0553998,35.911925],[139.0554027,35.9119307],[139.0554038,35.9119329],[139.0554063,35.9119388],[139.0554084,35.911945],[139.0554101,35.9119512],[139.0554114,35.9119575],[139.0554122,35.9119638],[139.0554127,35.9119702],[139.0554128,35.9119764],[139.0554127,35.9119773],[139.0554092,35.912023],[139.0554025,35.9120709],[139.0553937,35.9121176],[139.0553847,35.9121523],[139.0553839,35.9121564],[139.0553825,35.9121653],[139.0553819,35.9121741],[139.0553819,35.9121829],[139.0553824,35.9121917],[139.0553826,35.9121945],[139.055384,35.9122032],[139.0553859,35.9122119],[139.0553881,35.9122199],[139.0553901,35.9122239],[139.0553923,35.9122278],[139.0553947,35.9122316],[139.0553974,35.9122352],[139.0554004,35.9122387],[139.0554026,35.9122414],[139.055406,35.9122446],[139.0554096,35.9122477],[139.0554133,35.9122507],[139.0554171,35.9122535],[139.0554215,35.9122561],[139.0554237,35.9122575],[139.0554456,35.9122678],[139.0555037,35.9122924],[139.0555434,35.9123091],[139.055584,35.9123238],[139.055596,35.9123279],[139.0556376,35.9123402],[139.0556379,35.9123403],[139.055658,35.9123456],[139.0556583,35.9123457],[139.0557335,35.9123657],[139.0557803,35.91238],[139.0557806,35.9123801],[139.0558538,35.9124055],[139.0558612,35.9124084],[139.0559526,35.9124381],[139.0559646,35.9124425],[139.0560544,35.912477],[139.0560941,35.9124939],[139.0560944,35.912494],[139.0560995,35.9124958],[139.0560998,35.912496],[139.0561064,35.9124988],[139.0561129,35.9125022],[139.056119,35.9125059],[139.0561232,35.9125089],[139.0561286,35.9125131],[139.0561335,35.9125179],[139.0561381,35.9125229],[139.056142,35.912528],[139.0561434,35.9125301],[139.0561472,35.9125364],[139.0561503,35.9125432],[139.0561529,35.9125502],[139.0561547,35.9125571],[139.0561556,35.9125614],[139.0561564,35.9125686],[139.0561565,35.9125758],[139.0561559,35.9125831],[139.0561546,35.9125903],[139.0561527,35.9125974],[139.0561505,35.9126029],[139.0561455,35.912635],[139.0561427,35.9126471],[139.0561328,35.912681],[139.0561291,35.9126912],[139.0561004,35.9127366],[139.056086,35.9127564],[139.0560547,35.9127947],[139.0559914,35.9128671],[139.0559083,35.912976],[139.0558956,35.9129904],[139.0558851,35.9130042],[139.0558776,35.9130159],[139.0558697,35.9130309],[139.055864,35.913044],[139.0558596,35.9130552],[139.0558536,35.9130672],[139.0558464,35.9130787],[139.0558382,35.9130896],[139.055829,35.9131001],[139.055819,35.9131097],[139.0558079,35.9131188],[139.0557959,35.9131272],[139.055783,35.9131348],[139.0557701,35.9131414],[139.0557692,35.9131418],[139.0557057,35.9131758],[139.0556537,35.9132059],[139.055634,35.9132252],[139.0556226,35.913238],[139.0556047,35.913261],[139.0555993,35.9132687],[139.0555948,35.9132799],[139.0555911,35.9132925],[139.0555889,35.9133032],[139.0555875,35.9133161],[139.0555872,35.9133291],[139.0555883,35.9133422],[139.0555888,35.9133461],[139.0555908,35.9133569],[139.0555937,35.9133671],[139.0555976,35.913377],[139.0556026,35.913387],[139.0556032,35.9133881],[139.0556093,35.9133976],[139.0556162,35.9134066],[139.055621,35.9134122],[139.0556285,35.9134216],[139.0556353,35.9134318],[139.0556412,35.9134425],[139.055646,35.9134534],[139.0556496,35.9134646],[139.0556522,35.9134757],[139.0556537,35.9134873],[139.055654,35.9134988],[139.0556534,35.9135104],[139.0556519,35.9135197],[139.0556464,35.9135869],[139.0556388,35.9136427],[139.0556238,35.9136822],[139.0556134,35.9137046],[139.0555932,35.9137409],[139.0555889,35.9137477],[139.0555761,35.9137623],[139.0555663,35.9137756],[139.0555577,35.9137897],[139.0555505,35.9138043],[139.0555448,35.9138194],[139.0555434,35.9138238],[139.0555418,35.9138296],[139.0555408,35.9138351],[139.0555405,35.9138407],[139.0555405,35.9138463],[139.0555412,35.9138521],[139.0555415,35.9138537],[139.0555431,35.9138594],[139.055545,35.9138647],[139.0555474,35.91387],[139.0555503,35.9138751],[139.0555546,35.9138811],[139.0555748,35.9139205],[139.0555925,35.9139624],[139.0556014,35.9139906],[139.055603,35.9139954],[139.0556049,35.9140002],[139.0556072,35.9140049],[139.0556099,35.9140095],[139.0556129,35.9140139],[139.0556163,35.9140181],[139.0556199,35.9140222],[139.0556238,35.9140261],[139.0556258,35.9140279],[139.0556302,35.9140314],[139.0556345,35.9140346],[139.0556348,35.9140348],[139.0556395,35.9140378],[139.0556447,35.9140407],[139.0556503,35.9140432],[139.0556554,35.9140455],[139.0556557,35.9140456],[139.0556594,35.9140469],[139.0556871,35.9140518],[139.0557225,35.9140558],[139.0557228,35.9140558],[139.0557343,35.9140564],[139.0557382,35.9140566],[139.0557624,35.9140578],[139.0557706,35.9140579],[139.0557734,35.9140579],[139.0558596,35.914068],[139.0558929,35.9140714],[139.0559019,35.9140723],[139.0559254,35.9140747],[139.0559258,35.9140747],[139.0559466,35.9140771],[139.0559945,35.9140825],[139.0559948,35.9140826],[139.0560216,35.9140846],[139.0560359,35.9140856],[139.0560363,35.9140856],[139.0560514,35.9140877],[139.0560665,35.9140908],[139.0560811,35.9140947],[139.0560952,35.9140996],[139.0560955,35.9140997],[139.0561094,35.9141054],[139.0561225,35.9141121],[139.0561338,35.9141189],[139.0561782,35.9141458],[139.0561893,35.9141517],[139.0562364,35.9141746],[139.0562389,35.9141758],[139.0562392,35.9141759],[139.0562584,35.9141879],[139.0562754,35.9142005],[139.056291,35.914214],[139.0562932,35.9142161],[139.0563073,35.9142307],[139.0563199,35.9142462],[139.056327,35.9142563],[139.0563518,35.9142975],[139.0563613,35.9143158],[139.0563782,35.9143539],[139.0563889,35.914377],[139.0563978,35.9144017],[139.056404,35.9144265],[139.0564047,35.9144297],[139.0564083,35.9144548],[139.0564096,35.9144802],[139.0564094,35.9144891],[139.0564093,35.914524],[139.0564067,35.9145731],[139.0564039,35.9146047],[139.0564015,35.9146328],[139.0564013,35.9146431],[139.0564019,35.9146529],[139.0564037,35.9146627],[139.0564064,35.9146726],[139.0564091,35.9146802],[139.0564134,35.9146895],[139.0564187,35.9146985],[139.0564247,35.9147071],[139.0564309,35.9147145],[139.0564427,35.9147229],[139.0564565,35.9147316],[139.0564717,35.9147394],[139.0564734,35.9147402],[139.0564891,35.9147468],[139.0564894,35.9147469],[139.0565057,35.9147525],[139.0565129,35.9147546],[139.0565323,35.9147589],[139.0565326,35.914759],[139.0565533,35.9147651],[139.0565734,35.9147726],[139.0565924,35.9147811],[139.0565936,35.9147816],[139.0566117,35.9147913],[139.056629,35.9148025],[139.0566453,35.9148145],[139.0566567,35.9148243],[139.0566932,35.9148637],[139.0567028,35.9148753],[139.0567319,35.9149141],[139.056739,35.9149229],[139.056746,35.9149331],[139.056752,35.9149438],[139.0567569,35.9149548],[139.0567606,35.9149661],[139.0567634,35.9149775],[139.0567649,35.9149873],[139.0567655,35.9149988],[139.0567651,35.9150105],[139.0567634,35.9150222],[139.0567607,35.9150337],[139.056757,35.9150449],[139.056753,35.9150538],[139.0567209,35.9151217],[139.0567113,35.9151393],[139.0566709,35.9152043],[139.0566659,35.9152115],[139.0566171,35.9152912],[139.0565323,35.9154319],[139.0565256,35.9154431],[139.0565204,35.9154537],[139.0565163,35.9154648],[139.0565132,35.9154763],[139.0565121,35.9154821],[139.0565106,35.9154938],[139.0565104,35.9155053],[139.0565113,35.915517],[139.0565124,35.9155244],[139.0565171,35.9155409],[139.0565234,35.9155573],[139.0565295,35.9155699],[139.0565386,35.9155855],[139.0565492,35.9156005],[139.0565554,35.915608],[139.0565688,35.9156209],[139.0565821,35.9156361],[139.0565937,35.915652],[139.0565962,35.9156557],[139.056606,35.9156722],[139.0566143,35.9156898],[139.0566208,35.9157074],[139.0566213,35.915709],[139.0566288,35.9157273],[139.0566348,35.9157475],[139.0566389,35.9157677],[139.0566395,35.9157725],[139.0566412,35.9157929],[139.0566409,35.9158134],[139.0566406,35.9158181],[139.0566335,35.9158669],[139.056631,35.9158793],[139.0566182,35.9159271],[139.0566155,35.9159352],[139.0566051,35.9159624],[139.0565975,35.9159891],[139.0565941,35.9160066],[139.0565909,35.9160339],[139.0565903,35.9160615],[139.0565904,35.9160659],[139.0565924,35.916127],[139.0565952,35.9161793],[139.0566031,35.9162427],[139.0566065,35.9162641],[139.0566075,35.9162724],[139.0566086,35.9162799],[139.0566103,35.9162873],[139.0566124,35.9162947],[139.0566147,35.916302],[139.0566174,35.9163094],[139.0566207,35.9163166],[139.0566222,35.9163198],[139.0566259,35.9163268],[139.0566299,35.9163337],[139.0566343,35.9163404],[139.056639,35.9163469],[139.0566443,35.9163534],[139.0566446,35.9163539],[139.0566566,35.9163693],[139.056668,35.9163852],[139.0566786,35.9164015],[139.0566852,35.9164129],[139.0566944,35.9164297],[139.0567025,35.9164468],[139.0567042,35.9164507],[139.0567071,35.9164597],[139.0567095,35.9164684],[139.0567114,35.9164772],[139.0567128,35.9164859],[139.0567138,35.9164948],[139.0567143,35.9165035],[139.0567143,35.9165069],[139.0567143,35.9165157],[139.0567137,35.9165245],[139.0567127,35.9165333],[139.0567112,35.9165421],[139.0567094,35.9165503],[139.0566999,35.9166071],[139.0566932,35.916644],[139.0566906575412,35.916666666666664],[139.05680769488853,35.916666666666664],[139.0568216,35.9166335],[139.0568257,35.9166206],[139.0568296,35.9166074],[139.0568323,35.9165939],[139.0568345,35.9165814],[139.0568364,35.9165678],[139.0568372,35.9165542],[139.0568377,35.9165405],[139.0568374,35.9165314],[139.0568377,35.9165096],[139.0568369,35.9164885],[139.056835,35.9164673],[139.0568344,35.9164624],[139.0568312,35.9164413],[139.0568267,35.9164203],[139.0568256,35.9164148],[139.0568082,35.9163474],[139.0567933,35.9162905],[139.0567691,35.9162025],[139.056765,35.9161808],[139.0567618,35.9161593],[139.0567599,35.9161378],[139.0567593,35.9161231],[139.0567592,35.9161015],[139.0567603,35.9160799],[139.0567624,35.9160587],[139.0567651,35.9160429],[139.0567691,35.9160275],[139.0567736,35.9160125],[139.0567755,35.9160061],[139.0567812,35.9159913],[139.0567877,35.9159764],[139.0567945,35.915962],[139.0567995,35.9159527],[139.0568167,35.9159171],[139.0568266,35.9158937],[139.0568407,35.915857],[139.056848,35.9158352],[139.0568516,35.9158234],[139.0568544,35.9158118],[139.0568568,35.9158],[139.0568584,35.9157881],[139.0568593,35.9157762],[139.05686,35.9157643],[139.0568598,35.9157523],[139.0568588,35.9157404],[139.0568574,35.9157283],[139.0568574,35.9157264],[139.0568565,35.9157178],[139.0568555,35.9157101],[139.0568543,35.9157025],[139.0568526,35.9156949],[139.0568504,35.9156874],[139.0568478,35.9156798],[139.0568468,35.915677],[139.0568436,35.9156696],[139.0568402,35.9156624],[139.0568362,35.9156553],[139.0568322,35.9156485],[139.0568275,35.9156417],[139.0568231,35.9156354],[139.0568057,35.9156104],[139.0567911,35.9155876],[139.0567761,35.9155614],[139.0567682,35.9155459],[139.0567655,35.9155404],[139.0567632,35.9155347],[139.0567612,35.915529],[139.0567593,35.9155233],[139.0567579,35.9155175],[139.0567567,35.9155116],[139.0567559,35.9155057],[139.0567554,35.9154998],[139.0567554,35.9154938],[139.0567554,35.9154878],[139.0567558,35.915482],[139.0567565,35.915476],[139.0567571,35.9154714],[139.0567584,35.9154656],[139.0567599,35.9154598],[139.0567619,35.9154541],[139.056764,35.9154484],[139.0567665,35.9154428],[139.0567692,35.9154372],[139.0567722,35.9154319],[139.0567753,35.9154265],[139.056779,35.9154213],[139.0567826,35.9154162],[139.0567868,35.9154113],[139.0567907,35.9154069],[139.056851,35.9153588],[139.0569109,35.9153089],[139.0569512,35.915273],[139.0569825,35.9152431],[139.0570196,35.9152049],[139.0570546,35.9151653],[139.0570572,35.9151622],[139.0570722,35.9151471],[139.0570853,35.9151324],[139.0570981,35.9151173],[139.057108,35.9151043],[139.0571191,35.9150884],[139.0571293,35.9150722],[139.0571358,35.9150606],[139.0571422,35.9150465],[139.057148,35.9150319],[139.057153,35.9150169],[139.0571574,35.9150018],[139.0571589,35.914996],[139.057162,35.9149806],[139.0571643,35.9149652],[139.0571655,35.9149558],[139.0571662,35.914944],[139.0571662,35.9149321],[139.0571655,35.9149202],[139.0571643,35.9149084],[139.0571625,35.9148966],[139.0571602,35.9148849],[139.0571572,35.9148732],[139.0571556,35.9148676],[139.0571516,35.914856],[139.0571472,35.9148447],[139.0571421,35.9148336],[139.0571364,35.9148225],[139.0571344,35.9148188],[139.0571247,35.9148025],[139.0571142,35.9147867],[139.0571027,35.9147712],[139.0570955,35.9147622],[139.057083,35.9147473],[139.0570697,35.9147329],[139.0570583,35.9147215],[139.0570427,35.9147065],[139.0570268,35.9146923],[139.0570103,35.9146788],[139.0569926,35.9146657],[139.0569744,35.9146531],[139.0569719,35.9146516],[139.0569447,35.9146378],[139.056916,35.9146245],[139.0569156,35.9146245],[139.0569153,35.9146243],[139.0568859,35.9146121],[139.0568557,35.9146008],[139.0568409,35.9145957],[139.056821,35.9145912],[139.0568142,35.9145894],[139.0568076,35.9145874],[139.0568073,35.9145873],[139.0568009,35.914585],[139.0567984,35.9145841],[139.0567921,35.9145813],[139.0567859,35.9145783],[139.0567803,35.914575],[139.0567744,35.9145715],[139.0567692,35.9145677],[139.0567676,35.9145666],[139.0567649,35.9145631],[139.0567626,35.9145595],[139.0567603,35.9145557],[139.0567584,35.9145519],[139.0567566,35.9145479],[139.0567552,35.914544],[139.056754,35.9145399],[139.0567532,35.914536],[139.0567526,35.9145319],[139.0567522,35.9145277],[139.0567521,35.9145236],[139.0567524,35.9145194],[139.0567528,35.9145153],[139.0567536,35.9145111],[139.0567546,35.9145071],[139.0567557,35.914503],[139.056761,35.914485],[139.0567708,35.9144414],[139.0567728,35.9144345],[139.056787,35.9143893],[139.0567951,35.9143625],[139.0568052,35.9143144],[139.056815,35.9142678],[139.056815,35.9142594],[139.0568145,35.9142511],[139.0568136,35.9142427],[139.0568121,35.9142344],[139.0568105,35.9142261],[139.0568081,35.9142179],[139.0568056,35.9142097],[139.0568044,35.9142062],[139.0568013,35.9141982],[139.0567974,35.9141903],[139.0567937,35.9141826],[139.0567891,35.914175],[139.0567844,35.9141675],[139.0567793,35.9141603],[139.056775,35.9141547],[139.0567154,35.9140941],[139.0566574,35.9140323],[139.0566322,35.9140061],[139.0566086,35.913979],[139.0565863,35.9139512],[139.0565833,35.9139474],[139.0565626,35.9139187],[139.0565437,35.9138894],[139.0565388,35.9138814],[139.0564812,35.9137944],[139.0564721,35.9137797],[139.0564198,35.9136904],[139.056403,35.9136599],[139.0563992,35.9136526],[139.0563956,35.9136452],[139.0563922,35.9136377],[139.0563894,35.91363],[139.0563872,35.9136222],[139.056385,35.9136145],[139.0563836,35.9136066],[139.0563824,35.9135987],[139.0563816,35.9135907],[139.0563814,35.9135881],[139.0563812,35.9135801],[139.0563814,35.9135722],[139.0563818,35.9135642],[139.056383,35.9135562],[139.0563841,35.9135484],[139.0563861,35.9135407],[139.0564121,35.9134605],[139.0564313,35.9133992],[139.0564374,35.913385],[139.056445,35.9133712],[139.0564532,35.9133578],[139.0564623,35.9133448],[139.0564722,35.9133321],[139.0564831,35.9133199],[139.0564908,35.9133118],[139.0565031,35.9133005],[139.0565159,35.9132897],[139.0565296,35.9132796],[139.0565439,35.91327],[139.0565493,35.9132666],[139.0566623,35.9131919],[139.0566873,35.9131755],[139.0567289,35.9131374],[139.0567441,35.9131223],[139.0567816,35.9130817],[139.0567914,35.9130705],[139.0568507,35.9130043],[139.0569052,35.9129493],[139.056924,35.9129289],[139.0569414,35.9129077],[139.0569559,35.9128878],[139.0569703,35.9128652],[139.0569835,35.912842],[139.0569885,35.9128316],[139.0570235,35.9127541],[139.0570269,35.9127456],[139.0570542,35.9126712],[139.0570772,35.9126139],[139.0570877,35.9125909],[139.0571162,35.9125352],[139.0571284,35.9125137],[139.0571757,35.9124251],[139.0572092,35.9123562],[139.0572177,35.9123409],[139.0572254,35.9123254],[139.0572319,35.9123094],[139.0572376,35.9122932],[139.0572385,35.91229],[139.0572427,35.9122736],[139.0572456,35.9122569],[139.0572477,35.9122402],[139.0572485,35.9122253],[139.0572484,35.9122176],[139.0572477,35.91221],[139.0572466,35.9122025],[139.0572447,35.912195],[139.0572427,35.9121876],[139.05724,35.9121802],[139.0572369,35.9121731],[139.0572351,35.9121699],[139.0572314,35.9121629],[139.0572271,35.9121561],[139.0572224,35.9121496],[139.057217,35.9121432],[139.0572115,35.9121372],[139.0572065,35.9121322],[139.0572062,35.9121321],[139.0571961,35.9121277],[139.0571855,35.9121238],[139.0571749,35.9121202],[139.0571639,35.9121172],[139.0571528,35.9121146],[139.0571417,35.9121127],[139.0571413,35.9121126],[139.0571402,35.9121125],[139.0571288,35.9121109],[139.0571173,35.91211],[139.0571058,35.9121095],[139.0570943,35.9121095],[139.0570861,35.91211],[139.0570757,35.9121121],[139.0570753,35.9121121],[139.0570649,35.9121137],[139.0570646,35.9121138],[139.057054,35.9121149],[139.0570537,35.912115],[139.0570429,35.9121157],[139.0570322,35.9121159],[139.0570318,35.9121159],[139.0570311,35.9121159],[139.0570201,35.9121156],[139.0570094,35.9121149],[139.057009,35.9121148],[139.0569984,35.9121136],[139.0569878,35.9121119],[139.0569875,35.9121118],[139.0569865,35.9121116],[139.0569861,35.9121115],[139.0569749,35.9121083],[139.0569746,35.9121082],[139.0569635,35.9121041],[139.0569528,35.9120994],[139.0569525,35.9120992],[139.0569426,35.9120938],[139.0569326,35.9120877],[139.0569263,35.912083],[139.0569175,35.9120759],[139.0569097,35.9120682],[139.0569026,35.9120601],[139.056896,35.9120515],[139.0568946,35.9120491],[139.0568897,35.91202],[139.0568879,35.912002],[139.0568875,35.9119726],[139.056889,35.9119525],[139.0568855,35.9119257],[139.0568798,35.9118992],[139.0568786,35.9118954],[139.0568696,35.9118695],[139.0568654,35.911859],[139.0568593,35.9118519],[139.0568525,35.9118451],[139.0568456,35.9118385],[139.0568379,35.9118323],[139.0568299,35.9118264],[139.0568218,35.9118209],[139.056813,35.9118158],[139.056805,35.9118116],[139.0567957,35.9118072],[139.0567864,35.9118032],[139.0567765,35.9117997],[139.0567664,35.9117966],[139.0567562,35.911794],[139.0567458,35.9117917],[139.0567443,35.9117915],[139.0567375,35.9117902],[139.0567309,35.9117886],[139.0567246,35.9117868],[139.0567243,35.9117867],[139.0567181,35.9117845],[139.0567121,35.9117821],[139.05671,35.9117813],[139.0567043,35.9117785],[139.0566984,35.9117754],[139.0566926,35.9117721],[139.0566875,35.9117686],[139.0566825,35.911765],[139.0566774,35.9117613],[139.0566722,35.9117573],[139.0566676,35.9117531],[139.0566631,35.9117488],[139.0566589,35.9117441],[139.0566549,35.9117394],[139.0566515,35.9117345],[139.0566483,35.9117295],[139.0566461,35.9117256],[139.0566436,35.9117202],[139.0566413,35.9117148],[139.0566395,35.9117094],[139.0566377,35.9117038],[139.0566368,35.9116981],[139.0566361,35.9116925],[139.0566357,35.9116868],[139.0566355,35.9116811],[139.0566359,35.9116754],[139.0566368,35.9116697],[139.0566373,35.9116672],[139.0566419,35.911659],[139.0566471,35.911651],[139.0566526,35.9116433],[139.056659,35.9116358],[139.0566654,35.9116286],[139.0566709,35.9116235],[139.0566783,35.9116169],[139.0566863,35.9116106],[139.0566945,35.9116047],[139.0567033,35.911599],[139.056706,35.9115975],[139.0567323,35.9115744],[139.0567458,35.9115632],[139.0567742,35.9115419],[139.056784,35.9115353],[139.0568158,35.9115095],[139.056835,35.9114925],[139.0568636,35.9114647],[139.0568779,35.9114498],[139.0568903,35.9114378],[139.0569019,35.9114252],[139.0569127,35.9114121],[139.0569226,35.9113987],[139.0569243,35.9113961],[139.0569329,35.9113821],[139.0569407,35.9113677],[139.0569477,35.9113529],[139.0569511,35.9113446],[139.0569559,35.9113347],[139.05696,35.9113246],[139.0569634,35.9113145],[139.0569659,35.911304],[139.0569681,35.9112936],[139.0569689,35.9112886],[139.0569696,35.9112779],[139.05697,35.9112674],[139.0569696,35.9112568],[139.0569683,35.9112462],[139.0569674,35.9112404],[139.056965,35.9112285],[139.0569615,35.9112168],[139.0569574,35.9112052],[139.0569528,35.9111938],[139.0569478,35.911184],[139.0569416,35.9111732],[139.0569347,35.9111625],[139.0569271,35.9111522],[139.0569236,35.9111479],[139.0568739,35.9111085],[139.0568735,35.9111084],[139.056822,35.9110717],[139.0568133,35.9110665],[139.0568051,35.9110609],[139.0567971,35.9110549],[139.0567894,35.9110486],[139.0567822,35.911042],[139.0567755,35.911035],[139.0567704,35.911029],[139.0567646,35.9110216],[139.0567595,35.9110139],[139.0567545,35.9110059],[139.0567503,35.9109978],[139.0567466,35.9109895],[139.0567435,35.910981],[139.0567422,35.9109769],[139.0567356,35.9109384],[139.0567317,35.910902],[139.0567304,35.9108631],[139.0567307,35.9108367],[139.0567311,35.9108071],[139.0567334,35.9107783],[139.0567375,35.9107489],[139.0567404,35.9107355],[139.0567432,35.9107298],[139.0567464,35.9107243],[139.0567498,35.9107189],[139.0567539,35.9107137],[139.0567582,35.9107087],[139.0567628,35.9107039],[139.0567675,35.9106994],[139.0567728,35.910695],[139.0567783,35.9106909],[139.0567841,35.910687],[139.0567899,35.9106833],[139.0567962,35.9106799],[139.0568027,35.9106768],[139.0568095,35.9106741],[139.0568111,35.9106734],[139.0569205,35.9106547],[139.0569137,35.9106901],[139.0569131,35.9106933],[139.0569123,35.9106997],[139.0569071,35.910715],[139.0568953,35.9107314],[139.056893,35.910735],[139.0568896,35.9107392],[139.0568875,35.9107415],[139.0568797,35.9107528],[139.0568737,35.9107643],[139.0568706,35.9107729],[139.0568678,35.9107852],[139.0568671,35.9107988],[139.0568666,35.9108113],[139.0568666,35.9108421],[139.0568681,35.910871],[139.0568713,35.9109032],[139.0568713,35.9109046],[139.0568715,35.9109095],[139.0568718,35.9109142],[139.0568724,35.9109188],[139.0568733,35.9109235],[139.0568743,35.9109281],[139.0568756,35.9109326],[139.0568772,35.9109372],[139.056879,35.9109417],[139.056881,35.9109461],[139.0568822,35.9109485],[139.0568846,35.9109528],[139.0568871,35.9109571],[139.0568899,35.9109611],[139.0568929,35.9109651],[139.0568961,35.910969],[139.0568995,35.9109728],[139.0569031,35.9109764],[139.0569069,35.91098],[139.0569086,35.9109814],[139.0569565,35.9110053],[139.0570058,35.911028],[139.057016,35.9110323],[139.0570402,35.9110429],[139.0570635,35.9110544],[139.0570779,35.9110619],[139.0571003,35.9110746],[139.0571223,35.9110881],[139.0571461,35.9111043],[139.0571497,35.9111084],[139.0571583,35.9111192],[139.0571665,35.9111306],[139.0571741,35.9111422],[139.0571812,35.9111541],[139.0571869,35.9111648],[139.0571927,35.9111771],[139.0571981,35.9111895],[139.0572026,35.9112022],[139.0572065,35.911215],[139.0572099,35.9112279],[139.0572125,35.9112412],[139.0572132,35.9112466],[139.0572146,35.911262],[139.0572152,35.9112777],[139.0572151,35.9112933],[139.0572141,35.9113087],[139.0572138,35.9113112],[139.057212,35.9113265],[139.0572093,35.911342],[139.0572058,35.9113574],[139.0572016,35.9113726],[139.0571962,35.9113885],[139.0571548,35.9114733],[139.0571224,35.9115366],[139.057116,35.9115484],[139.0570959,35.9115814],[139.057093,35.9115859],[139.0570849,35.9115972],[139.0570836,35.9115999],[139.0570815,35.9116046],[139.0570797,35.9116095],[139.0570782,35.9116145],[139.0570772,35.9116195],[139.0570764,35.9116245],[139.057076,35.9116298],[139.0570759,35.9116351],[139.0570762,35.9116401],[139.0570768,35.9116453],[139.0570778,35.9116502],[139.057079,35.9116553],[139.0570807,35.9116602],[139.0570826,35.911665],[139.057115,35.9117066],[139.0571691,35.9117767],[139.0571715,35.9117791],[139.0571741,35.9117814],[139.0571767,35.9117836],[139.0571796,35.9117857],[139.0571824,35.9117876],[139.0571858,35.9117894],[139.0571875,35.9117905],[139.0571908,35.911792],[139.057194,35.9117933],[139.0571943,35.9117934],[139.0571977,35.9117947],[139.0572013,35.9117958],[139.0572049,35.9117967],[139.0572086,35.9117975],[139.0572121,35.9117981],[139.0572125,35.9117982],[139.0572159,35.9117985],[139.0572162,35.9117986],[139.0572201,35.9117988],[139.0572534,35.9117958],[139.0572538,35.9117958],[139.0572542,35.9117958],[139.0573307,35.9117863],[139.057331,35.9117863],[139.0573381,35.9117855],[139.0573412,35.9117852],[139.0573416,35.9117852],[139.0573552,35.911784],[139.0573741,35.9117824],[139.0574069,35.9117806],[139.0574072,35.9117806],[139.0574113,35.9117805],[139.0574191,35.9117803],[139.0574195,35.9117803],[139.0574436,35.9117801],[139.0574523,35.9117801],[139.0574852,35.911781],[139.0574855,35.911781],[139.0575191,35.9117831],[139.0575194,35.9117832],[139.0575414,35.9117864],[139.0575675,35.9117911],[139.0575678,35.9117911],[139.0575935,35.9117966],[139.057595,35.911797],[139.0576206,35.9118034],[139.0576461,35.9118108],[139.0576708,35.911819],[139.0576712,35.9118192],[139.0576941,35.9118277],[139.0576973,35.9118286],[139.0577092,35.9118326],[139.0577096,35.9118327],[139.0577215,35.9118372],[139.0577332,35.911842],[139.0577335,35.9118422],[139.057745,35.9118474],[139.0577563,35.911853],[139.0577601,35.911855],[139.0577707,35.9118611],[139.0577813,35.9118677],[139.0577915,35.9118746],[139.0578014,35.9118819],[139.0578118,35.9118901],[139.0578156,35.9118941],[139.057821,35.9119001],[139.0578261,35.9119064],[139.057831,35.9119128],[139.0578355,35.9119193],[139.0578397,35.911926],[139.057842,35.9119301],[139.0578455,35.9119369],[139.0578488,35.911944],[139.0578517,35.9119511],[139.0578542,35.9119583],[139.0578563,35.9119658],[139.0578582,35.9119732],[139.0578596,35.9119813],[139.0578604,35.9119941],[139.0578604,35.9120066],[139.0578598,35.9120192],[139.0578586,35.9120317],[139.057857,35.9120426],[139.0578546,35.912055],[139.0578516,35.9120673],[139.0578479,35.9120795],[139.0578436,35.9120917],[139.0578386,35.9121036],[139.0578333,35.912115],[139.0578237,35.9121354],[139.0578195,35.9121443],[139.0578157,35.9121533],[139.0578125,35.9121624],[139.0578097,35.9121717],[139.0578074,35.912181],[139.0578056,35.91219],[139.0578043,35.9121995],[139.0578034,35.912209],[139.0578031,35.9122185],[139.0578033,35.912228],[139.0578038,35.9122375],[139.0578004,35.9122909],[139.0577921,35.912377],[139.0577918,35.9123796],[139.0577887,35.9124057],[139.0577841,35.9124316],[139.0577832,35.9124362],[139.0577772,35.912462],[139.0577697,35.9124875],[139.057761,35.9125127],[139.0577574,35.9125227],[139.0577511,35.9125421],[139.0577458,35.9125617],[139.057745,35.912565],[139.057741,35.9125848],[139.0577379,35.9126047],[139.0577358,35.9126247],[139.0577309,35.91268],[139.0577246,35.9127589],[139.0577215,35.9127757],[139.0577139,35.9128087],[139.0577062,35.9128366],[139.0576956,35.9128691],[139.0576785,35.9129116],[139.0576704,35.9129338],[139.0576537,35.9129849],[139.0576529,35.9129883],[139.0576479,35.9130129],[139.0576443,35.9130376],[139.0576434,35.9130458],[139.0576414,35.9130706],[139.0576407,35.9130955],[139.0576341,35.9131654],[139.0576256,35.9132674],[139.0576227,35.9132888],[139.0576172,35.913348],[139.0576165,35.9133577],[139.0576144,35.913417],[139.0576129,35.9134367],[139.0576121,35.9134579],[139.0576126,35.9134791],[139.0576126,35.9134814],[139.0576142,35.9135025],[139.057617,35.9135238],[139.0576208,35.9135448],[139.0576257,35.9135656],[139.0576257,35.9135662],[139.0576263,35.9135686],[139.0576272,35.913571],[139.0576283,35.9135734],[139.0576296,35.9135757],[139.0576311,35.9135778],[139.0576329,35.9135799],[139.0576348,35.9135818],[139.0576369,35.9135836],[139.0576391,35.9135854],[139.0576415,35.9135869],[139.057644,35.9135883],[139.0576466,35.9135894],[139.0576469,35.9135895],[139.0576489,35.9135903],[139.0576517,35.9135912],[139.0576547,35.9135918],[139.0576578,35.9135924],[139.0576608,35.9135927],[139.0576637,35.9135928],[139.0576641,35.9135928],[139.0576668,35.9135927],[139.0576672,35.9135927],[139.0576698,35.9135925],[139.0576702,35.9135925],[139.0576731,35.913592],[139.057676,35.9135913],[139.057679,35.9135905],[139.0576819,35.9135895],[139.0576853,35.9135872],[139.0576906,35.9135833],[139.0576953,35.913579],[139.0576997,35.9135744],[139.0577034,35.9135695],[139.057707,35.9135645],[139.0577089,35.9135613],[139.0577115,35.9135559],[139.0577134,35.9135504],[139.0577152,35.9135447],[139.0577161,35.913539],[139.0577166,35.9135332],[139.0577163,35.9135274],[139.0577159,35.9135217],[139.0577154,35.9135099],[139.0577142,35.9134862],[139.0577116,35.9134626],[139.0577112,35.9134613],[139.0577073,35.9134379],[139.0577023,35.9134145],[139.0577003,35.9134032],[139.0576976,35.9133847],[139.0576958,35.9133663],[139.0576955,35.913365],[139.057695,35.9133464],[139.0576951,35.9133279],[139.0576963,35.9133093],[139.0577026,35.9132735],[139.0577154,35.9131994],[139.0577157,35.9131976],[139.0577192,35.9131777],[139.0577237,35.913158],[139.0577291,35.9131384],[139.057733,35.9131263],[139.0577402,35.9131072],[139.0577483,35.9130882],[139.0577576,35.9130695],[139.0577642,35.9130543],[139.0577741,35.9130336],[139.0577855,35.9130132],[139.0577895,35.9130063],[139.0578019,35.9129864],[139.0578157,35.912967],[139.0578302,35.9129481],[139.0578328,35.9129444],[139.0578421,35.9129301],[139.0578506,35.9129153],[139.0578581,35.9129004],[139.057865,35.9128861],[139.0578712,35.9128707],[139.0578764,35.9128551],[139.0578813,35.9128393],[139.0578832,35.9128299],[139.0578882,35.9127981],[139.0578912,35.9127722],[139.0578933,35.9127402],[139.0578938,35.9127372],[139.0578957,35.9127258],[139.057898,35.9127146],[139.057901,35.9127033],[139.0579048,35.9126923],[139.0579058,35.9126894],[139.0579101,35.9126784],[139.0579149,35.9126677],[139.0579205,35.9126571],[139.0579265,35.9126467],[139.0579327,35.9126365],[139.0579649,35.9125792],[139.0580017,35.9125005],[139.0580064,35.9124894],[139.0580387,35.9124048],[139.0580576,35.9123478],[139.0580847,35.9122725],[139.0581246,35.9122058],[139.0581404,35.912181],[139.0581894,35.9121121],[139.0582113,35.912075],[139.0582323,35.9120351],[139.0582414,35.9120147],[139.0582582,35.9119735],[139.0582721,35.9119315],[139.0582761,35.9119049],[139.0582781,35.9118783],[139.0582784,35.9118517],[139.0582784,35.9118446],[139.0582766,35.911818],[139.0582728,35.9117915],[139.0582676,35.9117652],[139.0582619,35.911754],[139.0582522,35.9117363],[139.058241,35.911719],[139.058229,35.9117023],[139.0582156,35.9116861],[139.0582055,35.9116751],[139.0581906,35.9116599],[139.0581745,35.9116455],[139.0581574,35.9116319],[139.0581393,35.911619],[139.0581208,35.9116068],[139.0581011,35.9115957],[139.0581114,35.9115836],[139.0581198,35.911574],[139.0581403,35.9115856],[139.0581602,35.9115986],[139.0581796,35.9116125],[139.058198,35.9116272],[139.0582152,35.9116427],[139.0582314,35.9116589],[139.0582423,35.9116708],[139.0582565,35.9116881],[139.0582696,35.9117062],[139.0582804,35.911718],[139.0582821,35.9117199],[139.0582882,35.9117277],[139.0582938,35.9117358],[139.0582989,35.911744],[139.0583034,35.9117525],[139.0583073,35.9117612],[139.0583106,35.91177],[139.0583124,35.9117754],[139.0583147,35.9117844],[139.0583165,35.9117935],[139.0583176,35.9118027],[139.0583182,35.9118119],[139.0583181,35.9118212],[139.0583174,35.9118304],[139.0583161,35.9118396],[139.0583157,35.9118546],[139.0583132,35.911888],[139.0583118,35.9119007],[139.0583063,35.9119339],[139.0582985,35.9119666],[139.0582799,35.9120115],[139.0582782,35.9120152],[139.0582478,35.9120779],[139.058213,35.9121399],[139.0581825,35.9121897],[139.0581477,35.9122503],[139.0581193,35.9123035],[139.0581039,35.9123445],[139.0580777,35.9124114],[139.0580707,35.9124313],[139.0580472,35.9124907],[139.0580446,35.9124968],[139.0580167,35.9125548],[139.0579673,35.9126389],[139.0579623,35.9126481],[139.0579556,35.9126584],[139.0579502,35.9126679],[139.0579454,35.9126774],[139.0579409,35.9126871],[139.057937,35.9126971],[139.0579362,35.9126994],[139.0579327,35.9127096],[139.0579301,35.9127197],[139.0579278,35.9127299],[139.0579261,35.9127403],[139.0579259,35.9127423],[139.0579237,35.9127742],[139.0579207,35.9128011],[139.0579154,35.9128337],[139.0579133,35.9128445],[139.0579081,35.9128618],[139.0579023,35.9128785],[139.0578957,35.9128949],[139.0578886,35.9129103],[139.0578803,35.9129262],[139.0578712,35.9129419],[139.0578614,35.9129571],[139.0578583,35.9129615],[139.0578437,35.9129806],[139.0578307,35.912999],[139.0578187,35.9130181],[139.057815,35.9130243],[139.0578043,35.9130438],[139.0577947,35.9130637],[139.057788,35.9130788],[139.0577789,35.9130974],[139.0577712,35.9131153],[139.0577645,35.9131336],[139.0577609,35.9131448],[139.0577556,35.9131633],[139.0577513,35.913182],[139.057748,35.913201],[139.0577478,35.9132027],[139.0577351,35.9132772],[139.0577288,35.9133119],[139.0577277,35.9133287],[139.0577275,35.9133461],[139.0577282,35.9133639],[139.0577282,35.9133645],[139.05773,35.9133822],[139.0577325,35.9133996],[139.0577346,35.9134102],[139.0577397,35.9134338],[139.0577437,35.9134581],[139.0577439,35.91346],[139.0577467,35.9134844],[139.0577481,35.9135091],[139.0577483,35.9135202],[139.0577491,35.913526],[139.0577492,35.9135338],[139.0577486,35.9135416],[139.0577472,35.9135495],[139.0577451,35.9135571],[139.0577422,35.9135647],[139.0577387,35.9135718],[139.057736,35.9135765],[139.0577314,35.9135833],[139.0577262,35.9135898],[139.0577202,35.9135961],[139.0577137,35.9136019],[139.0577067,35.9136071],[139.057699,35.9136122],[139.0576911,35.9136151],[139.057686,35.9136166],[139.0576856,35.9136167],[139.0576806,35.9136178],[139.0576802,35.9136179],[139.057675,35.9136187],[139.0576746,35.9136187],[139.0576727,35.9136189],[139.0576692,35.9136191],[139.0576637,35.9136193],[139.0576634,35.9136193],[139.0576579,35.9136191],[139.0576525,35.9136185],[139.0576521,35.9136185],[139.057647,35.9136176],[139.0576467,35.9136175],[139.0576416,35.9136163],[139.0576412,35.9136162],[139.0576362,35.9136147],[139.0576323,35.9136131],[139.0576274,35.9136111],[139.0576271,35.9136109],[139.0576226,35.9136084],[139.0576183,35.9136056],[139.0576141,35.9136026],[139.0576103,35.9135992],[139.0576065,35.9135956],[139.0576033,35.9135918],[139.0576008,35.9135878],[139.0575984,35.9135837],[139.0575962,35.9135794],[139.0575948,35.913575],[139.0575937,35.9135709],[139.0575935,35.9135702],[139.0575886,35.9135492],[139.0575846,35.913527],[139.0575818,35.9135048],[139.0575802,35.9134827],[139.05758,35.9134799],[139.0575795,35.9134577],[139.0575803,35.9134354],[139.0575819,35.9134158],[139.0575838,35.9133566],[139.0575845,35.9133463],[139.0575902,35.9132864],[139.0575932,35.9132651],[139.0576015,35.9131635],[139.0576081,35.9130942],[139.0576088,35.9130695],[139.0576109,35.9130438],[139.0576119,35.9130348],[139.0576156,35.9130092],[139.0576208,35.9129837],[139.057622,35.912979],[139.0576388,35.9129266],[139.0576473,35.9129037],[139.0576645,35.9128615],[139.0576745,35.9128303],[139.0576821,35.9128034],[139.0576894,35.9127713],[139.0576921,35.912756],[139.0576985,35.9126781],[139.0577032,35.9126227],[139.0577056,35.912602],[139.0577087,35.912581],[139.057713,35.9125603],[139.057714,35.9125564],[139.0577195,35.9125358],[139.057726,35.9125155],[139.0577298,35.9125054],[139.0577381,35.9124808],[139.0577453,35.9124564],[139.0577512,35.9124315],[139.0577517,35.9124276],[139.0577563,35.9124025],[139.0577594,35.9123773],[139.0577596,35.912375],[139.057768,35.9122891],[139.0577713,35.9122375],[139.0577707,35.9122288],[139.0577705,35.9122182],[139.0577708,35.9122076],[139.0577719,35.912197],[139.0577734,35.9121865],[139.0577754,35.9121763],[139.057778,35.912166],[139.0577809,35.9121556],[139.0577847,35.9121455],[139.0577888,35.9121354],[139.0578069,35.9121067],[139.057812,35.9120958],[139.0578166,35.9120848],[139.0578206,35.9120736],[139.0578238,35.9120623],[139.0578268,35.9120509],[139.057829,35.9120394],[139.0578305,35.9120295],[139.0578316,35.9120179],[139.0578321,35.9120062],[139.0578319,35.9119946],[139.0578315,35.9119835],[139.0578301,35.911977],[139.0578287,35.9119706],[139.0578266,35.9119642],[139.0578246,35.9119579],[139.0578221,35.9119516],[139.0578192,35.9119454],[139.0578159,35.9119393],[139.0578142,35.911936],[139.0578105,35.9119301],[139.0578064,35.9119244],[139.0578024,35.9119188],[139.0577977,35.9119133],[139.0577931,35.911908],[139.0577907,35.9119055],[139.0577818,35.9118986],[139.0577728,35.911892],[139.0577637,35.9118857],[139.057754,35.9118797],[139.057744,35.9118741],[139.0577409,35.9118725],[139.0577308,35.9118673],[139.0577201,35.9118625],[139.0577198,35.9118623],[139.0577092,35.9118579],[139.0576982,35.9118538],[139.0576872,35.9118502],[139.0576868,35.91185],[139.0576834,35.9118489],[139.0576598,35.9118403],[139.0576359,35.9118324],[139.0576116,35.9118253],[139.057587,35.911819],[139.0575859,35.9118188],[139.0575611,35.9118134],[139.057536,35.911809],[139.0575356,35.9118089],[139.0575156,35.911806],[139.057484,35.911804],[139.0574836,35.911804],[139.0574519,35.9118031],[139.0574201,35.9118033],[139.0574197,35.9118033],[139.0574087,35.9118036],[139.0574083,35.9118036],[139.0573767,35.9118053],[139.0573764,35.9118053],[139.0573448,35.911808],[139.057339,35.9118086],[139.057335,35.9118091],[139.0573347,35.9118091],[139.0573099,35.9118122],[139.0572579,35.9118186],[139.0572572,35.9118187],[139.0572568,35.9118187],[139.0572256,35.9118215],[139.0571885,35.9118249],[139.057183,35.9118242],[139.0571826,35.9118241],[139.0571774,35.9118228],[139.0571724,35.911821],[139.057172,35.9118208],[139.0571685,35.9118192],[139.0571641,35.9118164],[139.0571598,35.9118133],[139.0571564,35.9118096],[139.0571534,35.9118057],[139.0571508,35.9118015],[139.0571509,35.9118011],[139.0570901,35.9117194],[139.0570513,35.9116699],[139.057041,35.9116503],[139.0570382,35.9116451],[139.0570365,35.9116397],[139.0570354,35.9116341],[139.0570354,35.911631],[139.0570357,35.9116254],[139.057037,35.9116199],[139.057039,35.9116146],[139.0570417,35.9116094],[139.0570451,35.9116051],[139.0570671,35.9115741],[139.0570697,35.9115704],[139.0570892,35.9115383],[139.0570953,35.911527],[139.0571276,35.9114642],[139.0571681,35.911381],[139.0571727,35.9113668],[139.0571767,35.9113525],[139.05718,35.9113381],[139.0571827,35.9113236],[139.0571845,35.9113091],[139.0571845,35.9113072],[139.0571855,35.9112926],[139.0571857,35.911278],[139.0571852,35.9112634],[139.0571837,35.9112487],[139.0571832,35.9112443],[139.0571808,35.9112323],[139.0571778,35.9112203],[139.0571741,35.9112086],[139.0571697,35.9111968],[139.0571651,35.9111853],[139.0571596,35.911174],[139.0571543,35.9111641],[139.0571479,35.9111531],[139.0571408,35.9111424],[139.057133,35.9111319],[139.057125,35.9111216],[139.0571239,35.9111205],[139.0571039,35.911107],[139.057083,35.911094],[139.0570614,35.9110818],[139.0570478,35.9110747],[139.0570253,35.9110638],[139.0570024,35.9110535],[139.0569918,35.9110492],[139.0569416,35.911026],[139.0568898,35.9110003],[139.0568848,35.9109962],[139.0568802,35.9109918],[139.0568761,35.9109874],[139.0568719,35.9109828],[139.0568681,35.910978],[139.0568642,35.9109732],[139.056861,35.9109682],[139.0568579,35.9109631],[139.0568548,35.9109579],[139.0568533,35.9109548],[139.0568511,35.9109495],[139.0568489,35.9109441],[139.0568471,35.9109387],[139.0568455,35.9109331],[139.0568439,35.9109275],[139.0568431,35.9109219],[139.0568424,35.9109162],[139.0568418,35.9109105],[139.0568419,35.9109049],[139.0568419,35.910904],[139.0568386,35.9108725],[139.0568372,35.9108426],[139.0568371,35.9108109],[139.0568376,35.9107978],[139.0568385,35.9107825],[139.0568416,35.9107674],[139.0568459,35.9107562],[139.0568529,35.910742],[139.0568624,35.9107288],[139.056865,35.9107257],[139.0568676,35.9107227],[139.0568695,35.9107196],[139.0568711,35.9107162],[139.056872,35.9107127],[139.0568725,35.9107092],[139.0568723,35.9107057],[139.056872,35.9107048],[139.0568714,35.9107013],[139.05687,35.910698],[139.0568682,35.9106947],[139.0568659,35.9106917],[139.0568604,35.9106864],[139.0568194,35.9106934],[139.0568152,35.9106952],[139.0568098,35.9106977],[139.0568047,35.9107005],[139.0568,35.9107034],[139.0567952,35.9107066],[139.0567908,35.91071],[139.0567865,35.9107136],[139.0567827,35.9107172],[139.0567789,35.9107211],[139.0567755,35.9107251],[139.0567723,35.9107294],[139.0567694,35.9107338],[139.0567668,35.9107383],[139.0567654,35.9107412],[139.0567633,35.9107518],[139.0567591,35.9107802],[139.0567568,35.9108079],[139.0567565,35.910837],[139.0567561,35.9108629],[139.0567576,35.9109008],[139.0567613,35.910936],[139.0567677,35.9109729],[139.0567685,35.9109754],[139.0567713,35.9109829],[139.0567744,35.9109901],[139.0567781,35.9109973],[139.0567823,35.9110041],[139.0567869,35.9110108],[139.056792,35.9110174],[139.0567964,35.9110225],[139.0568022,35.9110286],[139.0568085,35.9110344],[139.0568151,35.9110399],[139.056822,35.9110451],[139.0568292,35.91105],[139.0568384,35.9110554],[139.0568909,35.9110927],[139.0568917,35.9110933],[139.0569435,35.9111344],[139.0569489,35.911141],[139.0569572,35.9111522],[139.0569648,35.9111638],[139.0569716,35.9111757],[139.0569769,35.9111865],[139.0569823,35.9111989],[139.0569867,35.9112116],[139.0569903,35.9112244],[139.0569929,35.9112372],[139.056994,35.9112439],[139.0569953,35.9112555],[139.0569958,35.9112672],[139.0569955,35.9112789],[139.0569944,35.9112905],[139.0569936,35.9112965],[139.0569914,35.9113079],[139.0569884,35.9113194],[139.0569846,35.9113306],[139.0569801,35.9113418],[139.0569753,35.9113517],[139.056972,35.9113599],[139.0569647,35.9113756],[139.0569563,35.911391],[139.056947,35.9114059],[139.056945,35.911409],[139.0569345,35.9114233],[139.056923,35.9114373],[139.0569105,35.9114509],[139.0568979,35.911463],[139.0568839,35.9114778],[139.0568543,35.9115065],[139.0568344,35.9115241],[139.0568014,35.9115506],[139.0567915,35.9115576],[139.0567638,35.9115783],[139.0567508,35.9115889],[139.0567233,35.9116132],[139.0567188,35.9116158],[139.056711,35.9116208],[139.0567037,35.911626],[139.0566968,35.9116315],[139.0566902,35.9116373],[139.0566869,35.9116407],[139.0566863,35.9116418],[139.0566831,35.91165],[139.0566805,35.9116584],[139.0566787,35.9116668],[139.0566773,35.9116753],[139.0566772,35.9116763],[139.0566767,35.9116849],[139.0566768,35.9116934],[139.0566776,35.911702],[139.0566791,35.9117105],[139.0566792,35.9117108],[139.0566822,35.9117171],[139.0566856,35.9117231],[139.0566895,35.9117291],[139.0566939,35.9117347],[139.0566966,35.9117378],[139.0567016,35.9117431],[139.056707,35.9117481],[139.0567128,35.911753],[139.056719,35.9117574],[139.0567255,35.9117615],[139.0567323,35.9117653],[139.0567392,35.9117687],[139.0567442,35.9117699],[139.0567499,35.911771],[139.0567503,35.9117711],[139.0567517,35.9117714],[139.0567521,35.9117714],[139.0567632,35.9117738],[139.0567636,35.9117739],[139.0567749,35.9117768],[139.0567861,35.9117802],[139.0567864,35.9117804],[139.0567973,35.9117843],[139.0568081,35.9117888],[139.0568184,35.9117937],[139.0568187,35.9117938],[139.0568276,35.9117985],[139.0568374,35.9118043],[139.056847,35.9118105],[139.0568559,35.9118171],[139.0568645,35.9118242],[139.0568725,35.9118316],[139.0568799,35.9118394],[139.0568887,35.9118494],[139.0568944,35.9118633],[139.0569036,35.9118902],[139.056905,35.9118951],[139.0569113,35.9119228],[139.0569148,35.9119519],[139.0569134,35.9119731],[139.0569138,35.9120011],[139.0569153,35.9120177],[139.0569195,35.9120424],[139.0569241,35.9120485],[139.0569301,35.9120554],[139.0569367,35.9120617],[139.0569441,35.9120678],[139.0569492,35.9120716],[139.0569575,35.9120768],[139.0569661,35.9120813],[139.056975,35.9120854],[139.0569843,35.9120888],[139.0569933,35.9120914],[139.0569937,35.9120914],[139.0570027,35.9120929],[139.057012,35.9120941],[139.0570124,35.9120941],[139.0570217,35.9120948],[139.0570317,35.912095],[139.0570416,35.9120948],[139.0570511,35.9120941],[139.0570605,35.9120931],[139.0570697,35.9120917],[139.0570701,35.9120916],[139.0570821,35.9120891],[139.0570824,35.9120891],[139.0570935,35.9120886],[139.0571064,35.9120885],[139.0571191,35.9120891],[139.0571195,35.9120891],[139.0571321,35.9120901],[139.0571324,35.9120902],[139.0571446,35.9120917],[139.0571449,35.9120918],[139.0571462,35.912092],[139.0571466,35.912092],[139.0571469,35.9120921],[139.05715,35.9120927],[139.057159,35.9120943],[139.0571596,35.9120945],[139.0571672,35.9120948],[139.0571748,35.9120956],[139.0571824,35.9120966],[139.0571898,35.912098],[139.0571972,35.9120997],[139.0572044,35.9121017],[139.0572112,35.912104],[139.0572182,35.9121067],[139.0572251,35.9121097],[139.0572316,35.9121129],[139.0572366,35.9121157],[139.0572423,35.9121211],[139.0572474,35.9121268],[139.0572521,35.9121326],[139.0572565,35.9121387],[139.0572604,35.912145],[139.0572617,35.9121472],[139.0572651,35.9121537],[139.057268,35.9121603],[139.0572705,35.912167],[139.0572711,35.9121692],[139.0572733,35.9121756],[139.057275,35.912182],[139.0572763,35.9121886],[139.0572771,35.9121952],[139.0572772,35.9121971],[139.0572775,35.9122037],[139.0572773,35.9122103],[139.0572765,35.9122169],[139.0572755,35.9122235],[139.0572741,35.9122298],[139.0572734,35.9122417],[139.0572714,35.9122595],[139.057268,35.9122772],[139.0572636,35.9122946],[139.0572625,35.9122985],[139.0572566,35.9123155],[139.0572497,35.9123326],[139.0572415,35.9123493],[139.0572328,35.9123644],[139.0571994,35.9124331],[139.0571519,35.9125224],[139.0571398,35.9125436],[139.0571117,35.9125985],[139.0571015,35.9126208],[139.0570787,35.9126774],[139.0570514,35.9127519],[139.0570477,35.9127609],[139.0570128,35.9128392],[139.0570071,35.9128503],[139.0569936,35.9128745],[139.0569784,35.912898],[139.0569632,35.9129188],[139.056945,35.912941],[139.0569256,35.9129622],[139.0568712,35.9130171],[139.0568124,35.9130827],[139.0568025,35.9130941],[139.0567643,35.9131353],[139.0567486,35.9131509],[139.0567053,35.9131908],[139.0566785,35.9132083],[139.0565653,35.9132831],[139.0565599,35.9132865],[139.0565465,35.9132954],[139.056534,35.9133048],[139.0565221,35.9133147],[139.0565108,35.9133252],[139.0565036,35.9133326],[139.0564935,35.9133439],[139.0564843,35.9133556],[139.0564759,35.9133676],[139.0564683,35.91338],[139.0564615,35.9133928],[139.0564559,35.9134054],[139.0564371,35.9134657],[139.0564284,35.9134927],[139.0564257,35.9135049],[139.0564219,35.913529],[139.0564208,35.9135395],[139.0564198,35.9135637],[139.0564209,35.9135841],[139.0564242,35.9136093],[139.0564262,35.91362],[139.0564323,35.9136449],[139.0564403,35.9136694],[139.0564501,35.9136935],[139.0564951,35.9137704],[139.0565041,35.9137847],[139.0565617,35.9138718],[139.0565666,35.9138798],[139.0565853,35.9139085],[139.0566055,35.9139366],[139.056608,35.9139399],[139.0566299,35.9139672],[139.056653,35.9139935],[139.0566778,35.9140194],[139.0567357,35.9140812],[139.0567961,35.9141425],[139.0568013,35.9141494],[139.056807,35.9141574],[139.0568123,35.9141657],[139.0568171,35.914174],[139.0568216,35.9141826],[139.0568256,35.9141913],[139.0568291,35.9142],[139.0568306,35.9142041],[139.0568334,35.9142131],[139.0568358,35.9142221],[139.0568377,35.9142312],[139.0568392,35.9142404],[139.0568402,35.9142497],[139.0568407,35.914259],[139.0568391,35.9142712],[139.0568293,35.9143178],[139.0568191,35.9143666],[139.0568108,35.9143942],[139.0567967,35.914439],[139.0567952,35.914445],[139.056786,35.9144906],[139.0567849,35.914495],[139.0567837,35.9145006],[139.0567832,35.9145063],[139.0567832,35.914512],[139.0567837,35.9145175],[139.0567849,35.9145232],[139.0567865,35.9145287],[139.0567867,35.9145292],[139.056789,35.9145346],[139.0567917,35.9145398],[139.0567949,35.9145448],[139.0567986,35.9145496],[139.0568028,35.9145541],[139.0568073,35.9145584],[139.0568122,35.9145623],[139.0568175,35.914566],[139.0568502,35.9145773],[139.0568505,35.9145774],[139.0568656,35.9145826],[139.0568967,35.9145941],[139.0569268,35.9146067],[139.0569278,35.914607],[139.0569573,35.9146207],[139.0569862,35.9146353],[139.0569901,35.9146377],[139.057009,35.9146508],[139.0570273,35.9146644],[139.0570444,35.9146784],[139.0570612,35.9146933],[139.0570773,35.9147087],[139.0570891,35.9147206],[139.057103,35.9147357],[139.0571162,35.9147512],[139.0571237,35.9147607],[139.0571355,35.9147769],[139.0571465,35.9147934],[139.0571566,35.9148104],[139.0571589,35.9148145],[139.057165,35.9148263],[139.0571704,35.9148382],[139.0571752,35.9148503],[139.0571794,35.9148625],[139.0571812,35.9148687],[139.0571844,35.9148812],[139.0571869,35.9148938],[139.0571889,35.9149064],[139.0571901,35.914919],[139.0571908,35.9149317],[139.0571908,35.9149444],[139.05719,35.9149571],[139.0571888,35.9149673],[139.0571864,35.9149835],[139.057183,35.9149995],[139.0571814,35.9150059],[139.0571769,35.9150219],[139.0571717,35.9150375],[139.0571655,35.9150531],[139.0571588,35.9150683],[139.0571514,35.915081],[139.0571406,35.915098],[139.057129,35.9151145],[139.0571186,35.9151282],[139.0571055,35.915144],[139.0570916,35.9151593],[139.0570769,35.9151742],[139.0570747,35.9151768],[139.0570392,35.9152169],[139.0570016,35.9152558],[139.0569698,35.9152862],[139.0569287,35.9153226],[139.0568684,35.915373],[139.0568094,35.91542],[139.0568069,35.9154227],[139.0568035,35.915427],[139.0568002,35.9154313],[139.0567972,35.9154358],[139.0567943,35.9154404],[139.0567918,35.9154451],[139.0567895,35.9154498],[139.0567873,35.9154546],[139.0567855,35.9154595],[139.0567839,35.9154645],[139.0567827,35.9154694],[139.0567816,35.9154745],[139.0567809,35.9154783],[139.0567803,35.9154835],[139.05678,35.9154885],[139.0567799,35.9154937],[139.05678,35.9154987],[139.0567806,35.9155038],[139.0567813,35.9155089],[139.0567822,35.9155139],[139.0567834,35.915519],[139.0567849,35.915524],[139.0567866,35.9155288],[139.0567887,35.9155337],[139.0567908,35.9155384],[139.0567987,35.9155533],[139.0568133,35.9155789],[139.0568272,35.9156008],[139.0568443,35.9156254],[139.056849,35.9156318],[139.056854,35.9156392],[139.0568586,35.9156469],[139.0568628,35.9156548],[139.0568666,35.9156628],[139.0568701,35.9156708],[139.0568714,35.9156742],[139.0568742,35.9156824],[139.0568766,35.9156908],[139.0568786,35.9156992],[139.05688,35.9157076],[139.0568812,35.9157161],[139.0568818,35.9157247],[139.056882,35.9157262],[139.0568835,35.9157389],[139.0568843,35.9157517],[139.0568845,35.9157644],[139.056884,35.9157772],[139.0568829,35.9157899],[139.0568811,35.9158026],[139.0568786,35.9158153],[139.0568756,35.9158278],[139.0568718,35.9158403],[139.0568642,35.9158627],[139.05685,35.9158999],[139.0568397,35.915924],[139.0568224,35.9159603],[139.0568173,35.9159697],[139.0568106,35.9159834],[139.0568045,35.9159975],[139.0567993,35.9160117],[139.0567973,35.9160174],[139.0567931,35.9160318],[139.0567895,35.9160464],[139.0567867,35.9160611],[139.0567848,35.9160811],[139.0567838,35.9161019],[139.0567838,35.9161227],[139.0567845,35.9161367],[139.0567863,35.9161574],[139.0567892,35.9161782],[139.0567932,35.9161987],[139.0568174,35.9162862],[139.0568323,35.9163433],[139.0568496,35.9164108],[139.0568511,35.9164168],[139.0568555,35.9164384],[139.0568588,35.9164602],[139.0568596,35.9164656],[139.0568615,35.9164875],[139.0568622,35.9165094],[139.0568619,35.9165314],[139.0568622,35.9165405],[139.0568619,35.916555],[139.0568609,35.9165694],[139.0568591,35.9165838],[139.0568568,35.9165972],[139.0568536,35.9166113],[139.0568497,35.9166254],[139.056845,35.9166394],[139.05683367589577,35.916666666666664],[139.05666605224542,35.916666666666664],[139.0566688,35.9166417],[139.0566755,35.9166044],[139.0566852,35.916547],[139.056687,35.916539],[139.0566883,35.9165311],[139.0566893,35.9165231],[139.0566895,35.9165151],[139.0566898,35.916507],[139.0566898,35.9165042],[139.0566893,35.9164961],[139.0566882,35.9164881],[139.0566871,35.9164802],[139.0566854,35.9164722],[139.0566833,35.9164644],[139.0566808,35.9164566],[139.0566795,35.9164538],[139.0566717,35.9164374],[139.056663,35.9164212],[139.0566566,35.9164105],[139.0566464,35.9163949],[139.0566357,35.9163797],[139.0566238,35.9163648],[139.0566238,35.9163645],[139.0566179,35.9163574],[139.0566127,35.9163501],[139.056608,35.9163427],[139.0566036,35.9163351],[139.0565995,35.9163274],[139.0565977,35.9163236],[139.0565942,35.9163156],[139.0565909,35.9163076],[139.0565885,35.9162994],[139.0565863,35.9162912],[139.0565845,35.916283],[139.0565831,35.9162746],[139.0565819,35.9162663],[139.0565787,35.9162449],[139.0565707,35.9161808],[139.0565679,35.9161277],[139.0565659,35.9160665],[139.0565658,35.9160616],[139.0565664,35.9160328],[139.0565697,35.916004],[139.0565735,35.9159853],[139.0565814,35.9159572],[139.056592,35.9159297],[139.0565944,35.9159225],[139.056607,35.9158755],[139.0566093,35.9158641],[139.0566162,35.9158164],[139.0566162,35.9158126],[139.0566167,35.9157935],[139.0566151,35.9157743],[139.0566144,35.9157704],[139.0566107,35.9157515],[139.056605,35.9157328],[139.0565978,35.9157145],[139.0565971,35.9157127],[139.0565911,35.9156962],[139.0565835,35.9156802],[139.0565742,35.9156647],[139.0565725,35.9156618],[139.0565614,35.9156471],[139.0565491,35.9156331],[139.0565357,35.91562],[139.0565284,35.915611],[139.0565168,35.9155948],[139.056507,35.9155779],[139.0565001,35.915564],[139.0564934,35.9155461],[139.0564882,35.9155279],[139.0564868,35.9155189],[139.0564856,35.9155058],[139.0564862,35.9154926],[139.0564877,35.9154796],[139.0564889,35.9154725],[139.0564926,35.9154598],[139.0564971,35.9154472],[139.056503,35.915435],[139.0565102,35.9154232],[139.056595,35.9152824],[139.056644,35.9152022],[139.0566492,35.9151949],[139.0566891,35.9151306],[139.056698,35.915114],[139.05673,35.9150469],[139.0567336,35.9150389],[139.0567369,35.9150291],[139.0567392,35.9150192],[139.0567404,35.9150091],[139.0567409,35.914999],[139.0567404,35.9149889],[139.056739,35.9149806],[139.0567368,35.9149706],[139.0567334,35.9149608],[139.0567292,35.9149513],[139.0567241,35.9149421],[139.0567181,35.9149333],[139.0567112,35.9149247],[139.0566821,35.9148861],[139.0566732,35.9148753],[139.0566379,35.9148372],[139.0566281,35.9148288],[139.0566132,35.9148177],[139.056597,35.9148076],[139.0565801,35.9147984],[139.0565625,35.9147905],[139.0565622,35.9147903],[139.056544,35.9147836],[139.056525,35.914778],[139.0565057,35.9147737],[139.0565053,35.9147736],[139.0564968,35.9147711],[139.0564788,35.914765],[139.0564615,35.9147577],[139.056459,35.9147565],[139.0564428,35.914748],[139.0564271,35.9147384],[139.0564123,35.9147279],[139.0564118,35.9147272],[139.0564039,35.9147177],[139.0563967,35.9147076],[139.0563907,35.9146973],[139.0563859,35.9146865],[139.0563826,35.9146776],[139.0563795,35.9146664],[139.0563775,35.914655],[139.0563765,35.9146434],[139.0563767,35.914632],[139.0563791,35.9146033],[139.056382,35.9145719],[139.0563848,35.9145236],[139.0563849,35.9144889],[139.0563849,35.9144805],[139.0563837,35.9144564],[139.0563804,35.9144325],[139.0563797,35.9144301],[139.0563737,35.9144065],[139.0563654,35.9143834],[139.0563552,35.9143608],[139.0563384,35.9143231],[139.0563293,35.9143058],[139.0563052,35.9142656],[139.0562989,35.9142567],[139.0562871,35.9142424],[139.0562742,35.9142288],[139.0562727,35.9142274],[139.0562582,35.9142147],[139.0562423,35.9142032],[139.0562258,35.9141927],[139.0562254,35.9141925],[139.0562243,35.9141919],[139.0561762,35.9141687],[139.0561759,35.9141685],[139.0561643,35.9141621],[139.0561193,35.914135],[139.0561085,35.9141287],[139.0560969,35.9141228],[139.0560849,35.9141177],[139.0560726,35.9141135],[139.0560722,35.9141134],[139.0560596,35.9141099],[139.0560466,35.9141073],[139.0560462,35.9141072],[139.056033,35.9141054],[139.056026,35.9141049],[139.0560195,35.9141045],[139.0559918,35.9141024],[139.0559224,35.9140945],[139.0558962,35.9140918],[139.0558951,35.9140917],[139.0558563,35.9140878],[139.0557717,35.9140779],[139.0557713,35.9140779],[139.0557617,35.9140778],[139.0557614,35.9140778],[139.0557204,35.9140757],[139.05572,35.9140757],[139.0556944,35.9140728],[139.055683,35.9140715],[139.0556826,35.9140714],[139.0556424,35.9140643],[139.0556393,35.9140636],[139.0556329,35.9140616],[139.055627,35.9140592],[139.055621,35.9140565],[139.0556154,35.9140534],[139.0556101,35.9140499],[139.0556049,35.9140462],[139.0556005,35.9140421],[139.0556001,35.9140417],[139.0555958,35.9140373],[139.0555921,35.9140327],[139.0555891,35.9140278],[139.055586,35.9140227],[139.0555838,35.9140175],[139.0555822,35.9140122],[139.0555811,35.9140067],[139.055578,35.9139971],[139.0555688,35.9139681],[139.0555518,35.9139276],[139.0555323,35.9138899],[139.0555284,35.9138843],[139.0555248,35.9138779],[139.0555217,35.9138712],[139.055519,35.9138643],[139.0555172,35.9138574],[139.0555167,35.9138546],[139.055516,35.9138474],[139.0555159,35.9138403],[139.0555164,35.9138332],[139.0555174,35.9138262],[139.0555195,35.9138192],[139.0555211,35.9138139],[139.0555274,35.9137976],[139.0555353,35.9137816],[139.0555446,35.913766],[139.0555556,35.9137513],[139.0555678,35.9137373],[139.055571,35.9137322],[139.0555906,35.9136969],[139.0556006,35.9136756],[139.0556147,35.9136387],[139.0556219,35.9135851],[139.0556275,35.9135177],[139.0556289,35.9135086],[139.0556294,35.9134986],[139.0556291,35.9134885],[139.0556279,35.9134786],[139.0556256,35.913469],[139.0556223,35.9134593],[139.0556181,35.9134498],[139.0556133,35.9134407],[139.0556073,35.9134319],[139.0556007,35.9134235],[139.0555957,35.9134177],[139.0555878,35.9134075],[139.0555811,35.9133968],[139.0555799,35.9133949],[139.0555744,35.9133838],[139.0555701,35.9133723],[139.0555667,35.9133607],[139.0555645,35.9133488],[139.0555638,35.913344],[139.0555625,35.9133296],[139.0555629,35.9133151],[139.0555644,35.9133007],[139.055567,35.9132885],[139.0555713,35.9132745],[139.0555766,35.9132607],[139.0555834,35.9132507],[139.0556021,35.9132268],[139.0556146,35.9132129],[139.0556366,35.9131911],[139.0556918,35.9131593],[139.0557564,35.9131248],[139.0557574,35.9131242],[139.0557692,35.9131183],[139.0557806,35.9131116],[139.0557911,35.9131042],[139.0558009,35.9130961],[139.0558096,35.9130877],[139.0558175,35.9130786],[139.055825,35.9130689],[139.0558311,35.9130588],[139.0558365,35.9130484],[139.0558407,35.9130376],[139.0558466,35.9130236],[139.0558553,35.9130074],[139.0558637,35.9129943],[139.0558751,35.9129793],[139.0558879,35.9129649],[139.055971,35.912856],[139.0560343,35.9127833],[139.0560653,35.9127458],[139.0560789,35.9127269],[139.0561062,35.9126838],[139.056109,35.9126759],[139.0561187,35.912643],[139.0561211,35.9126319],[139.0561265,35.9125984],[139.0561269,35.9125976],[139.0561289,35.9125922],[139.0561305,35.9125866],[139.0561315,35.9125809],[139.0561318,35.9125752],[139.0561319,35.9125696],[139.0561311,35.9125639],[139.0561307,35.9125607],[139.0561292,35.9125551],[139.0561271,35.9125497],[139.0561246,35.9125444],[139.0561216,35.9125392],[139.0561208,35.912538],[139.0561176,35.9125341],[139.0561144,35.9125303],[139.0561106,35.9125268],[139.0561065,35.9125235],[139.0561036,35.9125214],[139.0560988,35.9125186],[139.0560941,35.9125161],[139.0560889,35.9125139],[139.0560837,35.912512],[139.0560435,35.9124949],[139.0559545,35.9124606],[139.0559431,35.9124565],[139.0558516,35.9124268],[139.0558513,35.9124267],[139.0558436,35.9124238],[139.0557715,35.9123987],[139.0557711,35.9123985],[139.0557253,35.9123845],[139.0556507,35.9123647],[139.0556504,35.9123646],[139.0556298,35.9123592],[139.0555872,35.9123465],[139.0555741,35.9123422],[139.0555327,35.9123271],[139.0554926,35.9123102],[139.0554923,35.9123101],[139.0554339,35.9122854],[139.0554336,35.9122853],[139.0553881,35.9122637],[139.0553856,35.9122625],[139.0553819,35.9122603],[139.055378,35.912258],[139.0553746,35.9122554],[139.055371,35.9122528],[139.0553679,35.91225],[139.0553649,35.912247],[139.0553623,35.9122439],[139.0553597,35.9122407],[139.0553571,35.9122374],[139.0553561,35.9122359],[139.0553541,35.9122324],[139.0553525,35.9122289],[139.055351,35.9122253],[139.0553494,35.9122216],[139.0553484,35.9122179],[139.0553478,35.9122141],[139.055347,35.9122103],[139.0553468,35.9122065],[139.0553469,35.9122026],[139.055347,35.9121988],[139.0553475,35.9121949],[139.0553481,35.9121912],[139.0553492,35.9121875],[139.0553505,35.9121838],[139.0553569,35.9121623],[139.0553695,35.912114],[139.0553782,35.9120682],[139.0553846,35.9120212],[139.0553882,35.9119762],[139.0553882,35.9119708],[139.0553878,35.9119655],[139.0553871,35.9119602],[139.0553861,35.911955],[139.0553844,35.9119498],[139.0553828,35.9119448],[139.0553808,35.9119397],[139.05538,35.9119381],[139.0553773,35.9119333],[139.0553746,35.9119285],[139.0553714,35.9119239],[139.0553679,35.9119195],[139.0553639,35.9119151],[139.0553599,35.911911],[139.0553557,35.911907],[139.0553511,35.9119033],[139.0553195,35.9118753],[139.0552843,35.9118436],[139.0552638,35.9118241],[139.0552608,35.9118208],[139.0552577,35.9118177],[139.0552544,35.9118147],[139.0552507,35.9118118],[139.0552473,35.9118091],[139.0552434,35.9118064],[139.0552396,35.9118039],[139.0552357,35.9118015],[139.0552314,35.9117992],[139.0552271,35.9117971],[139.055223,35.9117951],[139.0552186,35.9117935],[139.0552182,35.9117933],[139.0552179,35.9117932],[139.0552137,35.9117916],[139.0552089,35.9117901],[139.0552042,35.9117888],[139.0551994,35.9117876],[139.0551947,35.9117866],[139.0551898,35.9117858],[139.0551849,35.911785],[139.05518,35.9117846],[139.0551751,35.9117842],[139.0551701,35.9117841],[139.0551676,35.911784],[139.0551672,35.911784],[139.055099,35.911782],[139.0550962,35.9117819],[139.0550435,35.911782],[139.0549235,35.9117876],[139.0548466,35.9117922],[139.0548462,35.9117922],[139.054783,35.9117948],[139.0547759,35.9117937],[139.0547691,35.911792],[139.0547621,35.91179],[139.0547556,35.9117874],[139.0547492,35.9117845],[139.0547434,35.9117811],[139.0547375,35.9117774],[139.0547324,35.9117734],[139.0547276,35.911769],[139.0547231,35.9117643],[139.0547191,35.9117593],[139.0547155,35.9117542],[139.0547145,35.9117523],[139.0547107,35.9117465],[139.0547074,35.9117403],[139.0547047,35.9117341],[139.0547027,35.9117277],[139.0547013,35.9117212],[139.0547005,35.9117145],[139.0547003,35.911714],[139.0547003,35.9117074],[139.0547009,35.9117008],[139.054702,35.9116942],[139.0547039,35.9116878],[139.0547063,35.9116815],[139.0547093,35.9116753],[139.054712,35.9116706],[139.0547494,35.911591],[139.0548131,35.9114799],[139.0548176,35.9114711],[139.0548212,35.9114621],[139.0548246,35.9114529],[139.0548275,35.9114438],[139.0548299,35.9114345],[139.0548317,35.9114251],[139.0548332,35.9114157],[139.0548338,35.9114101],[139.0548344,35.9114006],[139.0548344,35.9113911],[139.054834,35.9113816],[139.0548334,35.9113721],[139.0548319,35.9113628],[139.0548305,35.9113546],[139.0548214,35.9113069],[139.0548137,35.9112673],[139.0548017,35.9112282],[139.0547915,35.9111997],[139.0547761,35.9111614],[139.0547586,35.9111237],[139.0547443,35.9110961],[139.0547396,35.9110899],[139.0547351,35.9110835],[139.0547311,35.9110771],[139.0547276,35.9110705],[139.0547243,35.9110637],[139.0547212,35.9110569],[139.0547184,35.91105],[139.0547161,35.911043],[139.0547157,35.9110411],[139.0547138,35.9110339],[139.0547125,35.9110268],[139.0547114,35.9110196],[139.0547107,35.9110123],[139.0547103,35.9110051],[139.0547104,35.9109979],[139.0547126,35.9109872],[139.0547158,35.9109767],[139.0547185,35.91097],[139.0547234,35.9109598],[139.0547292,35.9109501],[139.0547297,35.9109492],[139.0547303,35.9109479],[139.0547305,35.9109464],[139.0547306,35.9109451],[139.0547307,35.9109437],[139.0547305,35.9109424],[139.0547302,35.9109409],[139.0547299,35.9109397],[139.0547294,35.9109383],[139.0547287,35.910937],[139.0547279,35.9109358],[139.0547271,35.9109346],[139.0547261,35.9109335],[139.0547247,35.9109324],[139.0547238,35.9109315],[139.0547225,35.9109305],[139.0547208,35.9109298],[139.0547194,35.9109291],[139.0547179,35.9109284],[139.0547164,35.9109279],[139.0547147,35.9109275],[139.0547131,35.9109271],[139.0547115,35.9109269],[139.0547112,35.9109269],[139.0547097,35.9109268],[139.0547082,35.9109268],[139.0547078,35.9109268],[139.0547063,35.9109269],[139.0547046,35.9109271],[139.0547035,35.9109273],[139.0546976,35.9109284],[139.0546874,35.9109317],[139.0546581,35.9109578],[139.0546456,35.9109703],[139.0546429,35.9109733],[139.0546397,35.9109775],[139.0546368,35.9109817],[139.0546341,35.9109861],[139.0546319,35.9109906],[139.0546299,35.9109954],[139.0546298,35.9109959],[139.0546292,35.9110002],[139.0546289,35.911006],[139.0546289,35.9110117],[139.0546295,35.9110175],[139.0546306,35.9110233],[139.0546318,35.911028],[139.0546336,35.9110337],[139.0546359,35.9110392],[139.0546385,35.9110445],[139.0546425,35.9110514],[139.054654,35.9110784],[139.0546642,35.9111044],[139.0546706,35.9111223],[139.0546795,35.9111487],[139.0546852,35.9111671],[139.0546889,35.9111818],[139.054692,35.9111964],[139.0546947,35.911211],[139.054697,35.9112256],[139.0546988,35.9112403],[139.0547,35.9112529],[139.054701,35.9112676],[139.0547015,35.9112824],[139.0547016,35.9112972],[139.0547012,35.9113118],[139.054701,35.9113175],[139.0546985,35.9113337],[139.0546957,35.911349],[139.0546924,35.9113643],[139.0546887,35.9113794],[139.0546861,35.9113892],[139.0546816,35.9114042],[139.0546766,35.9114192],[139.0546713,35.9114335],[139.0546602,35.9114698],[139.0546561,35.9114822],[139.0546433,35.9115191],[139.0546418,35.9115233],[139.0546362,35.9115369],[139.0546303,35.9115503],[139.0546241,35.9115637],[139.0546173,35.9115768],[139.0546102,35.9115897],[139.0546079,35.9115938],[139.0546004,35.9116065],[139.0545923,35.9116192],[139.0545839,35.9116317],[139.0545751,35.9116439],[139.0545722,35.911648],[139.054559,35.9116688],[139.0545444,35.9116904],[139.0545292,35.9117116],[139.0545231,35.9117198],[139.054507,35.9117406],[139.0544902,35.9117611],[139.0544729,35.9117812],[139.0544686,35.9117861],[139.0544434,35.9118156],[139.0544168,35.9118451],[139.0543932,35.91187],[139.054365,35.9118984],[139.054336,35.9119262],[139.0543218,35.9119393],[139.0543185,35.911942],[139.054316,35.9119441],[139.0543138,35.9119462],[139.0543114,35.9119484],[139.0543093,35.9119506],[139.0543072,35.9119529],[139.0543051,35.9119552],[139.0543031,35.9119575],[139.0543012,35.91196],[139.0542994,35.9119624],[139.0542976,35.9119648],[139.0542959,35.9119673],[139.0542944,35.9119698],[139.0542928,35.9119724],[139.0542913,35.911975],[139.05429,35.9119776],[139.0542889,35.9119797],[139.0542878,35.9119824],[139.0542867,35.9119851],[139.0542856,35.9119878],[139.0542846,35.9119906],[139.0542837,35.9119933],[139.0542829,35.9119961],[139.0542822,35.9119989],[139.0542817,35.9120017],[139.0542811,35.9120045],[139.0542806,35.9120073],[139.0542803,35.9120101],[139.05428,35.912013],[139.0542799,35.9120158],[139.0542797,35.9120187],[139.0542797,35.9120215],[139.0542798,35.9120246],[139.0542794,35.9120317],[139.0542794,35.9120371],[139.0542799,35.9120424],[139.0542808,35.9120476],[139.054282,35.9120528],[139.0542838,35.9120581],[139.0542851,35.9120613],[139.0542874,35.9120663],[139.0542902,35.9120711],[139.0542932,35.9120758],[139.0542966,35.9120803],[139.0543003,35.9120845],[139.0543015,35.9120861],[139.0543031,35.9120882],[139.0543046,35.91209],[139.0543063,35.9120918],[139.054308,35.9120934],[139.05431,35.9120949],[139.054312,35.9120964],[139.0543139,35.9120978],[139.0543162,35.9120991],[139.0543183,35.9121003],[139.0543202,35.9121012],[139.0543226,35.9121022],[139.0543249,35.9121031],[139.0543253,35.9121032],[139.0543276,35.9121039],[139.0543301,35.9121045],[139.0543326,35.9121051],[139.0543329,35.9121051],[139.0543352,35.9121055],[139.0543356,35.9121056],[139.0543378,35.9121058],[139.0543382,35.9121059],[139.0543413,35.9121061],[139.0543417,35.9121061],[139.0543485,35.9121065],[139.0543489,35.9121065],[139.0543554,35.9121064],[139.0543622,35.9121061],[139.0543654,35.9121058],[139.0543721,35.912105],[139.0543725,35.912105],[139.0543789,35.9121039],[139.0543852,35.9121027],[139.0543856,35.9121026],[139.0543918,35.912101],[139.0543974,35.9120992],[139.0544207,35.9120901],[139.0544719,35.9120717],[139.0544916,35.9120654],[139.054492,35.9120653],[139.0545464,35.9120498],[139.0546037,35.9120407],[139.0546901,35.9120264],[139.0546904,35.9120263],[139.0546913,35.9120261],[139.0546917,35.9120261],[139.0546969,35.9120251],[139.0546972,35.912025],[139.054703,35.9120243],[139.0547089,35.9120238],[139.0547148,35.9120235],[139.0547208,35.9120235],[139.0547268,35.9120237],[139.0547328,35.9120242],[139.0547386,35.9120251],[139.0547443,35.9120261],[139.0547446,35.9120262],[139.0547502,35.9120274],[139.0547558,35.912029],[139.0547613,35.9120307],[139.0547616,35.9120308],[139.0547667,35.9120328],[139.05477,35.9120341],[139.0547752,35.9120365],[139.0547802,35.9120391],[139.0547849,35.912042],[139.0547897,35.9120451],[139.0547941,35.9120483],[139.0547981,35.9120518],[139.054802,35.9120555],[139.0548059,35.9120593],[139.0548094,35.9120633],[139.0548123,35.9120674],[139.0548159,35.9120723],[139.054818,35.9120764],[139.0548218,35.9120829],[139.0548258,35.912089],[139.0548302,35.912095],[139.054835,35.9121007],[139.0548403,35.9121062],[139.0548444,35.9121102],[139.0548504,35.9121154],[139.0548565,35.9121201],[139.0548632,35.9121248],[139.0548654,35.9121262],[139.05487,35.9121296],[139.0548747,35.9121333],[139.0548791,35.9121371],[139.0548832,35.9121412],[139.0548869,35.9121455],[139.0548906,35.9121499],[139.0548937,35.9121544],[139.0548967,35.9121591],[139.0548993,35.9121639],[139.0549016,35.9121688],[139.0549035,35.9121739],[139.054905,35.9121789],[139.0549063,35.9121842],[139.0549073,35.9121893],[139.0549077,35.9121945],[139.054908,35.9121999],[139.0549079,35.9122051],[139.0549074,35.9122103],[139.0549064,35.9122155],[139.0549054,35.91222],[139.0549041,35.9122238],[139.0548993,35.9122347],[139.0548956,35.9122451],[139.0548923,35.9122556],[139.0548896,35.9122664],[139.0548878,35.9122743],[139.054886,35.9122852],[139.0548848,35.912296],[139.054884,35.9123069],[139.0548839,35.912318],[139.0548839,35.9123198],[139.0548837,35.9123301],[139.0548838,35.9123393],[139.0548846,35.9123485],[139.0548858,35.9123576],[139.0548874,35.9123668],[139.0548888,35.912373],[139.0548913,35.9123821],[139.0548942,35.9123909],[139.0548975,35.9123998],[139.0549013,35.9124085],[139.0549034,35.9124129],[139.0549063,35.9124172],[139.0549099,35.9124222],[139.0549139,35.9124272],[139.0549182,35.912432],[139.0549225,35.9124366],[139.0549273,35.9124411],[139.0549322,35.9124455],[139.0549361,35.9124487],[139.0549413,35.9124527],[139.0549468,35.9124565],[139.0549524,35.9124603],[139.0549586,35.9124638],[139.0549626,35.912466],[139.0549891,35.912486],[139.0550085,35.9125017],[139.0550318,35.9125221],[139.0550453,35.9125348],[139.0550702,35.9125578],[139.0550941,35.9125822],[139.0551155,35.9126058],[139.0551369,35.9126317],[139.0551569,35.9126581],[139.0551621,35.9126652],[139.055166,35.9126704],[139.0551703,35.9126753],[139.0551748,35.9126803],[139.0551763,35.9126817],[139.0551813,35.9126864],[139.0551862,35.9126908],[139.0551913,35.9126951],[139.0551957,35.9126982],[139.0551982,35.9126997],[139.0552029,35.9127031],[139.0552072,35.9127066],[139.0552112,35.9127104],[139.0552146,35.9127145],[139.0552178,35.9127188],[139.0552206,35.9127233],[139.0552228,35.912728],[139.0552247,35.9127328],[139.0552261,35.9127375],[139.0552268,35.9127415],[139.0552273,35.9127464],[139.0552274,35.9127515],[139.0552269,35.9127564],[139.0552261,35.9127614],[139.0552246,35.9127662],[139.0552227,35.912771],[139.0552205,35.9127757],[139.0552177,35.9127801],[139.0552145,35.9127844],[139.055211,35.9127885],[139.055207,35.9127922],[139.0552065,35.9127927],[139.0551972,35.9128039],[139.0551846,35.9128167],[139.0551821,35.9128188],[139.0551685,35.9128307],[139.0551568,35.9128394],[139.0550977,35.9128741],[139.0550625,35.9128943],[139.0550042,35.9129212],[139.0549784,35.912934],[139.0549242,35.9129627],[139.0548714,35.9129933],[139.0548558,35.9130028],[139.054851,35.9130055],[139.0548476,35.9130076],[139.0548443,35.9130098],[139.0548411,35.913012],[139.054838,35.9130145],[139.054835,35.9130171],[139.0548322,35.9130196],[139.0548295,35.9130223],[139.0548269,35.9130252],[139.0548245,35.9130281],[139.0548222,35.913031],[139.05482,35.9130343],[139.0548192,35.9130355],[139.0548173,35.9130388],[139.0548156,35.9130421],[139.054814,35.9130453],[139.0548126,35.9130486],[139.0548114,35.913052],[139.0548104,35.9130554],[139.0548095,35.9130588],[139.0548089,35.9130622],[139.0548084,35.913066],[139.0548084,35.9130866],[139.0548095,35.9131079],[139.0548107,35.9131206],[139.0548136,35.9131417],[139.0548176,35.9131629],[139.0548183,35.9131666],[139.054819,35.9131814],[139.0548189,35.9131949],[139.054818,35.9132084],[139.0548174,35.9132147],[139.0548155,35.9132279],[139.0548131,35.9132413],[139.0548098,35.9132545],[139.054807,35.9132647],[139.05478,35.913314],[139.054763,35.9133445],[139.0547598,35.913352],[139.0547567,35.9133603],[139.054754,35.9133689],[139.0547534,35.9133709],[139.0547513,35.9133796],[139.0547496,35.9133882],[139.0547484,35.9133967],[139.0547476,35.9134055],[139.0547474,35.9134123],[139.0547469,35.91342],[139.0547462,35.9134284],[139.0547449,35.9134367],[139.0547433,35.9134449],[139.0547412,35.9134531],[139.0547387,35.9134612],[139.0547358,35.9134692],[139.0547325,35.9134769],[139.0547322,35.9134777],[139.0547286,35.9134852],[139.0547244,35.9134928],[139.0547199,35.9135003],[139.054715,35.9135077],[139.0547097,35.9135148],[139.054704,35.9135218],[139.0546981,35.9135285],[139.0546944,35.9135323],[139.0546825,35.9135443],[139.0546717,35.9135559],[139.0546615,35.9135679],[139.0546519,35.9135803],[139.0546431,35.9135929],[139.0546366,35.9136031],[139.0546346,35.9136102],[139.0546324,35.9136201],[139.0546307,35.9136302],[139.0546294,35.9136403],[139.0546292,35.9136435],[139.0546287,35.9136538],[139.0546287,35.9136638],[139.0546292,35.913674],[139.05463,35.913682],[139.054631,35.9136995],[139.054631,35.9137173],[139.0546303,35.9137349],[139.0546291,35.9137477],[139.0546267,35.9137651],[139.0546234,35.9137827],[139.0546192,35.9137998],[139.0546187,35.9138021],[139.0545861,35.9138783],[139.0545585,35.9139473],[139.0545537,35.9139592],[139.0545482,35.9139714],[139.054542,35.9139834],[139.0545352,35.9139953],[139.0545278,35.914007],[139.0545198,35.9140182],[139.0545112,35.9140293],[139.0545021,35.91404],[139.0544968,35.9140458],[139.054487,35.9140559],[139.0544765,35.9140658],[139.0544655,35.9140753],[139.054454,35.9140845],[139.0544421,35.9140933],[139.0544299,35.9141015],[139.0544244,35.9141051],[139.054334,35.9141545],[139.0542463,35.9142053],[139.0541653,35.9142484],[139.0540988,35.9142871],[139.0540231,35.9143346],[139.054005,35.9143467],[139.053869,35.9144424],[139.0537782,35.9145093],[139.0537485,35.91453],[139.0537177,35.9145496],[139.053686,35.914568],[139.0536851,35.9145684],[139.0536527,35.9145858],[139.0536192,35.914602],[139.0536001,35.9146105],[139.0535998,35.9146107],[139.0535556,35.9146246],[139.0535125,35.9146365],[139.0535121,35.9146366],[139.0535067,35.914638],[139.0534628,35.9146483],[139.0534548,35.9146499],[139.0534184,35.914657],[139.0534137,35.9146579],[139.0533969,35.9146609],[139.0533863,35.9146624],[139.0533792,35.9146633],[139.0533616,35.9146652],[139.0533613,35.9146652],[139.0533502,35.914666],[139.0533436,35.9146665],[139.0533259,35.9146671],[139.0533159,35.9146672],[139.0532982,35.9146669],[139.0532805,35.9146661],[139.0532801,35.914666],[139.0532625,35.9146645],[139.0532449,35.9146624],[139.0532333,35.9146607],[139.0531733,35.9146476],[139.0531729,35.9146475],[139.0531316,35.9146393],[139.0531244,35.9146383],[139.053124,35.9146383],[139.0531164,35.9146374],[139.0531087,35.9146369],[139.0531083,35.9146368],[139.0531008,35.9146365],[139.0531005,35.9146365],[139.0530928,35.9146366],[139.053085,35.9146368],[139.0530847,35.9146368],[139.0530772,35.9146372],[139.0530768,35.9146373],[139.0530691,35.914638],[139.0530613,35.914639],[139.0530534,35.9146404],[139.0530503,35.914641],[139.0530424,35.9146428],[139.0530349,35.9146447],[139.0530275,35.9146469],[139.0530204,35.9146493],[139.05302,35.9146494],[139.053013,35.9146521],[139.053006,35.914655],[139.0529993,35.9146582],[139.0529917,35.9146619],[139.0529829,35.9146649],[139.0529773,35.914667],[139.052972,35.9146692],[139.0529666,35.9146717],[139.0529613,35.9146744],[139.0529563,35.9146772],[139.0529513,35.9146802],[139.0529465,35.9146834],[139.0529419,35.9146867],[139.0529375,35.9146902],[139.0529332,35.9146937],[139.0529293,35.9146974],[139.0529254,35.9147013],[139.0529217,35.9147053],[139.0529182,35.9147094],[139.052915,35.9147137],[139.0529121,35.9147181],[139.0529092,35.9147225],[139.0529066,35.9147271],[139.0529043,35.9147318],[139.0529022,35.9147365],[139.0529004,35.9147413],[139.0528988,35.9147462],[139.0528974,35.9147509],[139.0528966,35.9147615],[139.0528961,35.9147733],[139.0529055,35.9148408],[139.0529058,35.914842],[139.0529074,35.9148481],[139.0529096,35.9148539],[139.0529124,35.9148597],[139.0529157,35.9148653],[139.0529195,35.9148707],[139.0529238,35.9148758],[139.0529286,35.9148805],[139.0529304,35.914882],[139.0529358,35.9148864],[139.0529416,35.9148904],[139.0529478,35.914894],[139.052954,35.9148972],[139.0529606,35.9148999],[139.052961,35.9149],[139.0530107,35.9149092],[139.0530947,35.9149217],[139.0531892,35.9149373],[139.053211,35.9149411],[139.0532235,35.9149427],[139.0532242,35.9149428],[139.0532338,35.914944],[139.0532474,35.914945],[139.0532567,35.9149457],[139.0532799,35.9149462],[139.0532918,35.914946],[139.0533149,35.9149448],[139.0533152,35.9149447],[139.0533378,35.9149423],[139.0533604,35.9149387],[139.053382,35.9149342],[139.0533957,35.9149298],[139.0534512,35.9149103],[139.0534877,35.9148955],[139.0535415,35.9148708],[139.0536223,35.9148367],[139.0537065,35.9148031],[139.0537743,35.91478],[139.053859,35.9147552],[139.0538646,35.9147534],[139.0538729,35.9147512],[139.0538732,35.9147511],[139.0538817,35.9147493],[139.0538866,35.9147486],[139.0538906,35.914748],[139.0538962,35.9147474],[139.0538995,35.9147471],[139.0539084,35.9147466],[139.0539175,35.9147466],[139.0539263,35.914747],[139.0539267,35.914747],[139.0539354,35.9147479],[139.053944,35.9147492],[139.0539444,35.9147493],[139.0539529,35.914751],[139.0539606,35.9147531],[139.0539609,35.9147532],[139.053969,35.9147557],[139.0539693,35.9147558],[139.0539773,35.9147589],[139.0539852,35.9147623],[139.0539928,35.9147662],[139.0540003,35.9147704],[139.0540073,35.9147751],[139.0540139,35.91478],[139.05402,35.9147854],[139.0540259,35.9147909],[139.0540326,35.9147983],[139.05404,35.9148121],[139.0540458,35.9148245],[139.0540507,35.914837],[139.0540548,35.9148499],[139.0540579,35.9148629],[139.0540602,35.914876],[139.0540617,35.9148889],[139.0540617,35.9148896],[139.0540622,35.9149025],[139.0540619,35.9149159],[139.0540606,35.914929],[139.0540585,35.9149422],[139.0540555,35.9149552],[139.0540516,35.9149681],[139.0540476,35.914979],[139.0540471,35.9149805],[139.0540433,35.915],[139.0540409,35.9150194],[139.0540397,35.9150368],[139.0540397,35.9150562],[139.0540412,35.9150785],[139.0540409,35.9150812],[139.0540402,35.9150866],[139.05404,35.9150918],[139.0540401,35.9150969],[139.0540406,35.915102],[139.0540414,35.9151071],[139.0540425,35.9151121],[139.0540442,35.9151174],[139.0540444,35.915118],[139.0540463,35.9151232],[139.0540486,35.9151279],[139.0540511,35.9151326],[139.0540539,35.9151373],[139.0540571,35.9151417],[139.0540606,35.915146],[139.0540643,35.9151501],[139.0540684,35.9151541],[139.0540735,35.9151588],[139.054121,35.9152041],[139.0541259,35.9152092],[139.0541305,35.9152134],[139.0541353,35.9152173],[139.0541403,35.9152209],[139.0541455,35.9152245],[139.0541512,35.9152277],[139.054157,35.9152307],[139.054161,35.9152325],[139.0541672,35.9152351],[139.0541732,35.9152374],[139.0541796,35.9152394],[139.0541861,35.915241],[139.0541927,35.9152424],[139.0541993,35.9152435],[139.0542061,35.9152444],[139.0542127,35.9152449],[139.0542131,35.9152449],[139.0542191,35.9152451],[139.0542865,35.915242],[139.0543743,35.9152378],[139.054383,35.9152366],[139.0543834,35.9152366],[139.0544078,35.9152341],[139.0544082,35.915234],[139.0544332,35.9152326],[139.0544584,35.9152323],[139.0544834,35.9152331],[139.0544918,35.9152336],[139.0544923,35.9152336],[139.0544951,35.9152338],[139.0544955,35.9152338],[139.0545199,35.9152362],[139.0545203,35.9152363],[139.054545,35.9152397],[139.0545694,35.9152444],[139.0545697,35.9152445],[139.0545953,35.9152505],[139.0546055,35.9152544],[139.0546192,35.9152603],[139.0546328,35.9152668],[139.0546455,35.9152739],[139.054658,35.9152815],[139.0546698,35.9152895],[139.0546712,35.9152906],[139.0546822,35.9152992],[139.054693,35.9153084],[139.054703,35.9153181],[139.0547124,35.9153282],[139.0547211,35.9153388],[139.054729,35.9153497],[139.054738,35.9153636],[139.0547405,35.9153749],[139.054743,35.9153882],[139.0547444,35.9154017],[139.0547449,35.9154153],[139.0547444,35.9154289],[139.0547432,35.9154421],[139.0547431,35.9154429],[139.0547409,35.915456],[139.0547379,35.9154693],[139.0547338,35.9154826],[139.0547289,35.9154956],[139.0547242,35.9155061],[139.0547223,35.915513],[139.0547198,35.9155257],[139.054718,35.9155384],[139.0547208,35.9155587],[139.0547259,35.9155729],[139.0547352,35.9156001],[139.0547468,35.9156257],[139.054761,35.9156507],[139.0547673,35.9156602],[139.0548064,35.9157195],[139.0548424,35.9157794],[139.0548461,35.9157868],[139.0548492,35.9157945],[139.0548515,35.9158024],[139.054853,35.9158105],[139.0548539,35.9158186],[139.0548539,35.9158267],[139.054853,35.9158349],[139.0548515,35.9158429],[139.0548491,35.9158509],[139.0548462,35.9158584],[139.0548436,35.9158637],[139.0548393,35.9158709],[139.0548343,35.915878],[139.0548286,35.9158847],[139.0548224,35.9158911],[139.0548154,35.915897],[139.0548081,35.9159024],[139.0547999,35.9159074],[139.054792,35.9159116],[139.0547909,35.9159122],[139.0547386,35.9159405],[139.0547015,35.9159578],[139.0546458,35.9159802],[139.0545061,35.9160351],[139.0544112,35.9160702],[139.0543704,35.9160819],[139.0543321,35.916094],[139.0542942,35.9161071],[139.054279,35.9161127],[139.0542416,35.9161271],[139.0542052,35.9161425],[139.0541694,35.9161588],[139.0541389,35.9161737],[139.0541336,35.9161759],[139.0541298,35.9161775],[139.0541263,35.9161792],[139.0541229,35.9161811],[139.0541196,35.9161829],[139.0541162,35.916185],[139.054113,35.916187],[139.0541098,35.9161892],[139.0541066,35.9161914],[139.0541036,35.9161937],[139.0541007,35.9161962],[139.0540979,35.9161987],[139.0540952,35.9162012],[139.0540926,35.9162038],[139.0540901,35.9162065],[139.0540876,35.9162092],[139.0540854,35.916212],[139.0540831,35.9162149],[139.054081,35.9162178],[139.0540794,35.9162201],[139.0540775,35.9162231],[139.0540758,35.9162262],[139.0540741,35.9162293],[139.0540727,35.9162324],[139.0540712,35.9162356],[139.0540699,35.9162388],[139.0540688,35.916242],[139.0540678,35.9162453],[139.0540668,35.9162486],[139.054066,35.9162519],[139.0540654,35.9162552],[139.0540649,35.9162586],[139.0540645,35.916262],[139.0540641,35.9162653],[139.0540593,35.9162906],[139.0540538,35.916315],[139.0540472,35.916339],[139.0540453,35.9163457],[139.0540376,35.9163695],[139.054029,35.9163931],[139.0540257,35.9164015],[139.0540079,35.9164514],[139.0539878,35.9165016],[139.0539832,35.9165127],[139.0539608,35.916562],[139.0539552,35.9165739],[139.0539217,35.9166449],[139.05391016366667,35.916666666666664],[139.05387042032518,35.916666666666664]]]},"properties":{"layer":"landuse","class_code":"215","class_label":"道路用地（道路、駅前広場、私有地内に存在する沿道用途の「私道」または、私有地の一部分であるものの公共の通行に供されている土地の部分）"}},{"type":"Feature","id":"luse_5e3c8556-72c4-47a7-91cb-73d72644b88e","geometry":{"type":"Polygon","coordinates":[[[139.0625,35.916666666666664],[139.0625,35.90833333333333],[139.0625,35.90833333333333],[139.0625,35.916666666666664],[139.0625,35.916666666666664]]]},"properties":{"layer":"landuse","class_code":"215","class_label":"道路用地（道路、駅前広場、私有地内に存在する沿道用途の「私道」または、私有地の一部分であるものの公共の通行に供されている土地の部分）"}},{"type":"Feature","id":"luse_0ba131cc-50a2-4149-aedf-32275fd0a21b","geometry":{"type":"MultiPolygon","coordinates":[[[[139.05,35.916666666666664],[139.05,35.90833333333333],[139.0625,35.90833333333333],[139.0625,35.916666666666664],[139.05,35.916666666666664]]],[[[139.05391016366667,35.916666666666664],[139.0539217,35.9166449],[139.0539552,35.9165739],[139.0539608,35.916562],[139.0539832,35.9165127],[139.0539878,35.9165016],[139.0540079,35.9164514],[139.0540257,35.9164015],[139.054029,35.9163931],[139.0540376,35.9163695],[139.0540453,35.9163457],[139.0540472,35.916339],[139.0540538,35.916315],[139.0540593,35.9162906],[139.0540641,35.9162653],[139.0540645,35.916262],[139.0540649,35.9162586],[139.0540654,35.9162552],[139.054066,35.9162519],[139.0540668,35.9162486],[139.0540678,35.9162453],[139.0540688,35.916242],[139.0540699,35.9162388],[139.0540712,35.9162356],[139.0540727,35.9162324],[139.0540741,35.9162293],[139.0540758,35.9162262],[139.0540775,35.9162231],[139.0540794,35.9162201],[139.054081,35.9162178],[139.0540831,35.9162149],[139.0540854,35.916212],[139.0540876,35.9162092],[139.0540901,35.9162065],[139.0540926,35.9162038],[139.0540952,35.9162012],[139.0540979,35.9161987],[139.0541007,35.9161962],[139.0541036,35.9161937],[139.0541066,35.9161914],[139.0541098,35.9161892],[139.054113,35.916187],[139.0541162,35.916185],[139.0541196,35.9161829],[139.0541229,35.9161811],[139.0541263,35.9161792],[139.0541298,35.9161775],[139.0541336,35.9161759],[139.0541389,35.9161737],[139.0541694,35.9161588],[139.0542052,35.9161425],[139.0542416,35.9161271],[139.054279,35.9161127],[139.0542942,35.9161071],[139.0543321,35.916094],[139.0543704,35.9160819],[139.0544112,35.9160702],[139.0545061,35.9160351],[139.0546458,35.9159802],[139.0547015,35.9159578],[139.0547386,35.9159405],[139.0547909,35.9159122],[139.054792,35.9159116],[139.0547999,35.9159074],[139.0548081,35.9159024],[139.0548154,35.915897],[139.0548224,35.9158911],[139.0548286,35.9158847],[139.0548343,35.915878],[139.0548393,35.9158709],[139.0548436,35.9158637],[139.0548462,35.9158584],[139.0548491,35.9158509],[139.0548515,35.9158429],[139.054853,35.9158349],[139.0548539,35.9158267],[139.0548539,35.9158186],[139.054853,35.9158105],[139.0548515,35.9158024],[139.0548492,35.9157945],[139.0548461,35.9157868],[139.0548424,35.9157794],[139.0548064,35.9157195],[139.0547673,35.9156602],[139.054761,35.9156507],[139.0547468,35.9156257],[139.0547352,35.9156001],[139.0547259,35.9155729],[139.0547208,35.9155587],[139.054718,35.9155384],[139.0547198,35.9155257],[139.0547223,35.915513],[139.0547242,35.9155061],[139.0547289,35.9154956],[139.0547338,35.9154826],[139.0547379,35.9154693],[139.0547409,35.915456],[139.0547431,35.9154429],[139.0547432,35.9154421],[139.0547444,35.9154289],[139.0547449,35.9154153],[139.0547444,35.9154017],[139.054743,35.9153882],[139.0547405,35.9153749],[139.054738,35.9153636],[139.054729,35.9153497],[139.0547211,35.9153388],[139.0547124,35.9153282],[139.054703,35.9153181],[139.054693,35.9153084],[139.0546822,35.9152992],[139.0546712,35.9152906],[139.0546698,35.9152895],[139.054658,35.9152815],[139.0546455,35.9152739],[139.0546328,35.9152668],[139.0546192,35.9152603],[139.0546055,35.9152544],[139.0545953,35.9152505],[139.0545697,35.9152445],[139.0545694,35.9152444],[139.054545,35.9152397],[139.0545203,35.9152363],[139.0545199,35.9152362],[139.0544955,35.9152338],[139.0544951,35.9152338],[139.0544923,35.9152336],[139.0544918,35.9152336],[139.0544834,35.9152331],[139.0544584,35.9152323],[139.0544332,35.9152326],[139.0544082,35.915234],[139.0544078,35.9152341],[139.0543834,35.9152366],[139.054383,35.9152366],[139.0543743,35.9152378],[139.0542865,35.915242],[139.0542191,35.9152451],[139.0542131,35.9152449],[139.0542127,35.9152449],[139.0542061,35.9152444],[139.0541993,35.9152435],[139.0541927,35.9152424],[139.0541861,35.915241],[139.0541796,35.9152394],[139.0541732,35.9152374],[139.0541672,35.9152351],[139.054161,35.9152325],[139.054157,35.9152307],[139.0541512,35.9152277],[139.0541455,35.9152245],[139.0541403,35.9152209],[139.0541353,35.9152173],[139.0541305,35.9152134],[139.0541259,35.9152092],[139.054121,35.9152041],[139.0540735,35.9151588],[139.0540684,35.9151541],[139.0540643,35.9151501],[139.0540606,35.915146],[139.0540571,35.9151417],[139.0540539,35.9151373],[139.0540511,35.9151326],[139.0540486,35.9151279],[139.0540463,35.9151232],[139.0540444,35.915118],[139.0540442,35.9151174],[139.0540425,35.9151121],[139.0540414,35.9151071],[139.0540406,35.915102],[139.0540401,35.9150969],[139.05404,35.9150918],[139.0540402,35.9150866],[139.0540409,35.9150812],[139.0540412,35.9150785],[139.0540397,35.9150562],[139.0540397,35.9150368],[139.0540409,35.9150194],[139.0540433,35.915],[139.0540471,35.9149805],[139.0540476,35.914979],[139.0540516,35.9149681],[139.0540555,35.9149552],[139.0540585,35.9149422],[139.0540606,35.914929],[139.0540619,35.9149159],[139.0540622,35.9149025],[139.0540617,35.9148896],[139.0540617,35.9148889],[139.0540602,35.914876],[139.0540579,35.9148629],[139.0540548,35.9148499],[139.0540507,35.914837],[139.0540458,35.9148245],[139.05404,35.9148121],[139.0540326,35.9147983],[139.0540259,35.9147909],[139.05402,35.9147854],[139.0540139,35.91478],[139.0540073,35.9147751],[139.0540003,35.9147704],[139.0539928,35.9147662],[139.0539852,35.9147623],[139.0539773,35.9147589],[139.0539693,35.9147558],[139.053969,35.9147557],[139.0539609,35.9147532],[139.0539606,35.9147531],[139.0539529,35.914751],[139.0539444,35.9147493],[139.053944,35.9147492],[139.0539354,35.9147479],[139.0539267,35.914747],[139.0539263,35.914747],[139.0539175,35.9147466],[139.0539084,35.9147466],[139.0538995,35.9147471],[139.0538962,35.9147474],[139.0538906,35.914748],[139.0538866,35.9147486],[139.0538817,35.9147493],[139.0538732,35.9147511],[139.0538729,35.9147512],[139.0538646,35.9147534],[139.053859,35.9147552],[139.0537743,35.91478],[139.0537065,35.9148031],[139.0536223,35.9148367],[139.0535415,35.9148708],[139.0534877,35.9148955],[139.0534512,35.9149103],[139.0533957,35.9149298],[139.053382,35.9149342],[139.0533604,35.9149387],[139.0533378,35.9149423],[139.0533152,35.9149447],[139.0533149,35.9149448],[139.0532918,35.914946],[139.0532799,35.9149462],[139.0532567,35.9149457],[139.0532474,35.914945],[139.0532338,35.914944],[139.0532242,35.9149428],[139.0532235,35.9149427],[139.053211,35.9149411],[139.0531892,35.9149373],[139.0530947,35.9149217],[139.0530107,35.9149092],[139.052961,35.9149],[139.0529606,35.9148999],[139.052954,35.9148972],[139.0529478,35.914894],[139.0529416,35.9148904],[139.0529358,35.9148864],[139.0529304,35.914882],[139.0529286,35.9148805],[139.0529238,35.9148758],[139.0529195,35.9148707],[139.0529157,35.9148653],[139.0529124,35.9148597],[139.0529096,35.9148539],[139.0529074,35.9148481],[139.0529058,35.914842],[139.0529055,35.9148408],[139.0528961,35.9147733],[139.0528966,35.9147615],[139.0528974,35.9147509],[139.0528988,35.9147462],[139.0529004,35.9147413],[139.0529022,35.9147365],[139.0529043,35.9147318],[139.0529066,35.9147271],[139.0529092,35.9147225],[139.0529121,35.9147181],[139.052915,35.9147137],[139.0529182,35.9147094],[139.0529217,35.9147053],[139.0529254,35.9147013],[139.0529293,35.9146974],[139.0529332,35.9146937],[139.0529375,35.9146902],[139.0529419,35.9146867],[139.0529465,35.9146834],[139.0529513,35.9146802],[139.0529563,35.9146772],[139.0529613,35.9146744],[139.0529666,35.9146717],[139.052972,35.9146692],[139.0529773,35.914667],[139.0529829,35.9146649],[139.0529917,35.9146619],[139.0529993,35.9146582],[139.053006,35.914655],[139.053013,35.9146521],[139.05302,35.9146494],[139.0530204,35.9146493],[139.0530275,35.9146469],[139.0530349,35.9146447],[139.0530424,35.9146428],[139.0530503,35.914641],[139.0530534,35.9146404],[139.0530613,35.914639],[139.0530691,35.914638],[139.0530768,35.9146373],[139.0530772,35.9146372],[139.0530847,35.9146368],[139.053085,35.9146368],[139.0530928,35.9146366],[139.0531005,35.9146365],[139.0531008,35.9146365],[139.0531083,35.9146368],[139.0531087,35.9146369],[139.0531164,35.9146374],[139.053124,35.9146383],[139.0531244,35.9146383],[139.0531316,35.9146393],[139.0531729,35.9146475],[139.0531733,35.9146476],[139.0532333,35.9146607],[139.0532449,35.9146624],[139.0532625,35.9146645],[139.0532801,35.914666],[139.0532805,35.9146661],[139.0532982,35.9146669],[139.0533159,35.9146672],[139.0533259,35.9146671],[139.0533436,35.9146665],[139.0533502,35.914666],[139.0533613,35.9146652],[139.0533616,35.9146652],[139.0533792,35.9146633],[139.0533863,35.9146624],[139.0533969,35.9146609],[139.0534137,35.9146579],[139.0534184,35.914657],[139.0534548,35.9146499],[139.0534628,35.9146483],[139.0535067,35.914638],[139.0535121,35.9146366],[139.0535125,35.9146365],[139.0535556,35.9146246],[139.0535998,35.9146107],[139.0536001,35.9146105],[139.0536192,35.914602],[139.0536527,35.9145858],[139.0536851,35.9145684],[139.053686,35.914568],[139.0537177,35.9145496],[139.0537485,35.91453],[139.0537782,35.9145093],[139.053869,35.9144424],[139.054005,35.9143467],[139.0540231,35.9143346],[139.0540988,35.9142871],[139.0541653,35.9142484],[139.0542463,35.9142053],[139.054334,35.9141545],[139.0544244,35.9141051],[139.0544299,35.9141015],[139.0544421,35.9140933],[139.054454,35.9140845],[139.0544655,35.9140753],[139.0544765,35.9140658],[139.054487,35.9140559],[139.0544968,35.9140458],[139.0545021,35.91404],[139.0545112,35.9140293],[139.0545198,35.9140182],[139.0545278,35.914007],[139.0545352,35.9139953],[139.054542,35.9139834],[139.0545482,35.9139714],[139.0545537,35.9139592],[139.0545585,35.9139473],[139.0545861,35.9138783],[139.0546187,35.9138021],[139.0546192,35.9137998],[139.0546234,35.9137827],[139.0546267,35.9137651],[139.0546291,35.9137477],[139.0546303,35.9137349],[139.054631,35.9137173],[139.054631,35.9136995],[139.05463,35.913682],[139.0546292,35.913674],[139.0546287,35.9136638],[139.0546287,35.9136538],[139.0546292,35.9136435],[139.0546294,35.9136403],[139.0546307,35.9136302],[139.0546324,35.9136201],[139.0546346,35.9136102],[139.0546366,35.9136031],[139.0546431,35.9135929],[139.0546519,35.9135803],[139.0546615,35.9135679],[139.0546717,35.9135559],[139.0546825,35.9135443],[139.0546944,35.9135323],[139.0546981,35.9135285],[139.054704,35.9135218],[139.0547097,35.9135148],[139.054715,35.9135077],[139.0547199,35.9135003],[139.0547244,35.9134928],[139.0547286,35.9134852],[139.0547322,35.9134777],[139.0547325,35.9134769],[139.0547358,35.9134692],[139.0547387,35.9134612],[139.0547412,35.9134531],[139.0547433,35.9134449],[139.0547449,35.9134367],[139.0547462,35.9134284],[139.0547469,35.91342],[139.0547474,35.9134123],[139.0547476,35.9134055],[139.0547484,35.9133967],[139.0547496,35.9133882],[139.0547513,35.9133796],[139.0547534,35.9133709],[139.054754,35.9133689],[139.0547567,35.9133603],[139.0547598,35.913352],[139.054763,35.9133445],[139.05478,35.913314],[139.054807,35.9132647],[139.0548098,35.9132545],[139.0548131,35.9132413],[139.0548155,35.9132279],[139.0548174,35.9132147],[139.054818,35.9132084],[139.0548189,35.9131949],[139.054819,35.9131814],[139.0548183,35.9131666],[139.0548176,35.9131629],[139.0548136,35.9131417],[139.0548107,35.9131206],[139.0548095,35.9131079],[139.0548084,35.9130866],[139.0548084,35.913066],[139.0548089,35.9130622],[139.0548095,35.9130588],[139.0548104,35.9130554],[139.0548114,35.913052],[139.0548126,35.9130486],[139.054814,35.9130453],[139.0548156,35.9130421],[139.0548173,35.9130388],[139.0548192,35.9130355],[139.05482,35.9130343],[139.0548222,35.913031],[139.0548245,35.9130281],[139.0548269,35.9130252],[139.0548295,35.9130223],[139.0548322,35.9130196],[139.054835,35.9130171],[139.054838,35.9130145],[139.0548411,35.913012],[139.0548443,35.9130098],[139.0548476,35.9130076],[139.054851,35.9130055],[139.0548558,35.9130028],[139.0548714,35.9129933],[139.0549242,35.9129627],[139.0549784,35.912934],[139.0550042,35.9129212],[139.0550625,35.9128943],[139.0550977,35.9128741],[139.0551568,35.9128394],[139.0551685,35.9128307],[139.0551821,35.9128188],[139.0551846,35.9128167],[139.0551972,35.9128039],[139.0552065,35.9127927],[139.055207,35.9127922],[139.055211,35.9127885],[139.0552145,35.9127844],[139.0552177,35.9127801],[139.0552205,35.9127757],[139.0552227,35.912771],[139.0552246,35.9127662],[139.0552261,35.9127614],[139.0552269,35.9127564],[139.0552274,35.9127515],[139.0552273,35.9127464],[139.0552268,35.9127415],[139.0552261,35.9127375],[139.0552247,35.9127328],[139.0552228,35.912728],[139.0552206,35.9127233],[139.0552178,35.9127188],[139.0552146,35.9127145],[139.0552112,35.9127104],[139.0552072,35.9127066],[139.0552029,35.9127031],[139.0551982,35.9126997],[139.0551957,35.9126982],[139.0551913,35.9126951],[139.0551862,35.9126908],[139.0551813,35.9126864],[139.0551763,35.9126817],[139.0551748,35.9126803],[139.0551703,35.9126753],[139.055166,35.9126704],[139.0551621,35.9126652],[139.0551569,35.9126581],[139.0551369,35.9126317],[139.0551155,35.9126058],[139.0550941,35.9125822],[139.0550702,35.9125578],[139.0550453,35.9125348],[139.0550318,35.9125221],[139.0550085,35.9125017],[139.0549891,35.912486],[139.0549626,35.912466],[139.0549586,35.9124638],[139.0549524,35.9124603],[139.0549468,35.9124565],[139.0549413,35.9124527],[139.0549361,35.9124487],[139.0549322,35.9124455],[139.0549273,35.9124411],[139.0549225,35.9124366],[139.0549182,35.912432],[139.0549139,35.9124272],[139.0549099,35.9124222],[139.0549063,35.9124172],[139.0549034,35.9124129],[139.0549013,35.9124085],[139.0548975,35.9123998],[139.0548942,35.9123909],[139.0548913,35.9123821],[139.0548888,35.912373],[139.0548874,35.9123668],[139.0548858,35.9123576],[139.0548846,35.9123485],[139.0548838,35.9123393],[139.0548837,35.9123301],[139.0548839,35.9123198],[139.0548839,35.912318],[139.054884,35.9123069],[139.0548848,35.912296],[139.054886,35.9122852],[139.0548878,35.9122743],[139.0548896,35.9122664],[139.0548923,35.9122556],[139.0548956,35.9122451],[139.0548993,35.9122347],[139.0549041,35.9122238],[139.0549054,35.91222],[139.0549064,35.9122155],[139.0549074,35.9122103],[139.0549079,35.9122051],[139.054908,35.9121999],[139.0549077,35.9121945],[139.0549073,35.9121893],[139.0549063,35.9121842],[139.054905,35.9121789],[139.0549035,35.9121739],[139.0549016,35.9121688],[139.0548993,35.9121639],[139.0548967,35.9121591],[139.0548937,35.9121544],[139.0548906,35.9121499],[139.0548869,35.9121455],[139.0548832,35.9121412],[139.0548791,35.9121371],[139.0548747,35.9121333],[139.05487,35.9121296],[139.0548654,35.9121262],[139.0548632,35.9121248],[139.0548565,35.9121201],[139.0548504,35.9121154],[139.0548444,35.9121102],[139.0548403,35.9121062],[139.054835,35.9121007],[139.0548302,35.912095],[139.0548258,35.912089],[139.0548218,35.9120829],[139.054818,35.9120764],[139.0548159,35.9120723],[139.0548123,35.9120674],[139.0548094,35.9120633],[139.0548059,35.9120593],[139.054802,35.9120555],[139.0547981,35.9120518],[139.0547941,35.9120483],[139.0547897,35.9120451],[139.0547849,35.912042],[139.0547802,35.9120391],[139.0547752,35.9120365],[139.05477,35.9120341],[139.0547667,35.9120328],[139.0547616,35.9120308],[139.0547613,35.9120307],[139.0547558,35.912029],[139.0547502,35.9120274],[139.0547446,35.9120262],[139.0547443,35.9120261],[139.0547386,35.9120251],[139.0547328,35.9120242],[139.0547268,35.9120237],[139.0547208,35.9120235],[139.0547148,35.9120235],[139.0547089,35.9120238],[139.054703,35.9120243],[139.0546972,35.912025],[139.0546969,35.9120251],[139.0546917,35.9120261],[139.0546913,35.9120261],[139.0546904,35.9120263],[139.0546901,35.9120264],[139.0546037,35.9120407],[139.0545464,35.9120498],[139.054492,35.9120653],[139.0544916,35.9120654],[139.0544719,35.9120717],[139.0544207,35.9120901],[139.0543974,35.9120992],[139.0543918,35.912101],[139.0543856,35.9121026],[139.0543852,35.9121027],[139.0543789,35.9121039],[139.0543725,35.912105],[139.0543721,35.912105],[139.0543654,35.9121058],[139.0543622,35.9121061],[139.0543554,35.9121064],[139.0543489,35.9121065],[139.0543485,35.9121065],[139.0543417,35.9121061],[139.0543413,35.9121061],[139.0543382,35.9121059],[139.0543378,35.9121058],[139.0543356,35.9121056],[139.0543352,35.9121055],[139.0543329,35.9121051],[139.0543326,35.9121051],[139.0543301,35.9121045],[139.0543276,35.9121039],[139.0543253,35.9121032],[139.0543249,35.9121031],[139.0543226,35.9121022],[139.0543202,35.9121012],[139.0543183,35.9121003],[139.0543162,35.9120991],[139.0543139,35.9120978],[139.054312,35.9120964],[139.05431,35.9120949],[139.054308,35.9120934],[139.0543063,35.9120918],[139.0543046,35.91209],[139.0543031,35.9120882],[139.0543015,35.9120861],[139.0543003,35.9120845],[139.0542966,35.9120803],[139.0542932,35.9120758],[139.0542902,35.9120711],[139.0542874,35.9120663],[139.0542851,35.9120613],[139.0542838,35.9120581],[139.054282,35.9120528],[139.0542808,35.9120476],[139.0542799,35.9120424],[139.0542794,35.9120371],[139.0542794,35.9120317],[139.0542798,35.9120246],[139.0542797,35.9120215],[139.0542797,35.9120187],[139.0542799,35.9120158],[139.05428,35.912013],[139.0542803,35.9120101],[139.0542806,35.9120073],[139.0542811,35.9120045],[139.0542817,35.9120017],[139.0542822,35.9119989],[139.0542829,35.9119961],[139.0542837,35.9119933],[139.0542846,35.9119906],[139.0542856,35.9119878],[139.0542867,35.9119851],[139.0542878,35.9119824],[139.0542889,35.9119797],[139.05429,35.9119776],[139.0542913,35.911975],[139.0542928,35.9119724],[139.0542944,35.9119698],[139.0542959,35.9119673],[139.0542976,35.9119648],[139.0542994,35.9119624],[139.0543012,35.91196],[139.0543031,35.9119575],[139.0543051,35.9119552],[139.0543072,35.9119529],[139.0543093,35.9119506],[139.0543114,35.9119484],[139.0543138,35.9119462],[139.054316,35.9119441],[139.0543185,35.911942],[139.0543218,35.9119393],[139.054336,35.9119262],[139.054365,35.9118984],[139.0543932,35.91187],[139.0544168,35.9118451],[139.0544434,35.9118156],[139.0544686,35.9117861],[139.0544729,35.9117812],[139.0544902,35.9117611],[139.054507,35.9117406],[139.0545231,35.9117198],[139.0545292,35.9117116],[139.0545444,35.9116904],[139.054559,35.9116688],[139.0545722,35.911648],[139.0545751,35.9116439],[139.0545839,35.9116317],[139.0545923,35.9116192],[139.0546004,35.9116065],[139.0546079,35.9115938],[139.0546102,35.9115897],[139.0546173,35.9115768],[139.0546241,35.9115637],[139.0546303,35.9115503],[139.0546362,35.9115369],[139.0546418,35.9115233],[139.0546433,35.9115191],[139.0546561,35.9114822],[139.0546602,35.9114698],[139.0546713,35.9114335],[139.0546766,35.9114192],[139.0546816,35.9114042],[139.0546861,35.9113892],[139.0546887,35.9113794],[139.0546924,35.9113643],[139.0546957,35.911349],[139.0546985,35.9113337],[139.054701,35.9113175],[139.0547012,35.9113118],[139.0547016,35.9112972],[139.0547015,35.9112824],[139.054701,35.9112676],[139.0547,35.9112529],[139.0546988,35.9112403],[139.054697,35.9112256],[139.0546947,35.911211],[139.054692,35.9111964],[139.0546889,35.9111818],[139.0546852,35.9111671],[139.0546795,35.9111487],[139.0546706,35.9111223],[139.0546642,35.9111044],[139.054654,35.9110784],[139.0546425,35.9110514],[139.0546385,35.9110445],[139.0546359,35.9110392],[139.0546336,35.9110337],[139.0546318,35.911028],[139.0546306,35.9110233],[139.0546295,35.9110175],[139.0546289,35.9110117],[139.0546289,35.911006],[139.0546292,35.9110002],[139.0546298,35.9109959],[139.0546299,35.9109954],[139.0546319,35.9109906],[139.0546341,35.9109861],[139.0546368,35.9109817],[139.0546397,35.9109775],[139.0546429,35.9109733],[139.0546456,35.9109703],[139.0546581,35.9109578],[139.0546874,35.9109317],[139.0546976,35.9109284],[139.0547035,35.9109273],[139.0547046,35.9109271],[139.0547063,35.9109269],[139.0547078,35.9109268],[139.0547082,35.9109268],[139.0547097,35.9109268],[139.0547112,35.9109269],[139.0547115,35.9109269],[139.0547131,35.9109271],[139.0547147,35.9109275],[139.0547164,35.9109279],[139.0547179,35.9109284],[139.0547194,35.9109291],[139.0547208,35.9109298],[139.0547225,35.9109305],[139.0547238,35.9109315],[139.0547247,35.9109324],[139.0547261,35.9109335],[139.0547271,35.9109346],[139.0547279,35.9109358],[139.0547287,35.910937],[139.0547294,35.9109383],[139.0547299,35.9109397],[139.0547302,35.9109409],[139.0547305,35.9109424],[139.0547307,35.9109437],[139.0547306,35.9109451],[139.0547305,35.9109464],[139.0547303,35.9109479],[139.0547297,35.9109492],[139.0547292,35.9109501],[139.0547234,35.9109598],[139.0547185,35.91097],[139.0547158,35.9109767],[139.0547126,35.9109872],[139.0547104,35.9109979],[139.0547103,35.9110051],[139.0547107,35.9110123],[139.0547114,35.9110196],[139.0547125,35.9110268],[139.0547138,35.9110339],[139.0547157,35.9110411],[139.0547161,35.911043],[139.0547184,35.91105],[139.0547212,35.9110569],[139.0547243,35.9110637],[139.0547276,35.9110705],[139.0547311,35.9110771],[139.0547351,35.9110835],[139.0547396,35.9110899],[139.0547443,35.9110961],[139.0547586,35.9111237],[139.0547761,35.9111614],[139.0547915,35.9111997],[139.0548017,35.9112282],[139.0548137,35.9112673],[139.0548214,35.9113069],[139.0548305,35.9113546],[139.0548319,35.9113628],[139.0548334,35.9113721],[139.054834,35.9113816],[139.0548344,35.9113911],[139.0548344,35.9114006],[139.0548338,35.9114101],[139.0548332,35.9114157],[139.0548317,35.9114251],[139.0548299,35.9114345],[139.0548275,35.9114438],[139.0548246,35.9114529],[139.0548212,35.9114621],[139.0548176,35.9114711],[139.0548131,35.9114799],[139.0547494,35.911591],[139.054712,35.9116706],[139.0547093,35.9116753],[139.0547063,35.9116815],[139.0547039,35.9116878],[139.054702,35.9116942],[139.0547009,35.9117008],[139.0547003,35.9117074],[139.0547003,35.911714],[139.0547005,35.9117145],[139.0547013,35.9117212],[139.0547027,35.9117277],[139.0547047,35.9117341],[139.0547074,35.9117403],[139.0547107,35.9117465],[139.0547145,35.9117523],[139.0547155,35.9117542],[139.0547191,35.9117593],[139.0547231,35.9117643],[139.0547276,35.911769],[139.0547324,35.9117734],[139.0547375,35.9117774],[139.0547434,35.9117811],[139.0547492,35.9117845],[139.0547556,35.9117874],[139.0547621,35.91179],[139.0547691,35.911792],[139.0547759,35.9117937],[139.054783,35.9117948],[139.0548462,35.9117922],[139.0548466,35.9117922],[139.0549235,35.9117876],[139.0550435,35.911782],[139.0550962,35.9117819],[139.055099,35.911782],[139.0551672,35.911784],[139.0551676,35.911784],[139.0551701,35.9117841],[139.0551751,35.9117842],[139.05518,35.9117846],[139.0551849,35.911785],[139.0551898,35.9117858],[139.0551947,35.9117866],[139.0551994,35.9117876],[139.0552042,35.9117888],[139.0552089,35.9117901],[139.0552137,35.9117916],[139.0552179,35.9117932],[139.0552182,35.9117933],[139.0552186,35.9117935],[139.055223,35.9117951],[139.0552271,35.9117971],[139.0552314,35.9117992],[139.0552357,35.9118015],[139.0552396,35.9118039],[139.0552434,35.9118064],[139.0552473,35.9118091],[139.0552507,35.9118118],[139.0552544,35.9118147],[139.0552577,35.9118177],[139.0552608,35.9118208],[139.0552638,35.9118241],[139.0552843,35.9118436],[139.0553195,35.9118753],[139.0553511,35.9119033],[139.0553557,35.911907],[139.0553599,35.911911],[139.0553639,35.9119151],[139.0553679,35.9119195],[139.0553714,35.9119239],[139.0553746,35.9119285],[139.0553773,35.9119333],[139.05538,35.9119381],[139.0553808,35.9119397],[139.0553828,35.9119448],[139.0553844,35.9119498],[139.0553861,35.911955],[139.0553871,35.9119602],[139.0553878,35.9119655],[139.0553882,35.9119708],[139.0553882,35.9119762],[139.0553846,35.9120212],[139.0553782,35.9120682],[139.0553695,35.912114],[139.0553569,35.9121623],[139.0553505,35.9121838],[139.0553492,35.9121875],[139.0553481,35.9121912],[139.0553475,35.9121949],[139.055347,35.9121988],[139.0553469,35.9122026],[139.0553468,35.9122065],[139.055347,35.9122103],[139.0553478,35.9122141],[139.0553484,35.9122179],[139.0553494,35.9122216],[139.055351,35.9122253],[139.0553525,35.9122289],[139.0553541,35.9122324],[139.0553561,35.9122359],[139.0553571,35.9122374],[139.0553597,35.9122407],[139.0553623,35.9122439],[139.0553649,35.912247],[139.0553679,35.91225],[139.055371,35.9122528],[139.0553746,35.9122554],[139.055378,35.912258],[139.0553819,35.9122603],[139.0553856,35.9122625],[139.0553881,35.9122637],[139.0554336,35.9122853],[139.0554339,35.9122854],[139.0554923,35.9123101],[139.0554926,35.9123102],[139.0555327,35.9123271],[139.0555741,35.9123422],[139.0555872,35.9123465],[139.0556298,35.9123592],[139.0556504,35.9123646],[139.0556507,35.9123647],[139.0557253,35.9123845],[139.0557711,35.9123985],[139.0557715,35.9123987],[139.0558436,35.9124238],[139.0558513,35.9124267],[139.0558516,35.9124268],[139.0559431,35.9124565],[139.0559545,35.9124606],[139.0560435,35.9124949],[139.0560837,35.912512],[139.0560889,35.9125139],[139.0560941,35.9125161],[139.0560988,35.9125186],[139.0561036,35.9125214],[139.0561065,35.9125235],[139.0561106,35.9125268],[139.0561144,35.9125303],[139.0561176,35.9125341],[139.0561208,35.912538],[139.0561216,35.9125392],[139.0561246,35.9125444],[139.0561271,35.9125497],[139.0561292,35.9125551],[139.0561307,35.9125607],[139.0561311,35.9125639],[139.0561319,35.9125696],[139.0561318,35.9125752],[139.0561315,35.9125809],[139.0561305,35.9125866],[139.0561289,35.9125922],[139.0561269,35.9125976],[139.0561265,35.9125984],[139.0561211,35.9126319],[139.0561187,35.912643],[139.056109,35.9126759],[139.0561062,35.9126838],[139.0560789,35.9127269],[139.0560653,35.9127458],[139.0560343,35.9127833],[139.055971,35.912856],[139.0558879,35.9129649],[139.0558751,35.9129793],[139.0558637,35.9129943],[139.0558553,35.9130074],[139.0558466,35.9130236],[139.0558407,35.9130376],[139.0558365,35.9130484],[139.0558311,35.9130588],[139.055825,35.9130689],[139.0558175,35.9130786],[139.0558096,35.9130877],[139.0558009,35.9130961],[139.0557911,35.9131042],[139.0557806,35.9131116],[139.0557692,35.9131183],[139.0557574,35.9131242],[139.0557564,35.9131248],[139.0556918,35.9131593],[139.0556366,35.9131911],[139.0556146,35.9132129],[139.0556021,35.9132268],[139.0555834,35.9132507],[139.0555766,35.9132607],[139.0555713,35.9132745],[139.055567,35.9132885],[139.0555644,35.9133007],[139.0555629,35.9133151],[139.0555625,35.9133296],[139.0555638,35.913344],[139.0555645,35.9133488],[139.0555667,35.9133607],[139.0555701,35.9133723],[139.0555744,35.9133838],[139.0555799,35.9133949],[139.0555811,35.9133968],[139.0555878,35.9134075],[139.0555957,35.9134177],[139.0556007,35.9134235],[139.0556073,35.9134319],[139.0556133,35.9134407],[139.0556181,35.9134498],[139.0556223,35.9134593],[139.0556256,35.913469],[139.0556279,35.9134786],[139.0556291,35.9134885],[139.0556294,35.9134986],[139.0556289,35.9135086],[139.0556275,35.9135177],[139.0556219,35.9135851],[139.0556147,35.9136387],[139.0556006,35.9136756],[139.0555906,35.9136969],[139.055571,35.9137322],[139.0555678,35.9137373],[139.0555556,35.9137513],[139.0555446,35.913766],[139.0555353,35.9137816],[139.0555274,35.9137976],[139.0555211,35.9138139],[139.0555195,35.9138192],[139.0555174,35.9138262],[139.0555164,35.9138332],[139.0555159,35.9138403],[139.055516,35.9138474],[139.0555167,35.9138546],[139.0555172,35.9138574],[139.055519,35.9138643],[139.0555217,35.9138712],[139.0555248,35.9138779],[139.0555284,35.9138843],[139.0555323,35.9138899],[139.0555518,35.9139276],[139.0555688,35.9139681],[139.055578,35.9139971],[139.0555811,35.9140067],[139.0555822,35.9140122],[139.0555838,35.9140175],[139.055586,35.9140227],[139.0555891,35.9140278],[139.0555921,35.9140327],[139.0555958,35.9140373],[139.0556001,35.9140417],[139.0556005,35.9140421],[139.0556049,35.9140462],[139.0556101,35.9140499],[139.0556154,35.9140534],[139.055621,35.9140565],[139.055627,35.9140592],[139.0556329,35.9140616],[139.0556393,35.9140636],[139.0556424,35.9140643],[139.0556826,35.9140714],[139.055683,35.9140715],[139.0556944,35.9140728],[139.05572,35.9140757],[139.0557204,35.9140757],[139.0557614,35.9140778],[139.0557617,35.9140778],[139.0557713,35.9140779],[139.0557717,35.9140779],[139.0558563,35.9140878],[139.0558951,35.9140917],[139.0558962,35.9140918],[139.0559224,35.9140945],[139.0559918,35.9141024],[139.0560195,35.9141045],[139.056026,35.9141049],[139.056033,35.9141054],[139.0560462,35.9141072],[139.0560466,35.9141073],[139.0560596,35.9141099],[139.0560722,35.9141134],[139.0560726,35.9141135],[139.0560849,35.9141177],[139.0560969,35.9141228],[139.0561085,35.9141287],[139.0561193,35.914135],[139.0561643,35.9141621],[139.0561759,35.9141685],[139.0561762,35.9141687],[139.0562243,35.9141919],[139.0562254,35.9141925],[139.0562258,35.9141927],[139.0562423,35.9142032],[139.0562582,35.9142147],[139.0562727,35.9142274],[139.0562742,35.9142288],[139.0562871,35.9142424],[139.0562989,35.9142567],[139.0563052,35.9142656],[139.0563293,35.9143058],[139.0563384,35.9143231],[139.0563552,35.9143608],[139.0563654,35.9143834],[139.0563737,35.9144065],[139.0563797,35.9144301],[139.0563804,35.9144325],[139.0563837,35.9144564],[139.0563849,35.9144805],[139.0563849,35.9144889],[139.0563848,35.9145236],[139.056382,35.9145719],[139.0563791,35.9146033],[139.0563767,35.914632],[139.0563765,35.9146434],[139.0563775,35.914655],[139.0563795,35.9146664],[139.0563826,35.9146776],[139.0563859,35.9146865],[139.0563907,35.9146973],[139.0563967,35.9147076],[139.0564039,35.9147177],[139.0564118,35.9147272],[139.0564123,35.9147279],[139.0564271,35.9147384],[139.0564428,35.914748],[139.056459,35.9147565],[139.0564615,35.9147577],[139.0564788,35.914765],[139.0564968,35.9147711],[139.0565053,35.9147736],[139.0565057,35.9147737],[139.056525,35.914778],[139.056544,35.9147836],[139.0565622,35.9147903],[139.0565625,35.9147905],[139.0565801,35.9147984],[139.056597,35.9148076],[139.0566132,35.9148177],[139.0566281,35.9148288],[139.0566379,35.9148372],[139.0566732,35.9148753],[139.0566821,35.9148861],[139.0567112,35.9149247],[139.0567181,35.9149333],[139.0567241,35.9149421],[139.0567292,35.9149513],[139.0567334,35.9149608],[139.0567368,35.9149706],[139.056739,35.9149806],[139.0567404,35.9149889],[139.0567409,35.914999],[139.0567404,35.9150091],[139.0567392,35.9150192],[139.0567369,35.9150291],[139.0567336,35.9150389],[139.05673,35.9150469],[139.056698,35.915114],[139.0566891,35.9151306],[139.0566492,35.9151949],[139.056644,35.9152022],[139.056595,35.9152824],[139.0565102,35.9154232],[139.056503,35.915435],[139.0564971,35.9154472],[139.0564926,35.9154598],[139.0564889,35.9154725],[139.0564877,35.9154796],[139.0564862,35.9154926],[139.0564856,35.9155058],[139.0564868,35.9155189],[139.0564882,35.9155279],[139.0564934,35.9155461],[139.0565001,35.915564],[139.056507,35.9155779],[139.0565168,35.9155948],[139.0565284,35.915611],[139.0565357,35.91562],[139.0565491,35.9156331],[139.0565614,35.9156471],[139.0565725,35.9156618],[139.0565742,35.9156647],[139.0565835,35.9156802],[139.0565911,35.9156962],[139.0565971,35.9157127],[139.0565978,35.9157145],[139.056605,35.9157328],[139.0566107,35.9157515],[139.0566144,35.9157704],[139.0566151,35.9157743],[139.0566167,35.9157935],[139.0566162,35.9158126],[139.0566162,35.9158164],[139.0566093,35.9158641],[139.056607,35.9158755],[139.0565944,35.9159225],[139.056592,35.9159297],[139.0565814,35.9159572],[139.0565735,35.9159853],[139.0565697,35.916004],[139.0565664,35.9160328],[139.0565658,35.9160616],[139.0565659,35.9160665],[139.0565679,35.9161277],[139.0565707,35.9161808],[139.0565787,35.9162449],[139.0565819,35.9162663],[139.0565831,35.9162746],[139.0565845,35.916283],[139.0565863,35.9162912],[139.0565885,35.9162994],[139.0565909,35.9163076],[139.0565942,35.9163156],[139.0565977,35.9163236],[139.0565995,35.9163274],[139.0566036,35.9163351],[139.056608,35.9163427],[139.0566127,35.9163501],[139.0566179,35.9163574],[139.0566238,35.9163645],[139.0566238,35.9163648],[139.0566357,35.9163797],[139.0566464,35.9163949],[139.0566566,35.9164105],[139.056663,35.9164212],[139.0566717,35.9164374],[139.0566795,35.9164538],[139.0566808,35.9164566],[139.0566833,35.9164644],[139.0566854,35.9164722],[139.0566871,35.9164802],[139.0566882,35.9164881],[139.0566893,35.9164961],[139.0566898,35.9165042],[139.0566898,35.916507],[139.0566895,35.9165151],[139.0566893,35.9165231],[139.0566883,35.9165311],[139.056687,35.916539],[139.0566852,35.916547],[139.0566755,35.9166044],[139.0566688,35.9166417],[139.05666605224542,35.916666666666664],[139.05683367589577,35.916666666666664],[139.056845,35.9166394],[139.0568497,35.9166254],[139.0568536,35.9166113],[139.0568568,35.9165972],[139.0568591,35.9165838],[139.0568609,35.9165694],[139.0568619,35.916555],[139.0568622,35.9165405],[139.0568619,35.9165314],[139.0568622,35.9165094],[139.0568615,35.9164875],[139.0568596,35.9164656],[139.0568588,35.9164602],[139.0568555,35.9164384],[139.0568511,35.9164168],[139.0568496,35.9164108],[139.0568323,35.9163433],[139.0568174,35.9162862],[139.0567932,35.9161987],[139.0567892,35.9161782],[139.0567863,35.9161574],[139.0567845,35.9161367],[139.0567838,35.9161227],[139.0567838,35.9161019],[139.0567848,35.9160811],[139.0567867,35.9160611],[139.0567895,35.9160464],[139.0567931,35.9160318],[139.0567973,35.9160174],[139.0567993,35.9160117],[139.0568045,35.9159975],[139.0568106,35.9159834],[139.0568173,35.9159697],[139.0568224,35.9159603],[139.0568397,35.915924],[139.05685,35.9158999],[139.0568642,35.9158627],[139.0568718,35.9158403],[139.0568756,35.9158278],[139.0568786,35.9158153],[139.0568811,35.9158026],[139.0568829,35.9157899],[139.056884,35.9157772],[139.0568845,35.9157644],[139.0568843,35.9157517],[139.0568835,35.9157389],[139.056882,35.9157262],[139.0568818,35.9157247],[139.0568812,35.9157161],[139.05688,35.9157076],[139.0568786,35.9156992],[139.0568766,35.9156908],[139.0568742,35.9156824],[139.0568714,35.9156742],[139.0568701,35.9156708],[139.0568666,35.9156628],[139.0568628,35.9156548],[139.0568586,35.9156469],[139.056854,35.9156392],[139.056849,35.9156318],[139.0568443,35.9156254],[139.0568272,35.9156008],[139.0568133,35.9155789],[139.0567987,35.9155533],[139.0567908,35.9155384],[139.0567887,35.9155337],[139.0567866,35.9155288],[139.0567849,35.915524],[139.0567834,35.915519],[139.0567822,35.9155139],[139.0567813,35.9155089],[139.0567806,35.9155038],[139.05678,35.9154987],[139.0567799,35.9154937],[139.05678,35.9154885],[139.0567803,35.9154835],[139.0567809,35.9154783],[139.0567816,35.9154745],[139.0567827,35.9154694],[139.0567839,35.9154645],[139.0567855,35.9154595],[139.0567873,35.9154546],[139.0567895,35.9154498],[139.0567918,35.9154451],[139.0567943,35.9154404],[139.0567972,35.9154358],[139.0568002,35.9154313],[139.0568035,35.915427],[139.0568069,35.9154227],[139.0568094,35.91542],[139.0568684,35.915373],[139.0569287,35.9153226],[139.0569698,35.9152862],[139.0570016,35.9152558],[139.0570392,35.9152169],[139.0570747,35.9151768],[139.0570769,35.9151742],[139.0570916,35.9151593],[139.0571055,35.915144],[139.0571186,35.9151282],[139.057129,35.9151145],[139.0571406,35.915098],[139.0571514,35.915081],[139.0571588,35.9150683],[139.0571655,35.9150531],[139.0571717,35.9150375],[139.0571769,35.9150219],[139.0571814,35.9150059],[139.057183,35.9149995],[139.0571864,35.9149835],[139.0571888,35.9149673],[139.05719,35.9149571],[139.0571908,35.9149444],[139.0571908,35.9149317],[139.0571901,35.914919],[139.0571889,35.9149064],[139.0571869,35.9148938],[139.0571844,35.9148812],[139.0571812,35.9148687],[139.0571794,35.9148625],[139.0571752,35.9148503],[139.0571704,35.9148382],[139.057165,35.9148263],[139.0571589,35.9148145],[139.0571566,35.9148104],[139.0571465,35.9147934],[139.0571355,35.9147769],[139.0571237,35.9147607],[139.0571162,35.9147512],[139.057103,35.9147357],[139.0570891,35.9147206],[139.0570773,35.9147087],[139.0570612,35.9146933],[139.0570444,35.9146784],[139.0570273,35.9146644],[139.057009,35.9146508],[139.0569901,35.9146377],[139.0569862,35.9146353],[139.0569573,35.9146207],[139.0569278,35.914607],[139.0569268,35.9146067],[139.0568967,35.9145941],[139.0568656,35.9145826],[139.0568505,35.9145774],[139.0568502,35.9145773],[139.0568175,35.914566],[139.0568122,35.9145623],[139.0568073,35.9145584],[139.0568028,35.9145541],[139.0567986,35.9145496],[139.0567949,35.9145448],[139.0567917,35.9145398],[139.056789,35.9145346],[139.0567867,35.9145292],[139.0567865,35.9145287],[139.0567849,35.9145232],[139.0567837,35.9145175],[139.0567832,35.914512],[139.0567832,35.9145063],[139.0567837,35.9145006],[139.0567849,35.914495],[139.056786,35.9144906],[139.0567952,35.914445],[139.0567967,35.914439],[139.0568108,35.9143942],[139.0568191,35.9143666],[139.0568293,35.9143178],[139.0568391,35.9142712],[139.0568407,35.914259],[139.0568402,35.9142497],[139.0568392,35.9142404],[139.0568377,35.9142312],[139.0568358,35.9142221],[139.0568334,35.9142131],[139.0568306,35.9142041],[139.0568291,35.9142],[139.0568256,35.9141913],[139.0568216,35.9141826],[139.0568171,35.914174],[139.0568123,35.9141657],[139.056807,35.9141574],[139.0568013,35.9141494],[139.0567961,35.9141425],[139.0567357,35.9140812],[139.0566778,35.9140194],[139.056653,35.9139935],[139.0566299,35.9139672],[139.056608,35.9139399],[139.0566055,35.9139366],[139.0565853,35.9139085],[139.0565666,35.9138798],[139.0565617,35.9138718],[139.0565041,35.9137847],[139.0564951,35.9137704],[139.0564501,35.9136935],[139.0564403,35.9136694],[139.0564323,35.9136449],[139.0564262,35.91362],[139.0564242,35.9136093],[139.0564209,35.9135841],[139.0564198,35.9135637],[139.0564208,35.9135395],[139.0564219,35.913529],[139.0564257,35.9135049],[139.0564284,35.9134927],[139.0564371,35.9134657],[139.0564559,35.9134054],[139.0564615,35.9133928],[139.0564683,35.91338],[139.0564759,35.9133676],[139.0564843,35.9133556],[139.0564935,35.9133439],[139.0565036,35.9133326],[139.0565108,35.9133252],[139.0565221,35.9133147],[139.056534,35.9133048],[139.0565465,35.9132954],[139.0565599,35.9132865],[139.0565653,35.9132831],[139.0566785,35.9132083],[139.0567053,35.9131908],[139.0567486,35.9131509],[139.0567643,35.9131353],[139.0568025,35.9130941],[139.0568124,35.9130827],[139.0568712,35.9130171],[139.0569256,35.9129622],[139.056945,35.912941],[139.0569632,35.9129188],[139.0569784,35.912898],[139.0569936,35.9128745],[139.0570071,35.9128503],[139.0570128,35.9128392],[139.0570477,35.9127609],[139.0570514,35.9127519],[139.0570787,35.9126774],[139.0571015,35.9126208],[139.0571117,35.9125985],[139.0571398,35.9125436],[139.0571519,35.9125224],[139.0571994,35.9124331],[139.0572328,35.9123644],[139.0572415,35.9123493],[139.0572497,35.9123326],[139.0572566,35.9123155],[139.0572625,35.9122985],[139.0572636,35.9122946],[139.057268,35.9122772],[139.0572714,35.9122595],[139.0572734,35.9122417],[139.0572741,35.9122298],[139.0572755,35.9122235],[139.0572765,35.9122169],[139.0572773,35.9122103],[139.0572775,35.9122037],[139.0572772,35.9121971],[139.0572771,35.9121952],[139.0572763,35.9121886],[139.057275,35.912182],[139.0572733,35.9121756],[139.0572711,35.9121692],[139.0572705,35.912167],[139.057268,35.9121603],[139.0572651,35.9121537],[139.0572617,35.9121472],[139.0572604,35.912145],[139.0572565,35.9121387],[139.0572521,35.9121326],[139.0572474,35.9121268],[139.0572423,35.9121211],[139.0572366,35.9121157],[139.0572316,35.9121129],[139.0572251,35.9121097],[139.0572182,35.9121067],[139.0572112,35.912104],[139.0572044,35.9121017],[139.0571972,35.9120997],[139.0571898,35.912098],[139.0571824,35.9120966],[139.0571748,35.9120956],[139.0571672,35.9120948],[139.0571596,35.9120945],[139.057159,35.9120943],[139.05715,35.9120927],[139.0571469,35.9120921],[139.0571466,35.912092],[139.0571462,35.912092],[139.0571449,35.9120918],[139.0571446,35.9120917],[139.0571324,35.9120902],[139.0571321,35.9120901],[139.0571195,35.9120891],[139.0571191,35.9120891],[139.0571064,35.9120885],[139.0570935,35.9120886],[139.0570824,35.9120891],[139.0570821,35.9120891],[139.0570701,35.9120916],[139.0570697,35.9120917],[139.0570605,35.9120931],[139.0570511,35.9120941],[139.0570416,35.9120948],[139.0570317,35.912095],[139.0570217,35.9120948],[139.0570124,35.9120941],[139.057012,35.9120941],[139.0570027,35.9120929],[139.0569937,35.9120914],[139.0569933,35.9120914],[139.0569843,35.9120888],[139.056975,35.9120854],[139.0569661,35.9120813],[139.0569575,35.9120768],[139.0569492,35.9120716],[139.0569441,35.9120678],[139.0569367,35.9120617],[139.0569301,35.9120554],[139.0569241,35.9120485],[139.0569195,35.9120424],[139.0569153,35.9120177],[139.0569138,35.9120011],[139.0569134,35.9119731],[139.0569148,35.9119519],[139.0569113,35.9119228],[139.056905,35.9118951],[139.0569036,35.9118902],[139.0568944,35.9118633],[139.0568887,35.9118494],[139.0568799,35.9118394],[139.0568725,35.9118316],[139.0568645,35.9118242],[139.0568559,35.9118171],[139.056847,35.9118105],[139.0568374,35.9118043],[139.0568276,35.9117985],[139.0568187,35.9117938],[139.0568184,35.9117937],[139.0568081,35.9117888],[139.0567973,35.9117843],[139.0567864,35.9117804],[139.0567861,35.9117802],[139.0567749,35.9117768],[139.0567636,35.9117739],[139.0567632,35.9117738],[139.0567521,35.9117714],[139.0567517,35.9117714],[139.0567503,35.9117711],[139.0567499,35.911771],[139.0567442,35.9117699],[139.0567392,35.9117687],[139.0567323,35.9117653],[139.0567255,35.9117615],[139.056719,35.9117574],[139.0567128,35.911753],[139.056707,35.9117481],[139.0567016,35.9117431],[139.0566966,35.9117378],[139.0566939,35.9117347],[139.0566895,35.9117291],[139.0566856,35.9117231],[139.0566822,35.9117171],[139.0566792,35.9117108],[139.0566791,35.9117105],[139.0566776,35.911702],[139.0566768,35.9116934],[139.0566767,35.9116849],[139.0566772,35.9116763],[139.0566773,35.9116753],[139.0566787,35.9116668],[139.0566805,35.9116584],[139.0566831,35.91165],[139.0566863,35.9116418],[139.0566869,35.9116407],[139.0566902,35.9116373],[139.0566968,35.9116315],[139.0567037,35.911626],[139.056711,35.9116208],[139.0567188,35.9116158],[139.0567233,35.9116132],[139.0567508,35.9115889],[139.0567638,35.9115783],[139.0567915,35.9115576],[139.0568014,35.9115506],[139.0568344,35.9115241],[139.0568543,35.9115065],[139.0568839,35.9114778],[139.0568979,35.911463],[139.0569105,35.9114509],[139.056923,35.9114373],[139.0569345,35.9114233],[139.056945,35.911409],[139.056947,35.9114059],[139.0569563,35.911391],[139.0569647,35.9113756],[139.056972,35.9113599],[139.0569753,35.9113517],[139.0569801,35.9113418],[139.0569846,35.9113306],[139.0569884,35.9113194],[139.0569914,35.9113079],[139.0569936,35.9112965],[139.0569944,35.9112905],[139.0569955,35.9112789],[139.0569958,35.9112672],[139.0569953,35.9112555],[139.056994,35.9112439],[139.0569929,35.9112372],[139.0569903,35.9112244],[139.0569867,35.9112116],[139.0569823,35.9111989],[139.0569769,35.9111865],[139.0569716,35.9111757],[139.0569648,35.9111638],[139.0569572,35.9111522],[139.0569489,35.911141],[139.0569435,35.9111344],[139.0568917,35.9110933],[139.0568909,35.9110927],[139.0568384,35.9110554],[139.0568292,35.91105],[139.056822,35.9110451],[139.0568151,35.9110399],[139.0568085,35.9110344],[139.0568022,35.9110286],[139.0567964,35.9110225],[139.056792,35.9110174],[139.0567869,35.9110108],[139.0567823,35.9110041],[139.0567781,35.9109973],[139.0567744,35.9109901],[139.0567713,35.9109829],[139.0567685,35.9109754],[139.0567677,35.9109729],[139.0567613,35.910936],[139.0567576,35.9109008],[139.0567561,35.9108629],[139.0567565,35.910837],[139.0567568,35.9108079],[139.0567591,35.9107802],[139.0567633,35.9107518],[139.0567654,35.9107412],[139.0567668,35.9107383],[139.0567694,35.9107338],[139.0567723,35.9107294],[139.0567755,35.9107251],[139.0567789,35.9107211],[139.0567827,35.9107172],[139.0567865,35.9107136],[139.0567908,35.91071],[139.0567952,35.9107066],[139.0568,35.9107034],[139.0568047,35.9107005],[139.0568098,35.9106977],[139.0568152,35.9106952],[139.0568194,35.9106934],[139.0568604,35.9106864],[139.0568659,35.9106917],[139.0568682,35.9106947],[139.05687,35.910698],[139.0568714,35.9107013],[139.056872,35.9107048],[139.0568723,35.9107057],[139.0568725,35.9107092],[139.056872,35.9107127],[139.0568711,35.9107162],[139.0568695,35.9107196],[139.0568676,35.9107227],[139.056865,35.9107257],[139.0568624,35.9107288],[139.0568529,35.910742],[139.0568459,35.9107562],[139.0568416,35.9107674],[139.0568385,35.9107825],[139.0568376,35.9107978],[139.0568371,35.9108109],[139.0568372,35.9108426],[139.0568386,35.9108725],[139.0568419,35.910904],[139.0568419,35.9109049],[139.0568418,35.9109105],[139.0568424,35.9109162],[139.0568431,35.9109219],[139.0568439,35.9109275],[139.0568455,35.9109331],[139.0568471,35.9109387],[139.0568489,35.9109441],[139.0568511,35.9109495],[139.0568533,35.9109548],[139.0568548,35.9109579],[139.0568579,35.9109631],[139.056861,35.9109682],[139.0568642,35.9109732],[139.0568681,35.910978],[139.0568719,35.9109828],[139.0568761,35.9109874],[139.0568802,35.9109918],[139.0568848,35.9109962],[139.0568898,35.9110003],[139.0569416,35.911026],[139.0569918,35.9110492],[139.0570024,35.9110535],[139.0570253,35.9110638],[139.0570478,35.9110747],[139.0570614,35.9110818],[139.057083,35.911094],[139.0571039,35.911107],[139.0571239,35.9111205],[139.057125,35.9111216],[139.057133,35.9111319],[139.0571408,35.9111424],[139.0571479,35.9111531],[139.0571543,35.9111641],[139.0571596,35.911174],[139.0571651,35.9111853],[139.0571697,35.9111968],[139.0571741,35.9112086],[139.0571778,35.9112203],[139.0571808,35.9112323],[139.0571832,35.9112443],[139.0571837,35.9112487],[139.0571852,35.9112634],[139.0571857,35.911278],[139.0571855,35.9112926],[139.0571845,35.9113072],[139.0571845,35.9113091],[139.0571827,35.9113236],[139.05718,35.9113381],[139.0571767,35.9113525],[139.0571727,35.9113668],[139.0571681,35.911381],[139.0571276,35.9114642],[139.0570953,35.911527],[139.0570892,35.9115383],[139.0570697,35.9115704],[139.0570671,35.9115741],[139.0570451,35.9116051],[139.0570417,35.9116094],[139.057039,35.9116146],[139.057037,35.9116199],[139.0570357,35.9116254],[139.0570354,35.911631],[139.0570354,35.9116341],[139.0570365,35.9116397],[139.0570382,35.9116451],[139.057041,35.9116503],[139.0570513,35.9116699],[139.0570901,35.9117194],[139.0571509,35.9118011],[139.0571508,35.9118015],[139.0571534,35.9118057],[139.0571564,35.9118096],[139.0571598,35.9118133],[139.0571641,35.9118164],[139.0571685,35.9118192],[139.057172,35.9118208],[139.0571724,35.911821],[139.0571774,35.9118228],[139.0571826,35.9118241],[139.057183,35.9118242],[139.0571885,35.9118249],[139.0572256,35.9118215],[139.0572568,35.9118187],[139.0572572,35.9118187],[139.0572579,35.9118186],[139.0573099,35.9118122],[139.0573347,35.9118091],[139.057335,35.9118091],[139.057339,35.9118086],[139.0573448,35.911808],[139.0573764,35.9118053],[139.0573767,35.9118053],[139.0574083,35.9118036],[139.0574087,35.9118036],[139.0574197,35.9118033],[139.0574201,35.9118033],[139.0574519,35.9118031],[139.0574836,35.911804],[139.057484,35.911804],[139.0575156,35.911806],[139.0575356,35.9118089],[139.057536,35.911809],[139.0575611,35.9118134],[139.0575859,35.9118188],[139.057587,35.911819],[139.0576116,35.9118253],[139.0576359,35.9118324],[139.0576598,35.9118403],[139.0576834,35.9118489],[139.0576868,35.91185],[139.0576872,35.9118502],[139.0576982,35.9118538],[139.0577092,35.9118579],[139.0577198,35.9118623],[139.0577201,35.9118625],[139.0577308,35.9118673],[139.0577409,35.9118725],[139.057744,35.9118741],[139.057754,35.9118797],[139.0577637,35.9118857],[139.0577728,35.911892],[139.0577818,35.9118986],[139.0577907,35.9119055],[139.0577931,35.911908],[139.0577977,35.9119133],[139.0578024,35.9119188],[139.0578064,35.9119244],[139.0578105,35.9119301],[139.0578142,35.911936],[139.0578159,35.9119393],[139.0578192,35.9119454],[139.0578221,35.9119516],[139.0578246,35.9119579],[139.0578266,35.9119642],[139.0578287,35.9119706],[139.0578301,35.911977],[139.0578315,35.9119835],[139.0578319,35.9119946],[139.0578321,35.9120062],[139.0578316,35.9120179],[139.0578305,35.9120295],[139.057829,35.9120394],[139.0578268,35.9120509],[139.0578238,35.9120623],[139.0578206,35.9120736],[139.0578166,35.9120848],[139.057812,35.9120958],[139.0578069,35.9121067],[139.0577888,35.9121354],[139.0577847,35.9121455],[139.0577809,35.9121556],[139.057778,35.912166],[139.0577754,35.9121763],[139.0577734,35.9121865],[139.0577719,35.912197],[139.0577708,35.9122076],[139.0577705,35.9122182],[139.0577707,35.9122288],[139.0577713,35.9122375],[139.057768,35.9122891],[139.0577596,35.912375],[139.0577594,35.9123773],[139.0577563,35.9124025],[139.0577517,35.9124276],[139.0577512,35.9124315],[139.0577453,35.9124564],[139.0577381,35.9124808],[139.0577298,35.9125054],[139.057726,35.9125155],[139.0577195,35.9125358],[139.057714,35.9125564],[139.057713,35.9125603],[139.0577087,35.912581],[139.0577056,35.912602],[139.0577032,35.9126227],[139.0576985,35.9126781],[139.0576921,35.912756],[139.0576894,35.9127713],[139.0576821,35.9128034],[139.0576745,35.9128303],[139.0576645,35.9128615],[139.0576473,35.9129037],[139.0576388,35.9129266],[139.057622,35.912979],[139.0576208,35.9129837],[139.0576156,35.9130092],[139.0576119,35.9130348],[139.0576109,35.9130438],[139.0576088,35.9130695],[139.0576081,35.9130942],[139.0576015,35.9131635],[139.0575932,35.9132651],[139.0575902,35.9132864],[139.0575845,35.9133463],[139.0575838,35.9133566],[139.0575819,35.9134158],[139.0575803,35.9134354],[139.0575795,35.9134577],[139.05758,35.9134799],[139.0575802,35.9134827],[139.0575818,35.9135048],[139.0575846,35.913527],[139.0575886,35.9135492],[139.0575935,35.9135702],[139.0575937,35.9135709],[139.0575948,35.913575],[139.0575962,35.9135794],[139.0575984,35.9135837],[139.0576008,35.9135878],[139.0576033,35.9135918],[139.0576065,35.9135956],[139.0576103,35.9135992],[139.0576141,35.9136026],[139.0576183,35.9136056],[139.0576226,35.9136084],[139.0576271,35.9136109],[139.0576274,35.9136111],[139.0576323,35.9136131],[139.0576362,35.9136147],[139.0576412,35.9136162],[139.0576416,35.9136163],[139.0576467,35.9136175],[139.057647,35.9136176],[139.0576521,35.9136185],[139.0576525,35.9136185],[139.0576579,35.9136191],[139.0576634,35.9136193],[139.0576637,35.9136193],[139.0576692,35.9136191],[139.0576727,35.9136189],[139.0576746,35.9136187],[139.057675,35.9136187],[139.0576802,35.9136179],[139.0576806,35.9136178],[139.0576856,35.9136167],[139.057686,35.9136166],[139.0576911,35.9136151],[139.057699,35.9136122],[139.0577067,35.9136071],[139.0577137,35.9136019],[139.0577202,35.9135961],[139.0577262,35.9135898],[139.0577314,35.9135833],[139.057736,35.9135765],[139.0577387,35.9135718],[139.0577422,35.9135647],[139.0577451,35.9135571],[139.0577472,35.9135495],[139.0577486,35.9135416],[139.0577492,35.9135338],[139.0577491,35.913526],[139.0577483,35.9135202],[139.0577481,35.9135091],[139.0577467,35.9134844],[139.0577439,35.91346],[139.0577437,35.9134581],[139.0577397,35.9134338],[139.0577346,35.9134102],[139.0577325,35.9133996],[139.05773,35.9133822],[139.0577282,35.9133645],[139.0577282,35.9133639],[139.0577275,35.9133461],[139.0577277,35.9133287],[139.0577288,35.9133119],[139.0577351,35.9132772],[139.0577478,35.9132027],[139.057748,35.913201],[139.0577513,35.913182],[139.0577556,35.9131633],[139.0577609,35.9131448],[139.0577645,35.9131336],[139.0577712,35.9131153],[139.0577789,35.9130974],[139.057788,35.9130788],[139.0577947,35.9130637],[139.0578043,35.9130438],[139.057815,35.9130243],[139.0578187,35.9130181],[139.0578307,35.912999],[139.0578437,35.9129806],[139.0578583,35.9129615],[139.0578614,35.9129571],[139.0578712,35.9129419],[139.0578803,35.9129262],[139.0578886,35.9129103],[139.0578957,35.9128949],[139.0579023,35.9128785],[139.0579081,35.9128618],[139.0579133,35.9128445],[139.0579154,35.9128337],[139.0579207,35.9128011],[139.0579237,35.9127742],[139.0579259,35.9127423],[139.0579261,35.9127403],[139.0579278,35.9127299],[139.0579301,35.9127197],[139.0579327,35.9127096],[139.0579362,35.9126994],[139.057937,35.9126971],[139.0579409,35.9126871],[139.0579454,35.9126774],[139.0579502,35.9126679],[139.0579556,35.9126584],[139.0579623,35.9126481],[139.0579673,35.9126389],[139.0580167,35.9125548],[139.0580446,35.9124968],[139.0580472,35.9124907],[139.0580707,35.9124313],[139.0580777,35.9124114],[139.0581039,35.9123445],[139.0581193,35.9123035],[139.0581477,35.9122503],[139.0581825,35.9121897],[139.058213,35.9121399],[139.0582478,35.9120779],[139.0582782,35.9120152],[139.0582799,35.9120115],[139.0582985,35.9119666],[139.0583063,35.9119339],[139.0583118,35.9119007],[139.0583132,35.911888],[139.0583157,35.9118546],[139.0583161,35.9118396],[139.0583174,35.9118304],[139.0583181,35.9118212],[139.0583182,35.9118119],[139.0583176,35.9118027],[139.0583165,35.9117935],[139.0583147,35.9117844],[139.0583124,35.9117754],[139.0583106,35.91177],[139.0583073,35.9117612],[139.0583034,35.9117525],[139.0582989,35.911744],[139.0582938,35.9117358],[139.0582882,35.9117277],[139.0582821,35.9117199],[139.0582804,35.911718],[139.0582696,35.9117062],[139.0582565,35.9116881],[139.0582423,35.9116708],[139.0582314,35.9116589],[139.0582152,35.9116427],[139.058198,35.9116272],[139.0581796,35.9116125],[139.0581602,35.9115986],[139.0581403,35.9115856],[139.0581198,35.911574],[139.0581114,35.9115836],[139.0581011,35.9115957],[139.0581208,35.9116068],[139.0581393,35.911619],[139.0581574,35.9116319],[139.0581745,35.9116455],[139.0581906,35.9116599],[139.0582055,35.9116751],[139.0582156,35.9116861],[139.058229,35.9117023],[139.058241,35.911719],[139.0582522,35.9117363],[139.0582619,35.911754],[139.0582676,35.9117652],[139.0582728,35.9117915],[139.0582766,35.911818],[139.0582784,35.9118446],[139.0582784,35.9118517],[139.0582781,35.9118783],[139.0582761,35.9119049],[139.0582721,35.9119315],[139.0582582,35.9119735],[139.0582414,35.9120147],[139.0582323,35.9120351],[139.0582113,35.912075],[139.0581894,35.9121121],[139.0581404,35.912181],[139.0581246,35.9122058],[139.0580847,35.9122725],[139.0580576,35.9123478],[139.0580387,35.9124048],[139.0580064,35.9124894],[139.0580017,35.9125005],[139.0579649,35.9125792],[139.0579327,35.9126365],[139.0579265,35.9126467],[139.0579205,35.9126571],[139.0579149,35.9126677],[139.0579101,35.9126784],[139.0579058,35.9126894],[139.0579048,35.9126923],[139.057901,35.9127033],[139.057898,35.9127146],[139.0578957,35.9127258],[139.0578938,35.9127372],[139.0578933,35.9127402],[139.0578912,35.9127722],[139.0578882,35.9127981],[139.0578832,35.9128299],[139.0578813,35.9128393],[139.0578764,35.9128551],[139.0578712,35.9128707],[139.057865,35.9128861],[139.0578581,35.9129004],[139.0578506,35.9129153],[139.0578421,35.9129301],[139.0578328,35.9129444],[139.0578302,35.9129481],[139.0578157,35.912967],[139.0578019,35.9129864],[139.0577895,35.9130063],[139.0577855,35.9130132],[139.0577741,35.9130336],[139.0577642,35.9130543],[139.0577576,35.9130695],[139.0577483,35.9130882],[139.0577402,35.9131072],[139.057733,35.9131263],[139.0577291,35.9131384],[139.0577237,35.913158],[139.0577192,35.9131777],[139.0577157,35.9131976],[139.0577154,35.9131994],[139.0577026,35.9132735],[139.0576963,35.9133093],[139.0576951,35.9133279],[139.057695,35.9133464],[139.0576955,35.913365],[139.0576958,35.9133663],[139.0576976,35.9133847],[139.0577003,35.9134032],[139.0577023,35.9134145],[139.0577073,35.9134379],[139.0577112,35.9134613],[139.0577116,35.9134626],[139.0577142,35.9134862],[139.0577154,35.9135099],[139.0577159,35.9135217],[139.0577163,35.9135274],[139.0577166,35.9135332],[139.0577161,35.913539],[139.0577152,35.9135447],[139.0577134,35.9135504],[139.0577115,35.9135559],[139.0577089,35.9135613],[139.057707,35.9135645],[139.0577034,35.9135695],[139.0576997,35.9135744],[139.0576953,35.913579],[139.0576906,35.9135833],[139.0576853,35.9135872],[139.0576819,35.9135895],[139.057679,35.9135905],[139.057676,35.9135913],[139.0576731,35.913592],[139.0576702,35.9135925],[139.0576698,35.9135925],[139.0576672,35.9135927],[139.0576668,35.9135927],[139.0576641,35.9135928],[139.0576637,35.9135928],[139.0576608,35.9135927],[139.0576578,35.9135924],[139.0576547,35.9135918],[139.0576517,35.9135912],[139.0576489,35.9135903],[139.0576469,35.9135895],[139.0576466,35.9135894],[139.057644,35.9135883],[139.0576415,35.9135869],[139.0576391,35.9135854],[139.0576369,35.9135836],[139.0576348,35.9135818],[139.0576329,35.9135799],[139.0576311,35.9135778],[139.0576296,35.9135757],[139.0576283,35.9135734],[139.0576272,35.913571],[139.0576263,35.9135686],[139.0576257,35.9135662],[139.0576257,35.9135656],[139.0576208,35.9135448],[139.057617,35.9135238],[139.0576142,35.9135025],[139.0576126,35.9134814],[139.0576126,35.9134791],[139.0576121,35.9134579],[139.0576129,35.9134367],[139.0576144,35.913417],[139.0576165,35.9133577],[139.0576172,35.913348],[139.0576227,35.9132888],[139.0576256,35.9132674],[139.0576341,35.9131654],[139.0576407,35.9130955],[139.0576414,35.9130706],[139.0576434,35.9130458],[139.0576443,35.9130376],[139.0576479,35.9130129],[139.0576529,35.9129883],[139.0576537,35.9129849],[139.0576704,35.9129338],[139.0576785,35.9129116],[139.0576956,35.9128691],[139.0577062,35.9128366],[139.0577139,35.9128087],[139.0577215,35.9127757],[139.0577246,35.9127589],[139.0577309,35.91268],[139.0577358,35.9126247],[139.0577379,35.9126047],[139.057741,35.9125848],[139.057745,35.912565],[139.0577458,35.9125617],[139.0577511,35.9125421],[139.0577574,35.9125227],[139.057761,35.9125127],[139.0577697,35.9124875],[139.0577772,35.912462],[139.0577832,35.9124362],[139.0577841,35.9124316],[139.0577887,35.9124057],[139.0577918,35.9123796],[139.0577921,35.912377],[139.0578004,35.9122909],[139.0578038,35.9122375],[139.0578033,35.912228],[139.0578031,35.9122185],[139.0578034,35.912209],[139.0578043,35.9121995],[139.0578056,35.91219],[139.0578074,35.912181],[139.0578097,35.9121717],[139.0578125,35.9121624],[139.0578157,35.9121533],[139.0578195,35.9121443],[139.0578237,35.9121354],[139.0578333,35.912115],[139.0578386,35.9121036],[139.0578436,35.9120917],[139.0578479,35.9120795],[139.0578516,35.9120673],[139.0578546,35.912055],[139.057857,35.9120426],[139.0578586,35.9120317],[139.0578598,35.9120192],[139.0578604,35.9120066],[139.0578604,35.9119941],[139.0578596,35.9119813],[139.0578582,35.9119732],[139.0578563,35.9119658],[139.0578542,35.9119583],[139.0578517,35.9119511],[139.0578488,35.911944],[139.0578455,35.9119369],[139.057842,35.9119301],[139.0578397,35.911926],[139.0578355,35.9119193],[139.057831,35.9119128],[139.0578261,35.9119064],[139.057821,35.9119001],[139.0578156,35.9118941],[139.0578118,35.9118901],[139.0578014,35.9118819],[139.0577915,35.9118746],[139.0577813,35.9118677],[139.0577707,35.9118611],[139.0577601,35.911855],[139.0577563,35.911853],[139.057745,35.9118474],[139.0577335,35.9118422],[139.0577332,35.911842],[139.0577215,35.9118372],[139.0577096,35.9118327],[139.0577092,35.9118326],[139.0576973,35.9118286],[139.0576941,35.9118277],[139.0576712,35.9118192],[139.0576708,35.911819],[139.0576461,35.9118108],[139.0576206,35.9118034],[139.057595,35.911797],[139.0575935,35.9117966],[139.0575678,35.9117911],[139.0575675,35.9117911],[139.0575414,35.9117864],[139.0575194,35.9117832],[139.0575191,35.9117831],[139.0574855,35.911781],[139.0574852,35.911781],[139.0574523,35.9117801],[139.0574436,35.9117801],[139.0574195,35.9117803],[139.0574191,35.9117803],[139.0574113,35.9117805],[139.0574072,35.9117806],[139.0574069,35.9117806],[139.0573741,35.9117824],[139.0573552,35.911784],[139.0573416,35.9117852],[139.0573412,35.9117852],[139.0573381,35.9117855],[139.057331,35.9117863],[139.0573307,35.9117863],[139.0572542,35.9117958],[139.0572538,35.9117958],[139.0572534,35.9117958],[139.0572201,35.9117988],[139.0572162,35.9117986],[139.0572159,35.9117985],[139.0572125,35.9117982],[139.0572121,35.9117981],[139.0572086,35.9117975],[139.0572049,35.9117967],[139.0572013,35.9117958],[139.0571977,35.9117947],[139.0571943,35.9117934],[139.057194,35.9117933],[139.0571908,35.911792],[139.0571875,35.9117905],[139.0571858,35.9117894],[139.0571824,35.9117876],[139.0571796,35.9117857],[139.0571767,35.9117836],[139.0571741,35.9117814],[139.0571715,35.9117791],[139.0571691,35.9117767],[139.057115,35.9117066],[139.0570826,35.911665],[139.0570807,35.9116602],[139.057079,35.9116553],[139.0570778,35.9116502],[139.0570768,35.9116453],[139.0570762,35.9116401],[139.0570759,35.9116351],[139.057076,35.9116298],[139.0570764,35.9116245],[139.0570772,35.9116195],[139.0570782,35.9116145],[139.0570797,35.9116095],[139.0570815,35.9116046],[139.0570836,35.9115999],[139.0570849,35.9115972],[139.057093,35.9115859],[139.0570959,35.9115814],[139.057116,35.9115484],[139.0571224,35.9115366],[139.0571548,35.9114733],[139.0571962,35.9113885],[139.0572016,35.9113726],[139.0572058,35.9113574],[139.0572093,35.911342],[139.057212,35.9113265],[139.0572138,35.9113112],[139.0572141,35.9113087],[139.0572151,35.9112933],[139.0572152,35.9112777],[139.0572146,35.911262],[139.0572132,35.9112466],[139.0572125,35.9112412],[139.0572099,35.9112279],[139.0572065,35.911215],[139.0572026,35.9112022],[139.0571981,35.9111895],[139.0571927,35.9111771],[139.0571869,35.9111648],[139.0571812,35.9111541],[139.0571741,35.9111422],[139.0571665,35.9111306],[139.0571583,35.9111192],[139.0571497,35.9111084],[139.0571461,35.9111043],[139.0571223,35.9110881],[139.0571003,35.9110746],[139.0570779,35.9110619],[139.0570635,35.9110544],[139.0570402,35.9110429],[139.057016,35.9110323],[139.0570058,35.911028],[139.0569565,35.9110053],[139.0569086,35.9109814],[139.0569069,35.91098],[139.0569031,35.9109764],[139.0568995,35.9109728],[139.0568961,35.910969],[139.0568929,35.9109651],[139.0568899,35.9109611],[139.0568871,35.9109571],[139.0568846,35.9109528],[139.0568822,35.9109485],[139.056881,35.9109461],[139.056879,35.9109417],[139.0568772,35.9109372],[139.0568756,35.9109326],[139.0568743,35.9109281],[139.0568733,35.9109235],[139.0568724,35.9109188],[139.0568718,35.9109142],[139.0568715,35.9109095],[139.0568713,35.9109046],[139.0568713,35.9109032],[139.0568681,35.910871],[139.0568666,35.9108421],[139.0568666,35.9108113],[139.0568671,35.9107988],[139.0568678,35.9107852],[139.0568706,35.9107729],[139.0568737,35.9107643],[139.0568797,35.9107528],[139.0568875,35.9107415],[139.0568896,35.9107392],[139.056893,35.910735],[139.0568953,35.9107314],[139.0569071,35.910715],[139.0569123,35.9106997],[139.0569131,35.9106933],[139.0569137,35.9106901],[139.0569205,35.9106547],[139.0568111,35.9106734],[139.0568095,35.9106741],[139.0568027,35.9106768],[139.0567962,35.9106799],[139.0567899,35.9106833],[139.0567841,35.910687],[139.0567783,35.9106909],[139.0567728,35.910695],[139.0567675,35.9106994],[139.0567628,35.9107039],[139.0567582,35.9107087],[139.0567539,35.9107137],[139.0567498,35.9107189],[139.0567464,35.9107243],[139.0567432,35.9107298],[139.0567404,35.9107355],[139.0567375,35.9107489],[139.0567334,35.9107783],[139.0567311,35.9108071],[139.0567307,35.9108367],[139.0567304,35.9108631],[139.0567317,35.910902],[139.0567356,35.9109384],[139.0567422,35.9109769],[139.0567435,35.910981],[139.0567466,35.9109895],[139.0567503,35.9109978],[139.0567545,35.9110059],[139.0567595,35.9110139],[139.0567646,35.9110216],[139.0567704,35.911029],[139.0567755,35.911035],[139.0567822,35.911042],[139.0567894,35.9110486],[139.0567971,35.9110549],[139.0568051,35.9110609],[139.0568133,35.9110665],[139.056822,35.9110717],[139.0568735,35.9111084],[139.0568739,35.9111085],[139.0569236,35.9111479],[139.0569271,35.9111522],[139.0569347,35.9111625],[139.0569416,35.9111732],[139.0569478,35.911184],[139.0569528,35.9111938],[139.0569574,35.9112052],[139.0569615,35.9112168],[139.056965,35.9112285],[139.0569674,35.9112404],[139.0569683,35.9112462],[139.0569696,35.9112568],[139.05697,35.9112674],[139.0569696,35.9112779],[139.0569689,35.9112886],[139.0569681,35.9112936],[139.0569659,35.911304],[139.0569634,35.9113145],[139.05696,35.9113246],[139.0569559,35.9113347],[139.0569511,35.9113446],[139.0569477,35.9113529],[139.0569407,35.9113677],[139.0569329,35.9113821],[139.0569243,35.9113961],[139.0569226,35.9113987],[139.0569127,35.9114121],[139.0569019,35.9114252],[139.0568903,35.9114378],[139.0568779,35.9114498],[139.0568636,35.9114647],[139.056835,35.9114925],[139.0568158,35.9115095],[139.056784,35.9115353],[139.0567742,35.9115419],[139.0567458,35.9115632],[139.0567323,35.9115744],[139.056706,35.9115975],[139.0567033,35.911599],[139.0566945,35.9116047],[139.0566863,35.9116106],[139.0566783,35.9116169],[139.0566709,35.9116235],[139.0566654,35.9116286],[139.056659,35.9116358],[139.0566526,35.9116433],[139.0566471,35.911651],[139.0566419,35.911659],[139.0566373,35.9116672],[139.0566368,35.9116697],[139.0566359,35.9116754],[139.0566355,35.9116811],[139.0566357,35.9116868],[139.0566361,35.9116925],[139.0566368,35.9116981],[139.0566377,35.9117038],[139.0566395,35.9117094],[139.0566413,35.9117148],[139.0566436,35.9117202],[139.0566461,35.9117256],[139.0566483,35.9117295],[139.0566515,35.9117345],[139.0566549,35.9117394],[139.0566589,35.9117441],[139.0566631,35.9117488],[139.0566676,35.9117531],[139.0566722,35.9117573],[139.0566774,35.9117613],[139.0566825,35.911765],[139.0566875,35.9117686],[139.0566926,35.9117721],[139.0566984,35.9117754],[139.0567043,35.9117785],[139.05671,35.9117813],[139.0567121,35.9117821],[139.0567181,35.9117845],[139.0567243,35.9117867],[139.0567246,35.9117868],[139.0567309,35.9117886],[139.0567375,35.9117902],[139.0567443,35.9117915],[139.0567458,35.9117917],[139.0567562,35.911794],[139.0567664,35.9117966],[139.0567765,35.9117997],[139.0567864,35.9118032],[139.0567957,35.9118072],[139.056805,35.9118116],[139.056813,35.9118158],[139.0568218,35.9118209],[139.0568299,35.9118264],[139.0568379,35.9118323],[139.0568456,35.9118385],[139.0568525,35.9118451],[139.0568593,35.9118519],[139.0568654,35.911859],[139.0568696,35.9118695],[139.0568786,35.9118954],[139.0568798,35.9118992],[139.0568855,35.9119257],[139.056889,35.9119525],[139.0568875,35.9119726],[139.0568879,35.912002],[139.0568897,35.91202],[139.0568946,35.9120491],[139.056896,35.9120515],[139.0569026,35.9120601],[139.0569097,35.9120682],[139.0569175,35.9120759],[139.0569263,35.912083],[139.0569326,35.9120877],[139.0569426,35.9120938],[139.0569525,35.9120992],[139.0569528,35.9120994],[139.0569635,35.9121041],[139.0569746,35.9121082],[139.0569749,35.9121083],[139.0569861,35.9121115],[139.0569865,35.9121116],[139.0569875,35.9121118],[139.0569878,35.9121119],[139.0569984,35.9121136],[139.057009,35.9121148],[139.0570094,35.9121149],[139.0570201,35.9121156],[139.0570311,35.9121159],[139.0570318,35.9121159],[139.0570322,35.9121159],[139.0570429,35.9121157],[139.0570537,35.912115],[139.057054,35.9121149],[139.0570646,35.9121138],[139.0570649,35.9121137],[139.0570753,35.9121121],[139.0570757,35.9121121],[139.0570861,35.91211],[139.0570943,35.9121095],[139.0571058,35.9121095],[139.0571173,35.91211],[139.0571288,35.9121109],[139.0571402,35.9121125],[139.0571413,35.9121126],[139.0571417,35.9121127],[139.0571528,35.9121146],[139.0571639,35.9121172],[139.0571749,35.9121202],[139.0571855,35.9121238],[139.0571961,35.9121277],[139.0572062,35.9121321],[139.0572065,35.9121322],[139.0572115,35.9121372],[139.057217,35.9121432],[139.0572224,35.9121496],[139.0572271,35.9121561],[139.0572314,35.9121629],[139.0572351,35.9121699],[139.0572369,35.9121731],[139.05724,35.9121802],[139.0572427,35.9121876],[139.0572447,35.912195],[139.0572466,35.9122025],[139.0572477,35.91221],[139.0572484,35.9122176],[139.0572485,35.9122253],[139.0572477,35.9122402],[139.0572456,35.9122569],[139.0572427,35.9122736],[139.0572385,35.91229],[139.0572376,35.9122932],[139.0572319,35.9123094],[139.0572254,35.9123254],[139.0572177,35.9123409],[139.0572092,35.9123562],[139.0571757,35.9124251],[139.0571284,35.9125137],[139.0571162,35.9125352],[139.0570877,35.9125909],[139.0570772,35.9126139],[139.0570542,35.9126712],[139.0570269,35.9127456],[139.0570235,35.9127541],[139.0569885,35.9128316],[139.0569835,35.912842],[139.0569703,35.9128652],[139.0569559,35.9128878],[139.0569414,35.9129077],[139.056924,35.9129289],[139.0569052,35.9129493],[139.0568507,35.9130043],[139.0567914,35.9130705],[139.0567816,35.9130817],[139.0567441,35.9131223],[139.0567289,35.9131374],[139.0566873,35.9131755],[139.0566623,35.9131919],[139.0565493,35.9132666],[139.0565439,35.91327],[139.0565296,35.9132796],[139.0565159,35.9132897],[139.0565031,35.9133005],[139.0564908,35.9133118],[139.0564831,35.9133199],[139.0564722,35.9133321],[139.0564623,35.9133448],[139.0564532,35.9133578],[139.056445,35.9133712],[139.0564374,35.913385],[139.0564313,35.9133992],[139.0564121,35.9134605],[139.0563861,35.9135407],[139.0563841,35.9135484],[139.056383,35.9135562],[139.0563818,35.9135642],[139.0563814,35.9135722],[139.0563812,35.9135801],[139.0563814,35.9135881],[139.0563816,35.9135907],[139.0563824,35.9135987],[139.0563836,35.9136066],[139.056385,35.9136145],[139.0563872,35.9136222],[139.0563894,35.91363],[139.0563922,35.9136377],[139.0563956,35.9136452],[139.0563992,35.9136526],[139.056403,35.9136599],[139.0564198,35.9136904],[139.0564721,35.9137797],[139.0564812,35.9137944],[139.0565388,35.9138814],[139.0565437,35.9138894],[139.0565626,35.9139187],[139.0565833,35.9139474],[139.0565863,35.9139512],[139.0566086,35.913979],[139.0566322,35.9140061],[139.0566574,35.9140323],[139.0567154,35.9140941],[139.056775,35.9141547],[139.0567793,35.9141603],[139.0567844,35.9141675],[139.0567891,35.914175],[139.0567937,35.9141826],[139.0567974,35.9141903],[139.0568013,35.9141982],[139.0568044,35.9142062],[139.0568056,35.9142097],[139.0568081,35.9142179],[139.0568105,35.9142261],[139.0568121,35.9142344],[139.0568136,35.9142427],[139.0568145,35.9142511],[139.056815,35.9142594],[139.056815,35.9142678],[139.0568052,35.9143144],[139.0567951,35.9143625],[139.056787,35.9143893],[139.0567728,35.9144345],[139.0567708,35.9144414],[139.056761,35.914485],[139.0567557,35.914503],[139.0567546,35.9145071],[139.0567536,35.9145111],[139.0567528,35.9145153],[139.0567524,35.9145194],[139.0567521,35.9145236],[139.0567522,35.9145277],[139.0567526,35.9145319],[139.0567532,35.914536],[139.056754,35.9145399],[139.0567552,35.914544],[139.0567566,35.9145479],[139.0567584,35.9145519],[139.0567603,35.9145557],[139.0567626,35.9145595],[139.0567649,35.9145631],[139.0567676,35.9145666],[139.0567692,35.9145677],[139.0567744,35.9145715],[139.0567803,35.914575],[139.0567859,35.9145783],[139.0567921,35.9145813],[139.0567984,35.9145841],[139.0568009,35.914585],[139.0568073,35.9145873],[139.0568076,35.9145874],[139.0568142,35.9145894],[139.056821,35.9145912],[139.0568409,35.9145957],[139.0568557,35.9146008],[139.0568859,35.9146121],[139.0569153,35.9146243],[139.0569156,35.9146245],[139.056916,35.9146245],[139.0569447,35.9146378],[139.0569719,35.9146516],[139.0569744,35.9146531],[139.0569926,35.9146657],[139.0570103,35.9146788],[139.0570268,35.9146923],[139.0570427,35.9147065],[139.0570583,35.9147215],[139.0570697,35.9147329],[139.057083,35.9147473],[139.0570955,35.9147622],[139.0571027,35.9147712],[139.0571142,35.9147867],[139.0571247,35.9148025],[139.0571344,35.9148188],[139.0571364,35.9148225],[139.0571421,35.9148336],[139.0571472,35.9148447],[139.0571516,35.914856],[139.0571556,35.9148676],[139.0571572,35.9148732],[139.0571602,35.9148849],[139.0571625,35.9148966],[139.0571643,35.9149084],[139.0571655,35.9149202],[139.0571662,35.9149321],[139.0571662,35.914944],[139.0571655,35.9149558],[139.0571643,35.9149652],[139.057162,35.9149806],[139.0571589,35.914996],[139.0571574,35.9150018],[139.057153,35.9150169],[139.057148,35.9150319],[139.0571422,35.9150465],[139.0571358,35.9150606],[139.0571293,35.9150722],[139.0571191,35.9150884],[139.057108,35.9151043],[139.0570981,35.9151173],[139.0570853,35.9151324],[139.0570722,35.9151471],[139.0570572,35.9151622],[139.0570546,35.9151653],[139.0570196,35.9152049],[139.0569825,35.9152431],[139.0569512,35.915273],[139.0569109,35.9153089],[139.056851,35.9153588],[139.0567907,35.9154069],[139.0567868,35.9154113],[139.0567826,35.9154162],[139.056779,35.9154213],[139.0567753,35.9154265],[139.0567722,35.9154319],[139.0567692,35.9154372],[139.0567665,35.9154428],[139.056764,35.9154484],[139.0567619,35.9154541],[139.0567599,35.9154598],[139.0567584,35.9154656],[139.0567571,35.9154714],[139.0567565,35.915476],[139.0567558,35.915482],[139.0567554,35.9154878],[139.0567554,35.9154938],[139.0567554,35.9154998],[139.0567559,35.9155057],[139.0567567,35.9155116],[139.0567579,35.9155175],[139.0567593,35.9155233],[139.0567612,35.915529],[139.0567632,35.9155347],[139.0567655,35.9155404],[139.0567682,35.9155459],[139.0567761,35.9155614],[139.0567911,35.9155876],[139.0568057,35.9156104],[139.0568231,35.9156354],[139.0568275,35.9156417],[139.0568322,35.9156485],[139.0568362,35.9156553],[139.0568402,35.9156624],[139.0568436,35.9156696],[139.0568468,35.915677],[139.0568478,35.9156798],[139.0568504,35.9156874],[139.0568526,35.9156949],[139.0568543,35.9157025],[139.0568555,35.9157101],[139.0568565,35.9157178],[139.0568574,35.9157264],[139.0568574,35.9157283],[139.0568588,35.9157404],[139.0568598,35.9157523],[139.05686,35.9157643],[139.0568593,35.9157762],[139.0568584,35.9157881],[139.0568568,35.9158],[139.0568544,35.9158118],[139.0568516,35.9158234],[139.056848,35.9158352],[139.0568407,35.915857],[139.0568266,35.9158937],[139.0568167,35.9159171],[139.0567995,35.9159527],[139.0567945,35.915962],[139.0567877,35.9159764],[139.0567812,35.9159913],[139.0567755,35.9160061],[139.0567736,35.9160125],[139.0567691,35.9160275],[139.0567651,35.9160429],[139.0567624,35.9160587],[139.0567603,35.9160799],[139.0567592,35.9161015],[139.0567593,35.9161231],[139.0567599,35.9161378],[139.0567618,35.9161593],[139.056765,35.9161808],[139.0567691,35.9162025],[139.0567933,35.9162905],[139.0568082,35.9163474],[139.0568256,35.9164148],[139.0568267,35.9164203],[139.0568312,35.9164413],[139.0568344,35.9164624],[139.056835,35.9164673],[139.0568369,35.9164885],[139.0568377,35.9165096],[139.0568374,35.9165314],[139.0568377,35.9165405],[139.0568372,35.9165542],[139.0568364,35.9165678],[139.0568345,35.9165814],[139.0568323,35.9165939],[139.0568296,35.9166074],[139.0568257,35.9166206],[139.0568216,35.9166335],[139.05680769488853,35.916666666666664],[139.0566906575412,35.916666666666664],[139.0566932,35.916644],[139.0566999,35.9166071],[139.0567094,35.9165503],[139.0567112,35.9165421],[139.0567127,35.9165333],[139.0567137,35.9165245],[139.0567143,35.9165157],[139.0567143,35.9165069],[139.0567143,35.9165035],[139.0567138,35.9164948],[139.0567128,35.9164859],[139.0567114,35.9164772],[139.0567095,35.9164684],[139.0567071,35.9164597],[139.0567042,35.9164507],[139.0567025,35.9164468],[139.0566944,35.9164297],[139.0566852,35.9164129],[139.0566786,35.9164015],[139.056668,35.9163852],[139.0566566,35.9163693],[139.0566446,35.9163539],[139.0566443,35.9163534],[139.056639,35.9163469],[139.0566343,35.9163404],[139.0566299,35.9163337],[139.0566259,35.9163268],[139.0566222,35.9163198],[139.0566207,35.9163166],[139.0566174,35.9163094],[139.0566147,35.916302],[139.0566124,35.9162947],[139.0566103,35.9162873],[139.0566086,35.9162799],[139.0566075,35.9162724],[139.0566065,35.9162641],[139.0566031,35.9162427],[139.0565952,35.9161793],[139.0565924,35.916127],[139.0565904,35.9160659],[139.0565903,35.9160615],[139.0565909,35.9160339],[139.0565941,35.9160066],[139.0565975,35.9159891],[139.0566051,35.9159624],[139.0566155,35.9159352],[139.0566182,35.9159271],[139.056631,35.9158793],[139.0566335,35.9158669],[139.0566406,35.9158181],[139.0566409,35.9158134],[139.0566412,35.9157929],[139.0566395,35.9157725],[139.0566389,35.9157677],[139.0566348,35.9157475],[139.0566288,35.9157273],[139.0566213,35.915709],[139.0566208,35.9157074],[139.0566143,35.9156898],[139.056606,35.9156722],[139.0565962,35.9156557],[139.0565937,35.915652],[139.0565821,35.9156361],[139.0565688,35.9156209],[139.0565554,35.915608],[139.0565492,35.9156005],[139.0565386,35.9155855],[139.0565295,35.9155699],[139.0565234,35.9155573],[139.0565171,35.9155409],[139.0565124,35.9155244],[139.0565113,35.915517],[139.0565104,35.9155053],[139.0565106,35.9154938],[139.0565121,35.9154821],[139.0565132,35.9154763],[139.0565163,35.9154648],[139.0565204,35.9154537],[139.0565256,35.9154431],[139.0565323,35.9154319],[139.0566171,35.9152912],[139.0566659,35.9152115],[139.0566709,35.9152043],[139.0567113,35.9151393],[139.0567209,35.9151217],[139.056753,35.9150538],[139.056757,35.9150449],[139.0567607,35.9150337],[139.0567634,35.9150222],[139.0567651,35.9150105],[139.0567655,35.9149988],[139.0567649,35.9149873],[139.0567634,35.9149775],[139.0567606,35.9149661],[139.0567569,35.9149548],[139.056752,35.9149438],[139.056746,35.9149331],[139.056739,35.9149229],[139.0567319,35.9149141],[139.0567028,35.9148753],[139.0566932,35.9148637],[139.0566567,35.9148243],[139.0566453,35.9148145],[139.056629,35.9148025],[139.0566117,35.9147913],[139.0565936,35.9147816],[139.0565924,35.9147811],[139.0565734,35.9147726],[139.0565533,35.9147651],[139.0565326,35.914759],[139.0565323,35.9147589],[139.0565129,35.9147546],[139.0565057,35.9147525],[139.0564894,35.9147469],[139.0564891,35.9147468],[139.0564734,35.9147402],[139.0564717,35.9147394],[139.0564565,35.9147316],[139.0564427,35.9147229],[139.0564309,35.9147145],[139.0564247,35.9147071],[139.0564187,35.9146985],[139.0564134,35.9146895],[139.0564091,35.9146802],[139.0564064,35.9146726],[139.0564037,35.9146627],[139.0564019,35.9146529],[139.0564013,35.9146431],[139.0564015,35.9146328],[139.0564039,35.9146047],[139.0564067,35.9145731],[139.0564093,35.914524],[139.0564094,35.9144891],[139.0564096,35.9144802],[139.0564083,35.9144548],[139.0564047,35.9144297],[139.056404,35.9144265],[139.0563978,35.9144017],[139.0563889,35.914377],[139.0563782,35.9143539],[139.0563613,35.9143158],[139.0563518,35.9142975],[139.056327,35.9142563],[139.0563199,35.9142462],[139.0563073,35.9142307],[139.0562932,35.9142161],[139.056291,35.914214],[139.0562754,35.9142005],[139.0562584,35.9141879],[139.0562392,35.9141759],[139.0562389,35.9141758],[139.0562364,35.9141746],[139.0561893,35.9141517],[139.0561782,35.9141458],[139.0561338,35.9141189],[139.0561225,35.9141121],[139.0561094,35.9141054],[139.0560955,35.9140997],[139.0560952,35.9140996],[139.0560811,35.9140947],[139.0560665,35.9140908],[139.0560514,35.9140877],[139.0560363,35.9140856],[139.0560359,35.9140856],[139.0560216,35.9140846],[139.0559948,35.9140826],[139.0559945,35.9140825],[139.0559466,35.9140771],[139.0559258,35.9140747],[139.0559254,35.9140747],[139.0559019,35.9140723],[139.0558929,35.9140714],[139.0558596,35.914068],[139.0557734,35.9140579],[139.0557706,35.9140579],[139.0557624,35.9140578],[139.0557382,35.9140566],[139.0557343,35.9140564],[139.0557228,35.9140558],[139.0557225,35.9140558],[139.0556871,35.9140518],[139.0556594,35.9140469],[139.0556557,35.9140456],[139.0556554,35.9140455],[139.0556503,35.9140432],[139.0556447,35.9140407],[139.0556395,35.9140378],[139.0556348,35.9140348],[139.0556345,35.9140346],[139.0556302,35.9140314],[139.0556258,35.9140279],[139.0556238,35.9140261],[139.0556199,35.9140222],[139.0556163,35.9140181],[139.0556129,35.9140139],[139.0556099,35.9140095],[139.0556072,35.9140049],[139.0556049,35.9140002],[139.055603,35.9139954],[139.0556014,35.9139906],[139.0555925,35.9139624],[139.0555748,35.9139205],[139.0555546,35.9138811],[139.0555503,35.9138751],[139.0555474,35.91387],[139.055545,35.9138647],[139.0555431,35.9138594],[139.0555415,35.9138537],[139.0555412,35.9138521],[139.0555405,35.9138463],[139.0555405,35.9138407],[139.0555408,35.9138351],[139.0555418,35.9138296],[139.0555434,35.9138238],[139.0555448,35.9138194],[139.0555505,35.9138043],[139.0555577,35.9137897],[139.0555663,35.9137756],[139.0555761,35.9137623],[139.0555889,35.9137477],[139.0555932,35.9137409],[139.0556134,35.9137046],[139.0556238,35.9136822],[139.0556388,35.9136427],[139.0556464,35.9135869],[139.0556519,35.9135197],[139.0556534,35.9135104],[139.055654,35.9134988],[139.0556537,35.9134873],[139.0556522,35.9134757],[139.0556496,35.9134646],[139.055646,35.9134534],[139.0556412,35.9134425],[139.0556353,35.9134318],[139.0556285,35.9134216],[139.055621,35.9134122],[139.0556162,35.9134066],[139.0556093,35.9133976],[139.0556032,35.9133881],[139.0556026,35.913387],[139.0555976,35.913377],[139.0555937,35.9133671],[139.0555908,35.9133569],[139.0555888,35.9133461],[139.0555883,35.9133422],[139.0555872,35.9133291],[139.0555875,35.9133161],[139.0555889,35.9133032],[139.0555911,35.9132925],[139.0555948,35.9132799],[139.0555993,35.9132687],[139.0556047,35.913261],[139.0556226,35.913238],[139.055634,35.9132252],[139.0556537,35.9132059],[139.0557057,35.9131758],[139.0557692,35.9131418],[139.0557701,35.9131414],[139.055783,35.9131348],[139.0557959,35.9131272],[139.0558079,35.9131188],[139.055819,35.9131097],[139.055829,35.9131001],[139.0558382,35.9130896],[139.0558464,35.9130787],[139.0558536,35.9130672],[139.0558596,35.9130552],[139.055864,35.913044],[139.0558697,35.9130309],[139.0558776,35.9130159],[139.0558851,35.9130042],[139.0558956,35.9129904],[139.0559083,35.912976],[139.0559914,35.9128671],[139.0560547,35.9127947],[139.056086,35.9127564],[139.0561004,35.9127366],[139.0561291,35.9126912],[139.0561328,35.912681],[139.0561427,35.9126471],[139.0561455,35.912635],[139.0561505,35.9126029],[139.0561527,35.9125974],[139.0561546,35.9125903],[139.0561559,35.9125831],[139.0561565,35.9125758],[139.0561564,35.9125686],[139.0561556,35.9125614],[139.0561547,35.9125571],[139.0561529,35.9125502],[139.0561503,35.9125432],[139.0561472,35.9125364],[139.0561434,35.9125301],[139.056142,35.912528],[139.0561381,35.9125229],[139.0561335,35.9125179],[139.0561286,35.9125131],[139.0561232,35.9125089],[139.056119,35.9125059],[139.0561129,35.9125022],[139.0561064,35.9124988],[139.0560998,35.912496],[139.0560995,35.9124958],[139.0560944,35.912494],[139.0560941,35.9124939],[139.0560544,35.912477],[139.0559646,35.9124425],[139.0559526,35.9124381],[139.0558612,35.9124084],[139.0558538,35.9124055],[139.0557806,35.9123801],[139.0557803,35.91238],[139.0557335,35.9123657],[139.0556583,35.9123457],[139.055658,35.9123456],[139.0556379,35.9123403],[139.0556376,35.9123402],[139.055596,35.9123279],[139.055584,35.9123238],[139.0555434,35.9123091],[139.0555037,35.9122924],[139.0554456,35.9122678],[139.0554237,35.9122575],[139.0554215,35.9122561],[139.0554171,35.9122535],[139.0554133,35.9122507],[139.0554096,35.9122477],[139.055406,35.9122446],[139.0554026,35.9122414],[139.0554004,35.9122387],[139.0553974,35.9122352],[139.0553947,35.9122316],[139.0553923,35.9122278],[139.0553901,35.9122239],[139.0553881,35.9122199],[139.0553859,35.9122119],[139.055384,35.9122032],[139.0553826,35.9121945],[139.0553824,35.9121917],[139.0553819,35.9121829],[139.0553819,35.9121741],[139.0553825,35.9121653],[139.0553839,35.9121564],[139.0553847,35.9121523],[139.0553937,35.9121176],[139.0554025,35.9120709],[139.0554092,35.912023],[139.0554127,35.9119773],[139.0554128,35.9119764],[139.0554127,35.9119702],[139.0554122,35.9119638],[139.0554114,35.9119575],[139.0554101,35.9119512],[139.0554084,35.911945],[139.0554063,35.9119388],[139.0554038,35.9119329],[139.0554027,35.9119307],[139.0553998,35.911925],[139.0553963,35.9119192],[139.0553924,35.9119137],[139.0553883,35.9119082],[139.0553837,35.9119031],[139.0553788,35.9118981],[139.0553736,35.9118934],[139.0553689,35.9118895],[139.0553377,35.9118619],[139.0552897,35.9118071],[139.0552869,35.9118041],[139.0552829,35.9118001],[139.0552787,35.9117963],[139.0552742,35.9117926],[139.0552696,35.911789],[139.0552648,35.9117856],[139.0552599,35.9117824],[139.0552547,35.9117793],[139.0552493,35.9117765],[139.055244,35.9117737],[139.0552383,35.9117713],[139.0552329,35.9117691],[139.0552321,35.9117688],[139.0552317,35.9117686],[139.0552264,35.9117667],[139.0552206,35.9117647],[139.0552145,35.9117631],[139.0552084,35.9117616],[139.0552022,35.9117603],[139.055196,35.9117592],[139.05519,35.9117583],[139.0551896,35.9117583],[139.0551837,35.9117577],[139.0551833,35.9117577],[139.0551774,35.9117573],[139.055177,35.9117572],[139.0551712,35.911757],[139.0551708,35.911757],[139.0551684,35.911757],[139.055168,35.911757],[139.0550998,35.9117549],[139.0550965,35.9117549],[139.0550427,35.9117549],[139.0550423,35.9117549],[139.0549215,35.9117606],[139.0549212,35.9117606],[139.0548443,35.9117653],[139.0547898,35.9117684],[139.0547839,35.9117675],[139.0547797,35.9117664],[139.0547793,35.9117663],[139.0547753,35.911765],[139.0547709,35.9117635],[139.0547669,35.9117615],[139.054763,35.9117594],[139.0547596,35.9117571],[139.0547562,35.9117544],[139.0547531,35.9117516],[139.0547503,35.9117486],[139.0547476,35.9117454],[139.0547452,35.9117418],[139.0547442,35.91174],[139.0547406,35.9117346],[139.0547385,35.9117305],[139.0547366,35.9117263],[139.0547352,35.9117218],[139.0547343,35.9117174],[139.0547337,35.9117128],[139.0547336,35.9117081],[139.0547339,35.9117036],[139.0547348,35.9116991],[139.0547359,35.9116947],[139.0547376,35.9116904],[139.0547397,35.9116862],[139.0547426,35.9116813],[139.0547801,35.9116016],[139.0548438,35.9114906],[139.0548488,35.9114804],[139.054853,35.9114703],[139.0548567,35.9114601],[139.0548599,35.9114498],[139.0548625,35.9114394],[139.0548647,35.911429],[139.0548663,35.9114185],[139.0548669,35.911412],[139.0548676,35.9114016],[139.0548677,35.9113909],[139.0548674,35.9113803],[139.0548665,35.9113697],[139.0548649,35.9113592],[139.0548634,35.9113504],[139.0548542,35.9113027],[139.0548462,35.9112619],[139.0548337,35.9112212],[139.0548233,35.9111917],[139.0548074,35.9111524],[139.0547895,35.9111137],[139.054774,35.9110837],[139.0547683,35.9110762],[139.0547646,35.9110708],[139.0547613,35.9110654],[139.0547581,35.9110598],[139.0547553,35.9110541],[139.0547528,35.9110483],[139.0547505,35.9110424],[139.0547486,35.9110364],[139.0547481,35.9110351],[139.0547465,35.911029],[139.0547454,35.9110229],[139.0547444,35.9110168],[139.0547438,35.9110107],[139.0547436,35.9110046],[139.0547436,35.9110002],[139.0547451,35.9109927],[139.0547477,35.9109841],[139.0547498,35.910979],[139.0547539,35.9109707],[139.0547588,35.9109625],[139.0547611,35.910959],[139.0547629,35.9109531],[139.0547635,35.9109497],[139.0547639,35.9109462],[139.0547639,35.9109427],[139.0547636,35.9109391],[139.0547629,35.9109357],[139.0547619,35.9109323],[139.0547606,35.9109289],[139.054759,35.9109257],[139.054757,35.9109226],[139.0547547,35.9109196],[139.0547522,35.9109167],[139.0547494,35.9109141],[139.0547463,35.9109116],[139.0547436,35.9109096],[139.0547425,35.910909],[139.0547395,35.9109072],[139.0547358,35.9109054],[139.054732,35.9109039],[139.0547316,35.9109037],[139.0547278,35.9109025],[139.0547237,35.9109014],[139.0547195,35.9109006],[139.0547153,35.9109],[139.054711,35.9108998],[139.0547067,35.9108997],[139.0547049,35.9108999],[139.0547024,35.9109001],[139.0546885,35.9109045],[139.0546748,35.9109102],[139.0546536,35.9109241],[139.0546302,35.9109437],[139.0546243,35.9109487],[139.0546194,35.9109537],[139.0546156,35.910958],[139.054611,35.9109635],[139.0546072,35.9109692],[139.0546037,35.9109752],[139.0546005,35.9109812],[139.0545981,35.9109875],[139.054597,35.9109906],[139.0545961,35.9109981],[139.0545954,35.9110056],[139.0545955,35.9110131],[139.0545965,35.9110205],[139.0545976,35.9110279],[139.0545994,35.9110342],[139.0546016,35.9110414],[139.0546046,35.9110485],[139.0546081,35.9110555],[139.0546117,35.9110617],[139.0546223,35.9110869],[139.0546324,35.9111124],[139.0546385,35.9111297],[139.0546474,35.9111555],[139.0546527,35.9111731],[139.0546561,35.911187],[139.0546592,35.9112008],[139.0546618,35.9112147],[139.0546639,35.9112287],[139.0546656,35.9112427],[139.0546669,35.9112547],[139.0546677,35.9112688],[139.0546683,35.9112828],[139.0546683,35.9112969],[139.054668,35.9113111],[139.0546678,35.9113153],[139.0546656,35.91133],[139.0546629,35.9113447],[139.0546598,35.9113593],[139.0546562,35.9113738],[139.0546535,35.9113831],[139.0546492,35.9113975],[139.0546446,35.9114117],[139.0546394,35.911426],[139.0546393,35.9114263],[139.0546281,35.9114631],[139.0546242,35.9114751],[139.0546114,35.9115115],[139.0546101,35.9115152],[139.0546048,35.9115281],[139.054599,35.9115409],[139.0545932,35.9115536],[139.0545867,35.9115661],[139.05458,35.9115785],[139.0545779,35.9115822],[139.0545705,35.9115944],[139.0545629,35.9116065],[139.054555,35.9116185],[139.0545465,35.9116302],[139.054543,35.9116347],[139.0545297,35.9116561],[139.0545153,35.9116771],[139.0545004,35.9116978],[139.0544948,35.9117056],[139.0544791,35.9117259],[139.0544626,35.9117459],[139.0544457,35.9117655],[139.0544415,35.9117704],[139.0544161,35.9117999],[139.05439,35.9118288],[139.054367,35.9118532],[139.0543394,35.9118812],[139.0543107,35.9119084],[139.0542975,35.9119208],[139.0542942,35.9119233],[139.0542913,35.9119259],[139.0542886,35.9119285],[139.0542858,35.9119312],[139.0542829,35.911934],[139.0542803,35.9119367],[139.0542779,35.9119396],[139.0542755,35.9119426],[139.0542731,35.9119455],[139.0542709,35.9119485],[139.0542685,35.9119515],[139.0542666,35.9119547],[139.0542644,35.9119578],[139.0542628,35.911961],[139.054261,35.9119642],[139.0542593,35.9119674],[139.0542578,35.91197],[139.0542563,35.9119734],[139.0542551,35.9119767],[139.0542536,35.91198],[139.0542526,35.9119834],[139.0542513,35.9119868],[139.0542505,35.9119903],[139.0542496,35.9119937],[139.0542489,35.9119972],[139.0542482,35.9120007],[139.0542476,35.9120042],[139.054247,35.9120076],[139.0542469,35.9120112],[139.0542466,35.9120148],[139.0542465,35.9120183],[139.0542463,35.9120218],[139.0542465,35.9120242],[139.0542461,35.9120312],[139.0542462,35.9120382],[139.0542466,35.9120452],[139.0542478,35.9120521],[139.0542496,35.912059],[139.0542517,35.9120658],[139.0542537,35.9120702],[139.0542568,35.9120767],[139.0542604,35.9120832],[139.0542644,35.9120893],[139.054269,35.9120953],[139.0542724,35.9120992],[139.0542728,35.9121],[139.0542754,35.9121032],[139.0542779,35.9121062],[139.0542807,35.912109],[139.0542837,35.9121118],[139.0542869,35.9121144],[139.05429,35.9121169],[139.0542937,35.9121192],[139.0542973,35.9121213],[139.0543011,35.9121234],[139.0543042,35.9121249],[139.0543081,35.9121265],[139.0543084,35.9121267],[139.0543124,35.9121281],[139.0543166,35.9121294],[139.0543209,35.9121305],[139.0543252,35.9121315],[139.0543296,35.9121322],[139.0543341,35.9121328],[139.0543384,35.9121331],[139.0543387,35.9121331],[139.0543394,35.9121332],[139.0543479,35.9121335],[139.0543562,35.9121335],[139.0543566,35.9121334],[139.0543647,35.9121331],[139.0543651,35.912133],[139.0543695,35.9121326],[139.054378,35.9121317],[139.0543863,35.9121303],[139.0543944,35.9121286],[139.0543947,35.9121285],[139.0544029,35.9121265],[139.0544106,35.9121241],[139.0544347,35.9121146],[139.0544847,35.9120967],[139.0545034,35.9120907],[139.0545551,35.9120759],[139.05461,35.9120672],[139.0546104,35.9120672],[139.0546976,35.9120528],[139.0546979,35.9120527],[139.0546993,35.9120524],[139.0547035,35.9120516],[139.0547076,35.9120511],[139.0547117,35.9120507],[139.0547156,35.9120505],[139.054716,35.9120505],[139.05472,35.9120506],[139.054724,35.9120507],[139.0547243,35.9120507],[139.0547283,35.9120511],[139.0547324,35.9120516],[139.0547363,35.9120524],[139.0547366,35.9120524],[139.0547404,35.9120532],[139.0547442,35.9120543],[139.0547446,35.9120544],[139.0547483,35.9120556],[139.0547521,35.912057],[139.0547543,35.9120579],[139.0547577,35.9120596],[139.0547614,35.9120615],[139.0547644,35.9120633],[139.0547647,35.9120635],[139.054768,35.9120656],[139.054771,35.9120678],[139.0547738,35.9120703],[139.0547765,35.9120728],[139.0547793,35.9120755],[139.0547817,35.9120783],[139.0547839,35.9120811],[139.0547857,35.912084],[139.0547874,35.9120874],[139.0547918,35.912095],[139.0547967,35.9121024],[139.0548022,35.9121097],[139.0548081,35.9121166],[139.0548142,35.9121232],[139.0548197,35.9121283],[139.0548265,35.9121344],[139.0548342,35.9121402],[139.0548421,35.9121456],[139.054844,35.9121469],[139.0548473,35.9121495],[139.0548508,35.9121521],[139.054854,35.9121549],[139.0548569,35.9121578],[139.0548597,35.9121609],[139.0548622,35.912164],[139.0548643,35.9121673],[139.0548664,35.9121707],[139.0548685,35.9121741],[139.0548701,35.9121776],[139.0548715,35.9121812],[139.0548725,35.9121849],[139.0548736,35.9121886],[139.0548742,35.9121924],[139.0548746,35.9121961],[139.0548748,35.9121999],[139.0548745,35.9122037],[139.0548743,35.9122075],[139.0548737,35.9122113],[139.0548726,35.912215],[139.0548677,35.9122263],[139.0548637,35.9122379],[139.05486,35.9122495],[139.0548569,35.9122613],[139.054855,35.9122701],[139.054853,35.9122821],[139.0548516,35.912294],[139.0548508,35.912306],[139.0548507,35.9123181],[139.0548507,35.9123198],[139.0548505,35.9123301],[139.0548507,35.9123404],[139.0548515,35.9123507],[139.0548526,35.9123609],[139.0548546,35.9123712],[139.0548561,35.9123784],[139.054859,35.9123885],[139.0548622,35.9123985],[139.054866,35.9124083],[139.0548702,35.912418],[139.0548733,35.9124242],[139.0548773,35.9124305],[139.0548818,35.9124365],[139.0548862,35.9124424],[139.0548913,35.9124481],[139.0548967,35.9124537],[139.0549021,35.912459],[139.0549081,35.9124642],[139.0549128,35.912468],[139.0549192,35.9124728],[139.0549257,35.9124774],[139.0549325,35.9124818],[139.0549395,35.9124859],[139.0549416,35.9124872],[139.0549659,35.9125055],[139.0549844,35.9125205],[139.0550071,35.9125402],[139.0550201,35.9125525],[139.0550446,35.9125752],[139.0550678,35.9125987],[139.0550883,35.9126214],[139.0551088,35.9126463],[139.0551284,35.9126719],[139.0551336,35.9126792],[139.0551383,35.9126853],[139.0551433,35.9126912],[139.0551486,35.9126969],[139.0551507,35.9126989],[139.0551564,35.9127044],[139.0551621,35.9127096],[139.0551684,35.9127146],[139.0551745,35.9127191],[139.0551774,35.9127208],[139.05518,35.9127227],[139.0551825,35.9127248],[139.0551847,35.9127269],[139.0551868,35.9127293],[139.0551887,35.9127318],[139.0551901,35.9127344],[139.0551915,35.9127371],[139.0551926,35.9127398],[139.0551932,35.9127426],[139.0551936,35.9127448],[139.0551939,35.9127477],[139.0551942,35.9127505],[139.0551939,35.9127534],[139.0551933,35.9127563],[139.0551924,35.9127591],[139.0551915,35.9127619],[139.0551901,35.9127645],[139.0551885,35.9127671],[139.0551867,35.9127696],[139.0551845,35.9127719],[139.0551824,35.9127741],[139.0551803,35.9127757],[139.0551703,35.9127879],[139.0551591,35.9127994],[139.0551578,35.9128007],[139.0551452,35.9128113],[139.0551356,35.9128185],[139.0550782,35.912852],[139.0550446,35.9128715],[139.0549874,35.9128979],[139.0549605,35.9129111],[139.0549053,35.9129403],[139.0548516,35.9129714],[139.0548366,35.9129808],[139.0548316,35.9129834],[139.0548273,35.9129862],[139.0548228,35.9129891],[139.0548186,35.9129922],[139.0548145,35.9129954],[139.0548106,35.9129988],[139.0548066,35.9130022],[139.054803,35.9130058],[139.0547998,35.9130095],[139.0547966,35.9130134],[139.0547934,35.9130173],[139.0547908,35.9130214],[139.0547895,35.9130234],[139.054787,35.9130276],[139.0547848,35.9130319],[139.0547827,35.9130362],[139.0547807,35.9130405],[139.0547792,35.913045],[139.0547779,35.9130495],[139.0547767,35.913054],[139.054776,35.9130586],[139.0547751,35.9130632],[139.0547751,35.913065],[139.054775,35.9130872],[139.0547761,35.9131095],[139.0547776,35.9131231],[139.0547807,35.9131453],[139.0547846,35.9131673],[139.054785,35.9131694],[139.0547856,35.9131818],[139.0547855,35.9131942],[139.0547847,35.9132065],[139.0547843,35.9132121],[139.0547827,35.9132244],[139.0547803,35.9132366],[139.0547773,35.9132489],[139.0547753,35.9132561],[139.0547496,35.913303],[139.0547322,35.9133345],[139.0547282,35.9133437],[139.0547247,35.9133531],[139.0547217,35.9133625],[139.0547209,35.9133653],[139.0547186,35.9133749],[139.0547167,35.9133846],[139.0547151,35.9133943],[139.0547144,35.913404],[139.054714,35.9134112],[139.0547138,35.9134184],[139.0547131,35.9134256],[139.054712,35.9134328],[139.0547106,35.9134399],[139.0547088,35.9134471],[139.0547066,35.9134541],[139.054704,35.913461],[139.0547012,35.913468],[139.0546979,35.9134748],[139.0546943,35.9134814],[139.0546904,35.9134879],[139.0546862,35.9134942],[139.0546815,35.9135004],[139.0546765,35.9135064],[139.0546715,35.9135123],[139.0546685,35.9135155],[139.0546563,35.9135276],[139.0546447,35.91354],[139.0546339,35.9135529],[139.0546336,35.9135532],[139.0546233,35.9135664],[139.0546137,35.91358],[139.0546051,35.9135938],[139.0546019,35.9136048],[139.0545996,35.9136158],[139.0545977,35.913627],[139.0545963,35.9136381],[139.0545958,35.913642],[139.0545953,35.9136533],[139.0545954,35.9136644],[139.0545961,35.9136757],[139.0545968,35.9136837],[139.0545977,35.9137002],[139.0545977,35.9137168],[139.0545971,35.9137334],[139.0545958,35.9137452],[139.0545938,35.9137616],[139.0545906,35.913778],[139.0545866,35.9137943],[139.0545865,35.9137948],[139.0545545,35.9138697],[139.0545269,35.913939],[139.0545224,35.9139503],[139.0545173,35.9139615],[139.0545116,35.9139725],[139.0545054,35.9139834],[139.0544987,35.913994],[139.0544911,35.9140043],[139.0544835,35.9140144],[139.0544751,35.9140242],[139.0544703,35.9140293],[139.0544613,35.9140387],[139.0544516,35.9140477],[139.0544418,35.9140564],[139.0544313,35.9140648],[139.0544203,35.9140728],[139.0544091,35.9140804],[139.0544046,35.9140831],[139.0543151,35.9141322],[139.0542276,35.914183],[139.0541467,35.9142261],[139.054079,35.9142653],[139.0540022,35.9143134],[139.0539834,35.914326],[139.0538468,35.9144221],[139.0537563,35.914489],[139.0537273,35.914509],[139.0536977,35.9145279],[139.0536667,35.9145459],[139.0536351,35.9145629],[139.0536026,35.9145786],[139.0535859,35.914586],[139.0535442,35.9145991],[139.0535019,35.9146108],[139.0534973,35.914612],[139.0534969,35.9146121],[139.0534542,35.9146221],[139.0534109,35.9146307],[139.05341,35.9146309],[139.0534067,35.9146315],[139.0533905,35.9146343],[139.0533743,35.9146366],[139.053366,35.9146375],[139.0533579,35.9146383],[139.0533416,35.9146395],[139.0533413,35.9146395],[139.0533291,35.9146399],[139.0533249,35.91464],[139.0533161,35.9146402],[139.0532996,35.9146399],[139.0532831,35.9146391],[139.0532667,35.9146377],[139.0532503,35.9146358],[139.0532406,35.9146343],[139.0531814,35.9146214],[139.0531384,35.9146128],[139.0531292,35.9146115],[139.05312,35.9146105],[139.053111,35.9146099],[139.0531106,35.9146099],[139.0531017,35.9146095],[139.0531013,35.9146095],[139.0530922,35.9146095],[139.0530897,35.9146096],[139.0530829,35.9146098],[139.0530777,35.9146101],[139.0530739,35.9146104],[139.0530735,35.9146104],[139.0530688,35.9146108],[139.0530644,35.9146113],[139.0530611,35.9146117],[139.0530553,35.9146125],[139.0530464,35.914614],[139.053046,35.9146141],[139.053042,35.9146148],[139.0530332,35.9146168],[139.0530329,35.9146169],[139.0530242,35.9146191],[139.0530154,35.9146217],[139.0530069,35.9146246],[139.0529984,35.9146278],[139.0529902,35.9146312],[139.0529823,35.9146349],[139.052982,35.914635],[139.0529766,35.9146377],[139.0529699,35.9146401],[139.052963,35.9146427],[139.0529561,35.9146454],[139.0529496,35.9146484],[139.0529433,35.9146517],[139.0529368,35.9146552],[139.0529309,35.9146589],[139.0529248,35.9146627],[139.0529194,35.9146668],[139.0529138,35.914671],[139.0529087,35.9146755],[139.0529039,35.91468],[139.0528992,35.9146847],[139.0528945,35.9146896],[139.0528902,35.9146947],[139.0528863,35.9146999],[139.0528825,35.9147053],[139.0528791,35.9147108],[139.0528762,35.9147164],[139.0528732,35.9147221],[139.0528707,35.9147279],[139.0528685,35.9147337],[139.0528665,35.9147397],[139.0528647,35.9147457],[139.0528644,35.9147473],[139.0528632,35.9147602],[139.0528629,35.9147731],[139.0528629,35.914786],[139.0528638,35.9147988],[139.0528653,35.9148117],[139.052867,35.9148208],[139.0528697,35.9148335],[139.052873,35.914846],[139.052877,35.9148586],[139.0528814,35.9148709],[139.0528832,35.9148749],[139.0528857,35.9148809],[139.0528886,35.9148867],[139.0528922,35.9148923],[139.0528966,35.9148977],[139.052901,35.9149027],[139.0529062,35.9149075],[139.0529106,35.9149109],[139.0529163,35.914915],[139.0529226,35.9149187],[139.0529293,35.9149221],[139.0529359,35.9149249],[139.0529363,35.9149251],[139.0529433,35.9149275],[139.0529505,35.9149294],[139.0529508,35.9149295],[139.0529515,35.9149296],[139.0529845,35.9149318],[139.0530053,35.9149332],[139.0530612,35.9149414],[139.0530663,35.9149422],[139.0530889,35.9149455],[139.0530893,35.9149456],[139.053104,35.914948],[139.0531828,35.914961],[139.0531832,35.914961],[139.0532055,35.914965],[139.0532301,35.9149682],[139.0532549,35.91497],[139.0532798,35.9149705],[139.0532931,35.9149704],[139.053318,35.914969],[139.0533427,35.9149664],[139.0533671,35.9149625],[139.0533912,35.9149573],[139.053407,35.9149524],[139.0534639,35.9149323],[139.0535017,35.9149171],[139.0535557,35.9148923],[139.0536358,35.9148585],[139.0537189,35.9148253],[139.0537852,35.9148026],[139.0538696,35.914778],[139.0538747,35.9147763],[139.0538815,35.9147745],[139.0538883,35.9147731],[139.0538952,35.914772],[139.0538955,35.914772],[139.0539024,35.9147713],[139.0539036,35.9147712],[139.0539095,35.9147709],[139.0539166,35.9147709],[139.0539235,35.9147712],[139.0539239,35.9147712],[139.0539308,35.914772],[139.0539376,35.914773],[139.0539379,35.9147731],[139.0539446,35.9147744],[139.0539508,35.9147761],[139.0539572,35.9147781],[139.0539576,35.9147783],[139.0539637,35.9147805],[139.0539641,35.9147806],[139.0539701,35.9147833],[139.0539764,35.9147864],[139.053982,35.9147898],[139.0539875,35.9147934],[139.0539929,35.9147974],[139.0539978,35.9148015],[139.0540022,35.914806],[139.0540066,35.9148106],[139.0540124,35.9148213],[139.0540175,35.9148324],[139.0540219,35.9148438],[139.0540256,35.9148553],[139.0540284,35.914867],[139.0540305,35.9148788],[139.0540318,35.9148907],[139.0540323,35.9149027],[139.0540318,35.9149146],[139.0540307,35.9149265],[139.054029,35.9149384],[139.0540263,35.9149501],[139.0540226,35.9149617],[139.0540185,35.9149731],[139.0540177,35.9149762],[139.0540137,35.9149968],[139.054011,35.9150175],[139.0540098,35.9150361],[139.0540098,35.915057],[139.054011,35.9150777],[139.0540111,35.9150787],[139.0540103,35.9150851],[139.0540099,35.9150916],[139.0540102,35.915098],[139.0540107,35.9151045],[139.0540118,35.9151109],[139.0540133,35.9151173],[139.0540152,35.9151235],[139.0540157,35.9151249],[139.0540181,35.9151311],[139.0540209,35.9151371],[139.0540239,35.9151431],[139.0540275,35.9151489],[139.0540317,35.9151544],[139.0540358,35.9151599],[139.0540407,35.9151651],[139.0540456,35.9151701],[139.0540511,35.9151748],[139.0540979,35.9152197],[139.0541031,35.9152249],[139.0541087,35.9152301],[139.0541147,35.9152349],[139.0541209,35.9152396],[139.0541274,35.9152438],[139.0541343,35.9152478],[139.0541414,35.9152515],[139.0541466,35.9152539],[139.0541539,35.915257],[139.0541542,35.9152571],[139.054162,35.9152598],[139.0541697,35.9152623],[139.0541777,35.9152644],[139.0541857,35.9152661],[139.054186,35.9152662],[139.054194,35.9152675],[139.0541943,35.9152676],[139.0542025,35.9152685],[139.0542047,35.9152687],[139.0542109,35.9152692],[139.0542192,35.9152694],[139.0542196,35.9152694],[139.0542882,35.9152663],[139.0543776,35.915262],[139.0543875,35.9152606],[139.0544109,35.9152583],[139.054428,35.9152573],[139.0544343,35.9152569],[139.0544347,35.9152569],[139.054458,35.9152566],[139.0544711,35.915257],[139.0544726,35.9152571],[139.0544816,35.9152574],[139.0544924,35.9152581],[139.054496,35.9152584],[139.0545156,35.9152603],[139.0545159,35.9152604],[139.0545389,35.9152636],[139.0545392,35.9152637],[139.054562,35.915268],[139.0545849,35.9152733],[139.0545922,35.9152762],[139.0546047,35.9152815],[139.0546168,35.9152873],[139.0546283,35.9152937],[139.0546394,35.9153005],[139.0546499,35.9153079],[139.0546509,35.9153084],[139.0546609,35.9153163],[139.0546704,35.9153246],[139.0546794,35.9153333],[139.054688,35.9153424],[139.0546958,35.9153518],[139.054703,35.9153616],[139.0547094,35.9153716],[139.054711,35.9153788],[139.0547132,35.9153909],[139.0547145,35.9154031],[139.054715,35.9154154],[139.0547146,35.9154276],[139.0547134,35.9154399],[139.0547114,35.9154521],[139.0547087,35.9154642],[139.054705,35.9154761],[139.0547004,35.9154878],[139.0546954,35.9154993],[139.054693,35.9155084],[139.05469,35.9155223],[139.0546882,35.9155363],[139.0546871,35.9155505],[139.054687,35.9155645],[139.0546881,35.9155786],[139.0546883,35.9155815],[139.0546984,35.9156099],[139.0547109,35.9156375],[139.0547109,35.9156379],[139.0547263,35.9156647],[139.0547332,35.9156752],[139.0547719,35.9157339],[139.054807,35.9157924],[139.0548095,35.9157976],[139.0548118,35.915803],[139.0548134,35.9158085],[139.0548146,35.9158142],[139.0548149,35.9158198],[139.0548151,35.9158255],[139.0548144,35.9158312],[139.0548135,35.9158367],[139.0548116,35.9158423],[139.0548095,35.9158477],[139.054808,35.9158511],[139.0548048,35.9158563],[139.0548015,35.9158612],[139.0547974,35.9158659],[139.0547932,35.9158702],[139.0547884,35.9158744],[139.054783,35.9158782],[139.0547777,35.9158817],[139.0547716,35.9158847],[139.0547702,35.9158854],[139.054718,35.9159136],[139.0546833,35.91593],[139.0546288,35.9159519],[139.0544896,35.9160065],[139.0543967,35.9160409],[139.0543567,35.9160523],[139.0543175,35.9160647],[139.0543172,35.9160648],[139.0542784,35.9160782],[139.0542627,35.9160841],[139.0542244,35.9160989],[139.0541869,35.9161147],[139.05415,35.9161315],[139.05412,35.9161461],[139.0541151,35.916148],[139.0541104,35.9161502],[139.054106,35.9161524],[139.0541015,35.9161548],[139.0540971,35.9161573],[139.0540928,35.9161599],[139.0540885,35.9161626],[139.0540842,35.9161653],[139.0540804,35.9161683],[139.0540763,35.9161712],[139.0540728,35.9161743],[139.0540691,35.9161776],[139.0540656,35.9161808],[139.0540622,35.9161842],[139.0540589,35.9161877],[139.0540558,35.9161912],[139.0540526,35.9161948],[139.0540499,35.9161985],[139.0540472,35.9162023],[139.0540452,35.9162053],[139.0540428,35.9162092],[139.0540405,35.9162132],[139.0540384,35.9162172],[139.0540362,35.9162212],[139.0540345,35.9162253],[139.0540329,35.9162295],[139.0540313,35.9162337],[139.05403,35.9162379],[139.0540289,35.9162421],[139.0540279,35.9162464],[139.0540271,35.9162508],[139.0540263,35.9162551],[139.0540258,35.9162594],[139.0540256,35.9162618],[139.0540212,35.9162853],[139.0540156,35.9163087],[139.0540092,35.9163319],[139.0540077,35.916338],[139.0540003,35.916361],[139.0539919,35.9163838],[139.0539886,35.9163924],[139.0539708,35.9164422],[139.0539511,35.9164915],[139.0539464,35.916502],[139.0539246,35.9165508],[139.0539189,35.9165627],[139.0538777,35.9166542],[139.05387042032518,35.916666666666664],[139.05391016366667,35.916666666666664]]]]},"properties":{"layer":"landuse","class_code":"203","class_label":"山林（樹林地）"}}]}