{"type":"FeatureCollection","properties":{"mesh_code":"53397076","source":"PLATEAU秩父市2025","layer":"landuse"},"features":[{"type":"Feature","id":"luse_42a76ebf-7873-4c5d-ad7b-2132c018fdc9","geometry":{"type":"Polygon","coordinates":[[[139.0775493,35.9752152],[139.0775445,35.9752168],[139.0775411,35.9752172],[139.0775408,35.9752172],[139.0775292,35.9752161],[139.077522,35.975212],[139.077258,35.9750607],[139.0772535,35.9750539],[139.0772544,35.9750483],[139.07729356983347,35.975],[139.07777538226495,35.975],[139.07776,35.9750193],[139.0777502,35.975031],[139.0776953,35.9750931],[139.0776807,35.9751087],[139.0775935,35.9752056],[139.077577,35.9751955],[139.077563,35.9752073],[139.0775493,35.9752152]]]},"properties":{"layer":"landuse","class_code":"202","class_label":"畑（畑、樹園地、採草地、養鶏（牛・豚）場）"}},{"type":"Feature","id":"luse_a89710d2-350d-40ad-87e5-47b8a9f433c8","geometry":{"type":"Polygon","coordinates":[[[139.0754452,35.9751892],[139.0754397,35.9751906],[139.0754393,35.9751907],[139.0754358,35.9751938],[139.0753697,35.975253],[139.0753635,35.9752552],[139.0753592,35.9752545],[139.0752594,35.9751764],[139.0752266,35.9751586],[139.0752138,35.9751495],[139.0751961,35.9751351],[139.0750921,35.9750418],[139.07504369130433,35.975],[139.07582675333333,35.975],[139.0758128,35.9750133],[139.0757721,35.975061],[139.07568407371713,35.975],[139.07563554723825,35.975],[139.0755204,35.9751024],[139.0755648,35.9751353],[139.0754807,35.9752051],[139.075472,35.9752049],[139.0754632,35.9751971],[139.0754493,35.9751882],[139.0754452,35.9751892]]]},"properties":{"layer":"landuse","class_code":"202","class_label":"畑（畑、樹園地、採草地、養鶏（牛・豚）場）"}},{"type":"Feature","id":"luse_01e18384-4b9b-41f9-870b-7056fd1c4ab0","geometry":{"type":"Polygon","coordinates":[[[139.0763504,35.9753529],[139.0763446,35.9753579],[139.0762915,35.9754091],[139.0762455,35.9754538],[139.075996,35.9752851],[139.0761077,35.9751796],[139.0763379,35.975344],[139.0763504,35.9753529]]]},"properties":{"layer":"landuse","class_code":"202","class_label":"畑（畑、樹園地、採草地、養鶏（牛・豚）場）"}},{"type":"Feature","id":"luse_7f975702-c82c-4f59-91a0-370d8ff641cc","geometry":{"type":"Polygon","coordinates":[[[139.0768665,35.9752151],[139.0770499,35.9753388],[139.0768837,35.9754646],[139.0767409,35.9753917],[139.0767164,35.9753777],[139.0767915,35.9752714],[139.0768298,35.9751973],[139.0768416,35.975203],[139.0768657,35.9752146],[139.0768665,35.9752151]]]},"properties":{"layer":"landuse","class_code":"202","class_label":"畑（畑、樹園地、採草地、養鶏（牛・豚）場）"}},{"type":"Feature","id":"luse_bb1b4f33-870d-4c3a-9c30-bf1adf83b276","geometry":{"type":"Polygon","coordinates":[[[139.075,35.97537285999999],[139.07502,35.9753839],[139.075,35.97540788122066],[139.075,35.97537285999999]]]},"properties":{"layer":"landuse","class_code":"202","class_label":"畑（畑、樹園地、採草地、養鶏（牛・豚）場）"}},{"type":"Feature","id":"luse_2d06a126-1acb-4731-bd71-2f17b5dab8ee","geometry":{"type":"Polygon","coordinates":[[[139.0821452,35.9756278],[139.0821298,35.975642],[139.0820892,35.9756821],[139.0820848,35.9756847],[139.0820796,35.9756853],[139.0820792,35.9756854],[139.0820754,35.9756858],[139.0820742,35.9756857],[139.0820716,35.9756855],[139.0820672,35.9756833],[139.0820519,35.9756679],[139.0820196,35.9756315],[139.0819992,35.9756112],[139.0819771,35.9755866],[139.0819625,35.9755704],[139.0819565,35.9755636],[139.0819429,35.9755454],[139.0819379,35.9755379],[139.0819372,35.9755368],[139.0819306,35.9755271],[139.0819283,35.9755234],[139.081927,35.975517],[139.0819294,35.9755144],[139.0819401,35.9755029],[139.0819421,35.975501],[139.0819556,35.9754886],[139.0820233,35.9754348],[139.082061,35.9754056],[139.0820707,35.9753981],[139.0821169,35.9753627],[139.0821677,35.9753243],[139.082183,35.9753137],[139.0822367,35.9752821],[139.082354,35.9752103],[139.0824929,35.9753094],[139.0826508,35.9754196],[139.0825906,35.9755025],[139.082533,35.9755802],[139.0823123,35.9754569],[139.0821516,35.9756214],[139.0821452,35.9756278]]]},"properties":{"layer":"landuse","class_code":"202","class_label":"畑（畑、樹園地、採草地、養鶏（牛・豚）場）"}},{"type":"Feature","id":"luse_89262a9a-72ad-436a-b942-4b6ca5d3ea30","geometry":{"type":"Polygon","coordinates":[[[139.0782839,35.975366],[139.0783664,35.9754208],[139.0785655,35.9754602],[139.0784422,35.9755963],[139.0783585,35.9756829],[139.0783614,35.9756787],[139.0783225,35.9756595],[139.0782478,35.9756228],[139.0782182,35.9756087],[139.0782079,35.9756032],[139.078204,35.9756012],[139.0781169,35.975556],[139.0781007,35.9755475],[139.0780828,35.9755374],[139.0782396,35.9753311],[139.0782839,35.975366]]]},"properties":{"layer":"landuse","class_code":"202","class_label":"畑（畑、樹園地、採草地、養鶏（牛・豚）場）"}},{"type":"Feature","id":"luse_5d484004-21d4-4012-9a68-ea8630eca39c","geometry":{"type":"Polygon","coordinates":[[[139.0761153,35.9755834],[139.0760086,35.9756704],[139.0759818,35.9756941],[139.0759516,35.9756702],[139.0758962,35.9756261],[139.0760043,35.9755234],[139.0760777,35.9755631],[139.0761153,35.9755834]]]},"properties":{"layer":"landuse","class_code":"202","class_label":"畑（畑、樹園地、採草地、養鶏（牛・豚）場）"}},{"type":"Feature","id":"luse_4e6a47db-bee2-4d1f-83d7-44bc9c757106","geometry":{"type":"Polygon","coordinates":[[[139.082925,35.9754837],[139.0829246,35.9754849],[139.0829231,35.9754904],[139.0829221,35.9754938],[139.0829204,35.9754996],[139.0829146,35.9755163],[139.0828799,35.9755901],[139.082869,35.9756212],[139.0828498,35.9756647],[139.0827955,35.975727],[139.0827756,35.9757548],[139.0827575,35.9757796],[139.0827327,35.9757664],[139.0826988,35.9757484],[139.0826854,35.9757412],[139.0826805,35.9756408],[139.0825592,35.9755975],[139.082617,35.9755149],[139.0826913,35.9754104],[139.0826972,35.9754078],[139.0827005,35.9754074],[139.082702,35.9754072],[139.0827044,35.9754068],[139.0827099,35.975406],[139.0827138,35.9754058],[139.0827181,35.9754056],[139.0827185,35.9754055],[139.0827908,35.9754243],[139.0828545,35.9754489],[139.0829024,35.9754725],[139.082925,35.9754837]]]},"properties":{"layer":"landuse","class_code":"202","class_label":"畑（畑、樹園地、採草地、養鶏（牛・豚）場）"}},{"type":"Feature","id":"luse_7e7ce935-58be-41aa-8699-16bd1bca5b8a","geometry":{"type":"Polygon","coordinates":[[[139.0760481,35.9757419],[139.0759969,35.9757051],[139.0760018,35.975701],[139.0760481,35.9756629],[139.0760937,35.9756277],[139.0760956,35.9756261],[139.0761246,35.9756019],[139.0761439,35.9755859],[139.0761499,35.97558],[139.0761589,35.9755711],[139.0761653,35.9755648],[139.0762001,35.9755294],[139.0762409,35.9754889],[139.0762508,35.9754792],[139.0762543,35.9754754],[139.0762631,35.9754664],[139.0762865,35.9754428],[139.0763155,35.9754161],[139.0763301,35.975402],[139.0763357,35.9753966],[139.0763628,35.9753711],[139.0763809,35.975354],[139.0765111,35.9754522],[139.0764735,35.975491],[139.0764548,35.9755101],[139.0763988,35.9755675],[139.0763901,35.9755769],[139.0763315,35.9756391],[139.0762877,35.9756687],[139.0762709,35.9756801],[139.0762379,35.9757024],[139.076212,35.9757201],[139.076157,35.9756881],[139.0760481,35.9757419]]]},"properties":{"layer":"landuse","class_code":"202","class_label":"畑（畑、樹園地、採草地、養鶏（牛・豚）場）"}},{"type":"Feature","id":"luse_2c45f501-7368-48f5-a696-142c6e829965","geometry":{"type":"Polygon","coordinates":[[[139.0819113,35.9755452],[139.0819117,35.9755452],[139.0819161,35.9755472],[139.0819195,35.9755489],[139.0819255,35.975555],[139.0819426,35.9755711],[139.0819637,35.9755949],[139.0819861,35.9756195],[139.0820064,35.9756397],[139.0820233,35.9756589],[139.0817187,35.9759438],[139.0815935,35.9758886],[139.0815418,35.9758566],[139.0815221,35.9758444],[139.0815249,35.9758422],[139.0815874,35.9757988],[139.0816404,35.9757579],[139.0817168,35.9757013],[139.0817182,35.9757002],[139.0817669,35.9756612],[139.0818143,35.9756255],[139.0818443,35.9756012],[139.0818855,35.9755615],[139.0819064,35.9755446],[139.0819113,35.9755452]]]},"properties":{"layer":"landuse","class_code":"202","class_label":"畑（畑、樹園地、採草地、養鶏（牛・豚）場）"}},{"type":"Feature","id":"luse_61bb0172-d779-4226-a401-0b2a7b15e84d","geometry":{"type":"Polygon","coordinates":[[[139.0781736,35.9756443],[139.0781618,35.9756581],[139.0781377,35.9756867],[139.0780552,35.9757885],[139.0780444,35.9758018],[139.0779463,35.975922],[139.0779388,35.9759189],[139.0778799,35.9758933],[139.0778213,35.975864],[139.0777493,35.9758012],[139.0777413,35.9757557],[139.0776965,35.9757085],[139.0775644,35.9756347],[139.0775821,35.9756367],[139.0775852,35.9756221],[139.0775863,35.9756141],[139.0775964,35.9755799],[139.0776058,35.9755601],[139.0776166,35.9755401],[139.0776441,35.9754991],[139.0776988,35.9754222],[139.0777154,35.9754018],[139.0777247,35.9753911],[139.0777291,35.9753882],[139.0777339,35.9753867],[139.0777398,35.9753848],[139.0777426,35.9753841],[139.0777429,35.975384],[139.0777547,35.9753911],[139.0777577,35.9753928],[139.0777613,35.9753949],[139.0777679,35.9753987],[139.0778661,35.975454],[139.0779161,35.9754829],[139.0779361,35.9754962],[139.0779398,35.9754987],[139.0779433,35.975501],[139.0779848,35.9755249],[139.0780748,35.9755768],[139.078123,35.9756046],[139.0781756,35.9756349],[139.0781736,35.9756443]]]},"properties":{"layer":"landuse","class_code":"202","class_label":"畑（畑、樹園地、採草地、養鶏（牛・豚）場）"}},{"type":"Feature","id":"luse_9a18a5ac-fa28-4d52-93eb-83995553bd73","geometry":{"type":"Polygon","coordinates":[[[139.0784538,35.9759775],[139.0784036,35.9760334],[139.0783747,35.9760627],[139.0783605,35.9760793],[139.0783363,35.9760564],[139.0783181,35.9760451],[139.0783028,35.9760369],[139.0782676,35.9760292],[139.0782038,35.9759916],[139.0781803,35.9759778],[139.0781758,35.9759691],[139.0781749,35.9759624],[139.0781586,35.9759588],[139.0781445,35.9759606],[139.0780947,35.975996],[139.0780607,35.9760344],[139.0779286,35.9759787],[139.0779593,35.9759387],[139.0780069,35.9758813],[139.0780811,35.9757917],[139.0781128,35.9757516],[139.0781564,35.9756963],[139.0781857,35.9756628],[139.0781901,35.9756578],[139.078207,35.9756562],[139.0782074,35.9756561],[139.0782097,35.9756559],[139.078212,35.9756573],[139.078216,35.9756597],[139.0782683,35.9756913],[139.0783223,35.9757342],[139.0783915,35.9757892],[139.0784695,35.9758525],[139.0784927,35.9758702],[139.0785109,35.9758873],[139.0785125,35.975891],[139.078514,35.9758948],[139.0785125,35.9759001],[139.0785061,35.9759085],[139.0784897,35.975931],[139.0784538,35.9759775]]]},"properties":{"layer":"landuse","class_code":"202","class_label":"畑（畑、樹園地、採草地、養鶏（牛・豚）場）"}},{"type":"Feature","id":"luse_608f626e-d521-410b-9209-e18af4f6b2f7","geometry":{"type":"Polygon","coordinates":[[[139.0751665,35.9761941],[139.0751594,35.9761881],[139.075158,35.9761869],[139.0751548,35.9761842],[139.0751486,35.9761788],[139.0750597,35.9761011],[139.0750448,35.9760892],[139.0750358,35.9760819],[139.0750319,35.9760786],[139.0752547,35.9758502],[139.0753575,35.9759028],[139.0754001,35.9758732],[139.075573,35.975702],[139.0755362,35.9756324],[139.0754473,35.9755269],[139.075393,35.9754694],[139.07541,35.9754522],[139.0754141,35.9754487],[139.0754171,35.9754528],[139.0754457,35.9754873],[139.0755058,35.9755618],[139.0755622,35.9756374],[139.0755997,35.9756908],[139.0756145,35.9757174],[139.075617,35.975722],[139.0756357,35.9757662],[139.0756367,35.9757685],[139.0756693,35.9758479],[139.0756983,35.9759176],[139.0756497,35.9759715],[139.075492,35.9758967],[139.0751665,35.9761941]]]},"properties":{"layer":"landuse","class_code":"202","class_label":"畑（畑、樹園地、採草地、養鶏（牛・豚）場）"}},{"type":"Feature","id":"luse_94357b2c-b371-4805-9074-9396d8e2755c","geometry":{"type":"Polygon","coordinates":[[[139.0767603,35.9762703],[139.0767534,35.9762768],[139.0767161,35.9763165],[139.0767082,35.9763249],[139.0766024,35.9764378],[139.0765991,35.9764389],[139.0765923,35.9764375],[139.0764207,35.9763404],[139.0764029,35.9763327],[139.0764042,35.9763313],[139.0764613,35.9762639],[139.0765116,35.9762035],[139.0765347,35.9761751],[139.0765633,35.9761399],[139.076566,35.9761397],[139.0765663,35.9761397],[139.0765692,35.9761398],[139.0765711,35.9761401],[139.0765714,35.9761402],[139.0765726,35.9761405],[139.0765748,35.9761417],[139.0766128,35.9761641],[139.0767061,35.9762295],[139.076749,35.9762592],[139.0767603,35.9762703]]]},"properties":{"layer":"landuse","class_code":"202","class_label":"畑（畑、樹園地、採草地、養鶏（牛・豚）場）"}},{"type":"Feature","id":"luse_944997a6-fbdc-4239-a404-783e09fcf09e","geometry":{"type":"Polygon","coordinates":[[[139.07799,35.9762404],[139.0781814,35.9763479],[139.0780899,35.9764662],[139.0780703,35.9764565],[139.0780651,35.9764537],[139.0779921,35.9764155],[139.077926,35.9763788],[139.077903,35.9763638],[139.0778933,35.9763574],[139.0778894,35.9763548],[139.0778696,35.9763417],[139.0777903,35.9762828],[139.0777697,35.9762653],[139.0777609,35.9762566],[139.0777511,35.9762412],[139.0777506,35.9762393],[139.077748,35.976228],[139.077749,35.9762199],[139.077753,35.9762107],[139.0777624,35.9761969],[139.0777893,35.9761632],[139.0778116,35.9761353],[139.07799,35.9762404]]]},"properties":{"layer":"landuse","class_code":"202","class_label":"畑（畑、樹園地、採草地、養鶏（牛・豚）場）"}},{"type":"Feature","id":"luse_e403a5f7-0622-4edb-88ba-c1b10dabddd8","geometry":{"type":"Polygon","coordinates":[[[139.0818503,35.976492],[139.0818343,35.9764691],[139.0818239,35.9764561],[139.0818224,35.9764566],[139.0818196,35.9764576],[139.0818177,35.9764544],[139.0818057,35.9764353],[139.0817934,35.9764157],[139.081792,35.9764136],[139.0817893,35.9764144],[139.0817876,35.9764148],[139.0817835,35.976407],[139.0817828,35.9764055],[139.0817768,35.9763943],[139.0817865,35.9763916],[139.0818273,35.9763804],[139.0818647,35.9763684],[139.081875,35.976365],[139.0818805,35.9763632],[139.0819638,35.9763277],[139.0820211,35.9762922],[139.0820463,35.9762719],[139.082102,35.9762378],[139.0821656,35.9761973],[139.0822226,35.9761669],[139.0823205,35.9761107],[139.0823282,35.9761074],[139.08237,35.9761297],[139.0825633,35.9762327],[139.0822039,35.9764368],[139.0820141,35.9764314],[139.0818503,35.976492]]]},"properties":{"layer":"landuse","class_code":"202","class_label":"畑（畑、樹園地、採草地、養鶏（牛・豚）場）"}},{"type":"Feature","id":"luse_6fa070aa-69ea-4256-befb-fccf8d4cbaba","geometry":{"type":"Polygon","coordinates":[[[139.078908,35.9764208],[139.0790315,35.9762933],[139.0790434,35.9762836],[139.0791102,35.9763218],[139.079134,35.976335],[139.079165,35.9763521],[139.0791685,35.9763544],[139.0791698,35.9763559],[139.0791713,35.9763583],[139.0791717,35.9763604],[139.0791721,35.9763628],[139.0791718,35.9763649],[139.0791708,35.9763683],[139.0791702,35.9763699],[139.0791691,35.9763727],[139.0791149,35.9764466],[139.0790886,35.9764818],[139.0790722,35.9765073],[139.078908,35.9764208]]]},"properties":{"layer":"landuse","class_code":"202","class_label":"畑（畑、樹園地、採草地、養鶏（牛・豚）場）"}},{"type":"Feature","id":"luse_9a9aabe6-9d51-4d2b-93cc-5a62cfd8cb34","geometry":{"type":"Polygon","coordinates":[[[139.0775509,35.9761869],[139.0775468,35.9761874],[139.0775437,35.9761886],[139.0775392,35.9761906],[139.0775296,35.976197],[139.0775201,35.9762075],[139.0774934,35.9762371],[139.0774176,35.9763267],[139.0773228,35.9764311],[139.0772828,35.9764763],[139.0772237,35.9765427],[139.0771765,35.976597],[139.0771084,35.9766746],[139.077049,35.9767411],[139.0769338,35.9766677],[139.0768102,35.9765876],[139.0768091,35.9765869],[139.0769963,35.9763917],[139.0769878,35.976369],[139.0768463,35.9762787],[139.0769518,35.9761695],[139.076969,35.9761517],[139.0769904,35.9760912],[139.0769017,35.9760131],[139.0770366,35.9758578],[139.0771474,35.9759324],[139.0771328,35.9759467],[139.0772862,35.9760501],[139.0773582,35.9759743],[139.0773745,35.9759577],[139.0773863,35.9759506],[139.0775469,35.9760351],[139.0775898,35.975996],[139.0775971,35.9759948],[139.0776833,35.9760395],[139.0776163,35.9761357],[139.0777316,35.9761969],[139.0777238,35.976204],[139.0777141,35.9762104],[139.0777072,35.9762116],[139.0777001,35.9762123],[139.0776458,35.9762013],[139.0775754,35.9761911],[139.0775556,35.9761869],[139.0775525,35.9761869],[139.0775512,35.9761868],[139.0775509,35.9761869]]]},"properties":{"layer":"landuse","class_code":"202","class_label":"畑（畑、樹園地、採草地、養鶏（牛・豚）場）"}},{"type":"Feature","id":"luse_e1a4fd74-f08b-45a8-8ca3-7925e8ed5cd4","geometry":{"type":"Polygon","coordinates":[[[139.0790905,35.9767957],[139.0790361,35.9768005],[139.0790158,35.9768008],[139.0790016,35.9767997],[139.0789847,35.9767973],[139.0789739,35.9767944],[139.0789626,35.9767891],[139.0789528,35.9767839],[139.0789457,35.9767795],[139.0789408,35.976774],[139.0789385,35.9767709],[139.0789381,35.9767705],[139.0789521,35.9767519],[139.0789592,35.9767425],[139.0789787,35.9767141],[139.0790018,35.9766815],[139.0790419,35.9766138],[139.0790791,35.9765548],[139.0790828,35.9765492],[139.0791176,35.9764952],[139.0791435,35.9764604],[139.0791766,35.976417],[139.0791794,35.9764134],[139.0791937,35.9763948],[139.0791953,35.9763936],[139.0791991,35.9763926],[139.0792022,35.9763918],[139.0792065,35.9763908],[139.0792163,35.9763893],[139.0792167,35.9763893],[139.0792241,35.9763892],[139.0792308,35.9763902],[139.0792312,35.9763902],[139.079238,35.9763939],[139.0792898,35.9764213],[139.0794274,35.9764955],[139.0794964,35.9765351],[139.0795197,35.9765476],[139.0795428,35.9765612],[139.079579,35.9765897],[139.07959,35.9766021],[139.0795903,35.9766024],[139.0795934,35.976613],[139.0795912,35.9766254],[139.0795827,35.9766352],[139.0795739,35.9766453],[139.0795139,35.9767161],[139.0795023,35.9767323],[139.0794909,35.976748],[139.079228,35.9766173],[139.0790905,35.9767957]]]},"properties":{"layer":"landuse","class_code":"202","class_label":"畑（畑、樹園地、採草地、養鶏（牛・豚）場）"}},{"type":"Feature","id":"luse_4ca8b4a8-eafe-4bb5-a80a-09793b9cea89","geometry":{"type":"Polygon","coordinates":[[[139.0797108,35.9766724],[139.0797591,35.976702],[139.0797736,35.9767097],[139.0797739,35.976712],[139.0797736,35.9767144],[139.0797721,35.976717],[139.0797546,35.9767449],[139.079712,35.976797],[139.0796958,35.9768168],[139.0796787,35.9768314],[139.0796616,35.9768382],[139.0795145,35.9767879],[139.0795266,35.9767735],[139.079555,35.976737],[139.0795583,35.9767332],[139.0796147,35.9766684],[139.0796317,35.9766527],[139.0796456,35.97664],[139.0796478,35.9766377],[139.0796494,35.9766375],[139.0796528,35.9766371],[139.0797108,35.9766724]]]},"properties":{"layer":"landuse","class_code":"202","class_label":"畑（畑、樹園地、採草地、養鶏（牛・豚）場）"}},{"type":"Feature","id":"luse_2b12f4fd-69ac-4f77-acb7-48a7bde68e2b","geometry":{"type":"Polygon","coordinates":[[[139.078908,35.9764208],[139.0787592,35.976532],[139.0787543,35.9765354],[139.0787038,35.9765856],[139.0786954,35.9765955],[139.0786916,35.9766042],[139.0787157,35.9766286],[139.0787318,35.9766388],[139.078826,35.9766854],[139.0788346,35.9766944],[139.0788319,35.9767062],[139.0788194,35.9767325],[139.0788005,35.9767622],[139.078774,35.976781],[139.0787305,35.9767913],[139.078692,35.9767885],[139.078657,35.9767736],[139.0786462,35.9767715],[139.0786397,35.9767729],[139.0786151,35.9768197],[139.0785963,35.9768464],[139.0785744,35.9768547],[139.0784302,35.976816],[139.0784671,35.9767385],[139.0784637,35.9767323],[139.0784503,35.9767226],[139.0784483,35.9767171],[139.0784535,35.9767121],[139.0785017,35.9766757],[139.0785014,35.9766695],[139.078431,35.9766],[139.0784856,35.9765547],[139.0785015,35.9765398],[139.0785114,35.9765305],[139.0786123,35.9764359],[139.078706,35.97634],[139.0787068,35.9763393],[139.0787289,35.9763187],[139.0787389,35.9763241],[139.0788595,35.9763906],[139.078908,35.9764208]]]},"properties":{"layer":"landuse","class_code":"202","class_label":"畑（畑、樹園地、採草地、養鶏（牛・豚）場）"}},{"type":"Feature","id":"luse_1b00994a-3ce7-41ff-81de-2f6fc1b24a47","geometry":{"type":"Polygon","coordinates":[[[139.0817613,35.9764118],[139.0817617,35.9764126],[139.0817627,35.9764139],[139.0817667,35.976422],[139.0817641,35.9764229],[139.0817656,35.9764245],[139.0817706,35.9764302],[139.0817858,35.9764474],[139.0818024,35.9764664],[139.0818131,35.9764787],[139.0818165,35.9764835],[139.0818338,35.9765081],[139.0818511,35.9765324],[139.0818604,35.9765461],[139.0818984,35.9766022],[139.0819018,35.9766077],[139.0819121,35.9766248],[139.0819051,35.9766314],[139.0818895,35.9766462],[139.0818839,35.9766515],[139.0818603,35.976677],[139.0818498,35.976689],[139.0818398,35.9767003],[139.0817991,35.9767454],[139.0817753,35.9767751],[139.0817532,35.9768032],[139.0817442,35.9768147],[139.0817071,35.9768612],[139.0816927,35.9768811],[139.0816683,35.9769147],[139.0816626,35.9769227],[139.081661,35.9769248],[139.0816603,35.9769258],[139.0812876,35.9767715],[139.081307,35.9767425],[139.0813086,35.9767403],[139.0813128,35.9767344],[139.0813394,35.9766969],[139.0813738,35.9766422],[139.0813854,35.9766179],[139.0814116,35.9765914],[139.0814319,35.9765677],[139.0814565,35.9765446],[139.0814897,35.9765208],[139.0815264,35.9764954],[139.081551,35.9764804],[139.0815836,35.9764615],[139.0816061,35.9764498],[139.0816296,35.9764395],[139.0816598,35.9764303],[139.0817123,35.9764128],[139.0817551,35.9764006],[139.0817613,35.9764118]]]},"properties":{"layer":"landuse","class_code":"202","class_label":"畑（畑、樹園地、採草地、養鶏（牛・豚）場）"}},{"type":"Feature","id":"luse_0acdaa3c-1852-4666-a02a-e6c74ef53214","geometry":{"type":"Polygon","coordinates":[[[139.0791837,35.9768345],[139.0790066,35.9771241],[139.0789785,35.9771117],[139.078918,35.9770856],[139.0790401,35.9768794],[139.0789,35.9768174],[139.0789184,35.9767949],[139.0789211,35.9767943],[139.0789217,35.9767944],[139.0789264,35.9767946],[139.0789388,35.9767976],[139.0789569,35.9768014],[139.0789821,35.976807],[139.079,35.9768095],[139.0790154,35.9768108],[139.0790369,35.9768103],[139.0790918,35.9768056],[139.0791837,35.9768345]]]},"properties":{"layer":"landuse","class_code":"202","class_label":"畑（畑、樹園地、採草地、養鶏（牛・豚）場）"}},{"type":"Feature","id":"luse_f2eabf64-7792-451b-9f65-1f5a171494e4","geometry":{"type":"Polygon","coordinates":[[[139.0810595,35.9769033],[139.0811148,35.9769219],[139.0811358,35.976929],[139.0810964,35.9769976],[139.0810194,35.977142],[139.0810189,35.977143],[139.080997,35.9771382],[139.0808805,35.9771147],[139.0808787,35.9771143],[139.0808784,35.9771143],[139.0808344,35.9771034],[139.080834,35.9771033],[139.0808196,35.9770855],[139.0809241,35.976868],[139.0810595,35.9769033]]]},"properties":{"layer":"landuse","class_code":"202","class_label":"畑（畑、樹園地、採草地、養鶏（牛・豚）場）"}},{"type":"Feature","id":"luse_3b7fdd57-1241-4457-bac1-388345efad8f","geometry":{"type":"Polygon","coordinates":[[[139.079442,35.9769702],[139.0794423,35.9769704],[139.0795267,35.9770099],[139.079527,35.97701],[139.0796223,35.9770544],[139.0796227,35.9770546],[139.0796399,35.9770637],[139.0796403,35.9770638],[139.0796433,35.9770694],[139.0796441,35.9770747],[139.0796395,35.9770825],[139.0796325,35.9770947],[139.0796262,35.9771096],[139.0796221,35.9771241],[139.0796137,35.9771411],[139.0796081,35.9771492],[139.0796019,35.9771544],[139.079595,35.9771573],[139.0795946,35.9771574],[139.0795882,35.9771583],[139.0795879,35.9771583],[139.0795763,35.9771572],[139.0795759,35.9771572],[139.0795632,35.9771541],[139.0795629,35.977154],[139.0795488,35.9771492],[139.0795386,35.9771422],[139.0795274,35.9771358],[139.0795167,35.9771285],[139.0795063,35.9771228],[139.0794785,35.9771127],[139.0794782,35.9771126],[139.0793934,35.9770843],[139.0793448,35.9770684],[139.0793392,35.9770656],[139.0793319,35.9770595],[139.0793539,35.9770232],[139.0793969,35.9769547],[139.0793993,35.9769505],[139.079442,35.9769702]]]},"properties":{"layer":"landuse","class_code":"202","class_label":"畑（畑、樹園地、採草地、養鶏（牛・豚）場）"}},{"type":"Feature","id":"luse_cf1d067d-1c7e-49e6-875c-2a2f3af01517","geometry":{"type":"Polygon","coordinates":[[[139.0769268,35.9766748],[139.0770427,35.9767485],[139.0770319,35.9767606],[139.0769467,35.9768561],[139.0769206,35.9768848],[139.076821,35.9769949],[139.0768062,35.9770085],[139.0768053,35.9770092],[139.076794,35.9770178],[139.0767881,35.9770223],[139.0767807,35.9770284],[139.0767602,35.9770492],[139.0766552,35.9771618],[139.0766461,35.9771714],[139.0764612,35.9770444],[139.0765249,35.9769787],[139.0764536,35.9769377],[139.0764913,35.9769043],[139.0765428,35.9768516],[139.0765634,35.9768072],[139.0765558,35.9767913],[139.076545,35.9767692],[139.0764694,35.9767101],[139.076227,35.9765124],[139.0762324,35.9765059],[139.0762348,35.9765031],[139.076241,35.976496],[139.0762899,35.976531],[139.0763599,35.9765803],[139.0763769,35.9765922],[139.0764421,35.9766378],[139.0764487,35.9766424],[139.0765873,35.9764778],[139.0765909,35.976482],[139.0765923,35.9764884],[139.0765959,35.9764879],[139.0766102,35.9764859],[139.0766334,35.9764848],[139.076652,35.9764909],[139.0766862,35.9765118],[139.0767884,35.976585],[139.0768033,35.9765946],[139.0769268,35.9766748]]]},"properties":{"layer":"landuse","class_code":"202","class_label":"畑（畑、樹園地、採草地、養鶏（牛・豚）場）"}},{"type":"Feature","id":"luse_77468d3a-e4de-4a65-b4a5-19c909d49f52","geometry":{"type":"Polygon","coordinates":[[[139.0796086,35.9771617],[139.0795118,35.9773192],[139.0794859,35.9773059],[139.0794798,35.9773018],[139.0794499,35.977286],[139.0793982,35.9772604],[139.0793396,35.9772309],[139.0792995,35.9772122],[139.0792768,35.9772035],[139.0792686,35.9771997],[139.0792614,35.977195],[139.0792563,35.977191],[139.0792866,35.9771379],[139.0792989,35.9771162],[139.0793172,35.977085],[139.0793277,35.9770857],[139.0793281,35.9770858],[139.0793358,35.9770879],[139.0793836,35.9771034],[139.0794389,35.9771219],[139.079468,35.9771316],[139.0794684,35.9771317],[139.0794938,35.977141],[139.0795002,35.9771444],[139.0795047,35.9771482],[139.0795081,35.9771519],[139.0795104,35.977156],[139.0795117,35.97716],[139.0795385,35.9771725],[139.0795446,35.9771676],[139.0795491,35.9771652],[139.0795537,35.9771637],[139.0795598,35.9771628],[139.0795738,35.9771661],[139.0795882,35.9771674],[139.0795886,35.9771674],[139.079593,35.9771671],[139.0795964,35.9771668],[139.0796083,35.9771618],[139.0796086,35.9771617]]]},"properties":{"layer":"landuse","class_code":"202","class_label":"畑（畑、樹園地、採草地、養鶏（牛・豚）場）"}},{"type":"Feature","id":"luse_aacb5b06-6c82-4250-ae73-e36dac95ac08","geometry":{"type":"Polygon","coordinates":[[[139.0754045,35.9772196],[139.075411,35.9772247],[139.0754558,35.9772628],[139.0754459,35.9772698],[139.075365,35.9773297],[139.0753087,35.9773712],[139.0752442,35.9773239],[139.0752974,35.97729],[139.0753443,35.9772595],[139.0753784,35.9772301],[139.0753875,35.9772234],[139.0753972,35.9772192],[139.0754045,35.9772196]]]},"properties":{"layer":"landuse","class_code":"202","class_label":"畑（畑、樹園地、採草地、養鶏（牛・豚）場）"}},{"type":"Feature","id":"luse_cecfb53b-0aad-4247-bb53-93c23048b0d7","geometry":{"type":"Polygon","coordinates":[[[139.0754255,35.9769371],[139.0754127,35.9769474],[139.0756694,35.977155],[139.0756758,35.9771615],[139.0756799,35.9771679],[139.0756814,35.9771745],[139.0756254,35.9772257],[139.0755862,35.9772574],[139.0755376,35.9772993],[139.0755358,35.9773007],[139.0755332,35.9773026],[139.0755298,35.9773039],[139.0755264,35.9773045],[139.0755229,35.9773044],[139.07552,35.9773033],[139.0755159,35.9773006],[139.0754761,35.9772682],[139.0754676,35.9772611],[139.0754184,35.977219],[139.0754089,35.9772116],[139.0753948,35.9772109],[139.0753814,35.9772168],[139.0753714,35.9772243],[139.0753375,35.9772535],[139.0752909,35.9772836],[139.0752292,35.9773232],[139.0751463,35.9773853],[139.0750294,35.9774742],[139.0750322,35.9774767],[139.075,35.97745128287037],[139.075,35.976442479962536],[139.0750713,35.9765043],[139.0750819,35.9765107],[139.0750728,35.9765182],[139.075,35.976577191420915],[139.075,35.97675501916604],[139.0750645,35.9768056],[139.075072,35.9768145],[139.0750737,35.976818],[139.0750748,35.9768211],[139.0750749,35.9768234],[139.0750749,35.9768272],[139.0750705,35.9768403],[139.0750637,35.9768519],[139.0750504,35.9768658],[139.0750432,35.976873],[139.0750062,35.9769107],[139.075,35.97691600974359],[139.075,35.976939530313395],[139.0750206,35.9769219],[139.075066,35.9768758],[139.0750687,35.9768732],[139.0750807,35.9768606],[139.0750966,35.976844],[139.0751089,35.9768295],[139.0751104,35.9768256],[139.0751099,35.9768211],[139.0751088,35.9768177],[139.0751076,35.9768144],[139.0751062,35.976811],[139.075105,35.9768095],[139.0751274,35.9768226],[139.0752197,35.9767459],[139.0753001,35.9768079],[139.0755571,35.9765937],[139.0755997,35.9766293],[139.0756786,35.9766984],[139.0756943,35.9767125],[139.0757507,35.9767636],[139.0757654,35.9767767],[139.0758115,35.9768196],[139.0758535,35.9768563],[139.0758103,35.976982],[139.0758561,35.9769964],[139.0759026,35.9769925],[139.075901,35.976994],[139.0758955,35.9769963],[139.0758775,35.9770031],[139.0758599,35.977012],[139.0758418,35.9770241],[139.0757853,35.9770716],[139.0757664,35.977088],[139.0756392,35.9769833],[139.0756224,35.9769968],[139.0755258,35.9769223],[139.075476,35.9768944],[139.0754255,35.9769371]]]},"properties":{"layer":"landuse","class_code":"202","class_label":"畑（畑、樹園地、採草地、養鶏（牛・豚）場）"}},{"type":"Feature","id":"luse_bd93d57f-df2d-4132-9ab7-7db16368fe93","geometry":{"type":"Polygon","coordinates":[[[139.0770733,35.977393],[139.0770288,35.977413],[139.0769672,35.9774342],[139.0769037,35.9774517],[139.0768649,35.9774616],[139.0768157,35.9774728],[139.0767662,35.9774813],[139.0767658,35.9774813],[139.0767365,35.9774851],[139.0767014,35.9774885],[139.076701,35.9774885],[139.0766896,35.9774905],[139.0768652,35.977311],[139.0766579,35.97718],[139.0766906,35.9771453],[139.0767732,35.9770578],[139.0767896,35.9770392],[139.0768002,35.9770376],[139.0768064,35.977033],[139.0768174,35.9770247],[139.0768185,35.9770238],[139.0768342,35.9770031],[139.0769405,35.976885],[139.0770452,35.9767685],[139.077083,35.976728],[139.0771225,35.976682],[139.0771763,35.9766219],[139.0772535,35.976533],[139.0772962,35.9764849],[139.0773335,35.9764429],[139.0774563,35.9763053],[139.077507,35.9762449],[139.077539,35.9762132],[139.0775394,35.9762127],[139.0775399,35.9762123],[139.0775476,35.9762069],[139.0775574,35.9762044],[139.077558,35.9762042],[139.0775584,35.9762041],[139.0775804,35.9762051],[139.0776326,35.9762118],[139.077633,35.9762118],[139.0776816,35.9762219],[139.077696,35.9762264],[139.0777106,35.976234],[139.0777293,35.9762477],[139.0777461,35.9762675],[139.0777571,35.9762792],[139.0776647,35.9763804],[139.0777978,35.9764538],[139.077875,35.9763702],[139.0778753,35.9763704],[139.0779112,35.9763935],[139.0779687,35.976427],[139.078093,35.9764912],[139.0781989,35.9765468],[139.078227,35.9765616],[139.0782834,35.976597],[139.0782852,35.9765981],[139.0782969,35.9766059],[139.0783053,35.9766115],[139.0783139,35.9766189],[139.0783201,35.976626],[139.0783227,35.9766308],[139.078324,35.9766356],[139.0783252,35.9766414],[139.0783254,35.9766477],[139.078325,35.9766534],[139.0783237,35.9766602],[139.0783192,35.976668],[139.0783135,35.9766764],[139.0782217,35.9767542],[139.07821,35.9767642],[139.0781967,35.9767751],[139.0781763,35.9767917],[139.0781749,35.9767936],[139.0781698,35.9768006],[139.0781651,35.9768101],[139.0781512,35.9768368],[139.0781509,35.9768374],[139.0781416,35.9768518],[139.0781199,35.9768804],[139.0778118,35.9767095],[139.0775608,35.9769464],[139.0775933,35.976979],[139.0775507,35.977015],[139.0776534,35.9770786],[139.0774304,35.9772934],[139.0773573,35.9773078],[139.0773511,35.9773092],[139.0772948,35.9773216],[139.0772405,35.977333],[139.0772401,35.9773331],[139.0772238,35.9773372],[139.0772159,35.9773389],[139.077197,35.9773444],[139.0771694,35.9773534],[139.077148,35.9773607],[139.0771286,35.9773677],[139.0771071,35.9773752],[139.0771031,35.97737],[139.0770907,35.9773761],[139.0770803,35.9773812],[139.0770816,35.9773827],[139.0770733,35.977393]]]},"properties":{"layer":"landuse","class_code":"202","class_label":"畑（畑、樹園地、採草地、養鶏（牛・豚）場）"}},{"type":"Feature","id":"luse_5cb6be72-89b6-41d4-9b07-6a07bd0aa0a0","geometry":{"type":"Polygon","coordinates":[[[139.0758125,35.9774394],[139.0757344,35.9774817],[139.075687,35.9775164],[139.0756539,35.9775411],[139.0756378,35.977548],[139.075611,35.9775444],[139.0755887,35.9775414],[139.0754629,35.9774437],[139.0754553,35.9774375],[139.0754425,35.9774305],[139.0754288,35.9774266],[139.075414,35.9774252],[139.0754013,35.9774264],[139.075388,35.9774316],[139.0753832,35.9774347],[139.0753466,35.9773991],[139.075317,35.9773773],[139.0753741,35.9773352],[139.0754533,35.9772766],[139.0754629,35.9772696],[139.075469,35.9772741],[139.0755092,35.9773066],[139.0755129,35.9773092],[139.0755147,35.9773103],[139.075521,35.9773126],[139.0755259,35.9773129],[139.0755263,35.9773128],[139.0755312,35.9773122],[139.0755361,35.9773105],[139.07554,35.9773083],[139.0755445,35.9773052],[139.0755934,35.977263],[139.0756327,35.9772313],[139.0757074,35.9771626],[139.0757998,35.9770828],[139.0758553,35.977036],[139.0758715,35.9770252],[139.0758868,35.9770173],[139.075904,35.9770108],[139.075913,35.9770072],[139.0759191,35.9770019],[139.0759197,35.9770014],[139.0759238,35.9769935],[139.0759285,35.976983],[139.0759368,35.9769712],[139.0759444,35.9769625],[139.0759523,35.9769549],[139.0759526,35.9769548],[139.0759551,35.9769533],[139.0759596,35.9769508],[139.0759681,35.9769584],[139.076056,35.9770325],[139.0760639,35.9770392],[139.0761533,35.9771149],[139.0761572,35.9771319],[139.076148,35.9771453],[139.0761394,35.9771536],[139.0760726,35.9772157],[139.0759356,35.9773427],[139.0758568,35.9774123],[139.0758383,35.9774255],[139.0758125,35.9774394]]]},"properties":{"layer":"landuse","class_code":"202","class_label":"畑（畑、樹園地、採草地、養鶏（牛・豚）場）"}},{"type":"Feature","id":"luse_42fffe7b-daf0-47d3-911e-1f167154991b","geometry":{"type":"Polygon","coordinates":[[[139.075,35.97752005141954],[139.0750044,35.9775235],[139.075,35.97752672794761],[139.075,35.97752005141954]]]},"properties":{"layer":"landuse","class_code":"202","class_label":"畑（畑、樹園地、採草地、養鶏（牛・豚）場）"}},{"type":"Feature","id":"luse_cdb608aa-d390-43f7-92b8-4abaaefdb9d0","geometry":{"type":"Polygon","coordinates":[[[139.0772201,35.9775389],[139.0771998,35.977513],[139.0771851,35.9775345],[139.0771363,35.9774847],[139.076934,35.977692],[139.0768296,35.9776063],[139.0767033,35.9775025],[139.0767058,35.9775002],[139.0767382,35.9774958],[139.0767867,35.9774892],[139.0767871,35.9774892],[139.0768684,35.9774711],[139.0768687,35.977471],[139.0769443,35.9774505],[139.0769447,35.9774504],[139.0770171,35.9774273],[139.0770794,35.9774032],[139.0770769,35.9773987],[139.07709,35.9773936],[139.0770945,35.9773994],[139.0771054,35.9773941],[139.0771175,35.9773883],[139.0771164,35.9773868],[139.0771354,35.9773799],[139.0771546,35.9773731],[139.0771756,35.9773658],[139.0772029,35.977357],[139.0772207,35.9773519],[139.0772284,35.9773502],[139.0772449,35.977346],[139.0772988,35.9773347],[139.0772992,35.9773346],[139.0773378,35.9773261],[139.0773614,35.9773209],[139.0774344,35.9773065],[139.077437,35.977306],[139.0772469,35.9775717],[139.0772201,35.9775389]]]},"properties":{"layer":"landuse","class_code":"202","class_label":"畑（畑、樹園地、採草地、養鶏（牛・豚）場）"}},{"type":"Feature","id":"luse_b62df01d-9937-448e-aa80-8d67cd20f474","geometry":{"type":"Polygon","coordinates":[[[139.0785965,35.9774341],[139.0787734,35.9774951],[139.0787773,35.9774965],[139.0788137,35.9775324],[139.0788078,35.9775472],[139.0787972,35.977561],[139.0787742,35.9775979],[139.0787562,35.9776313],[139.0787485,35.9776497],[139.0787172,35.9777364],[139.078705,35.9777651],[139.0786997,35.977778],[139.0786291,35.9779061],[139.0786191,35.9779225],[139.0786121,35.9779248],[139.0786041,35.9779265],[139.0786037,35.9779265],[139.0785979,35.977926],[139.0785895,35.9779231],[139.0784297,35.9778607],[139.0783248,35.9778186],[139.0782389,35.9777874],[139.0782282,35.9777795],[139.0782187,35.9777711],[139.0782126,35.9777635],[139.07821,35.9777555],[139.0782116,35.977745],[139.0782181,35.9777337],[139.0782304,35.9777196],[139.0782868,35.9776592],[139.0783919,35.9775277],[139.0784952,35.9773984],[139.0785965,35.9774341]]]},"properties":{"layer":"landuse","class_code":"202","class_label":"畑（畑、樹園地、採草地、養鶏（牛・豚）場）"}},{"type":"Feature","id":"luse_062d2f1f-e8e7-4a3b-a047-f0f0bf22e815","geometry":{"type":"Polygon","coordinates":[[[139.0767433,35.9778428],[139.0765699,35.9779862],[139.076094,35.977616],[139.0764021,35.9773152],[139.0764912,35.9773877],[139.0765319,35.9774213],[139.0765095,35.9774431],[139.076386,35.9775634],[139.076503,35.9776595],[139.0765041,35.9776604],[139.0764895,35.9776738],[139.0765044,35.9776845],[139.0765189,35.9776712],[139.0767433,35.9778428]]]},"properties":{"layer":"landuse","class_code":"202","class_label":"畑（畑、樹園地、採草地、養鶏（牛・豚）場）"}},{"type":"Feature","id":"luse_46e42105-0557-44d6-b9e2-a5bc77621347","geometry":{"type":"Polygon","coordinates":[[[139.0784175,35.9778811],[139.0785782,35.9779438],[139.0785864,35.9779492],[139.0785907,35.9779546],[139.0785951,35.9779634],[139.0785911,35.9779702],[139.0785674,35.9780082],[139.0785189,35.9780863],[139.0785093,35.9781067],[139.0785019,35.9781201],[139.0777974,35.9778554],[139.0778922,35.9777587],[139.0781353,35.9778671],[139.0781889,35.97779],[139.0782009,35.9778],[139.0782115,35.9778053],[139.0782225,35.9778089],[139.0783109,35.9778384],[139.0784175,35.9778811]]]},"properties":{"layer":"landuse","class_code":"202","class_label":"畑（畑、樹園地、採草地、養鶏（牛・豚）場）"}},{"type":"Feature","id":"luse_99a81acd-c86b-4a12-aab6-3e43e225d1bf","geometry":{"type":"Polygon","coordinates":[[[139.0758909,35.978102],[139.0758586,35.9781276],[139.0757453,35.9780397],[139.075385,35.977757],[139.0753541,35.9777328],[139.0751972,35.9776082],[139.0752844,35.9775536],[139.0753185,35.9775299],[139.0753996,35.9774737],[139.0754341,35.9774751],[139.0755549,35.9775666],[139.0755558,35.9775685],[139.0755568,35.9776064],[139.0755202,35.9776337],[139.0754236,35.9777066],[139.0753993,35.9777253],[139.0753964,35.9777273],[139.0753868,35.9777341],[139.075414,35.9777564],[139.0754267,35.9777477],[139.0754832,35.9777033],[139.075583,35.9776285],[139.0756062,35.9776136],[139.0756397,35.977592],[139.0756405,35.9775914],[139.0756766,35.9775908],[139.0756769,35.9775908],[139.0757928,35.9776881],[139.0758232,35.9777131],[139.0758244,35.9777141],[139.0758907,35.9777687],[139.0759269,35.9777979],[139.0759476,35.9778145],[139.0759659,35.9778293],[139.0759628,35.977837],[139.0759585,35.9778423],[139.075943,35.9778562],[139.0757576,35.978013],[139.0757665,35.9780201],[139.07596,35.9778602],[139.0759676,35.9778548],[139.0759742,35.9778514],[139.0759806,35.9778494],[139.0759865,35.9778489],[139.0759894,35.9778486],[139.0760675,35.9779148],[139.0760899,35.977942],[139.0758909,35.978102]]]},"properties":{"layer":"landuse","class_code":"202","class_label":"畑（畑、樹園地、採草地、養鶏（牛・豚）場）"}},{"type":"Feature","id":"luse_fa3f0d0a-fe41-4aed-863e-9650acb4606d","geometry":{"type":"Polygon","coordinates":[[[139.0757642,35.9781368],[139.0756043,35.9782603],[139.0754582,35.9781349],[139.0756157,35.9780214],[139.0757642,35.9781368]]]},"properties":{"layer":"landuse","class_code":"202","class_label":"畑（畑、樹園地、採草地、養鶏（牛・豚）場）"}},{"type":"Feature","id":"luse_3c4ed7b2-8a5d-4e3d-adbc-89c0dfc8c80c","geometry":{"type":"Polygon","coordinates":[[[139.0805027,35.9783175],[139.0804957,35.9783148],[139.0802742,35.9782323],[139.0801027,35.9781703],[139.0799332,35.9781069],[139.0797684,35.9780406],[139.0797727,35.9780334],[139.0797836,35.9780159],[139.0798506,35.9779061],[139.0798658,35.977881],[139.0799125,35.9778054],[139.0799914,35.9776594],[139.0799943,35.9776541],[139.0800479,35.9775561],[139.0800513,35.9775496],[139.0801174,35.9774231],[139.0801239,35.9774108],[139.0801287,35.9774021],[139.0801467,35.9773692],[139.0804253,35.9774528],[139.0804328,35.9774448],[139.0804485,35.9774492],[139.0804631,35.977416],[139.0804779,35.9773819],[139.0804865,35.9773555],[139.0804903,35.9773464],[139.0805362,35.977361],[139.0805366,35.9773611],[139.0805733,35.9773728],[139.0805736,35.9773728],[139.0805601,35.9774011],[139.0805541,35.9774131],[139.0805655,35.9774162],[139.0805659,35.9774163],[139.0805715,35.9774036],[139.080579,35.9773889],[139.0805855,35.9773763],[139.0806502,35.97739],[139.0807207,35.9774046],[139.080721,35.9774047],[139.0807962,35.977422],[139.0807966,35.9774221],[139.0807616,35.9775064],[139.0807206,35.9776149],[139.080687,35.9777024],[139.080708,35.9777064],[139.080669,35.9778626],[139.080819,35.9778902],[139.0808451,35.977858],[139.0809986,35.9778856],[139.0809982,35.9779001],[139.0809932,35.977936],[139.0809911,35.9779436],[139.080981,35.9779821],[139.0809507,35.9780596],[139.0809359,35.9780875],[139.0809339,35.9780913],[139.0809232,35.9781122],[139.0809102,35.9781503],[139.0809081,35.978164],[139.08065,35.9780728],[139.0805027,35.9783175]]]},"properties":{"layer":"landuse","class_code":"202","class_label":"畑（畑、樹園地、採草地、養鶏（牛・豚）場）"}},{"type":"Feature","id":"luse_e8140234-4596-46f3-b094-cea24f1e2bef","geometry":{"type":"Polygon","coordinates":[[[139.0797392,35.9780087],[139.079735,35.9780156],[139.0795591,35.9783004],[139.0795239,35.9783601],[139.0794805,35.9783395],[139.0792192,35.9782159],[139.0792193,35.978191],[139.0789489,35.9780523],[139.0790221,35.9779246],[139.0790278,35.9779267],[139.0790945,35.9779498],[139.0790949,35.9779499],[139.0791855,35.977981],[139.0791859,35.977981],[139.0791927,35.9779661],[139.0791325,35.9779446],[139.079102,35.9779339],[139.0791017,35.9779338],[139.0790317,35.9779031],[139.0789886,35.9778858],[139.0789778,35.9778815],[139.0790777,35.9776929],[139.0788515,35.977587],[139.0788525,35.9775859],[139.0788616,35.9775738],[139.0788625,35.977573],[139.0788788,35.9775569],[139.078896,35.9775449],[139.0789119,35.9775352],[139.0789386,35.9775224],[139.0789802,35.9775011],[139.0790205,35.9774826],[139.0790662,35.9774588],[139.0790962,35.977439],[139.0791009,35.9774367],[139.079129,35.9774459],[139.07915,35.9774522],[139.0791673,35.9774584],[139.0791717,35.97746],[139.0792569,35.9774884],[139.0792572,35.9774885],[139.0792667,35.9774692],[139.0792606,35.9774672],[139.0791817,35.9774409],[139.0791596,35.977433],[139.0791386,35.9774267],[139.0791329,35.9774233],[139.0791335,35.9774229],[139.07917,35.9773913],[139.0791961,35.9773523],[139.0792554,35.9772404],[139.0792686,35.9772292],[139.0792864,35.9772344],[139.0793234,35.9772525],[139.0793821,35.977282],[139.0794333,35.9773073],[139.0794405,35.9773111],[139.0794613,35.977322],[139.0794625,35.9773228],[139.0794759,35.977332],[139.0794792,35.9773372],[139.0794805,35.9773427],[139.07948,35.9773494],[139.0794781,35.977354],[139.0794721,35.9773573],[139.0794639,35.9773576],[139.0794366,35.977353],[139.0794327,35.9773523],[139.0794237,35.977353],[139.0794186,35.9773554],[139.0794128,35.9773601],[139.0793599,35.9774312],[139.0793706,35.9774364],[139.0792851,35.9775444],[139.0794891,35.9776345],[139.0796573,35.9774054],[139.079679,35.9774077],[139.0796975,35.977406],[139.0797235,35.9773908],[139.0797286,35.9773865],[139.0797514,35.977368],[139.079834,35.9772938],[139.0799078,35.9772263],[139.0799243,35.9772113],[139.0799834,35.9771576],[139.0799899,35.9771595],[139.0800804,35.9772026],[139.0801571,35.9772388],[139.0801687,35.9772445],[139.080169,35.9772445],[139.0801373,35.9772979],[139.0801039,35.9773578],[139.0800325,35.9774956],[139.0800031,35.9775529],[139.0800022,35.9775543],[139.0798791,35.9777847],[139.0798768,35.9777886],[139.0798145,35.9778882],[139.0797392,35.9780087]]]},"properties":{"layer":"landuse","class_code":"202","class_label":"畑（畑、樹園地、採草地、養鶏（牛・豚）場）"}},{"type":"Feature","id":"luse_81ed078e-4e6d-4ed6-925d-2be5fa7725ac","geometry":{"type":"Polygon","coordinates":[[[139.0783387,35.9781704],[139.0783391,35.9781705],[139.0783873,35.978172],[139.0783877,35.978172],[139.0784502,35.9781815],[139.0784506,35.9781911],[139.0783765,35.978293],[139.0783146,35.9783694],[139.0782776,35.9784141],[139.0782709,35.9784219],[139.0782632,35.9784266],[139.07826,35.9784273],[139.078245,35.9784217],[139.0781813,35.9783951],[139.0780664,35.9783519],[139.0779105,35.9782945],[139.0778989,35.9782901],[139.0778217,35.9782588],[139.0778214,35.9782586],[139.0777225,35.9782188],[139.0775945,35.978162],[139.0775942,35.9781618],[139.0775815,35.9781564],[139.0775411,35.978139],[139.0775348,35.9781358],[139.0775343,35.9781324],[139.0775364,35.9781284],[139.0775396,35.9781264],[139.0775485,35.9781236],[139.077595,35.9781261],[139.0776561,35.9781324],[139.0776564,35.9781325],[139.0776925,35.9781378],[139.0777551,35.9781452],[139.0779096,35.9781608],[139.0779455,35.9781636],[139.078014,35.9781674],[139.0780802,35.9781674],[139.0781575,35.9781659],[139.0781831,35.9781648],[139.0781835,35.9781648],[139.0782626,35.978166],[139.0783387,35.9781704]]]},"properties":{"layer":"landuse","class_code":"202","class_label":"畑（畑、樹園地、採草地、養鶏（牛・豚）場）"}},{"type":"Feature","id":"luse_8d636c6f-02fe-4fcd-8f6e-140efbfccf82","geometry":{"type":"Polygon","coordinates":[[[139.0779526,35.9783625],[139.0778668,35.9784702],[139.0777954,35.9785162],[139.0777822,35.9785019],[139.0777355,35.9784562],[139.0776828,35.9784088],[139.0776411,35.9783709],[139.0776245,35.9783558],[139.0776046,35.9783364],[139.0775924,35.9783246],[139.0775546,35.9782879],[139.0775078,35.978244],[139.0774925,35.9782307],[139.0774272,35.9781739],[139.0774028,35.9781461],[139.0774014,35.9781445],[139.0773965,35.9781362],[139.0773964,35.9781357],[139.0773962,35.9781331],[139.0773977,35.9781297],[139.0774017,35.9781269],[139.0774021,35.9781266],[139.0774094,35.9781245],[139.0774101,35.9781244],[139.0774107,35.9781244],[139.0774191,35.9781297],[139.0774637,35.978155],[139.0775136,35.9781791],[139.0775553,35.978197],[139.0775939,35.9782127],[139.0776884,35.9782513],[139.0776887,35.9782514],[139.0777446,35.9782772],[139.0777695,35.9782879],[139.0778588,35.9783253],[139.0779526,35.9783625]]]},"properties":{"layer":"landuse","class_code":"202","class_label":"畑（畑、樹園地、採草地、養鶏（牛・豚）場）"}},{"type":"Feature","id":"luse_80ccf77c-0e51-49ee-8caa-576e0f90f92c","geometry":{"type":"Polygon","coordinates":[[[139.0801148,35.978578],[139.0798888,35.9785065],[139.0799895,35.9783504],[139.079657,35.9782222],[139.0796928,35.9781639],[139.0796988,35.9781541],[139.0797535,35.9780648],[139.0798038,35.978085],[139.079919,35.9781314],[139.080089,35.978195],[139.0802605,35.978257],[139.0803702,35.9782978],[139.0802885,35.9784407],[139.0802016,35.9784273],[139.0801148,35.978578]]]},"properties":{"layer":"landuse","class_code":"202","class_label":"畑（畑、樹園地、採草地、養鶏（牛・豚）場）"}},{"type":"Feature","id":"luse_65869892-d25a-445b-bb12-a85b6210a109","geometry":{"type":"Polygon","coordinates":[[[139.0854797,35.9784237],[139.0853922,35.978459],[139.0852526,35.9785217],[139.0849683,35.9786494],[139.0848468,35.9784929],[139.0851333,35.9783722],[139.0851262,35.9783632],[139.0851542,35.9783634],[139.0853773,35.9782694],[139.0854204,35.9783362],[139.0854797,35.9784237]]]},"properties":{"layer":"landuse","class_code":"202","class_label":"畑（畑、樹園地、採草地、養鶏（牛・豚）場）"}},{"type":"Feature","id":"luse_bc589b05-4edd-4396-a657-8ba063512dc2","geometry":{"type":"Polygon","coordinates":[[[139.0788482,35.9783996],[139.0787519,35.978592],[139.0787401,35.9786148],[139.0786895,35.9785955],[139.0786167,35.9785678],[139.0787321,35.9783587],[139.0788482,35.9783996]]]},"properties":{"layer":"landuse","class_code":"202","class_label":"畑（畑、樹園地、採草地、養鶏（牛・豚）場）"}},{"type":"Feature","id":"luse_b9a3859f-6123-4ec6-8a4b-0bf271e4a44b","geometry":{"type":"Polygon","coordinates":[[[139.0764741,35.9780483],[139.0765938,35.9781476],[139.0764881,35.9782615],[139.076586,35.978325],[139.0764758,35.978434],[139.0764785,35.978466],[139.0768062,35.9787012],[139.0767985,35.9787053],[139.0767709,35.9787172],[139.0767281,35.9787452],[139.076712,35.9787556],[139.0766769,35.9787806],[139.0766746,35.9787822],[139.0760162,35.9782523],[139.0760442,35.9782202],[139.0763662,35.9779589],[139.0764741,35.9780483]]]},"properties":{"layer":"landuse","class_code":"202","class_label":"畑（畑、樹園地、採草地、養鶏（牛・豚）場）"}},{"type":"Feature","id":"luse_15c2ac1e-1465-4f2f-b79e-2c619499ab7e","geometry":{"type":"Polygon","coordinates":[[[139.0793023,35.9787056],[139.0792956,35.9787156],[139.0792496,35.9787878],[139.0792441,35.9787961],[139.0792302,35.978801],[139.0791696,35.9787745],[139.0790491,35.9787205],[139.0789509,35.9786759],[139.0789492,35.9786799],[139.0789489,35.97868],[139.0789284,35.9786828],[139.078937,35.9786632],[139.0790676,35.9784426],[139.0790862,35.978407],[139.0790836,35.9783896],[139.0791177,35.9784204],[139.0791482,35.9784429],[139.0791969,35.9784766],[139.0792493,35.9785045],[139.079313,35.978539],[139.0793459,35.9785564],[139.0793872,35.978578],[139.0793779,35.9785901],[139.0793635,35.9786091],[139.0793294,35.9786621],[139.0793023,35.9787056]]]},"properties":{"layer":"landuse","class_code":"202","class_label":"畑（畑、樹園地、採草地、養鶏（牛・豚）場）"}},{"type":"Feature","id":"luse_9ee2c9f8-7bc6-4e08-be19-2d89c3faac1e","geometry":{"type":"Polygon","coordinates":[[[139.0810277,35.9788247],[139.0809615,35.9789049],[139.0809565,35.9789025],[139.0808157,35.9788355],[139.0808392,35.9788033],[139.0808403,35.9787972],[139.0808372,35.9787905],[139.08077,35.978758],[139.0807613,35.9787534],[139.0807272,35.9787356],[139.0807354,35.9787228],[139.0807373,35.9787203],[139.0807577,35.9786971],[139.0807873,35.9786583],[139.0808519,35.9786545],[139.0809733,35.9786475],[139.081012,35.9786315],[139.0810463,35.9786176],[139.0810855,35.9786142],[139.0811111,35.9786138],[139.08114,35.9786149],[139.0811523,35.9786043],[139.0811652,35.9785996],[139.0812546,35.9786406],[139.0812563,35.9786437],[139.0812036,35.9787093],[139.0812074,35.9787133],[139.081341,35.9787819],[139.0813372,35.9787862],[139.0813369,35.9787866],[139.0812688,35.9788575],[139.081236,35.9788398],[139.0810938,35.9787629],[139.0810277,35.9788247]]]},"properties":{"layer":"landuse","class_code":"202","class_label":"畑（畑、樹園地、採草地、養鶏（牛・豚）場）"}},{"type":"Feature","id":"luse_3a467cff-f175-4fc2-b450-a4202107d905","geometry":{"type":"Polygon","coordinates":[[[139.0787035,35.9786459],[139.0787218,35.9786529],[139.0787238,35.9786538],[139.078598,35.978895],[139.0784206,35.978787],[139.0785635,35.978592],[139.0787035,35.9786459]]]},"properties":{"layer":"landuse","class_code":"202","class_label":"畑（畑、樹園地、採草地、養鶏（牛・豚）場）"}},{"type":"Feature","id":"luse_aa25ec1d-72ca-428a-8bd5-20329c865230","geometry":{"type":"Polygon","coordinates":[[[139.0759254,35.9789372],[139.0759236,35.9789358],[139.0756581,35.9787125],[139.0757675,35.978637],[139.0756367,35.9785286],[139.0759484,35.9782793],[139.0766091,35.9788294],[139.0765832,35.9788485],[139.0765515,35.9788703],[139.0765086,35.9788998],[139.0764975,35.9789066],[139.0763279,35.9787642],[139.0761505,35.978927],[139.0760512,35.978845],[139.0759254,35.9789372]]]},"properties":{"layer":"landuse","class_code":"202","class_label":"畑（畑、樹園地、採草地、養鶏（牛・豚）場）"}},{"type":"Feature","id":"luse_7ec3901e-2f30-4ff8-a717-f38453b98038","geometry":{"type":"Polygon","coordinates":[[[139.0864873,35.9788218],[139.0863621,35.9789145],[139.0859296,35.9792305],[139.0859298,35.979179],[139.0859258,35.9791558],[139.0859158,35.9791389],[139.0859021,35.9791223],[139.0858814,35.9791005],[139.0858386,35.9790557],[139.0858,35.9790255],[139.0857699,35.9790069],[139.0862115,35.9787057],[139.0864873,35.9788218]]]},"properties":{"layer":"landuse","class_code":"202","class_label":"畑（畑、樹園地、採草地、養鶏（牛・豚）場）"}},{"type":"Feature","id":"luse_d5373567-ad5e-4e54-806d-19d42bc0bb89","geometry":{"type":"Polygon","coordinates":[[[139.0803386,35.9791619],[139.0803099,35.9792091],[139.0802844,35.9792218],[139.0801646,35.9791709],[139.0800629,35.9791314],[139.0799486,35.9790863],[139.0797871,35.9790254],[139.0797868,35.9790253],[139.0796794,35.9789853],[139.0796791,35.9789851],[139.0797446,35.9788422],[139.0797408,35.9788382],[139.0797048,35.9788004],[139.0796605,35.978754],[139.0796249,35.9787321],[139.0794582,35.9788942],[139.0794243,35.9788797],[139.0793299,35.9788424],[139.0793286,35.9788418],[139.0793077,35.9788336],[139.0793049,35.9788326],[139.0793006,35.9788273],[139.0792942,35.9788176],[139.079291,35.9788103],[139.0792905,35.9788057],[139.0793434,35.9787231],[139.0793959,35.978636],[139.0794085,35.9786293],[139.0794211,35.9786127],[139.0794219,35.9786117],[139.0795365,35.9786682],[139.0796938,35.9787441],[139.0797195,35.9787518],[139.0797199,35.9787519],[139.0797484,35.9787505],[139.0797676,35.9787444],[139.079768,35.9787444],[139.0797928,35.9787313],[139.0798077,35.9787237],[139.079829,35.9787162],[139.0801005,35.9788018],[139.0799711,35.9790082],[139.0800159,35.9790378],[139.0800574,35.9790605],[139.0800726,35.9790681],[139.0800964,35.9790801],[139.0801435,35.9790976],[139.0801844,35.9791106],[139.0802259,35.979125],[139.0802623,35.9791376],[139.0803024,35.9791505],[139.0803386,35.9791619]]]},"properties":{"layer":"landuse","class_code":"202","class_label":"畑（畑、樹園地、採草地、養鶏（牛・豚）場）"}},{"type":"Feature","id":"luse_91ac5e29-f756-4836-b1e3-c22243c30ae5","geometry":{"type":"Polygon","coordinates":[[[139.0773471,35.9790373],[139.0773963,35.9790758],[139.0773904,35.9790796],[139.0771888,35.9792521],[139.07669,35.9787957],[139.0767234,35.9787744],[139.0767248,35.9787735],[139.0767669,35.9787451],[139.0767885,35.9787334],[139.0768563,35.9787319],[139.0771434,35.979011],[139.0772486,35.9789415],[139.0772689,35.9789141],[139.0774012,35.9788122],[139.0772294,35.9786614],[139.0771753,35.9786336],[139.0770578,35.9785272],[139.0770758,35.9785069],[139.0771177,35.9784644],[139.0771471,35.9784328],[139.0771591,35.9784165],[139.0772088,35.9783507],[139.0772554,35.978286],[139.0772777,35.9782554],[139.0773516,35.9781581],[139.0773633,35.9781465],[139.0773723,35.9781396],[139.0773798,35.9781484],[139.0773959,35.9781671],[139.0774017,35.9781729],[139.077413,35.9781839],[139.0774258,35.9781954],[139.0774611,35.9782269],[139.077506,35.978263],[139.0775325,35.9782878],[139.0775921,35.9783445],[139.077634,35.9783844],[139.0776397,35.9783897],[139.0776449,35.9783968],[139.0776476,35.9784027],[139.0776526,35.978414],[139.0776448,35.9784211],[139.0775903,35.9784709],[139.0775714,35.9784855],[139.0774473,35.9785918],[139.0773432,35.9786943],[139.077355,35.9787035],[139.0774659,35.978606],[139.077545,35.9785382],[139.0775899,35.9784998],[139.0776426,35.9784544],[139.0776597,35.9784419],[139.0776665,35.9784386],[139.0776756,35.9784356],[139.0776824,35.9784353],[139.0776889,35.978435],[139.0777019,35.9784468],[139.0777183,35.9784628],[139.0777525,35.9784967],[139.0777978,35.9785428],[139.0778209,35.9785638],[139.0778256,35.9785677],[139.0778657,35.9786025],[139.0779234,35.9786469],[139.0779387,35.9786587],[139.0779419,35.9786616],[139.0779419,35.978664],[139.0779243,35.9786813],[139.077828,35.9787719],[139.0777711,35.9788258],[139.0777172,35.9788764],[139.0777146,35.9788787],[139.0776366,35.9789544],[139.0776175,35.9789721],[139.0774964,35.9788933],[139.0773495,35.9790107],[139.0773471,35.9790373]]]},"properties":{"layer":"landuse","class_code":"202","class_label":"畑（畑、樹園地、採草地、養鶏（牛・豚）場）"}},{"type":"Feature","id":"luse_094db87d-3c63-4891-9de0-2eae44cb634f","geometry":{"type":"Polygon","coordinates":[[[139.0857569,35.97924],[139.0857506,35.9792407],[139.0856935,35.9792537],[139.0856359,35.9792776],[139.0855096,35.9793762],[139.0854358,35.9794258],[139.0854099,35.9794238],[139.0853919,35.9794123],[139.0853539,35.9793325],[139.0853322,35.9792983],[139.0853005,35.9792867],[139.0852749,35.9792827],[139.0852125,35.9792674],[139.0851929,35.9792494],[139.0851893,35.9792327],[139.0851921,35.9792144],[139.0852295,35.9791737],[139.085233,35.9791233],[139.0852275,35.9790705],[139.0852198,35.9790335],[139.0852213,35.979016],[139.0852331,35.978987],[139.0852521,35.9789648],[139.0852782,35.9789483],[139.08552,35.978857],[139.0856146,35.9788213],[139.0856346,35.9788199],[139.0856436,35.97886],[139.0856558,35.9789075],[139.0856685,35.9789384],[139.0856822,35.9789625],[139.085703,35.9789837],[139.0857291,35.9790043],[139.0857855,35.9790392],[139.085822,35.9790678],[139.085884,35.9791328],[139.0858965,35.9791479],[139.0859044,35.9791611],[139.0859076,35.9791802],[139.0859073,35.9792533],[139.0858572,35.979238],[139.0858558,35.9792374],[139.085822,35.9792355],[139.0858086,35.9792348],[139.0857569,35.97924]]]},"properties":{"layer":"landuse","class_code":"202","class_label":"畑（畑、樹園地、採草地、養鶏（牛・豚）場）"}},{"type":"Feature","id":"luse_9750c266-6404-4d02-b6c8-88d6d9062dc9","geometry":{"type":"Polygon","coordinates":[[[139.0790949,35.9791305],[139.078904,35.9790419],[139.0786282,35.97944],[139.0786076,35.9794269],[139.0785711,35.9794032],[139.0785241,35.9793726],[139.0785058,35.9793609],[139.0786053,35.9792034],[139.078456,35.9791454],[139.0784549,35.9791454],[139.0784566,35.9791422],[139.0784469,35.9791265],[139.078535,35.979002],[139.0785802,35.9789413],[139.0787986,35.9790294],[139.0789827,35.9787556],[139.0792047,35.9788472],[139.0792196,35.9788534],[139.0792796,35.9788787],[139.0792799,35.9788788],[139.0792829,35.97888],[139.0792832,35.9788801],[139.0791618,35.9790855],[139.0791294,35.9791478],[139.0790949,35.9791305]]]},"properties":{"layer":"landuse","class_code":"202","class_label":"畑（畑、樹園地、採草地、養鶏（牛・豚）場）"}},{"type":"Feature","id":"luse_446c8a5d-a54d-42e6-a6b3-a10c3df814e5","geometry":{"type":"Polygon","coordinates":[[[139.075,35.97927745494738],[139.075,35.97890028070715],[139.0750784,35.978854],[139.0752435,35.979016],[139.0753138,35.9789786],[139.0756414,35.9793316],[139.075611,35.979342],[139.0755799,35.9793519],[139.0755795,35.979352],[139.075529,35.9793674],[139.075344,35.9791778],[139.0752401,35.9792324],[139.0751856,35.9791772],[139.0751092,35.9791003],[139.0750421,35.9790347],[139.075,35.9789933343023],[139.075,35.97900748693332],[139.0750332,35.9790402],[139.0751006,35.9791061],[139.0751771,35.979183],[139.0752328,35.9792435],[139.0752706,35.9792857],[139.0753462,35.9793692],[139.0753868,35.9794169],[139.0753862,35.9794171],[139.0753209,35.9794404],[139.0753179,35.9794415],[139.0752896,35.9794515],[139.0752666,35.9794604],[139.0750672,35.9792429],[139.075,35.97927745494738]]]},"properties":{"layer":"landuse","class_code":"202","class_label":"畑（畑、樹園地、採草地、養鶏（牛・豚）場）"}},{"type":"Feature","id":"luse_c0ac064e-2e61-4d6c-b8e1-f62a704936bd","geometry":{"type":"Polygon","coordinates":[[[139.0799307,35.9793228],[139.079971,35.979332],[139.0798543,35.9795175],[139.0795844,35.9793874],[139.0795993,35.9793631],[139.0796869,35.9792273],[139.0795467,35.9791724],[139.0795599,35.9791535],[139.0796267,35.9790596],[139.0796358,35.9790483],[139.079645,35.9790409],[139.0796522,35.9790375],[139.079661,35.979035],[139.0796633,35.9790347],[139.0796737,35.9790334],[139.0796811,35.9790337],[139.0796892,35.9790348],[139.0796896,35.9790349],[139.0797115,35.9790424],[139.0797666,35.9790622],[139.0797669,35.9790623],[139.0798423,35.9790905],[139.0797518,35.9792437],[139.0799307,35.9793228]]]},"properties":{"layer":"landuse","class_code":"202","class_label":"畑（畑、樹園地、採草地、養鶏（牛・豚）場）"}},{"type":"Feature","id":"luse_c40d9878-67dc-41ef-9f5a-58c7caaf37d8","geometry":{"type":"Polygon","coordinates":[[[139.0772668,35.9794412],[139.0772652,35.9794431],[139.0772488,35.9794617],[139.0771968,35.979529],[139.0771591,35.979577],[139.0768104,35.9792238],[139.0766813,35.9792993],[139.0763872,35.9789964],[139.0763966,35.9789899],[139.0764582,35.978952],[139.0765221,35.9789121],[139.0765296,35.9789069],[139.0765971,35.9788601],[139.0766114,35.9788523],[139.0766228,35.9788445],[139.0766276,35.9788405],[139.0769677,35.9791644],[139.0772668,35.9794412]]]},"properties":{"layer":"landuse","class_code":"202","class_label":"畑（畑、樹園地、採草地、養鶏（牛・豚）場）"}},{"type":"Feature","id":"luse_e8a6d8ea-2268-49ab-9452-03a73329721d","geometry":{"type":"Polygon","coordinates":[[[139.087004,35.9795592],[139.0869923,35.9795855],[139.0869755,35.9796054],[139.0869598,35.979615],[139.0869163,35.9796298],[139.0868868,35.97964],[139.0867879,35.9796714],[139.0867876,35.9796715],[139.0867537,35.9796882],[139.086741,35.9797001],[139.0867235,35.9797247],[139.0867166,35.9797425],[139.0867078,35.9797579],[139.0866918,35.9797706],[139.0866793,35.9797779],[139.0866088,35.9797975],[139.0866084,35.9797976],[139.0864807,35.9798212],[139.0864414,35.9798284],[139.0864048,35.979798],[139.0863488,35.9797591],[139.0863166,35.9797393],[139.086249,35.9797032],[139.086204,35.9796752],[139.0861564,35.9796454],[139.0860549,35.9795813],[139.0859968,35.9795435],[139.0865969,35.979223],[139.0867236,35.9791553],[139.087004,35.9795592]]]},"properties":{"layer":"landuse","class_code":"202","class_label":"畑（畑、樹園地、採草地、養鶏（牛・豚）場）"}},{"type":"Feature","id":"luse_de23a88f-77b9-4314-9076-35dfb4284434","geometry":{"type":"Polygon","coordinates":[[[139.0773596,35.9793982],[139.0773679,35.9794016],[139.0773738,35.9794062],[139.0773916,35.9794207],[139.0774193,35.9794412],[139.0774466,35.9794646],[139.0775008,35.9795063],[139.0775548,35.9795468],[139.077575,35.9795624],[139.0776919,35.9796535],[139.0776958,35.9796567],[139.0778091,35.9797501],[139.0777625,35.9797789],[139.0773692,35.9794193],[139.0773472,35.9793992],[139.0773491,35.9793974],[139.0773596,35.9793982]]]},"properties":{"layer":"landuse","class_code":"202","class_label":"畑（畑、樹園地、採草地、養鶏（牛・豚）場）"}},{"type":"Feature","id":"luse_e69aafec-5ee1-42fe-8364-2838681f648c","geometry":{"type":"Polygon","coordinates":[[[139.0816275,35.9794995],[139.0816377,35.9795086],[139.0816496,35.9795189],[139.0816744,35.9795405],[139.0817083,35.9795695],[139.081737,35.9795941],[139.0817886,35.9796384],[139.0818143,35.9796604],[139.0818513,35.9796919],[139.0818479,35.9796943],[139.0818331,35.9797055],[139.0818217,35.9797136],[139.0818181,35.9797163],[139.0818018,35.9797282],[139.0818001,35.9797295],[139.081796,35.9797325],[139.0817647,35.9797568],[139.0817344,35.9797797],[139.0816931,35.9798116],[139.0816821,35.9798201],[139.081647,35.9797861],[139.0815308,35.9796734],[139.0812727,35.9794669],[139.0811595,35.9793891],[139.0809947,35.979333],[139.0809211,35.9792716],[139.0809331,35.9792595],[139.0809568,35.9792351],[139.0809854,35.9792059],[139.0810001,35.979191],[139.0810024,35.9791886],[139.0810074,35.9791833],[139.0810331,35.9791568],[139.081056,35.9791331],[139.0810669,35.9791218],[139.0811194,35.9790671],[139.0811815,35.9790028],[139.0811847,35.9789994],[139.0811899,35.9789941],[139.0812253,35.9789571],[139.0812685,35.9789131],[139.0812998,35.9788811],[139.0813465,35.9788323],[139.0813706,35.9788073],[139.0813888,35.9787868],[139.081408,35.9787613],[139.0814259,35.9787321],[139.0814263,35.9787311],[139.08143,35.9787243],[139.0814398,35.9787055],[139.0814409,35.9787032],[139.0814504,35.9786858],[139.0814585,35.9786577],[139.0814722,35.9786042],[139.0814748,35.978594],[139.0814921,35.9785875],[139.081558,35.9786248],[139.0816324,35.9786808],[139.0816419,35.9786884],[139.0817128,35.9787353],[139.0817527,35.9787637],[139.0817927,35.9787922],[139.0817981,35.978796],[139.081847,35.9788303],[139.0818651,35.978843],[139.0817727,35.978904],[139.0819557,35.9790399],[139.0817796,35.9791028],[139.0817884,35.9791193],[139.0819728,35.9790536],[139.0821269,35.9791849],[139.0821273,35.9791856],[139.0821267,35.9791865],[139.0821081,35.9791975],[139.0820781,35.9792153],[139.0819694,35.9792799],[139.0819814,35.9792929],[139.0820651,35.9792432],[139.0820937,35.9792262],[139.0821385,35.9791995],[139.0822828,35.9793325],[139.082104,35.9794119],[139.082123,35.9794308],[139.0821552,35.9794629],[139.0821414,35.9794704],[139.0820995,35.9795007],[139.0820494,35.9795387],[139.0819907,35.979584],[139.0819315,35.9796293],[139.0818742,35.9796723],[139.0818718,35.9796707],[139.0816469,35.9794905],[139.0816439,35.9794879],[139.0816424,35.9794867],[139.0817898,35.9793892],[139.0815892,35.9791976],[139.0814049,35.9793181],[139.0816275,35.9794995]]]},"properties":{"layer":"landuse","class_code":"202","class_label":"畑（畑、樹園地、採草地、養鶏（牛・豚）場）"}},{"type":"Feature","id":"luse_51a60b3c-8c23-434a-8dda-c1a0b1118bd8","geometry":{"type":"Polygon","coordinates":[[[139.0782701,35.9794127],[139.0782263,35.9794876],[139.0782039,35.9795285],[139.0781972,35.9795457],[139.0781968,35.9795535],[139.0781991,35.9795619],[139.0782035,35.9795696],[139.0782087,35.9795807],[139.0782101,35.9795869],[139.0782058,35.979598],[139.0781881,35.9796249],[139.0781694,35.979649],[139.0781346,35.9797202],[139.0781128,35.9797874],[139.0780276,35.9797939],[139.0779344,35.9798106],[139.0779334,35.9798106],[139.0779301,35.9798105],[139.0779212,35.9798101],[139.0779112,35.9798057],[139.0778286,35.9797419],[139.0780014,35.9795927],[139.0779303,35.9795497],[139.0779309,35.9795493],[139.0778731,35.9794998],[139.0778288,35.9794564],[139.0779071,35.9793805],[139.0779338,35.9793999],[139.078027,35.9793099],[139.0782701,35.9794127]]]},"properties":{"layer":"landuse","class_code":"202","class_label":"畑（畑、樹園地、採草地、養鶏（牛・豚）場）"}},{"type":"Feature","id":"luse_b2f99729-0042-4051-83f9-3542e34bb2fd","geometry":{"type":"Polygon","coordinates":[[[139.0865546,35.979967],[139.0863146,35.9800343],[139.0861501,35.9797386],[139.0862187,35.979707],[139.0862362,35.9797179],[139.0863038,35.979754],[139.0863349,35.9797732],[139.0863898,35.9798112],[139.086426,35.9798415],[139.0864792,35.9798929],[139.0865546,35.979967]]]},"properties":{"layer":"landuse","class_code":"202","class_label":"畑（畑、樹園地、採草地、養鶏（牛・豚）場）"}},{"type":"Feature","id":"luse_3ca98336-8c9d-41c9-9b46-00f8e7574168","geometry":{"type":"Polygon","coordinates":[[[139.0783937,35.9801746],[139.0782742,35.9803003],[139.0780029,35.980022],[139.0780296,35.9799868],[139.078036,35.9799904],[139.0780364,35.9799905],[139.0780621,35.9799493],[139.0780909,35.9799091],[139.0781057,35.9798804],[139.0781218,35.9798428],[139.078269,35.9799155],[139.0782933,35.9798317],[139.0784314,35.9796284],[139.0786045,35.9796925],[139.0785878,35.9797153],[139.078742,35.9797868],[139.0786563,35.9799198],[139.0787078,35.9799354],[139.0784939,35.9801733],[139.0784935,35.9801733],[139.0784783,35.9801747],[139.0784779,35.9801748],[139.0784637,35.9801772],[139.0784491,35.9801769],[139.0784292,35.9801725],[139.0784288,35.9801724],[139.0784041,35.9801636],[139.0783801,35.980155],[139.0783734,35.9801674],[139.0783937,35.9801746]]]},"properties":{"layer":"landuse","class_code":"202","class_label":"畑（畑、樹園地、採草地、養鶏（牛・豚）場）"}},{"type":"Feature","id":"luse_1d1f25be-a17d-4fb5-9417-a03431a1b4db","geometry":{"type":"Polygon","coordinates":[[[139.0827415,35.9804487],[139.082621,35.9802839],[139.0825103,35.980329],[139.0823942,35.9801928],[139.0828088,35.9800294],[139.0828448,35.9800533],[139.082866,35.9800767],[139.0829117,35.9801197],[139.0829152,35.9801231],[139.0829442,35.9801504],[139.08296,35.9801671],[139.0829719,35.980185],[139.0829812,35.9802022],[139.0829938,35.9802291],[139.0829988,35.9802453],[139.0830033,35.9802615],[139.0830068,35.9802701],[139.0830099,35.9802751],[139.0827415,35.9804487]]]},"properties":{"layer":"landuse","class_code":"202","class_label":"畑（畑、樹園地、採草地、養鶏（牛・豚）場）"}},{"type":"Feature","id":"luse_c22517c3-75d3-4438-9bbb-8e91619eb7e3","geometry":{"type":"Polygon","coordinates":[[[139.0761359,35.980229],[139.076056,35.9802817],[139.0758809,35.9803973],[139.0758411,35.9804234],[139.0757885,35.980421],[139.0756928,35.9803441],[139.0755608,35.9802389],[139.0754662,35.9801634],[139.0754174,35.9801241],[139.0753423,35.9800653],[139.075421,35.9800344],[139.0754312,35.9800304],[139.0755636,35.9799672],[139.07559,35.9799918],[139.0756883,35.980104],[139.0757188,35.9800952],[139.0761353,35.9798646],[139.0761568,35.9798508],[139.0761952,35.97989],[139.0762355,35.9799339],[139.076225,35.9799403],[139.0762371,35.9799531],[139.0762473,35.9799468],[139.0763363,35.9800439],[139.0762936,35.980089],[139.0762272,35.9801348],[139.0762435,35.9801519],[139.0761359,35.980229]]]},"properties":{"layer":"landuse","class_code":"202","class_label":"畑（畑、樹園地、採草地、養鶏（牛・豚）場）"}},{"type":"Feature","id":"luse_10ea9c63-6605-4c99-9f5a-2355c352b134","geometry":{"type":"Polygon","coordinates":[[[139.0809987,35.9803359],[139.0808153,35.9802024],[139.0804966,35.9801565],[139.080441,35.9803164],[139.0805832,35.9804279],[139.0804459,35.9805511],[139.0803523,35.9805123],[139.0803237,35.9805599],[139.0801385,35.9805339],[139.0802832,35.9801265],[139.0803609,35.9798561],[139.0802362,35.9798074],[139.0802436,35.9797984],[139.080249,35.9797926],[139.0802588,35.9797804],[139.0802789,35.979755],[139.0802889,35.9797433],[139.0803008,35.9797267],[139.0803115,35.9797101],[139.0803218,35.9796932],[139.08033,35.9796829],[139.0803321,35.9796811],[139.0803484,35.9796666],[139.0803608,35.9796577],[139.0803966,35.9796456],[139.0804191,35.9796383],[139.0804195,35.9796382],[139.080467,35.9796326],[139.0804674,35.9796326],[139.0805074,35.9796305],[139.0805077,35.9796305],[139.0805366,35.9796282],[139.0805411,35.9796276],[139.0805633,35.9796248],[139.0805802,35.9796202],[139.080603,35.9796131],[139.0806086,35.9796102],[139.0806151,35.9796068],[139.0806265,35.9796002],[139.0806438,35.9795849],[139.0806714,35.9795597],[139.0806897,35.9795406],[139.0807162,35.979533],[139.0807422,35.9795356],[139.0807501,35.9795431],[139.0807641,35.9795552],[139.0807811,35.9795705],[139.0808201,35.9796049],[139.0808778,35.9796558],[139.0808936,35.979671],[139.080959,35.9797336],[139.0809648,35.9797391],[139.080968,35.9797425],[139.0809763,35.9797512],[139.0809108,35.9797833],[139.0809104,35.9798271],[139.0808751,35.9798441],[139.0807318,35.9798546],[139.0807138,35.9800148],[139.0809249,35.9800371],[139.0810565,35.9800466],[139.081056,35.9800512],[139.0810531,35.9800654],[139.0810429,35.9801125],[139.0810369,35.9801412],[139.0810359,35.9801467],[139.0810318,35.980166],[139.0810231,35.9802125],[139.0810173,35.9802387],[139.0810123,35.980268],[139.081004,35.9803107],[139.0810028,35.9803168],[139.0810025,35.9803173],[139.0809987,35.9803359]]]},"properties":{"layer":"landuse","class_code":"202","class_label":"畑（畑、樹園地、採草地、養鶏（牛・豚）場）"}},{"type":"Feature","id":"luse_cea7d493-8e60-414e-9a6b-6f8662de15fc","geometry":{"type":"Polygon","coordinates":[[[139.0798495,35.9805314],[139.0798327,35.9805453],[139.0798143,35.9805576],[139.0797954,35.9805704],[139.0797564,35.980602],[139.079734,35.9806148],[139.0797154,35.9806227],[139.0796943,35.9806324],[139.0796654,35.9806484],[139.0795907,35.9806859],[139.0795753,35.9806992],[139.079563,35.9807103],[139.0795461,35.9807194],[139.079532,35.980729],[139.0795173,35.9807397],[139.0794991,35.9807493],[139.0794787,35.9807601],[139.0794641,35.9807667],[139.0794489,35.980777],[139.0794173,35.9807973],[139.0793897,35.9808066],[139.0793176,35.9808769],[139.0793087,35.9808855],[139.0793092,35.9808889],[139.0793092,35.9808952],[139.0793079,35.9809003],[139.0793048,35.9809072],[139.0792849,35.9809389],[139.0792839,35.9809403],[139.0792523,35.9809214],[139.0792498,35.9809198],[139.0792453,35.9809137],[139.0792428,35.9809076],[139.0792417,35.9809013],[139.0792411,35.9808979],[139.0792403,35.9808868],[139.0792416,35.9808695],[139.0792402,35.9808501],[139.0792392,35.9808264],[139.0792349,35.9808084],[139.0792257,35.9807869],[139.0792108,35.9807616],[139.0792014,35.9807477],[139.0791919,35.9807355],[139.0791791,35.9807207],[139.0791667,35.9807107],[139.0791531,35.9807006],[139.0791317,35.9806865],[139.0791105,35.9806728],[139.0790507,35.9806344],[139.0792489,35.9804207],[139.0793561,35.9803124],[139.0795065,35.9801135],[139.0795663,35.9800231],[139.0796518,35.9800566],[139.0797253,35.9800854],[139.0796221,35.9802452],[139.0797604,35.9803008],[139.0796656,35.9804281],[139.0797988,35.9805029],[139.0798495,35.9805314]]]},"properties":{"layer":"landuse","class_code":"202","class_label":"畑（畑、樹園地、採草地、養鶏（牛・豚）場）"}},{"type":"Feature","id":"luse_1bb1a931-0a7d-4fca-b7e3-0f283888a7a0","geometry":{"type":"Polygon","coordinates":[[[139.0826789,35.9809151],[139.0824852,35.9810268],[139.082437,35.9809785],[139.082429,35.9809745],[139.0824016,35.9809465],[139.0824008,35.9809455],[139.0824034,35.9809385],[139.0824042,35.9809378],[139.0825846,35.980822],[139.0826789,35.9809151]]]},"properties":{"layer":"landuse","class_code":"202","class_label":"畑（畑、樹園地、採草地、養鶏（牛・豚）場）"}},{"type":"Feature","id":"luse_237f4a0d-967a-4c85-809b-560d09149db8","geometry":{"type":"Polygon","coordinates":[[[139.0791099,35.9810981],[139.0791075,35.9810995],[139.079105,35.981101],[139.0790757,35.9810671],[139.0790522,35.9810398],[139.0788276,35.9808158],[139.0787208,35.9807152],[139.0789088,35.9805632],[139.078995,35.9806208],[139.078997,35.980624],[139.0789974,35.9806265],[139.078996,35.9806289],[139.0789062,35.9807097],[139.0788852,35.9807284],[139.0788741,35.9807391],[139.0788636,35.9807519],[139.0788563,35.9807657],[139.0788518,35.9807778],[139.0788486,35.9807892],[139.0788482,35.9807961],[139.0788482,35.9807973],[139.0788635,35.9807976],[139.0788639,35.9807975],[139.0788641,35.9807908],[139.0788668,35.9807812],[139.0788709,35.98077],[139.0788774,35.9807581],[139.0788866,35.9807467],[139.078897,35.9807367],[139.0789178,35.9807182],[139.0790076,35.9806374],[139.0790122,35.9806342],[139.0790141,35.9806339],[139.079016,35.9806348],[139.0790294,35.9806438],[139.0790469,35.9806552],[139.0791176,35.9807007],[139.0791386,35.9807143],[139.0791513,35.9807237],[139.079162,35.9807324],[139.0791733,35.9807456],[139.0791822,35.9807569],[139.0791909,35.9807699],[139.0792052,35.9807937],[139.0792134,35.9808131],[139.079217,35.9808284],[139.079218,35.980851],[139.0792193,35.9808695],[139.079218,35.9808857],[139.0792186,35.9808982],[139.0792198,35.9809067],[139.0792225,35.9809142],[139.0792255,35.980921],[139.0792291,35.9809265],[139.0792313,35.9809287],[139.0792396,35.9809342],[139.079273,35.9809543],[139.0792664,35.9809629],[139.0792624,35.9809671],[139.0792597,35.9809699],[139.0792351,35.9809571],[139.0792253,35.980952],[139.0791948,35.981006],[139.0791889,35.9810123],[139.0791869,35.9810169],[139.0791826,35.9810285],[139.0791794,35.9810431],[139.0791759,35.981051],[139.079167,35.9810717],[139.0791607,35.9810782],[139.0791487,35.9810892],[139.0791401,35.9810935],[139.0791304,35.9810947],[139.0791219,35.9810931],[139.0791187,35.9810925],[139.0791099,35.9810981]]]},"properties":{"layer":"landuse","class_code":"202","class_label":"畑（畑、樹園地、採草地、養鶏（牛・豚）場）"}},{"type":"Feature","id":"luse_43affb73-8954-4710-9dda-8d913ea45e89","geometry":{"type":"Polygon","coordinates":[[[139.0808592,35.9810414],[139.0808591,35.9810421],[139.080855,35.9810638],[139.0808516,35.9810813],[139.0808468,35.9811064],[139.080843,35.9811264],[139.0808404,35.981139],[139.0808371,35.981153],[139.0808109,35.9811671],[139.0806212,35.9811751],[139.0806013,35.981159],[139.0805965,35.981039],[139.0805513,35.9810396],[139.0805562,35.9811316],[139.0802934,35.981141],[139.0804932,35.9809607],[139.0806548,35.9808522],[139.0808449,35.9807551],[139.0808575,35.980707],[139.0809316,35.9806835],[139.0809205,35.9807379],[139.0809142,35.9807684],[139.080904,35.9808199],[139.0809006,35.980838],[139.0808972,35.9808566],[139.0808966,35.9808598],[139.0808965,35.9808604],[139.0808931,35.980876],[139.0808888,35.9808979],[139.0808824,35.9809327],[139.08088,35.980942],[139.0808778,35.9809511],[139.0808713,35.9809842],[139.0808685,35.9810001],[139.080868,35.9810028],[139.0808679,35.9810035],[139.0808642,35.9810151],[139.08086,35.981037],[139.0808592,35.9810414]]]},"properties":{"layer":"landuse","class_code":"202","class_label":"畑（畑、樹園地、採草地、養鶏（牛・豚）場）"}},{"type":"Feature","id":"luse_d08c4606-d9bb-4415-b596-ecd6fc46e065","geometry":{"type":"Polygon","coordinates":[[[139.0750642,35.9811728],[139.0754572,35.9809963],[139.0755912,35.9809403],[139.0757935,35.9812137],[139.0756312,35.9812858],[139.0754962,35.9813661],[139.0752386,35.9814768],[139.0751269,35.9813179],[139.0751579,35.9813041],[139.0750642,35.9811728]]]},"properties":{"layer":"landuse","class_code":"202","class_label":"畑（畑、樹園地、採草地、養鶏（牛・豚）場）"}},{"type":"Feature","id":"luse_d33f3d83-6d35-4e8a-9e94-f05515c736f1","geometry":{"type":"Polygon","coordinates":[[[139.075,35.98108329732063],[139.0750642,35.9811728],[139.075,35.981203899716725],[139.075,35.98108329732063]]]},"properties":{"layer":"landuse","class_code":"202","class_label":"畑（畑、樹園地、採草地、養鶏（牛・豚）場）"}},{"type":"Feature","id":"luse_5c7502ba-0eec-425f-a39d-a84d6b123878","geometry":{"type":"Polygon","coordinates":[[[139.0839434,35.981116],[139.0839206,35.9811264],[139.0838769,35.9811456],[139.0838378,35.9811627],[139.083779,35.9811882],[139.0837786,35.9811883],[139.0837554,35.9811991],[139.0837117,35.9812241],[139.0836989,35.9812315],[139.0836744,35.9812456],[139.0836455,35.9812609],[139.0836182,35.9812803],[139.0835903,35.9812994],[139.0835592,35.9813195],[139.0835383,35.9813322],[139.0834764,35.981368],[139.0834427,35.9813872],[139.0833979,35.9814122],[139.0833709,35.9814276],[139.0833458,35.9814388],[139.083345,35.9814391],[139.083283,35.9814653],[139.0832198,35.9814888],[139.0832025,35.9814945],[139.0831835,35.9815049],[139.0831245,35.9815363],[139.0830709,35.9815677],[139.0829993,35.9816133],[139.082963,35.9816276],[139.0829595,35.9816237],[139.0829544,35.9816183],[139.0829193,35.9815678],[139.0828495,35.9814696],[139.0828462,35.981465],[139.0830105,35.9813796],[139.0831106,35.9812574],[139.0831363,35.9812204],[139.0832244,35.9811159],[139.0831164,35.9809848],[139.0834811,35.9807794],[139.0833735,35.980635],[139.0832681,35.980698],[139.0831836,35.9806301],[139.0830863,35.9806893],[139.08295,35.9805775],[139.0829636,35.980568],[139.0829803,35.9805578],[139.0830259,35.9805271],[139.0830633,35.9805008],[139.0830976,35.9804746],[139.0831182,35.9804589],[139.0831387,35.9804404],[139.0831437,35.9804357],[139.0832331,35.9805087],[139.0833604,35.9804328],[139.0834788,35.980572],[139.0836014,35.9807307],[139.0835204,35.9808599],[139.0834254,35.9809738],[139.0834453,35.9810044],[139.0835613,35.9809771],[139.0836876,35.9809547],[139.0837529,35.9809546],[139.0837973,35.9809649],[139.0838756,35.9810214],[139.0839262,35.981092],[139.0839434,35.981116]]]},"properties":{"layer":"landuse","class_code":"202","class_label":"畑（畑、樹園地、採草地、養鶏（牛・豚）場）"}},{"type":"Feature","id":"luse_5bf8d9ea-cef1-40cc-87c9-28601388548e","geometry":{"type":"Polygon","coordinates":[[[139.0775243,35.9814558],[139.0775681,35.9815125],[139.0774103,35.9815952],[139.0773444,35.9816451],[139.077338,35.9816403],[139.0773073,35.9816175],[139.0772975,35.9816102],[139.0772488,35.9815739],[139.0772396,35.981567],[139.0771616,35.9815088],[139.0772945,35.9813883],[139.0772581,35.9813342],[139.0773982,35.9812723],[139.0775243,35.9814558]]]},"properties":{"layer":"landuse","class_code":"202","class_label":"畑（畑、樹園地、採草地、養鶏（牛・豚）場）"}},{"type":"Feature","id":"luse_12a26908-6004-4b2f-b45e-0c7bd8e2908e","geometry":{"type":"Polygon","coordinates":[[[139.0867771,35.9814003],[139.0867823,35.9815267],[139.0867886,35.9816119],[139.0868046,35.9817213],[139.0868059,35.9817273],[139.0865472,35.9817655],[139.0864963,35.981581],[139.0864676,35.9814158],[139.0867708,35.9813308],[139.0867771,35.9814003]]]},"properties":{"layer":"landuse","class_code":"202","class_label":"畑（畑、樹園地、採草地、養鶏（牛・豚）場）"}},{"type":"Feature","id":"luse_ec4e3055-af14-4210-8a30-cdc880796a72","geometry":{"type":"Polygon","coordinates":[[[139.0799036,35.9816235],[139.0799111,35.9816709],[139.0796903,35.9816915],[139.0796689,35.9817233],[139.0795897,35.9816106],[139.0795874,35.9816072],[139.0796288,35.9815937],[139.0795813,35.9815191],[139.079871,35.9814504],[139.0799036,35.9816235]]]},"properties":{"layer":"landuse","class_code":"202","class_label":"畑（畑、樹園地、採草地、養鶏（牛・豚）場）"}},{"type":"Feature","id":"luse_150060f0-21be-4b54-9e6f-e867d4b95738","geometry":{"type":"Polygon","coordinates":[[[139.0823697,35.9814755],[139.0823442,35.9814885],[139.0823644,35.9815447],[139.0819455,35.9817723],[139.0817462,35.9815644],[139.081694,35.9815061],[139.0815784,35.9813927],[139.0815941,35.9813828],[139.0816142,35.9813709],[139.0816329,35.9813593],[139.0816502,35.9813487],[139.0816766,35.9813325],[139.0817014,35.9813175],[139.0817207,35.9813062],[139.0817484,35.9812891],[139.0817755,35.9812722],[139.0818009,35.9812565],[139.0818377,35.9812336],[139.081867,35.9812163],[139.0818926,35.9812003],[139.0819293,35.9811786],[139.0819721,35.9811509],[139.0819816,35.981145],[139.0820239,35.981118],[139.0820353,35.981111],[139.0823697,35.9814755]]]},"properties":{"layer":"landuse","class_code":"202","class_label":"畑（畑、樹園地、採草地、養鶏（牛・豚）場）"}},{"type":"Feature","id":"luse_8c2415db-3a10-449f-be51-c18464aef5a4","geometry":{"type":"Polygon","coordinates":[[[139.0770945,35.9815807],[139.0769594,35.9816554],[139.0768509,35.9817124],[139.0767971,35.9817331],[139.0767888,35.9817364],[139.0767765,35.9817415],[139.0766878,35.9816274],[139.0769465,35.981469],[139.0770945,35.9815807]]]},"properties":{"layer":"landuse","class_code":"202","class_label":"畑（畑、樹園地、採草地、養鶏（牛・豚）場）"}},{"type":"Feature","id":"luse_c52e383f-5b0c-4250-afd7-ced2fd42bf4b","geometry":{"type":"Polygon","coordinates":[[[139.0806743,35.9817826],[139.0806595,35.9817837],[139.0806592,35.9817837],[139.0806536,35.9817842],[139.0805396,35.9817927],[139.080377,35.981804],[139.0803766,35.9818041],[139.0803748,35.9818042],[139.0803728,35.9818043],[139.0803602,35.9818053],[139.0803592,35.9817924],[139.0803561,35.9817564],[139.0803527,35.9817136],[139.0803501,35.9816926],[139.080346,35.9816709],[139.0803401,35.9816363],[139.0803384,35.9816237],[139.0803375,35.9816184],[139.0803295,35.981576],[139.0803259,35.9815542],[139.0803171,35.9815179],[139.0803065,35.9814505],[139.0802966,35.9813808],[139.080535,35.9813698],[139.0805621,35.9812175],[139.0808161,35.981203],[139.080826,35.9812107],[139.080825,35.9812148],[139.0808241,35.9812183],[139.0808158,35.9812594],[139.0808133,35.981273],[139.0808061,35.981307],[139.0808018,35.9813292],[139.0807891,35.9813958],[139.0807881,35.9814007],[139.0807875,35.9814036],[139.0807795,35.9814423],[139.0807763,35.9814644],[139.0807609,35.9814759],[139.0804193,35.9815004],[139.0804184,35.9815341],[139.0807555,35.9815143],[139.0807636,35.981527],[139.0807597,35.981546],[139.0807563,35.9815652],[139.0807555,35.98157],[139.0807543,35.9815763],[139.0807462,35.9816146],[139.0807339,35.9816776],[139.0807314,35.9816933],[139.0807266,35.9817219],[139.0807214,35.9817451],[139.0807204,35.9817496],[139.0807172,35.9817625],[139.0806983,35.9817804],[139.0806979,35.9817804],[139.0806743,35.9817826]]]},"properties":{"layer":"landuse","class_code":"202","class_label":"畑（畑、樹園地、採草地、養鶏（牛・豚）場）"}},{"type":"Feature","id":"luse_ba80e7b0-926a-441b-abe0-31158c97f6e6","geometry":{"type":"Polygon","coordinates":[[[139.07512,35.9817009],[139.0751209,35.9817021],[139.0751246,35.9817077],[139.0750937,35.9817216],[139.075,35.98175800261324],[139.075,35.98155733046809],[139.0750184,35.9815499],[139.0751345,35.9817033],[139.0751316,35.9817045],[139.0751282,35.9816991],[139.0751275,35.9816979],[139.07512,35.9817009]]]},"properties":{"layer":"landuse","class_code":"202","class_label":"畑（畑、樹園地、採草地、養鶏（牛・豚）場）"}},{"type":"Feature","id":"luse_23b02479-de7e-4101-b6ba-49693e40e368","geometry":{"type":"Polygon","coordinates":[[[139.0791385,35.9817927],[139.0790446,35.9818361],[139.078925,35.9817286],[139.0788163,35.9817419],[139.0788164,35.9817416],[139.0788183,35.9817349],[139.0788456,35.9816803],[139.0788316,35.9816769],[139.0788362,35.9816661],[139.0788189,35.9816618],[139.0788165,35.9816598],[139.0788136,35.9816572],[139.0788096,35.9816457],[139.0788026,35.9816374],[139.078798,35.9816315],[139.0787981,35.9816209],[139.0788005,35.9816145],[139.0788068,35.981597],[139.0788506,35.9814919],[139.0788703,35.9814209],[139.078875,35.9814111],[139.0788746,35.9813977],[139.078874,35.9813921],[139.0788756,35.9813869],[139.0788773,35.9813801],[139.0788848,35.9813706],[139.078891,35.9813634],[139.0788972,35.9813565],[139.0789025,35.9813445],[139.0789311,35.9812963],[139.0789504,35.9812685],[139.0789572,35.9812583],[139.0789666,35.9812486],[139.0790089,35.9812112],[139.0790166,35.9812017],[139.079021,35.9811972],[139.0790297,35.9811929],[139.079038,35.9811921],[139.079046,35.9811932],[139.0790561,35.9811938],[139.0790634,35.9811918],[139.0790725,35.9811859],[139.0790863,35.9811757],[139.0790894,35.9811732],[139.0790905,35.9811729],[139.0791183,35.9811997],[139.0791085,35.9812056],[139.0790991,35.981217],[139.0790864,35.9812306],[139.0790803,35.9812507],[139.0790769,35.9812623],[139.0790782,35.9812815],[139.0790818,35.9813194],[139.0790895,35.9813777],[139.0791011,35.9814631],[139.0791026,35.9814693],[139.0791067,35.981477],[139.0791129,35.9814845],[139.0791209,35.9814954],[139.079124,35.981499],[139.0791302,35.981504],[139.0791526,35.9815188],[139.0791832,35.9815383],[139.0791937,35.981545],[139.0792462,35.981582],[139.0792561,35.9815895],[139.0793185,35.9816403],[139.0793434,35.9816598],[139.0793553,35.9816679],[139.0793581,35.9816711],[139.0793621,35.9816753],[139.0791385,35.9817927]]]},"properties":{"layer":"landuse","class_code":"202","class_label":"畑（畑、樹園地、採草地、養鶏（牛・豚）場）"}},{"type":"Feature","id":"luse_22dfdd6b-0fb7-40e7-b0e4-f6764c65ec75","geometry":{"type":"Polygon","coordinates":[[[139.0781972,35.9813199],[139.0782716,35.9813402],[139.0783707,35.9813492],[139.0783766,35.9813568],[139.0783784,35.9813582],[139.0783839,35.9813597],[139.0784344,35.9813723],[139.0784515,35.981377],[139.0787515,35.9814585],[139.0787562,35.9814604],[139.0787589,35.9814624],[139.0787609,35.9814658],[139.0787637,35.9814733],[139.0787634,35.9814816],[139.0787441,35.9815282],[139.0787217,35.981583],[139.0787137,35.9815976],[139.0787048,35.9816108],[139.0786997,35.9816171],[139.0786801,35.9816374],[139.0786295,35.9816776],[139.0785933,35.9817094],[139.0785823,35.9817205],[139.0785686,35.981737],[139.0785507,35.9817642],[139.0784978,35.9818735],[139.0784887,35.9818915],[139.0782683,35.9818266],[139.0782742,35.9818152],[139.0783859,35.9815798],[139.0779838,35.9814715],[139.077986,35.9814607],[139.0779909,35.9814367],[139.0779928,35.9814281],[139.0780006,35.9813962],[139.0780082,35.9813635],[139.0780099,35.9813571],[139.0780134,35.9813436],[139.0780167,35.9813317],[139.0780218,35.9813112],[139.0780265,35.9812927],[139.0780283,35.9812859],[139.0780295,35.9812825],[139.0780319,35.981276],[139.0780357,35.9812692],[139.0781972,35.9813199]]]},"properties":{"layer":"landuse","class_code":"202","class_label":"畑（畑、樹園地、採草地、養鶏（牛・豚）場）"}},{"type":"Feature","id":"luse_c0d5f7f5-b40d-42f0-a162-164b3f79117c","geometry":{"type":"Polygon","coordinates":[[[139.0809533,35.9819461],[139.0810277,35.9820529],[139.0807284,35.9821604],[139.0807042,35.9821536],[139.0807103,35.982125],[139.0807173,35.9820892],[139.0807211,35.9820731],[139.0807327,35.9820166],[139.0807445,35.9819558],[139.0807447,35.9819544],[139.0807455,35.9819503],[139.0807461,35.9819472],[139.0807512,35.9819214],[139.0807522,35.9819159],[139.0807536,35.9819079],[139.0807592,35.981879],[139.0807648,35.9818621],[139.0807669,35.9818548],[139.0807706,35.9818476],[139.0807943,35.9818265],[139.0808095,35.9818185],[139.0808465,35.9817968],[139.0809533,35.9819461]]]},"properties":{"layer":"landuse","class_code":"202","class_label":"畑（畑、樹園地、採草地、養鶏（牛・豚）場）"}},{"type":"Feature","id":"luse_c2c16ff7-f240-4435-8982-31b0fb079558","geometry":{"type":"Polygon","coordinates":[[[139.0767287,35.9822902],[139.07642,35.9824904],[139.0763948,35.9825095],[139.0763799,35.9824931],[139.0762266,35.9823258],[139.0762055,35.9823029],[139.0761841,35.9822743],[139.0761962,35.9822528],[139.0763699,35.9821339],[139.0763775,35.9821286],[139.0765031,35.9820427],[139.0765107,35.9820375],[139.0765522,35.9820091],[139.0765966,35.9820566],[139.0767804,35.9819644],[139.0767919,35.9819585],[139.0768024,35.9819531],[139.0769695,35.9821494],[139.0771325,35.9820473],[139.077345,35.9819294],[139.0774734,35.9820445],[139.0772804,35.9821821],[139.0772724,35.9821741],[139.077268,35.9821763],[139.0772298,35.9821402],[139.0772237,35.9821446],[139.0772159,35.9821369],[139.0771831,35.9821584],[139.0771919,35.9821672],[139.077025,35.9822707],[139.0769288,35.9821669],[139.0767287,35.9822902]]]},"properties":{"layer":"landuse","class_code":"202","class_label":"畑（畑、樹園地、採草地、養鶏（牛・豚）場）"}},{"type":"Feature","id":"luse_d453ecbe-f2e5-4fc2-a58f-6bcf95e966ea","geometry":{"type":"Polygon","coordinates":[[[139.0800658,35.982498],[139.0801105,35.9826365],[139.0800972,35.9826363],[139.0800651,35.982553],[139.0799216,35.9822493],[139.0798889,35.9821927],[139.0797269,35.9819132],[139.0797279,35.9818985],[139.0797576,35.9818971],[139.0797773,35.9818956],[139.0798322,35.9818917],[139.0798404,35.9818911],[139.0798439,35.9818908],[139.0798443,35.9818908],[139.0798553,35.9818901],[139.0798926,35.9818876],[139.0799767,35.982177],[139.0800185,35.9823284],[139.0800598,35.9824764],[139.0800658,35.982498]]]},"properties":{"layer":"landuse","class_code":"202","class_label":"畑（畑、樹園地、採草地、養鶏（牛・豚）場）"}},{"type":"Feature","id":"luse_2d7df749-8503-4afd-9445-4cd8604e1147","geometry":{"type":"Polygon","coordinates":[[[139.0788719,35.9824031],[139.0788755,35.9824661],[139.0788829,35.9825341],[139.0788855,35.982565],[139.0788775,35.9825894],[139.0788758,35.9826265],[139.0788712,35.9826503],[139.0788617,35.9826796],[139.0788517,35.9826726],[139.0788474,35.9826696],[139.0788499,35.9826609],[139.0788511,35.9826567],[139.0788547,35.9826419],[139.078857,35.9826327],[139.0788592,35.9826178],[139.0788616,35.9826014],[139.0788615,35.982591],[139.0788544,35.9825866],[139.0788506,35.9825841],[139.0788483,35.9825797],[139.0788463,35.9825741],[139.0788453,35.982569],[139.0788466,35.9825597],[139.0788468,35.9825442],[139.0788461,35.9825218],[139.0788482,35.9825084],[139.0788502,35.9824966],[139.0788486,35.9824759],[139.078848,35.9824725],[139.0788491,35.9824643],[139.0788519,35.9824618],[139.0788526,35.9824614],[139.0788508,35.9824422],[139.078849,35.9824216],[139.0788484,35.9824177],[139.0788492,35.9823964],[139.07885,35.9823754],[139.0788461,35.9823759],[139.078836,35.9823771],[139.0788351,35.9823713],[139.0788335,35.9823701],[139.0788257,35.9823691],[139.0788185,35.9823698],[139.0788127,35.9823698],[139.0788086,35.9823686],[139.0788051,35.9823655],[139.0788013,35.9823604],[139.0787978,35.9823531],[139.0787814,35.9823015],[139.0787615,35.9822287],[139.0787334,35.982125],[139.0787196,35.982066],[139.0787162,35.9820449],[139.0787961,35.9820404],[139.0788977,35.9820346],[139.0790762,35.982006],[139.0790871,35.9820043],[139.0790026,35.982111],[139.0789606,35.9821659],[139.0789583,35.9821712],[139.0789619,35.9821724],[139.0789455,35.9822086],[139.0789203,35.9822603],[139.0788746,35.9823653],[139.0788719,35.9824031]]]},"properties":{"layer":"landuse","class_code":"202","class_label":"畑（畑、樹園地、採草地、養鶏（牛・豚）場）"}},{"type":"Feature","id":"luse_5c302150-c0e1-428d-919c-dd9057955073","geometry":{"type":"Polygon","coordinates":[[[139.0828794,35.98162],[139.0828977,35.9816447],[139.0829019,35.9816501],[139.082906,35.9816553],[139.0829344,35.9816956],[139.0829716,35.9817505],[139.0830204,35.9818186],[139.0830347,35.9818373],[139.083038,35.9818418],[139.0830384,35.9818423],[139.083059,35.9818712],[139.0830933,35.9819209],[139.0828021,35.9820753],[139.0825866,35.9822151],[139.0826946,35.9823488],[139.08263,35.9823838],[139.082574,35.9824142],[139.082523,35.9824417],[139.0824952,35.9824577],[139.0824463,35.9824859],[139.0824253,35.982498],[139.0824152,35.9825038],[139.0824119,35.9825057],[139.0823937,35.9825166],[139.082299,35.9825722],[139.0822871,35.9825798],[139.0822048,35.9826275],[139.0821137,35.9826803],[139.0820325,35.9827276],[139.0819834,35.9826667],[139.0819565,35.9826335],[139.0819524,35.9826284],[139.0818611,35.9825152],[139.0818816,35.9825038],[139.0821218,35.9823703],[139.0820369,35.9822532],[139.081961,35.9821484],[139.0819829,35.9821349],[139.0819895,35.9821309],[139.0819978,35.9821257],[139.082014,35.9821156],[139.0820359,35.9821032],[139.0820621,35.9820884],[139.0820861,35.9820742],[139.082113,35.9820589],[139.0821316,35.9820482],[139.0821508,35.9820372],[139.0821639,35.9820291],[139.0821779,35.982022],[139.0821789,35.9820215],[139.0822001,35.9820099],[139.0822218,35.981998],[139.0822436,35.9819861],[139.0822585,35.9819773],[139.0822929,35.981958],[139.0823021,35.9819522],[139.0823204,35.981941],[139.0823426,35.9819271],[139.0823643,35.9819135],[139.0823971,35.9818931],[139.0824175,35.9818801],[139.0824369,35.9818671],[139.0824591,35.9818532],[139.0824751,35.981842],[139.0824792,35.9818393],[139.0824853,35.9818345],[139.0824999,35.9818264],[139.0825305,35.9818091],[139.0825471,35.9818],[139.0825593,35.9817928],[139.0826126,35.9817649],[139.0826388,35.9817496],[139.0826444,35.9817463],[139.0826622,35.9817359],[139.0827059,35.9817117],[139.0827265,35.9816996],[139.0827542,35.9816837],[139.0828,35.9816562],[139.0828433,35.9816311],[139.0828663,35.9816177],[139.0828727,35.9816147],[139.0828745,35.9816136],[139.0828749,35.9816135],[139.0828794,35.98162]]]},"properties":{"layer":"landuse","class_code":"202","class_label":"畑（畑、樹園地、採草地、養鶏（牛・豚）場）"}},{"type":"Feature","id":"luse_aa727312-56f8-4f3a-8e39-40ad445433d9","geometry":{"type":"Polygon","coordinates":[[[139.0825436,35.9827388],[139.0821988,35.9829336],[139.0821728,35.9829015],[139.0821234,35.982841],[139.0821082,35.9828228],[139.0821063,35.9828205],[139.0821023,35.9828157],[139.0820864,35.9827967],[139.082043,35.9827407],[139.082058,35.982732],[139.0821773,35.9826623],[139.0822363,35.9826282],[139.0822753,35.9826055],[139.082384,35.982543],[139.0825436,35.9827388]]]},"properties":{"layer":"landuse","class_code":"202","class_label":"畑（畑、樹園地、採草地、養鶏（牛・豚）場）"}},{"type":"Feature","id":"luse_acaab15b-ff97-40b3-9598-cf06f58300af","geometry":{"type":"Polygon","coordinates":[[[139.0818827,35.9826357],[139.0819063,35.9826648],[139.0819113,35.9826708],[139.0819477,35.9827158],[139.0819739,35.9827486],[139.0819655,35.9827565],[139.0819584,35.9827631],[139.0819529,35.982767],[139.0819467,35.9827709],[139.0819232,35.9827847],[139.0819095,35.9827929],[139.0818877,35.9828039],[139.0818553,35.9828213],[139.081846,35.9828263],[139.0818146,35.9828428],[139.081782,35.9828589],[139.0817646,35.9828669],[139.0817388,35.982878],[139.0817159,35.9828873],[139.0816824,35.9829001],[139.0816625,35.9829078],[139.0816427,35.9829151],[139.0816286,35.9829198],[139.0816033,35.9829283],[139.0815664,35.9829403],[139.0815494,35.9829456],[139.0815334,35.9829508],[139.0815138,35.9829568],[139.0815093,35.9829582],[139.0813878,35.9827558],[139.0814673,35.9827241],[139.0815586,35.9826984],[139.0816116,35.9826761],[139.0818156,35.9825536],[139.0818827,35.9826357]]]},"properties":{"layer":"landuse","class_code":"202","class_label":"畑（畑、樹園地、採草地、養鶏（牛・豚）場）"}},{"type":"Feature","id":"luse_243becdd-e74a-485a-a768-f2b231d02143","geometry":{"type":"Polygon","coordinates":[[[139.0751223,35.9827375],[139.0751475,35.9827998],[139.0751643,35.9828425],[139.0751544,35.9828718],[139.0751336,35.982884],[139.0750377,35.9829471],[139.075,35.98297214420804],[139.075,35.98260511182796],[139.0750196,35.9825941],[139.0750676,35.9825853],[139.075068,35.9825853],[139.0750774,35.9826187],[139.0750891,35.9826174],[139.0750895,35.9826175],[139.0751223,35.9827375]]]},"properties":{"layer":"landuse","class_code":"202","class_label":"畑（畑、樹園地、採草地、養鶏（牛・豚）場）"}},{"type":"Feature","id":"luse_b0883e77-691f-4ee2-851f-83d6c24a56e1","geometry":{"type":"Polygon","coordinates":[[[139.083354,35.9829688],[139.0830904,35.9831046],[139.0831181,35.9831534],[139.08294,35.9832485],[139.0829268,35.9832317],[139.0828565,35.9831425],[139.0828261,35.9831037],[139.0828287,35.9830806],[139.0828368,35.9830763],[139.082868,35.9830588],[139.0828737,35.9830556],[139.0828958,35.9830431],[139.0829849,35.982995],[139.0829999,35.982987],[139.0831071,35.9829302],[139.0831604,35.9828998],[139.0831715,35.9828943],[139.0832168,35.9828705],[139.0832226,35.9828674],[139.0832563,35.9828498],[139.083354,35.9829688]]]},"properties":{"layer":"landuse","class_code":"202","class_label":"畑（畑、樹園地、採草地、養鶏（牛・豚）場）"}},{"type":"Feature","id":"luse_611481af-b9c7-4444-ad96-f0dfdcd01088","geometry":{"type":"Polygon","coordinates":[[[139.0837492,35.9830496],[139.0837656,35.9830962],[139.0837886,35.9831604],[139.0838049,35.9832048],[139.0836461,35.9832737],[139.0836265,35.9832472],[139.0836181,35.983236],[139.0835786,35.9831826],[139.083525,35.9831141],[139.0835013,35.9830835],[139.0834645,35.9830355],[139.0834125,35.9829291],[139.0836632,35.9828145],[139.0836673,35.9828277],[139.0836692,35.9828325],[139.0836768,35.9828549],[139.0836834,35.9828719],[139.0837206,35.9829714],[139.0837198,35.9829718],[139.0837284,35.9829954],[139.0837293,35.982995],[139.0837492,35.9830496]]]},"properties":{"layer":"landuse","class_code":"202","class_label":"畑（畑、樹園地、採草地、養鶏（牛・豚）場）"}},{"type":"Feature","id":"luse_b8faf53c-6c99-47c4-8968-cb6ed0cf95a8","geometry":{"type":"Polygon","coordinates":[[[139.08298432668673,35.983333333333334],[139.08275027412262,35.983333333333334],[139.082633,35.9831839],[139.0826455,35.9831774],[139.0827535,35.9831202],[139.0827864,35.9831249],[139.0827868,35.9831249],[139.0828167,35.9831628],[139.0828673,35.9832277],[139.0828703,35.9832313],[139.0828988,35.9832688],[139.0829224,35.9832571],[139.08298432668673,35.983333333333334]]]},"properties":{"layer":"landuse","class_code":"202","class_label":"畑（畑、樹園地、採草地、養鶏（牛・豚）場）"}},{"type":"Feature","id":"luse_2f6875a4-f566-4500-8035-38363879fef4","geometry":{"type":"Polygon","coordinates":[[[139.08220096373714,35.983333333333334],[139.08169761643836,35.983333333333334],[139.0817244,35.9833208],[139.0817098,35.9832808],[139.0816343,35.9831777],[139.0814045,35.9832498],[139.0812183,35.9832972],[139.0812189,35.9832959],[139.0812192,35.9832935],[139.081219,35.9832914],[139.081218,35.9832878],[139.0812141,35.9832736],[139.081195,35.9832208],[139.0811731,35.9831603],[139.0811287,35.9830093],[139.0812743,35.9829733],[139.0813138,35.9830472],[139.0813012,35.9830611],[139.0812882,35.9830749],[139.0813093,35.9830881],[139.0813224,35.9830741],[139.0813442,35.9830498],[139.0813446,35.9830494],[139.081357,35.9830355],[139.0813591,35.9830337],[139.0813802,35.9830268],[139.0813822,35.9830261],[139.0814094,35.9830169],[139.0814453,35.9830047],[139.0814793,35.9829932],[139.0815262,35.9829774],[139.0815611,35.9829658],[139.0816124,35.9829481],[139.0816613,35.9829316],[139.0816931,35.9829197],[139.0817225,35.9829091],[139.0817233,35.9829088],[139.0817268,35.9829073],[139.0817674,35.982891],[139.0817818,35.9828844],[139.081784,35.9828834],[139.0818075,35.9828726],[139.081844,35.9828547],[139.0818841,35.9828338],[139.0819067,35.9828216],[139.0819526,35.9827966],[139.0819923,35.9827765],[139.0819937,35.9827757],[139.0819947,35.9827752],[139.0820043,35.9827873],[139.0820046,35.9827876],[139.0820316,35.9828223],[139.0820519,35.9828471],[139.0820602,35.9828569],[139.0820648,35.9828623],[139.0820671,35.9828651],[139.0820698,35.9828684],[139.0820766,35.9828769],[139.0820805,35.9828817],[139.0820823,35.982884],[139.0821124,35.9829198],[139.0821416,35.9829571],[139.0821461,35.9829627],[139.0819874,35.9830433],[139.08220096373714,35.983333333333334]]]},"properties":{"layer":"landuse","class_code":"202","class_label":"畑（畑、樹園地、採草地、養鶏（牛・豚）場）"}},{"type":"Feature","id":"luse_b00ebb39-52ac-4bac-9632-3cd4a4b8da48","geometry":{"type":"Polygon","coordinates":[[[139.0767368,35.9828296],[139.0767647,35.9828676],[139.0767902,35.9829063],[139.0767943,35.9829126],[139.0767819,35.9829155],[139.0765713,35.9830428],[139.076156,35.9832703],[139.0762080527304,35.983333333333334],[139.07545005464482,35.983333333333334],[139.0754446,35.9833261],[139.0754265,35.9833006],[139.0754107,35.9832766],[139.0753804,35.9832247],[139.0753572,35.9831841],[139.0753524,35.9831758],[139.0752882,35.9830635],[139.0752524,35.9829837],[139.0751928,35.9828488],[139.0751348,35.9827011],[139.0751429,35.9827003],[139.0751461,35.9827001],[139.0751675,35.9827033],[139.0752732,35.9828202],[139.0757509,35.9825599],[139.075788,35.9826066],[139.0762179,35.9823454],[139.0763555,35.9824927],[139.0766474,35.9827843],[139.0766803,35.9827956],[139.076682,35.9827968],[139.0766869,35.9827989],[139.0766943,35.9828004],[139.0766952,35.9828007],[139.0767021,35.9828029],[139.076703,35.9828034],[139.0767081,35.9828063],[139.0767107,35.9828078],[139.076723,35.9828174],[139.0767364,35.9828293],[139.0767368,35.9828296]]]},"properties":{"layer":"landuse","class_code":"202","class_label":"畑（畑、樹園地、採草地、養鶏（牛・豚）場）"}},{"type":"Feature","id":"luse_234e4bf3-583e-488a-a6b9-f9bca514b1ce","geometry":{"type":"Polygon","coordinates":[[[139.08408697500002,35.975],[139.0840867,35.9750264],[139.0840839,35.9750429],[139.0840791,35.9750556],[139.0840704,35.975068],[139.0840467,35.9750871],[139.0840422,35.9750909],[139.0839838,35.9751161],[139.0839503,35.9751306],[139.0839348,35.9751375],[139.0838357,35.9751818],[139.0838354,35.9751819],[139.0837387,35.9752286],[139.0836624,35.9752733],[139.0835534,35.9753398],[139.0834362,35.9754188],[139.0833246,35.9754888],[139.0832415,35.975548],[139.0831969,35.9755861],[139.0831385,35.9756396],[139.0830791,35.9757063],[139.0828024,35.9760045],[139.0827952,35.9760125],[139.0827524,35.9760672],[139.0827309,35.9760962],[139.0827269,35.9761017],[139.0827251,35.9761042],[139.0827064,35.976133],[139.0826823,35.9761667],[139.0826565,35.9762042],[139.0826156,35.9762563],[139.0825587,35.9763237],[139.082506,35.9763848],[139.0824817,35.9764078],[139.0824586,35.9764231],[139.0824377,35.9764347],[139.0824117,35.9764447],[139.0823776,35.9764568],[139.0823405,35.9764715],[139.0821752,35.9765219],[139.0821749,35.976522],[139.0821523,35.9765294],[139.0821509,35.976529],[139.0821492,35.9765279],[139.0821477,35.9765268],[139.0821462,35.9765253],[139.0821429,35.9765202],[139.0821419,35.9765176],[139.0821412,35.9765157],[139.0821408,35.9765139],[139.0821425,35.976508],[139.0821452,35.9764987],[139.0821482,35.9764913],[139.0821517,35.9764859],[139.0821617,35.976476],[139.082174,35.9764644],[139.0822039,35.9764368],[139.0825633,35.9762327],[139.08237,35.9761297],[139.0823282,35.9761074],[139.0823683,35.9760899],[139.0824099,35.9760678],[139.0825092,35.9760099],[139.0825298,35.9759971],[139.0825381,35.9759921],[139.0825386,35.9759916],[139.0825538,35.9759808],[139.0825775,35.9759639],[139.0826016,35.975942],[139.0826166,35.9759284],[139.0826341,35.9759152],[139.0826759,35.9758832],[139.0827095,35.9758611],[139.0827323,35.9758445],[139.0827552,35.9758198],[139.0827917,35.9757649],[139.0827939,35.9757621],[139.0828133,35.9757369],[139.0828392,35.9757031],[139.0828648,35.9756707],[139.0828848,35.9756253],[139.0828957,35.9755943],[139.0829294,35.9755218],[139.08293,35.9755191],[139.0829348,35.9754982],[139.0829369,35.9754891],[139.0829643,35.9753698],[139.0829658,35.9752817],[139.0829656,35.9752369],[139.0829629,35.9751812],[139.0829625,35.9751725],[139.0829612,35.9751367],[139.0829639,35.9751112],[139.0829656,35.9750946],[139.0829825,35.975022],[139.0829880180328,35.975],[139.08408697500002,35.975]]]},"properties":{"layer":"landuse","class_code":"203","class_label":"山林（樹林地）"}},{"type":"Feature","id":"luse_640eff93-f639-4235-b65a-452b8eb031d0","geometry":{"type":"Polygon","coordinates":[[[139.0785942,35.9764237],[139.0784703,35.9765428],[139.0784334,35.9765709],[139.0783929,35.9766065],[139.0783796,35.9766138],[139.0783721,35.9766168],[139.0783653,35.9766178],[139.078365,35.9766179],[139.0783568,35.9766178],[139.0783496,35.976616],[139.0783426,35.9766122],[139.0783215,35.9765982],[139.0783003,35.9765827],[139.0782922,35.9765768],[139.0782547,35.9765531],[139.0781991,35.9765234],[139.0781217,35.976482],[139.0780899,35.9764662],[139.0781814,35.9763479],[139.0782852,35.9764062],[139.0783295,35.9763992],[139.0785103,35.9762462],[139.0786903,35.9763267],[139.0786925,35.9763283],[139.0786906,35.9763302],[139.0785942,35.9764237]]]},"properties":{"layer":"landuse","class_code":"203","class_label":"山林（樹林地）"}},{"type":"Feature","id":"luse_36398ae5-64d0-44d1-b215-3fc98a5669b0","geometry":{"type":"Polygon","coordinates":[[[139.0811116,35.9781595],[139.0810697,35.9781617],[139.0810265,35.9781641],[139.0810311,35.9781302],[139.0810343,35.9781048],[139.0810356,35.9780953],[139.0810375,35.9780804],[139.0810431,35.9780198],[139.0810464,35.9779878],[139.0810479,35.9779786],[139.081055,35.9779399],[139.0810607,35.9779095],[139.0810645,35.9778795],[139.0810657,35.9778766],[139.0810682,35.9778729],[139.0810706,35.9778703],[139.0810734,35.9778683],[139.0810757,35.9778657],[139.0810792,35.9778611],[139.0810859,35.9778505],[139.0810942,35.9778391],[139.0810969,35.9778353],[139.0810987,35.9778321],[139.0811005,35.9778281],[139.0811014,35.9778254],[139.081102,35.9778227],[139.0811071,35.9777814],[139.0811156,35.977705],[139.0811022,35.9775929],[139.0810851,35.9774496],[139.0812457,35.9774408],[139.0812575,35.9776831],[139.0812844,35.9778168],[139.0812319,35.9779043],[139.0811521,35.9779095],[139.0811296,35.9780543],[139.0813711,35.9780826],[139.0813566,35.9781558],[139.0811103,35.9781328],[139.0811116,35.9781595]]]},"properties":{"layer":"landuse","class_code":"203","class_label":"山林（樹林地）"}},{"type":"Feature","id":"luse_5763e282-61e2-4e31-94e9-7aaa8ed213e4","geometry":{"type":"Polygon","coordinates":[[[139.0829880180328,35.975],[139.0829825,35.975022],[139.0829656,35.9750946],[139.0829639,35.9751112],[139.0829612,35.9751367],[139.0829625,35.9751725],[139.0829629,35.9751812],[139.0829656,35.9752369],[139.0829658,35.9752817],[139.0829643,35.9753698],[139.0829369,35.9754891],[139.0829348,35.9754982],[139.08293,35.9755191],[139.0829294,35.9755218],[139.0828957,35.9755943],[139.0828848,35.9756253],[139.0828648,35.9756707],[139.0828392,35.9757031],[139.0828133,35.9757369],[139.0827939,35.9757621],[139.0827917,35.9757649],[139.0827552,35.9758198],[139.0827323,35.9758445],[139.0827095,35.9758611],[139.0826759,35.9758832],[139.0826341,35.9759152],[139.0826166,35.9759284],[139.0826016,35.975942],[139.0825775,35.9759639],[139.0825538,35.9759808],[139.0825386,35.9759916],[139.0825381,35.9759921],[139.0825298,35.9759971],[139.0825092,35.9760099],[139.0824099,35.9760678],[139.0823683,35.9760899],[139.0823282,35.9761074],[139.0823205,35.9761107],[139.0822226,35.9761669],[139.0821656,35.9761973],[139.082102,35.9762378],[139.0820463,35.9762719],[139.0820211,35.9762922],[139.0819638,35.9763277],[139.0818805,35.9763632],[139.081875,35.976365],[139.0818647,35.9763684],[139.0818273,35.9763804],[139.0817865,35.9763916],[139.0817768,35.9763943],[139.0817761,35.9763928],[139.0817698,35.9763763],[139.0817787,35.9763738],[139.0818187,35.9763627],[139.0818543,35.9763513],[139.0818646,35.9763479],[139.0818718,35.9763456],[139.0819502,35.9763123],[139.0820058,35.9762779],[139.082031,35.9762575],[139.0820838,35.9762252],[139.0820877,35.9762228],[139.0821518,35.9761819],[139.0821812,35.9761662],[139.0822096,35.9761512],[139.082304,35.976097],[139.0823083,35.9760945],[139.0823565,35.9760736],[139.0823967,35.9760522],[139.0824954,35.9759947],[139.0825167,35.9759815],[139.0825234,35.9759774],[139.0825254,35.9759758],[139.0825611,35.9759505],[139.0825999,35.9759152],[139.0826607,35.9758689],[139.0826945,35.9758467],[139.0827151,35.9758317],[139.0827352,35.97581],[139.0827575,35.9757796],[139.0827756,35.9757548],[139.0827955,35.975727],[139.0828498,35.9756647],[139.082869,35.9756212],[139.0828799,35.9755901],[139.0829146,35.9755163],[139.0829204,35.9754996],[139.0829221,35.9754938],[139.0829231,35.9754904],[139.0829246,35.9754849],[139.082925,35.9754837],[139.0829322,35.975458],[139.0829395,35.9754215],[139.0829521,35.9753696],[139.0829554,35.9752822],[139.0829547,35.9752661],[139.0829533,35.975236],[139.0829397,35.9751391],[139.0829336,35.9750899],[139.0829375,35.9750582],[139.0829469,35.9750168],[139.08295156742486,35.975],[139.0829880180328,35.975]]]},"properties":{"layer":"landuse","class_code":"204","class_label":"水面（河川水面、湖沼、ため池、用水路、濠、運河水面）"}},{"type":"Feature","id":"luse_3f059644-fae7-4ea0-99db-69fa675343c7","geometry":{"type":"Polygon","coordinates":[[[139.0817551,35.9764006],[139.0817123,35.9764128],[139.0816598,35.9764303],[139.0816296,35.9764395],[139.0816061,35.9764498],[139.0815836,35.9764615],[139.081551,35.9764804],[139.0815264,35.9764954],[139.0814897,35.9765208],[139.0814565,35.9765446],[139.0814319,35.9765677],[139.0814116,35.9765914],[139.0813854,35.9766179],[139.0813738,35.9766422],[139.0813394,35.9766969],[139.0813128,35.9767344],[139.0813086,35.9767403],[139.081307,35.9767425],[139.0812876,35.9767715],[139.08127,35.9767976],[139.0812335,35.9768518],[139.0811944,35.9769117],[139.0811723,35.9769454],[139.0811352,35.9770272],[139.0810893,35.9771214],[139.0810731,35.9771547],[139.0810189,35.977143],[139.0810194,35.977142],[139.0810964,35.9769976],[139.0811358,35.976929],[139.0811388,35.9769239],[139.0811471,35.9769114],[139.0811731,35.9768719],[139.0811783,35.9768639],[139.0812001,35.9768307],[139.0812704,35.9767262],[139.0812754,35.9767191],[139.0812762,35.9767182],[139.0813749,35.976598],[139.0813923,35.9765783],[139.0814139,35.9765557],[139.0814399,35.9765313],[139.0814744,35.9765064],[139.0815119,35.9764806],[139.0815372,35.9764652],[139.0815705,35.9764457],[139.0815943,35.9764335],[139.0816199,35.9764223],[139.0816512,35.9764126],[139.0817042,35.9763951],[139.0817455,35.9763832],[139.0817551,35.9764006]]]},"properties":{"layer":"landuse","class_code":"204","class_label":"水面（河川水面、湖沼、ため池、用水路、濠、運河水面）"}},{"type":"Feature","id":"luse_a7fddb8f-f2c4-488d-a713-71228ced71c4","geometry":{"type":"Polygon","coordinates":[[[139.0810291,35.9782404],[139.0810283,35.9782436],[139.0810261,35.978257],[139.0810253,35.9782601],[139.0810237,35.9782634],[139.0810223,35.9782682],[139.0810221,35.9782691],[139.0810217,35.9782709],[139.0810217,35.9782733],[139.0810224,35.9782776],[139.0810231,35.9782811],[139.081024,35.978284],[139.081027,35.9782901],[139.0810287,35.9782929],[139.0810303,35.9782953],[139.081038,35.9783045],[139.0810387,35.9783053],[139.0810403,35.9783078],[139.0810413,35.9783107],[139.081042,35.9783135],[139.0810228,35.97835],[139.081013,35.9783656],[139.0810045,35.9783793],[139.080988,35.9784074],[139.0809729,35.9784308],[139.0809592,35.9784537],[139.0809459,35.9784695],[139.0809449,35.9784706],[139.0809364,35.9784827],[139.080923,35.9784989],[139.0808987,35.9785271],[139.0808968,35.9785295],[139.0808788,35.9785564],[139.0808578,35.9785839],[139.0808164,35.9786305],[139.0807893,35.978656],[139.0807878,35.9786577],[139.0807873,35.9786583],[139.0807577,35.9786971],[139.0807373,35.9787203],[139.0807354,35.9787228],[139.0807272,35.9787356],[139.0807195,35.9787477],[139.0807067,35.9787727],[139.080698,35.9787915],[139.0806955,35.978796],[139.0806814,35.9788157],[139.0806576,35.9788536],[139.0806409,35.9788808],[139.0806308,35.9788958],[139.0806143,35.9789178],[139.080586,35.9789529],[139.08054,35.9790118],[139.0805266,35.9790312],[139.0804986,35.9790646],[139.0804793,35.97909],[139.0804641,35.9791186],[139.0804394,35.9791721],[139.0804252,35.9792148],[139.0804246,35.9792178],[139.0804224,35.979236],[139.0804223,35.9792373],[139.0804224,35.9792388],[139.0804265,35.9792519],[139.0804275,35.9792551],[139.0804272,35.9792567],[139.0804264,35.9792589],[139.080416,35.9792774],[139.0804149,35.9792793],[139.0804122,35.9792837],[139.0804114,35.9792858],[139.0804096,35.9792849],[139.0803879,35.9792744],[139.0803888,35.979272],[139.0803893,35.9792706],[139.0803891,35.979269],[139.0803883,35.9792663],[139.0803874,35.9792636],[139.0803807,35.9792426],[139.0803806,35.9792393],[139.0803812,35.9792333],[139.080382,35.9792294],[139.0803829,35.9792267],[139.080391,35.9792074],[139.0804146,35.9791577],[139.08045,35.9791078],[139.0804704,35.9790792],[139.080481,35.9790631],[139.0804997,35.9790388],[139.0805261,35.9790066],[139.0805511,35.9789766],[139.0805534,35.9789731],[139.0805706,35.9789453],[139.0805743,35.9789402],[139.0806002,35.978909],[139.0806022,35.9789057],[139.0806113,35.9788903],[139.0806127,35.978887],[139.0806166,35.9788755],[139.0806182,35.9788715],[139.0806199,35.978868],[139.0806219,35.9788654],[139.0806398,35.9788443],[139.0806684,35.9788118],[139.0806709,35.9788087],[139.0806856,35.9787875],[139.0806976,35.9787676],[139.0807098,35.978742],[139.0807117,35.9787388],[139.0807264,35.9787162],[139.080728,35.9787142],[139.0807492,35.97869],[139.0807795,35.9786529],[139.0807814,35.9786506],[139.0808075,35.978624],[139.0808446,35.9785779],[139.0808632,35.9785513],[139.0808645,35.9785493],[139.0808659,35.9785466],[139.0808781,35.9785195],[139.0808951,35.9784943],[139.0808963,35.9784932],[139.0808972,35.9784923],[139.0808987,35.9784912],[139.0808995,35.9784905],[139.0809,35.9784901],[139.0809009,35.9784895],[139.0809214,35.978477],[139.0809248,35.9784748],[139.0809289,35.9784717],[139.0809357,35.9784656],[139.0809539,35.9784479],[139.0809546,35.9784468],[139.0809553,35.9784459],[139.0809559,35.9784448],[139.0809613,35.9784266],[139.080968,35.9783993],[139.0809695,35.9783754],[139.0809686,35.9783582],[139.0809687,35.9783566],[139.0809687,35.9783555],[139.0809692,35.9783537],[139.080984,35.9782968],[139.0809843,35.9782872],[139.0809854,35.9782688],[139.0809861,35.9782545],[139.0809872,35.9782385],[139.0809973,35.9782398],[139.080998,35.9782365],[139.0810016,35.9782182],[139.0810044,35.9781927],[139.081008,35.9781669],[139.0810144,35.9781274],[139.0810183,35.9781035],[139.0810199,35.9780937],[139.0810225,35.9780784],[139.0810305,35.9780201],[139.0810356,35.9779878],[139.0810416,35.9779386],[139.0810451,35.9779091],[139.0810476,35.9778767],[139.0810475,35.9778571],[139.0810484,35.9778434],[139.0810496,35.977829],[139.0810565,35.977763],[139.0810526,35.9776766],[139.081021,35.9774198],[139.081004,35.977281],[139.0810001,35.9772344],[139.0809993,35.977224],[139.0810016,35.9771888],[139.0810104,35.9771652],[139.081011,35.9771636],[139.0810642,35.9771752],[139.0810641,35.9771756],[139.081057,35.9772213],[139.0810588,35.9772659],[139.081071,35.977332],[139.0810851,35.9774496],[139.0811022,35.9775929],[139.0811156,35.977705],[139.0811071,35.9777814],[139.081102,35.9778227],[139.0811014,35.9778254],[139.0811005,35.9778281],[139.0810987,35.9778321],[139.0810969,35.9778353],[139.0810942,35.9778391],[139.0810859,35.9778505],[139.0810792,35.9778611],[139.0810757,35.9778657],[139.0810734,35.9778683],[139.0810706,35.9778703],[139.0810682,35.9778729],[139.0810657,35.9778766],[139.0810645,35.9778795],[139.0810607,35.9779095],[139.081055,35.9779399],[139.0810479,35.9779786],[139.0810464,35.9779878],[139.0810431,35.9780198],[139.0810375,35.9780804],[139.0810356,35.9780953],[139.0810343,35.9781048],[139.0810311,35.9781302],[139.0810265,35.9781641],[139.081026,35.9781671],[139.0810248,35.9781941],[139.0810238,35.9782055],[139.081024,35.9782123],[139.0810243,35.9782165],[139.0810245,35.9782183],[139.0810251,35.9782211],[139.0810291,35.9782404]]]},"properties":{"layer":"landuse","class_code":"204","class_label":"水面（河川水面、湖沼、ため池、用水路、濠、運河水面）"}},{"type":"Feature","id":"luse_553941c5-e375-469b-9ac7-7332fcd8177a","geometry":{"type":"Polygon","coordinates":[[[139.0800369,35.9799645],[139.0800334,35.9799673],[139.0800323,35.9799701],[139.0800344,35.9799787],[139.0800344,35.9799854],[139.0800294,35.9799963],[139.080019,35.9800202],[139.0800133,35.9800407],[139.0800139,35.9800501],[139.0800116,35.9800588],[139.0800107,35.980062],[139.0799977,35.9801026],[139.0799953,35.9801147],[139.0799881,35.9801514],[139.0799879,35.9801524],[139.0799863,35.9801522],[139.0799548,35.9801475],[139.0799549,35.9801472],[139.079962,35.9801137],[139.079967,35.9800925],[139.0799813,35.9800586],[139.0799866,35.9800458],[139.0799995,35.9800146],[139.0800077,35.9799958],[139.0800135,35.9799834],[139.0800193,35.9799701],[139.080025,35.9799576],[139.0800266,35.9799527],[139.0800343,35.9799358],[139.0800497,35.9799032],[139.0800659,35.9798689],[139.0800722,35.9798553],[139.0800902,35.9798178],[139.0801038,35.9797884],[139.0801062,35.9797849],[139.0801149,35.9797732],[139.0801245,35.9797586],[139.0801254,35.9797568],[139.0801259,35.9797557],[139.0801315,35.9797376],[139.0801319,35.9797366],[139.0801325,35.9797355],[139.0801395,35.9797243],[139.0801401,35.9797235],[139.0801412,35.9797223],[139.0801483,35.9797138],[139.0801494,35.9797121],[139.0801501,35.979711],[139.0801506,35.97971],[139.0801588,35.9796866],[139.0801696,35.9796524],[139.0801707,35.9796503],[139.0801798,35.9796327],[139.0801873,35.9796193],[139.0801955,35.9796034],[139.0802118,35.9795774],[139.0802207,35.9795614],[139.0802214,35.9795593],[139.0802262,35.9795448],[139.0802312,35.9795289],[139.0802318,35.9795273],[139.0802451,35.9795049],[139.0802519,35.979491],[139.0802612,35.9794732],[139.0802619,35.979471],[139.0802624,35.9794693],[139.0802667,35.9794473],[139.0802802,35.9794052],[139.0802815,35.9794016],[139.0802958,35.9793544],[139.0803305,35.9793653],[139.080334,35.9793665],[139.080336,35.9793626],[139.0803467,35.9793499],[139.0803686,35.9793285],[139.0803699,35.9793264],[139.080372,35.9793227],[139.0803747,35.9793162],[139.0803831,35.9793203],[139.0803873,35.9793223],[139.0804015,35.9793292],[139.0803989,35.9793437],[139.0803805,35.9793772],[139.0803786,35.9793806],[139.0803881,35.9793842],[139.0803609,35.9794228],[139.0803546,35.9794259],[139.0803445,35.9794322],[139.0803392,35.9794387],[139.0803318,35.9794466],[139.0803223,35.9794569],[139.0803122,35.9794656],[139.0803032,35.9794747],[139.080293,35.9794852],[139.0802718,35.9794996],[139.0802619,35.9795061],[139.0802541,35.9795128],[139.0802502,35.9795185],[139.0802447,35.9795266],[139.0802439,35.979533],[139.0802449,35.9795428],[139.0802471,35.9795506],[139.0802455,35.9795544],[139.080243,35.9795617],[139.0802269,35.9795874],[139.0802197,35.9796],[139.0802168,35.9796071],[139.0802128,35.9796161],[139.0802116,35.9796202],[139.0802059,35.9796255],[139.0802022,35.9796253],[139.0801983,35.9796257],[139.0801955,35.979626],[139.0801921,35.9796276],[139.0801894,35.9796313],[139.0801828,35.9796392],[139.0801801,35.9796463],[139.0801785,35.9796517],[139.0801801,35.9796557],[139.0801814,35.9796603],[139.0801805,35.979664],[139.0801702,35.9796968],[139.0801627,35.9797122],[139.0801569,35.9797181],[139.0801523,35.9797227],[139.0801464,35.9797288],[139.0801412,35.9797355],[139.0801383,35.9797413],[139.0801376,35.9797504],[139.0801322,35.9797626],[139.0801288,35.9797702],[139.0801069,35.9798101],[139.0800822,35.9798653],[139.0800775,35.9798813],[139.0800753,35.9798939],[139.0800553,35.9799472],[139.0800531,35.9799568],[139.0800502,35.9799609],[139.0800472,35.9799617],[139.0800442,35.9799618],[139.0800411,35.9799617],[139.0800369,35.9799645]]]},"properties":{"layer":"landuse","class_code":"204","class_label":"水面（河川水面、湖沼、ため池、用水路、濠、運河水面）"}},{"type":"Feature","id":"luse_18df52b8-59da-4cbf-9e47-b0a73ee4ccf0","geometry":{"type":"Polygon","coordinates":[[[139.0799903,35.9803913],[139.0799818,35.9804116],[139.0799691,35.9804373],[139.0799567,35.9804556],[139.079945,35.9804725],[139.0799343,35.9804855],[139.0799201,35.9805012],[139.0798873,35.9805287],[139.0798542,35.9805555],[139.0798405,35.9805675],[139.0798242,35.9805813],[139.0798115,35.9805906],[139.0797925,35.9806047],[139.0797796,35.9806145],[139.0797684,35.9806209],[139.0797547,35.9806296],[139.0797391,35.9806383],[139.0797279,35.9806437],[139.079716,35.9806492],[139.079707,35.9806531],[139.0796898,35.980661],[139.0796731,35.9806676],[139.0796676,35.9806701],[139.0796569,35.9806757],[139.0796548,35.980677],[139.0796428,35.9806844],[139.0796281,35.9806946],[139.0796264,35.9806959],[139.0796159,35.9807036],[139.0795928,35.9807218],[139.0795854,35.9807236],[139.0795708,35.9807354],[139.0795686,35.9807372],[139.079558,35.9807408],[139.0795487,35.9807455],[139.0795345,35.9807549],[139.0795162,35.9807691],[139.0794657,35.9808088],[139.0794464,35.9808215],[139.0793903,35.9808589],[139.0793683,35.9808763],[139.0793525,35.9808937],[139.07934,35.9809112],[139.0793097,35.9809538],[139.0793088,35.9809551],[139.0792909,35.9809445],[139.0792839,35.9809403],[139.0792849,35.9809389],[139.0793048,35.9809072],[139.0793079,35.9809003],[139.0793092,35.9808952],[139.0793092,35.9808889],[139.0793087,35.9808855],[139.0793176,35.9808769],[139.0793897,35.9808066],[139.0794173,35.9807973],[139.0794489,35.980777],[139.0794641,35.9807667],[139.0794787,35.9807601],[139.0794991,35.9807493],[139.0795173,35.9807397],[139.079532,35.980729],[139.0795461,35.9807194],[139.079563,35.9807103],[139.0795753,35.9806992],[139.0795907,35.9806859],[139.0796654,35.9806484],[139.0796943,35.9806324],[139.0797154,35.9806227],[139.079734,35.9806148],[139.0797564,35.980602],[139.0797954,35.9805704],[139.0798143,35.9805576],[139.0798327,35.9805453],[139.0798495,35.9805314],[139.0798922,35.980496],[139.0799021,35.9804868],[139.0799129,35.9804775],[139.0799249,35.9804664],[139.079955,35.9804306],[139.0799574,35.980421],[139.0799577,35.9804181],[139.0799559,35.9804142],[139.0799511,35.9804103],[139.0799446,35.9804076],[139.0799376,35.9804024],[139.0799332,35.9803982],[139.0799293,35.980393],[139.0799236,35.9803842],[139.0799175,35.980376],[139.0799215,35.9803656],[139.0799171,35.9803651],[139.0799188,35.9803587],[139.0799155,35.9803291],[139.0799133,35.9803119],[139.0799121,35.9803028],[139.0799157,35.9803032],[139.0799288,35.9803047],[139.0799299,35.9802986],[139.0799342,35.9802737],[139.0799379,35.9802525],[139.0799448,35.98021],[139.0799504,35.9801714],[139.0799507,35.9801689],[139.0799515,35.980163],[139.0799834,35.980168],[139.0799848,35.9801682],[139.0799841,35.9801716],[139.0799827,35.9801788],[139.0799802,35.9801969],[139.0799719,35.980237],[139.07997,35.9802505],[139.0799698,35.9802583],[139.0799721,35.9802675],[139.0799741,35.980273],[139.0799761,35.9802783],[139.0799759,35.9802832],[139.0799747,35.9802876],[139.0799799,35.9802979],[139.0799829,35.9803046],[139.079981,35.9803107],[139.0800048,35.9803133],[139.0800195,35.9803152],[139.0800036,35.9803688],[139.0800035,35.9803695],[139.0800022,35.9803757],[139.0799976,35.9803754],[139.0799903,35.9803913]]]},"properties":{"layer":"landuse","class_code":"204","class_label":"水面（河川水面、湖沼、ため池、用水路、濠、運河水面）"}},{"type":"Feature","id":"luse_ed64c200-6f16-4970-8971-f571ff4d136b","geometry":{"type":"Polygon","coordinates":[[[139.0788492,35.9823964],[139.0788484,35.9824177],[139.078849,35.9824216],[139.0788508,35.9824422],[139.0788526,35.9824614],[139.0788519,35.9824618],[139.0788491,35.9824643],[139.078848,35.9824725],[139.0788486,35.9824759],[139.0788502,35.9824966],[139.0788482,35.9825084],[139.0788461,35.9825218],[139.0788468,35.9825442],[139.0788466,35.9825597],[139.0788453,35.982569],[139.0788463,35.9825741],[139.0788483,35.9825797],[139.0788506,35.9825841],[139.0788544,35.9825866],[139.0788615,35.982591],[139.0788616,35.9826014],[139.0788592,35.9826178],[139.078857,35.9826327],[139.0788547,35.9826419],[139.0788511,35.9826567],[139.0788499,35.9826609],[139.0788474,35.9826696],[139.078847,35.9826693],[139.0788344,35.9826604],[139.0788249,35.9826536],[139.0788172,35.9826482],[139.0787993,35.9826355],[139.0788009,35.9826328],[139.0788019,35.9826303],[139.0788037,35.9826259],[139.0788074,35.9826176],[139.07881,35.9826121],[139.0788112,35.9826075],[139.0788115,35.9825979],[139.0788089,35.9825789],[139.0788023,35.9825606],[139.0787954,35.9825228],[139.0787939,35.9825144],[139.0787913,35.9825056],[139.0787881,35.9824985],[139.0787827,35.9824934],[139.0787774,35.9824906],[139.0787658,35.9824871],[139.0787644,35.9824769],[139.0787611,35.9824494],[139.0787596,35.98243],[139.0787594,35.9824285],[139.0787591,35.9824262],[139.0787589,35.9824243],[139.0787449,35.9823874],[139.0787544,35.9823863],[139.0787531,35.9823805],[139.0787487,35.9823602],[139.0787424,35.9823338],[139.0787374,35.9823114],[139.0787311,35.982283],[139.0787233,35.9822508],[139.0787212,35.9822422],[139.0787177,35.9822283],[139.0787167,35.9822115],[139.0787128,35.9821942],[139.0787092,35.9821781],[139.078708,35.9821728],[139.0787054,35.9821614],[139.0787017,35.9821452],[139.0786953,35.9821171],[139.07869,35.9820939],[139.0786868,35.9820809],[139.0786826,35.9820494],[139.0786777,35.9820104],[139.0786762,35.9819935],[139.0786728,35.9819436],[139.0786726,35.9819324],[139.0786839,35.9819286],[139.078685,35.9819277],[139.0786862,35.9819267],[139.0786922,35.9819214],[139.0786953,35.9819162],[139.0786963,35.9819104],[139.0786978,35.9819046],[139.0787004,35.9818987],[139.0787123,35.981885],[139.078717,35.9818794],[139.0787382,35.9818428],[139.0787415,35.9818364],[139.0787467,35.9818246],[139.0787495,35.9818196],[139.0787497,35.9818117],[139.0787475,35.9817978],[139.0787453,35.9817931],[139.0787423,35.9817883],[139.0787365,35.9817842],[139.0787301,35.9817799],[139.0787092,35.9817732],[139.0787059,35.9817721],[139.0787117,35.9817563],[139.0787267,35.9817238],[139.0787274,35.9817221],[139.0787296,35.981716],[139.0787354,35.9816575],[139.0787502,35.9816595],[139.0787526,35.9816488],[139.0787698,35.9815972],[139.0787823,35.9815611],[139.0787907,35.9815385],[139.0787983,35.9815193],[139.0788095,35.981494],[139.0788241,35.9814583],[139.0788475,35.981401],[139.0788694,35.9813478],[139.0788878,35.9813065],[139.0788908,35.981302],[139.0789058,35.9812787],[139.07892,35.9812564],[139.0789376,35.9812444],[139.0789535,35.9812323],[139.0789787,35.9812026],[139.0789941,35.9811865],[139.0790065,35.9811726],[139.0790183,35.9811634],[139.0790276,35.9811555],[139.0790351,35.9811458],[139.0790501,35.9811349],[139.0790511,35.9811344],[139.0790642,35.9811272],[139.0790735,35.9811226],[139.0790705,35.9811195],[139.0790913,35.981109],[139.0791022,35.9811027],[139.079105,35.981101],[139.0791075,35.9810995],[139.0791099,35.9810981],[139.0791187,35.9810925],[139.0791219,35.9810931],[139.0791304,35.9810947],[139.0791401,35.9810935],[139.0791487,35.9810892],[139.0791607,35.9810782],[139.079167,35.9810717],[139.0791759,35.981051],[139.0791794,35.9810431],[139.0791826,35.9810285],[139.0791869,35.9810169],[139.0791889,35.9810123],[139.0791948,35.981006],[139.0792253,35.980952],[139.0792351,35.9809571],[139.0792597,35.9809699],[139.0792624,35.9809671],[139.0792664,35.9809629],[139.079273,35.9809543],[139.0792809,35.9809591],[139.0792988,35.9809699],[139.0792901,35.9809827],[139.0792878,35.9809861],[139.0792858,35.980989],[139.0792769,35.9810021],[139.0792678,35.9810203],[139.0792644,35.9810266],[139.0792601,35.9810344],[139.0792448,35.9810505],[139.0792332,35.9810607],[139.0792176,35.9810741],[139.0792014,35.9810821],[139.0791917,35.9810859],[139.0791855,35.9810883],[139.0791698,35.9810956],[139.0791634,35.981101],[139.0791568,35.9811092],[139.0791536,35.9811169],[139.0791527,35.9811259],[139.0791528,35.9811298],[139.0791528,35.9811336],[139.0791626,35.9811453],[139.0791557,35.9811486],[139.0791531,35.9811498],[139.0791477,35.9811524],[139.0791365,35.9811583],[139.079117,35.9811689],[139.0790975,35.9811706],[139.0790905,35.9811729],[139.0790894,35.9811732],[139.0790863,35.9811757],[139.0790725,35.9811859],[139.0790634,35.9811918],[139.0790561,35.9811938],[139.079046,35.9811932],[139.079038,35.9811921],[139.0790297,35.9811929],[139.079021,35.9811972],[139.0790166,35.9812017],[139.0790089,35.9812112],[139.0789666,35.9812486],[139.0789572,35.9812583],[139.0789504,35.9812685],[139.0789311,35.9812963],[139.0789025,35.9813445],[139.0788972,35.9813565],[139.078891,35.9813634],[139.0788848,35.9813706],[139.0788773,35.9813801],[139.0788756,35.9813869],[139.078874,35.9813921],[139.0788746,35.9813977],[139.078875,35.9814111],[139.0788703,35.9814209],[139.0788506,35.9814919],[139.0788068,35.981597],[139.0788005,35.9816145],[139.0787981,35.9816209],[139.078798,35.9816315],[139.0788026,35.9816374],[139.0788096,35.9816457],[139.0788136,35.9816572],[139.0788165,35.9816598],[139.0788189,35.9816618],[139.0788362,35.9816661],[139.0788316,35.9816769],[139.0788456,35.9816803],[139.0788183,35.9817349],[139.0788164,35.9817416],[139.0788163,35.9817419],[139.0788043,35.9817727],[139.0787935,35.9818018],[139.0787907,35.9818095],[139.0787853,35.9818249],[139.078767,35.9818291],[139.0787607,35.9818314],[139.0787581,35.9818331],[139.0787549,35.981836],[139.0787527,35.9818409],[139.07875,35.9818469],[139.0787473,35.9818523],[139.0787437,35.9818583],[139.0787363,35.9818694],[139.0787333,35.9818756],[139.0787232,35.9819185],[139.0787129,35.9819682],[139.0787107,35.9819899],[139.078712,35.9820185],[139.0787162,35.9820449],[139.0787196,35.982066],[139.0787334,35.982125],[139.0787615,35.9822287],[139.0787814,35.9823015],[139.0787978,35.9823531],[139.0788013,35.9823604],[139.0788051,35.9823655],[139.0788086,35.9823686],[139.0788127,35.9823698],[139.0788185,35.9823698],[139.0788257,35.9823691],[139.0788335,35.9823701],[139.0788351,35.9823713],[139.078836,35.9823771],[139.0788461,35.9823759],[139.07885,35.9823754],[139.0788492,35.9823964]]]},"properties":{"layer":"landuse","class_code":"204","class_label":"水面（河川水面、湖沼、ため池、用水路、濠、運河水面）"}},{"type":"Feature","id":"luse_834e6c19-9148-4429-8015-3a1286c33935","geometry":{"type":"Polygon","coordinates":[[[139.0783534669192,35.983333333333334],[139.0783537,35.9833329],[139.0783665,35.9833068],[139.0783769,35.9832841],[139.0783892,35.9832549],[139.0783971,35.9832355],[139.078406,35.9832149],[139.078411,35.9832033],[139.0784199,35.9831827],[139.0784307,35.9831585],[139.078437,35.9831439],[139.0784456,35.9831286],[139.0784584,35.9831087],[139.0784761,35.9830839],[139.0785007,35.983049],[139.0785015,35.9830471],[139.0785033,35.9830439],[139.0785157,35.9830265],[139.0785253,35.9830229],[139.0785339,35.9830213],[139.0785385,35.9830219],[139.0785523,35.9830183],[139.0785549,35.9830166],[139.0785634,35.9830115],[139.0785682,35.9830081],[139.0785729,35.9830044],[139.0785757,35.9830009],[139.0785853,35.9829921],[139.0786117,35.9829657],[139.0786172,35.9829571],[139.0786228,35.9829468],[139.0786289,35.9829412],[139.0786354,35.9829347],[139.0786401,35.9829316],[139.0786432,35.982928],[139.078645,35.9829197],[139.0786486,35.9828992],[139.0786509,35.9828945],[139.0786559,35.9828892],[139.0786586,35.9828832],[139.078661,35.9828775],[139.0786636,35.9828737],[139.0786667,35.9828705],[139.0786699,35.9828663],[139.0786714,35.9828624],[139.0786724,35.9828597],[139.0786741,35.9828537],[139.0786785,35.9828479],[139.0786864,35.9828425],[139.0786897,35.98284],[139.0786943,35.9828351],[139.0786964,35.9828318],[139.0786955,35.9828279],[139.0786929,35.9828248],[139.0786915,35.982823],[139.0786832,35.9828115],[139.0786798,35.9828077],[139.0786765,35.9828048],[139.0786709,35.9828033],[139.0786664,35.9828024],[139.0786587,35.9827995],[139.0786557,35.9827973],[139.0786526,35.9827946],[139.078648,35.9827936],[139.0786446,35.9827923],[139.0786412,35.9827905],[139.0786431,35.9827846],[139.0786475,35.9827864],[139.0786562,35.9827917],[139.0786608,35.9827949],[139.0786641,35.9827976],[139.0786661,35.9827976],[139.0786697,35.9827973],[139.0786766,35.9828],[139.078682,35.9828037],[139.0786854,35.9828067],[139.0786895,35.982811],[139.078694,35.9828161],[139.0787012,35.9828249],[139.0787024,35.9828133],[139.0787051,35.982806],[139.0787059,35.9828],[139.0787042,35.9827915],[139.0787029,35.9827861],[139.0787034,35.9827837],[139.0787309,35.9828131],[139.078741,35.9828239],[139.0787404,35.9828267],[139.0787227,35.9828525],[139.0786971,35.982892],[139.078703,35.9828961],[139.0786911,35.982904],[139.0786616,35.9829538],[139.078657,35.9829641],[139.0786552,35.9829644],[139.0786395,35.9829668],[139.0786356,35.9829697],[139.0786321,35.9829723],[139.0786281,35.9829792],[139.0786192,35.9829939],[139.0786128,35.9830012],[139.0786077,35.9830071],[139.0785976,35.9830167],[139.0785907,35.983026],[139.0785825,35.9830361],[139.0785721,35.9830516],[139.0785499,35.9830842],[139.0785417,35.9830908],[139.0785146,35.9831213],[139.0785031,35.9831333],[139.0784915,35.9831441],[139.0784769,35.9831573],[139.0784381,35.9831947],[139.0784326,35.9832009],[139.078431,35.9832035],[139.0784282,35.983208],[139.0784245,35.983213],[139.0784197,35.9832202],[139.078417,35.9832296],[139.0784144,35.9832422],[139.0784009,35.9832914],[139.0783962,35.9833099],[139.07839683333333,35.983333333333334],[139.0783534669192,35.983333333333334]]]},"properties":{"layer":"landuse","class_code":"204","class_label":"水面（河川水面、湖沼、ため池、用水路、濠、運河水面）"}},{"type":"Feature","id":"luse_0801eb19-9dcd-4502-b06e-a28b1285f568","geometry":{"type":"Polygon","coordinates":[[[139.0778101,35.9775092],[139.0776078,35.977797],[139.0774003,35.9777233],[139.0774074,35.9777052],[139.0774054,35.9777046],[139.0774199,35.9776691],[139.0774389,35.9776302],[139.0775684,35.9774539],[139.0775906,35.9774261],[139.077667,35.9773212],[139.0776678,35.9773201],[139.0776915,35.9772933],[139.0776986,35.9772869],[139.0777057,35.9772922],[139.0778093,35.9773413],[139.0779525,35.9772057],[139.0779595,35.9771976],[139.0780455,35.9772391],[139.0778101,35.9775092]]]},"properties":{"layer":"landuse","class_code":"205","class_label":"その他自然地（原野・牧野、荒れ地（耕作放棄地等自然的状況のもの）、低湿地、河川敷・河原、海浜、湖岸）"}},{"type":"Feature","id":"luse_27191997-81ce-4002-8e0b-2c4f6547bd62","geometry":{"type":"Polygon","coordinates":[[[139.0865969,35.979223],[139.0859968,35.9795435],[139.0859725,35.9795244],[139.0859587,35.9795061],[139.0859495,35.9794884],[139.0859433,35.9794439],[139.0859366,35.9793772],[139.0859356,35.9793676],[139.0859294,35.9792722],[139.0859296,35.9792305],[139.0863621,35.9789145],[139.0865969,35.979223]]]},"properties":{"layer":"landuse","class_code":"205","class_label":"その他自然地（原野・牧野、荒れ地（耕作放棄地等自然的状況のもの）、低湿地、河川敷・河原、海浜、湖岸）"}},{"type":"Feature","id":"luse_7bdb1ef1-f8c3-4e82-b0c3-586a7c8fdffa","geometry":{"type":"Polygon","coordinates":[[[139.0802815,35.9794016],[139.0802802,35.9794052],[139.0802667,35.9794473],[139.0802624,35.9794693],[139.0802619,35.979471],[139.0802612,35.9794732],[139.0802519,35.979491],[139.0802451,35.9795049],[139.0802318,35.9795273],[139.0802312,35.9795289],[139.0802262,35.9795448],[139.0802214,35.9795593],[139.0802207,35.9795614],[139.0802118,35.9795774],[139.0801955,35.9796034],[139.0801873,35.9796193],[139.0801798,35.9796327],[139.0801707,35.9796503],[139.0801696,35.9796524],[139.0801588,35.9796866],[139.0801506,35.97971],[139.0801501,35.979711],[139.0801494,35.9797121],[139.0801483,35.9797138],[139.0801412,35.9797223],[139.0801401,35.9797235],[139.0801395,35.9797243],[139.0801325,35.9797355],[139.0801319,35.9797366],[139.0801315,35.9797376],[139.0801259,35.9797557],[139.0801254,35.9797568],[139.0801245,35.9797586],[139.0801149,35.9797732],[139.0801062,35.9797849],[139.0801038,35.9797884],[139.0800902,35.9798178],[139.0800722,35.9798553],[139.0800659,35.9798689],[139.0800497,35.9799032],[139.0800343,35.9799358],[139.0800266,35.9799527],[139.080025,35.9799576],[139.0800193,35.9799701],[139.0800135,35.9799834],[139.0800077,35.9799958],[139.0799995,35.9800146],[139.0799866,35.9800458],[139.0799813,35.9800586],[139.079967,35.9800925],[139.079962,35.9801137],[139.0799549,35.9801472],[139.0799548,35.9801475],[139.0799407,35.9801454],[139.0799399,35.9801453],[139.0799375,35.980145],[139.0799339,35.980144],[139.0799317,35.9801428],[139.0799301,35.9801412],[139.0799297,35.9801386],[139.0799302,35.9801362],[139.0799333,35.9801296],[139.07994,35.9801133],[139.0799626,35.9800585],[139.0799786,35.9800199],[139.0799942,35.9799825],[139.0800036,35.9799625],[139.0800207,35.9799215],[139.0800352,35.979891],[139.0800519,35.9798556],[139.0800608,35.9798358],[139.0800695,35.9798165],[139.0800841,35.9797848],[139.080097,35.9797579],[139.0801115,35.9797259],[139.0801233,35.9796992],[139.0801379,35.9796666],[139.0801478,35.9796477],[139.0801664,35.9796111],[139.0801767,35.9795898],[139.0801862,35.9795732],[139.0802078,35.9795294],[139.0802145,35.9795168],[139.0802223,35.9794895],[139.0802223,35.9794883],[139.0802227,35.9794135],[139.0802253,35.9793887],[139.0802326,35.979365],[139.0802417,35.9793453],[139.0802502,35.9793316],[139.0802525,35.9793285],[139.0802638,35.9793126],[139.080273,35.9793017],[139.0802886,35.9792888],[139.0802888,35.9792885],[139.0802956,35.9792842],[139.0802982,35.9792844],[139.0802986,35.9792845],[139.0803004,35.9792845],[139.0803007,35.9792846],[139.080322,35.9792923],[139.0803344,35.9792967],[139.0803747,35.9793162],[139.080372,35.9793227],[139.0803699,35.9793264],[139.0803686,35.9793285],[139.0803467,35.9793499],[139.080336,35.9793626],[139.080334,35.9793665],[139.0803305,35.9793653],[139.0802958,35.9793544],[139.0802815,35.9794016]]]},"properties":{"layer":"landuse","class_code":"205","class_label":"その他自然地（原野・牧野、荒れ地（耕作放棄地等自然的状況のもの）、低湿地、河川敷・河原、海浜、湖岸）"}},{"type":"Feature","id":"luse_81bf78ce-565c-43df-8322-90b9f263f349","geometry":{"type":"Polygon","coordinates":[[[139.0801196,35.9799758],[139.0801053,35.9800074],[139.0801052,35.9800078],[139.0800982,35.9800225],[139.0800896,35.9800428],[139.0800839,35.9800593],[139.0800753,35.9800837],[139.0800618,35.9801226],[139.0800587,35.9801347],[139.0800531,35.9801558],[139.0800529,35.9801561],[139.0800503,35.980162],[139.0800335,35.9801594],[139.0799959,35.9801536],[139.0799879,35.9801524],[139.0799881,35.9801514],[139.0799953,35.9801147],[139.0799977,35.9801026],[139.0800107,35.980062],[139.0800116,35.9800588],[139.0800139,35.9800501],[139.0800133,35.9800407],[139.080019,35.9800202],[139.0800294,35.9799963],[139.0800344,35.9799854],[139.0800344,35.9799787],[139.0800323,35.9799701],[139.0800334,35.9799673],[139.0800369,35.9799645],[139.0800411,35.9799617],[139.0800442,35.9799618],[139.0800472,35.9799617],[139.0800502,35.9799609],[139.0800531,35.9799568],[139.0800553,35.9799472],[139.0800753,35.9798939],[139.0800775,35.9798813],[139.0800822,35.9798653],[139.0801069,35.9798101],[139.0801288,35.9797702],[139.0801322,35.9797626],[139.0801376,35.9797504],[139.0801383,35.9797413],[139.0801412,35.9797355],[139.0801464,35.9797288],[139.0801523,35.9797227],[139.0801569,35.9797181],[139.0801627,35.9797122],[139.0801702,35.9796968],[139.0801805,35.979664],[139.0801814,35.9796603],[139.0801801,35.9796557],[139.0801785,35.9796517],[139.0801801,35.9796463],[139.0801828,35.9796392],[139.0801894,35.9796313],[139.0801921,35.9796276],[139.0801955,35.979626],[139.0801983,35.9796257],[139.0802022,35.9796253],[139.0802059,35.9796255],[139.0802116,35.9796202],[139.0802128,35.9796161],[139.0802168,35.9796071],[139.0802197,35.9796],[139.0802269,35.9795874],[139.080243,35.9795617],[139.0802455,35.9795544],[139.0802471,35.9795506],[139.0802449,35.9795428],[139.0802439,35.979533],[139.0802447,35.9795266],[139.0802502,35.9795185],[139.0802541,35.9795128],[139.0802619,35.9795061],[139.0802718,35.9794996],[139.080293,35.9794852],[139.0803032,35.9794747],[139.0803122,35.9794656],[139.0803223,35.9794569],[139.0803318,35.9794466],[139.0803392,35.9794387],[139.0803445,35.9794322],[139.0805003,35.9795098],[139.0804965,35.9796115],[139.0804175,35.9796176],[139.0804171,35.9796176],[139.0804066,35.9796201],[139.0803863,35.9796247],[139.0803796,35.9796265],[139.0803673,35.9796317],[139.080367,35.9796318],[139.0803443,35.9796434],[139.0803317,35.979651],[139.0803216,35.9796588],[139.0803089,35.9796704],[139.0802974,35.9796775],[139.0802847,35.9796852],[139.0802809,35.9796862],[139.0802691,35.9796834],[139.0802686,35.9796834],[139.0802677,35.9796832],[139.0802655,35.9796842],[139.0802536,35.9797067],[139.0802373,35.9797376],[139.0802259,35.9797606],[139.0802184,35.9797744],[139.0802068,35.979793],[139.080196,35.979805],[139.0801941,35.9798074],[139.0801768,35.9798466],[139.0801425,35.9799217],[139.0801196,35.9799758]]]},"properties":{"layer":"landuse","class_code":"205","class_label":"その他自然地（原野・牧野、荒れ地（耕作放棄地等自然的状況のもの）、低湿地、河川敷・河原、海浜、湖岸）"}},{"type":"Feature","id":"luse_bfaa3c1a-bfe9-4971-a686-8abda3f77fb6","geometry":{"type":"Polygon","coordinates":[[[139.0787034,35.9827837],[139.0787029,35.9827861],[139.0787042,35.9827915],[139.0787059,35.9828],[139.0787051,35.982806],[139.0787024,35.9828133],[139.0787012,35.9828249],[139.078694,35.9828161],[139.0786895,35.982811],[139.0786854,35.9828067],[139.078682,35.9828037],[139.0786766,35.9828],[139.0786697,35.9827973],[139.0786661,35.9827976],[139.0786641,35.9827976],[139.0786608,35.9827949],[139.0786562,35.9827917],[139.0786475,35.9827864],[139.0786431,35.9827846],[139.0786412,35.9827905],[139.0786446,35.9827923],[139.078648,35.9827936],[139.0786526,35.9827946],[139.0786557,35.9827973],[139.0786587,35.9827995],[139.0786664,35.9828024],[139.0786709,35.9828033],[139.0786765,35.9828048],[139.0786798,35.9828077],[139.0786832,35.9828115],[139.0786915,35.982823],[139.0786929,35.9828248],[139.0786955,35.9828279],[139.0786964,35.9828318],[139.0786943,35.9828351],[139.0786897,35.98284],[139.0786864,35.9828425],[139.0786785,35.9828479],[139.0786741,35.9828537],[139.0786724,35.9828597],[139.0786714,35.9828624],[139.0786699,35.9828663],[139.0786667,35.9828705],[139.0786636,35.9828737],[139.078661,35.9828775],[139.0786586,35.9828832],[139.0786559,35.9828892],[139.0786509,35.9828945],[139.0786486,35.9828992],[139.078645,35.9829197],[139.0786432,35.982928],[139.0786401,35.9829316],[139.0786354,35.9829347],[139.0786289,35.9829412],[139.0786228,35.9829468],[139.0786172,35.9829571],[139.0786117,35.9829657],[139.0785853,35.9829921],[139.0785757,35.9830009],[139.0785729,35.9830044],[139.0785682,35.9830081],[139.0785634,35.9830115],[139.0785549,35.9830166],[139.0785523,35.9830183],[139.0785385,35.9830219],[139.0785339,35.9830213],[139.0785253,35.9830229],[139.0785157,35.9830265],[139.0785033,35.9830439],[139.0785015,35.9830471],[139.0785007,35.983049],[139.0784761,35.9830839],[139.0784584,35.9831087],[139.0784456,35.9831286],[139.078437,35.9831439],[139.0784307,35.9831585],[139.0784199,35.9831827],[139.078411,35.9832033],[139.078406,35.9832149],[139.0783971,35.9832355],[139.0783892,35.9832549],[139.0783769,35.9832841],[139.0783665,35.9833068],[139.0783537,35.9833329],[139.0783534669192,35.983333333333334],[139.0782269971506,35.983333333333334],[139.0782269,35.9832856],[139.0782294,35.9832113],[139.0782405,35.9831455],[139.0782993,35.9830801],[139.0784038,35.9830106],[139.078565,35.9829086],[139.0786079,35.9828402],[139.0786261,35.9827688],[139.0786606,35.9827375],[139.0787034,35.9827837]]]},"properties":{"layer":"landuse","class_code":"205","class_label":"その他自然地（原野・牧野、荒れ地（耕作放棄地等自然的状況のもの）、低湿地、河川敷・河原、海浜、湖岸）"}},{"type":"Feature","id":"luse_88d05756-d04f-476d-92be-6ef592fbedab","geometry":{"type":"Polygon","coordinates":[[[139.07839683333333,35.983333333333334],[139.0783962,35.9833099],[139.0784009,35.9832914],[139.0784144,35.9832422],[139.078417,35.9832296],[139.0784197,35.9832202],[139.0784245,35.983213],[139.0784282,35.983208],[139.078431,35.9832035],[139.0784326,35.9832009],[139.0784381,35.9831947],[139.0784769,35.9831573],[139.0784915,35.9831441],[139.0785031,35.9831333],[139.0785146,35.9831213],[139.0785417,35.9830908],[139.0785499,35.9830842],[139.0785721,35.9830516],[139.0785825,35.9830361],[139.0785907,35.983026],[139.0785976,35.9830167],[139.0786077,35.9830071],[139.0786128,35.9830012],[139.0786192,35.9829939],[139.0786281,35.9829792],[139.0786321,35.9829723],[139.0786356,35.9829697],[139.0786395,35.9829668],[139.0786552,35.9829644],[139.078657,35.9829641],[139.0786616,35.9829538],[139.0786911,35.982904],[139.078703,35.9828961],[139.0786971,35.982892],[139.0787227,35.9828525],[139.0787404,35.9828267],[139.078741,35.9828239],[139.0787494,35.982833],[139.078763,35.9828477],[139.0786968,35.9829448],[139.0786305,35.9830182],[139.0786142,35.9830315],[139.0784756844626,35.983333333333334],[139.07839683333333,35.983333333333334]]]},"properties":{"layer":"landuse","class_code":"205","class_label":"その他自然地（原野・牧野、荒れ地（耕作放棄地等自然的状況のもの）、低湿地、河川敷・河原、海浜、湖岸）"}},{"type":"Feature","id":"luse_8d9f0086-f218-4240-8742-ffd2a38a872f","geometry":{"type":"Polygon","coordinates":[[[139.07725764203298,35.975],[139.0772216,35.9750387],[139.0772119,35.9750424],[139.0772024,35.9750404],[139.0771165,35.9750048],[139.07710579045226,35.975],[139.07725764203298,35.975]]]},"properties":{"layer":"landuse","class_code":"211","class_label":"住宅用地（住宅、共同住宅、店舗等併用住宅、店舗等併用共同住宅、作業所併用住宅）"}},{"type":"Feature","id":"luse_ce1745c6-b749-45cd-a1fd-72da038b7f02","geometry":{"type":"Polygon","coordinates":[[[139.0765796,35.9750598],[139.0765706,35.9750627],[139.0765604,35.9750681],[139.0765414,35.9750886],[139.0765342,35.9750997],[139.0764969,35.9751596],[139.0764732,35.9752016],[139.0764682,35.9752099],[139.0764679,35.9752098],[139.07646,35.9752052],[139.0764503,35.9751997],[139.0764391,35.9751928],[139.0763839,35.9751591],[139.0763172,35.9751186],[139.0762231,35.9750635],[139.0761769,35.9750445],[139.0761499,35.9750361],[139.0761495,35.975036],[139.0760944,35.9750244],[139.07600776945245,35.975],[139.0759609163752,35.975],[139.0759084,35.9750526],[139.0758774,35.9750852],[139.075807,35.9751572],[139.0757902,35.9751748],[139.0757471,35.9751858],[139.0757243,35.9751916],[139.075724,35.9751917],[139.0756983,35.9751976],[139.0756967,35.9751977],[139.0756957,35.9751977],[139.0756895,35.9751953],[139.0756864,35.9751922],[139.0756847,35.9751896],[139.0756836,35.9751865],[139.0757077,35.9751571],[139.0757494,35.9751053],[139.0757795,35.975068],[139.0758265,35.9750172],[139.0758455753894,35.975],[139.0770182,35.975],[139.0770408,35.9750113],[139.0770631,35.9750223],[139.0770353,35.9750478],[139.0770198,35.9750629],[139.0769899,35.9750866],[139.0769325,35.9751281],[139.0769126,35.9751418],[139.0768964,35.9751567],[139.0768737,35.9751783],[139.0768733,35.9751782],[139.0768616,35.9751782],[139.0768612,35.9751782],[139.0768516,35.9751773],[139.0768466,35.9751759],[139.0768463,35.9751758],[139.0767968,35.97515],[139.0766896,35.9750939],[139.0766475,35.9750724],[139.0766243,35.9750634],[139.0766083,35.9750593],[139.0766006,35.9750591],[139.0765934,35.9750589],[139.076593,35.9750589],[139.0765796,35.9750598]]]},"properties":{"layer":"landuse","class_code":"211","class_label":"住宅用地（住宅、共同住宅、店舗等併用住宅、店舗等併用共同住宅、作業所併用住宅）"}},{"type":"Feature","id":"luse_7ef624a0-286d-4fbf-a7b0-ab390cbf9099","geometry":{"type":"Polygon","coordinates":[[[139.0826722,35.9751824],[139.0827289,35.9752401],[139.0827308,35.975242],[139.0827309,35.9752629],[139.0827213,35.975294],[139.0826947,35.9753534],[139.0826885,35.9753634],[139.082666,35.9753985],[139.0826508,35.9754196],[139.0824929,35.9753094],[139.0826475,35.9751574],[139.0826722,35.9751824]]]},"properties":{"layer":"landuse","class_code":"211","class_label":"住宅用地（住宅、共同住宅、店舗等併用住宅、店舗等併用共同住宅、作業所併用住宅）"}},{"type":"Feature","id":"luse_b245bb41-5be7-4a77-a0a5-475b68a64d63","geometry":{"type":"Polygon","coordinates":[[[139.0766536,35.9753555],[139.0766373,35.9753635],[139.0765111,35.9754522],[139.0763809,35.975354],[139.0763916,35.9753469],[139.0764179,35.9753249],[139.0764374,35.9753045],[139.0764421,35.9752997],[139.0764649,35.975264],[139.0764682,35.9752524],[139.0764737,35.9752428],[139.0764766,35.9752378],[139.0764924,35.9752107],[139.076547,35.9751246],[139.0765564,35.9751096],[139.0765633,35.9751002],[139.0765711,35.9750927],[139.0765803,35.9750876],[139.0765897,35.975087],[139.076599,35.975088],[139.0765993,35.9750881],[139.0766054,35.9750901],[139.0766057,35.9750902],[139.076646,35.9751053],[139.0767364,35.97515],[139.0767889,35.9751779],[139.0767892,35.9751781],[139.0768084,35.9751871],[139.076818,35.9751915],[139.0768298,35.9751973],[139.0767915,35.9752714],[139.0767164,35.9753777],[139.0766647,35.9753548],[139.0766536,35.9753555]]]},"properties":{"layer":"landuse","class_code":"211","class_label":"住宅用地（住宅、共同住宅、店舗等併用住宅、店舗等併用共同住宅、作業所併用住宅）"}},{"type":"Feature","id":"luse_e3197480-1868-4f04-a150-713dce7df8e0","geometry":{"type":"Polygon","coordinates":[[[139.0823083,35.9750335],[139.0823106,35.9750361],[139.0823114,35.9750369],[139.0823384,35.9750663],[139.0823972,35.9751309],[139.0824016,35.9751364],[139.0824017,35.9751397],[139.0824012,35.9751414],[139.0823697,35.9751713],[139.0823487,35.9751866],[139.0822941,35.9752229],[139.0822638,35.9752404],[139.0821675,35.9752962],[139.0821335,35.9753179],[139.0820934,35.9753438],[139.0820579,35.975373],[139.0820062,35.9754159],[139.0820019,35.9754201],[139.081936,35.9754711],[139.0818962,35.9755003],[139.0818958,35.9755002],[139.081894,35.9755002],[139.081892,35.9755001],[139.0818916,35.9755],[139.0818906,35.9754997],[139.0818895,35.9754992],[139.0818629,35.975475],[139.0818302,35.9754439],[139.081793,35.9754121],[139.0817261,35.9753579],[139.0816965,35.9753342],[139.0817477,35.9752859],[139.0818052,35.9752853],[139.0818322,35.9752769],[139.0819316,35.9751936],[139.0819085,35.9751582],[139.0819051,35.975141],[139.0819971,35.97509],[139.0819988,35.975069],[139.0820148,35.9750679],[139.0821315,35.9750547],[139.0821319,35.9750547],[139.0821918,35.9750514],[139.0821922,35.9750514],[139.0822136,35.9750505],[139.0822442,35.9750451],[139.0822974,35.975032],[139.0823017,35.9750319],[139.0823021,35.9750319],[139.0823055,35.9750323],[139.0823059,35.9750323],[139.0823083,35.9750335]]]},"properties":{"layer":"landuse","class_code":"211","class_label":"住宅用地（住宅、共同住宅、店舗等併用住宅、店舗等併用共同住宅、作業所併用住宅）"}},{"type":"Feature","id":"luse_f23b5cd1-b79a-47b5-9d96-3fe44f2d4750","geometry":{"type":"Polygon","coordinates":[[[139.0774272,35.9752225],[139.0774348,35.975231],[139.0774349,35.9752412],[139.0774233,35.9752517],[139.0774087,35.9752615],[139.0773355,35.9753098],[139.0773351,35.9753102],[139.0773004,35.975332],[139.0772646,35.9753548],[139.0772485,35.9753651],[139.0771879,35.9754025],[139.0771501,35.9754266],[139.0770877,35.9754668],[139.0770107,35.9755148],[139.0769981,35.9755249],[139.0768885,35.975467],[139.0768837,35.9754646],[139.0770499,35.9753388],[139.0768665,35.9752151],[139.0768921,35.9751959],[139.0769028,35.9751877],[139.0769166,35.9751722],[139.0769244,35.9751643],[139.0769262,35.9751625],[139.0769324,35.9751562],[139.0769493,35.9751418],[139.0769547,35.9751373],[139.0769904,35.9751111],[139.0770089,35.9750979],[139.0770359,35.9750751],[139.0770534,35.9750598],[139.077075,35.9750418],[139.0770826,35.9750372],[139.0770862,35.975036],[139.0770866,35.9750359],[139.0770902,35.9750353],[139.0770919,35.9750353],[139.0770934,35.9750355],[139.0771594,35.9750637],[139.0771615,35.9750648],[139.0771822,35.9750738],[139.077191,35.9750775],[139.0772001,35.9750823],[139.0772026,35.9750786],[139.0772343,35.9750925],[139.0772636,35.9751054],[139.0773339,35.9751528],[139.0773929,35.9751923],[139.0774272,35.9752225]]]},"properties":{"layer":"landuse","class_code":"211","class_label":"住宅用地（住宅、共同住宅、店舗等併用住宅、店舗等併用共同住宅、作業所併用住宅）"}},{"type":"Feature","id":"luse_e0b20e23-7a46-4585-af7c-ed4a5fdd3ece","geometry":{"type":"Polygon","coordinates":[[[139.0782396,35.9753311],[139.0780828,35.9755374],[139.0780602,35.9755247],[139.0780239,35.9755038],[139.078016,35.9754992],[139.07794,35.9754547],[139.0779235,35.9754463],[139.077901,35.975435],[139.0778428,35.9754029],[139.0777854,35.9753681],[139.0777516,35.975348],[139.0777455,35.9753445],[139.0776966,35.9753124],[139.0776744,35.975298],[139.0776144,35.9752577],[139.0776329,35.9752319],[139.0776397,35.9752217],[139.0776552,35.9752019],[139.07766,35.9751962],[139.0776635,35.9751959],[139.0776674,35.9751961],[139.077672,35.9751976],[139.0776776,35.9752007],[139.0776858,35.9752052],[139.0776993,35.9752145],[139.077721,35.9752294],[139.0777428,35.975241],[139.0777513,35.9752423],[139.0777612,35.9752411],[139.0778272,35.975229],[139.0778276,35.975229],[139.0778955,35.9752143],[139.0778939,35.9751931],[139.0778744,35.9751948],[139.077874,35.9751948],[139.0778615,35.9751956],[139.0778357,35.9751971],[139.0777542,35.9752022],[139.0777538,35.9752022],[139.0777422,35.9752026],[139.0777329,35.9752006],[139.0777326,35.9752005],[139.0777229,35.9751965],[139.0777123,35.975189],[139.0776929,35.9751734],[139.0776916,35.975172],[139.07769,35.9751697],[139.0776882,35.975166],[139.0776881,35.975164],[139.0776884,35.9751612],[139.0777206,35.9751168],[139.0777274,35.9751085],[139.0777494,35.9750814],[139.0777906,35.9750349],[139.0777974,35.9750273],[139.07782197439613,35.975],[139.0779771163077,35.975],[139.0779824,35.9750081],[139.0780779,35.9750988],[139.0781097,35.975152],[139.0781396,35.9752119],[139.0781992,35.9752993],[139.0782246,35.9753192],[139.0782396,35.9753311]]]},"properties":{"layer":"landuse","class_code":"211","class_label":"住宅用地（住宅、共同住宅、店舗等併用住宅、店舗等併用共同住宅、作業所併用住宅）"}},{"type":"Feature","id":"luse_e68bc563-eadf-4836-96b7-5c38941a20fc","geometry":{"type":"Polygon","coordinates":[[[139.0817812,35.9754215],[139.0818178,35.975453],[139.0818504,35.9754838],[139.0818791,35.97551],[139.081882,35.975512],[139.0818839,35.9755144],[139.0818844,35.9755174],[139.081884,35.9755199],[139.0818828,35.9755221],[139.0818357,35.9755759],[139.0818222,35.97559],[139.0817205,35.9756715],[139.0817179,35.9756727],[139.081716,35.9756734],[139.0817134,35.9756739],[139.0817105,35.975674],[139.0817102,35.975674],[139.0817082,35.9756737],[139.0817079,35.9756736],[139.0817059,35.9756729],[139.0817055,35.9756722],[139.0816977,35.9756646],[139.0816864,35.9756535],[139.0816819,35.975649],[139.0816809,35.9756479],[139.0816614,35.9756252],[139.0816081,35.9755739],[139.0815837,35.9755504],[139.0816628,35.9754783],[139.0817734,35.9754151],[139.0817812,35.9754215]]]},"properties":{"layer":"landuse","class_code":"211","class_label":"住宅用地（住宅、共同住宅、店舗等併用住宅、店舗等併用共同住宅、作業所併用住宅）"}},{"type":"Feature","id":"luse_bc503f9d-a705-42ec-9708-59805984445c","geometry":{"type":"Polygon","coordinates":[[[139.0835812,35.9753922],[139.0835781,35.9754041],[139.083459,35.9754805],[139.0834426,35.975503],[139.083442,35.9755249],[139.0835687,35.9756264],[139.0835728,35.9756423],[139.0834462,35.9757733],[139.0834271,35.9757719],[139.0832174,35.9756014],[139.0832551,35.9755691],[139.0832608,35.9755642],[139.0833423,35.9755062],[139.0834537,35.9754364],[139.0834771,35.9754206],[139.0835704,35.9753575],[139.0835812,35.9753922]]]},"properties":{"layer":"landuse","class_code":"211","class_label":"住宅用地（住宅、共同住宅、店舗等併用住宅、店舗等併用共同住宅、作業所併用住宅）"}},{"type":"Feature","id":"luse_79cf1340-db43-44de-a393-e9baf1862819","geometry":{"type":"Polygon","coordinates":[[[139.082533,35.9755802],[139.0825218,35.9755953],[139.0824798,35.9756527],[139.0824418,35.9757029],[139.0824064,35.9757412],[139.0823589,35.9757916],[139.0823414,35.9758089],[139.0823307,35.9758209],[139.0823303,35.9758209],[139.0823287,35.9758208],[139.0823273,35.9758207],[139.0823251,35.97582],[139.0823216,35.9758181],[139.0823126,35.975814],[139.0823123,35.9758138],[139.0822791,35.975802],[139.0822473,35.9757907],[139.0821659,35.975763],[139.0821655,35.9757629],[139.0821446,35.9757552],[139.0821348,35.9757488],[139.0821253,35.9757429],[139.0821187,35.975737],[139.0821121,35.9757316],[139.0821073,35.9757263],[139.0820921,35.9757084],[139.0820894,35.9757026],[139.082102,35.9756906],[139.0821425,35.9756508],[139.0821579,35.9756365],[139.0821646,35.9756299],[139.0821516,35.9756214],[139.0823123,35.9754569],[139.082533,35.9755802]]]},"properties":{"layer":"landuse","class_code":"211","class_label":"住宅用地（住宅、共同住宅、店舗等併用住宅、店舗等併用共同住宅、作業所併用住宅）"}},{"type":"Feature","id":"luse_bd76dc55-2eb8-452b-8afd-7e2a8f2b02d3","geometry":{"type":"Polygon","coordinates":[[[139.078725,35.9756868],[139.0787134,35.9757009],[139.0787085,35.9757067],[139.0786584,35.9757775],[139.0785714,35.9758867],[139.0785693,35.9758874],[139.0785681,35.9758874],[139.0785643,35.9758845],[139.078562,35.9758827],[139.0785414,35.9758668],[139.0784958,35.9758316],[139.0783474,35.975717],[139.0783398,35.975711],[139.0783486,35.9756987],[139.0783488,35.9756983],[139.0783585,35.9756829],[139.0784422,35.9755963],[139.0785469,35.9756606],[139.0785797,35.9756277],[139.078725,35.9756868]]]},"properties":{"layer":"landuse","class_code":"211","class_label":"住宅用地（住宅、共同住宅、店舗等併用住宅、店舗等併用共同住宅、作業所併用住宅）"}},{"type":"Feature","id":"luse_0d43d9dc-874c-421f-be5d-0205c77ac720","geometry":{"type":"Polygon","coordinates":[[[139.0755903,35.9752591],[139.0755746,35.9752721],[139.0755553,35.9752903],[139.0755446,35.9752989],[139.0755118,35.9753251],[139.0755038,35.9753315],[139.0754957,35.9753382],[139.0754378,35.9753889],[139.0754073,35.9754155],[139.0754054,35.9754172],[139.0754037,35.9754184],[139.0753889,35.9754306],[139.0753877,35.9754315],[139.0753873,35.9754318],[139.075386,35.9754331],[139.0753749,35.9754433],[139.0753693,35.9754486],[139.0751422,35.9756687],[139.0751323,35.9756777],[139.0750921,35.9757062],[139.0750792,35.9757154],[139.0750011,35.9757703],[139.075,35.97577107564104],[139.075,35.97540788122066],[139.07502,35.9753839],[139.075,35.97537285999999],[139.075,35.97517697970661],[139.0750288,35.9751567],[139.0750523,35.9751401],[139.075,35.97509240636856],[139.075,35.975],[139.07504369130433,35.975],[139.0750921,35.9750418],[139.0751961,35.9751351],[139.0752138,35.9751495],[139.0752266,35.9751586],[139.0752594,35.9751764],[139.0753592,35.9752545],[139.0753635,35.9752552],[139.0753697,35.975253],[139.0754358,35.9751938],[139.0754393,35.9751907],[139.0754397,35.9751906],[139.0754452,35.9751892],[139.0754493,35.9751882],[139.0754632,35.9751971],[139.075472,35.9752049],[139.0754807,35.9752051],[139.0755648,35.9751353],[139.0755204,35.9751024],[139.07563554723825,35.975],[139.07568407371713,35.975],[139.0757721,35.975061],[139.0757699,35.9750635],[139.0757336,35.9751057],[139.0756754,35.9751757],[139.0756479,35.9752091],[139.0756232,35.9752319],[139.0756098,35.975243],[139.0755903,35.9752591]]]},"properties":{"layer":"landuse","class_code":"211","class_label":"住宅用地（住宅、共同住宅、店舗等併用住宅、店舗等併用共同住宅、作業所併用住宅）"}},{"type":"Feature","id":"luse_f8ce7973-f85f-469a-a5fe-8cc1b005f3d5","geometry":{"type":"Polygon","coordinates":[[[139.0810901,35.9756837],[139.08109,35.9756845],[139.0810901,35.9756915],[139.0810966,35.9757208],[139.0811036,35.9757523],[139.0811117,35.9757882],[139.0811136,35.9757955],[139.0811146,35.975803],[139.0811156,35.9758142],[139.0811129,35.9758195],[139.0811084,35.9758234],[139.0810966,35.9758331],[139.081082,35.9758473],[139.0810638,35.9758602],[139.0809982,35.9758995],[139.0809256,35.9759573],[139.080866,35.9759003],[139.0809158,35.9758415],[139.0810126,35.975783],[139.0810887,35.9756793],[139.0810901,35.9756837]]]},"properties":{"layer":"landuse","class_code":"211","class_label":"住宅用地（住宅、共同住宅、店舗等併用住宅、店舗等併用共同住宅、作業所併用住宅）"}},{"type":"Feature","id":"luse_dbd9bdc8-ff18-4b4a-8afe-6b7e3f8a8e54","geometry":{"type":"Polygon","coordinates":[[[139.0815337,35.9755029],[139.0815154,35.9755164],[139.0815236,35.9755246],[139.081529,35.9755297],[139.0816132,35.9756109],[139.0816412,35.9756379],[139.0816602,35.9756599],[139.0816684,35.9756723],[139.0816704,35.9756754],[139.0816744,35.9756816],[139.0816787,35.9756913],[139.0816801,35.9756944],[139.0816803,35.9756983],[139.0816796,35.9757035],[139.0816672,35.9757131],[139.0816146,35.9757543],[139.0815248,35.9758237],[139.0814707,35.9758587],[139.0813348,35.9759322],[139.0813155,35.9759432],[139.0812665,35.9759658],[139.0812197,35.9759876],[139.0812154,35.9759896],[139.081214,35.9759899],[139.0812134,35.9759899],[139.0812122,35.9759899],[139.0812103,35.9759894],[139.0812092,35.9759882],[139.0812077,35.9759832],[139.0811701,35.975874],[139.0811616,35.9758492],[139.0811492,35.9758103],[139.0811445,35.9757986],[139.0811387,35.9757829],[139.0811308,35.975748],[139.0811181,35.9756906],[139.0811192,35.9756807],[139.0811247,35.975672],[139.0811316,35.9756633],[139.081189,35.9755797],[139.0812654,35.9754648],[139.0812411,35.9754541],[139.0811648,35.9755689],[139.081107,35.9756527],[139.0810731,35.9755433],[139.0811333,35.9753853],[139.081198,35.9752426],[139.0813902,35.9752667],[139.0814085,35.9753184],[139.0813798,35.9753735],[139.0815337,35.9755029]]]},"properties":{"layer":"landuse","class_code":"211","class_label":"住宅用地（住宅、共同住宅、店舗等併用住宅、店舗等併用共同住宅、作業所併用住宅）"}},{"type":"Feature","id":"luse_005bc2f1-5c90-4a8e-a89c-e23bb5b27975","geometry":{"type":"Polygon","coordinates":[[[139.079364,35.9758691],[139.0793219,35.9758456],[139.0792566,35.9758055],[139.0791843,35.9757601],[139.078977,35.9760311],[139.0789762,35.97603],[139.0789695,35.9760239],[139.078966,35.9760216],[139.0788698,35.9759464],[139.0788636,35.9759431],[139.0788174,35.9759185],[139.0787158,35.9758664],[139.0787035,35.9758602],[139.0787032,35.9758601],[139.0786639,35.97584],[139.078663,35.9758395],[139.0786621,35.9758388],[139.0786614,35.9758378],[139.0786612,35.9758371],[139.0786835,35.9758076],[139.0787479,35.9757223],[139.0787628,35.9757041],[139.078772,35.9756892],[139.0787774,35.97568],[139.0787856,35.9756691],[139.0787918,35.9756608],[139.078822,35.9756119],[139.0788386,35.975589],[139.0788574,35.9755704],[139.0789319,35.9754963],[139.0789403,35.9754912],[139.078947,35.9754892],[139.0789563,35.9754902],[139.0790629,35.975532],[139.0791798,35.9755964],[139.079217,35.9756169],[139.0793289,35.9756877],[139.0793574,35.9756477],[139.0793667,35.9756405],[139.0793759,35.9756375],[139.0793842,35.9756417],[139.0794467,35.975679],[139.079458,35.9756875],[139.0794636,35.9756969],[139.0794489,35.9757126],[139.0794318,35.9757292],[139.0794278,35.9757339],[139.0794447,35.9757592],[139.0794537,35.9757664],[139.0794248,35.9758008],[139.0794218,35.9758049],[139.0793878,35.9758504],[139.0793684,35.9758652],[139.079364,35.9758691]]]},"properties":{"layer":"landuse","class_code":"211","class_label":"住宅用地（住宅、共同住宅、店舗等併用住宅、店舗等併用共同住宅、作業所併用住宅）"}},{"type":"Feature","id":"luse_ec456ce4-0dde-4798-b346-b6263797495b","geometry":{"type":"Polygon","coordinates":[[[139.075393,35.9754694],[139.0754473,35.9755269],[139.0755362,35.9756324],[139.075573,35.975702],[139.0754001,35.9758732],[139.0753575,35.9759028],[139.0752547,35.9758502],[139.0750319,35.9760786],[139.075,35.97605159803149],[139.075,35.97581792750335],[139.0751466,35.9757184],[139.0752339,35.9756536],[139.075337,35.9757323],[139.0753646,35.9757052],[139.0752708,35.9756342],[139.0752758,35.9755962],[139.075393,35.9754694]]]},"properties":{"layer":"landuse","class_code":"211","class_label":"住宅用地（住宅、共同住宅、店舗等併用住宅、店舗等併用共同住宅、作業所併用住宅）"}},{"type":"Feature","id":"luse_52479ea3-827d-4986-8c67-1fd0cbd69f9d","geometry":{"type":"Polygon","coordinates":[[[139.0786434,35.9758604],[139.0786449,35.9758607],[139.0786463,35.9758615],[139.07865,35.9758634],[139.0786985,35.9758875],[139.0788727,35.9759783],[139.0789576,35.9760299],[139.0789603,35.9760318],[139.0789627,35.976034],[139.0789624,35.9760359],[139.0789616,35.9760377],[139.0789497,35.9760538],[139.0789411,35.976066],[139.078896,35.9761233],[139.0788889,35.9761326],[139.0788853,35.9761371],[139.0788832,35.9761382],[139.0788793,35.9761385],[139.0788761,35.9761379],[139.0788735,35.976137],[139.078869,35.9761341],[139.0788616,35.9761282],[139.0787869,35.9760654],[139.0787804,35.97606],[139.0787497,35.9760341],[139.0787286,35.9760175],[139.0787266,35.9760158],[139.0786739,35.9759743],[139.0786414,35.9759477],[139.078635,35.9759426],[139.078634,35.9759418],[139.0786131,35.9759249],[139.0786053,35.9759184],[139.0786013,35.9759154],[139.0786002,35.9759104],[139.078603,35.9759076],[139.078642,35.9758603],[139.0786434,35.9758604]]]},"properties":{"layer":"landuse","class_code":"211","class_label":"住宅用地（住宅、共同住宅、店舗等併用住宅、店舗等併用共同住宅、作業所併用住宅）"}},{"type":"Feature","id":"luse_814feb0b-32b4-4f37-b248-690edbe385dd","geometry":{"type":"Polygon","coordinates":[[[139.0764344,35.976214],[139.0764143,35.9762382],[139.0763566,35.9763045],[139.0762526,35.9762378],[139.0763391,35.9761515],[139.0764344,35.976214]]]},"properties":{"layer":"landuse","class_code":"211","class_label":"住宅用地（住宅、共同住宅、店舗等併用住宅、店舗等併用共同住宅、作業所併用住宅）"}},{"type":"Feature","id":"luse_110c2193-5230-4215-b0eb-5f267e047a4e","geometry":{"type":"Polygon","coordinates":[[[139.0827575,35.9757796],[139.0827352,35.97581],[139.0827151,35.9758317],[139.0826945,35.9758467],[139.0826607,35.9758689],[139.0825999,35.9759152],[139.0825611,35.9759505],[139.0825254,35.9759758],[139.0825234,35.9759774],[139.0825167,35.9759815],[139.0824954,35.9759947],[139.0823967,35.9760522],[139.0823565,35.9760736],[139.0823083,35.9760945],[139.082304,35.976097],[139.0822096,35.9761512],[139.0821812,35.9761662],[139.0821518,35.9761819],[139.0820877,35.9762228],[139.0820838,35.9762252],[139.082031,35.9762575],[139.0820058,35.9762779],[139.0819502,35.9763123],[139.0818718,35.9763456],[139.0818646,35.9763479],[139.0818543,35.9763513],[139.0818187,35.9763627],[139.0817787,35.9763738],[139.0817698,35.9763763],[139.0817581,35.9763458],[139.0817532,35.9763382],[139.0817519,35.976336],[139.0817532,35.9763355],[139.0817762,35.9763254],[139.0818804,35.9762938],[139.0818819,35.9762933],[139.0819013,35.9762871],[139.0819169,35.9762811],[139.0819429,35.9762716],[139.0819577,35.9762648],[139.0819723,35.9762569],[139.0820011,35.9762396],[139.0820342,35.9762144],[139.0820789,35.9761653],[139.0821095,35.9761311],[139.0821617,35.9760635],[139.082187,35.9760328],[139.0822445,35.9759664],[139.0823112,35.9758879],[139.0823691,35.975827],[139.0824469,35.975746],[139.0824729,35.9757172],[139.0825081,35.9756658],[139.0825592,35.9755975],[139.0826805,35.9756408],[139.0826854,35.9757412],[139.0826988,35.9757484],[139.0827327,35.9757664],[139.0827575,35.9757796]]]},"properties":{"layer":"landuse","class_code":"211","class_label":"住宅用地（住宅、共同住宅、店舗等併用住宅、店舗等併用共同住宅、作業所併用住宅）"}},{"type":"Feature","id":"luse_24332056-b43f-4c8a-bbb9-a8285a6e768a","geometry":{"type":"Polygon","coordinates":[[[139.0756204,35.9760544],[139.0756021,35.9760743],[139.0755859,35.9760923],[139.0755315,35.976152],[139.0755098,35.976177],[139.0754873,35.9762031],[139.0754294,35.9762714],[139.0753979,35.9763086],[139.0753708,35.976335],[139.0753531,35.976352],[139.0753516,35.9763532],[139.0753006,35.9763088],[139.0752703,35.9762823],[139.0752471,35.9762622],[139.0752419,35.9762577],[139.0751665,35.9761941],[139.075492,35.9758967],[139.0756497,35.9759715],[139.0756983,35.9759176],[139.0756693,35.9758479],[139.0756367,35.9757685],[139.0756357,35.9757662],[139.075617,35.975722],[139.0756145,35.9757174],[139.0755997,35.9756908],[139.0755622,35.9756374],[139.0755058,35.9755618],[139.0754457,35.9754873],[139.0754171,35.9754528],[139.0754141,35.9754487],[139.0754217,35.9754426],[139.0754251,35.9754399],[139.0754327,35.9754336],[139.0754375,35.9754292],[139.0754407,35.9754261],[139.0755094,35.9753631],[139.0755302,35.9753439],[139.0755864,35.9752991],[139.0755994,35.9752888],[139.075641,35.975251],[139.0756954,35.9752244],[139.0757373,35.9752124],[139.0758096,35.9751969],[139.0758131,35.9751956],[139.0758607,35.9751513],[139.0759045,35.975101],[139.0759248,35.9750792],[139.0759074,35.9750697],[139.0759191,35.975059],[139.0759648,35.9750135],[139.0759763,35.9750019],[139.0760922,35.9750333],[139.0761656,35.9750502],[139.0761719,35.975053],[139.0762203,35.9750754],[139.0763623,35.9751608],[139.0764221,35.9751964],[139.0764429,35.9752087],[139.0764608,35.9752207],[139.0764527,35.9752347],[139.0764448,35.9752485],[139.076428,35.9752736],[139.0764174,35.9752858],[139.0764,35.9753043],[139.0763984,35.975306],[139.0763706,35.975331],[139.076363,35.9753383],[139.0763584,35.9753458],[139.0763504,35.9753529],[139.0763379,35.975344],[139.0761077,35.9751796],[139.075996,35.9752851],[139.0762455,35.9754538],[139.0762272,35.9754716],[139.0762165,35.9754826],[139.0761955,35.975504],[139.07614,35.9755608],[139.076132,35.975568],[139.0761153,35.9755834],[139.0760777,35.9755631],[139.0760043,35.9755234],[139.0758962,35.9756261],[139.0759516,35.9756702],[139.0759818,35.9756941],[139.0759493,35.9757228],[139.0758773,35.975787],[139.0758684,35.9757947],[139.0758611,35.9758011],[139.0758558,35.9758064],[139.0758337,35.9758281],[139.0757905,35.9758707],[139.0757842,35.975877],[139.0757704,35.9758922],[139.075756,35.9759083],[139.0757278,35.9759393],[139.0757144,35.9759402],[139.0756991,35.9759526],[139.0756981,35.9759655],[139.0756204,35.9760544]]]},"properties":{"layer":"landuse","class_code":"211","class_label":"住宅用地（住宅、共同住宅、店舗等併用住宅、店舗等併用共同住宅、作業所併用住宅）"}},{"type":"Feature","id":"luse_de8df383-e8a3-4692-8d08-9c9954422fce","geometry":{"type":"Polygon","coordinates":[[[139.0783295,35.9763992],[139.0782852,35.9764062],[139.0781814,35.9763479],[139.07799,35.9762404],[139.0778116,35.9761353],[139.0778177,35.9761277],[139.0778634,35.9760658],[139.0778836,35.9760367],[139.07792,35.9759901],[139.0779286,35.9759787],[139.0780607,35.9760344],[139.0780947,35.975996],[139.0781445,35.9759606],[139.0781586,35.9759588],[139.0781749,35.9759624],[139.0781758,35.9759691],[139.0781803,35.9759778],[139.0782038,35.9759916],[139.0782676,35.9760292],[139.0783028,35.9760369],[139.0783181,35.9760451],[139.0783363,35.9760564],[139.0783605,35.9760793],[139.0783376,35.9761059],[139.0783293,35.9761126],[139.0783228,35.9761169],[139.0783145,35.9761215],[139.0783042,35.9761273],[139.0782955,35.9761308],[139.078288,35.9761321],[139.0782822,35.9761323],[139.0782749,35.9761325],[139.0782745,35.9761324],[139.078262,35.9761313],[139.0782483,35.9761284],[139.0782409,35.9761542],[139.078256,35.9761579],[139.0782732,35.9761595],[139.0782735,35.9761595],[139.0782824,35.9761593],[139.0782921,35.976159],[139.0783066,35.9761565],[139.0783213,35.9761506],[139.0783332,35.9761438],[139.0783425,35.9761386],[139.0783514,35.9761327],[139.0783632,35.9761234],[139.0783738,35.9761108],[139.0785415,35.9762267],[139.0787234,35.9760545],[139.0788369,35.9761484],[139.0788491,35.9761596],[139.078853,35.9761636],[139.0788523,35.9761673],[139.0788513,35.9761706],[139.0787458,35.9762742],[139.0787266,35.9762938],[139.0786925,35.9763283],[139.0786903,35.9763267],[139.0785103,35.9762462],[139.0783295,35.9763992]]]},"properties":{"layer":"landuse","class_code":"211","class_label":"住宅用地（住宅、共同住宅、店舗等併用住宅、店舗等併用共同住宅、作業所併用住宅）"}},{"type":"Feature","id":"luse_ebe6b364-caff-45ae-b0a7-b6ca6c751b7c","geometry":{"type":"Polygon","coordinates":[[[139.0790434,35.9762836],[139.0790315,35.9762933],[139.078908,35.9764208],[139.0788595,35.9763906],[139.0787389,35.9763241],[139.0787289,35.9763187],[139.0787641,35.9762859],[139.0788589,35.976192],[139.0788613,35.9761894],[139.0788636,35.976187],[139.0788648,35.976186],[139.0788654,35.9761856],[139.0788664,35.9761851],[139.0788702,35.9761841],[139.0788739,35.9761844],[139.0788774,35.9761866],[139.0789075,35.9762052],[139.0790159,35.9762679],[139.0790283,35.976275],[139.0790434,35.9762836]]]},"properties":{"layer":"landuse","class_code":"211","class_label":"住宅用地（住宅、共同住宅、店舗等併用住宅、店舗等併用共同住宅、作業所併用住宅）"}},{"type":"Feature","id":"luse_3dbca42f-3336-425f-8db2-0ed4951ad7aa","geometry":{"type":"Polygon","coordinates":[[[139.0821346,35.9758582],[139.0820401,35.9758498],[139.0820502,35.9757879],[139.0821376,35.9757927],[139.0821346,35.9758582]]]},"properties":{"layer":"landuse","class_code":"214","class_label":"公益施設用地（官公庁施設、文教厚生施設、供給処理施設）"}},{"type":"Feature","id":"luse_414e0389-4047-474a-8e66-8e6af11acd5d","geometry":{"type":"Polygon","coordinates":[[[139.0778104,35.9763228],[139.077875,35.9763702],[139.0777978,35.9764538],[139.0776647,35.9763804],[139.0777571,35.9762792],[139.0778104,35.9763228]]]},"properties":{"layer":"landuse","class_code":"211","class_label":"住宅用地（住宅、共同住宅、店舗等併用住宅、店舗等併用共同住宅、作業所併用住宅）"}},{"type":"Feature","id":"luse_65093c05-2e00-4e07-b2e8-73d7f5a65b1e","geometry":{"type":"Polygon","coordinates":[[[139.0757475,35.9762625],[139.0757424,35.9762714],[139.0757374,35.9762861],[139.0757317,35.9763111],[139.0757264,35.9763339],[139.0757166,35.9763656],[139.0757087,35.9763792],[139.0756929,35.9763945],[139.0756818,35.9764038],[139.0756764,35.9764062],[139.075622,35.9764254],[139.0755782,35.9764394],[139.0755378,35.9764523],[139.0755149,35.9764587],[139.0755095,35.9764602],[139.075481,35.9764659],[139.075428,35.9764197],[139.0753764,35.9763748],[139.0753856,35.9763635],[139.0753904,35.9763577],[139.075425,35.9763157],[139.075429,35.9763108],[139.0754966,35.9762288],[139.0756529,35.976055],[139.0757282,35.9759694],[139.0757932,35.975904],[139.0758167,35.9758803],[139.0758267,35.9758702],[139.0758938,35.9758037],[139.0759413,35.975757],[139.0759416,35.9757567],[139.0759929,35.9757084],[139.0759969,35.9757051],[139.0760481,35.9757419],[139.076157,35.9756881],[139.076212,35.9757201],[139.0762366,35.9757344],[139.0762502,35.9757501],[139.0762496,35.9757873],[139.0762523,35.9757901],[139.0762532,35.9757942],[139.0762531,35.9757978],[139.0762522,35.9757999],[139.0762007,35.9758807],[139.0762456,35.9759068],[139.076246,35.9759069],[139.0762694,35.9758398],[139.0762734,35.9758324],[139.076279,35.9758293],[139.0762862,35.9758279],[139.0762906,35.9758284],[139.0762912,35.9758284],[139.0762938,35.9758288],[139.0763088,35.9758369],[139.0763307,35.9758492],[139.0763735,35.9758732],[139.0764486,35.9759154],[139.0764489,35.9759155],[139.0764546,35.9759184],[139.0764718,35.9759278],[139.076524,35.9759556],[139.0765243,35.9759558],[139.0766027,35.9759935],[139.0766047,35.9759965],[139.0766053,35.9759995],[139.0766054,35.9760026],[139.076604,35.9760069],[139.076587,35.9760277],[139.0765503,35.9760725],[139.076516,35.9761147],[139.0764876,35.9761496],[139.0764646,35.9761779],[139.0761739,35.9759941],[139.0760166,35.9758815],[139.075865,35.9760255],[139.0758148,35.9759937],[139.0757579,35.9760515],[139.0758179,35.9761616],[139.0758876,35.9762326],[139.0761038,35.9763931],[139.0760854,35.9764123],[139.0759213,35.9763969],[139.075801,35.9764034],[139.0758018,35.9764004],[139.0758021,35.9763987],[139.0757759,35.9763344],[139.0757685,35.976312],[139.0757669,35.976299],[139.0757692,35.9762895],[139.0757764,35.9762794],[139.0757893,35.9762684],[139.0757633,35.9762472],[139.0757475,35.9762625]]]},"properties":{"layer":"landuse","class_code":"211","class_label":"住宅用地（住宅、共同住宅、店舗等併用住宅、店舗等併用共同住宅、作業所併用住宅）"}},{"type":"Feature","id":"luse_899061fe-4e0e-4535-ad2e-01a2c213ee54","geometry":{"type":"Polygon","coordinates":[[[139.082174,35.9764644],[139.0821603,35.9764573],[139.0821437,35.9764749],[139.0821333,35.9764859],[139.0821257,35.9764985],[139.082121,35.9765088],[139.0821193,35.9765157],[139.0821195,35.9765249],[139.0821197,35.9765345],[139.082119,35.9765364],[139.0821181,35.9765377],[139.0821171,35.9765393],[139.0821151,35.9765412],[139.082114,35.976542],[139.0821115,35.9765439],[139.0820721,35.9765583],[139.08205,35.9765659],[139.0820438,35.9765681],[139.0820078,35.9765805],[139.0819645,35.9765959],[139.0819419,35.9766076],[139.0819356,35.9766018],[139.0819317,35.9766045],[139.081921,35.9765908],[139.0818862,35.9765431],[139.0818656,35.9765136],[139.0818545,35.9764977],[139.0818503,35.976492],[139.0820141,35.9764314],[139.0822039,35.9764368],[139.082174,35.9764644]]]},"properties":{"layer":"landuse","class_code":"211","class_label":"住宅用地（住宅、共同住宅、店舗等併用住宅、店舗等併用共同住宅、作業所併用住宅）"}},{"type":"Feature","id":"luse_3aa48065-8a93-47c8-80c5-f39071e65eb5","geometry":{"type":"Polygon","coordinates":[[[139.0765909,35.976482],[139.0765873,35.9764778],[139.0764487,35.9766424],[139.0764421,35.9766378],[139.0763769,35.9765922],[139.0763599,35.9765803],[139.0762899,35.976531],[139.076241,35.976496],[139.0762529,35.9764825],[139.0762644,35.9764723],[139.0762805,35.9764557],[139.0763051,35.9764552],[139.0763106,35.9764446],[139.0763194,35.9764288],[139.0763321,35.9764148],[139.0763545,35.9763883],[139.076378,35.9763617],[139.0764029,35.9763327],[139.0764207,35.9763404],[139.0765923,35.9764375],[139.0765991,35.9764389],[139.0766024,35.9764378],[139.0767082,35.9763249],[139.0767161,35.9763165],[139.0767534,35.9762768],[139.0767603,35.9762703],[139.0767682,35.976279],[139.0767798,35.9763032],[139.0767813,35.9763062],[139.0768121,35.9762965],[139.0767976,35.9762659],[139.0767866,35.9762538],[139.076773,35.9762403],[139.0767278,35.976209],[139.0766336,35.9761429],[139.0765929,35.9761171],[139.0765906,35.9761147],[139.0765894,35.9761132],[139.0765885,35.9761117],[139.0765878,35.97611],[139.0765977,35.9760979],[139.0766495,35.9760342],[139.0766548,35.976029],[139.0766693,35.9760145],[139.0766961,35.9759826],[139.0767035,35.9759737],[139.0767449,35.9759249],[139.0767697,35.9758957],[139.0768207,35.9758356],[139.0768456,35.9758049],[139.0768682,35.9757828],[139.0768785,35.9757686],[139.0768878,35.9757557],[139.0768938,35.9757475],[139.0769307,35.975699],[139.0772008,35.9758393],[139.077281,35.9757814],[139.0773806,35.9758361],[139.0774814,35.9756992],[139.0775013,35.9756545],[139.0775016,35.9755637],[139.0772611,35.9754211],[139.0772904,35.975405],[139.0773014,35.9753965],[139.0773795,35.9753471],[139.0774427,35.9753108],[139.07745,35.9753067],[139.0774722,35.9752933],[139.0774935,35.9752779],[139.0775197,35.975265],[139.0775574,35.9752817],[139.0776121,35.9753066],[139.0776214,35.975312],[139.0776241,35.9753136],[139.0776487,35.9753277],[139.0777018,35.9753594],[139.0777023,35.9753729],[139.0777012,35.9753789],[139.0776952,35.9753939],[139.0776797,35.9754127],[139.077679,35.9754137],[139.0776247,35.9754904],[139.0775966,35.9755321],[139.0775852,35.9755533],[139.0775752,35.9755746],[139.0775643,35.9756107],[139.0775604,35.9756343],[139.0775644,35.9756347],[139.0776965,35.9757085],[139.0777413,35.9757557],[139.0777493,35.9758012],[139.0778213,35.975864],[139.0778799,35.9758933],[139.0779388,35.9759189],[139.0779463,35.975922],[139.0779411,35.9759285],[139.0778606,35.9760366],[139.0778163,35.9760956],[139.077777,35.9761465],[139.0777431,35.9761865],[139.0777316,35.9761969],[139.0776163,35.9761357],[139.0776833,35.9760395],[139.0775971,35.9759948],[139.0775898,35.975996],[139.0775469,35.9760351],[139.0773863,35.9759506],[139.0773745,35.9759577],[139.0773582,35.9759743],[139.0772862,35.9760501],[139.0771328,35.9759467],[139.0771474,35.9759324],[139.0770366,35.9758578],[139.0769017,35.9760131],[139.0769904,35.9760912],[139.076969,35.9761517],[139.0769518,35.9761695],[139.0768463,35.9762787],[139.0769878,35.976369],[139.0769963,35.9763917],[139.0768091,35.9765869],[139.0768012,35.9765818],[139.0767953,35.9765781],[139.0766934,35.9765049],[139.0766576,35.9764829],[139.0766573,35.9764829],[139.0766353,35.9764758],[139.0766293,35.976476],[139.0766091,35.9764769],[139.0766088,35.9764769],[139.0766017,35.9764779],[139.0765904,35.9764795],[139.0765909,35.976482]]]},"properties":{"layer":"landuse","class_code":"211","class_label":"住宅用地（住宅、共同住宅、店舗等併用住宅、店舗等併用共同住宅、作業所併用住宅）"}},{"type":"Feature","id":"luse_3807e34f-10e3-441e-b271-d4ab119c997f","geometry":{"type":"Polygon","coordinates":[[[139.0759544,35.9766165],[139.0758104,35.9767507],[139.0757585,35.976706],[139.0756902,35.9766471],[139.0756622,35.9766232],[139.0756569,35.9766185],[139.0756303,35.9765957],[139.0755688,35.9765426],[139.0755344,35.9765133],[139.0755185,35.9764994],[139.0755348,35.9764914],[139.0755533,35.9764861],[139.0756391,35.9764587],[139.0756484,35.9764554],[139.0756491,35.9764551],[139.0756807,35.976444],[139.0759544,35.9766165]]]},"properties":{"layer":"landuse","class_code":"211","class_label":"住宅用地（住宅、共同住宅、店舗等併用住宅、店舗等併用共同住宅、作業所併用住宅）"}},{"type":"Feature","id":"luse_44819589-ac59-4ccc-905c-4d2e2c53b787","geometry":{"type":"Polygon","coordinates":[[[139.0800101,35.9767916],[139.0799956,35.9767845],[139.0799123,35.9767426],[139.0798887,35.9767294],[139.0798454,35.9767077],[139.0798196,35.9766949],[139.0797832,35.9766739],[139.0797567,35.9766574],[139.0797181,35.9766318],[139.0796824,35.9766082],[139.0796763,35.9766039],[139.079678,35.976602],[139.07967,35.9765972],[139.0796507,35.9765876],[139.0796843,35.9765567],[139.0798313,35.9764024],[139.0800615,35.9764876],[139.0801068,35.9764633],[139.080165,35.9764337],[139.0802733,35.9764864],[139.0800101,35.9767916]]]},"properties":{"layer":"landuse","class_code":"211","class_label":"住宅用地（住宅、共同住宅、店舗等併用住宅、店舗等併用共同住宅、作業所併用住宅）"}},{"type":"Feature","id":"luse_dd7c4b0b-6f3a-4426-acaf-ef81f7c4f3c4","geometry":{"type":"Polygon","coordinates":[[[139.0824508,35.9765114],[139.0824448,35.9765441],[139.0824175,35.9765801],[139.0822809,35.9766368],[139.0822074,35.976678],[139.0821696,35.9767038],[139.0821467,35.9767604],[139.0821113,35.9768153],[139.0820651,35.9768462],[139.081878,35.9769201],[139.0818736,35.9769241],[139.0818719,35.9769239],[139.0818609,35.9769216],[139.0818523,35.9769177],[139.0818499,35.9769158],[139.0818407,35.976909],[139.0818133,35.9768854],[139.0817988,35.9768735],[139.081784,35.9768629],[139.0817662,35.9768514],[139.0817799,35.9768333],[139.0818136,35.9767933],[139.0818352,35.9767655],[139.0818483,35.9767503],[139.0818741,35.9767206],[139.0818953,35.9766965],[139.0819097,35.9766808],[139.0819162,35.9766738],[139.0819362,35.9766513],[139.0819486,35.9766415],[139.0819593,35.9766342],[139.0819662,35.9766298],[139.0819647,35.9766283],[139.0819799,35.9766214],[139.082005,35.9766119],[139.082087,35.9765816],[139.0821879,35.9765488],[139.0823453,35.9765006],[139.0823746,35.9764907],[139.0823731,35.976487],[139.0823887,35.9764804],[139.082389,35.9764802],[139.0824168,35.9764711],[139.0824347,35.9764646],[139.0824463,35.9764589],[139.0824508,35.9765114]]]},"properties":{"layer":"landuse","class_code":"211","class_label":"住宅用地（住宅、共同住宅、店舗等併用住宅、店舗等併用共同住宅、作業所併用住宅）"}},{"type":"Feature","id":"luse_bfc46d82-2893-46de-95fb-dd529e689bf2","geometry":{"type":"Polygon","coordinates":[[[139.0797689,35.9761217],[139.0796675,35.9762255],[139.0794902,35.9761052],[139.0795793,35.9760134],[139.07958,35.9760131],[139.0796242,35.9760247],[139.0796326,35.9760267],[139.0796861,35.9760433],[139.0797598,35.9760755],[139.079788,35.976086],[139.0797985,35.9760894],[139.0797689,35.9761217]]]},"properties":{"layer":"landuse","class_code":"211","class_label":"住宅用地（住宅、共同住宅、店舗等併用住宅、店舗等併用共同住宅、作業所併用住宅）"}},{"type":"Feature","id":"luse_31b71717-620e-4ed7-9fa8-c946e618d1e9","geometry":{"type":"Polygon","coordinates":[[[139.0761643,35.9767624],[139.0760149,35.9769318],[139.0759703,35.976892],[139.0759578,35.9768807],[139.0759553,35.9768787],[139.0759477,35.9768727],[139.0759415,35.9768676],[139.0759429,35.9768623],[139.0759678,35.9768339],[139.0759878,35.9768113],[139.0759914,35.9768073],[139.0759949,35.976803],[139.0760025,35.9767938],[139.076038,35.976752],[139.0760531,35.9767327],[139.076073,35.9767071],[139.0761643,35.9767624]]]},"properties":{"layer":"landuse","class_code":"211","class_label":"住宅用地（住宅、共同住宅、店舗等併用住宅、店舗等併用共同住宅、作業所併用住宅）"}},{"type":"Feature","id":"luse_41a274d3-d171-4854-ace2-dc668274a811","geometry":{"type":"Polygon","coordinates":[[[139.0790401,35.9768794],[139.078918,35.9770856],[139.0788511,35.9770559],[139.0788366,35.9770511],[139.0788231,35.9770437],[139.0788224,35.9770434],[139.0788146,35.9770371],[139.0788143,35.9770367],[139.0788079,35.9770289],[139.0788035,35.9770217],[139.0787993,35.9770139],[139.0787961,35.9770036],[139.0787959,35.9769894],[139.078801,35.9769754],[139.0788097,35.9769594],[139.0788242,35.9769352],[139.0788344,35.9769182],[139.0788462,35.976897],[139.0788571,35.9768778],[139.0788591,35.9768749],[139.0788956,35.9768233],[139.0788985,35.9768191],[139.0789,35.9768174],[139.0790401,35.9768794]]]},"properties":{"layer":"landuse","class_code":"211","class_label":"住宅用地（住宅、共同住宅、店舗等併用住宅、店舗等併用共同住宅、作業所併用住宅）"}},{"type":"Feature","id":"luse_ef574b5c-96ac-4b2c-9bf3-65fc544b6d07","geometry":{"type":"Polygon","coordinates":[[[139.0808196,35.9770855],[139.080834,35.9771033],[139.0807476,35.9770776],[139.0807114,35.9770648],[139.0806696,35.9770531],[139.0806382,35.9770447],[139.0805753,35.9770305],[139.080575,35.9770304],[139.0804998,35.9770049],[139.0804485,35.9769851],[139.080443,35.9769786],[139.0804432,35.9769756],[139.0804589,35.9769527],[139.080469,35.9769386],[139.0804702,35.9769368],[139.0804753,35.9769336],[139.0804768,35.9769325],[139.0804911,35.9769268],[139.0805065,35.9769206],[139.0805371,35.9769076],[139.0805594,35.9768981],[139.0806144,35.976877],[139.0806788,35.9768564],[139.0806793,35.9768562],[139.0806805,35.9768562],[139.0806809,35.9768563],[139.0806825,35.9768567],[139.0806828,35.9768568],[139.0806845,35.9768574],[139.0806861,35.976858],[139.0806874,35.9768589],[139.0806892,35.9768607],[139.0806907,35.9768634],[139.0806919,35.9768712],[139.0806904,35.9768975],[139.0806889,35.976906],[139.0806886,35.9769085],[139.0806884,35.9769125],[139.0807179,35.9769142],[139.0807183,35.9769142],[139.0807188,35.9769086],[139.08072,35.9769008],[139.080721,35.9768657],[139.080721,35.9768624],[139.080721,35.9768598],[139.0807212,35.9768588],[139.0807216,35.9768581],[139.0807219,35.9768573],[139.0807224,35.9768564],[139.0807229,35.9768557],[139.0807234,35.9768554],[139.0807242,35.9768552],[139.0807348,35.976855],[139.0807354,35.9768549],[139.0807803,35.9768468],[139.0807807,35.9768467],[139.0808126,35.9768276],[139.0808158,35.9768301],[139.0808229,35.9768244],[139.0808194,35.9768218],[139.0808383,35.9768012],[139.0808755,35.9767556],[139.080892,35.9767352],[139.0809194,35.9767025],[139.0809434,35.9766736],[139.0809517,35.9766654],[139.0809604,35.9766559],[139.0809627,35.9766535],[139.0809674,35.9766484],[139.0810066,35.9766152],[139.0810292,35.9765989],[139.0810911,35.9765588],[139.0811337,35.9765341],[139.0811806,35.9765068],[139.0811949,35.9764987],[139.0812057,35.9764955],[139.0812325,35.976489],[139.0812722,35.9764781],[139.0812745,35.9764774],[139.0813146,35.9764664],[139.0813698,35.9764524],[139.0814788,35.9764223],[139.0814791,35.9764222],[139.0815416,35.9764015],[139.081542,35.9764014],[139.0815766,35.9763894],[139.0816093,35.976378],[139.0816605,35.9763602],[139.0816608,35.9763601],[139.0816614,35.97636],[139.0817114,35.9763441],[139.0817163,35.9763455],[139.0817241,35.9763479],[139.0817304,35.976356],[139.0817455,35.9763832],[139.0817042,35.9763951],[139.0816512,35.9764126],[139.0816199,35.9764223],[139.0815943,35.9764335],[139.0815705,35.9764457],[139.0815372,35.9764652],[139.0815119,35.9764806],[139.0814744,35.9765064],[139.0814399,35.9765313],[139.0814139,35.9765557],[139.0813923,35.9765783],[139.0813749,35.976598],[139.0812762,35.9767182],[139.0812754,35.9767191],[139.0812704,35.9767262],[139.0812001,35.9768307],[139.0811783,35.9768639],[139.0811731,35.9768719],[139.0811471,35.9769114],[139.0811388,35.9769239],[139.0811358,35.976929],[139.0811148,35.9769219],[139.0810595,35.9769033],[139.0809241,35.976868],[139.0808196,35.9770855]]]},"properties":{"layer":"landuse","class_code":"211","class_label":"住宅用地（住宅、共同住宅、店舗等併用住宅、店舗等併用共同住宅、作業所併用住宅）"}},{"type":"Feature","id":"luse_bbaac981-7cf5-44ac-a802-72e491b1212f","geometry":{"type":"Polygon","coordinates":[[[139.0817869,35.9768777],[139.0818206,35.9769029],[139.0818334,35.9769157],[139.0818436,35.9769261],[139.0818509,35.9769311],[139.0818558,35.9769333],[139.0818625,35.9769344],[139.0818445,35.976951],[139.0818238,35.977011],[139.0817989,35.9770779],[139.0817822,35.977119],[139.0817486,35.9771414],[139.0816856,35.9771441],[139.0816855,35.9771407],[139.0816819,35.9771183],[139.0816742,35.977078],[139.0816717,35.9770619],[139.0816701,35.9770506],[139.0816698,35.9770483],[139.0816694,35.9770382],[139.0816704,35.977021],[139.0816737,35.9769999],[139.0816749,35.9769889],[139.0816788,35.9769759],[139.0816857,35.976959],[139.0816872,35.9769567],[139.0816889,35.9769543],[139.0816939,35.976947],[139.0816942,35.9769467],[139.0816989,35.97694],[139.0817179,35.976915],[139.0817446,35.97688],[139.081759,35.9768609],[139.0817869,35.9768777]]]},"properties":{"layer":"landuse","class_code":"211","class_label":"住宅用地（住宅、共同住宅、店舗等併用住宅、店舗等併用共同住宅、作業所併用住宅）"}},{"type":"Feature","id":"luse_dcb32e7b-3408-437a-a365-4969a3d20675","geometry":{"type":"Polygon","coordinates":[[[139.0794909,35.976748],[139.0794874,35.9767529],[139.0794444,35.9768107],[139.0794001,35.976869],[139.0793818,35.9769003],[139.0793776,35.9769076],[139.0793767,35.9769091],[139.0793616,35.9769357],[139.0793064,35.9770165],[139.0792921,35.9770374],[139.0792877,35.9770449],[139.0792822,35.9770544],[139.0792122,35.977175],[139.079199,35.9771978],[139.0791982,35.9771991],[139.079195,35.9772041],[139.0791474,35.9771834],[139.0791377,35.9771791],[139.0791319,35.9771765],[139.0790875,35.9771579],[139.0790846,35.9771569],[139.0790738,35.9771523],[139.0790403,35.9771388],[139.0790066,35.9771241],[139.0791837,35.9768345],[139.0790918,35.9768056],[139.0790905,35.9767957],[139.079228,35.9766173],[139.0794909,35.976748]]]},"properties":{"layer":"landuse","class_code":"211","class_label":"住宅用地（住宅、共同住宅、店舗等併用住宅、店舗等併用共同住宅、作業所併用住宅）"}},{"type":"Feature","id":"luse_8353c82d-0305-4da3-bfa7-4b323793f2e3","geometry":{"type":"Polygon","coordinates":[[[139.0781225,35.9769634],[139.0781942,35.9770016],[139.0781945,35.9770018],[139.0782038,35.9770068],[139.0782058,35.9770078],[139.0783125,35.9770645],[139.0783271,35.9770955],[139.0782737,35.9772396],[139.0782498,35.9772684],[139.0781952,35.9772559],[139.0781921,35.9772552],[139.0781918,35.9772551],[139.0781333,35.9772416],[139.0780646,35.9772253],[139.078069,35.9772189],[139.0779232,35.9771487],[139.0779111,35.9771428],[139.0779045,35.9771208],[139.0780764,35.9769641],[139.0781139,35.9769587],[139.0781142,35.9769586],[139.0781225,35.9769634]]]},"properties":{"layer":"landuse","class_code":"211","class_label":"住宅用地（住宅、共同住宅、店舗等併用住宅、店舗等併用共同住宅、作業所併用住宅）"}},{"type":"Feature","id":"luse_27607c37-ed60-4087-9aab-9037db39d4ee","geometry":{"type":"Polygon","coordinates":[[[139.0776369,35.977266],[139.0775885,35.977267],[139.0775618,35.9772695],[139.0775615,35.9772695],[139.0774975,35.9772794],[139.0774304,35.9772934],[139.0776534,35.9770786],[139.0775507,35.977015],[139.0775933,35.976979],[139.0775608,35.9769464],[139.0778118,35.9767095],[139.0781199,35.9768804],[139.0781089,35.9768923],[139.0780652,35.9769393],[139.0780223,35.9769768],[139.0779828,35.97701],[139.0778177,35.9771541],[139.0776871,35.9772656],[139.0776864,35.9772656],[139.0776701,35.9772653],[139.0776369,35.977266]]]},"properties":{"layer":"landuse","class_code":"211","class_label":"住宅用地（住宅、共同住宅、店舗等併用住宅、店舗等併用共同住宅、作業所併用住宅）"}},{"type":"Feature","id":"luse_1dc351d3-8c5c-44e6-98f5-a0dec538c30e","geometry":{"type":"Polygon","coordinates":[[[139.0764191,35.9769169],[139.0764536,35.9769377],[139.0765249,35.9769787],[139.0764612,35.9770444],[139.0766461,35.9771714],[139.0765532,35.9772703],[139.0765345,35.9772903],[139.0764958,35.9773311],[139.0764845,35.9773219],[139.0764325,35.9772797],[139.0763229,35.9771888],[139.0763123,35.9771808],[139.0762574,35.9771365],[139.0761725,35.9770672],[139.0761019,35.9770088],[139.0760935,35.977],[139.0762934,35.9768407],[139.0764191,35.9769169]]]},"properties":{"layer":"landuse","class_code":"211","class_label":"住宅用地（住宅、共同住宅、店舗等併用住宅、店舗等併用共同住宅、作業所併用住宅）"}},{"type":"Feature","id":"luse_84c14b35-bb2f-4006-9794-361a8669f56d","geometry":{"type":"Polygon","coordinates":[[[139.0779525,35.9772057],[139.0778093,35.9773413],[139.0777057,35.9772922],[139.0777933,35.9772156],[139.0778382,35.9771773],[139.0778425,35.9771737],[139.0778784,35.97717],[139.0779525,35.9772057]]]},"properties":{"layer":"landuse","class_code":"211","class_label":"住宅用地（住宅、共同住宅、店舗等併用住宅、店舗等併用共同住宅、作業所併用住宅）"}},{"type":"Feature","id":"luse_f4ed349f-f2e7-4676-a981-bb00e43f8a29","geometry":{"type":"Polygon","coordinates":[[[139.0799289,35.9771841],[139.0799094,35.977202],[139.0798844,35.9772248],[139.0798713,35.9772327],[139.0798678,35.9772357],[139.0798162,35.9772821],[139.0797184,35.977371],[139.079691,35.9773832],[139.0796906,35.9773832],[139.0796652,35.9773869],[139.0796136,35.9773673],[139.0796091,35.9773651],[139.0795439,35.9773346],[139.0795225,35.9773247],[139.0795118,35.9773192],[139.0796086,35.9771617],[139.0796173,35.9771547],[139.0796238,35.9771449],[139.0796327,35.9771269],[139.0796408,35.9771139],[139.0796489,35.9770999],[139.0796553,35.9770892],[139.0796609,35.9770832],[139.0796666,35.9770781],[139.0796701,35.9770785],[139.0796844,35.9770878],[139.0796971,35.9770766],[139.0796797,35.9770667],[139.0796588,35.9770553],[139.0796503,35.9770509],[139.07965,35.9770507],[139.0796323,35.9770414],[139.079535,35.976996],[139.0795346,35.9769959],[139.0794516,35.976957],[139.0794124,35.9769383],[139.0794075,35.976936],[139.0794121,35.9769279],[139.079428,35.9769006],[139.0794354,35.9768881],[139.0794795,35.9768299],[139.0795145,35.9767879],[139.0796616,35.9768382],[139.0796489,35.9768398],[139.0796533,35.976863],[139.0796704,35.9768609],[139.0796961,35.9768506],[139.0797184,35.9768314],[139.0797794,35.9767569],[139.0798032,35.9767392],[139.0798077,35.9767365],[139.0798097,35.976735],[139.0798113,35.9767343],[139.0798117,35.9767342],[139.0798155,35.9767336],[139.0798175,35.9767339],[139.0798179,35.9767339],[139.0798898,35.9767731],[139.0799746,35.9768132],[139.0799949,35.9768226],[139.0799948,35.9768247],[139.0799941,35.9768262],[139.0799924,35.9768284],[139.07997,35.9768565],[139.0799469,35.9768841],[139.0799311,35.9769038],[139.0798975,35.9769452],[139.0798959,35.9769474],[139.0798871,35.9769597],[139.0798757,35.9769731],[139.0798957,35.9769843],[139.0799077,35.9769703],[139.0799104,35.9769665],[139.0799182,35.9769556],[139.0799478,35.9769192],[139.0799601,35.976904],[139.0799661,35.9768966],[139.0799898,35.9768675],[139.0799996,35.97686],[139.0800242,35.9768414],[139.0800268,35.9768395],[139.0800327,35.9768404],[139.080033,35.9768405],[139.0801177,35.9768801],[139.0801199,35.976881],[139.0801775,35.9769054],[139.0802255,35.9769256],[139.0802258,35.9769257],[139.0802691,35.976944],[139.0803175,35.976965],[139.0803406,35.9769749],[139.080341,35.9769749],[139.0803464,35.9769793],[139.0803522,35.9769842],[139.0803556,35.976987],[139.0803451,35.9770046],[139.0802918,35.9770773],[139.0802677,35.9771189],[139.0802259,35.9771739],[139.080213,35.9771911],[139.0801944,35.9772113],[139.0801848,35.977224],[139.0801845,35.9772239],[139.0801698,35.9772216],[139.0800923,35.9771873],[139.080082,35.9771826],[139.0800004,35.9771454],[139.0799743,35.9771335],[139.0799289,35.9771841]]]},"properties":{"layer":"landuse","class_code":"211","class_label":"住宅用地（住宅、共同住宅、店舗等併用住宅、店舗等併用共同住宅、作業所併用住宅）"}},{"type":"Feature","id":"luse_aa971d88-6056-4e27-a10c-078c85edae36","geometry":{"type":"Polygon","coordinates":[[[139.0802251,35.9772668],[139.0802255,35.9772669],[139.0802365,35.9772691],[139.0803769,35.9773122],[139.0804721,35.9773408],[139.080472,35.9773426],[139.0804708,35.9773518],[139.080462,35.9773779],[139.0804328,35.9774448],[139.0804253,35.9774528],[139.0801467,35.9773692],[139.0801736,35.9773202],[139.0802063,35.9772632],[139.0802251,35.9772668]]]},"properties":{"layer":"landuse","class_code":"211","class_label":"住宅用地（住宅、共同住宅、店舗等併用住宅、店舗等併用共同住宅、作業所併用住宅）"}},{"type":"Feature","id":"luse_50855c68-40c0-40e3-a33d-36ae4dfaba5f","geometry":{"type":"Polygon","coordinates":[[[139.0786649,35.9768842],[139.0786404,35.9768869],[139.0786401,35.976887],[139.0786361,35.9768876],[139.078632,35.9768882],[139.0786269,35.9768891],[139.0786265,35.9768891],[139.0786159,35.9768915],[139.0786045,35.9768955],[139.0785941,35.9768992],[139.078569,35.9769118],[139.0785804,35.9769271],[139.0786045,35.9769152],[139.078623,35.9769085],[139.0786317,35.9769066],[139.0786439,35.9769048],[139.0786447,35.976905],[139.0786558,35.9769087],[139.0786666,35.9769131],[139.078667,35.9769132],[139.0786691,35.9769141],[139.0786783,35.9769178],[139.078691,35.9769244],[139.0786987,35.9769292],[139.0787069,35.9769356],[139.0787111,35.9769403],[139.0787136,35.976946],[139.0787154,35.9769536],[139.0787166,35.9769674],[139.0787195,35.9769672],[139.0787308,35.9769664],[139.0787312,35.9769664],[139.0787296,35.9769521],[139.0787276,35.9769429],[139.0787239,35.9769349],[139.0787181,35.976928],[139.0787083,35.9769203],[139.0786994,35.9769147],[139.0786877,35.9769084],[139.0786855,35.9769058],[139.0786862,35.9769032],[139.07869,35.9769017],[139.0787059,35.9769014],[139.0787062,35.9769014],[139.0787309,35.9768993],[139.0787313,35.9768993],[139.0787481,35.9768967],[139.0787497,35.9768964],[139.0787667,35.9768929],[139.0787671,35.9768928],[139.0787893,35.9768864],[139.0788057,35.9768811],[139.0788268,35.976872],[139.0788305,35.9768708],[139.0788309,35.9768707],[139.0788339,35.9768724],[139.0788347,35.9768754],[139.0788237,35.9768968],[139.0788163,35.9769112],[139.0787914,35.9769529],[139.0787856,35.9769723],[139.0787846,35.9769895],[139.078785,35.9770047],[139.0787888,35.9770168],[139.0787935,35.9770255],[139.0787984,35.9770334],[139.078806,35.9770429],[139.0788134,35.9770526],[139.0788168,35.9770561],[139.0788171,35.9770565],[139.0788266,35.9770663],[139.0788392,35.9770763],[139.0789049,35.9771054],[139.0789496,35.9771247],[139.0789654,35.9771316],[139.0790267,35.9771585],[139.0790712,35.9771796],[139.0791139,35.9771998],[139.0791774,35.9772314],[139.0791382,35.9773027],[139.079118,35.9773391],[139.0790874,35.9773695],[139.0790759,35.9773823],[139.0790561,35.9773999],[139.0790545,35.9773987],[139.0790492,35.9774032],[139.0790542,35.9774071],[139.0790421,35.9774179],[139.0790395,35.9774202],[139.079035,35.977422],[139.0789851,35.9774426],[139.0789794,35.977445],[139.0789499,35.977457],[139.0789191,35.9774691],[139.0789055,35.9774755],[139.0789035,35.9774764],[139.0788752,35.9774897],[139.0788664,35.9774937],[139.0788529,35.9774999],[139.0788409,35.9774948],[139.0788052,35.9774797],[139.0787924,35.9774742],[139.07879,35.9774733],[139.0787679,35.9774657],[139.0787377,35.9774554],[139.078728,35.977452],[139.0787252,35.977451],[139.078606,35.9774099],[139.0786024,35.9774036],[139.0785928,35.9773871],[139.0786317,35.9773176],[139.0786313,35.9773176],[139.078581,35.977299],[139.0785417,35.9773696],[139.0785413,35.9773697],[139.0785256,35.9773738],[139.078371,35.9773141],[139.0783702,35.9773137],[139.078362,35.9773092],[139.0783312,35.9772932],[139.0783155,35.9772542],[139.0783168,35.9772506],[139.0783509,35.9771583],[139.0783781,35.9770849],[139.0783862,35.9770617],[139.0783837,35.9770603],[139.0783466,35.9770379],[139.0783391,35.9770333],[139.0783154,35.9770211],[139.0782641,35.9769941],[139.0782376,35.9769797],[139.078195,35.9769569],[139.0781477,35.9769316],[139.0781426,35.9769292],[139.0781364,35.9769052],[139.0781442,35.9768946],[139.078146,35.9768926],[139.0781658,35.9768712],[139.0781815,35.9768528],[139.0781963,35.9768243],[139.0781978,35.9768213],[139.0782018,35.9768134],[139.0782046,35.9768095],[139.0782354,35.9767843],[139.0782754,35.9767506],[139.0783251,35.9767044],[139.078375,35.9766607],[139.0784157,35.976625],[139.0784295,35.9766129],[139.0784266,35.9766037],[139.078431,35.9766],[139.0785014,35.9766695],[139.0785017,35.9766757],[139.0784535,35.9767121],[139.0784483,35.9767171],[139.0784503,35.9767226],[139.0784637,35.9767323],[139.0784671,35.9767385],[139.0784302,35.976816],[139.0785744,35.9768547],[139.0785963,35.9768464],[139.0786151,35.9768197],[139.0786397,35.9767729],[139.0786462,35.9767715],[139.078657,35.9767736],[139.078692,35.9767885],[139.0787305,35.9767913],[139.078774,35.976781],[139.0788005,35.9767622],[139.0788194,35.9767325],[139.0788319,35.9767062],[139.0788346,35.9766944],[139.078826,35.9766854],[139.0787318,35.9766388],[139.0787157,35.9766286],[139.0786916,35.9766042],[139.0786954,35.9765955],[139.0787038,35.9765856],[139.0787543,35.9765354],[139.0787592,35.976532],[139.078908,35.9764208],[139.0790722,35.9765073],[139.0790662,35.9765167],[139.0790542,35.9765351],[139.0790169,35.976604],[139.0789771,35.976671],[139.0789545,35.976703],[139.0789355,35.9767309],[139.0789052,35.9767691],[139.0788799,35.9768008],[139.0788758,35.9768062],[139.078849,35.9768382],[139.0788335,35.9768474],[139.0788157,35.9768564],[139.0787963,35.9768646],[139.0787813,35.9768695],[139.0787606,35.9768756],[139.0787603,35.9768756],[139.0787434,35.9768791],[139.078743,35.9768791],[139.0787278,35.9768815],[139.0787047,35.9768835],[139.0786897,35.9768837],[139.0786893,35.9768837],[139.0786649,35.9768842]]]},"properties":{"layer":"landuse","class_code":"211","class_label":"住宅用地（住宅、共同住宅、店舗等併用住宅、店舗等併用共同住宅、作業所併用住宅）"}},{"type":"Feature","id":"luse_4334fd66-5741-4349-a404-ed40f7696ba4","geometry":{"type":"Polygon","coordinates":[[[139.0768652,35.977311],[139.0766896,35.9774905],[139.0765285,35.9773581],[139.0765092,35.9773418],[139.0765184,35.9773293],[139.076548,35.9772983],[139.076592,35.9772498],[139.0766579,35.97718],[139.0768652,35.977311]]]},"properties":{"layer":"landuse","class_code":"211","class_label":"住宅用地（住宅、共同住宅、店舗等併用住宅、店舗等併用共同住宅、作業所併用住宅）"}},{"type":"Feature","id":"luse_9b71a4d4-7fd9-4cab-8f03-567b934bcdfa","geometry":{"type":"Polygon","coordinates":[[[139.0783056,35.9773109],[139.0783442,35.9773309],[139.0783809,35.9773513],[139.0784297,35.9773719],[139.0784952,35.9773984],[139.0783919,35.9775277],[139.0781852,35.9774235],[139.0781906,35.9774174],[139.0782143,35.9773902],[139.0782454,35.9773544],[139.078262,35.9773374],[139.0782817,35.9773155],[139.0782841,35.9773129],[139.0782936,35.9773034],[139.0783056,35.9773109]]]},"properties":{"layer":"landuse","class_code":"211","class_label":"住宅用地（住宅、共同住宅、店舗等併用住宅、店舗等併用共同住宅、作業所併用住宅）"}},{"type":"Feature","id":"luse_d6b70320-3b31-4102-8737-2def7ca522ef","geometry":{"type":"Polygon","coordinates":[[[139.0796573,35.9774054],[139.0794891,35.9776345],[139.0792851,35.9775444],[139.0793706,35.9774364],[139.0793789,35.9774405],[139.0794289,35.9773725],[139.079433,35.9773709],[139.0794385,35.9773707],[139.0794585,35.9773778],[139.0794709,35.9773817],[139.0795085,35.9773992],[139.0795729,35.9774291],[139.0795894,35.9774057],[139.0795255,35.977376],[139.0795212,35.9773706],[139.0795181,35.9773631],[139.0795178,35.9773577],[139.0795188,35.9773527],[139.0795213,35.9773497],[139.0795268,35.9773459],[139.0796035,35.9773838],[139.079645,35.977404],[139.0796573,35.9774054]]]},"properties":{"layer":"landuse","class_code":"211","class_label":"住宅用地（住宅、共同住宅、店舗等併用住宅、店舗等併用共同住宅、作業所併用住宅）"}},{"type":"Feature","id":"luse_4d5ac85b-b43d-47ee-bf17-294896a39c76","geometry":{"type":"Polygon","coordinates":[[[139.0752261,35.9774672],[139.0751995,35.9774904],[139.0752844,35.9775536],[139.0751972,35.9776082],[139.075036,35.97748],[139.0750459,35.9774727],[139.0751532,35.9773913],[139.0752255,35.977337],[139.0752357,35.9773294],[139.0752442,35.9773239],[139.0753087,35.9773712],[139.0753041,35.9773747],[139.0753116,35.9773814],[139.075317,35.9773773],[139.0753466,35.9773991],[139.0753832,35.9774347],[139.0752841,35.9774981],[139.0752339,35.9774605],[139.0752261,35.9774672]]]},"properties":{"layer":"landuse","class_code":"211","class_label":"住宅用地（住宅、共同住宅、店舗等併用住宅、店舗等併用共同住宅、作業所併用住宅）"}},{"type":"Feature","id":"luse_6b7d3494-2426-479a-b1b0-9308ddf7f790","geometry":{"type":"Polygon","coordinates":[[[139.0765708,35.9774534],[139.0766501,35.9775219],[139.076651,35.9775253],[139.0766397,35.9775356],[139.0765041,35.9776604],[139.076503,35.9776595],[139.076386,35.9775634],[139.0765095,35.9774431],[139.0765319,35.9774213],[139.0765708,35.9774534]]]},"properties":{"layer":"landuse","class_code":"211","class_label":"住宅用地（住宅、共同住宅、店舗等併用住宅、店舗等併用共同住宅、作業所併用住宅）"}},{"type":"Feature","id":"luse_7b2e854d-dcdc-49f9-8b27-cc06ce9a4dcf","geometry":{"type":"Polygon","coordinates":[[[139.077437,35.977306],[139.0775011,35.9772925],[139.0775449,35.9772857],[139.0775641,35.9772827],[139.0775792,35.9772819],[139.0775884,35.9772815],[139.0776072,35.9772816],[139.077614,35.9772815],[139.0776213,35.9772814],[139.0776274,35.9772813],[139.0776402,35.9772822],[139.0776406,35.9772823],[139.0776481,35.9772841],[139.0776556,35.9772874],[139.0776613,35.9772912],[139.0776634,35.9772958],[139.0776431,35.9773216],[139.0776116,35.977363],[139.0775707,35.977419],[139.0775343,35.9774683],[139.0775119,35.9774974],[139.0774597,35.9775622],[139.0774265,35.9776091],[139.0774078,35.9776428],[139.0773803,35.977694],[139.0773784,35.9776934],[139.0773716,35.9777062],[139.077369,35.9777045],[139.0773664,35.9777031],[139.0773444,35.9776899],[139.0773288,35.9776712],[139.0772938,35.9776292],[139.0772888,35.9776232],[139.0772469,35.9775717],[139.077437,35.977306]]]},"properties":{"layer":"landuse","class_code":"211","class_label":"住宅用地（住宅、共同住宅、店舗等併用住宅、店舗等併用共同住宅、作業所併用住宅）"}},{"type":"Feature","id":"luse_f910acab-72d7-4dd8-98f2-5d1278ee25bb","geometry":{"type":"Polygon","coordinates":[[[139.080819,35.9778902],[139.080669,35.9778626],[139.080708,35.9777064],[139.080687,35.9777024],[139.0807206,35.9776149],[139.0807616,35.9775064],[139.0807966,35.9774221],[139.0808134,35.9774261],[139.0808384,35.9774375],[139.0808469,35.9774437],[139.0808562,35.9774506],[139.0808808,35.9774753],[139.0809097,35.9775124],[139.0809224,35.9775321],[139.0809228,35.9775326],[139.0808936,35.9775782],[139.0808695,35.9776159],[139.0808939,35.9776262],[139.0809351,35.9775615],[139.0809353,35.9775612],[139.0809452,35.9775845],[139.0809624,35.9776419],[139.0809795,35.9777193],[139.0809911,35.9777696],[139.0809975,35.9778186],[139.0809992,35.9778612],[139.0809989,35.9778748],[139.0809986,35.9778856],[139.0808451,35.977858],[139.080819,35.9778902]]]},"properties":{"layer":"landuse","class_code":"211","class_label":"住宅用地（住宅、共同住宅、店舗等併用住宅、店舗等併用共同住宅、作業所併用住宅）"}},{"type":"Feature","id":"luse_7301ce53-cd09-4f69-82be-92b2e2cac8c7","geometry":{"type":"Polygon","coordinates":[[[139.0790777,35.9776929],[139.0789778,35.9778815],[139.0789689,35.9778779],[139.0788794,35.9778422],[139.0788669,35.9778372],[139.0788575,35.9778335],[139.0788561,35.977833],[139.0788514,35.9778315],[139.0788467,35.9778299],[139.0788463,35.9778298],[139.0788221,35.9778216],[139.0788088,35.9778172],[139.0788084,35.9778171],[139.0787848,35.9778092],[139.078739,35.9777928],[139.07874,35.9777906],[139.0787602,35.9777498],[139.0788027,35.9776656],[139.0788186,35.9776328],[139.0788273,35.9776187],[139.0788515,35.977587],[139.0790777,35.9776929]]]},"properties":{"layer":"landuse","class_code":"211","class_label":"住宅用地（住宅、共同住宅、店舗等併用住宅、店舗等併用共同住宅、作業所併用住宅）"}},{"type":"Feature","id":"luse_90651f66-d2f3-4fdb-b6f4-ad081419a8e2","geometry":{"type":"Polygon","coordinates":[[[139.0785019,35.9781201],[139.0784958,35.978131],[139.0784901,35.9781405],[139.0784764,35.9781574],[139.0784727,35.9781596],[139.0784724,35.9781596],[139.0784655,35.97816],[139.078391,35.9781468],[139.0783408,35.9781452],[139.0783404,35.9781452],[139.0782642,35.9781408],[139.0782638,35.9781408],[139.0781837,35.9781395],[139.0781834,35.9781396],[139.0780793,35.9781412],[139.0780789,35.9781412],[139.0780131,35.978142],[139.0779479,35.9781382],[139.0778611,35.9781302],[139.0778608,35.9781302],[139.0777594,35.9781193],[139.0776938,35.9781118],[139.0775953,35.9781018],[139.0775504,35.9780992],[139.0774934,35.9780991],[139.0774798,35.9780998],[139.0774794,35.9780998],[139.0774634,35.9780997],[139.0774038,35.9780519],[139.0773944,35.9780501],[139.0773037,35.9779877],[139.0773065,35.9779487],[139.077311,35.9778984],[139.0773141,35.977894],[139.0773487,35.9778276],[139.0773877,35.9777486],[139.0773935,35.9777344],[139.0773952,35.9777349],[139.0773956,35.977735],[139.0774003,35.9777233],[139.0776078,35.977797],[139.0778101,35.9775092],[139.0780455,35.9772391],[139.0780793,35.9772554],[139.0781653,35.977269],[139.0781787,35.9772735],[139.0781919,35.977278],[139.0782138,35.9772853],[139.0782124,35.9772878],[139.0782273,35.9773135],[139.0782282,35.9773166],[139.0782101,35.9773341],[139.0781912,35.9773558],[139.0780933,35.9774683],[139.078057,35.9775111],[139.078004,35.9775734],[139.0779836,35.977593],[139.0779174,35.9776596],[139.0779156,35.9776614],[139.077865,35.9777174],[139.0779,35.9777381],[139.0779499,35.9776829],[139.078017,35.9776155],[139.0780384,35.9775948],[139.0780742,35.9775527],[139.0782565,35.9776407],[139.0782304,35.9776689],[139.0781998,35.9777015],[139.0781978,35.9777038],[139.0781878,35.9777154],[139.0781851,35.9777182],[139.0781749,35.9777364],[139.0781723,35.9777534],[139.0781717,35.9777576],[139.0781766,35.9777726],[139.0781777,35.977776],[139.0781871,35.9777877],[139.0781889,35.97779],[139.0781353,35.9778671],[139.0778922,35.9777587],[139.0777974,35.9778554],[139.0785019,35.9781201]]]},"properties":{"layer":"landuse","class_code":"211","class_label":"住宅用地（住宅、共同住宅、店舗等併用住宅、店舗等併用共同住宅、作業所併用住宅）"}},{"type":"Feature","id":"luse_d52f7854-61a3-445b-af4a-f9b62904e4a2","geometry":{"type":"Polygon","coordinates":[[[139.0756043,35.9782603],[139.0753563,35.9784546],[139.0753475,35.978447],[139.0752862,35.9783936],[139.0752833,35.9783911],[139.0751768,35.9783001],[139.0751449,35.9782727],[139.0751016,35.9782362],[139.0751056,35.9782108],[139.0753658,35.9780201],[139.0753211,35.97798],[139.075061,35.9781707],[139.0750607,35.9781707],[139.0750237,35.9781719],[139.075,35.978152289239326],[139.075,35.97752672794761],[139.0750044,35.9775235],[139.0751246,35.9776164],[139.0752432,35.9777079],[139.0756157,35.9780214],[139.0754582,35.9781349],[139.0756043,35.9782603]]]},"properties":{"layer":"landuse","class_code":"211","class_label":"住宅用地（住宅、共同住宅、店舗等併用住宅、店舗等併用共同住宅、作業所併用住宅）"}},{"type":"Feature","id":"luse_8aeedabf-2f2c-4e0b-9198-09923c39c239","geometry":{"type":"Polygon","coordinates":[[[139.0795239,35.9783601],[139.0795124,35.9783797],[139.079502,35.9783959],[139.0794816,35.9784297],[139.0794633,35.978457],[139.0794616,35.9784597],[139.0794436,35.9784887],[139.079422,35.9785235],[139.0794052,35.978551],[139.0793978,35.9785619],[139.0793889,35.9785625],[139.0793554,35.978544],[139.0793265,35.9785281],[139.0792228,35.9784726],[139.0792072,35.978457],[139.0791831,35.9784407],[139.0791495,35.9784119],[139.0791027,35.9783729],[139.0790795,35.9783557],[139.0790604,35.9783417],[139.0790257,35.9783196],[139.0789888,35.9782969],[139.0789453,35.9782723],[139.0788449,35.9782205],[139.0787996,35.9781985],[139.0787336,35.9781697],[139.0787107,35.9781604],[139.0786633,35.9781413],[139.078614,35.9781236],[139.0785701,35.9781075],[139.0785712,35.9781054],[139.0785857,35.9780769],[139.078625,35.9780086],[139.0786368,35.977988],[139.0786641,35.9779427],[139.078748,35.9779717],[139.0787483,35.9779718],[139.0787548,35.9779594],[139.0786714,35.9779306],[139.0786674,35.977929],[139.0786726,35.9779217],[139.0787206,35.9778334],[139.0787235,35.9778267],[139.0787674,35.9778423],[139.0788055,35.977855],[139.0788392,35.9778664],[139.0789522,35.9779072],[139.0789772,35.9779135],[139.0790221,35.9779246],[139.0789489,35.9780523],[139.0792193,35.978191],[139.0792192,35.9782159],[139.0794805,35.9783395],[139.0795239,35.9783601]]]},"properties":{"layer":"landuse","class_code":"211","class_label":"住宅用地（住宅、共同住宅、店舗等併用住宅、店舗等併用共同住宅、作業所併用住宅）"}},{"type":"Feature","id":"luse_54325ff7-787d-45be-891f-b477fea54931","geometry":{"type":"Polygon","coordinates":[[[139.0779526,35.9783625],[139.0780421,35.9783953],[139.0781448,35.9784343],[139.0781806,35.9784428],[139.0781962,35.978449],[139.0782092,35.9784542],[139.0782133,35.9784696],[139.0782112,35.9784777],[139.0781803,35.9785021],[139.0781049,35.9785639],[139.0780535,35.9786062],[139.078004,35.9786398],[139.0779811,35.9786542],[139.0779751,35.9786572],[139.0779717,35.9786576],[139.0779671,35.9786569],[139.0779612,35.978655],[139.077951,35.9786491],[139.0779405,35.9786419],[139.0779004,35.9786089],[139.0778889,35.9786],[139.0778674,35.9785834],[139.07784,35.9785596],[139.077823,35.9785445],[139.0778155,35.9785377],[139.0777954,35.9785162],[139.0778668,35.9784702],[139.0779526,35.9783625]]]},"properties":{"layer":"landuse","class_code":"211","class_label":"住宅用地（住宅、共同住宅、店舗等併用住宅、店舗等併用共同住宅、作業所併用住宅）"}},{"type":"Feature","id":"luse_0a9a7447-520f-4978-841e-d5752584f587","geometry":{"type":"Polygon","coordinates":[[[139.0790836,35.9783896],[139.0790862,35.978407],[139.0790676,35.9784426],[139.078937,35.9786632],[139.0789284,35.9786828],[139.0788963,35.9786747],[139.0788025,35.9786386],[139.0787401,35.9786148],[139.0787519,35.978592],[139.0788482,35.9783996],[139.0787321,35.9783587],[139.0786167,35.9785678],[139.0785873,35.9785557],[139.0785822,35.9785536],[139.078507,35.9785231],[139.0783305,35.9784518],[139.0783223,35.9784484],[139.078314,35.9784297],[139.0783774,35.9783457],[139.078419,35.9782933],[139.0784843,35.9782126],[139.0784882,35.9782076],[139.0785253,35.9781587],[139.0785357,35.978142],[139.0785372,35.9781392],[139.0785796,35.9781541],[139.0785885,35.9781379],[139.078592,35.9781382],[139.0786694,35.9781676],[139.0787365,35.9781938],[139.0787369,35.9781939],[139.078737,35.9781942],[139.0787358,35.978196],[139.0787463,35.9782],[139.0787476,35.9781987],[139.0787479,35.9781986],[139.0787651,35.9782062],[139.0788249,35.9782345],[139.0789323,35.9782884],[139.0789478,35.9782966],[139.0789787,35.9783164],[139.0790152,35.9783395],[139.0790259,35.9783467],[139.0790399,35.9783564],[139.0790836,35.9783896]]]},"properties":{"layer":"landuse","class_code":"211","class_label":"住宅用地（住宅、共同住宅、店舗等併用住宅、店舗等併用共同住宅、作業所併用住宅）"}},{"type":"Feature","id":"luse_b97f0a6a-1d95-4062-9640-3b8c972a57a8","geometry":{"type":"Polygon","coordinates":[[[139.0767447,35.9784654],[139.0768581,35.9785519],[139.0769177,35.9785964],[139.0769257,35.9786023],[139.0769282,35.9786067],[139.0769306,35.9786132],[139.0769164,35.9786252],[139.0769066,35.9786322],[139.0768219,35.9786929],[139.0768062,35.9787012],[139.0764785,35.978466],[139.0764758,35.978434],[139.076586,35.978325],[139.0764881,35.9782615],[139.0765938,35.9781476],[139.0764741,35.9780483],[139.0763662,35.9779589],[139.0760442,35.9782202],[139.0760162,35.9782523],[139.0759303,35.9781832],[139.0758586,35.9781276],[139.0758909,35.978102],[139.0760899,35.977942],[139.0760675,35.9779148],[139.0760702,35.9779171],[139.0760815,35.9779266],[139.0761061,35.9779072],[139.0760811,35.9778859],[139.0759989,35.9778163],[139.0759836,35.977804],[139.075915,35.9777491],[139.0758275,35.9776756],[139.075819,35.9776685],[139.0758163,35.9776634],[139.0758174,35.9776602],[139.0758374,35.9776448],[139.0759085,35.977591],[139.0758796,35.977566],[139.0758087,35.9776199],[139.0758033,35.9776232],[139.0757974,35.9776254],[139.07579,35.9776261],[139.0757833,35.9776255],[139.0757772,35.9776233],[139.075711,35.9775674],[139.0757084,35.9775618],[139.0757068,35.9775556],[139.0757068,35.9775546],[139.0757071,35.9775496],[139.075711,35.9775397],[139.0757535,35.9775051],[139.0758545,35.9774521],[139.0758553,35.9774516],[139.0758651,35.9774465],[139.0758716,35.9774402],[139.0758808,35.9774312],[139.0758938,35.9774199],[139.0759348,35.9773839],[139.0760774,35.9772517],[139.0761676,35.977174],[139.0761846,35.9771611],[139.0761902,35.97716],[139.0761955,35.977159],[139.0762128,35.9771729],[139.0762557,35.9772074],[139.0762607,35.9772341],[139.0761182,35.9773674],[139.0759625,35.9775124],[139.0759975,35.9775372],[139.0761532,35.9773922],[139.076294,35.9772606],[139.0763176,35.9772578],[139.0763194,35.9772593],[139.0763877,35.9773158],[139.0763912,35.9773129],[139.0763953,35.9773096],[139.0763983,35.9773121],[139.0764021,35.9773152],[139.076094,35.977616],[139.0765699,35.9779862],[139.0767433,35.9778428],[139.0765189,35.9776712],[139.076663,35.9775388],[139.0766673,35.9775368],[139.0766895,35.977556],[139.0767864,35.9776395],[139.0769897,35.9778074],[139.077036,35.977845],[139.0770714,35.9778739],[139.0771003,35.977899],[139.0771399,35.9779334],[139.0771488,35.9779396],[139.0771636,35.9779501],[139.0771933,35.9779749],[139.0772369,35.9780064],[139.0772563,35.9780224],[139.0772745,35.9780402],[139.0773318,35.9780794],[139.0773498,35.9780857],[139.0773623,35.9780942],[139.0773683,35.9780979],[139.0773317,35.9781482],[139.0772582,35.9782466],[139.0772495,35.9782426],[139.0772277,35.9782727],[139.077184,35.9783314],[139.0771587,35.978334],[139.0771557,35.9783317],[139.0771039,35.9782912],[139.0769752,35.978188],[139.0769099,35.9781362],[139.0768266,35.9780693],[139.076707,35.9779733],[139.0767031,35.9779702],[139.0766548,35.9780102],[139.0766586,35.9780131],[139.0767773,35.9781083],[139.0768616,35.9781759],[139.0769267,35.9782279],[139.0769274,35.9782283],[139.077056,35.9783312],[139.0771224,35.9783832],[139.0771241,35.9784114],[139.0770673,35.9784719],[139.0770503,35.9784909],[139.0770307,35.9785172],[139.0770121,35.978542],[139.0769712,35.9785788],[139.0769555,35.9785919],[139.0769425,35.9785902],[139.0768728,35.9785376],[139.0768141,35.9784928],[139.0767593,35.9784511],[139.0767447,35.9784654]]]},"properties":{"layer":"landuse","class_code":"211","class_label":"住宅用地（住宅、共同住宅、店舗等併用住宅、店舗等併用共同住宅、作業所併用住宅）"}},{"type":"Feature","id":"luse_40ed8a60-d535-440b-9e22-a53b6bfb4737","geometry":{"type":"Polygon","coordinates":[[[139.0757675,35.978637],[139.0756581,35.9787125],[139.0756257,35.978686],[139.0755679,35.9786357],[139.0755373,35.97861],[139.0756367,35.9785286],[139.0757675,35.978637]]]},"properties":{"layer":"landuse","class_code":"211","class_label":"住宅用地（住宅、共同住宅、店舗等併用住宅、店舗等併用共同住宅、作業所併用住宅）"}},{"type":"Feature","id":"luse_f7012cff-c97e-4c69-ba95-3c4fcb2c209e","geometry":{"type":"Polygon","coordinates":[[[139.0814172,35.9786503],[139.0814101,35.9786748],[139.0814021,35.9786895],[139.0814005,35.9786926],[139.0813992,35.9786952],[139.0813875,35.9787177],[139.081371,35.9787446],[139.0813536,35.9787678],[139.0813497,35.9787722],[139.0813464,35.9787758],[139.0813441,35.9787784],[139.081341,35.9787819],[139.0812074,35.9787133],[139.0812036,35.9787093],[139.0812563,35.9786437],[139.0812546,35.9786406],[139.0811652,35.9785996],[139.0811523,35.9786043],[139.08114,35.9786149],[139.0811111,35.9786138],[139.0810855,35.9786142],[139.0810463,35.9786176],[139.081012,35.9786315],[139.0809733,35.9786475],[139.0808519,35.9786545],[139.0807873,35.9786583],[139.0807878,35.9786577],[139.0807893,35.978656],[139.0808164,35.9786305],[139.0808578,35.9785839],[139.0808788,35.9785564],[139.0808968,35.9785295],[139.0808987,35.9785271],[139.080923,35.9784989],[139.0809364,35.9784827],[139.0809449,35.9784706],[139.0809459,35.9784695],[139.0809592,35.9784537],[139.0809729,35.9784308],[139.080988,35.9784074],[139.0810045,35.9783793],[139.081013,35.9783656],[139.0810228,35.97835],[139.081042,35.9783135],[139.0810413,35.9783107],[139.0810403,35.9783078],[139.0810387,35.9783053],[139.081038,35.9783045],[139.0810303,35.9782953],[139.0810287,35.9782929],[139.081027,35.9782901],[139.081024,35.978284],[139.0810231,35.9782811],[139.0810224,35.9782776],[139.0810217,35.9782733],[139.0810217,35.9782709],[139.0810221,35.9782691],[139.0810419,35.9782948],[139.0810666,35.9783267],[139.0813154,35.9783604],[139.0813566,35.9781558],[139.0813711,35.9780826],[139.0811296,35.9780543],[139.0811521,35.9779095],[139.0812319,35.9779043],[139.0812844,35.9778168],[139.0812575,35.9776831],[139.0812457,35.9774408],[139.0810851,35.9774496],[139.081071,35.977332],[139.0810588,35.9772659],[139.081057,35.9772213],[139.0810641,35.9771756],[139.0810642,35.9771752],[139.0810804,35.9771787],[139.0810864,35.97718],[139.0810992,35.9771809],[139.0810995,35.9771809],[139.0811092,35.9771806],[139.0811096,35.9771806],[139.0811121,35.9771801],[139.081126,35.9772062],[139.08114,35.9772275],[139.0811554,35.977242],[139.0811641,35.9772543],[139.081188,35.9772432],[139.081178,35.9772289],[139.0811629,35.9772148],[139.0811512,35.9771965],[139.0811361,35.977168],[139.0811374,35.977167],[139.081141,35.977163],[139.0811442,35.9771584],[139.0811551,35.9771282],[139.0811619,35.9771148],[139.0811699,35.9770975],[139.0811764,35.9770864],[139.0811809,35.9770796],[139.0811848,35.9770748],[139.0811926,35.9770689],[139.0812065,35.9770623],[139.0812221,35.9770552],[139.0812224,35.977055],[139.0812359,35.9770501],[139.0812368,35.9770498],[139.0812296,35.9770303],[139.0812117,35.9770353],[139.0811924,35.9770438],[139.0811752,35.9770528],[139.0811664,35.9770586],[139.0811592,35.9770668],[139.0811526,35.9770766],[139.0811453,35.9770891],[139.0811373,35.9771068],[139.0811298,35.977121],[139.08112,35.9771485],[139.081117,35.9771527],[139.0811131,35.977156],[139.0811105,35.9771573],[139.0811083,35.9771585],[139.0811051,35.9771588],[139.081104,35.9771589],[139.0810998,35.9771591],[139.0810957,35.9771591],[139.0810932,35.9771591],[139.0810838,35.977157],[139.0810829,35.9771569],[139.0810731,35.9771547],[139.0810893,35.9771214],[139.0811352,35.9770272],[139.0811723,35.9769454],[139.0811944,35.9769117],[139.0812335,35.9768518],[139.08127,35.9767976],[139.0812876,35.9767715],[139.0816603,35.9769258],[139.0816563,35.9769314],[139.0816499,35.9769403],[139.0816455,35.9769474],[139.0816429,35.9769571],[139.0816413,35.9769627],[139.0816344,35.9769858],[139.0816322,35.9769976],[139.0816303,35.977011],[139.0816298,35.9770238],[139.0816291,35.9770473],[139.0816308,35.977064],[139.0816327,35.9770725],[139.0816339,35.9770783],[139.0816365,35.9770906],[139.0816385,35.9771003],[139.0816395,35.9771051],[139.08164,35.9771085],[139.0816424,35.9771231],[139.0816466,35.9771479],[139.0816474,35.9771577],[139.0816455,35.9771629],[139.0816413,35.9771691],[139.0816243,35.9771942],[139.0815762,35.9772613],[139.0815247,35.9773338],[139.0814965,35.9773761],[139.0814798,35.9774009],[139.0814576,35.977443],[139.0814366,35.977484],[139.0814309,35.9774997],[139.081429,35.9775122],[139.0814274,35.9775233],[139.0814269,35.9775353],[139.0814284,35.9775454],[139.081431,35.9775588],[139.0814337,35.9775705],[139.0814371,35.9775851],[139.0814511,35.9776472],[139.0814524,35.9776519],[139.0814558,35.9776647],[139.0814679,35.9777039],[139.0814925,35.9777923],[139.0815046,35.9778371],[139.0815145,35.9778742],[139.0815244,35.9779121],[139.0815351,35.9779531],[139.0815356,35.9779551],[139.0815425,35.9779805],[139.0815562,35.9780316],[139.081567,35.978072],[139.0815685,35.9780799],[139.0815691,35.9780865],[139.0815692,35.9780877],[139.0815696,35.9780916],[139.0815707,35.978101],[139.0815702,35.9781173],[139.0815688,35.9781332],[139.0815672,35.9781414],[139.0815665,35.9781442],[139.0815641,35.9781558],[139.0815615,35.9781647],[139.0815531,35.9781931],[139.0815398,35.9782392],[139.0815199,35.9783128],[139.0815157,35.9783231],[139.0815151,35.9783244],[139.0814777,35.9783183],[139.0814335,35.9783122],[139.0814068,35.9783084],[139.0813715,35.9783041],[139.081369,35.9783238],[139.0815085,35.9783404],[139.0815074,35.9783433],[139.0814944,35.978382],[139.0814941,35.9783833],[139.0814939,35.9783839],[139.0814928,35.9783883],[139.0814925,35.9783898],[139.0814812,35.9784262],[139.0814621,35.9784863],[139.0814464,35.9785406],[139.0814312,35.9785958],[139.0814172,35.9786503]]]},"properties":{"layer":"landuse","class_code":"211","class_label":"住宅用地（住宅、共同住宅、店舗等併用住宅、店舗等併用共同住宅、作業所併用住宅）"}},{"type":"Feature","id":"luse_d1df257f-79c6-49d7-9958-74bf4210dcbe","geometry":{"type":"Polygon","coordinates":[[[139.0796605,35.978754],[139.0797048,35.9788004],[139.0797408,35.9788382],[139.0797446,35.9788422],[139.0796791,35.9789851],[139.0796745,35.9789832],[139.0795545,35.9789354],[139.0794582,35.9788942],[139.0796249,35.9787321],[139.0796605,35.978754]]]},"properties":{"layer":"landuse","class_code":"211","class_label":"住宅用地（住宅、共同住宅、店舗等併用住宅、店舗等併用共同住宅、作業所併用住宅）"}},{"type":"Feature","id":"luse_34e0bbc3-fd62-4376-a52f-29f3b1ccfc07","geometry":{"type":"Polygon","coordinates":[[[139.0818724,35.9788482],[139.0819438,35.9789001],[139.0819852,35.9789308],[139.0819974,35.9789399],[139.0819998,35.9789427],[139.0820016,35.978946],[139.0820016,35.978949],[139.0820004,35.9789541],[139.0819985,35.9789575],[139.0819963,35.9789612],[139.0819855,35.9789733],[139.0819738,35.9789835],[139.0819525,35.97903],[139.0819524,35.9790342],[139.0819561,35.9790399],[139.0819557,35.9790399],[139.0817727,35.978904],[139.0818651,35.978843],[139.0818724,35.9788482]]]},"properties":{"layer":"landuse","class_code":"211","class_label":"住宅用地（住宅、共同住宅、店舗等併用住宅、店舗等併用共同住宅、作業所併用住宅）"}},{"type":"Feature","id":"luse_b43838f3-d2ac-43ff-b485-62325573b403","geometry":{"type":"Polygon","coordinates":[[[139.0774012,35.9788122],[139.0772689,35.9789141],[139.0772486,35.9789415],[139.0771434,35.979011],[139.0768563,35.9787319],[139.0767885,35.9787334],[139.0768351,35.978705],[139.0768844,35.978673],[139.0769319,35.9786369],[139.0769906,35.978591],[139.0770157,35.9785702],[139.0770306,35.9785557],[139.0770578,35.9785272],[139.0771753,35.9786336],[139.0772294,35.9786614],[139.0774012,35.9788122]]]},"properties":{"layer":"landuse","class_code":"211","class_label":"住宅用地（住宅、共同住宅、店舗等併用住宅、店舗等併用共同住宅、作業所併用住宅）"}},{"type":"Feature","id":"luse_ff3bcf07-a0d3-45d3-8bb5-bfe8c6d5087c","geometry":{"type":"Polygon","coordinates":[[[139.0763951,35.978969],[139.0763849,35.9789751],[139.0763289,35.9790089],[139.0762871,35.9790386],[139.0762393,35.9790694],[139.07622,35.9790777],[139.0762044,35.979082],[139.0761745,35.9790882],[139.0761524,35.9790909],[139.076152,35.979091],[139.0761144,35.9790941],[139.0761026,35.9790969],[139.0760668,35.9791117],[139.0760442,35.9790839],[139.0760346,35.9790716],[139.0760057,35.9790345],[139.0760063,35.979034],[139.0760237,35.9790192],[139.0759876,35.9789867],[139.0759254,35.9789372],[139.0760512,35.978845],[139.0761505,35.978927],[139.0763279,35.9787642],[139.0764975,35.9789066],[139.076468,35.9789246],[139.0763951,35.978969]]]},"properties":{"layer":"landuse","class_code":"211","class_label":"住宅用地（住宅、共同住宅、店舗等併用住宅、店舗等併用共同住宅、作業所併用住宅）"}},{"type":"Feature","id":"luse_8b1077c9-f010-4542-91af-eac896412492","geometry":{"type":"Polygon","coordinates":[[[139.079344,35.9789041],[139.0793673,35.9789133],[139.0793961,35.9789247],[139.0795242,35.9789756],[139.0795246,35.9789757],[139.079528,35.9789771],[139.0795283,35.9789772],[139.0795552,35.9789878],[139.0795756,35.9789958],[139.0795806,35.9790375],[139.0795136,35.9791319],[139.0795224,35.9791361],[139.0795093,35.9791543],[139.0791618,35.9790855],[139.0792832,35.9788801],[139.079344,35.9789041]]]},"properties":{"layer":"landuse","class_code":"211","class_label":"住宅用地（住宅、共同住宅、店舗等併用住宅、店舗等併用共同住宅、作業所併用住宅）"}},{"type":"Feature","id":"luse_1281e80c-d02e-4d23-8cbf-0080823c75f8","geometry":{"type":"Polygon","coordinates":[[[139.0805296,35.9787077],[139.0805292,35.9787296],[139.0805415,35.9787619],[139.0805449,35.9787706],[139.0805065,35.9788276],[139.0804812,35.9788623],[139.0804209,35.9789797],[139.0804058,35.9790317],[139.0803743,35.9791005],[139.0803556,35.9791336],[139.0803431,35.9791543],[139.0803423,35.9791557],[139.0803386,35.9791619],[139.0803024,35.9791505],[139.0802623,35.9791376],[139.0802259,35.979125],[139.0801844,35.9791106],[139.0801435,35.9790976],[139.0800964,35.9790801],[139.0800726,35.9790681],[139.0800574,35.9790605],[139.0800159,35.9790378],[139.0799711,35.9790082],[139.0801005,35.9788018],[139.079829,35.9787162],[139.0798293,35.9787162],[139.0798004,35.9786878],[139.0797907,35.9786982],[139.0797745,35.9787086],[139.0797527,35.9787202],[139.0797415,35.9787238],[139.0797411,35.9787237],[139.0797273,35.9787244],[139.0797247,35.9787246],[139.0797082,35.9787196],[139.0795537,35.9786451],[139.0794327,35.9785853],[139.0794393,35.978574],[139.0794811,35.9785026],[139.0795391,35.9784126],[139.079558,35.9783833],[139.0795585,35.9783823],[139.079634,35.9782595],[139.079657,35.9782222],[139.0799895,35.9783504],[139.0798888,35.9785065],[139.0801148,35.978578],[139.0802016,35.9784273],[139.0802885,35.9784407],[139.0803702,35.9782978],[139.0804817,35.9783393],[139.0805269,35.9783569],[139.080532,35.978359],[139.0805464,35.9783347],[139.0805452,35.9783342],[139.0805027,35.9783175],[139.08065,35.9780728],[139.0809081,35.978164],[139.0809028,35.9781975],[139.0808964,35.978243],[139.0808943,35.9782689],[139.080894,35.9782703],[139.0808878,35.978297],[139.0808809,35.9783041],[139.0808796,35.978309],[139.0808847,35.9783355],[139.0808937,35.978363],[139.080894,35.9783641],[139.0808964,35.9783771],[139.0808966,35.9783828],[139.0808953,35.9784116],[139.0808891,35.9784238],[139.0808427,35.9784912],[139.080818,35.9785224],[139.0807879,35.9785581],[139.0807821,35.9785603],[139.0807693,35.9785647],[139.0807172,35.9785749],[139.0807163,35.978575],[139.0807098,35.9785754],[139.0806693,35.9785777],[139.0806689,35.9785777],[139.0806049,35.9785748],[139.0805895,35.9785974],[139.0805475,35.978675],[139.0805432,35.9786827],[139.0805296,35.9787077]]]},"properties":{"layer":"landuse","class_code":"211","class_label":"住宅用地（住宅、共同住宅、店舗等併用住宅、店舗等併用共同住宅、作業所併用住宅）"}},{"type":"Feature","id":"luse_ced59188-b36a-4e74-baf8-e52aa15cfff2","geometry":{"type":"Polygon","coordinates":[[[139.078535,35.979002],[139.0784942,35.9789832],[139.0783978,35.9791192],[139.0783217,35.9792274],[139.0783214,35.9792274],[139.0782904,35.9792308],[139.0782793,35.9792218],[139.0782696,35.9792089],[139.078232,35.9791577],[139.0782066,35.9791232],[139.0781747,35.9790844],[139.0781685,35.9790768],[139.0781556,35.9790629],[139.0781349,35.9790385],[139.0781346,35.9790384],[139.07813,35.9790379],[139.0781165,35.979012],[139.0781082,35.9789937],[139.0781003,35.9789749],[139.0780907,35.9789455],[139.0780815,35.9789194],[139.0780631,35.9788718],[139.0780486,35.978836],[139.0780484,35.9788355],[139.0780366,35.9788084],[139.0780308,35.9787908],[139.0780214,35.9787552],[139.0780144,35.9787326],[139.078003,35.9786935],[139.0780019,35.9786875],[139.0780023,35.978682],[139.0780032,35.9786798],[139.0780067,35.9786764],[139.078021,35.9786673],[139.0780703,35.9786393],[139.078103,35.9786194],[139.0781167,35.9786122],[139.0781311,35.9786058],[139.078152,35.9785925],[139.0781797,35.9785661],[139.0782064,35.9785423],[139.0782223,35.9785293],[139.0782515,35.9784972],[139.0782628,35.9784845],[139.0782672,35.9784819],[139.0782783,35.9784817],[139.0782786,35.9784817],[139.0782808,35.9784822],[139.078375,35.9785192],[139.0785448,35.9785847],[139.0785635,35.978592],[139.0784206,35.978787],[139.078598,35.978895],[139.0787238,35.9786538],[139.0788041,35.9786849],[139.0788179,35.9787184],[139.0787453,35.9788401],[139.0787851,35.9788557],[139.078859,35.978732],[139.078897,35.9787213],[139.0788974,35.9787212],[139.0789428,35.9787391],[139.0789827,35.9787556],[139.0787986,35.9790294],[139.0785802,35.9789413],[139.078535,35.979002]]]},"properties":{"layer":"landuse","class_code":"211","class_label":"住宅用地（住宅、共同住宅、店舗等併用住宅、店舗等併用共同住宅、作業所併用住宅）"}},{"type":"Feature","id":"luse_1aba4a4c-fa62-439c-9169-ba5bf7884ec5","geometry":{"type":"Polygon","coordinates":[[[139.0808075,35.978624],[139.0807814,35.9786506],[139.0807795,35.9786529],[139.0807492,35.97869],[139.080728,35.9787142],[139.0807264,35.9787162],[139.0807117,35.9787388],[139.0807098,35.978742],[139.0806976,35.9787676],[139.0806856,35.9787875],[139.0806709,35.9788087],[139.0806684,35.9788118],[139.0806398,35.9788443],[139.0806219,35.9788654],[139.0806199,35.978868],[139.0806182,35.9788715],[139.0806166,35.9788755],[139.0806127,35.978887],[139.0806113,35.9788903],[139.0806022,35.9789057],[139.0806002,35.978909],[139.0805743,35.9789402],[139.0805706,35.9789453],[139.0805534,35.9789731],[139.0805511,35.9789766],[139.0805261,35.9790066],[139.0804997,35.9790388],[139.080481,35.9790631],[139.0804704,35.9790792],[139.08045,35.9791078],[139.0804146,35.9791577],[139.080391,35.9792074],[139.0803829,35.9792267],[139.080382,35.9792294],[139.0803812,35.9792333],[139.0803806,35.9792393],[139.0803807,35.9792426],[139.0803874,35.9792636],[139.0803883,35.9792663],[139.0803891,35.979269],[139.0803893,35.9792706],[139.0803888,35.979272],[139.0803879,35.9792744],[139.0803735,35.9792674],[139.0803711,35.9792662],[139.080347,35.9792545],[139.0803405,35.9792502],[139.0803394,35.9792495],[139.080339,35.9792485],[139.0803354,35.9792391],[139.0803351,35.9792366],[139.0803351,35.9792341],[139.0803366,35.9792285],[139.0803392,35.9792177],[139.0803705,35.9791666],[139.0803836,35.9791443],[139.0804031,35.9791102],[139.0804358,35.9790391],[139.0804511,35.9789854],[139.0805098,35.9788722],[139.0805362,35.9788556],[139.0805367,35.9788553],[139.0805676,35.978803],[139.0805768,35.9787703],[139.0805713,35.9787547],[139.0805602,35.9787259],[139.0805605,35.9787115],[139.0805718,35.97868],[139.0805872,35.9786512],[139.0806118,35.9786054],[139.0806155,35.9786017],[139.0806529,35.9785944],[139.0806594,35.9785931],[139.0806709,35.9785984],[139.0807202,35.9785956],[139.0807769,35.9785846],[139.0807772,35.9785845],[139.0807874,35.9785809],[139.0807922,35.9785793],[139.0808051,35.9785738],[139.0808054,35.9785737],[139.0808392,35.9785341],[139.0808674,35.9785033],[139.080915,35.9784341],[139.080922,35.9784208],[139.0809221,35.9784202],[139.0809333,35.9783815],[139.080933,35.9783742],[139.0809299,35.9783581],[139.0809205,35.9783294],[139.0809156,35.9783044],[139.0809165,35.9782697],[139.0809184,35.9782446],[139.0809254,35.9781969],[139.0809333,35.9781634],[139.080955,35.9781082],[139.0809732,35.9780686],[139.0810024,35.9779869],[139.0810119,35.9779601],[139.0810185,35.9779276],[139.08102,35.9779155],[139.0810227,35.9778934],[139.0810247,35.9778596],[139.0810242,35.9778428],[139.0810237,35.9778206],[139.0810229,35.9777976],[139.0810187,35.9777669],[139.081015,35.9777294],[139.0810095,35.9776967],[139.0810079,35.9776939],[139.0810024,35.9776835],[139.0809824,35.9776126],[139.080974,35.9775749],[139.0809625,35.9775371],[139.0809548,35.977522],[139.080948,35.9775123],[139.0809142,35.9774727],[139.0808973,35.9774541],[139.0808765,35.9774352],[139.0808446,35.977411],[139.0808208,35.9774028],[139.0808205,35.9774027],[139.0808094,35.9774012],[139.0807882,35.9773974],[139.0807269,35.9773864],[139.0806555,35.9773715],[139.0805925,35.9773583],[139.0805922,35.9773582],[139.0805815,35.9773551],[139.080501,35.9773294],[139.0804802,35.9773231],[139.0803848,35.9772944],[139.0802567,35.9772551],[139.0802434,35.977251],[139.0802342,35.9772443],[139.0802328,35.9772413],[139.0802282,35.9772318],[139.0802289,35.977231],[139.0802473,35.9772111],[139.0802635,35.9771928],[139.0802711,35.977183],[139.0803054,35.9771379],[139.0803329,35.9770971],[139.0803616,35.9770579],[139.080386,35.9770245],[139.0804021,35.9770018],[139.0804101,35.9769972],[139.0804406,35.9770031],[139.0804905,35.9770221],[139.0805675,35.9770483],[139.0806312,35.9770628],[139.0806622,35.977071],[139.080703,35.9770824],[139.0807366,35.9770944],[139.0807625,35.9771006],[139.0808325,35.9771173],[139.0808329,35.9771174],[139.0808773,35.9771289],[139.0808777,35.9771291],[139.0809902,35.9771591],[139.081011,35.9771636],[139.0810104,35.9771652],[139.0810016,35.9771888],[139.0809993,35.977224],[139.0810001,35.9772344],[139.081004,35.977281],[139.081021,35.9774198],[139.0810526,35.9776766],[139.0810565,35.977763],[139.0810496,35.977829],[139.0810484,35.9778434],[139.0810475,35.9778571],[139.0810476,35.9778767],[139.0810451,35.9779091],[139.0810416,35.9779386],[139.0810356,35.9779878],[139.0810305,35.9780201],[139.0810225,35.9780784],[139.0810199,35.9780937],[139.0810183,35.9781035],[139.0810144,35.9781274],[139.081008,35.9781669],[139.0810044,35.9781927],[139.0810016,35.9782182],[139.080998,35.9782365],[139.0809973,35.9782398],[139.0809872,35.9782385],[139.0809861,35.9782545],[139.0809854,35.9782688],[139.0809843,35.9782872],[139.080984,35.9782968],[139.0809692,35.9783537],[139.0809687,35.9783555],[139.0809687,35.9783566],[139.0809686,35.9783582],[139.0809695,35.9783754],[139.080968,35.9783993],[139.0809613,35.9784266],[139.0809559,35.9784448],[139.0809553,35.9784459],[139.0809546,35.9784468],[139.0809539,35.9784479],[139.0809357,35.9784656],[139.0809289,35.9784717],[139.0809248,35.9784748],[139.0809214,35.978477],[139.0809009,35.9784895],[139.0809,35.9784901],[139.0808995,35.9784905],[139.0808987,35.9784912],[139.0808972,35.9784923],[139.0808963,35.9784932],[139.0808951,35.9784943],[139.0808781,35.9785195],[139.0808659,35.9785466],[139.0808645,35.9785493],[139.0808632,35.9785513],[139.0808446,35.9785779],[139.0808075,35.978624]]]},"properties":{"layer":"landuse","class_code":"211","class_label":"住宅用地（住宅、共同住宅、店舗等併用住宅、店舗等併用共同住宅、作業所併用住宅）"}},{"type":"Feature","id":"luse_c109d529-4590-4c3e-82ad-6efcd94371c8","geometry":{"type":"Polygon","coordinates":[[[139.0756589,35.9790787],[139.0758283,35.9792284],[139.0758255,35.9792447],[139.0758216,35.9792472],[139.0757307,35.979296],[139.0757131,35.9793049],[139.0756903,35.9793146],[139.0756624,35.9793244],[139.0756414,35.9793316],[139.0753138,35.9789786],[139.0752435,35.979016],[139.0750784,35.978854],[139.0754402,35.9786033],[139.0755427,35.9786894],[139.0756137,35.9787476],[139.0756714,35.9787975],[139.075736,35.9788532],[139.0757579,35.9788723],[139.0758735,35.9789739],[139.0758984,35.9789995],[139.0759251,35.9790292],[139.0759791,35.9790918],[139.0759949,35.9791123],[139.0760156,35.9791383],[139.0760124,35.9791429],[139.0760068,35.9791475],[139.0759438,35.9791828],[139.0759074,35.9792015],[139.0758889,35.9792109],[139.0758804,35.9792151],[139.0758532,35.9792118],[139.0757226,35.979098],[139.075677,35.9790631],[139.0756589,35.9790787]]]},"properties":{"layer":"landuse","class_code":"211","class_label":"住宅用地（住宅、共同住宅、店舗等併用住宅、店舗等併用共同住宅、作業所併用住宅）"}},{"type":"Feature","id":"luse_5125bef8-102f-486d-b677-073b43582a3c","geometry":{"type":"Polygon","coordinates":[[[139.0784566,35.9791422],[139.0784549,35.9791454],[139.078456,35.9791454],[139.0786053,35.9792034],[139.0785058,35.9793609],[139.0784782,35.9793433],[139.0784794,35.9793336],[139.0784198,35.9792957],[139.0783909,35.9792804],[139.0783735,35.9792734],[139.0783629,35.9792456],[139.0784391,35.9791375],[139.0784469,35.9791265],[139.0784566,35.9791422]]]},"properties":{"layer":"landuse","class_code":"211","class_label":"住宅用地（住宅、共同住宅、店舗等併用住宅、店舗等併用共同住宅、作業所併用住宅）"}},{"type":"Feature","id":"luse_b16dab0d-6cd3-4c6b-b27d-d0c092aa3211","geometry":{"type":"Polygon","coordinates":[[[139.0776175,35.9789721],[139.0776117,35.9789775],[139.0775987,35.9789918],[139.0775827,35.9790113],[139.0775697,35.9790273],[139.0775658,35.9790321],[139.077542,35.9790592],[139.0775163,35.9790952],[139.077468,35.9791623],[139.07746,35.9791734],[139.0774295,35.9792162],[139.0773793,35.9792886],[139.0773228,35.9793754],[139.0773218,35.9793769],[139.0771888,35.9792521],[139.0773904,35.9790796],[139.0773963,35.9790758],[139.0773471,35.9790373],[139.0773495,35.9790107],[139.0774964,35.9788933],[139.0776175,35.9789721]]]},"properties":{"layer":"landuse","class_code":"211","class_label":"住宅用地（住宅、共同住宅、店舗等併用住宅、店舗等併用共同住宅、作業所併用住宅）"}},{"type":"Feature","id":"luse_14a6e6bd-cf44-4521-b57f-f9a1f8322ba4","geometry":{"type":"Polygon","coordinates":[[[139.0807067,35.9794247],[139.0806953,35.9794254],[139.0806816,35.9794221],[139.0806812,35.979422],[139.0806688,35.9794168],[139.0806365,35.9794033],[139.0806311,35.9794006],[139.0805932,35.9793819],[139.0805568,35.979362],[139.0805296,35.9793471],[139.0804964,35.979329],[139.0804912,35.9793262],[139.080482,35.9793216],[139.0804378,35.9792987],[139.080427,35.9792934],[139.0804114,35.9792858],[139.0804122,35.9792837],[139.0804149,35.9792793],[139.080416,35.9792774],[139.0804264,35.9792589],[139.0804272,35.9792567],[139.0804275,35.9792551],[139.0804265,35.9792519],[139.0804224,35.9792388],[139.0804223,35.9792373],[139.0804224,35.979236],[139.0804246,35.9792178],[139.0804252,35.9792148],[139.0804394,35.9791721],[139.0804641,35.9791186],[139.0804793,35.97909],[139.0804986,35.9790646],[139.0805266,35.9790312],[139.08054,35.9790118],[139.080586,35.9789529],[139.0806143,35.9789178],[139.0806308,35.9788958],[139.0806409,35.9788808],[139.0806576,35.9788536],[139.0806814,35.9788157],[139.0806955,35.978796],[139.080698,35.9787915],[139.0807067,35.9787727],[139.0807195,35.9787477],[139.0807272,35.9787356],[139.0807613,35.9787534],[139.08077,35.978758],[139.0808372,35.9787905],[139.0808403,35.9787972],[139.0808392,35.9788033],[139.0808157,35.9788355],[139.0809565,35.9789025],[139.0809615,35.9789049],[139.0810277,35.9788247],[139.0810938,35.9787629],[139.081236,35.9788398],[139.0812688,35.9788575],[139.0812667,35.9788598],[139.0811921,35.9789358],[139.0811482,35.9789816],[139.0811403,35.9789898],[139.0810853,35.9790468],[139.0810336,35.9791007],[139.081016,35.9791179],[139.0809909,35.9791425],[139.0809832,35.9791524],[139.0809795,35.9791572],[139.0809748,35.9791635],[139.0809717,35.9791669],[139.0809527,35.9791873],[139.0809233,35.9792129],[139.0808967,35.9792398],[139.0808344,35.9793026],[139.0807695,35.979368],[139.0807619,35.9793706],[139.0807458,35.9793609],[139.0807415,35.9793534],[139.080736,35.9793432],[139.0807341,35.9793396],[139.0807044,35.9792982],[139.0806818,35.9792668],[139.0806592,35.9792387],[139.0806498,35.9792282],[139.0806337,35.97921],[139.0805894,35.9791627],[139.0805467,35.9791374],[139.0805419,35.9791471],[139.080571,35.9791731],[139.080616,35.9792208],[139.0806409,35.9792488],[139.0806629,35.9792764],[139.0806852,35.9793074],[139.0807141,35.9793479],[139.0807213,35.9793609],[139.0807249,35.9793675],[139.0807286,35.9793743],[139.0807322,35.97938],[139.0807373,35.979388],[139.0807324,35.9793964],[139.080715,35.9794152],[139.0807067,35.9794247]]]},"properties":{"layer":"landuse","class_code":"211","class_label":"住宅用地（住宅、共同住宅、店舗等併用住宅、店舗等併用共同住宅、作業所併用住宅）"}},{"type":"Feature","id":"luse_012d0106-e863-43dd-8424-dba15f5dfed3","geometry":{"type":"Polygon","coordinates":[[[139.075529,35.9793674],[139.0754797,35.979386],[139.0754176,35.979406],[139.0754003,35.9794121],[139.0753581,35.9793625],[139.0752826,35.9792791],[139.0752443,35.9792365],[139.0752401,35.9792324],[139.075344,35.9791778],[139.075529,35.9793674]]]},"properties":{"layer":"landuse","class_code":"211","class_label":"住宅用地（住宅、共同住宅、店舗等併用住宅、店舗等併用共同住宅、作業所併用住宅）"}},{"type":"Feature","id":"luse_cc133ada-d430-4c2d-9fe2-e6b2b26d7395","geometry":{"type":"Polygon","coordinates":[[[139.0824353,35.9793368],[139.0823664,35.9793673],[139.0822647,35.9794132],[139.0821552,35.9794629],[139.082123,35.9794308],[139.082104,35.9794119],[139.0822828,35.9793325],[139.0821385,35.9791995],[139.0821414,35.9791977],[139.0821437,35.9791955],[139.0821454,35.9791931],[139.0821458,35.9791909],[139.0821453,35.9791875],[139.0820171,35.9790782],[139.0820134,35.9790737],[139.0820101,35.9790697],[139.0819997,35.9790572],[139.0819902,35.979046],[139.0819872,35.9790416],[139.0819853,35.9790374],[139.0819839,35.9790329],[139.0819845,35.9790088],[139.0820247,35.9789535],[139.0820304,35.9789467],[139.0820302,35.9789433],[139.0820287,35.9789402],[139.0820258,35.9789374],[139.0820206,35.9789336],[139.0819776,35.9789004],[139.0820457,35.9789094],[139.0820609,35.9789161],[139.0821419,35.9789441],[139.0821487,35.9789464],[139.0821546,35.9789502],[139.0822035,35.9789804],[139.0822108,35.9789881],[139.0822131,35.9789906],[139.082242,35.9790312],[139.0822955,35.979094],[139.0822951,35.979094],[139.0822722,35.9790981],[139.082282,35.9791203],[139.082309,35.9791144],[139.0823139,35.9791159],[139.0823143,35.979116],[139.0823238,35.9791272],[139.0823785,35.9791914],[139.082415,35.9792338],[139.0824272,35.9792481],[139.0824531,35.979283],[139.0824578,35.9792896],[139.08246,35.979296],[139.0824592,35.9792986],[139.0824572,35.9793007],[139.0824481,35.9793027],[139.0824412,35.9793316],[139.0824404,35.979335],[139.0824401,35.979335],[139.0824387,35.9793348],[139.0824353,35.9793368]]]},"properties":{"layer":"landuse","class_code":"211","class_label":"住宅用地（住宅、共同住宅、店舗等併用住宅、店舗等併用共同住宅、作業所併用住宅）"}},{"type":"Feature","id":"luse_e1eef776-2460-4d61-ae84-4667d89aa96b","geometry":{"type":"Polygon","coordinates":[[[139.0782701,35.9794127],[139.078027,35.9793099],[139.0779338,35.9793999],[139.0779071,35.9793805],[139.0778288,35.9794564],[139.0778047,35.9794299],[139.077792,35.9794219],[139.0777408,35.9793818],[139.0777009,35.9793484],[139.07768,35.9793354],[139.0775794,35.9792575],[139.0775593,35.9792425],[139.0775276,35.9792191],[139.0774975,35.979198],[139.0775132,35.9791751],[139.07758,35.9790829],[139.0775819,35.9790804],[139.0776153,35.9790367],[139.0776393,35.9790119],[139.0777164,35.9789334],[139.0777473,35.9789041],[139.0777612,35.9788914],[139.0778044,35.9788511],[139.0779002,35.9787602],[139.077918,35.9787442],[139.0779545,35.9787118],[139.0779623,35.9787053],[139.0779685,35.978701],[139.077971,35.9787006],[139.0779741,35.9787012],[139.0779784,35.9787038],[139.0779821,35.9787079],[139.0779849,35.9787154],[139.0780043,35.9787796],[139.0780073,35.9787932],[139.0780147,35.9788155],[139.078017,35.9788224],[139.0780224,35.9788355],[139.0780375,35.978866],[139.078051,35.9788956],[139.0780645,35.978936],[139.0780755,35.9789783],[139.0780824,35.978997],[139.0780932,35.9790202],[139.0781087,35.9790475],[139.0781262,35.9790768],[139.0781425,35.979096],[139.0781599,35.9791144],[139.0781664,35.9791212],[139.0781743,35.9791309],[139.0782165,35.9791892],[139.0782193,35.9791949],[139.078224,35.9792053],[139.0782261,35.9792084],[139.0782298,35.979214],[139.0782399,35.9792309],[139.0782489,35.9792389],[139.0782618,35.9792484],[139.0782782,35.9792589],[139.0782919,35.9792667],[139.0782934,35.9792675],[139.0783004,35.9792709],[139.078317,35.9792789],[139.0783514,35.9792946],[139.0783678,35.979302],[139.0783282,35.979348],[139.078271,35.9794119],[139.0782701,35.9794127]]]},"properties":{"layer":"landuse","class_code":"211","class_label":"住宅用地（住宅、共同住宅、店舗等併用住宅、店舗等併用共同住宅、作業所併用住宅）"}},{"type":"Feature","id":"luse_155c4d8c-a56f-461b-98f1-f576f95b2157","geometry":{"type":"Polygon","coordinates":[[[139.0817898,35.9793892],[139.0816424,35.9794867],[139.0816275,35.9794995],[139.0814049,35.9793181],[139.0815892,35.9791976],[139.0817898,35.9793892]]]},"properties":{"layer":"landuse","class_code":"211","class_label":"住宅用地（住宅、共同住宅、店舗等併用住宅、店舗等併用共同住宅、作業所併用住宅）"}},{"type":"Feature","id":"luse_6f1ffaea-7433-4d90-bd33-a9d607e3ee71","geometry":{"type":"Polygon","coordinates":[[[139.0790949,35.9791305],[139.0790688,35.9791648],[139.0790194,35.9792298],[139.0789709,35.9792936],[139.0789441,35.9793288],[139.0789414,35.9793322],[139.0789256,35.9793531],[139.0788482,35.979456],[139.0787988,35.9795217],[139.0787962,35.979522],[139.0787931,35.9795217],[139.0787815,35.9795168],[139.0787202,35.979488],[139.0786749,35.9794661],[139.0786487,35.9794531],[139.0786282,35.97944],[139.078904,35.9790419],[139.0790949,35.9791305]]]},"properties":{"layer":"landuse","class_code":"211","class_label":"住宅用地（住宅、共同住宅、店舗等併用住宅、店舗等併用共同住宅、作業所併用住宅）"}},{"type":"Feature","id":"luse_db9b46e2-381d-4163-a875-e742f7466b06","geometry":{"type":"Polygon","coordinates":[[[139.080418,35.9793372],[139.0804307,35.9793427],[139.0804666,35.9793583],[139.0805704,35.979413],[139.0805935,35.979427],[139.0806097,35.9794368],[139.0806117,35.9794381],[139.0806506,35.9794616],[139.0806613,35.9794688],[139.0806893,35.9794865],[139.0806933,35.9794889],[139.0806936,35.9794891],[139.0806961,35.9794904],[139.0806973,35.9794932],[139.0806975,35.9794948],[139.0806968,35.9794975],[139.0806961,35.9794989],[139.0806925,35.9795032],[139.0806831,35.9795138],[139.0806705,35.9795277],[139.0806513,35.9795489],[139.0806347,35.9795671],[139.0806185,35.9795762],[139.080604,35.979587],[139.0805958,35.9795924],[139.0805849,35.9795978],[139.0805791,35.9796004],[139.0805492,35.9796069],[139.0805488,35.979607],[139.0805352,35.9796085],[139.0805064,35.9796108],[139.080506,35.9796108],[139.0804968,35.9796115],[139.0804965,35.9796115],[139.0805003,35.9795098],[139.0803445,35.9794322],[139.0803546,35.9794259],[139.0803609,35.9794228],[139.0803881,35.9793842],[139.0803786,35.9793806],[139.0803805,35.9793772],[139.0803989,35.9793437],[139.0804015,35.9793292],[139.080418,35.9793372]]]},"properties":{"layer":"landuse","class_code":"211","class_label":"住宅用地（住宅、共同住宅、店舗等併用住宅、店舗等併用共同住宅、作業所併用住宅）"}},{"type":"Feature","id":"luse_28756dbc-5d00-46b7-a20e-dc52099106eb","geometry":{"type":"Polygon","coordinates":[[[139.075193,35.9794891],[139.0751832,35.9794929],[139.0751519,35.9795053],[139.0750945,35.9795249],[139.0750398,35.9795419],[139.075,35.97955531501598],[139.075,35.97927745494738],[139.0750672,35.9792429],[139.0752666,35.9794604],[139.075193,35.9794891]]]},"properties":{"layer":"landuse","class_code":"211","class_label":"住宅用地（住宅、共同住宅、店舗等併用住宅、店舗等併用共同住宅、作業所併用住宅）"}},{"type":"Feature","id":"luse_e5281545-71ef-438c-b679-30ab2fddb007","geometry":{"type":"Polygon","coordinates":[[[139.0789179,35.9794291],[139.0789409,35.9793986],[139.0789773,35.9793504],[139.0789935,35.9793286],[139.0791692,35.9794085],[139.0791003,35.9795126],[139.0789179,35.9794291]]]},"properties":{"layer":"landuse","class_code":"223","class_label":"その他④（その他①～③以外の用途に供されている都市的土地利用（建物跡地、資材置場、改変工事中の土地）、法面（道路、造成地等の主利用に含まれない法面））"}},{"type":"Feature","id":"luse_4fbc3cd8-8b46-4332-b577-badc5a941104","geometry":{"type":"Polygon","coordinates":[[[139.0779303,35.9795497],[139.0780014,35.9795927],[139.0778286,35.9797419],[139.0777942,35.9797153],[139.0777032,35.9796435],[139.0777014,35.9796421],[139.0775753,35.9795403],[139.0775685,35.9795351],[139.0775144,35.9794944],[139.0774975,35.9794814],[139.0774606,35.9794531],[139.0774501,35.9794441],[139.0774333,35.9794296],[139.0774074,35.9794103],[139.0774054,35.9794088],[139.0773995,35.9794041],[139.0773877,35.9793947],[139.0773836,35.9793907],[139.0773796,35.9793858],[139.0773774,35.9793795],[139.0773769,35.9793719],[139.0774381,35.9792842],[139.0774658,35.9792437],[139.0774734,35.9792381],[139.0774827,35.979235],[139.077483,35.9792349],[139.0774912,35.9792345],[139.0774985,35.979236],[139.0774988,35.9792361],[139.0775051,35.979239],[139.0775359,35.9792619],[139.0775788,35.9792987],[139.077666,35.9793734],[139.0776683,35.9793826],[139.0776699,35.9793916],[139.0776688,35.9794021],[139.0776672,35.9794084],[139.0776566,35.9794201],[139.0776361,35.979438],[139.0776542,35.9794516],[139.0776714,35.9794396],[139.0777034,35.9794197],[139.0777127,35.9794162],[139.0777211,35.9794151],[139.0777356,35.9794166],[139.0777873,35.9794486],[139.0777909,35.9794579],[139.0777924,35.9794678],[139.0777875,35.9794769],[139.0777631,35.9795045],[139.0777072,35.9795633],[139.0776854,35.9795854],[139.0776987,35.9795946],[139.077749,35.9795467],[139.0778021,35.9795065],[139.0778223,35.9795037],[139.0778369,35.9795102],[139.077914,35.9795635],[139.0779303,35.9795497]]]},"properties":{"layer":"landuse","class_code":"211","class_label":"住宅用地（住宅、共同住宅、店舗等併用住宅、店舗等併用共同住宅、作業所併用住宅）"}},{"type":"Feature","id":"luse_e90f40de-81a9-4867-addc-e79ebd3510dd","geometry":{"type":"Polygon","coordinates":[[[139.0800748,35.9797073],[139.0800718,35.979714],[139.0800701,35.9797164],[139.0800676,35.9797191],[139.0800287,35.9797494],[139.0800136,35.9797575],[139.0799962,35.9797633],[139.0799747,35.9797704],[139.0799733,35.9797704],[139.0799702,35.9797706],[139.0799599,35.9797682],[139.0799405,35.9797624],[139.0799401,35.9797623],[139.0799024,35.9797488],[139.079902,35.9797487],[139.0798749,35.9797379],[139.0798652,35.9797342],[139.0798649,35.9797341],[139.0798139,35.9797129],[139.0797299,35.9796786],[139.0797257,35.9796845],[139.0796962,35.9796768],[139.0796655,35.9796705],[139.0796587,35.9796697],[139.0796314,35.9796667],[139.079631,35.9796667],[139.0796141,35.9796678],[139.0795954,35.9796708],[139.0795827,35.9796739],[139.0795824,35.979674],[139.0795662,35.9796798],[139.0795481,35.9796856],[139.0795329,35.9796883],[139.0795325,35.9796883],[139.0795245,35.979689],[139.0795117,35.9796884],[139.0794998,35.9796871],[139.0794958,35.9796866],[139.0794786,35.9796839],[139.07945,35.9796758],[139.0794287,35.9796689],[139.0794054,35.9796623],[139.0793972,35.9796606],[139.0793969,35.9796606],[139.0793912,35.9796604],[139.0793837,35.9796605],[139.0793772,35.9796613],[139.0793711,35.9796635],[139.0793644,35.9796671],[139.0793576,35.9796728],[139.0793497,35.9796816],[139.0793423,35.9796914],[139.0793352,35.9797006],[139.0793288,35.9797077],[139.0793116,35.9797238],[139.0793068,35.9797269],[139.0793016,35.9797294],[139.0792968,35.9797303],[139.0792914,35.9797304],[139.0792906,35.9797303],[139.0792853,35.9797296],[139.0792799,35.9797279],[139.0792634,35.9797208],[139.0792498,35.9797146],[139.0792373,35.9797089],[139.0792118,35.9796957],[139.079184,35.9796816],[139.0791735,35.9796646],[139.0792353,35.9795825],[139.0792529,35.9795591],[139.0792587,35.9795515],[139.079283,35.9795187],[139.0793928,35.9793711],[139.0793972,35.9793653],[139.0794345,35.9793201],[139.0795467,35.9791724],[139.0796869,35.9792273],[139.0795993,35.9793631],[139.0795844,35.9793874],[139.0798543,35.9795175],[139.079971,35.979332],[139.0799307,35.9793228],[139.080037,35.9791665],[139.0801038,35.9791934],[139.0802139,35.9792395],[139.0802477,35.9792541],[139.0802544,35.9792727],[139.0802484,35.979283],[139.0802478,35.979284],[139.0802268,35.9793189],[139.0802117,35.9793474],[139.0802032,35.9793692],[139.0801972,35.9793887],[139.0801937,35.9794078],[139.0801924,35.9794336],[139.080192,35.979476],[139.0801924,35.9794874],[139.0801922,35.979488],[139.0801888,35.9795103],[139.0801869,35.9795163],[139.0801789,35.9795421],[139.0801726,35.9795549],[139.0801647,35.9795681],[139.0801242,35.9796446],[139.0801113,35.9796412],[139.0801038,35.9796391],[139.0800956,35.9796546],[139.080087,35.9796776],[139.0800748,35.9797073]]]},"properties":{"layer":"landuse","class_code":"211","class_label":"住宅用地（住宅、共同住宅、店舗等併用住宅、店舗等併用共同住宅、作業所併用住宅）"}},{"type":"Feature","id":"luse_80a3f652-2e56-443a-8d6e-b3c575a34d25","geometry":{"type":"Polygon","coordinates":[[[139.0752394,35.9797222],[139.0750898,35.9797883],[139.075,35.979667240899644],[139.075,35.97957479806764],[139.0750479,35.9795586],[139.0750837,35.9795476],[139.0752394,35.9797222]]]},"properties":{"layer":"landuse","class_code":"211","class_label":"住宅用地（住宅、共同住宅、店舗等併用住宅、店舗等併用共同住宅、作業所併用住宅）"}},{"type":"Feature","id":"luse_18926d6b-5b22-47aa-9608-18e84bc6873b","geometry":{"type":"Polygon","coordinates":[[[139.0760438,35.9791773],[139.0760954,35.979243],[139.0760976,35.9792459],[139.0761691,35.9793395],[139.0762707,35.9794785],[139.0762973,35.9795118],[139.0763005,35.979516],[139.0762932,35.9795558],[139.0761856,35.9796236],[139.0760782,35.9796835],[139.0760054,35.9797226],[139.0759115,35.9797735],[139.0759062,35.9797764],[139.0758466,35.9798087],[139.0758376,35.9798136],[139.0756689,35.9795835],[139.0757591,35.9795416],[139.0756181,35.979359],[139.0756722,35.9793417],[139.075699,35.9793318],[139.0757243,35.9793205],[139.0757429,35.9793111],[139.0758693,35.9792423],[139.0759007,35.9792261],[139.0759288,35.9792127],[139.0760208,35.9791628],[139.0760316,35.9791619],[139.0760438,35.9791773]]]},"properties":{"layer":"landuse","class_code":"211","class_label":"住宅用地（住宅、共同住宅、店舗等併用住宅、店舗等併用共同住宅、作業所併用住宅）"}},{"type":"Feature","id":"luse_e739c232-cb2a-40c9-8c2d-7969762b9561","geometry":{"type":"Polygon","coordinates":[[[139.0816821,35.9798201],[139.0816766,35.9798233],[139.0816709,35.9798264],[139.0816086,35.9798611],[139.0815552,35.9798912],[139.0815191,35.9799111],[139.0815133,35.9799143],[139.0814456,35.9799514],[139.0814021,35.9799751],[139.0813804,35.9799869],[139.0813762,35.9799893],[139.0813711,35.979992],[139.0813601,35.9799983],[139.081354,35.980001],[139.0813527,35.9800014],[139.0813441,35.980003],[139.0813167,35.9799784],[139.0812761,35.9799419],[139.0812738,35.9799399],[139.0812557,35.9799227],[139.0812086,35.9798782],[139.0810921,35.979771],[139.0810913,35.9797702],[139.0810586,35.9797417],[139.0810278,35.9797133],[139.0810179,35.9797054],[139.0810197,35.9797036],[139.0810242,35.9796991],[139.0810202,35.9796957],[139.0810014,35.9796783],[139.0809782,35.9796569],[139.080957,35.9796385],[139.0809549,35.9796368],[139.0809455,35.9796296],[139.0809442,35.9796284],[139.0808184,35.9795154],[139.0807948,35.979494],[139.0807775,35.9794682],[139.0807726,35.9794607],[139.0807713,35.9794564],[139.0807705,35.9794449],[139.0807727,35.9794324],[139.0807746,35.9794251],[139.0807784,35.9794182],[139.0807863,35.9794079],[139.0807883,35.9794057],[139.0807934,35.9794002],[139.0808033,35.9793894],[139.0808493,35.9793434],[139.0808744,35.9793182],[139.080881,35.9793117],[139.0809211,35.9792716],[139.0809947,35.979333],[139.0811595,35.9793891],[139.0812727,35.9794669],[139.0815308,35.9796734],[139.081647,35.9797861],[139.0816821,35.9798201]]]},"properties":{"layer":"landuse","class_code":"211","class_label":"住宅用地（住宅、共同住宅、店舗等併用住宅、店舗等併用共同住宅、作業所併用住宅）"}},{"type":"Feature","id":"luse_015c3c3e-193c-4445-87e6-aefbbe28af87","geometry":{"type":"Polygon","coordinates":[[[139.076331,35.979458],[139.0763019,35.979417],[139.0762156,35.9793053],[139.0763886,35.9791903],[139.0765201,35.9793356],[139.076331,35.979458]]]},"properties":{"layer":"landuse","class_code":"223","class_label":"その他④（その他①～③以外の用途に供されている都市的土地利用（建物跡地、資材置場、改変工事中の土地）、法面（道路、造成地等の主利用に含まれない法面））"}},{"type":"Feature","id":"luse_06ec2d6a-c6cc-41bd-ba0d-4ac8570c1806","geometry":{"type":"Polygon","coordinates":[[[139.0780296,35.9799868],[139.0780029,35.980022],[139.0777625,35.9797789],[139.0778091,35.9797501],[139.0778859,35.9798135],[139.0778886,35.9798158],[139.07791,35.97983],[139.0780326,35.9798109],[139.0780276,35.9797939],[139.0781128,35.9797874],[139.0780974,35.9798368],[139.0780818,35.979873],[139.0780679,35.9798998],[139.0780396,35.9799394],[139.0780151,35.9799785],[139.0780296,35.9799868]]]},"properties":{"layer":"landuse","class_code":"211","class_label":"住宅用地（住宅、共同住宅、店舗等併用住宅、店舗等併用共同住宅、作業所併用住宅）"}},{"type":"Feature","id":"luse_33f78a34-bdf4-43cd-97e7-f72ed2d8ec19","geometry":{"type":"Polygon","coordinates":[[[139.0809976,35.9797735],[139.0810268,35.9798184],[139.0810338,35.9798315],[139.0810396,35.979846],[139.0810438,35.9798648],[139.0810494,35.9798914],[139.0810554,35.9799245],[139.081058,35.9799491],[139.0810594,35.979967],[139.0810613,35.9799982],[139.0810609,35.9800026],[139.0810605,35.9800069],[139.0810596,35.9800174],[139.0810565,35.9800466],[139.0809249,35.9800371],[139.0807138,35.9800148],[139.0807318,35.9798546],[139.0808751,35.9798441],[139.0809104,35.9798271],[139.0809108,35.9797833],[139.0809763,35.9797512],[139.0809976,35.9797735]]]},"properties":{"layer":"landuse","class_code":"211","class_label":"住宅用地（住宅、共同住宅、店舗等併用住宅、店舗等併用共同住宅、作業所併用住宅）"}},{"type":"Feature","id":"luse_a145874a-7e32-41cd-9710-8d5cb46d3204","geometry":{"type":"Polygon","coordinates":[[[139.0833815,35.9800298],[139.0833568,35.980067],[139.0833478,35.9800797],[139.0833422,35.9800889],[139.0833398,35.9800926],[139.0833229,35.9800823],[139.0833214,35.9800796],[139.0833181,35.9800738],[139.083309,35.9800567],[139.0832965,35.980034],[139.0832871,35.980017],[139.0832799,35.9800042],[139.0832795,35.9800042],[139.0832664,35.9800009],[139.0832511,35.9799803],[139.0832402,35.9799658],[139.0832246,35.979946],[139.0832238,35.9799443],[139.083224,35.9799379],[139.0832242,35.9799289],[139.0832241,35.9799231],[139.083224,35.9799177],[139.0832234,35.9799064],[139.0832247,35.979889],[139.0832264,35.9798745],[139.083227,35.9798688],[139.0832267,35.9798688],[139.0832089,35.979869],[139.0832142,35.9798545],[139.0832706,35.9798511],[139.0833363,35.9798495],[139.0833923,35.9798842],[139.0834619,35.9799594],[139.0834563,35.9799653],[139.083456,35.9799653],[139.0834492,35.9799662],[139.0834411,35.9799673],[139.0834392,35.9799676],[139.0834389,35.9799676],[139.0834345,35.9799667],[139.0834341,35.9799666],[139.0834257,35.979964],[139.0833815,35.9800298]]]},"properties":{"layer":"landuse","class_code":"211","class_label":"住宅用地（住宅、共同住宅、店舗等併用住宅、店舗等併用共同住宅、作業所併用住宅）"}},{"type":"Feature","id":"luse_7dad881e-a884-4c00-bf1a-7958833869ee","geometry":{"type":"Polygon","coordinates":[[[139.0800469,35.9798146],[139.0800301,35.9798479],[139.079993,35.9799215],[139.0799876,35.9799344],[139.0799662,35.9799851],[139.0799283,35.9800583],[139.079891,35.9801295],[139.079734,35.9800708],[139.0797336,35.9800707],[139.0796985,35.9800569],[139.0795069,35.9799818],[139.0792957,35.9798969],[139.0793465,35.9798033],[139.0793449,35.97978],[139.079332,35.9797558],[139.0793312,35.9797515],[139.079332,35.9797471],[139.0793353,35.9797394],[139.0793417,35.9797273],[139.0793478,35.9797175],[139.079356,35.9797065],[139.0793653,35.979697],[139.0793782,35.9796855],[139.0793851,35.9796815],[139.0793855,35.9796813],[139.0793907,35.9796797],[139.0793911,35.9796797],[139.0793971,35.9796793],[139.0793975,35.9796794],[139.0794047,35.9796805],[139.0794059,35.9796807],[139.0794246,35.979686],[139.079425,35.9796861],[139.0794609,35.9796988],[139.0794638,35.9796995],[139.0794783,35.9797035],[139.0794882,35.9797053],[139.0794898,35.9797056],[139.0794998,35.9797065],[139.0795049,35.979707],[139.0795088,35.9797065],[139.0795091,35.9797065],[139.0795127,35.9797043],[139.0795149,35.9797022],[139.0795162,35.9796994],[139.0795181,35.9796976],[139.0795197,35.9796971],[139.0795237,35.9796974],[139.0795301,35.9796988],[139.0795305,35.9796988],[139.0795351,35.9797006],[139.0795419,35.9797018],[139.0795464,35.979702],[139.0795503,35.9797021],[139.0795648,35.9796982],[139.0795927,35.9796894],[139.0796094,35.9796858],[139.0796098,35.9796857],[139.0796234,35.9796854],[139.0796385,35.9796862],[139.0796604,35.9796901],[139.0796953,35.9796989],[139.0797258,35.979708],[139.0797965,35.9797351],[139.0798589,35.9797613],[139.0798919,35.9797755],[139.0798922,35.9797757],[139.0799122,35.9797827],[139.0799372,35.9797894],[139.0799556,35.9797932],[139.0799643,35.9797935],[139.0799754,35.9797937],[139.0799758,35.9797937],[139.079991,35.9797916],[139.0800053,35.9797873],[139.0800209,35.9797808],[139.0800366,35.9797721],[139.080045,35.9797668],[139.0800567,35.9797603],[139.0800612,35.979758],[139.0800644,35.9797578],[139.0800648,35.9797578],[139.0800686,35.9797592],[139.0800697,35.9797659],[139.080065,35.9797788],[139.0800469,35.9798146]]]},"properties":{"layer":"landuse","class_code":"211","class_label":"住宅用地（住宅、共同住宅、店舗等併用住宅、店舗等併用共同住宅、作業所併用住宅）"}},{"type":"Feature","id":"luse_fec1559e-c92b-4ffc-8539-c6ce68dfece8","geometry":{"type":"Polygon","coordinates":[[[139.0757188,35.9800952],[139.0756883,35.980104],[139.07559,35.9799918],[139.0755636,35.9799672],[139.0754312,35.9800304],[139.075421,35.9800344],[139.0753484,35.9798999],[139.0755852,35.9797692],[139.07567,35.9798784],[139.0757135,35.9798806],[139.0756449,35.9799175],[139.0756822,35.9799633],[139.0758605,35.9798672],[139.076001,35.9797911],[139.0760429,35.9797685],[139.076064,35.9797571],[139.0761161,35.9797291],[139.0761242,35.9797245],[139.076226,35.9796677],[139.0763526,35.979586],[139.0763699,35.9796085],[139.0764233,35.979678],[139.0765001,35.9797674],[139.076504,35.9797724],[139.0765044,35.9797729],[139.076488,35.9797826],[139.0764578,35.979801],[139.076385,35.9798439],[139.0763043,35.9798915],[139.0762476,35.9799263],[139.0762355,35.9799339],[139.0761952,35.97989],[139.0761568,35.9798508],[139.0761353,35.9798646],[139.0757188,35.9800952]]]},"properties":{"layer":"landuse","class_code":"211","class_label":"住宅用地（住宅、共同住宅、店舗等併用住宅、店舗等併用共同住宅、作業所併用住宅）"}},{"type":"Feature","id":"luse_4396433b-f1bb-4787-aecc-45c91c3cedd8","geometry":{"type":"Polygon","coordinates":[[[139.0826281,35.9795286],[139.0826615,35.9795729],[139.0826765,35.9795915],[139.082682,35.979598],[139.0826881,35.9796052],[139.0827121,35.9796372],[139.0827512,35.9796923],[139.0827522,35.9796938],[139.0827437,35.9797126],[139.0827128,35.9797264],[139.0827097,35.9797245],[139.0826853,35.9797364],[139.0826231,35.97977],[139.0825847,35.9797897],[139.0825445,35.9798105],[139.0825311,35.9798173],[139.0825269,35.9798118],[139.0824469,35.9797056],[139.0824466,35.9797056],[139.0824282,35.9797133],[139.0824345,35.9797223],[139.0824302,35.9797357],[139.0824974,35.979823],[139.0824967,35.9798278],[139.0824943,35.9798287],[139.082494,35.9798288],[139.0824283,35.9798551],[139.082377,35.9798744],[139.0823702,35.9798772],[139.0823393,35.9798896],[139.082281,35.9799162],[139.0822807,35.9799163],[139.0822649,35.9799241],[139.082239,35.9799354],[139.0822213,35.9799459],[139.0822013,35.9799584],[139.0821455,35.979992],[139.0820966,35.98002],[139.0820588,35.9800429],[139.0820282,35.9800609],[139.0820146,35.9800685],[139.08201,35.9800714],[139.0819772,35.9800906],[139.0819716,35.9800935],[139.0819685,35.980095],[139.0819666,35.980096],[139.0819658,35.9800965],[139.0819261,35.9801229],[139.0818784,35.9801552],[139.0818473,35.9801752],[139.0818417,35.9801788],[139.0818186,35.9801937],[139.0817482,35.9802309],[139.0816894,35.9802641],[139.0816591,35.980281],[139.0816587,35.9802812],[139.0816554,35.9802834],[139.0816525,35.9802853],[139.0816499,35.9802834],[139.0816075,35.9802441],[139.0814153,35.9800677],[139.0813789,35.9800339],[139.0813776,35.9800326],[139.0813809,35.9800304],[139.0813834,35.9800272],[139.0813926,35.9800197],[139.081397,35.9800173],[139.0814041,35.9800132],[139.0814341,35.9799969],[139.0814523,35.979987],[139.0814538,35.9799861],[139.0814726,35.9799758],[139.0814945,35.9799631],[139.0815404,35.9799359],[139.0815455,35.9799329],[139.0815666,35.9799205],[139.0816424,35.9798772],[139.0816902,35.9798493],[139.0816938,35.9798471],[139.0817007,35.9798434],[139.0817029,35.979842],[139.0817095,35.9798408],[139.0817099,35.9798407],[139.0817135,35.9798401],[139.0817147,35.9798391],[139.0817162,35.9798378],[139.0817189,35.9798355],[139.0817209,35.9798338],[139.0817324,35.9798257],[139.0817626,35.9798043],[139.0817712,35.9797982],[139.0818231,35.9797588],[139.081864,35.9797287],[139.0818669,35.9797266],[139.0818724,35.9797252],[139.0818823,35.9797178],[139.0818951,35.9797079],[139.0819288,35.9796821],[139.0819811,35.9796425],[139.0819948,35.9796321],[139.0820628,35.9795803],[139.0821307,35.979528],[139.0821665,35.9794998],[139.0822514,35.9794619],[139.0823404,35.9794213],[139.082368,35.9794085],[139.0823904,35.9793983],[139.0825211,35.9795744],[139.0826281,35.9795286]]]},"properties":{"layer":"landuse","class_code":"211","class_label":"住宅用地（住宅、共同住宅、店舗等併用住宅、店舗等併用共同住宅、作業所併用住宅）"}},{"type":"Feature","id":"luse_5719e634-b2c5-4444-921a-5fb82d2ad6d7","geometry":{"type":"Polygon","coordinates":[[[139.0790095,35.9796338],[139.0790273,35.9796416],[139.0790617,35.9796567],[139.0791069,35.979677],[139.079109,35.9796787],[139.0791091,35.9796841],[139.0791052,35.9796901],[139.0790701,35.9797419],[139.0790497,35.9797764],[139.0790314,35.9798032],[139.0790004,35.979846],[139.0789807,35.9798746],[139.0789674,35.9798925],[139.0789491,35.9799173],[139.078841,35.9800515],[139.0788306,35.9800641],[139.0787761,35.9801269],[139.0787114,35.9801992],[139.0786769,35.9802357],[139.0786576,35.9802556],[139.0786422,35.98027],[139.0785177,35.9801898],[139.0784939,35.9801733],[139.0787078,35.9799354],[139.0786563,35.9799198],[139.078742,35.9797868],[139.0785878,35.9797153],[139.0786045,35.9796925],[139.0784314,35.9796284],[139.0782933,35.9798317],[139.078269,35.9799155],[139.0781218,35.9798428],[139.0781378,35.9797926],[139.078159,35.9797267],[139.0781688,35.9797065],[139.0782102,35.9796354],[139.0782293,35.9796061],[139.0782344,35.9795933],[139.0782444,35.9795573],[139.0782624,35.9795118],[139.0782841,35.9794672],[139.0783072,35.9794251],[139.0783329,35.979393],[139.0783565,35.9793708],[139.0783718,35.9793567],[139.0784038,35.9793326],[139.0784139,35.979325],[139.0784354,35.9793391],[139.078467,35.9793594],[139.0785225,35.9793941],[139.0785627,35.9794178],[139.0785714,35.9794228],[139.0786076,35.9794471],[139.0786367,35.9794659],[139.0786691,35.9794825],[139.0787315,35.9795121],[139.0787834,35.9795372],[139.0788068,35.9795474],[139.078838,35.9795633],[139.0788411,35.9795649],[139.0788664,35.9795762],[139.0789019,35.9795903],[139.0789369,35.9796047],[139.0789717,35.9796192],[139.0789778,35.9796218],[139.0790095,35.9796338]]]},"properties":{"layer":"landuse","class_code":"211","class_label":"住宅用地（住宅、共同住宅、店舗等併用住宅、店舗等併用共同住宅、作業所併用住宅）"}},{"type":"Feature","id":"luse_526ba658-557d-4e8a-9996-42321691c464","geometry":{"type":"Polygon","coordinates":[[[139.0775665,35.9801549],[139.0775152,35.9802015],[139.0774689,35.9802359],[139.0774277,35.9802643],[139.0773185,35.9801813],[139.0774921,35.9800564],[139.0775188,35.9800325],[139.077398,35.9799427],[139.0772973,35.9798722],[139.0771622,35.9797775],[139.0770907,35.9797331],[139.0771539,35.9796484],[139.0772272,35.9795504],[139.0772328,35.9795542],[139.0772841,35.9795914],[139.0773811,35.979662],[139.0774155,35.9796871],[139.0774476,35.9797126],[139.0774879,35.9797485],[139.0775669,35.9798226],[139.0775714,35.9798269],[139.0777389,35.9799494],[139.077764,35.9799303],[139.0778048,35.9799635],[139.0776375,35.9801141],[139.0776265,35.9801057],[139.0775665,35.9801549]]]},"properties":{"layer":"landuse","class_code":"211","class_label":"住宅用地（住宅、共同住宅、店舗等併用住宅、店舗等併用共同住宅、作業所併用住宅）"}},{"type":"Feature","id":"luse_e7228489-b0fc-47b1-ae6e-db14fbdcf1ad","geometry":{"type":"Polygon","coordinates":[[[139.0830403,35.9799282],[139.083057,35.979952],[139.0830775,35.9799448],[139.0830987,35.9799382],[139.0830991,35.9799381],[139.0831081,35.9799362],[139.0831085,35.9799361],[139.0831178,35.9799352],[139.0831315,35.9799372],[139.0831319,35.9799372],[139.083145,35.9799405],[139.0831454,35.9799406],[139.0831588,35.9799461],[139.0831849,35.9799607],[139.0832017,35.9799691],[139.0832233,35.9799831],[139.0832362,35.979993],[139.0832496,35.980004],[139.0832599,35.9800144],[139.083266,35.980025],[139.0832877,35.9800643],[139.0832958,35.9800794],[139.083299,35.9800874],[139.0833022,35.9800951],[139.0833087,35.9801116],[139.0833091,35.9801137],[139.0833113,35.9801249],[139.0833114,35.9801355],[139.0833093,35.9801434],[139.0833043,35.9801546],[139.0832991,35.9801641],[139.0832901,35.9801792],[139.0832843,35.9801921],[139.0832704,35.9802318],[139.0832603,35.9802569],[139.0832444,35.9802895],[139.0832369,35.9802988],[139.0832011,35.9803403],[139.083173,35.9803722],[139.0831682,35.980376],[139.0831584,35.9803812],[139.0831581,35.9803812],[139.0831532,35.9803815],[139.0831529,35.9803815],[139.0831459,35.9803807],[139.0831393,35.9803784],[139.0831308,35.9803744],[139.0831182,35.9803656],[139.0830891,35.9803363],[139.0830858,35.9803321],[139.0830871,35.9803289],[139.0830939,35.9803247],[139.0830842,35.9803153],[139.0830764,35.9803205],[139.08305,35.980288],[139.0830467,35.9802831],[139.0830436,35.9802786],[139.0830409,35.9802746],[139.083039,35.9802693],[139.0830384,35.9802652],[139.083027,35.9802435],[139.0830093,35.9802105],[139.0830006,35.9801962],[139.0829989,35.9801937],[139.0829919,35.9801834],[139.0829739,35.9801635],[139.0829418,35.9801303],[139.0829422,35.9801269],[139.082945,35.9801235],[139.082955,35.9801149],[139.0829654,35.9801041],[139.0829702,35.9800973],[139.0829721,35.9800919],[139.0829729,35.9800843],[139.0829722,35.9800789],[139.0829717,35.9800774],[139.082968,35.9800676],[139.0829671,35.9800628],[139.0829664,35.9800512],[139.08297,35.9800184],[139.0829715,35.9799678],[139.0829732,35.9799613],[139.0829768,35.9799554],[139.082971,35.979953],[139.0830403,35.9799282]]]},"properties":{"layer":"landuse","class_code":"211","class_label":"住宅用地（住宅、共同住宅、店舗等併用住宅、店舗等併用共同住宅、作業所併用住宅）"}},{"type":"Feature","id":"luse_1fb62a46-a893-44f0-bb07-68af9a1ce3ac","geometry":{"type":"Polygon","coordinates":[[[139.0785072,35.9802003],[139.0786027,35.9802619],[139.0786198,35.9802728],[139.078625,35.9802769],[139.0786259,35.9802794],[139.0786255,35.9802821],[139.0786247,35.980285],[139.0786226,35.9802889],[139.0786038,35.9803066],[139.0785918,35.9803181],[139.0785325,35.9803752],[139.0785174,35.9803897],[139.0785036,35.980403],[139.0785022,35.9804043],[139.0784595,35.9804444],[139.0784601,35.9804448],[139.0784617,35.9804459],[139.0784482,35.9804573],[139.0782742,35.9803003],[139.0783937,35.9801746],[139.0784236,35.9801852],[139.0784467,35.9801904],[139.078465,35.9801908],[139.0784654,35.9801908],[139.0784808,35.9801881],[139.0784884,35.9801874],[139.0785072,35.9802003]]]},"properties":{"layer":"landuse","class_code":"211","class_label":"住宅用地（住宅、共同住宅、店舗等併用住宅、店舗等併用共同住宅、作業所併用住宅）"}},{"type":"Feature","id":"luse_f4aae2b9-0bc8-4d62-ab45-3cb6f9d0e5f3","geometry":{"type":"Polygon","coordinates":[[[139.0799133,35.9803119],[139.0799155,35.9803291],[139.0799188,35.9803587],[139.0799171,35.9803651],[139.0799215,35.9803656],[139.0799175,35.980376],[139.0799236,35.9803842],[139.0799293,35.980393],[139.0799332,35.9803982],[139.0799376,35.9804024],[139.0799446,35.9804076],[139.0799511,35.9804103],[139.0799559,35.9804142],[139.0799577,35.9804181],[139.0799574,35.980421],[139.079955,35.9804306],[139.0799249,35.9804664],[139.0799129,35.9804775],[139.0799021,35.9804868],[139.0798922,35.980496],[139.0798495,35.9805314],[139.0797988,35.9805029],[139.0796656,35.9804281],[139.0797604,35.9803008],[139.0796221,35.9802452],[139.0797253,35.9800854],[139.0798377,35.9801273],[139.0798385,35.9801278],[139.0798562,35.9801385],[139.0798747,35.9801489],[139.0798809,35.9801539],[139.0798842,35.980158],[139.0798869,35.9801656],[139.079886,35.9801716],[139.0798851,35.9801785],[139.0799185,35.9801834],[139.0799228,35.9801697],[139.0799248,35.9801683],[139.0799271,35.9801678],[139.0799335,35.9801688],[139.0799339,35.9801666],[139.0799351,35.9801605],[139.0799375,35.9801609],[139.0799515,35.980163],[139.0799507,35.9801689],[139.0799504,35.9801714],[139.0799448,35.98021],[139.0799379,35.9802525],[139.0799342,35.9802737],[139.0799299,35.9802986],[139.0799288,35.9803047],[139.0799157,35.9803032],[139.0799121,35.9803028],[139.0799133,35.9803119]]]},"properties":{"layer":"landuse","class_code":"211","class_label":"住宅用地（住宅、共同住宅、店舗等併用住宅、店舗等併用共同住宅、作業所併用住宅）"}},{"type":"Feature","id":"luse_cbe9d436-7ff4-4d27-8af7-803d8a08e670","geometry":{"type":"Polygon","coordinates":[[[139.0814884,35.9802254],[139.0814995,35.980226],[139.0814999,35.980226],[139.0815243,35.9802481],[139.0815677,35.9802884],[139.0815852,35.9803059],[139.0815892,35.9803099],[139.0815999,35.9803207],[139.081635,35.9803516],[139.0816704,35.9803852],[139.0816829,35.9803969],[139.0816832,35.9804024],[139.0816832,35.980405],[139.0816808,35.9804087],[139.081676,35.9804132],[139.0816127,35.9804502],[139.0815127,35.9805086],[139.0814703,35.9805338],[139.0814144,35.9805652],[139.0813709,35.9805934],[139.0813396,35.9805648],[139.0813323,35.9805571],[139.0813338,35.9805337],[139.0813461,35.980525],[139.0814121,35.9804865],[139.0814573,35.9804593],[139.0814353,35.9804341],[139.0814147,35.9804121],[139.0813881,35.9803838],[139.0813464,35.9803396],[139.081341,35.980331],[139.0813403,35.98033],[139.081345,35.9803033],[139.0813867,35.980275],[139.0814319,35.9802466],[139.0814664,35.9802244],[139.0814884,35.9802254]]]},"properties":{"layer":"landuse","class_code":"211","class_label":"住宅用地（住宅、共同住宅、店舗等併用住宅、店舗等併用共同住宅、作業所併用住宅）"}},{"type":"Feature","id":"luse_91c4d6bb-55b3-41c1-8b0d-807f68946fd3","geometry":{"type":"Polygon","coordinates":[[[139.0792489,35.9804207],[139.0790507,35.9806344],[139.0790434,35.9806297],[139.0788928,35.9805289],[139.0788688,35.9805129],[139.0787871,35.9804565],[139.0787385,35.9804189],[139.0787364,35.9804156],[139.0787341,35.9804109],[139.0787314,35.9804043],[139.0787287,35.9803938],[139.0787215,35.9803367],[139.0787095,35.9802811],[139.0787081,35.9802745],[139.0787074,35.9802658],[139.0787071,35.980261],[139.0787078,35.9802586],[139.0787096,35.9802554],[139.0787442,35.9802191],[139.0788092,35.9801461],[139.0788644,35.9800828],[139.0788894,35.9800518],[139.0789838,35.9799349],[139.0790024,35.9799095],[139.0790159,35.9798912],[139.0790357,35.9798624],[139.0790665,35.9798199],[139.0790901,35.9797856],[139.0791465,35.9797021],[139.0791551,35.9797021],[139.0791713,35.979702],[139.0791717,35.9797021],[139.0791817,35.9797071],[139.0791834,35.9797051],[139.0792266,35.9797235],[139.0792707,35.9797435],[139.0792962,35.9797563],[139.0793038,35.9797606],[139.0793092,35.9797672],[139.0793141,35.979778],[139.0793157,35.9797866],[139.0793161,35.9797924],[139.0792653,35.9798861],[139.0792592,35.9798967],[139.0792568,35.9798993],[139.0793302,35.979929],[139.0793306,35.9799291],[139.0794509,35.9799774],[139.0794512,35.9799774],[139.0794503,35.9799852],[139.0794008,35.980055],[139.0792743,35.9802353],[139.0792739,35.9802359],[139.0792386,35.9802872],[139.0792278,35.9803006],[139.0792153,35.9803157],[139.0791961,35.9803328],[139.0792049,35.9803394],[139.0792249,35.9803219],[139.0792379,35.9803061],[139.0792491,35.9802923],[139.0792849,35.9802401],[139.0794149,35.9800551],[139.0794608,35.9799902],[139.0794759,35.9799875],[139.079498,35.9799963],[139.0794983,35.9799965],[139.0795663,35.9800231],[139.0795065,35.9801135],[139.0793561,35.9803124],[139.0792489,35.9804207]]]},"properties":{"layer":"landuse","class_code":"211","class_label":"住宅用地（住宅、共同住宅、店舗等併用住宅、店舗等併用共同住宅、作業所併用住宅）"}},{"type":"Feature","id":"luse_e6fbc46a-2b53-49a0-9bda-5392be294400","geometry":{"type":"Polygon","coordinates":[[[139.078388,35.980503],[139.078223,35.9806622],[139.0782227,35.9806624],[139.0782103,35.9806745],[139.0782099,35.9806745],[139.0781628,35.9806758],[139.0781596,35.9806735],[139.0781192,35.980643],[139.0780755,35.9806117],[139.0780077,35.9805631],[139.0779544,35.9805226],[139.078009,35.9804728],[139.0780441,35.980494],[139.0782172,35.9803371],[139.078388,35.980503]]]},"properties":{"layer":"landuse","class_code":"211","class_label":"住宅用地（住宅、共同住宅、店舗等併用住宅、店舗等併用共同住宅、作業所併用住宅）"}},{"type":"Feature","id":"luse_55df64d1-7e8f-409c-b154-f1b51789465b","geometry":{"type":"Polygon","coordinates":[[[139.0835897,35.9804348],[139.0836537,35.9805037],[139.0836752,35.9805287],[139.083695,35.9805548],[139.0837051,35.9805702],[139.0836892,35.9806244],[139.0836696,35.9807101],[139.0836014,35.9807307],[139.0834788,35.980572],[139.0833604,35.9804328],[139.0832331,35.9805087],[139.0831437,35.9804357],[139.08318,35.9804017],[139.0831875,35.9803948],[139.0831964,35.9803867],[139.0832185,35.9803647],[139.0832372,35.9803461],[139.0832739,35.9803102],[139.0832721,35.9803024],[139.0832769,35.9802926],[139.0832861,35.9802724],[139.0832899,35.9802612],[139.0832949,35.9802373],[139.0833067,35.9802024],[139.0833102,35.9801956],[139.0833203,35.9801759],[139.0833274,35.9801633],[139.0833394,35.9801447],[139.0833415,35.9801448],[139.0833419,35.9801448],[139.0833946,35.9801982],[139.0834038,35.9802103],[139.0834052,35.9802124],[139.0834237,35.9802333],[139.0834251,35.9802349],[139.0834628,35.9802775],[139.0834512,35.9802844],[139.0834759,35.9803109],[139.0835913,35.9804339],[139.0835897,35.9804348]]]},"properties":{"layer":"landuse","class_code":"211","class_label":"住宅用地（住宅、共同住宅、店舗等併用住宅、店舗等併用共同住宅、作業所併用住宅）"}},{"type":"Feature","id":"luse_d3206ac4-17fa-4c29-b387-c40135efc20c","geometry":{"type":"Polygon","coordinates":[[[139.0764891,35.9806223],[139.0764335,35.9806578],[139.0764147,35.9806697],[139.0763793,35.9806921],[139.0763667,35.9807],[139.0762378,35.980578],[139.0760962,35.9806675],[139.0760958,35.9806672],[139.0760273,35.9806124],[139.0759543,35.980554],[139.0759268,35.980532],[139.0758937,35.9805055],[139.0758455,35.9804668],[139.0758693,35.9804514],[139.0760424,35.9803372],[139.076164,35.980257],[139.0761359,35.980229],[139.0762435,35.9801519],[139.0762272,35.9801348],[139.0762936,35.980089],[139.0763363,35.9800439],[139.0762473,35.9799468],[139.0762512,35.9799445],[139.0763162,35.9799045],[139.0764697,35.9798139],[139.0765,35.9797956],[139.0765167,35.9797898],[139.0765172,35.9797897],[139.0765208,35.9797941],[139.0765646,35.9798428],[139.0766117,35.9799016],[139.0767055,35.9800199],[139.0767166,35.980034],[139.0767162,35.9800341],[139.0767097,35.9800381],[139.0767032,35.9800421],[139.0766842,35.9800534],[139.0766321,35.9800882],[139.0766205,35.9800962],[139.0766119,35.9801023],[139.0765831,35.9801221],[139.0765617,35.9801458],[139.0765389,35.9801633],[139.0764278,35.9802329],[139.0764155,35.9802405],[139.0764337,35.9802598],[139.0764398,35.9802561],[139.0765575,35.9801825],[139.0765818,35.9801666],[139.0766099,35.9801485],[139.0766592,35.9801145],[139.0767051,35.9800838],[139.0767265,35.9800778],[139.0767477,35.9800736],[139.0767605,35.98009],[139.0767864,35.9801232],[139.0767893,35.980127],[139.0768141,35.980159],[139.0768295,35.9801789],[139.0769198,35.980297],[139.0769256,35.9803041],[139.0769228,35.9803065],[139.0768479,35.9803576],[139.076764,35.9804222],[139.076658,35.9805036],[139.0766047,35.980545],[139.0765025,35.9804216],[139.0763734,35.9804865],[139.0764891,35.9806223]]]},"properties":{"layer":"landuse","class_code":"211","class_label":"住宅用地（住宅、共同住宅、店舗等併用住宅、店舗等併用共同住宅、作業所併用住宅）"}},{"type":"Feature","id":"luse_cf324177-89d6-4b33-a926-ce51321f69fc","geometry":{"type":"Polygon","coordinates":[[[139.078685,35.9802854],[139.0786854,35.9802854],[139.0786879,35.980288],[139.0786885,35.9802897],[139.0786953,35.9803221],[139.0786994,35.9803392],[139.0787067,35.9803965],[139.0787098,35.980409],[139.078713,35.9804172],[139.078716,35.9804232],[139.0787206,35.98043],[139.0787735,35.9804711],[139.0788545,35.9805268],[139.0789088,35.9805632],[139.0787208,35.9807152],[139.078472,35.9804808],[139.0784889,35.9804673],[139.0785346,35.9804246],[139.0786226,35.9803395],[139.0786755,35.9802896],[139.0786798,35.9802853],[139.0786826,35.9802851],[139.078685,35.9802854]]]},"properties":{"layer":"landuse","class_code":"211","class_label":"住宅用地（住宅、共同住宅、店舗等併用住宅、店舗等併用共同住宅、作業所併用住宅）"}},{"type":"Feature","id":"luse_0c35584a-6eb0-4913-86a9-0a0f14e39307","geometry":{"type":"Polygon","coordinates":[[[139.0827056,35.9806894],[139.0826965,35.9807051],[139.0826403,35.9807402],[139.082589,35.9807722],[139.0825408,35.9808021],[139.0825351,35.9808056],[139.0825389,35.9808096],[139.0825065,35.9808293],[139.0824749,35.980851],[139.0824463,35.9808689],[139.0824297,35.9808818],[139.082394,35.9809095],[139.0823915,35.9809114],[139.082375,35.9809242],[139.0823684,35.9809182],[139.0821841,35.9807536],[139.0821749,35.9807455],[139.0821151,35.9806919],[139.0821195,35.9806683],[139.0821197,35.9806674],[139.0822716,35.9805857],[139.0822964,35.9805899],[139.082301,35.9805907],[139.0822713,35.9805535],[139.0820771,35.9806578],[139.0817031,35.9803226],[139.0816776,35.9802998],[139.0816831,35.9802963],[139.0817148,35.9802761],[139.0817494,35.9802547],[139.08178,35.9802411],[139.0818121,35.9802255],[139.0818357,35.9802128],[139.0818555,35.9802022],[139.0818874,35.9801821],[139.0819039,35.9801717],[139.0819721,35.9801304],[139.0819757,35.9801282],[139.0819983,35.9801144],[139.0820077,35.9801113],[139.0820139,35.9801104],[139.0820143,35.9801104],[139.0820236,35.9801105],[139.0820316,35.9801115],[139.0820399,35.9801145],[139.0820513,35.9801201],[139.0821384,35.9801593],[139.0821386,35.9801581],[139.0821389,35.9801527],[139.0821399,35.9801531],[139.0821949,35.9801769],[139.082226,35.9801894],[139.0821456,35.9801324],[139.0821021,35.9801139],[139.0820624,35.9800965],[139.0820582,35.9800949],[139.0820524,35.9800894],[139.0820813,35.9800718],[139.0820986,35.9800614],[139.0822442,35.9799689],[139.0822656,35.9799556],[139.0822971,35.9799414],[139.0822974,35.9799412],[139.0823351,35.979923],[139.0823855,35.9799048],[139.0824442,35.9798819],[139.0824832,35.9798666],[139.0825236,35.9798508],[139.0825465,35.9798409],[139.0825565,35.9798285],[139.0826098,35.979797],[139.0826317,35.9797871],[139.0826501,35.9797793],[139.0826515,35.9797787],[139.082686,35.979761],[139.0827731,35.9797241],[139.0828554,35.9798275],[139.0828755,35.9799287],[139.0828717,35.9800609],[139.0828578,35.9800457],[139.0828448,35.9800533],[139.0828088,35.9800294],[139.0823942,35.9801928],[139.0825103,35.980329],[139.082621,35.9802839],[139.0827415,35.9804487],[139.0830099,35.9802751],[139.0830129,35.9802798],[139.0830276,35.9802971],[139.0830395,35.9803111],[139.0830729,35.9803461],[139.0830893,35.9803638],[139.0831075,35.9803836],[139.0831159,35.9803934],[139.0831201,35.9804006],[139.0831219,35.9804073],[139.0831207,35.9804128],[139.0831197,35.9804179],[139.0830746,35.9804548],[139.0828577,35.9805997],[139.082852,35.9805937],[139.0827056,35.9806894]]]},"properties":{"layer":"landuse","class_code":"211","class_label":"住宅用地（住宅、共同住宅、店舗等併用住宅、店舗等併用共同住宅、作業所併用住宅）"}},{"type":"Feature","id":"luse_2c1bfc99-3d33-4c85-9a57-72d8c479d76c","geometry":{"type":"Polygon","coordinates":[[[139.0806554,35.980562],[139.0806506,35.980565],[139.0806361,35.9805738],[139.0806317,35.9805764],[139.0806251,35.9805804],[139.0806152,35.9805865],[139.0805446,35.9806286],[139.0805435,35.9806293],[139.0805227,35.9806429],[139.0805205,35.9806443],[139.0805083,35.9806512],[139.0804471,35.9806997],[139.0804399,35.9807055],[139.0804185,35.9807263],[139.0803777,35.980765],[139.0803462,35.9807963],[139.0803088,35.9808339],[139.0802435,35.9808953],[139.0802097,35.9809268],[139.0802065,35.9809297],[139.0802062,35.9809298],[139.0801765,35.9809353],[139.0801292,35.980907],[139.0801185,35.9809011],[139.0799956,35.9808267],[139.0799707,35.9808116],[139.079926,35.9807848],[139.0798972,35.9807678],[139.0798722,35.9807526],[139.0798673,35.9807501],[139.0798308,35.9807305],[139.0798589,35.9806923],[139.079866,35.9806824],[139.0798836,35.9806614],[139.079908,35.9806321],[139.0799171,35.9806213],[139.0799798,35.9805563],[139.0799899,35.9805442],[139.0800019,35.9805298],[139.0800153,35.9805138],[139.0800205,35.9805098],[139.0800259,35.9804949],[139.080037,35.9804731],[139.0800573,35.9804381],[139.0800635,35.980424],[139.0800678,35.9804119],[139.0800714,35.9803994],[139.080073,35.9803918],[139.0800761,35.9803777],[139.0800724,35.9803595],[139.0800607,35.9802838],[139.0800598,35.9802527],[139.0800596,35.9802216],[139.0800614,35.9801907],[139.0800677,35.9801453],[139.0800723,35.9801285],[139.0800752,35.9801188],[139.0800779,35.9801084],[139.0800907,35.9800752],[139.0800976,35.9800594],[139.0801033,35.9800466],[139.0801183,35.9800231],[139.0801241,35.980013],[139.0801315,35.9799934],[139.0801343,35.9799813],[139.080138,35.9799735],[139.0801464,35.9799604],[139.0801542,35.9799451],[139.0801576,35.9799389],[139.0801695,35.9799172],[139.0801779,35.9798952],[139.0801901,35.9798689],[139.080198,35.9798533],[139.0802151,35.9798329],[139.0802297,35.9798155],[139.0802362,35.9798074],[139.0803609,35.9798561],[139.0802832,35.9801265],[139.0801385,35.9805339],[139.0803237,35.9805599],[139.0803523,35.9805123],[139.0804459,35.9805511],[139.0805832,35.9804279],[139.080441,35.9803164],[139.0804966,35.9801565],[139.0808153,35.9802024],[139.0809987,35.9803359],[139.0809902,35.980378],[139.0809833,35.980415],[139.0809739,35.9804664],[139.0809729,35.9804706],[139.0809723,35.9804745],[139.0809689,35.9804919],[139.0809678,35.980499],[139.0809649,35.9805022],[139.080967,35.9805048],[139.0809492,35.9805091],[139.0809484,35.9805091],[139.0809453,35.9805091],[139.0809109,35.9805035],[139.080901,35.9805019],[139.080818,35.9804885],[139.0807988,35.9804853],[139.080786,35.9804832],[139.0807414,35.9805093],[139.0806733,35.9805509],[139.0806578,35.9805605],[139.0806554,35.980562]]]},"properties":{"layer":"landuse","class_code":"211","class_label":"住宅用地（住宅、共同住宅、店舗等併用住宅、店舗等併用共同住宅、作業所併用住宅）"}},{"type":"Feature","id":"luse_9ae7c307-a66d-480a-94c3-eb2fd4beb725","geometry":{"type":"Polygon","coordinates":[[[139.0800342,35.9804143],[139.0800121,35.980454],[139.0800006,35.9804793],[139.0799787,35.9805174],[139.0799622,35.9805391],[139.0799454,35.9805561],[139.0799243,35.9805809],[139.0798847,35.9806206],[139.079869,35.9806371],[139.0798552,35.9806516],[139.0798319,35.9806766],[139.0798113,35.9806888],[139.0797852,35.9807009],[139.0797689,35.9807063],[139.0797461,35.9807104],[139.07973,35.9807131],[139.0797109,35.9807202],[139.0796757,35.9807348],[139.0796483,35.9807435],[139.0796479,35.9807436],[139.0796089,35.9807521],[139.0795849,35.9807597],[139.0795557,35.9807692],[139.079555,35.9807696],[139.0795394,35.9807863],[139.0794919,35.9808327],[139.0794834,35.9808441],[139.0794789,35.9808527],[139.0794392,35.9808924],[139.0794045,35.9809258],[139.0793903,35.98094],[139.0793859,35.9809446],[139.0793735,35.9809577],[139.0793695,35.9809624],[139.0793665,35.9809658],[139.0793624,35.9809727],[139.0793606,35.9809772],[139.0793586,35.9810039],[139.0793583,35.9810035],[139.0793481,35.9809891],[139.0793445,35.9809816],[139.0793442,35.9809794],[139.0793449,35.9809765],[139.0793164,35.9809597],[139.0793088,35.9809551],[139.0793097,35.9809538],[139.07934,35.9809112],[139.0793525,35.9808937],[139.0793683,35.9808763],[139.0793903,35.9808589],[139.0794464,35.9808215],[139.0794657,35.9808088],[139.0795162,35.9807691],[139.0795345,35.9807549],[139.0795487,35.9807455],[139.079558,35.9807408],[139.0795686,35.9807372],[139.0795708,35.9807354],[139.0795854,35.9807236],[139.0795928,35.9807218],[139.0796159,35.9807036],[139.0796264,35.9806959],[139.0796281,35.9806946],[139.0796428,35.9806844],[139.0796548,35.980677],[139.0796569,35.9806757],[139.0796676,35.9806701],[139.0796731,35.9806676],[139.0796898,35.980661],[139.079707,35.9806531],[139.079716,35.9806492],[139.0797279,35.9806437],[139.0797391,35.9806383],[139.0797547,35.9806296],[139.0797684,35.9806209],[139.0797796,35.9806145],[139.0797925,35.9806047],[139.0798115,35.9805906],[139.0798242,35.9805813],[139.0798405,35.9805675],[139.0798542,35.9805555],[139.0798873,35.9805287],[139.0799201,35.9805012],[139.0799343,35.9804855],[139.079945,35.9804725],[139.0799567,35.9804556],[139.0799691,35.9804373],[139.0799818,35.9804116],[139.0799903,35.9803913],[139.0799976,35.9803754],[139.0800022,35.9803757],[139.0800035,35.9803695],[139.0800036,35.9803688],[139.0800195,35.9803152],[139.0800048,35.9803133],[139.079981,35.9803107],[139.0799829,35.9803046],[139.0799799,35.9802979],[139.0799747,35.9802876],[139.0799759,35.9802832],[139.0799761,35.9802783],[139.0799741,35.980273],[139.0799721,35.9802675],[139.0799698,35.9802583],[139.07997,35.9802505],[139.0799719,35.980237],[139.0799802,35.9801969],[139.0799827,35.9801788],[139.0799841,35.9801716],[139.0799848,35.9801682],[139.0800453,35.9801776],[139.0800457,35.9801777],[139.0800429,35.9802008],[139.0800407,35.9802292],[139.0800402,35.9802576],[139.0800408,35.9802858],[139.0800527,35.9803617],[139.0800561,35.9803803],[139.0800566,35.980384],[139.0800529,35.9803941],[139.0800512,35.9803991],[139.0800508,35.980399],[139.080047,35.9803983],[139.0800342,35.9804143]]]},"properties":{"layer":"landuse","class_code":"211","class_label":"住宅用地（住宅、共同住宅、店舗等併用住宅、店舗等併用共同住宅、作業所併用住宅）"}},{"type":"Feature","id":"luse_932da577-70c6-432c-822c-9f0b93232940","geometry":{"type":"Polygon","coordinates":[[[139.0786371,35.9809885],[139.078585,35.9810565],[139.0785094,35.9811554],[139.078243,35.9809855],[139.0781138,35.9811136],[139.0780127,35.9810455],[139.0779903,35.9810299],[139.0779505,35.981002],[139.0779493,35.9809795],[139.0780173,35.9809165],[139.0781586,35.9807803],[139.0781656,35.9807735],[139.0782071,35.9807334],[139.078368,35.9805782],[139.0784066,35.9805781],[139.0784075,35.9805781],[139.0785534,35.9807088],[139.0786387,35.9807936],[139.0786426,35.9807974],[139.0786737,35.9808261],[139.0787102,35.9808599],[139.078711,35.9808919],[139.0787005,35.9809055],[139.0786371,35.9809885]]]},"properties":{"layer":"landuse","class_code":"211","class_label":"住宅用地（住宅、共同住宅、店舗等併用住宅、店舗等併用共同住宅、作業所併用住宅）"}},{"type":"Feature","id":"luse_646e6d55-b519-47fd-a37a-aefff1867639","geometry":{"type":"Polygon","coordinates":[[[139.0793319,35.9809897],[139.0793475,35.9810037],[139.0793631,35.9810249],[139.0793279,35.9810761],[139.0792855,35.9811103],[139.0792643,35.9811266],[139.0792378,35.9811431],[139.0792189,35.9811534],[139.0792012,35.9811617],[139.0791948,35.9811624],[139.0791883,35.9811631],[139.079188,35.9811632],[139.0791759,35.9811678],[139.0791749,35.9811681],[139.0791557,35.9811486],[139.0791626,35.9811453],[139.0791528,35.9811336],[139.0791528,35.9811298],[139.0791527,35.9811259],[139.0791536,35.9811169],[139.0791568,35.9811092],[139.0791634,35.981101],[139.0791698,35.9810956],[139.0791855,35.9810883],[139.0791917,35.9810859],[139.0792014,35.9810821],[139.0792176,35.9810741],[139.0792332,35.9810607],[139.0792448,35.9810505],[139.0792601,35.9810344],[139.0792644,35.9810266],[139.0792678,35.9810203],[139.0792769,35.9810021],[139.0792858,35.980989],[139.0792878,35.9809861],[139.0792901,35.9809827],[139.0792988,35.9809699],[139.0793319,35.9809897]]]},"properties":{"layer":"landuse","class_code":"211","class_label":"住宅用地（住宅、共同住宅、店舗等併用住宅、店舗等併用共同住宅、作業所併用住宅）"}},{"type":"Feature","id":"luse_ad0a42ca-7abf-4a8c-9d2b-81d6293505e2","geometry":{"type":"Polygon","coordinates":[[[139.0770656,35.9802823],[139.0772144,35.9804074],[139.0771204,35.9804654],[139.0770668,35.9803947],[139.0770633,35.9803901],[139.0770137,35.9803247],[139.0770656,35.9802823]]]},"properties":{"layer":"landuse","class_code":"223","class_label":"その他④（その他①～③以外の用途に供されている都市的土地利用（建物跡地、資材置場、改変工事中の土地）、法面（道路、造成地等の主利用に含まれない法面））"}},{"type":"Feature","id":"luse_561e8992-e15e-4651-892f-26015cc86887","geometry":{"type":"Polygon","coordinates":[[[139.0765763,35.9811757],[139.0765726,35.9811786],[139.0765722,35.9811789],[139.0765829,35.9811874],[139.0765866,35.9811903],[139.0763851,35.9813047],[139.0762213,35.9811323],[139.0761063,35.9811972],[139.0760989,35.9811958],[139.0760974,35.9811955],[139.0760943,35.981195],[139.0760898,35.9811966],[139.0760805,35.9811842],[139.0760562,35.9811512],[139.0761469,35.9811046],[139.0761592,35.9810698],[139.0761355,35.9810394],[139.076285,35.9809422],[139.0763149,35.9809663],[139.0764072,35.9810407],[139.0764394,35.9810667],[139.0764564,35.9810802],[139.0764716,35.9810925],[139.0765763,35.9811757]]]},"properties":{"layer":"landuse","class_code":"211","class_label":"住宅用地（住宅、共同住宅、店舗等併用住宅、店舗等併用共同住宅、作業所併用住宅）"}},{"type":"Feature","id":"luse_fccebbd5-f0f9-419e-9b46-2fe7f65fd9f2","geometry":{"type":"Polygon","coordinates":[[[139.0805621,35.9812175],[139.080535,35.9813698],[139.0802966,35.9813808],[139.0802953,35.9813712],[139.080286,35.9812936],[139.0802825,35.9812719],[139.0802792,35.9812521],[139.080269,35.981168],[139.0802684,35.9811633],[139.0802603,35.9811354],[139.0802457,35.9811216],[139.0801765,35.9810564],[139.0801701,35.9810511],[139.0801698,35.9810365],[139.0801742,35.9810323],[139.080178,35.9810282],[139.0802145,35.9809897],[139.0802268,35.9809784],[139.080241,35.9809669],[139.0802542,35.9809539],[139.0802619,35.9809453],[139.0802643,35.9809428],[139.080313,35.9808968],[139.0803255,35.9808843],[139.080347,35.9808637],[139.0803486,35.9808623],[139.0803501,35.9808608],[139.0804186,35.9807945],[139.0804277,35.9807862],[139.0804374,35.9807773],[139.080465,35.9807505],[139.0804807,35.9807345],[139.0804827,35.9807317],[139.080504,35.9807128],[139.0805244,35.9806995],[139.0805628,35.9806754],[139.0805828,35.9806615],[139.0805848,35.98066],[139.0806555,35.980619],[139.0806972,35.9805943],[139.0807288,35.9805786],[139.0807304,35.9805776],[139.0807569,35.9805611],[139.0808083,35.9805342],[139.0809318,35.9805553],[139.080938,35.9805564],[139.0809514,35.9805623],[139.0809545,35.9805658],[139.0809504,35.9805994],[139.0809392,35.9806492],[139.080935,35.9806678],[139.0809343,35.9806709],[139.0809326,35.9806786],[139.0809316,35.9806835],[139.0808575,35.980707],[139.0808449,35.9807551],[139.0806548,35.9808522],[139.0804932,35.9809607],[139.0802934,35.981141],[139.0805562,35.9811316],[139.0805621,35.9812175]]]},"properties":{"layer":"landuse","class_code":"211","class_label":"住宅用地（住宅、共同住宅、店舗等併用住宅、店舗等併用共同住宅、作業所併用住宅）"}},{"type":"Feature","id":"luse_12e95be9-6e63-4181-8974-4fe6422757c1","geometry":{"type":"Polygon","coordinates":[[[139.0772357,35.9807182],[139.077315,35.9808217],[139.0773428,35.9808562],[139.0773346,35.9808715],[139.0773319,35.9808766],[139.0773089,35.9809128],[139.0772884,35.9809462],[139.0772791,35.9809663],[139.0772683,35.9809892],[139.0772553,35.9810186],[139.0772492,35.981033],[139.0772453,35.9810505],[139.0772393,35.9810826],[139.0772382,35.9810914],[139.0772321,35.9811153],[139.0772251,35.9811465],[139.0772165,35.981168],[139.0772054,35.9811938],[139.077204,35.9811959],[139.0771806,35.9812311],[139.0771659,35.9812489],[139.0771476,35.981267],[139.0771318,35.981281],[139.0770951,35.9813133],[139.0770725,35.9813347],[139.077057,35.9813523],[139.0770499,35.9813658],[139.0770493,35.9813669],[139.0770145,35.9813983],[139.0770142,35.9813982],[139.0769347,35.9813374],[139.0767546,35.9811954],[139.0765482,35.9810297],[139.0765372,35.9810208],[139.0766266,35.9809513],[139.0768431,35.9811319],[139.0770129,35.9809824],[139.0769968,35.9809629],[139.0772357,35.9807182]]]},"properties":{"layer":"landuse","class_code":"211","class_label":"住宅用地（住宅、共同住宅、店舗等併用住宅、店舗等併用共同住宅、作業所併用住宅）"}},{"type":"Feature","id":"luse_5b9a50af-4cc1-40d3-9846-7a63798daa30","geometry":{"type":"Polygon","coordinates":[[[139.0787761,35.9814173],[139.0787753,35.9814195],[139.0787748,35.9814206],[139.0787668,35.981439],[139.0785817,35.9813871],[139.0784533,35.9813536],[139.078434,35.9813258],[139.0784349,35.9813223],[139.0784921,35.9812468],[139.0785394,35.9811844],[139.0786655,35.9810196],[139.0787797,35.9808702],[139.0790325,35.9811163],[139.0790511,35.9811344],[139.0790501,35.9811349],[139.0790351,35.9811458],[139.0790276,35.9811555],[139.0790183,35.9811634],[139.0790065,35.9811726],[139.0789941,35.9811865],[139.0789787,35.9812026],[139.0789535,35.9812323],[139.0789376,35.9812444],[139.07892,35.9812564],[139.0789058,35.9812787],[139.0788908,35.981302],[139.0788603,35.9812964],[139.0788231,35.9812874],[139.0787761,35.9814173]]]},"properties":{"layer":"landuse","class_code":"211","class_label":"住宅用地（住宅、共同住宅、店舗等併用住宅、店舗等併用共同住宅、作業所併用住宅）"}},{"type":"Feature","id":"luse_8b2f8106-042c-4f92-abbe-bffaae5f4c7b","geometry":{"type":"Polygon","coordinates":[[[139.0834811,35.9807794],[139.0831164,35.9809848],[139.0832244,35.9811159],[139.0831363,35.9812204],[139.0831106,35.9812574],[139.0830105,35.9813796],[139.0828462,35.981465],[139.0828134,35.9814205],[139.0827838,35.9813784],[139.0827581,35.9813417],[139.0827391,35.9813136],[139.0827298,35.981302],[139.0827258,35.9812971],[139.0827077,35.9812746],[139.0827036,35.9812695],[139.082673,35.9812295],[139.0826492,35.9811998],[139.0826068,35.9811491],[139.0825931,35.9811343],[139.0825772,35.9811174],[139.0825726,35.9811126],[139.0825475,35.981086],[139.0825052,35.9810469],[139.0824852,35.9810268],[139.0826789,35.9809151],[139.0825846,35.980822],[139.0827779,35.9806979],[139.08295,35.9805775],[139.0830863,35.9806893],[139.0831836,35.9806301],[139.0832681,35.980698],[139.0833735,35.980635],[139.0834811,35.9807794]]]},"properties":{"layer":"landuse","class_code":"211","class_label":"住宅用地（住宅、共同住宅、店舗等併用住宅、店舗等併用共同住宅、作業所併用住宅）"}},{"type":"Feature","id":"luse_15adfe86-fc6f-4ab1-b8cd-9b8025e14faf","geometry":{"type":"Polygon","coordinates":[[[139.0780259,35.9812642],[139.0780204,35.9812718],[139.0780171,35.9812787],[139.0780154,35.9812832],[139.0780133,35.9812904],[139.0780087,35.9813091],[139.0780035,35.9813294],[139.0780002,35.9813413],[139.0779952,35.9813613],[139.0779874,35.9813941],[139.0779821,35.9814162],[139.0779798,35.9814261],[139.0779789,35.9814297],[139.0779717,35.9814621],[139.0779633,35.9814943],[139.0779568,35.981521],[139.0779523,35.9815407],[139.077952,35.9815403],[139.0778806,35.9814467],[139.0778341,35.9813859],[139.0777053,35.9812173],[139.077705,35.981213],[139.0777046,35.981208],[139.0777104,35.9811986],[139.0777211,35.9811847],[139.0777354,35.9811712],[139.0777459,35.9811621],[139.0777574,35.9811523],[139.0777773,35.9811351],[139.0778039,35.981112],[139.077815,35.9811024],[139.0778594,35.9810616],[139.0778759,35.9810469],[139.0778918,35.9810328],[139.0779215,35.9810285],[139.0779842,35.9810727],[139.0780859,35.981141],[139.0780023,35.9812463],[139.0780259,35.9812642]]]},"properties":{"layer":"landuse","class_code":"211","class_label":"住宅用地（住宅、共同住宅、店舗等併用住宅、店舗等併用共同住宅、作業所併用住宅）"}},{"type":"Feature","id":"luse_a7f86097-9789-4ed1-9075-547dd0da27b8","geometry":{"type":"Polygon","coordinates":[[[139.0811592,35.9815756],[139.0811147,35.9815973],[139.0811116,35.9815989],[139.0810204,35.9816468],[139.0810094,35.9816528],[139.0809665,35.9816754],[139.08092,35.9817007],[139.0808324,35.9817461],[139.0808107,35.9817575],[139.0807861,35.9817526],[139.0807825,35.9817485],[139.0807859,35.9817278],[139.0807985,35.981665],[139.0808114,35.9815993],[139.0808136,35.9815878],[139.0808144,35.981584],[139.0808211,35.9815503],[139.0808319,35.9814953],[139.080839,35.9814593],[139.0808469,35.9814182],[139.0808478,35.9814133],[139.0808505,35.9813986],[139.0808596,35.9813492],[139.0808662,35.981314],[139.0808894,35.9812974],[139.0809544,35.9813651],[139.0814439,35.9810748],[139.0812406,35.9808476],[139.0813125,35.980807],[139.0812255,35.9807114],[139.0809549,35.9808657],[139.0809954,35.9806616],[139.0809961,35.9806576],[139.0810028,35.9806246],[139.081006,35.980607],[139.0810166,35.9805628],[139.0810199,35.9805475],[139.0810287,35.9804996],[139.0810439,35.9804204],[139.081059,35.9803444],[139.0810728,35.9802741],[139.0810739,35.9802686],[139.0810761,35.9802576],[139.0810912,35.9801832],[139.0811003,35.9801396],[139.0811018,35.9801319],[139.0811032,35.9801253],[139.0811107,35.9800882],[139.0811155,35.9800658],[139.0811207,35.9800417],[139.0811229,35.9800302],[139.0811239,35.9800194],[139.0811244,35.9800063],[139.0811244,35.9799966],[139.0811221,35.9799806],[139.0811213,35.9799609],[139.0811212,35.9799548],[139.0811218,35.9799439],[139.0811227,35.9799379],[139.081126,35.9799259],[139.0811311,35.9799183],[139.0811346,35.9799142],[139.0811389,35.9799111],[139.0811438,35.9799093],[139.0811469,35.9799089],[139.0811496,35.9799085],[139.0811536,35.9799088],[139.0811582,35.9799138],[139.0812253,35.9799783],[139.0812986,35.980044],[139.081323,35.9800654],[139.0813248,35.9800671],[139.0814387,35.980173],[139.081438,35.9802001],[139.0814312,35.9802047],[139.0813634,35.9802468],[139.0812956,35.9802909],[139.0812653,35.9803104],[139.0813114,35.9803617],[139.0813681,35.9804221],[139.081386,35.9804413],[139.0813934,35.980449],[139.081344,35.9804805],[139.0813181,35.980497],[139.0812516,35.9805388],[139.0812783,35.9805644],[139.0813617,35.9806438],[139.0813663,35.9806438],[139.081367,35.9806439],[139.0813699,35.9806439],[139.0813703,35.9806438],[139.0814948,35.9805658],[139.0815407,35.9805386],[139.0815983,35.9805033],[139.0816701,35.9804596],[139.0816962,35.9804435],[139.0817054,35.9804403],[139.0817106,35.9804399],[139.08172,35.9804396],[139.0817321,35.9804404],[139.0817325,35.9804404],[139.0817975,35.9805],[139.0818034,35.9805056],[139.0820714,35.9807505],[139.0820829,35.980761],[139.0821112,35.9807868],[139.0821169,35.9807921],[139.0821487,35.9808211],[139.0822077,35.980875],[139.0822239,35.9808898],[139.0822293,35.9808946],[139.0822381,35.9809025],[139.0822278,35.9809285],[139.0822138,35.9809386],[139.0821617,35.9809725],[139.0821432,35.9809839],[139.0821237,35.9809958],[139.0821161,35.9810005],[139.0821124,35.9810027],[139.0821,35.9810103],[139.0820964,35.9810125],[139.0820825,35.981021],[139.0820767,35.9810246],[139.0820699,35.9810291],[139.0820459,35.9810443],[139.0820094,35.981067],[139.0819375,35.9811124],[139.081931,35.9811164],[139.0819259,35.9811195],[139.0818564,35.981163],[139.0818117,35.9811895],[139.081807,35.9811921],[139.0817894,35.9812027],[139.0817846,35.9812053],[139.0817642,35.9812174],[139.0817145,35.981249],[139.0816846,35.9812679],[139.0815918,35.9813224],[139.0815587,35.9813443],[139.0815507,35.9813493],[139.0815468,35.9813518],[139.0815015,35.9813797],[139.0814464,35.9814137],[139.0814084,35.9814379],[139.0814075,35.9814384],[139.0814038,35.9814405],[139.0813916,35.9814475],[139.0813866,35.9814503],[139.0813848,35.9814511],[139.0813698,35.9814335],[139.0813283,35.9813794],[139.0813103,35.9813563],[139.0812932,35.9813382],[139.0812714,35.9813574],[139.0813132,35.9814008],[139.0813272,35.9814191],[139.0813496,35.9814509],[139.0813524,35.9814549],[139.0813559,35.9814592],[139.0813612,35.9814657],[139.0813361,35.9814809],[139.0813328,35.9814829],[139.0813104,35.9814953],[139.0812854,35.9815072],[139.0812553,35.9815232],[139.0812236,35.9815394],[139.0811927,35.9815559],[139.0811879,35.9815587],[139.0811592,35.9815756]]]},"properties":{"layer":"landuse","class_code":"211","class_label":"住宅用地（住宅、共同住宅、店舗等併用住宅、店舗等併用共同住宅、作業所併用住宅）"}},{"type":"Feature","id":"luse_8a561a66-8f85-4824-a8d7-055fef7d8cf9","geometry":{"type":"Polygon","coordinates":[[[139.0847076,35.9817976],[139.084704,35.9817992],[139.0846767,35.9818111],[139.0846368,35.9818212],[139.0846241,35.9818237],[139.0845994,35.981829],[139.0845588,35.9818418],[139.0845091,35.9818547],[139.0845088,35.9818547],[139.0844725,35.9818487],[139.0844721,35.9818486],[139.0844613,35.9818468],[139.0844385,35.9818331],[139.0844328,35.9818293],[139.084419,35.9818177],[139.0843921,35.9817943],[139.0843659,35.981783],[139.0843531,35.9817825],[139.0843307,35.9817818],[139.0842867,35.981792],[139.0842609,35.9817987],[139.0842112,35.9818138],[139.0841966,35.9818183],[139.084173,35.9818253],[139.0841726,35.9818254],[139.0841194,35.981728],[139.0842434,35.9816865],[139.0843466,35.9816562],[139.0844235,35.9817064],[139.0844596,35.9817423],[139.0844872,35.9817732],[139.0846114,35.9817472],[139.0846789,35.9817695],[139.0847076,35.9817976]]]},"properties":{"layer":"landuse","class_code":"211","class_label":"住宅用地（住宅、共同住宅、店舗等併用住宅、店舗等併用共同住宅、作業所併用住宅）"}},{"type":"Feature","id":"luse_4bfde082-eff1-432b-a2c4-7c675444bf67","geometry":{"type":"Polygon","coordinates":[[[139.0798392,35.981844],[139.0798345,35.9818444],[139.0798321,35.9818446],[139.0797807,35.9818486],[139.0797434,35.981831],[139.0796691,35.9817236],[139.0796689,35.9817233],[139.0796903,35.9816915],[139.0799111,35.9816709],[139.07992,35.9817269],[139.0799321,35.981817],[139.0799115,35.9818378],[139.0798392,35.981844]]]},"properties":{"layer":"landuse","class_code":"211","class_label":"住宅用地（住宅、共同住宅、店舗等併用住宅、店舗等併用共同住宅、作業所併用住宅）"}},{"type":"Feature","id":"luse_678bdeee-d8b7-41a9-9cb2-574426aa44c0","geometry":{"type":"Polygon","coordinates":[[[139.0797185,35.9818573],[139.0797182,35.9818574],[139.0797031,35.9818609],[139.0796968,35.9818628],[139.0796748,35.9818297],[139.0796241,35.9817528],[139.0793967,35.9814396],[139.0791848,35.9811823],[139.0791938,35.9811789],[139.0792077,35.9811775],[139.079208,35.9811774],[139.0792296,35.9811671],[139.0792496,35.9811563],[139.0792773,35.981139],[139.0792995,35.981122],[139.079344,35.981086],[139.0794782,35.9808906],[139.0794881,35.980875],[139.0795242,35.9808241],[139.0795558,35.9807872],[139.0795717,35.9807804],[139.079572,35.9807803],[139.0796075,35.9807703],[139.0796183,35.9807672],[139.0796187,35.9807671],[139.0796372,35.9807638],[139.0796376,35.9807638],[139.079653,35.9807612],[139.0796533,35.9807612],[139.0796872,35.9807571],[139.07971,35.9807471],[139.0797173,35.9807444],[139.0797178,35.9807443],[139.0797343,35.9807384],[139.0797507,35.9807371],[139.0797705,35.980736],[139.0797727,35.9807358],[139.0797821,35.9807353],[139.0797824,35.9807353],[139.0797955,35.9807373],[139.0797958,35.9807374],[139.0798046,35.9807406],[139.0798177,35.9807461],[139.079877,35.9807793],[139.0798774,35.9807798],[139.0798768,35.98078],[139.0798757,35.9807801],[139.0798741,35.9807798],[139.0798706,35.9807791],[139.0798699,35.980779],[139.0797937,35.9807611],[139.0798098,35.9807833],[139.0798307,35.9807872],[139.079831,35.9807873],[139.0798393,35.9807898],[139.0799157,35.9808101],[139.0799162,35.9808103],[139.0799251,35.9808126],[139.0799334,35.9808157],[139.0799341,35.980816],[139.0799555,35.9808267],[139.0799669,35.9808331],[139.0799797,35.980841],[139.0800494,35.9808839],[139.0801013,35.9809166],[139.080132,35.9809356],[139.080135,35.9809383],[139.0801392,35.9809434],[139.0801422,35.9809491],[139.0801442,35.9809576],[139.080148,35.980987],[139.0801319,35.9810032],[139.080089,35.9810439],[139.0800475,35.9810881],[139.0799845,35.9811553],[139.0798641,35.9812689],[139.0798138,35.9813173],[139.0798528,35.9813412],[139.0799077,35.9812885],[139.0800584,35.9811422],[139.0800609,35.9811399],[139.0800825,35.9811195],[139.0801219,35.9810822],[139.0801315,35.9810732],[139.0801442,35.9810811],[139.0801957,35.9811289],[139.0801969,35.9811309],[139.080204,35.9811403],[139.0802236,35.9811677],[139.0802314,35.9812234],[139.0802356,35.9812517],[139.0802372,35.981263],[139.0802501,35.9813567],[139.0802506,35.9813587],[139.0802411,35.9813672],[139.0800884,35.9813768],[139.0800929,35.9814115],[139.0802441,35.981402],[139.0802524,35.9814081],[139.0802577,35.9814121],[139.0802581,35.9814156],[139.0802605,35.9814347],[139.0802609,35.9814385],[139.080261,35.9814389],[139.0802688,35.9814832],[139.0802695,35.9814878],[139.0802748,35.9815239],[139.0802866,35.9815975],[139.0802934,35.9816432],[139.0802941,35.9816465],[139.0803036,35.9816931],[139.0803093,35.9817345],[139.080313,35.981761],[139.0803169,35.9817954],[139.0803053,35.9818084],[139.0803036,35.9818085],[139.0802852,35.9818093],[139.0802395,35.9818125],[139.0802353,35.9818127],[139.0802122,35.9818144],[139.0801754,35.9818171],[139.0801026,35.9818226],[139.0800942,35.9818233],[139.0800571,35.9818258],[139.0800517,35.9818262],[139.0800507,35.9818263],[139.0799976,35.9818307],[139.0799929,35.9818311],[139.0799763,35.9818149],[139.079964,35.9817226],[139.0799455,35.9816075],[139.0799018,35.9816121],[139.0799036,35.9816235],[139.079871,35.9814504],[139.0795813,35.9815191],[139.0796288,35.9815937],[139.0795874,35.9816072],[139.079587,35.9816073],[139.0795648,35.9816162],[139.0796073,35.9816767],[139.079633,35.9817151],[139.0796728,35.9817761],[139.079726,35.9818559],[139.0797185,35.9818573]]]},"properties":{"layer":"landuse","class_code":"211","class_label":"住宅用地（住宅、共同住宅、店舗等併用住宅、店舗等併用共同住宅、作業所併用住宅）"}},{"type":"Feature","id":"luse_cf623cb7-ceb7-469c-9ff0-c537206cf443","geometry":{"type":"Polygon","coordinates":[[[139.0796215,35.9818743],[139.0795899,35.9818789],[139.0794967,35.9818961],[139.0794964,35.9818962],[139.079487,35.9818983],[139.0794813,35.9818996],[139.0794769,35.9818823],[139.0794557,35.9818051],[139.0794375,35.9817492],[139.0794341,35.9817409],[139.0794229,35.9817191],[139.0794079,35.9816946],[139.0794052,35.9816884],[139.0793773,35.9816617],[139.0793731,35.981658],[139.0793572,35.9816493],[139.0793247,35.9816229],[139.079276,35.9815846],[139.0792358,35.9815535],[139.0792165,35.9815392],[139.0791966,35.9815276],[139.079194,35.981526],[139.0791839,35.9815201],[139.0791644,35.981508],[139.079149,35.9814974],[139.0791426,35.9814919],[139.0791402,35.981489],[139.0791319,35.9814764],[139.079126,35.9814656],[139.0791236,35.9814595],[139.0791166,35.9814216],[139.0791125,35.9813963],[139.0791044,35.9813462],[139.0791001,35.9813178],[139.0790942,35.981285],[139.0790923,35.9812731],[139.0790919,35.9812655],[139.0790927,35.9812564],[139.079096,35.981243],[139.0791012,35.9812328],[139.0791099,35.9812264],[139.0791296,35.9812133],[139.079353,35.9814636],[139.0795671,35.9817546],[139.0796052,35.9818388],[139.0796215,35.9818743]]]},"properties":{"layer":"landuse","class_code":"211","class_label":"住宅用地（住宅、共同住宅、店舗等併用住宅、店舗等併用共同住宅、作業所併用住宅）"}},{"type":"Feature","id":"luse_6e2397a8-dd92-452b-bad9-d007042ce47e","geometry":{"type":"Polygon","coordinates":[[[139.0783859,35.9815798],[139.0782742,35.9818152],[139.0782683,35.9818266],[139.0782266,35.9819069],[139.0781489,35.9818012],[139.0779653,35.9815577],[139.0779731,35.9815235],[139.0779783,35.9815023],[139.0779834,35.9814733],[139.0779838,35.9814715],[139.0783859,35.9815798]]]},"properties":{"layer":"landuse","class_code":"211","class_label":"住宅用地（住宅、共同住宅、店舗等併用住宅、店舗等併用共同住宅、作業所併用住宅）"}},{"type":"Feature","id":"luse_2b9e14ae-5b69-491a-bd49-6edcf63e4aec","geometry":{"type":"Polygon","coordinates":[[[139.0790871,35.9820043],[139.0790762,35.982006],[139.0788977,35.9820346],[139.0787961,35.9820404],[139.0787162,35.9820449],[139.078712,35.9820185],[139.0787107,35.9819899],[139.0787129,35.9819682],[139.0787232,35.9819185],[139.0787333,35.9818756],[139.0787363,35.9818694],[139.0787437,35.9818583],[139.0787473,35.9818523],[139.07875,35.9818469],[139.0787527,35.9818409],[139.0787549,35.981836],[139.0787581,35.9818331],[139.0787607,35.9818314],[139.078767,35.9818291],[139.0787853,35.9818249],[139.0787907,35.9818095],[139.0787935,35.9818018],[139.0788043,35.9817727],[139.0788163,35.9817419],[139.078925,35.9817286],[139.0790446,35.9818361],[139.0791385,35.9817927],[139.0793621,35.9816753],[139.0793805,35.9816984],[139.079389,35.9817132],[139.0794203,35.9817824],[139.079422,35.9817885],[139.0794492,35.9818872],[139.079448,35.9819012],[139.0793682,35.9819192],[139.0793584,35.9819206],[139.0793199,35.9819282],[139.0793195,35.9819282],[139.079309,35.9819306],[139.079261,35.9819412],[139.0792555,35.9819426],[139.0791834,35.9819603],[139.079127,35.981981],[139.079111,35.9819903],[139.0790871,35.9820043]]]},"properties":{"layer":"landuse","class_code":"211","class_label":"住宅用地（住宅、共同住宅、店舗等併用住宅、店舗等併用共同住宅、作業所併用住宅）"}},{"type":"Feature","id":"luse_d48f79d9-d883-4be1-b57a-3e01f0a92600","geometry":{"type":"Polygon","coordinates":[[[139.0767804,35.9819644],[139.0765966,35.9820566],[139.0765522,35.9820091],[139.0764829,35.9819233],[139.0764806,35.9819202],[139.0764844,35.9819037],[139.076485,35.9819014],[139.0766436,35.9818266],[139.0766548,35.9818213],[139.0766621,35.9818292],[139.0766749,35.9818431],[139.0767119,35.9818867],[139.0767705,35.981956],[139.076774,35.9819559],[139.0767804,35.9819644]]]},"properties":{"layer":"landuse","class_code":"211","class_label":"住宅用地（住宅、共同住宅、店舗等併用住宅、店舗等併用共同住宅、作業所併用住宅）"}},{"type":"Feature","id":"luse_f5bdc256-c357-4b69-a3d5-284fe6beb8b8","geometry":{"type":"Polygon","coordinates":[[[139.0840808,35.9817147],[139.0841019,35.9817524],[139.0841028,35.981754],[139.0841162,35.9817802],[139.0841184,35.9817843],[139.0841389,35.9818247],[139.0841331,35.9818381],[139.0840612,35.9818657],[139.0840232,35.9818801],[139.0840268,35.9818869],[139.0839336,35.9819262],[139.0838882,35.9819456],[139.0838843,35.9819473],[139.0838646,35.9819557],[139.0838581,35.9819585],[139.0838515,35.9819613],[139.0838509,35.9819604],[139.0838497,35.9819584],[139.0838352,35.9819349],[139.0837938,35.9818688],[139.0837584,35.9818144],[139.0837525,35.9818056],[139.0837314,35.9818141],[139.0837649,35.9818671],[139.0838118,35.9819437],[139.0838133,35.9819624],[139.0838091,35.9819798],[139.0838071,35.9819807],[139.0838048,35.9819816],[139.0837478,35.9820057],[139.083704,35.9820244],[139.0836937,35.982033],[139.0836913,35.9820342],[139.0836581,35.9820502],[139.0836338,35.9820624],[139.0836087,35.9820736],[139.0835632,35.9820929],[139.0835434,35.9821018],[139.0834974,35.9821203],[139.0834454,35.9821416],[139.0833991,35.9821592],[139.0833628,35.982173],[139.083356,35.9821756],[139.0833522,35.9821709],[139.0833475,35.9821651],[139.0833192,35.9821242],[139.0832823,35.9820729],[139.0832572,35.9820384],[139.083214,35.9819788],[139.0832073,35.9819693],[139.0831858,35.981939],[139.0831637,35.9819084],[139.0831305,35.9818611],[139.0830969,35.9818145],[139.083053,35.9817569],[139.0830149,35.9817025],[139.0829897,35.9816682],[139.082985,35.98166],[139.0829834,35.9816565],[139.0829824,35.9816543],[139.082982,35.9816529],[139.0829815,35.9816496],[139.0830149,35.9816313],[139.0830373,35.9816185],[139.0830532,35.981609],[139.0830696,35.981598],[139.0830759,35.9815938],[139.0830877,35.9815858],[139.0831377,35.981553],[139.0831506,35.9815449],[139.0831594,35.9815403],[139.0832075,35.9815159],[139.0832309,35.9815061],[139.0832424,35.9815019],[139.0832987,35.9814812],[139.0833527,35.9814579],[139.0833823,35.9814443],[139.0834352,35.9814152],[139.0834803,35.9813912],[139.0835304,35.9813645],[139.0835704,35.9813415],[139.0835782,35.9813371],[139.0836093,35.9813182],[139.0836162,35.981314],[139.083658,35.9812882],[139.083674,35.9812785],[139.0836729,35.9812687],[139.0836872,35.9812604],[139.0836987,35.9812538],[139.083768,35.9812139],[139.0838792,35.9811686],[139.0838858,35.9811643],[139.0839136,35.9811433],[139.0839184,35.9811407],[139.0839515,35.9811272],[139.0839627,35.981143],[139.084039,35.9812028],[139.0840735,35.9812966],[139.0841816,35.9814193],[139.0840353,35.9814859],[139.0838332,35.9815677],[139.0839495,35.9817594],[139.0840808,35.9817147]]]},"properties":{"layer":"landuse","class_code":"211","class_label":"住宅用地（住宅、共同住宅、店舗等併用住宅、店舗等併用共同住宅、作業所併用住宅）"}},{"type":"Feature","id":"luse_20d5e1d1-317c-44d8-8404-f6c8fbf8b1b1","geometry":{"type":"Polygon","coordinates":[[[139.0771325,35.9820473],[139.0769695,35.9821494],[139.0768024,35.9819531],[139.0767945,35.9819431],[139.0766999,35.9818214],[139.076701,35.9818129],[139.0767021,35.9818054],[139.0768232,35.9817556],[139.0768244,35.9817559],[139.0768546,35.9817635],[139.076855,35.9817636],[139.0768971,35.9818158],[139.0769423,35.9818721],[139.0769814,35.9819206],[139.0770095,35.9819565],[139.0770451,35.9820028],[139.0770847,35.9819826],[139.0770487,35.9819361],[139.0770415,35.9819268],[139.0770205,35.9818999],[139.0769898,35.9818619],[139.0769681,35.981835],[139.0771817,35.9817323],[139.0770948,35.981616],[139.0770972,35.9816148],[139.0770971,35.9816132],[139.077114,35.9816037],[139.0771209,35.9816004],[139.0771383,35.9816134],[139.0771726,35.9816393],[139.0772603,35.9817034],[139.0773064,35.9817371],[139.0773673,35.9817818],[139.0772695,35.9818522],[139.077345,35.9819294],[139.0771325,35.9820473]]]},"properties":{"layer":"landuse","class_code":"211","class_label":"住宅用地（住宅、共同住宅、店舗等併用住宅、店舗等併用共同住宅、作業所併用住宅）"}},{"type":"Feature","id":"luse_b51a10f0-015e-4179-a2a1-ea6cc20c7c81","geometry":{"type":"Polygon","coordinates":[[[139.0762357,35.9821782],[139.0762348,35.9821786],[139.0760436,35.9819754],[139.0760483,35.981968],[139.0763014,35.9817991],[139.0764129,35.9819053],[139.0764065,35.9819164],[139.0763024,35.9819658],[139.0763147,35.9819829],[139.0764398,35.9819235],[139.0764557,35.981916],[139.0764788,35.9819412],[139.0765055,35.9819744],[139.0765138,35.9819876],[139.0765142,35.9819892],[139.0765152,35.981998],[139.076514,35.9820034],[139.076504,35.9820182],[139.0764994,35.9820219],[139.0764968,35.9820238],[139.0764657,35.9820479],[139.076419,35.9820784],[139.0764149,35.9820809],[139.0763519,35.982119],[139.0763413,35.9821143],[139.0762461,35.9821758],[139.0762443,35.9821739],[139.0762357,35.9821782]]]},"properties":{"layer":"landuse","class_code":"211","class_label":"住宅用地（住宅、共同住宅、店舗等併用住宅、店舗等併用共同住宅、作業所併用住宅）"}},{"type":"Feature","id":"luse_acbb7eb2-9dd1-4ae4-8bd6-3b3acfc42051","geometry":{"type":"Polygon","coordinates":[[[139.077854,35.981514],[139.0779105,35.9815869],[139.0779453,35.981633],[139.0780089,35.9817164],[139.078086,35.9818209],[139.078121,35.9818681],[139.0781479,35.9819049],[139.0782155,35.9819968],[139.0782889,35.9820974],[139.0783,35.9821126],[139.0783234,35.9821475],[139.0782415,35.9821972],[139.078184,35.9822494],[139.0781765,35.9822439],[139.0781449,35.9822215],[139.0781274,35.9822091],[139.0779374,35.9820742],[139.0778646,35.9820224],[139.0777359,35.9819287],[139.0776484,35.9818659],[139.0778441,35.9817144],[139.077617,35.9814954],[139.0775681,35.9815125],[139.0775243,35.9814558],[139.0773982,35.9812723],[139.0772581,35.9813342],[139.0771954,35.981263],[139.0772443,35.9811599],[139.0773056,35.9809824],[139.0773141,35.9809495],[139.0773744,35.9809103],[139.0774164,35.9809621],[139.0774425,35.9809949],[139.0774636,35.9810215],[139.0775052,35.9810744],[139.0775135,35.9810701],[139.0775533,35.9811216],[139.0775909,35.9811701],[139.0776845,35.981292],[139.0777476,35.981375],[139.0777906,35.9814328],[139.0778283,35.981481],[139.077854,35.981514]]]},"properties":{"layer":"landuse","class_code":"211","class_label":"住宅用地（住宅、共同住宅、店舗等併用住宅、店舗等併用共同住宅、作業所併用住宅）"}},{"type":"Feature","id":"luse_133af447-a809-48eb-b9b4-485ce24d3c82","geometry":{"type":"Polygon","coordinates":[[[139.082485,35.981814],[139.0824662,35.9818244],[139.0824455,35.9818392],[139.0824072,35.9818654],[139.0823914,35.9818767],[139.0823844,35.9818811],[139.0823762,35.9818867],[139.0823391,35.9819096],[139.0823073,35.9819288],[139.0822823,35.9819445],[139.0822193,35.9819781],[139.0822074,35.9819845],[139.0821847,35.9819968],[139.0821517,35.9820139],[139.0820953,35.9820461],[139.0820474,35.9820735],[139.0820007,35.9821021],[139.0819743,35.9821176],[139.0819691,35.9821206],[139.0819241,35.9821488],[139.0819012,35.9821642],[139.0818892,35.9821717],[139.0818613,35.9821872],[139.0818159,35.9822132],[139.0817758,35.982235],[139.0817335,35.9822566],[139.0816786,35.9822878],[139.0816691,35.9822757],[139.0816536,35.9822561],[139.081653,35.9822553],[139.0816482,35.9822494],[139.0816386,35.9822379],[139.0816291,35.9822264],[139.0816153,35.9822087],[139.0816068,35.9821976],[139.0815895,35.9821756],[139.0815875,35.9821733],[139.0815934,35.9821484],[139.0818343,35.9820121],[139.0819749,35.9819334],[139.0820402,35.9818927],[139.0821429,35.9818281],[139.0821235,35.9818046],[139.0821142,35.9818099],[139.0820799,35.9818303],[139.0820736,35.981834],[139.082001,35.9818767],[139.081995,35.9818762],[139.0819916,35.9818759],[139.0819393,35.9819055],[139.0818789,35.9819388],[139.0817887,35.9819883],[139.0815637,35.9821156],[139.081547,35.9821128],[139.0815445,35.9821124],[139.0815376,35.9821114],[139.0815361,35.9821097],[139.0815196,35.9820888],[139.0815139,35.9820821],[139.0815104,35.9820779],[139.0814917,35.9820556],[139.0814584,35.9820137],[139.081436,35.9819867],[139.0814306,35.9819798],[139.0813883,35.9819272],[139.0813654,35.9818996],[139.0813532,35.9818848],[139.0813361,35.9818641],[139.0815867,35.9817307],[139.0816036,35.981656],[139.081711,35.9815851],[139.0817311,35.9815733],[139.0817462,35.9815644],[139.0819455,35.9817723],[139.0823644,35.9815447],[139.0823442,35.9814885],[139.0823697,35.9814755],[139.0820353,35.981111],[139.0820807,35.9810827],[139.0821289,35.9810523],[139.0821967,35.9810101],[139.0822005,35.9810077],[139.0822431,35.9809805],[139.0822507,35.9809756],[139.0822544,35.9809735],[139.0822681,35.9809656],[139.0822728,35.9809636],[139.0822788,35.9809623],[139.0822844,35.9809622],[139.0822935,35.980962],[139.0822939,35.980962],[139.0822992,35.9809621],[139.0823007,35.9809621],[139.0823075,35.9809628],[139.0823638,35.9810106],[139.0823797,35.9810247],[139.082406,35.9810487],[139.0824158,35.9810568],[139.0824197,35.98106],[139.0824461,35.9810819],[139.082493,35.9811238],[139.0825012,35.9811319],[139.0825615,35.9812009],[139.0825683,35.981209],[139.0825719,35.9812132],[139.082578,35.98122],[139.0825884,35.9812322],[139.0826052,35.9812534],[139.0826258,35.9812796],[139.0826459,35.9813061],[139.0826754,35.9813446],[139.0827069,35.9813866],[139.0827542,35.9814498],[139.0827608,35.9814587],[139.0827663,35.9814662],[139.0827927,35.9815005],[139.0828339,35.9815568],[139.0828632,35.9815978],[139.0828645,35.9816],[139.0828619,35.9816014],[139.0828572,35.9816041],[139.0828491,35.9816085],[139.0827512,35.9816652],[139.0826814,35.9817057],[139.0826562,35.98172],[139.0826341,35.9817325],[139.0825763,35.9817654],[139.0825492,35.9817782],[139.0825226,35.981793],[139.082485,35.981814]]]},"properties":{"layer":"landuse","class_code":"211","class_label":"住宅用地（住宅、共同住宅、店舗等併用住宅、店舗等併用共同住宅、作業所併用住宅）"}},{"type":"Feature","id":"luse_8695436e-3749-4ff4-8507-1eee00ececb5","geometry":{"type":"Polygon","coordinates":[[[139.0775379,35.9822285],[139.0774694,35.9822743],[139.0774615,35.9822794],[139.0774511,35.9822864],[139.0774298,35.9823006],[139.0774273,35.9823004],[139.0773978,35.9822981],[139.0773235,35.9822247],[139.0772928,35.9821943],[139.0772804,35.9821821],[139.0774734,35.9820445],[139.0775038,35.9820651],[139.0776281,35.9819701],[139.0777482,35.9820547],[139.0778101,35.9820984],[139.0777748,35.9821614],[139.0777333,35.9822094],[139.0777077,35.9822315],[139.0776978,35.9822394],[139.0776744,35.9822423],[139.0776063,35.9821787],[139.0775379,35.9822285]]]},"properties":{"layer":"landuse","class_code":"211","class_label":"住宅用地（住宅、共同住宅、店舗等併用住宅、店舗等併用共同住宅、作業所併用住宅）"}},{"type":"Feature","id":"luse_e2f33be3-801c-4910-8d2d-208a45b7ae0e","geometry":{"type":"Polygon","coordinates":[[[139.0794875,35.9819915],[139.0795128,35.982067],[139.0795184,35.9820857],[139.0795193,35.9821111],[139.0795237,35.9821287],[139.0795308,35.9821583],[139.0795117,35.9821864],[139.0795056,35.9821891],[139.0794282,35.9822062],[139.0792935,35.982236],[139.0792932,35.982236],[139.0792172,35.9822545],[139.0792145,35.9822551],[139.0792142,35.9822552],[139.0790517,35.9822922],[139.0790514,35.9822923],[139.078958,35.9823136],[139.0789454,35.9823163],[139.0789476,35.9823101],[139.078954,35.9822945],[139.0789669,35.9822664],[139.0789895,35.9822222],[139.0790013,35.9822014],[139.0790209,35.9821716],[139.0790497,35.9821379],[139.0790722,35.9821098],[139.0790994,35.9820807],[139.0791266,35.9820549],[139.079137,35.9820488],[139.0791768,35.9820274],[139.0792291,35.9820001],[139.0792743,35.9819878],[139.0793145,35.9819791],[139.0793809,35.9819647],[139.0793815,35.9819669],[139.0793925,35.9819647],[139.0793919,35.9819626],[139.0794235,35.9819575],[139.0794231,35.9819557],[139.0794228,35.981954],[139.0794562,35.9819485],[139.0794577,35.9819483],[139.0794651,35.9819473],[139.079469,35.9819469],[139.0794724,35.9819508],[139.0794764,35.9819618],[139.0794875,35.9819915]]]},"properties":{"layer":"landuse","class_code":"211","class_label":"住宅用地（住宅、共同住宅、店舗等併用住宅、店舗等併用共同住宅、作業所併用住宅）"}},{"type":"Feature","id":"luse_6f249359-dd40-4a1e-91d1-37b3f7265d5c","geometry":{"type":"Polygon","coordinates":[[[139.0815618,35.9822366],[139.0816171,35.9823049],[139.0816176,35.9823057],[139.0816207,35.9823108],[139.0816283,35.9823231],[139.0816147,35.9823295],[139.081582,35.9823499],[139.0815299,35.9823806],[139.0815205,35.9823861],[139.0814241,35.9822862],[139.0814517,35.9822681],[139.0814984,35.9822413],[139.0815333,35.9822206],[139.081544,35.9822142],[139.0815618,35.9822366]]]},"properties":{"layer":"landuse","class_code":"211","class_label":"住宅用地（住宅、共同住宅、店舗等併用住宅、店舗等併用共同住宅、作業所併用住宅）"}},{"type":"Feature","id":"luse_eee783e8-d2ab-4d08-9126-429564b2dc50","geometry":{"type":"Polygon","coordinates":[[[139.0820369,35.9822532],[139.0817709,35.9824037],[139.0817269,35.9823493],[139.081707,35.9823237],[139.081688,35.9823012],[139.0816901,35.9823003],[139.0817047,35.9822932],[139.0818065,35.9822358],[139.0818639,35.9822051],[139.0819011,35.9821852],[139.0819081,35.9821812],[139.0819288,35.982169],[139.081961,35.9821484],[139.0820369,35.9822532]]]},"properties":{"layer":"landuse","class_code":"211","class_label":"住宅用地（住宅、共同住宅、店舗等併用住宅、店舗等併用共同住宅、作業所併用住宅）"}},{"type":"Feature","id":"luse_f1d2bdda-acc1-4dff-809c-448ba8c155ab","geometry":{"type":"Polygon","coordinates":[[[139.0805938,35.9824014],[139.0805922,35.9824098],[139.0804601,35.982428],[139.0804453,35.98243],[139.0802967,35.982448],[139.0802447,35.9824541],[139.0802062,35.9824587],[139.080157,35.9824646],[139.0801395,35.9823094],[139.0800185,35.9823284],[139.0799767,35.982177],[139.0798926,35.9818876],[139.0799466,35.9818841],[139.0799747,35.981882],[139.0800115,35.9818791],[139.0800179,35.9818785],[139.0800454,35.9818762],[139.0800461,35.9818762],[139.0801011,35.9818716],[139.0801013,35.981872],[139.0801119,35.9818712],[139.0801116,35.9818707],[139.080133,35.9818692],[139.0801682,35.9818667],[139.0801983,35.9818645],[139.0802538,35.9818607],[139.080264,35.9818599],[139.0802895,35.9818582],[139.0803404,35.9818549],[139.0803557,35.9818539],[139.0803821,35.9818522],[139.0805243,35.981841],[139.080616,35.9818341],[139.0806672,35.9818298],[139.0806676,35.9818298],[139.0806707,35.9818296],[139.0806715,35.9818295],[139.080672,35.9818295],[139.0806737,35.9818293],[139.0806792,35.9818288],[139.0806818,35.9818288],[139.0806822,35.9818288],[139.0807005,35.9818446],[139.0807032,35.9818471],[139.0806934,35.9819099],[139.0806911,35.9819148],[139.0806822,35.9819568],[139.0806634,35.9820457],[139.080663,35.9820458],[139.0806602,35.9820462],[139.0806538,35.982047],[139.0806279,35.9820507],[139.0806275,35.9820507],[139.080622,35.9820513],[139.0806217,35.9820513],[139.0806135,35.9820528],[139.0806107,35.9820533],[139.0806078,35.9820536],[139.0806047,35.982054],[139.080576,35.9820577],[139.0805606,35.9820598],[139.0805602,35.9820598],[139.080556,35.9820616],[139.0805556,35.9820616],[139.0805244,35.9820669],[139.0804867,35.9820742],[139.0804863,35.9820743],[139.0804807,35.9820752],[139.0804595,35.9820787],[139.0804592,35.9820788],[139.0804173,35.9820874],[139.0803767,35.9820961],[139.080369,35.9820978],[139.0803383,35.9821052],[139.0802862,35.9821177],[139.0802738,35.9821205],[139.0802674,35.9821215],[139.080267,35.9821216],[139.0802579,35.9821224],[139.0802443,35.9821245],[139.080244,35.9821246],[139.0802,35.9821302],[139.0801996,35.9821302],[139.0800913,35.9821439],[139.0800929,35.9821746],[139.0801898,35.9821618],[139.0802142,35.9821585],[139.0802672,35.9821507],[139.0802852,35.9821479],[139.0802856,35.9821478],[139.0803453,35.9821384],[139.0803456,35.9821383],[139.0803729,35.9821338],[139.080381,35.9821325],[139.080382,35.9821323],[139.0803824,35.9821323],[139.080416,35.9821156],[139.0805026,35.9821011],[139.0805486,35.9820934],[139.080657,35.9820745],[139.0806569,35.9820748],[139.0806562,35.9820784],[139.0806509,35.9821051],[139.0806457,35.9821319],[139.0806373,35.9821749],[139.0806366,35.9821786],[139.0806273,35.9822278],[139.0806186,35.982274],[139.0806125,35.9823051],[139.0805938,35.9824014]]]},"properties":{"layer":"landuse","class_code":"211","class_label":"住宅用地（住宅、共同住宅、店舗等併用住宅、店舗等併用共同住宅、作業所併用住宅）"}},{"type":"Feature","id":"luse_c2b79128-85d5-4f2f-875c-759524fafed0","geometry":{"type":"Polygon","coordinates":[[[139.0851641,35.982518],[139.0850511,35.9825431],[139.0850503,35.9825421],[139.08503,35.9825213],[139.0850231,35.9825134],[139.0849978,35.9824798],[139.0849714,35.9824471],[139.0849167,35.982369],[139.0850295,35.982306],[139.0851641,35.982518]]]},"properties":{"layer":"landuse","class_code":"223","class_label":"その他④（その他①～③以外の用途に供されている都市的土地利用（建物跡地、資材置場、改変工事中の土地）、法面（道路、造成地等の主利用に含まれない法面））"}},{"type":"Feature","id":"luse_0ab342a7-5bb9-42d8-bb36-a3ae9139c47a","geometry":{"type":"Polygon","coordinates":[[[139.0840017,35.9824859],[139.0839121,35.9825245],[139.0839132,35.9825356],[139.0838864,35.9825486],[139.0838752,35.9825541],[139.0838702,35.9825476],[139.0838146,35.9824749],[139.0838672,35.9824404],[139.0839015,35.9824088],[139.0839237,35.9823662],[139.0840017,35.9824859]]]},"properties":{"layer":"landuse","class_code":"222","class_label":"その他③（平面駐車場）"}},{"type":"Feature","id":"luse_2f3433a1-e7d7-4cab-a534-8af8b72c9112","geometry":{"type":"Polygon","coordinates":[[[139.0815254,35.9821903],[139.0815281,35.9821936],[139.0814118,35.9822617],[139.0813948,35.9822712],[139.0813894,35.9822742],[139.0813692,35.9822865],[139.0813277,35.9823117],[139.0813129,35.98232],[139.0813083,35.9823226],[139.0812991,35.9823279],[139.0812944,35.9823305],[139.0812717,35.9823434],[139.0812461,35.9823572],[139.0812036,35.982382],[139.0811812,35.9823946],[139.0811774,35.9823967],[139.0811757,35.9823979],[139.0811346,35.9824218],[139.0811034,35.9824409],[139.0810792,35.9824549],[139.081064,35.9824644],[139.0810558,35.9824687],[139.0810421,35.9824776],[139.0810344,35.9824819],[139.0810013,35.982493],[139.0809808,35.9824978],[139.0809196,35.9825068],[139.0809192,35.9825068],[139.0808703,35.9825137],[139.0807479,35.9825312],[139.0807476,35.9825313],[139.080702,35.982538],[139.0806609,35.9825441],[139.0806589,35.982544],[139.0806561,35.9825438],[139.08065,35.9825434],[139.0806496,35.9825434],[139.0806373,35.9825408],[139.0806364,35.98254],[139.0806286,35.9825318],[139.0806289,35.9825296],[139.0806295,35.982526],[139.0806308,35.9825183],[139.0806408,35.9824674],[139.0806447,35.9824485],[139.0806454,35.9824447],[139.0806585,35.982379],[139.0806952,35.9821981],[139.0806955,35.9821958],[139.0806963,35.982192],[139.0806986,35.9821803],[139.0806996,35.9821751],[139.0807042,35.9821536],[139.0807284,35.9821604],[139.0810277,35.9820529],[139.0809533,35.9819461],[139.081218,35.9818116],[139.0812349,35.9818322],[139.0812391,35.9818374],[139.0812429,35.981842],[139.0812513,35.9818526],[139.0812689,35.9818747],[139.0812894,35.9818993],[139.0813095,35.9819252],[139.081319,35.9819368],[139.0813234,35.9819423],[139.0813279,35.9819478],[139.0813367,35.9819587],[139.0813499,35.9819749],[139.081371,35.9820009],[139.0813777,35.982009],[139.0813903,35.9820242],[139.0813985,35.9820346],[139.0814175,35.9820589],[139.0814485,35.9820961],[139.0814584,35.982108],[139.0814717,35.9821239],[139.0814754,35.9821283],[139.0814824,35.9821367],[139.0815254,35.9821903]]]},"properties":{"layer":"landuse","class_code":"211","class_label":"住宅用地（住宅、共同住宅、店舗等併用住宅、店舗等併用共同住宅、作業所併用住宅）"}},{"type":"Feature","id":"luse_2b6c6d2c-dc86-4ff2-a45a-d44d446bce11","geometry":{"type":"Polygon","coordinates":[[[139.0805843,35.9824522],[139.0805719,35.9825115],[139.080557,35.9825915],[139.080554,35.9826052],[139.0801105,35.9826365],[139.0800658,35.982498],[139.0802221,35.9824799],[139.0802995,35.9824716],[139.0804283,35.9824557],[139.0805714,35.9824362],[139.0805873,35.9824341],[139.0805877,35.9824341],[139.0805843,35.9824522]]]},"properties":{"layer":"landuse","class_code":"211","class_label":"住宅用地（住宅、共同住宅、店舗等併用住宅、店舗等併用共同住宅、作業所併用住宅）"}},{"type":"Feature","id":"luse_07f2ee9d-e4bd-4498-a54a-bca8f41be387","geometry":{"type":"Polygon","coordinates":[[[139.0787004,35.9818987],[139.0786978,35.9819046],[139.0786963,35.9819104],[139.0786953,35.9819162],[139.0786922,35.9819214],[139.0786862,35.9819267],[139.078685,35.9819277],[139.0786839,35.9819286],[139.0786726,35.9819324],[139.0786728,35.9819436],[139.0786762,35.9819935],[139.0786777,35.9820104],[139.0786826,35.9820494],[139.0786868,35.9820809],[139.07869,35.9820939],[139.0786953,35.9821171],[139.0787017,35.9821452],[139.0787054,35.9821614],[139.078708,35.9821728],[139.0787092,35.9821781],[139.0787128,35.9821942],[139.0787167,35.9822115],[139.0787177,35.9822283],[139.0787212,35.9822422],[139.0787233,35.9822508],[139.0787311,35.982283],[139.0787374,35.9823114],[139.0787424,35.9823338],[139.0787487,35.9823602],[139.0787531,35.9823805],[139.0787544,35.9823863],[139.0787449,35.9823874],[139.0787589,35.9824243],[139.0787591,35.9824262],[139.0787594,35.9824285],[139.0787596,35.98243],[139.0787611,35.9824494],[139.0787644,35.9824769],[139.0787658,35.9824871],[139.0787774,35.9824906],[139.0787827,35.9824934],[139.0787881,35.9824985],[139.0787913,35.9825056],[139.0787939,35.9825144],[139.0787954,35.9825228],[139.0788023,35.9825606],[139.0788089,35.9825789],[139.0788115,35.9825979],[139.0788112,35.9826075],[139.07881,35.9826121],[139.0788074,35.9826176],[139.0788037,35.9826259],[139.0788019,35.9826303],[139.0788009,35.9826328],[139.0787993,35.9826355],[139.0787641,35.9826105],[139.0787457,35.982598],[139.0787332,35.9825934],[139.0787329,35.9825933],[139.0787291,35.9825916],[139.0787262,35.9825897],[139.0787243,35.9825883],[139.0787185,35.9825836],[139.0787159,35.9825808],[139.0786651,35.9825272],[139.0786714,35.9825231],[139.0786538,35.9825039],[139.0786057,35.9824454],[139.0786,35.9824376],[139.078571,35.9823946],[139.078544,35.9823561],[139.078507,35.9823009],[139.0784234,35.9821762],[139.0784259,35.9821685],[139.0784698,35.9820351],[139.0784967,35.981951],[139.0784964,35.9819309],[139.0785215,35.9818812],[139.0785464,35.981882],[139.0786638,35.981886],[139.0786883,35.9818252],[139.0787092,35.9817732],[139.0787301,35.9817799],[139.0787365,35.9817842],[139.0787423,35.9817883],[139.0787453,35.9817931],[139.0787475,35.9817978],[139.0787497,35.9818117],[139.0787495,35.9818196],[139.0787467,35.9818246],[139.0787415,35.9818364],[139.0787382,35.9818428],[139.078717,35.9818794],[139.0787123,35.981885],[139.0787004,35.9818987]]]},"properties":{"layer":"landuse","class_code":"211","class_label":"住宅用地（住宅、共同住宅、店舗等併用住宅、店舗等併用共同住宅、作業所併用住宅）"}},{"type":"Feature","id":"luse_1c67a8f9-de29-46c0-87f4-0a0d7e614eaa","geometry":{"type":"Polygon","coordinates":[[[139.0833529,35.9822778],[139.0833717,35.9823042],[139.0833926,35.982334],[139.08342,35.9823707],[139.0834725,35.9824429],[139.0835267,35.9825175],[139.083559,35.9825686],[139.0835611,35.9825721],[139.0835615,35.9825761],[139.0835618,35.9825795],[139.0835471,35.9826162],[139.083546,35.9826189],[139.0834398,35.9826754],[139.083344,35.9827259],[139.0832501,35.9827766],[139.0832196,35.9827929],[139.0831407,35.9826971],[139.0830844,35.9826278],[139.0830065,35.9825338],[139.082957,35.9824714],[139.0829755,35.9824615],[139.0830275,35.9824337],[139.0833132,35.9822884],[139.0833132,35.9822878],[139.0833132,35.9822862],[139.0833167,35.9822806],[139.0833209,35.9822763],[139.0833393,35.9822654],[139.0833424,35.9822637],[139.0833529,35.9822778]]]},"properties":{"layer":"landuse","class_code":"211","class_label":"住宅用地（住宅、共同住宅、店舗等併用住宅、店舗等併用共同住宅、作業所併用住宅）"}},{"type":"Feature","id":"luse_dff6f6f7-1821-418b-ac23-754c5d76eeff","geometry":{"type":"Polygon","coordinates":[[[139.0809632,35.9827724],[139.080926,35.9827786],[139.0809051,35.9827797],[139.0809048,35.9827797],[139.0808863,35.9827857],[139.0807958,35.9828021],[139.0807615,35.9828047],[139.08075,35.9828056],[139.0807437,35.982806],[139.0807433,35.9828061],[139.0807425,35.9828061],[139.0807421,35.9828062],[139.0806953,35.9828112],[139.0806829,35.9828125],[139.0806825,35.9828125],[139.0806768,35.982813],[139.0806665,35.9828138],[139.0806029,35.9828189],[139.0806025,35.9828189],[139.0805902,35.9828182],[139.0805847,35.9828176],[139.0805814,35.9828166],[139.0805805,35.9828162],[139.0805781,35.9828148],[139.0805755,35.9828134],[139.0805808,35.9827861],[139.0805822,35.9827793],[139.0805863,35.9827578],[139.080587,35.9827538],[139.080588,35.982748],[139.0806034,35.982674],[139.0806096,35.9826394],[139.0806193,35.9825861],[139.0806211,35.9825761],[139.0806218,35.9825721],[139.0806258,35.9825705],[139.0806347,35.9825673],[139.080635,35.9825673],[139.0806646,35.9825647],[139.0806651,35.9825647],[139.080705,35.9825603],[139.0807502,35.9825564],[139.0807883,35.982552],[139.0807887,35.9825519],[139.0807973,35.9825484],[139.08086,35.9825404],[139.0809261,35.9825307],[139.0809278,35.9825305],[139.080933,35.9825299],[139.0809742,35.9825248],[139.0809798,35.9825242],[139.0809849,35.9825236],[139.0809853,35.9825235],[139.0809869,35.9825233],[139.0809873,35.9825232],[139.080993,35.9825225],[139.081001,35.9825215],[139.0810036,35.9825214],[139.0810088,35.9825214],[139.0810146,35.9825241],[139.0810184,35.9825228],[139.0810319,35.9825166],[139.0810358,35.982515],[139.0810405,35.9825104],[139.0810439,35.9825085],[139.0811333,35.9824546],[139.0811377,35.9824519],[139.0811839,35.9824251],[139.0811887,35.9824224],[139.0812175,35.9824057],[139.0812517,35.9823852],[139.0813614,35.9824942],[139.0813561,35.9824988],[139.0813042,35.982529],[139.0812831,35.9825415],[139.0812231,35.982578],[139.0812065,35.9825881],[139.0811804,35.9825997],[139.0811698,35.9826039],[139.0811055,35.982629],[139.081065,35.9826473],[139.0810647,35.9826474],[139.0810673,35.9826781],[139.0810688,35.9826962],[139.081071,35.9827193],[139.0810736,35.9827398],[139.0810676,35.98275],[139.0810673,35.98275],[139.0810626,35.9827509],[139.0810498,35.982754],[139.0810077,35.9827642],[139.0809987,35.9827664],[139.0809632,35.9827724]]]},"properties":{"layer":"landuse","class_code":"211","class_label":"住宅用地（住宅、共同住宅、店舗等併用住宅、店舗等併用共同住宅、作業所併用住宅）"}},{"type":"Feature","id":"luse_908ba590-f3e1-4e28-be38-feb0ba1c2892","geometry":{"type":"Polygon","coordinates":[[[139.0791688,35.9826224],[139.0792791,35.9828346],[139.0791474,35.9829032],[139.079082,35.9828556],[139.0790249,35.9828129],[139.0790108,35.9828034],[139.0789855,35.9827866],[139.0789568,35.9827667],[139.078923,35.9827432],[139.0789148,35.9827376],[139.0789161,35.9827353],[139.0789284,35.9827074],[139.0789321,35.9826949],[139.0789407,35.9826596],[139.078941,35.9826535],[139.078942,35.982639],[139.078942,35.9826234],[139.0789411,35.982609],[139.078939,35.9825886],[139.0789387,35.9825862],[139.0789377,35.9825807],[139.0789288,35.9825313],[139.0789228,35.9825006],[139.0789212,35.9824895],[139.0789205,35.9824845],[139.0789176,35.9824637],[139.0789179,35.9824347],[139.0789186,35.9824224],[139.0789196,35.9824052],[139.0789207,35.9823909],[139.0789247,35.9823751],[139.0789285,35.9823639],[139.0789373,35.9823392],[139.0789391,35.9823342],[139.0789408,35.9823339],[139.0789638,35.9823292],[139.0789641,35.9823291],[139.079059,35.9823075],[139.0792999,35.9822532],[139.0793003,35.9822531],[139.0793014,35.9822529],[139.0793017,35.9822528],[139.0793678,35.9822366],[139.0793682,35.9822365],[139.0794119,35.9822271],[139.0794452,35.9822191],[139.0794473,35.9822187],[139.0795107,35.9822048],[139.0795219,35.9822024],[139.0795396,35.9822056],[139.07954,35.9822057],[139.0795482,35.9822072],[139.0795486,35.9822073],[139.079562,35.9822365],[139.0795815,35.9822789],[139.0796039,35.9823256],[139.079613,35.9823454],[139.0796375,35.9824001],[139.0796455,35.9824168],[139.0796658,35.9824605],[139.079683,35.9824979],[139.0797074,35.9825587],[139.0797469,35.9826484],[139.0797533,35.9826623],[139.0795454,35.9827221],[139.0794342,35.9825224],[139.0791688,35.9826224]]]},"properties":{"layer":"landuse","class_code":"211","class_label":"住宅用地（住宅、共同住宅、店舗等併用住宅、店舗等併用共同住宅、作業所併用住宅）"}},{"type":"Feature","id":"luse_10a86d2d-fd41-4acb-adac-b6a87ea00f06","geometry":{"type":"Polygon","coordinates":[[[139.0830477,35.9826303],[139.0831336,35.9827362],[139.0831927,35.9828078],[139.0831532,35.9828293],[139.0831263,35.982844],[139.0830323,35.9828937],[139.0829727,35.9829262],[139.0828897,35.9829708],[139.0828621,35.9829859],[139.0828566,35.982989],[139.0827602,35.9830417],[139.0826331,35.9831103],[139.0825901,35.9831328],[139.0824913,35.9831843],[139.0824632,35.9832008],[139.0824613,35.9832018],[139.0824578,35.9832039],[139.0824569,35.9832043],[139.0824185,35.9831977],[139.0824114,35.9831965],[139.082353,35.9831265],[139.0822594,35.9830091],[139.0822555,35.9830041],[139.08223,35.9829722],[139.0821988,35.9829336],[139.0825436,35.9827388],[139.082384,35.982543],[139.082397,35.9825355],[139.0825188,35.9824649],[139.0826464,35.9823934],[139.0827029,35.9823633],[139.082706,35.9823616],[139.0827046,35.9823601],[139.0826946,35.9823488],[139.0825866,35.9822151],[139.0828021,35.9820753],[139.0830933,35.9819209],[139.0830984,35.9819283],[139.0831466,35.9819983],[139.0831552,35.9820102],[139.0831585,35.9820147],[139.0831619,35.9820195],[139.0832198,35.9821006],[139.0832905,35.9821933],[139.0833011,35.9822078],[139.0833106,35.9822207],[139.0833143,35.9822255],[139.0833173,35.9822295],[139.0833072,35.9822455],[139.0832711,35.9822641],[139.0832498,35.9822751],[139.0832387,35.9822808],[139.0832025,35.9822993],[139.0831171,35.9823437],[139.083116,35.9823443],[139.0831023,35.9823528],[139.0830992,35.9823548],[139.0830889,35.9823595],[139.0830854,35.9823612],[139.0830835,35.9823621],[139.0830431,35.9823819],[139.0830057,35.9824003],[139.0829718,35.9824188],[139.0829636,35.9824231],[139.0829591,35.9824257],[139.0829436,35.9824338],[139.0829383,35.9824364],[139.0828571,35.9824793],[139.0828139,35.9825018],[139.08275,35.9825343],[139.0827636,35.9825663],[139.0827645,35.9825686],[139.0827649,35.9825686],[139.0829113,35.9824937],[139.0829415,35.9824989],[139.0830477,35.9826303]]]},"properties":{"layer":"landuse","class_code":"211","class_label":"住宅用地（住宅、共同住宅、店舗等併用住宅、店舗等併用共同住宅、作業所併用住宅）"}},{"type":"Feature","id":"luse_db0db838-7c5a-434f-abc4-5df4af0e896b","geometry":{"type":"Polygon","coordinates":[[[139.0821461,35.9829627],[139.0821967,35.9830253],[139.0822101,35.9830427],[139.0822142,35.983048],[139.0822242,35.9830611],[139.0822824,35.9831326],[139.082345,35.9832083],[139.0823523,35.9832173],[139.082356,35.9832217],[139.0823574,35.9832234],[139.082356,35.9832281],[139.0823468,35.9832617],[139.082341,35.983265],[139.0823234,35.9832744],[139.0823056,35.9832839],[139.08221312951324,35.983333333333334],[139.08220096373714,35.983333333333334],[139.0819874,35.9830433],[139.0821461,35.9829627]]]},"properties":{"layer":"landuse","class_code":"211","class_label":"住宅用地（住宅、共同住宅、店舗等併用住宅、店舗等併用共同住宅、作業所併用住宅）"}},{"type":"Feature","id":"luse_ea85b40f-0049-4458-a584-6f9f091a7522","geometry":{"type":"Polygon","coordinates":[[[139.0782036,35.982732],[139.0781397,35.9827678],[139.0780917,35.9827946],[139.07801,35.9828403],[139.077987,35.9828526],[139.0779492,35.9827054],[139.0780565,35.9826524],[139.07817,35.9826657],[139.0782036,35.982732]]]},"properties":{"layer":"landuse","class_code":"223","class_label":"その他④（その他①～③以外の用途に供されている都市的土地利用（建物跡地、資材置場、改変工事中の土地）、法面（道路、造成地等の主利用に含まれない法面））"}},{"type":"Feature","id":"luse_69f2ef76-9e93-4ad2-8bf2-1854cbaa0b71","geometry":{"type":"Polygon","coordinates":[[[139.0838169,35.9832372],[139.0838274,35.9832657],[139.0838301,35.9832745],[139.0838391,35.9833006],[139.0838417,35.9833075],[139.0838355,35.9833105],[139.0838099,35.9833229],[139.08378778133334,35.983333333333334],[139.08368987916668,35.983333333333334],[139.0836791,35.9833186],[139.0836748,35.9833125],[139.0836461,35.9832737],[139.0838049,35.9832048],[139.0838169,35.9832372]]]},"properties":{"layer":"landuse","class_code":"211","class_label":"住宅用地（住宅、共同住宅、店舗等併用住宅、店舗等併用共同住宅、作業所併用住宅）"}},{"type":"Feature","id":"luse_200c0461-e7b5-40f9-a091-608ab3ce22ca","geometry":{"type":"Polygon","coordinates":[[[139.07872446034816,35.983333333333334],[139.0787312,35.9833146],[139.0787382,35.9832956],[139.0787509,35.9832581],[139.0787607,35.983232],[139.0787697,35.9832056],[139.0787724,35.9831977],[139.0787849,35.9831615],[139.078794,35.9831349],[139.0787966,35.9831271],[139.0788187,35.9830663],[139.0788325,35.9830286],[139.078842,35.9830015],[139.0788542,35.9829687],[139.0788676,35.9829324],[139.078878,35.9829211],[139.0788921,35.9829118],[139.0789009,35.9829077],[139.0789737,35.982956],[139.0789851,35.9829644],[139.079032,35.9829972],[139.0790971,35.9830408],[139.0791146,35.9830526],[139.0791716,35.9830936],[139.0791807,35.9830999],[139.0792798,35.98317],[139.0792928,35.9831793],[139.0793346,35.9832092],[139.0793935,35.9832511],[139.0793997,35.9832555],[139.0794936,35.9833199],[139.0795116,35.9833321],[139.07951338430698,35.983333333333334],[139.07872446034816,35.983333333333334]]]},"properties":{"layer":"landuse","class_code":"211","class_label":"住宅用地（住宅、共同住宅、店舗等併用住宅、店舗等併用共同住宅、作業所併用住宅）"}},{"type":"Feature","id":"luse_113ac6c9-dd9f-431c-ba94-883bd52701ed","geometry":{"type":"Polygon","coordinates":[[[139.0811731,35.9831603],[139.0811727,35.9831603],[139.0811555,35.9831628],[139.0811759,35.9832207],[139.0811938,35.9832699],[139.0811953,35.9832755],[139.0811946,35.9832795],[139.0811924,35.9832835],[139.081185,35.9832872],[139.0811846,35.9832872],[139.0811747,35.983289],[139.0810527,35.9833126],[139.0810109,35.9833252],[139.0809818402778,35.983333333333334],[139.080519788115,35.983333333333334],[139.0804983,35.983276],[139.080478,35.9832217],[139.0804777,35.9832171],[139.0804775,35.9832163],[139.0804783,35.9832118],[139.0804785,35.9832092],[139.0804822,35.9831977],[139.0804953,35.9831549],[139.0805036,35.9831541],[139.0805454,35.9831502],[139.0805463,35.98315],[139.0805968,35.9831443],[139.0806859,35.9831353],[139.0806866,35.9831342],[139.0807819,35.9831254],[139.0807867,35.983125],[139.0808181,35.9831238],[139.0808558,35.9831234],[139.0808562,35.9831234],[139.0808533,35.9831015],[139.0807992,35.9831033],[139.0806235,35.9831198],[139.0805988,35.9831222],[139.0805062,35.9831308],[139.0805035,35.983131],[139.0805119,35.9831069],[139.0805172,35.9830859],[139.0805382,35.9830031],[139.0805437,35.982977],[139.080545,35.9829709],[139.0805657,35.9828688],[139.0805698,35.9828481],[139.0805706,35.9828432],[139.0805854,35.982842],[139.0806059,35.9828404],[139.080671,35.9828349],[139.0806714,35.9828349],[139.0807345,35.9828308],[139.0807952,35.982822],[139.0808384,35.9828299],[139.080842,35.982871],[139.0808454,35.9829516],[139.080839,35.982961],[139.0808886,35.9829527],[139.0809044,35.9829501],[139.0808895,35.9829418],[139.0808891,35.9829383],[139.0808878,35.9829383],[139.0808874,35.9829383],[139.0808827,35.9829383],[139.0808827,35.982935],[139.0808823,35.9829349],[139.0808788,35.9829349],[139.0808765,35.982885],[139.0808748,35.9828429],[139.0808853,35.9828428],[139.080887,35.9828152],[139.0808883,35.982802],[139.0808893,35.9828018],[139.0808897,35.9828017],[139.0809007,35.9827993],[139.0809045,35.9827984],[139.0809049,35.9827984],[139.0809985,35.98278],[139.0810127,35.9827771],[139.081013,35.982777],[139.0810625,35.9827672],[139.0810669,35.9827663],[139.0810673,35.9827662],[139.0810939,35.9827613],[139.0810935,35.9827502],[139.0810932,35.9827465],[139.0810888,35.9826955],[139.0810854,35.9826629],[139.0810948,35.9826512],[139.0811273,35.9826385],[139.0811867,35.982614],[139.0811886,35.9826132],[139.0812009,35.9826082],[139.081217,35.9826016],[139.0812173,35.9826015],[139.0812246,35.9826113],[139.0812284,35.9826159],[139.0812365,35.9826124],[139.0812588,35.9825975],[139.0812844,35.9825807],[139.0813082,35.9825649],[139.0813169,35.9825589],[139.0813453,35.9825412],[139.0813569,35.9825332],[139.0813826,35.9825377],[139.0814276,35.98261],[139.0814663,35.9825942],[139.0814186,35.9825208],[139.0814191,35.982491],[139.0814208,35.9824898],[139.081454,35.9824676],[139.081456,35.9824664],[139.0814892,35.982445],[139.0815083,35.982432],[139.0815258,35.98242],[139.08154,35.9824097],[139.0815551,35.9824006],[139.0815956,35.9823758],[139.0816026,35.9823715],[139.081637,35.982351],[139.0816448,35.9823457],[139.081647,35.9823442],[139.0816531,35.9823508],[139.0816773,35.9823805],[139.0817074,35.9824183],[139.0817288,35.9824452],[139.081612,35.9825167],[139.0816312,35.9825375],[139.0817242,35.9824807],[139.0817602,35.9824847],[139.0818114,35.9825487],[139.0818149,35.9825528],[139.0818156,35.9825536],[139.0816116,35.9826761],[139.0815586,35.9826984],[139.0814673,35.9827241],[139.0813878,35.9827558],[139.0815093,35.9829582],[139.081489,35.9829649],[139.0814687,35.9829715],[139.08145,35.9829776],[139.081401,35.9829934],[139.0813721,35.9830029],[139.0813529,35.9830092],[139.0813394,35.9830191],[139.081339,35.9830192],[139.0813388,35.9830196],[139.0813138,35.9830472],[139.0812743,35.9829733],[139.0811287,35.9830093],[139.0811731,35.9831603]]]},"properties":{"layer":"landuse","class_code":"211","class_label":"住宅用地（住宅、共同住宅、店舗等併用住宅、店舗等併用共同住宅、作業所併用住宅）"}},{"type":"Feature","id":"luse_f5daa4af-f761-46bb-94bf-01d0a00bdeca","geometry":{"type":"Polygon","coordinates":[[[139.0767946,35.9829129],[139.0768266,35.9829565],[139.0768317,35.9829634],[139.0768582,35.9830036],[139.0768741,35.9830278],[139.0768855,35.9830447],[139.0769073,35.9830773],[139.0769577,35.9831496],[139.0769899,35.9831944],[139.0770351,35.9832591],[139.0770792,35.9833225],[139.07708941624472,35.983333333333334],[139.07678426170278,35.983333333333334],[139.0767157,35.9832421],[139.0765713,35.9830428],[139.0767819,35.9829155],[139.0767943,35.9829126],[139.0767946,35.9829129]]]},"properties":{"layer":"landuse","class_code":"211","class_label":"住宅用地（住宅、共同住宅、店舗等併用住宅、店舗等併用共同住宅、作業所併用住宅）"}},{"type":"Feature","id":"luse_e5cbd7a7-5030-4ff4-bc32-20386410e1e5","geometry":{"type":"Polygon","coordinates":[[[139.0834607,35.9830307],[139.0834415,35.9830406],[139.0835776,35.9832166],[139.0835918,35.9832358],[139.0836177,35.9832713],[139.0836423,35.983304],[139.0836577,35.9833284],[139.08365988082977,35.983333333333334],[139.08298432668673,35.983333333333334],[139.0829224,35.9832571],[139.08294,35.9832485],[139.0831181,35.9831534],[139.0830904,35.9831046],[139.083354,35.9829688],[139.0832563,35.9828498],[139.0832674,35.9828439],[139.0832914,35.9828302],[139.083311,35.9828191],[139.0833955,35.9827731],[139.0834826,35.982727],[139.0834916,35.9827223],[139.0834978,35.9827189],[139.0836135,35.9827096],[139.0836214,35.9827123],[139.0836251,35.9827153],[139.0836302,35.982722],[139.0836366,35.9827363],[139.0836552,35.9827903],[139.0836611,35.9828082],[139.0836632,35.9828145],[139.0834125,35.9829291],[139.0834645,35.9830355],[139.0834607,35.9830307]]]},"properties":{"layer":"landuse","class_code":"211","class_label":"住宅用地（住宅、共同住宅、店舗等併用住宅、店舗等併用共同住宅、作業所併用住宅）"}},{"type":"Feature","id":"luse_82025756-742a-4276-88b4-918138c529b2","geometry":{"type":"Polygon","coordinates":[[[139.0798533,35.9828836],[139.0798745,35.9829331],[139.0798886,35.9829635],[139.0799025,35.9829903],[139.0799138,35.983013],[139.0799193,35.9830236],[139.0799287,35.9830439],[139.0799336,35.9830545],[139.0799396,35.9830673],[139.0799584,35.9830958],[139.0799984,35.9831558],[139.0800172,35.9831854],[139.0800324,35.9832112],[139.0800337,35.9832135],[139.0800544,35.9832522],[139.0800679,35.9832782],[139.0800805,35.9833031],[139.0800914,35.9833267],[139.08009443238095,35.983333333333334],[139.07976250968713,35.983333333333334],[139.079698,35.9832871],[139.079692,35.9832829],[139.0796748,35.9832712],[139.079619,35.9832335],[139.079617,35.9832321],[139.0796147,35.9832305],[139.0795863,35.9832107],[139.0795783,35.9832052],[139.0795532,35.9831877],[139.0795517,35.9831866],[139.0795181,35.9831632],[139.0795051,35.9831541],[139.0794813,35.9831373],[139.0794293,35.9831007],[139.0793827,35.983067],[139.0793409,35.9830379],[139.0793083,35.9830151],[139.0792978,35.9830077],[139.0795467,35.9829574],[139.0798533,35.9828836]]]},"properties":{"layer":"landuse","class_code":"211","class_label":"住宅用地（住宅、共同住宅、店舗等併用住宅、店舗等併用共同住宅、作業所併用住宅）"}},{"type":"Feature","id":"luse_b8672b62-2781-4735-992d-a735e47d9e52","geometry":{"type":"Polygon","coordinates":[[[139.07746355070174,35.983333333333334],[139.07719478793388,35.983333333333334],[139.0773011,35.9832757],[139.0773631,35.983242],[139.0774119,35.983215],[139.0774151,35.9832133],[139.07746355070174,35.983333333333334]]]},"properties":{"layer":"landuse","class_code":"211","class_label":"住宅用地（住宅、共同住宅、店舗等併用住宅、店舗等併用共同住宅、作業所併用住宅）"}},{"type":"Feature","id":"luse_ee9d6bbe-916b-4256-8a01-85d7ba5a9a1c","geometry":{"type":"Polygon","coordinates":[[[139.08392621071428,35.983333333333334],[139.0839253,35.9833305],[139.0839251,35.9833301],[139.0839216,35.9833194],[139.08392,35.9833149],[139.0839137,35.9832972],[139.0841099,35.983272],[139.084128541651,35.983333333333334],[139.08392621071428,35.983333333333334]]]},"properties":{"layer":"landuse","class_code":"222","class_label":"その他③（平面駐車場）"}},{"type":"Feature","id":"luse_31051b26-09b7-4be0-bbab-025287929a93","geometry":{"type":"Polygon","coordinates":[[[139.0797792,35.9821216],[139.0798781,35.982291],[139.0799935,35.982535],[139.0801483,35.9829226],[139.08029704469146,35.983333333333334],[139.08012742034632,35.983333333333334],[139.0801163,35.9833108],[139.0801066,35.98329],[139.0800821,35.983243],[139.0800758,35.9832317],[139.080066,35.9832137],[139.0800657,35.9832134],[139.0800581,35.9831993],[139.0800528,35.9831896],[139.0800299,35.9831502],[139.0800144,35.9831297],[139.0800099,35.9831238],[139.0799896,35.9830933],[139.0799714,35.9830601],[139.0799597,35.9830391],[139.0799464,35.9830159],[139.0799338,35.9829872],[139.0799104,35.9829384],[139.0798984,35.9829138],[139.0798836,35.9828833],[139.0798714,35.9828546],[139.0798572,35.9828211],[139.079819,35.9827418],[139.0798091,35.9827246],[139.0797902,35.9826736],[139.0797887,35.9826707],[139.0797884,35.9826702],[139.0797859,35.9826653],[139.0797818,35.9826555],[139.0797764,35.9826424],[139.0797537,35.9825922],[139.0797409,35.9825639],[139.0797283,35.9825357],[139.0796966,35.9824642],[139.0796913,35.9824524],[139.0796691,35.9824048],[139.0796607,35.982387],[139.0796384,35.9823446],[139.0796355,35.9823389],[139.0795944,35.9822397],[139.0795665,35.982172],[139.079558,35.982145],[139.0795525,35.9821264],[139.0795471,35.9821077],[139.0795347,35.9820636],[139.0795185,35.982002],[139.0795177,35.9819997],[139.0795161,35.9819997],[139.0795099,35.9819778],[139.0795123,35.9819776],[139.0795118,35.9819756],[139.079511,35.9819723],[139.0795104,35.9819705],[139.0795088,35.9819643],[139.0795066,35.9819555],[139.0795049,35.9819479],[139.079511,35.9819412],[139.0795364,35.9819363],[139.0795379,35.981936],[139.0795383,35.9819359],[139.0795988,35.9819243],[139.0796319,35.9819158],[139.0796323,35.9819157],[139.0796469,35.9819121],[139.0797792,35.9821216]]]},"properties":{"layer":"landuse","class_code":"211","class_label":"住宅用地（住宅、共同住宅、店舗等併用住宅、店舗等併用共同住宅、作業所併用住宅）"}},{"type":"Feature","id":"luse_08566c22-4c9e-41c4-a95a-691e862aa405","geometry":{"type":"Polygon","coordinates":[[[139.08275027412262,35.983333333333334],[139.08252311746793,35.983333333333334],[139.0825032,35.9833086],[139.0824958,35.9832995],[139.0824924,35.9832954],[139.082492,35.9832947],[139.0824982,35.9832568],[139.0824986,35.9832541],[139.0824995,35.9832537],[139.0825048,35.9832509],[139.0825336,35.9832362],[139.0825466,35.9832293],[139.082633,35.9831839],[139.08275027412262,35.983333333333334]]]},"properties":{"layer":"landuse","class_code":"211","class_label":"住宅用地（住宅、共同住宅、店舗等併用住宅、店舗等併用共同住宅、作業所併用住宅）"}},{"type":"Feature","id":"luse_b848ee01-1da0-4221-aedb-2d32168e23b9","geometry":{"type":"Polygon","coordinates":[[[139.0804677,35.9830151],[139.0804552,35.9830751],[139.080452,35.9830858],[139.0804498,35.9830932],[139.0804414,35.9831219],[139.0804239,35.98317],[139.0804078,35.9832159],[139.0803971,35.9832463],[139.080398,35.983278],[139.0804057,35.9833145],[139.0804086,35.9833241],[139.080411775485,35.983333333333334],[139.0803717132979,35.983333333333334],[139.0802727,35.9830409],[139.0804697,35.9830075],[139.0804677,35.9830151]]]},"properties":{"layer":"landuse","class_code":"211","class_label":"住宅用地（住宅、共同住宅、店舗等併用住宅、店舗等併用共同住宅、作業所併用住宅）"}},{"type":"Feature","id":"luse_f9928012-1761-4834-9622-12e06c3c75e8","geometry":{"type":"Polygon","coordinates":[[[139.08106309942028,35.983333333333334],[139.0811659,35.9833114],[139.0812124,35.9833],[139.0812164,35.9832984],[139.0812183,35.9832972],[139.0814045,35.9832498],[139.0816343,35.9831777],[139.0817098,35.9832808],[139.0817244,35.9833208],[139.08169761643836,35.983333333333334],[139.08106309942028,35.983333333333334]]]},"properties":{"layer":"landuse","class_code":"211","class_label":"住宅用地（住宅、共同住宅、店舗等併用住宅、店舗等併用共同住宅、作業所併用住宅）"}},{"type":"Feature","id":"luse_38a08ea3-772a-4c97-9f55-dce7b68b5f81","geometry":{"type":"Polygon","coordinates":[[[139.07510482362125,35.983333333333334],[139.0753233,35.9831697],[139.0753313,35.9831838],[139.075341,35.983199],[139.0753603,35.9832324],[139.0753907,35.9832847],[139.0754071,35.9833094],[139.07542416873386,35.983333333333334],[139.07510482362125,35.983333333333334]]]},"properties":{"layer":"landuse","class_code":"211","class_label":"住宅用地（住宅、共同住宅、店舗等併用住宅、店舗等併用共同住宅、作業所併用住宅）"}},{"type":"Feature","id":"luse_29107e4e-5270-483d-b3fe-178a78e3f231","geometry":{"type":"Polygon","coordinates":[[[139.0762594,35.9764171],[139.0762448,35.9764342],[139.0762306,35.9764489],[139.0762184,35.9764597],[139.0761981,35.9764826],[139.0761382,35.9765556],[139.076081,35.9766282],[139.0760621,35.9766504],[139.0759958,35.9767288],[139.0759602,35.9767705],[139.0759509,35.9767818],[139.0759477,35.9767882],[139.0759421,35.9767997],[139.0759176,35.9768275],[139.0759169,35.9768281],[139.0759159,35.9768286],[139.0759139,35.9768291],[139.0759108,35.9768298],[139.0759061,35.9768306],[139.0759016,35.9768312],[139.0758978,35.9768276],[139.0758104,35.9767507],[139.0759544,35.9766165],[139.0756807,35.976444],[139.0756959,35.9764386],[139.0757962,35.9764056],[139.075801,35.9764034],[139.0759213,35.9763969],[139.0760854,35.9764123],[139.0761038,35.9763931],[139.0762526,35.9762378],[139.0763566,35.9763045],[139.076331,35.9763347],[139.0763072,35.9763613],[139.0762848,35.9763876],[139.0762729,35.9764011],[139.0762594,35.9764171]]]},"properties":{"layer":"landuse","class_code":"212","class_label":"商業用地（業務施設、商業施設、宿泊施設、商業系複合施設）"}},{"type":"Feature","id":"luse_2d0192da-d9f5-413d-8ec5-d8d08cd2d755","geometry":{"type":"Polygon","coordinates":[[[139.0762934,35.9768407],[139.0760935,35.977],[139.0760815,35.9769874],[139.0760149,35.9769318],[139.0761643,35.9767624],[139.0762934,35.9768407]]]},"properties":{"layer":"landuse","class_code":"212","class_label":"商業用地（業務施設、商業施設、宿泊施設、商業系複合施設）"}},{"type":"Feature","id":"luse_aabeac1e-b4a9-4162-9e7c-44a703f4ab3e","geometry":{"type":"Polygon","coordinates":[[[139.0772201,35.9775389],[139.0772469,35.9775717],[139.0772888,35.9776232],[139.0772938,35.9776292],[139.0773288,35.9776712],[139.0773444,35.9776899],[139.0773664,35.9777031],[139.077369,35.9777045],[139.0773716,35.9777062],[139.0773676,35.9777139],[139.0773627,35.9777231],[139.0773631,35.9777232],[139.0773647,35.9777238],[139.077357,35.9777382],[139.077318,35.9778173],[139.0772834,35.9778833],[139.077261,35.9779256],[139.0772499,35.9779368],[139.0772495,35.9779366],[139.0772429,35.9779349],[139.0772184,35.9779158],[139.0771643,35.9778738],[139.0770342,35.9777705],[139.0769524,35.977707],[139.076934,35.977692],[139.0771363,35.9774847],[139.0771851,35.9775345],[139.0771998,35.977513],[139.0772201,35.9775389]]]},"properties":{"layer":"landuse","class_code":"212","class_label":"商業用地（業務施設、商業施設、宿泊施設、商業系複合施設）"}},{"type":"Feature","id":"luse_d99c643a-d773-4397-b35a-055c3b4807d2","geometry":{"type":"Polygon","coordinates":[[[139.0813566,35.9781558],[139.0813154,35.9783604],[139.0810666,35.9783267],[139.0810419,35.9782948],[139.0810221,35.9782691],[139.0810223,35.9782682],[139.0810237,35.9782634],[139.0810253,35.9782601],[139.0810261,35.978257],[139.0810283,35.9782436],[139.0810291,35.9782404],[139.0810251,35.9782211],[139.0810245,35.9782183],[139.0810243,35.9782165],[139.081024,35.9782123],[139.0810238,35.9782055],[139.0810248,35.9781941],[139.081026,35.9781671],[139.0810265,35.9781641],[139.0810697,35.9781617],[139.0811116,35.9781595],[139.0811103,35.9781328],[139.0813566,35.9781558]]]},"properties":{"layer":"landuse","class_code":"212","class_label":"商業用地（業務施設、商業施設、宿泊施設、商業系複合施設）"}},{"type":"Feature","id":"luse_a47c7997-d24b-446f-a8eb-5ce55feae957","geometry":{"type":"Polygon","coordinates":[[[139.080037,35.9791665],[139.0799307,35.9793228],[139.0797518,35.9792437],[139.0798423,35.9790905],[139.0799057,35.9791142],[139.079982,35.979143],[139.080037,35.9791665]]]},"properties":{"layer":"landuse","class_code":"212","class_label":"商業用地（業務施設、商業施設、宿泊施設、商業系複合施設）"}},{"type":"Feature","id":"luse_1789c6ba-3e12-46aa-a631-ab9314843d77","geometry":{"type":"Polygon","coordinates":[[[139.075,35.979667240899644],[139.0750898,35.9797883],[139.0751118,35.9798152],[139.0750606,35.9798384],[139.0750487,35.9798289],[139.075,35.9797902068493],[139.075,35.979667240899644]]]},"properties":{"layer":"landuse","class_code":"212","class_label":"商業用地（業務施設、商業施設、宿泊施設、商業系複合施設）"}},{"type":"Feature","id":"luse_862234ad-8bb2-4785-b46d-63155b593029","geometry":{"type":"Polygon","coordinates":[[[139.0763667,35.9807],[139.0762413,35.9807828],[139.0762082,35.9807574],[139.0761322,35.9806965],[139.0760962,35.9806675],[139.0762378,35.980578],[139.0763667,35.9807]]]},"properties":{"layer":"landuse","class_code":"212","class_label":"商業用地（業務施設、商業施設、宿泊施設、商業系複合施設）"}},{"type":"Feature","id":"luse_5f4e00c8-28a4-4ccd-b84b-a78d9f45c22b","geometry":{"type":"Polygon","coordinates":[[[139.0766289,35.9808762],[139.0764811,35.980976],[139.0764521,35.9809528],[139.0762724,35.9808086],[139.0762668,35.9808042],[139.0762702,35.9807893],[139.0763804,35.9807151],[139.0764192,35.9806908],[139.0766289,35.9808762]]]},"properties":{"layer":"landuse","class_code":"212","class_label":"商業用地（業務施設、商業施設、宿泊施設、商業系複合施設）"}},{"type":"Feature","id":"luse_0bc63635-2929-4fbc-9afc-760b3b767c91","geometry":{"type":"Polygon","coordinates":[[[139.0809544,35.9813651],[139.0808894,35.9812974],[139.0808662,35.981314],[139.0808713,35.9812867],[139.0808771,35.9812555],[139.0808888,35.9811967],[139.0808897,35.9811921],[139.0808925,35.9811779],[139.0808978,35.9811511],[139.0808984,35.9811479],[139.0809065,35.9811053],[139.0809097,35.9810886],[139.0809124,35.981074],[139.0809168,35.9810512],[139.0809256,35.9810116],[139.080929,35.9809964],[139.080954,35.9808706],[139.0809549,35.9808657],[139.0812255,35.9807114],[139.0813125,35.980807],[139.0812406,35.9808476],[139.0814439,35.9810748],[139.0809544,35.9813651]]]},"properties":{"layer":"landuse","class_code":"212","class_label":"商業用地（業務施設、商業施設、宿泊施設、商業系複合施設）"}},{"type":"Feature","id":"luse_0e319985-a94b-45da-bb12-117f6a2a4c1d","geometry":{"type":"Polygon","coordinates":[[[139.0772581,35.9813342],[139.0772945,35.9813883],[139.0771616,35.9815088],[139.0771468,35.9814977],[139.077146,35.9814972],[139.0770351,35.9814141],[139.0770313,35.9814113],[139.0770365,35.9814063],[139.0771954,35.981263],[139.0772581,35.9813342]]]},"properties":{"layer":"landuse","class_code":"212","class_label":"商業用地（業務施設、商業施設、宿泊施設、商業系複合施設）"}},{"type":"Feature","id":"luse_bcba3944-3a6a-4b60-87b1-675b23411d57","geometry":{"type":"Polygon","coordinates":[[[139.075,35.981203899716725],[139.0750642,35.9811728],[139.0751579,35.9813041],[139.0751269,35.9813179],[139.0752386,35.9814768],[139.0754962,35.9813661],[139.0755891,35.9815069],[139.0755015,35.9815445],[139.0754224,35.9815785],[139.0752779,35.9816408],[139.0751442,35.9816989],[139.0751345,35.9817033],[139.0750184,35.9815499],[139.075,35.98155733046809],[139.075,35.981203899716725]]]},"properties":{"layer":"landuse","class_code":"212","class_label":"商業用地（業務施設、商業施設、宿泊施設、商業系複合施設）"}},{"type":"Feature","id":"luse_5914a7e3-57fb-4c26-85ee-54c71299f936","geometry":{"type":"Polygon","coordinates":[[[139.081711,35.9815851],[139.0816036,35.981656],[139.0815867,35.9817307],[139.0813361,35.9818641],[139.0813328,35.9818602],[139.0813241,35.9818491],[139.0813202,35.981844],[139.0813165,35.9818393],[139.0813138,35.9818359],[139.0812882,35.9818042],[139.0812528,35.9817612],[139.0812211,35.9817228],[139.0811951,35.9816903],[139.0811893,35.981683],[139.0811829,35.9816748],[139.0811777,35.9816686],[139.0811681,35.9816571],[139.0811753,35.9816276],[139.0811758,35.9816267],[139.0811764,35.9816253],[139.0811775,35.9816233],[139.0811817,35.9816211],[139.0811916,35.9816158],[139.081302,35.9815569],[139.0813082,35.9815535],[139.0813408,35.9815366],[139.0813711,35.9815199],[139.0814012,35.9815016],[139.0814425,35.9814772],[139.081529,35.981423],[139.0815436,35.9814137],[139.0816599,35.9815276],[139.081711,35.9815851]]]},"properties":{"layer":"landuse","class_code":"212","class_label":"商業用地（業務施設、商業施設、宿泊施設、商業系複合施設）"}},{"type":"Feature","id":"luse_efeb2592-3b9f-4fc8-a20d-6f0961534e5f","geometry":{"type":"Polygon","coordinates":[[[139.0778441,35.9817144],[139.0776484,35.9818659],[139.0775439,35.9817909],[139.0773557,35.9816536],[139.0773444,35.9816451],[139.0774103,35.9815952],[139.0775681,35.9815125],[139.077617,35.9814954],[139.0778441,35.9817144]]]},"properties":{"layer":"landuse","class_code":"212","class_label":"商業用地（業務施設、商業施設、宿泊施設、商業系複合施設）"}},{"type":"Feature","id":"luse_19a500ff-82c6-4f4d-9a1e-5a81333f57d5","geometry":{"type":"Polygon","coordinates":[[[139.0811159,35.9816879],[139.0811249,35.9816969],[139.0811738,35.9817593],[139.0811787,35.981765],[139.0812062,35.9817974],[139.081218,35.9818116],[139.0809533,35.9819461],[139.0808465,35.9817968],[139.0808649,35.9817862],[139.0808735,35.9817817],[139.0809554,35.9817391],[139.0810088,35.9817132],[139.0810538,35.9816902],[139.0810636,35.9816846],[139.0810671,35.981685],[139.0810751,35.9816811],[139.0811159,35.9816879]]]},"properties":{"layer":"landuse","class_code":"212","class_label":"商業用地（業務施設、商業施設、宿泊施設、商業系複合施設）"}},{"type":"Feature","id":"luse_db0eada6-f307-4fdd-abec-180b2fb16690","geometry":{"type":"Polygon","coordinates":[[[139.0784828,35.9823855],[139.0785201,35.9824327],[139.0785215,35.9824374],[139.0785209,35.982443],[139.078519,35.9824476],[139.0785186,35.9824486],[139.0785128,35.9824545],[139.0785064,35.9824582],[139.0784993,35.9824597],[139.0784988,35.9824599],[139.0784923,35.9824602],[139.0784863,35.9824602],[139.0784788,35.9824581],[139.0784722,35.9824536],[139.0784663,35.982447],[139.0784568,35.9824404],[139.0784553,35.9824393],[139.0782541,35.9822992],[139.078184,35.9822494],[139.0782415,35.9821972],[139.0783234,35.9821475],[139.0784828,35.9823855]]]},"properties":{"layer":"landuse","class_code":"212","class_label":"商業用地（業務施設、商業施設、宿泊施設、商業系複合施設）"}},{"type":"Feature","id":"luse_bdaedefb-f887-4b2b-96cf-3c467cb8d71f","geometry":{"type":"Polygon","coordinates":[[[139.0838702,35.9825476],[139.0838752,35.9825541],[139.0838682,35.9825574],[139.0838426,35.9825682],[139.0838327,35.9825723],[139.0837943,35.9825893],[139.0837536,35.9826071],[139.0837314,35.9826176],[139.0837072,35.9826287],[139.0836973,35.9826331],[139.0836922,35.9826244],[139.0838702,35.9825476]]]},"properties":{"layer":"landuse","class_code":"204","class_label":"水面（河川水面、湖沼、ため池、用水路、濠、運河水面）"}},{"type":"Feature","id":"luse_a2bf2f23-261a-4b3f-a3c5-7d287a292f6c","geometry":{"type":"Polygon","coordinates":[[[139.0752732,35.9828202],[139.0751675,35.9827033],[139.0751461,35.9827001],[139.0751444,35.9826934],[139.0751135,35.9825807],[139.0751184,35.9825799],[139.07512,35.9825796],[139.0751187,35.9825738],[139.075117,35.982574],[139.0750955,35.9824894],[139.075095,35.9824877],[139.0750942,35.9824849],[139.0750939,35.982485],[139.0750896,35.9824856],[139.0750857,35.9824683],[139.0750851,35.982464],[139.0750819,35.982444],[139.0750472,35.9823732],[139.075,35.98228929979206],[139.075,35.98179793017242],[139.0751135,35.9817539],[139.0751646,35.9817339],[139.0752992,35.981675],[139.075399,35.981632],[139.0754441,35.9816126],[139.0755236,35.9815776],[139.0756219,35.9815338],[139.0756296,35.9815303],[139.0757011,35.9814948],[139.0757083,35.9814917],[139.0758396,35.9814145],[139.075842,35.9814129],[139.0759359,35.9813508],[139.0760887,35.9812541],[139.0761284,35.9812286],[139.0761318,35.9812264],[139.0761092,35.9811977],[139.0761063,35.9811972],[139.0762213,35.9811323],[139.0763851,35.9813047],[139.0765866,35.9811903],[139.0766046,35.9812046],[139.0766748,35.9812606],[139.0766927,35.9812745],[139.0767609,35.9813284],[139.0767647,35.9813316],[139.0767712,35.9813368],[139.0767715,35.9813365],[139.0767941,35.9813537],[139.0768509,35.981397],[139.0768573,35.9814022],[139.0768577,35.9814019],[139.0768591,35.981403],[139.0769465,35.981469],[139.0766878,35.9816274],[139.0767765,35.9817415],[139.0767554,35.9817503],[139.0766884,35.981778],[139.0766774,35.9817825],[139.0766383,35.9817988],[139.0765268,35.9818514],[139.076464,35.981881],[139.076414,35.9819034],[139.0764129,35.9819053],[139.0763014,35.9817991],[139.0760483,35.981968],[139.0760436,35.9819754],[139.0762348,35.9821786],[139.0762342,35.9821789],[139.0762113,35.9821912],[139.0761502,35.9822259],[139.0761168,35.9822461],[139.0761459,35.9822803],[139.0762021,35.9823413],[139.0762102,35.9823366],[139.0762179,35.9823454],[139.075788,35.9826066],[139.0757509,35.9825599],[139.0752732,35.9828202]]]},"properties":{"layer":"landuse","class_code":"212","class_label":"商業用地（業務施設、商業施設、宿泊施設、商業系複合施設）"}},{"type":"Feature","id":"luse_5425ed29-9da4-4325-893d-2d4eb1597737","geometry":{"type":"Polygon","coordinates":[[[139.0787735,35.9828592],[139.0787747,35.9828605],[139.0787762,35.9828621],[139.0787796,35.9829465],[139.0787748,35.9829691],[139.0787682,35.9829919],[139.0787601,35.9830162],[139.0787476,35.9830541],[139.0787249,35.9831186],[139.0786989,35.9831954],[139.0786956,35.9832051],[139.0786797,35.983252],[139.0786575,35.9833175],[139.078652114237,35.983333333333334],[139.0784756844626,35.983333333333334],[139.0786142,35.9830315],[139.0786305,35.9830182],[139.0786968,35.9829448],[139.078763,35.9828477],[139.0787735,35.9828592]]]},"properties":{"layer":"landuse","class_code":"212","class_label":"商業用地（業務施設、商業施設、宿泊施設、商業系複合施設）"}},{"type":"Feature","id":"luse_576b0dfd-1f0f-4e74-998f-abfd3eaa67b2","geometry":{"type":"Polygon","coordinates":[[[139.0827539,35.9750057],[139.0827528,35.9750109],[139.0827441,35.9750336],[139.0827399,35.9750449],[139.0827323,35.9750676],[139.0827285,35.9750848],[139.0827275,35.9751006],[139.0827256,35.9751114],[139.0827254,35.9751369],[139.0827251,35.9751568],[139.0827249,35.975167],[139.0827248,35.9751729],[139.0827226,35.9751767],[139.0827188,35.9751799],[139.0827154,35.9751813],[139.0827129,35.9751818],[139.0827125,35.9751818],[139.0827088,35.9751815],[139.0827049,35.9751804],[139.0827045,35.9751803],[139.0827012,35.9751785],[139.0826814,35.9751561],[139.08261,35.9750799],[139.0825529,35.9750173],[139.0825384,35.9750031],[139.0825354,35.9750022],[139.0825326,35.9750022],[139.0825316,35.9750022],[139.0825294,35.9750032],[139.0825266,35.9750064],[139.0825182,35.9750203],[139.0824983,35.9750536],[139.0824809,35.9750775],[139.0824565,35.9751024],[139.0824313,35.9751222],[139.0824284,35.975124],[139.0824249,35.9751253],[139.0824235,35.9751252],[139.0824218,35.9751251],[139.08242,35.9751247],[139.0824187,35.9751245],[139.0824173,35.9751239],[139.0824161,35.9751231],[139.0823571,35.9750552],[139.0823281,35.9750236],[139.0823219,35.9750182],[139.0823152,35.9750141],[139.0823117,35.975012],[139.0823082,35.9750111],[139.0823078,35.9750111],[139.0823018,35.9750114],[139.0822982,35.9750123],[139.0822376,35.9750266],[139.0822104,35.9750317],[139.0822056,35.9750068],[139.08221128670596,35.975],[139.08275186086956,35.975],[139.0827526,35.975001],[139.0827539,35.9750057]]]},"properties":{"layer":"landuse","class_code":"213","class_label":"工業用地（工場）"}},{"type":"Feature","id":"luse_e687a333-0ce2-45ce-ba02-890044b5d970","geometry":{"type":"Polygon","coordinates":[[[139.0825822,35.9750881],[139.0825825,35.9750884],[139.082638,35.9751477],[139.0826475,35.9751574],[139.0824929,35.9753094],[139.082354,35.9752103],[139.0823867,35.975187],[139.0824244,35.9751591],[139.0824746,35.9751222],[139.0825273,35.9750697],[139.0825625,35.9750676],[139.0825629,35.9750676],[139.0825822,35.9750881]]]},"properties":{"layer":"landuse","class_code":"213","class_label":"工業用地（工場）"}},{"type":"Feature","id":"luse_8ede0fce-50e5-4665-b044-3f1ae7ad1cc1","geometry":{"type":"Polygon","coordinates":[[[139.08295156742486,35.975],[139.0829469,35.9750168],[139.0829375,35.9750582],[139.0829336,35.9750899],[139.0829397,35.9751391],[139.0829533,35.975236],[139.0829547,35.9752661],[139.0829554,35.9752822],[139.0829521,35.9753696],[139.0829395,35.9754215],[139.0829322,35.975458],[139.082925,35.9754837],[139.0829024,35.9754725],[139.0828545,35.9754489],[139.0827908,35.9754243],[139.0827978,35.9754062],[139.0827213,35.9753865],[139.082721,35.9753864],[139.0827162,35.9753853],[139.082714,35.9753831],[139.0827121,35.9753799],[139.082735,35.9753469],[139.0827591,35.975304],[139.0827671,35.9752883],[139.082769,35.9752717],[139.0827703,35.9752442],[139.082773,35.9752095],[139.0827733,35.9751933],[139.0827726,35.975181],[139.082772,35.9751698],[139.0827705,35.9751556],[139.0827708,35.9751372],[139.082771,35.975114],[139.0827727,35.9751041],[139.0827738,35.9750892],[139.0827767,35.9750758],[139.0827836,35.9750551],[139.0827879,35.9750437],[139.0827916,35.975032],[139.0827968,35.9750158],[139.0828027359116,35.975],[139.08295156742486,35.975]]]},"properties":{"layer":"landuse","class_code":"213","class_label":"工業用地（工場）"}},{"type":"Feature","id":"luse_de08ba24-d5d5-4920-bef8-e24fbfc9cc72","geometry":{"type":"Polygon","coordinates":[[[139.0787587,35.9756461],[139.0787488,35.975658],[139.078725,35.9756868],[139.0785797,35.9756277],[139.0785469,35.9756606],[139.0784422,35.9755963],[139.0785655,35.9754602],[139.0786455,35.9754879],[139.0787811,35.975526],[139.0788327,35.9755136],[139.0788592,35.975528],[139.0788143,35.9755664],[139.078806,35.9755735],[139.0787889,35.9755972],[139.0787587,35.9756461]]]},"properties":{"layer":"landuse","class_code":"213","class_label":"工業用地（工場）"}},{"type":"Feature","id":"luse_c5807469-524b-4df0-be18-c72e739aec6d","geometry":{"type":"Polygon","coordinates":[[[139.0772008,35.9758393],[139.0769307,35.975699],[139.0769936,35.9756151],[139.0770398,35.9755544],[139.0770469,35.975549],[139.0770806,35.9755252],[139.0771837,35.9754655],[139.0771873,35.9754637],[139.0772155,35.9754466],[139.0772174,35.975446],[139.0772189,35.9754459],[139.0772193,35.9754459],[139.0772206,35.9754461],[139.0772209,35.9754462],[139.0772578,35.975461],[139.0772666,35.9754666],[139.0772758,35.975473],[139.0772847,35.9754807],[139.0772878,35.9754866],[139.0772885,35.9754906],[139.0772892,35.9754957],[139.0772885,35.9755019],[139.0772849,35.9755102],[139.0772318,35.9755563],[139.0772518,35.9755718],[139.0773027,35.975533],[139.07731,35.9755267],[139.0773164,35.9755163],[139.0773208,35.9755057],[139.0773219,35.9755003],[139.0773216,35.9754935],[139.0773186,35.9754854],[139.0773144,35.9754772],[139.0773086,35.9754675],[139.0772997,35.9754581],[139.0772925,35.975452],[139.077277,35.9754436],[139.07725,35.9754302],[139.0772496,35.9754296],[139.0772496,35.975429],[139.0772498,35.9754278],[139.0772509,35.9754269],[139.0772611,35.9754211],[139.0775016,35.9755637],[139.0775013,35.9756545],[139.0774814,35.9756992],[139.0773806,35.9758361],[139.077281,35.9757814],[139.0772008,35.9758393]]]},"properties":{"layer":"landuse","class_code":"213","class_label":"工業用地（工場）"}},{"type":"Feature","id":"luse_404fc453-cb93-4d22-a4f4-eedcaf9f752e","geometry":{"type":"Polygon","coordinates":[[[139.0767717,35.9758094],[139.0767398,35.9758484],[139.0766955,35.9759007],[139.0766665,35.9759348],[139.0766597,35.9759432],[139.0766469,35.9759592],[139.0766466,35.9759593],[139.0766453,35.9759597],[139.076645,35.9759598],[139.0766434,35.9759601],[139.0766423,35.9759601],[139.076642,35.97596],[139.0766412,35.9759598],[139.0766192,35.9759492],[139.0765535,35.9759175],[139.07648,35.9758781],[139.0763621,35.975812],[139.0762502,35.9757501],[139.0762366,35.9757344],[139.076212,35.9757201],[139.0762379,35.9757024],[139.0762709,35.9756801],[139.0762877,35.9756687],[139.0763315,35.9756391],[139.0763901,35.9755769],[139.0763988,35.9755675],[139.0764548,35.9755101],[139.0768417,35.9757211],[139.0768207,35.9757487],[139.0767717,35.9758094]]]},"properties":{"layer":"landuse","class_code":"213","class_label":"工業用地（工場）"}},{"type":"Feature","id":"luse_e8582b0e-9369-420d-a23f-3aa4d7d692a9","geometry":{"type":"Polygon","coordinates":[[[139.0787234,35.9760545],[139.0785415,35.9762267],[139.0783738,35.9761108],[139.0784015,35.9760789],[139.0784302,35.9760498],[139.0784814,35.9759926],[139.0785187,35.9759445],[139.0785375,35.9759169],[139.0785396,35.9759152],[139.0785422,35.9759142],[139.0785444,35.9759144],[139.0785452,35.9759144],[139.0785465,35.9759145],[139.0785469,35.9759145],[139.0785525,35.9759181],[139.0785812,35.9759405],[139.0786048,35.9759585],[139.0786509,35.9759937],[139.0787234,35.9760545]]]},"properties":{"layer":"landuse","class_code":"213","class_label":"工業用地（工場）"}},{"type":"Feature","id":"luse_d4919975-c15c-46db-8802-4ef04efcd8f3","geometry":{"type":"Polygon","coordinates":[[[139.0752398,35.9763855],[139.0750819,35.9765107],[139.0750713,35.9765043],[139.075,35.976442479962536],[139.075,35.9761124873385],[139.0750132,35.9761238],[139.0751453,35.9762371],[139.0752428,35.9763234],[139.0752721,35.9763491],[139.0752735,35.9763519],[139.0752743,35.9763558],[139.0752718,35.9763591],[139.0752689,35.9763618],[139.0752398,35.9763855]]]},"properties":{"layer":"landuse","class_code":"213","class_label":"工業用地（工場）"}},{"type":"Feature","id":"luse_83e3d735-1f79-4680-917f-ded65c0d97bf","geometry":{"type":"Polygon","coordinates":[[[139.0751274,35.9768226],[139.075105,35.9768095],[139.0751033,35.9768076],[139.075102,35.9768065],[139.075099,35.9768036],[139.0750937,35.9767991],[139.0750781,35.9767886],[139.075,35.9767301972794],[139.075,35.97661683400098],[139.075153,35.9764956],[139.0752177,35.9764436],[139.0752651,35.9764056],[139.0752987,35.9763814],[139.0753023,35.976379],[139.0753043,35.9763783],[139.0753049,35.9763781],[139.075372,35.9764373],[139.0754274,35.9764855],[139.0754444,35.9765004],[139.0754948,35.9765418],[139.0755571,35.9765937],[139.0753001,35.9768079],[139.0752197,35.9767459],[139.0751274,35.9768226]]]},"properties":{"layer":"landuse","class_code":"213","class_label":"工業用地（工場）"}},{"type":"Feature","id":"luse_0b663078-5549-434f-8204-5d7f8cf5c54a","geometry":{"type":"Polygon","coordinates":[[[139.077409,35.9818122],[139.0774642,35.9818527],[139.0775423,35.9819096],[139.0775588,35.9819212],[139.0776281,35.9819701],[139.0775038,35.9820651],[139.0774734,35.9820445],[139.077345,35.9819294],[139.0772695,35.9818522],[139.0773673,35.9817818],[139.077409,35.9818122]]]},"properties":{"layer":"landuse","class_code":"213","class_label":"工業用地（工場）"}},{"type":"Feature","id":"luse_6ce98488-aa1c-4a90-9ae9-856664d7d646","geometry":{"type":"Polygon","coordinates":[[[139.0778372,35.9821174],[139.0780977,35.9823017],[139.078098,35.9823019],[139.0781097,35.9823102],[139.078107,35.9823373],[139.0780166,35.9824904],[139.0776902,35.9823701],[139.0777242,35.9822735],[139.0777246,35.9822732],[139.0777248,35.9822726],[139.0777433,35.9822484],[139.0778332,35.9821212],[139.0778363,35.982117],[139.0778372,35.9821174]]]},"properties":{"layer":"landuse","class_code":"213","class_label":"工業用地（工場）"}},{"type":"Feature","id":"luse_93f3948a-87d1-42ae-9ca0-fba87d57b578","geometry":{"type":"Polygon","coordinates":[[[139.0819988,35.975069],[139.0819971,35.97509],[139.0819051,35.975141],[139.0819085,35.9751582],[139.0819316,35.9751936],[139.0818322,35.9752769],[139.0818052,35.9752853],[139.0817477,35.9752859],[139.0816965,35.9753342],[139.0816962,35.9753341],[139.0816959,35.9753338],[139.0816933,35.9753306],[139.0816905,35.9753266],[139.0816869,35.9753207],[139.0816863,35.9753198],[139.0816826,35.9753121],[139.0816815,35.9753031],[139.081682,35.9752978],[139.0816832,35.9752893],[139.0816902,35.9752756],[139.0817038,35.9752534],[139.0817431,35.9752032],[139.0817743,35.9751548],[139.0817823,35.9751424],[139.0817908,35.9751291],[139.0818249,35.9750844],[139.081827,35.9750772],[139.0818264,35.9750704],[139.0818233,35.9750627],[139.0818168,35.9750557],[139.0818034,35.9750637],[139.0818083,35.9750689],[139.08181,35.975073],[139.0818103,35.9750761],[139.0818093,35.9750792],[139.0817762,35.9751224],[139.081754,35.975157],[139.081693,35.9751063],[139.0816737,35.9750375],[139.08167295187033,35.975],[139.08183360567375,35.975],[139.0818756,35.9750339],[139.0818793,35.9750568],[139.0819234,35.9750379],[139.0819971,35.975031],[139.0822056,35.9750068],[139.0822104,35.9750317],[139.0821905,35.9750325],[139.0821392,35.9750353],[139.0821293,35.9750358],[139.0820117,35.9750492],[139.0820113,35.9750492],[139.0819988,35.9750498],[139.0819964,35.97505],[139.0819988,35.975069]]]},"properties":{"layer":"landuse","class_code":"214","class_label":"公益施設用地（官公庁施設、文教厚生施設、供給処理施設）"}},{"type":"Feature","id":"luse_d2b2a5e6-dcf1-4fef-bec6-2bf89742448c","geometry":{"type":"Polygon","coordinates":[[[139.081369,35.9824842],[139.0813704,35.9824859],[139.0813614,35.9824942],[139.0812517,35.9823852],[139.0812595,35.9823925],[139.0812606,35.982392],[139.0812984,35.982369],[139.0813799,35.9823196],[139.0814103,35.9823009],[139.0814163,35.9822914],[139.0814241,35.9822862],[139.0815205,35.9823861],[139.0815107,35.9823943],[139.0815023,35.9823999],[139.0814602,35.9824277],[139.0814167,35.9824562],[139.0813752,35.9824829],[139.0813737,35.9824814],[139.081369,35.9824842]]]},"properties":{"layer":"landuse","class_code":"214","class_label":"公益施設用地（官公庁施設、文教厚生施設、供給処理施設）"}},{"type":"Feature","id":"luse_4989b138-3b98-4716-9670-f7b90727fb8e","geometry":{"type":"Polygon","coordinates":[[[139.0767157,35.9832421],[139.07678426170278,35.983333333333334],[139.0762080527304,35.983333333333334],[139.076156,35.9832703],[139.0765713,35.9830428],[139.0767157,35.9832421]]]},"properties":{"layer":"landuse","class_code":"214","class_label":"公益施設用地（官公庁施設、文教厚生施設、供給処理施設）"}},{"type":"Feature","id":"luse_52b5f162-c1a3-4533-959a-6bc7f66f8a21","geometry":{"type":"Polygon","coordinates":[[[139.0759484,35.9782793],[139.0756367,35.9785286],[139.0755373,35.97861],[139.0755318,35.9786053],[139.0754601,35.9785448],[139.075432,35.9785205],[139.0753674,35.9784643],[139.0753563,35.9784546],[139.0756043,35.9782603],[139.0757642,35.9781368],[139.0759484,35.9782793]]]},"properties":{"layer":"landuse","class_code":"214","class_label":"公益施設用地（官公庁施設、文教厚生施設、供給処理施設）"}},{"type":"Feature","id":"luse_2640905a-6ead-466a-9c5b-5e616f479888","geometry":{"type":"Polygon","coordinates":[[[139.075,35.978230599402984],[139.0750273,35.9782532],[139.0750501,35.9782721],[139.0751282,35.9783372],[139.0752589,35.9784486],[139.0753214,35.9785002],[139.075412,35.9785796],[139.0754402,35.9786033],[139.0750784,35.978854],[139.075,35.97890028070715],[139.075,35.978230599402984]]]},"properties":{"layer":"landuse","class_code":"214","class_label":"公益施設用地（官公庁施設、文教厚生施設、供給処理施設）"}},{"type":"Feature","id":"luse_c928406c-92c6-40d4-afcc-f96855c5181d","geometry":{"type":"Polygon","coordinates":[[[139.0805288,35.9827255],[139.0805168,35.9827732],[139.0805111,35.9828128],[139.0805049,35.9828602],[139.0804862,35.9829444],[139.0804697,35.9830075],[139.0802727,35.9830409],[139.0800972,35.9826363],[139.0801105,35.9826365],[139.080554,35.9826052],[139.0805511,35.9826184],[139.080549,35.9826277],[139.0805288,35.9827255]]]},"properties":{"layer":"landuse","class_code":"214","class_label":"公益施設用地（官公庁施設、文教厚生施設、供給処理施設）"}},{"type":"Feature","id":"luse_bff1d9f2-2629-473a-896d-8cb282aeef83","geometry":{"type":"Polygon","coordinates":[[[139.0792206,35.9763371],[139.0791957,35.9763212],[139.0791379,35.9762891],[139.0790564,35.9762427],[139.0790203,35.9762216],[139.0789386,35.9761741],[139.0789369,35.9761733],[139.0789023,35.9761523],[139.0788999,35.9761509],[139.0788999,35.976149],[139.0789059,35.9761412],[139.0789129,35.976132],[139.0789524,35.9760818],[139.0789593,35.9760726],[139.0789791,35.9760444],[139.0789801,35.9760393],[139.0789793,35.9760341],[139.078977,35.9760311],[139.0791843,35.9757601],[139.0792566,35.9758055],[139.0793219,35.9758456],[139.079364,35.9758691],[139.0793507,35.9758809],[139.0794261,35.9759349],[139.0795076,35.9759946],[139.0795184,35.97603],[139.0794249,35.9761341],[139.0793386,35.9762299],[139.0792921,35.9762819],[139.079242,35.9763349],[139.0792417,35.9763349],[139.0792206,35.9763371]]]},"properties":{"layer":"landuse","class_code":"214","class_label":"公益施設用地（官公庁施設、文教厚生施設、供給処理施設）"}},{"type":"Feature","id":"luse_3cfeee67-678d-42d3-bb1c-2906346c152e","geometry":{"type":"Polygon","coordinates":[[[139.0875,35.9791463868421],[139.0874922,35.979146],[139.0874596,35.9791508],[139.0874592,35.9791509],[139.0874288,35.9791586],[139.0873696,35.9791783],[139.0872586,35.9792105],[139.0872503,35.9792147],[139.0871777,35.9792515],[139.0870216,35.979305],[139.0869334,35.9793326],[139.0869255,35.9793157],[139.0870134,35.9792883],[139.0871674,35.9792354],[139.087248,35.9791946],[139.0872489,35.9791942],[139.0873613,35.9791614],[139.0873617,35.9791613],[139.0874211,35.9791415],[139.0874541,35.9791333],[139.0874595,35.9791325],[139.0874638,35.9791319],[139.0874907,35.9791279],[139.0874911,35.9791279],[139.0875,35.97912833897486],[139.0875,35.9791463868421]]]},"properties":{"layer":"landuse","class_code":"215","class_label":"道路用地（道路、駅前広場、私有地内に存在する沿道用途の「私道」または、私有地の一部分であるものの公共の通行に供されている土地の部分）"}},{"type":"Feature","id":"luse_9f1066b9-cd9f-4acf-a856-6fdd7e6a45d8","geometry":{"type":"Polygon","coordinates":[[[139.075,35.97745128287037],[139.0750322,35.9774767],[139.075036,35.97748],[139.0751972,35.9776082],[139.0753541,35.9777328],[139.075385,35.977757],[139.0757453,35.9780397],[139.0758586,35.9781276],[139.0759303,35.9781832],[139.0760162,35.9782523],[139.0766746,35.9787822],[139.0766726,35.9787837],[139.0766669,35.9787878],[139.0766269,35.9788162],[139.0766091,35.9788294],[139.0759484,35.9782793],[139.0757642,35.9781368],[139.0756157,35.9780214],[139.0752432,35.9777079],[139.0751246,35.9776164],[139.0750044,35.9775235],[139.075,35.97752005141954],[139.075,35.97745128287037]]]},"properties":{"layer":"landuse","class_code":"216","class_label":"交通施設用地（運輸倉庫施設）"}},{"type":"Feature","id":"luse_3f9100f6-aa88-4169-b560-35a7ad74f0f7","geometry":{"type":"Polygon","coordinates":[[[139.0771888,35.9792521],[139.0773218,35.9793769],[139.0773113,35.9793926],[139.0772961,35.9794093],[139.077295,35.9794105],[139.0772878,35.9794183],[139.0772739,35.9794333],[139.0772729,35.9794343],[139.0772668,35.9794412],[139.0769677,35.9791644],[139.0766276,35.9788405],[139.076639,35.978831],[139.0766534,35.978819],[139.07669,35.9787957],[139.0771888,35.9792521]]]},"properties":{"layer":"landuse","class_code":"216","class_label":"交通施設用地（運輸倉庫施設）"}},{"type":"Feature","id":"luse_3391d727-5fd9-4ce5-85ba-b3a7076782ed","geometry":{"type":"Polygon","coordinates":[[[139.078388,35.980503],[139.0782172,35.9803371],[139.0781972,35.9803177],[139.077924,35.980045],[139.0778218,35.9799488],[139.0772855,35.9794619],[139.0772928,35.9794535],[139.0772956,35.9794501],[139.0773086,35.9794382],[139.0773297,35.9794165],[139.0773472,35.9793992],[139.0773692,35.9794193],[139.0777625,35.9797789],[139.0780029,35.980022],[139.0782742,35.9803003],[139.0784482,35.9804573],[139.0784371,35.9804665],[139.0784293,35.9804723],[139.0784151,35.9804826],[139.0784072,35.9804908],[139.0783989,35.9804995],[139.078398,35.9804986],[139.0783953,35.980496],[139.078388,35.980503]]]},"properties":{"layer":"landuse","class_code":"216","class_label":"交通施設用地（運輸倉庫施設）"}},{"type":"Feature","id":"luse_5e2bce0c-f12d-4224-ae4c-426a37111bc4","geometry":{"type":"Polygon","coordinates":[[[139.0787208,35.9807152],[139.0788276,35.9808158],[139.0790522,35.9810398],[139.0790757,35.9810671],[139.079105,35.981101],[139.0791022,35.9811027],[139.0790913,35.981109],[139.0790705,35.9811195],[139.0790735,35.9811226],[139.0790642,35.9811272],[139.0790511,35.9811344],[139.0790325,35.9811163],[139.0787797,35.9808702],[139.0786764,35.9807741],[139.0785871,35.9806853],[139.0784273,35.980542],[139.0784211,35.9805364],[139.0784168,35.9805325],[139.0784155,35.980528],[139.078429,35.9805153],[139.078472,35.9804808],[139.0787208,35.9807152]]]},"properties":{"layer":"landuse","class_code":"216","class_label":"交通施設用地（運輸倉庫施設）"}},{"type":"Feature","id":"luse_83660f5a-40a3-486e-9cf0-18c2e50e1aae","geometry":{"type":"Polygon","coordinates":[[[139.0791749,35.9811681],[139.0791696,35.9811701],[139.079166,35.9811715],[139.0791547,35.9811782],[139.0791361,35.9811892],[139.0791285,35.9811936],[139.0791183,35.9811997],[139.0790905,35.9811729],[139.0790975,35.9811706],[139.079117,35.9811689],[139.0791365,35.9811583],[139.0791477,35.9811524],[139.0791531,35.9811498],[139.0791557,35.9811486],[139.0791749,35.9811681]]]},"properties":{"layer":"landuse","class_code":"216","class_label":"交通施設用地（運輸倉庫施設）"}},{"type":"Feature","id":"luse_c95a3dad-9f56-454f-9ec6-3ef9b5f4fb94","geometry":{"type":"Polygon","coordinates":[[[139.0796968,35.9818628],[139.0796745,35.9818664],[139.0796742,35.9818664],[139.0796516,35.9818699],[139.0796512,35.98187],[139.0796215,35.9818743],[139.0796052,35.9818388],[139.0795671,35.9817546],[139.079353,35.9814636],[139.0791296,35.9812133],[139.0791339,35.9812108],[139.079148,35.9812021],[139.0791662,35.981191],[139.0791674,35.9811903],[139.0791835,35.9811829],[139.0791848,35.9811823],[139.0793967,35.9814396],[139.0796241,35.9817528],[139.0796748,35.9818297],[139.0796968,35.9818628]]]},"properties":{"layer":"landuse","class_code":"216","class_label":"交通施設用地（運輸倉庫施設）"}},{"type":"Feature","id":"luse_dde83b33-74b2-4842-9e06-f6d738764e10","geometry":{"type":"Polygon","coordinates":[[[139.0797269,35.9819132],[139.0798889,35.9821927],[139.0799216,35.9822493],[139.0800651,35.982553],[139.0800972,35.9826363],[139.0802727,35.9830409],[139.0803717132979,35.983333333333334],[139.08029704469146,35.983333333333334],[139.0801483,35.9829226],[139.0799935,35.982535],[139.0798781,35.982291],[139.0797792,35.9821216],[139.0796469,35.9819121],[139.0796744,35.9819078],[139.0796747,35.9819077],[139.0796974,35.9819033],[139.0796977,35.9819033],[139.0797279,35.9818985],[139.0797269,35.9819132]]]},"properties":{"layer":"landuse","class_code":"216","class_label":"交通施設用地（運輸倉庫施設）"}},{"type":"Feature","id":"luse_cb850232-3a33-46d0-84bc-2a5d5b2b1a0e","geometry":{"type":"Polygon","coordinates":[[[139.075,35.97509240636856],[139.0750523,35.9751401],[139.0750288,35.9751567],[139.075,35.97517697970661],[139.075,35.97509240636856]]]},"properties":{"layer":"landuse","class_code":"223","class_label":"その他④（その他①～③以外の用途に供されている都市的土地利用（建物跡地、資材置場、改変工事中の土地）、法面（道路、造成地等の主利用に含まれない法面））"}},{"type":"Feature","id":"luse_56ef7b0f-2f5c-4520-809f-bb4b88766865","geometry":{"type":"Polygon","coordinates":[[[139.0769981,35.9755249],[139.0769893,35.9755319],[139.0769423,35.9755899],[139.0768417,35.9757211],[139.0764548,35.9755101],[139.0764735,35.975491],[139.0765111,35.9754522],[139.0766373,35.9753635],[139.0766536,35.9753555],[139.0766647,35.9753548],[139.0767164,35.9753777],[139.0767409,35.9753917],[139.0768837,35.9754646],[139.0768885,35.975467],[139.0769981,35.9755249]]]},"properties":{"layer":"landuse","class_code":"223","class_label":"その他④（その他①～③以外の用途に供されている都市的土地利用（建物跡地、資材置場、改変工事中の土地）、法面（道路、造成地等の主利用に含まれない法面））"}},{"type":"Feature","id":"luse_e087a6cf-8561-4233-a88f-174eabebeeb2","geometry":{"type":"Polygon","coordinates":[[[139.0762526,35.9762378],[139.0761038,35.9763931],[139.0758876,35.9762326],[139.0758179,35.9761616],[139.0757579,35.9760515],[139.0758148,35.9759937],[139.075865,35.9760255],[139.0760166,35.9758815],[139.0761739,35.9759941],[139.0764646,35.9761779],[139.0764344,35.976214],[139.0763391,35.9761515],[139.0762526,35.9762378]]]},"properties":{"layer":"landuse","class_code":"223","class_label":"その他④（その他①～③以外の用途に供されている都市的土地利用（建物跡地、資材置場、改変工事中の土地）、法面（道路、造成地等の主利用に含まれない法面））"}},{"type":"Feature","id":"luse_1f2c4aae-03bc-4a29-8550-bfdc34fba332","geometry":{"type":"Polygon","coordinates":[[[139.0764694,35.9767101],[139.076545,35.9767692],[139.0765558,35.9767913],[139.0765634,35.9768072],[139.0765428,35.9768516],[139.0764913,35.9769043],[139.0764536,35.9769377],[139.0764191,35.9769169],[139.0762934,35.9768407],[139.0761643,35.9767624],[139.076073,35.9767071],[139.0761751,35.9765757],[139.076227,35.9765124],[139.0764694,35.9767101]]]},"properties":{"layer":"landuse","class_code":"223","class_label":"その他④（その他①～③以外の用途に供されている都市的土地利用（建物跡地、資材置場、改変工事中の土地）、法面（道路、造成地等の主利用に含まれない法面））"}},{"type":"Feature","id":"luse_968147d3-e28a-466b-aca9-30b2777c9b71","geometry":{"type":"Polygon","coordinates":[[[139.0783919,35.9775277],[139.0782868,35.9776592],[139.0782565,35.9776407],[139.0780742,35.9775527],[139.0781288,35.9774884],[139.0781852,35.9774235],[139.0783919,35.9775277]]]},"properties":{"layer":"landuse","class_code":"223","class_label":"その他④（その他①～③以外の用途に供されている都市的土地利用（建物跡地、資材置場、改変工事中の土地）、法面（道路、造成地等の主利用に含まれない法面））"}},{"type":"Feature","id":"luse_a2770db9-d1de-4d5c-be9b-c2708c8a9aad","geometry":{"type":"Polygon","coordinates":[[[139.075421,35.9800344],[139.0753423,35.9800653],[139.0752978,35.9800292],[139.0752197,35.9799658],[139.0751538,35.9799123],[139.0750606,35.9798384],[139.0751118,35.9798152],[139.0750898,35.9797883],[139.0752394,35.9797222],[139.0750837,35.9795476],[139.075084,35.9795475],[139.0751027,35.9795417],[139.075103,35.9795416],[139.0751601,35.979522],[139.0751604,35.9795219],[139.0751925,35.9795111],[139.0751958,35.9795099],[139.0752989,35.9794677],[139.0753293,35.9794571],[139.0753952,35.9794336],[139.075426,35.9794228],[139.0754519,35.9794144],[139.0754885,35.9794025],[139.0755228,35.9793896],[139.0755383,35.9793838],[139.0755865,35.9793668],[139.0756157,35.9793597],[139.0756181,35.979359],[139.0757591,35.9795416],[139.0756689,35.9795835],[139.0758376,35.9798136],[139.0758232,35.9798214],[139.0757135,35.9798806],[139.07567,35.9798784],[139.0755852,35.9797692],[139.0753484,35.9798999],[139.075421,35.9800344]]]},"properties":{"layer":"landuse","class_code":"223","class_label":"その他④（その他①～③以外の用途に供されている都市的土地利用（建物跡地、資材置場、改変工事中の土地）、法面（道路、造成地等の主利用に含まれない法面））"}},{"type":"Feature","id":"luse_f589c95c-1277-4678-a405-8a06e4889358","geometry":{"type":"Polygon","coordinates":[[[139.0778782,35.9804813],[139.0779055,35.9804932],[139.0778784,35.9805168],[139.0778887,35.9805245],[139.0779261,35.9805529],[139.0777343,35.9807324],[139.0775612,35.9805299],[139.0775791,35.9805049],[139.077697,35.9803398],[139.0778782,35.9804813]]]},"properties":{"layer":"landuse","class_code":"223","class_label":"その他④（その他①～③以外の用途に供されている都市的土地利用（建物跡地、資材置場、改変工事中の土地）、法面（道路、造成地等の主利用に含まれない法面））"}},{"type":"Feature","id":"luse_731da00e-9a8b-45c5-bef1-e164edff6897","geometry":{"type":"Polygon","coordinates":[[[139.076285,35.9809422],[139.0761355,35.9810394],[139.0761592,35.9810698],[139.0761469,35.9811046],[139.0760562,35.9811512],[139.0759906,35.9810625],[139.0759472,35.9810025],[139.0759442,35.9809984],[139.0759452,35.9809806],[139.0759522,35.9809765],[139.0759967,35.9809512],[139.0761461,35.9808631],[139.0761608,35.9808551],[139.0761792,35.980857],[139.0762006,35.9808741],[139.0762387,35.9809049],[139.0762777,35.9809363],[139.076285,35.9809422]]]},"properties":{"layer":"landuse","class_code":"223","class_label":"その他④（その他①～③以外の用途に供されている都市的土地利用（建物跡地、資材置場、改変工事中の土地）、法面（道路、造成地等の主利用に含まれない法面））"}},{"type":"Feature","id":"luse_d8870a89-c134-4d69-bae4-554434082807","geometry":{"type":"Polygon","coordinates":[[[139.0787296,35.981716],[139.0787274,35.9817221],[139.0787267,35.9817238],[139.0787117,35.9817563],[139.0787059,35.9817721],[139.0787092,35.9817732],[139.0786883,35.9818252],[139.0786638,35.981886],[139.0785464,35.981882],[139.0785215,35.9818812],[139.0785741,35.9817729],[139.0785905,35.9817477],[139.0786028,35.9817328],[139.0786126,35.981723],[139.0786477,35.9816922],[139.0786997,35.981652],[139.0787056,35.9816464],[139.078722,35.9816306],[139.0787291,35.9816219],[139.0787385,35.9816059],[139.0787458,35.9815899],[139.0787682,35.9815348],[139.0788037,35.9814493],[139.0788122,35.981429],[139.0788599,35.9812975],[139.0788603,35.9812964],[139.0788908,35.981302],[139.0788878,35.9813065],[139.0788694,35.9813478],[139.0788475,35.981401],[139.0788241,35.9814583],[139.0788095,35.981494],[139.0787983,35.9815193],[139.0787907,35.9815385],[139.0787823,35.9815611],[139.0787698,35.9815972],[139.0787526,35.9816488],[139.0787502,35.9816595],[139.0787354,35.9816575],[139.0787296,35.981716]]]},"properties":{"layer":"landuse","class_code":"223","class_label":"その他④（その他①～③以外の用途に供されている都市的土地利用（建物跡地、資材置場、改変工事中の土地）、法面（道路、造成地等の主利用に含まれない法面））"}},{"type":"Feature","id":"luse_af6b6779-1650-4903-b7bc-8f0423982aa7","geometry":{"type":"Polygon","coordinates":[[[139.0784887,35.9818915],[139.0784708,35.9819268],[139.0784712,35.9819485],[139.0784449,35.9820298],[139.0784052,35.9821512],[139.078405,35.9821509],[139.0782726,35.9819692],[139.0782266,35.9819069],[139.0782683,35.9818266],[139.0784887,35.9818915]]]},"properties":{"layer":"landuse","class_code":"223","class_label":"その他④（その他①～③以外の用途に供されている都市的土地利用（建物跡地、資材置場、改変工事中の土地）、法面（道路、造成地等の主利用に含まれない法面））"}},{"type":"Feature","id":"luse_34bd4061-060d-4175-a1ae-df7263f23b4f","geometry":{"type":"Polygon","coordinates":[[[139.080157,35.9824646],[139.0801518,35.9824652],[139.0800598,35.9824764],[139.0800185,35.9823284],[139.0801395,35.9823094],[139.080157,35.9824646]]]},"properties":{"layer":"landuse","class_code":"223","class_label":"その他④（その他①～③以外の用途に供されている都市的土地利用（建物跡地、資材置場、改変工事中の土地）、法面（道路、造成地等の主利用に含まれない法面））"}},{"type":"Feature","id":"luse_5ab7019d-3d0d-4da7-ba1f-8ebbb2c5712a","geometry":{"type":"Polygon","coordinates":[[[139.0797847,35.9827313],[139.0797858,35.982733],[139.0797874,35.9827365],[139.079808,35.9827797],[139.079821,35.9828085],[139.0798302,35.982829],[139.0798533,35.9828836],[139.0795467,35.9829574],[139.0792978,35.9830077],[139.0792366,35.9829647],[139.0792005,35.9829402],[139.0791766,35.9829241],[139.0791627,35.9829142],[139.0791474,35.9829032],[139.0792791,35.9828346],[139.0791688,35.9826224],[139.0794342,35.9825224],[139.0795454,35.9827221],[139.0797533,35.9826623],[139.0797581,35.9826728],[139.0797717,35.9827024],[139.0797739,35.9827072],[139.0797759,35.9827116],[139.0797847,35.9827313]]]},"properties":{"layer":"landuse","class_code":"223","class_label":"その他④（その他①～③以外の用途に供されている都市的土地利用（建物跡地、資材置場、改変工事中の土地）、法面（道路、造成地等の主利用に含まれない法面））"}},{"type":"Feature","id":"luse_1480b0cd-a107-4c75-b9d7-57126c484b29","geometry":{"type":"Polygon","coordinates":[[[139.0846351,35.9832106],[139.0846262,35.9832423],[139.0846235,35.9832521],[139.0846153,35.9832849],[139.0846099,35.9833062],[139.0846045,35.9833283],[139.0846036,35.9833316],[139.0846029,35.9833325],[139.0846019909091,35.983333333333334],[139.0845907722222,35.983333333333334],[139.0845842,35.9833316],[139.0845567,35.9833234],[139.0845563,35.9833233],[139.0845109,35.9833096],[139.0844935,35.9833044],[139.0844895,35.983303],[139.0844878,35.9833023],[139.0844869,35.9833013],[139.0844848,35.983299],[139.0844823,35.9832951],[139.0844772,35.9832864],[139.084477,35.983286],[139.0844722,35.9832757],[139.0844711,35.9832719],[139.0844709,35.9832702],[139.0844791,35.9832414],[139.0844962,35.9831809],[139.0846351,35.9832106]]]},"properties":{"layer":"landuse","class_code":"211","class_label":"住宅用地（住宅、共同住宅、店舗等併用住宅、店舗等併用共同住宅、作業所併用住宅）"}},{"type":"Feature","id":"luse_84c1e9f0-0859-4272-bae6-209dfba9dc94","geometry":{"type":"Polygon","coordinates":[[[139.0757664,35.977088],[139.0757084,35.977138],[139.0757043,35.9771389],[139.0756999,35.9771389],[139.0756962,35.9771379],[139.0756929,35.9771359],[139.0754362,35.9769284],[139.0754255,35.9769371],[139.075476,35.9768944],[139.0755258,35.9769223],[139.0756224,35.9769968],[139.0756392,35.9769833],[139.0757664,35.977088]]]},"properties":{"layer":"landuse","class_code":"219","class_label":"農林漁業施設用地（農林漁業用施設）"}},{"type":"Feature","id":"luse_818d493c-5d14-490c-91a0-3693714ecb7b","geometry":{"type":"Polygon","coordinates":[[[139.0870972,35.9829692],[139.0871093,35.9830057],[139.0871179,35.9830455],[139.0871355,35.9831279],[139.0871399,35.9831831],[139.0871362,35.9832312],[139.0871279,35.9832844],[139.08712056000002,35.983333333333334],[139.08679659397296,35.983333333333334],[139.086781,35.9831823],[139.0867437,35.9829649],[139.0867304,35.9828917],[139.086725,35.9828541],[139.0867611,35.9828371],[139.0867358,35.9827304],[139.0867488,35.9826465],[139.0867626,35.9825682],[139.0867989,35.9825616],[139.0868168,35.9825781],[139.0868153,35.9826511],[139.0868027,35.9827286],[139.086822,35.9828084],[139.0869121,35.9827661],[139.0869865,35.9827429],[139.0870347,35.9827343],[139.0870514,35.982793],[139.0870972,35.9829692]]]},"properties":{"layer":"landuse","class_code":"217","class_label":"公共空地（公園・緑地、広場、運動場、墓園）"}},{"type":"Feature","id":"luse_1f9fc5a1-a412-4f38-81c0-eb7846612493","geometry":{"type":"Polygon","coordinates":[[[139.0875,35.983333333333334],[139.08731714804205,35.983333333333334],[139.0873376,35.9833067],[139.087381,35.9832631],[139.0874176,35.9832338],[139.0874409,35.9832181],[139.0874774,35.9831983],[139.0874947,35.9831903],[139.0875,35.98318796547619],[139.0875,35.983333333333334]]]},"properties":{"layer":"landuse","class_code":"217","class_label":"公共空地（公園・緑地、広場、運動場、墓園）"}},{"type":"Feature","id":"luse_e5210a14-2655-459e-8f74-5b787a90779f","geometry":{"type":"Polygon","coordinates":[[[139.0795093,35.9791543],[139.0794109,35.9792842],[139.0791294,35.9791478],[139.0791618,35.9790855],[139.0795093,35.9791543]]]},"properties":{"layer":"landuse","class_code":"222","class_label":"その他③（平面駐車場）"}},{"type":"Feature","id":"luse_ef079143-8e02-4337-b032-c8b5aeb3b456","geometry":{"type":"Polygon","coordinates":[[[139.0783866,35.9813172],[139.0783814,35.9813241],[139.0783813,35.9813293],[139.0783707,35.9813492],[139.0782716,35.9813402],[139.0781972,35.9813199],[139.0780357,35.9812692],[139.0780411,35.9812641],[139.0780467,35.9812604],[139.0780356,35.9812556],[139.078033,35.9812574],[139.0780259,35.9812642],[139.0780023,35.9812463],[139.0780859,35.981141],[139.0781138,35.9811136],[139.078243,35.9809855],[139.0785094,35.9811554],[139.0785017,35.9811654],[139.0783866,35.9813172]]]},"properties":{"layer":"landuse","class_code":"222","class_label":"その他③（平面駐車場）"}},{"type":"Feature","id":"luse_dfd16601-298a-4973-975e-3b7e4d7e7db5","geometry":{"type":"Polygon","coordinates":[[[139.0771817,35.9817323],[139.0769681,35.981835],[139.0769654,35.9818317],[139.0769122,35.9817655],[139.0768952,35.9817444],[139.0768953,35.9817437],[139.0769,35.9817202],[139.0769001,35.9817198],[139.0769401,35.9816988],[139.0769783,35.9816787],[139.0769983,35.9816677],[139.0769987,35.9816675],[139.0770658,35.9816304],[139.0770665,35.9816312],[139.0770948,35.981616],[139.0771817,35.9817323]]]},"properties":{"layer":"landuse","class_code":"222","class_label":"その他③（平面駐車場）"}},{"type":"Feature","id":"luse_f97f8c2e-9a73-498f-a742-d5094867e2d9","geometry":{"type":"Polygon","coordinates":[[[139.0821218,35.9823703],[139.0818816,35.9825038],[139.0818611,35.9825152],[139.0818498,35.9825012],[139.0817709,35.9824037],[139.0820369,35.9822532],[139.0821218,35.9823703]]]},"properties":{"layer":"landuse","class_code":"222","class_label":"その他③（平面駐車場）"}},{"type":"Feature","id":"luse_e31acd46-e78c-4702-b461-04a24cc80f22","geometry":{"type":"Polygon","coordinates":[[[139.0773635,35.9803498],[139.0775612,35.9805299],[139.0777343,35.9807324],[139.0779261,35.9805529],[139.0779764,35.9805911],[139.0780377,35.980635],[139.078088,35.9806711],[139.0781586,35.9807244],[139.0779836,35.980893],[139.0777695,35.9810916],[139.0777075,35.981149],[139.0776751,35.9811778],[139.0775044,35.9809543],[139.0774875,35.9809335],[139.0774154,35.9808447],[139.0773484,35.9807611],[139.0773309,35.9807365],[139.0773149,35.9807142],[139.0772929,35.9806864],[139.0772706,35.9806583],[139.0772489,35.9806309],[139.0772428,35.9806233],[139.0771947,35.9805594],[139.0771594,35.9805142],[139.0771452,35.9804966],[139.0773635,35.9803498]]]},"properties":{"layer":"landuse","class_code":"211","class_label":"住宅用地（住宅、共同住宅、店舗等併用住宅、店舗等併用共同住宅、作業所併用住宅）"}},{"type":"Feature","id":"luse_181b478b-bb76-4f38-88de-cd3b1a336ee3","geometry":{"type":"Polygon","coordinates":[[[139.0773377,35.9803236],[139.0772144,35.9804074],[139.0770656,35.9802823],[139.0771681,35.9801938],[139.0772511,35.9801245],[139.0771666,35.9800496],[139.0771624,35.9800409],[139.0769712,35.979892],[139.0770283,35.9798183],[139.0770657,35.9797822],[139.0770785,35.9797817],[139.0771014,35.9797858],[139.0771204,35.9797932],[139.0771377,35.9798019],[139.0772193,35.9798591],[139.0772196,35.9798627],[139.0772194,35.9798637],[139.077219,35.9798654],[139.0772172,35.9798673],[139.0772148,35.9798692],[139.0771278,35.9799355],[139.0771336,35.9799409],[139.0772207,35.9798745],[139.0772244,35.9798722],[139.0772281,35.9798708],[139.0772286,35.9798707],[139.0772314,35.97987],[139.0772341,35.9798696],[139.0772726,35.9798966],[139.0773727,35.9799666],[139.0774921,35.9800564],[139.0773185,35.9801813],[139.0774277,35.9802643],[139.0774689,35.9802359],[139.0775152,35.9802015],[139.0775665,35.9801549],[139.0776265,35.9801057],[139.0776375,35.9801141],[139.0778048,35.9799635],[139.077764,35.9799303],[139.0777695,35.9799261],[139.0776823,35.9798493],[139.0775725,35.9797508],[139.0775343,35.979715],[139.0774933,35.9796784],[139.0774554,35.979653],[139.0774521,35.9796509],[139.0774209,35.9796255],[139.0773239,35.9795551],[139.07729,35.9795304],[139.077278,35.9795172],[139.0772698,35.979505],[139.0772693,35.9795042],[139.0772691,35.9795039],[139.0772609,35.9794905],[139.0772842,35.9794634],[139.0772855,35.9794619],[139.0778218,35.9799488],[139.077924,35.980045],[139.0781972,35.9803177],[139.0782172,35.9803371],[139.0780441,35.980494],[139.078009,35.9804728],[139.0779544,35.9805226],[139.0779381,35.9805102],[139.0779377,35.9805099],[139.0779233,35.9804989],[139.0779102,35.9804891],[139.0779055,35.9804932],[139.0778782,35.9804813],[139.077697,35.9803398],[139.0775791,35.9805049],[139.077368,35.9803107],[139.0773377,35.9803236]]]},"properties":{"layer":"landuse","class_code":"202","class_label":"畑（畑、樹園地、採草地、養鶏（牛・豚）場）"}},{"type":"Feature","id":"luse_f50e545f-848e-4bf4-9667-6291bb4b79ba","geometry":{"type":"Polygon","coordinates":[[[139.0770137,35.9803247],[139.0769974,35.9803032],[139.076971,35.9802681],[139.0769667,35.9802628],[139.0769643,35.9802598],[139.0769437,35.9802336],[139.0769336,35.9802208],[139.0768516,35.980117],[139.0768433,35.9801063],[139.0768328,35.9800931],[139.0768168,35.9800729],[139.0768013,35.9800524],[139.0768139,35.98004],[139.0768155,35.9800387],[139.0768171,35.9800375],[139.0768356,35.9800204],[139.0768886,35.9799712],[139.0769188,35.9799411],[139.0769235,35.9799362],[139.0769712,35.979892],[139.0771624,35.9800409],[139.0771666,35.9800496],[139.0772511,35.9801245],[139.0771681,35.9801938],[139.0770656,35.9802823],[139.0770137,35.9803247]]]},"properties":{"layer":"landuse","class_code":"211","class_label":"住宅用地（住宅、共同住宅、店舗等併用住宅、店舗等併用共同住宅、作業所併用住宅）"}},{"type":"Feature","id":"luse_3ca7c6b5-f3a7-4504-b5af-9c18b661bd0f","geometry":{"type":"Polygon","coordinates":[[[139.0770966,35.9805282],[139.0766289,35.9808762],[139.0764192,35.9806908],[139.076429,35.9806847],[139.0765037,35.980637],[139.0765722,35.9805937],[139.0766204,35.9805589],[139.0766743,35.9805172],[139.0767801,35.9804359],[139.076863,35.980372],[139.0769332,35.9803284],[139.0769376,35.9803274],[139.0769433,35.9803281],[139.0769457,35.9803312],[139.0769839,35.980382],[139.077003,35.9804069],[139.0770065,35.9804115],[139.0770125,35.9804193],[139.0770185,35.9804274],[139.0770514,35.9804702],[139.0770966,35.9805282]]]},"properties":{"layer":"landuse","class_code":"211","class_label":"住宅用地（住宅、共同住宅、店舗等併用住宅、店舗等併用共同住宅、作業所併用住宅）"}},{"type":"Feature","id":"luse_3218953b-e10e-4850-95b8-36f4dab5a19c","geometry":{"type":"Polygon","coordinates":[[[139.0772357,35.9807182],[139.0769968,35.9809629],[139.0770129,35.9809824],[139.0768431,35.9811319],[139.0766266,35.9809513],[139.0765372,35.9810208],[139.0764811,35.980976],[139.0766289,35.9808762],[139.0770966,35.9805282],[139.0771045,35.9805383],[139.0772357,35.9807182]]]},"properties":{"layer":"landuse","class_code":"212","class_label":"商業用地（業務施設、商業施設、宿泊施設、商業系複合施設）"}},{"type":"Feature","id":"luse_ac5cb457-9149-4c64-8e3c-153beb7e4804","geometry":{"type":"Polygon","coordinates":[[[139.0760418,35.9809047],[139.0759854,35.9809388],[139.0759575,35.9809548],[139.075912,35.9809808],[139.0757686,35.9808256],[139.075882,35.9807543],[139.0760418,35.9809047]]]},"properties":{"layer":"landuse","class_code":"202","class_label":"畑（畑、樹園地、採草地、養鶏（牛・豚）場）"}},{"type":"Feature","id":"luse_c00a5a0c-b7b9-461c-928f-229c774abc14","geometry":{"type":"Polygon","coordinates":[[[139.0753494,35.9804409],[139.0755558,35.9803591],[139.0756165,35.9804071],[139.0756477,35.9804323],[139.0756519,35.9804356],[139.0756415,35.980483],[139.0754255,35.9805678],[139.0753494,35.9804409]]]},"properties":{"layer":"landuse","class_code":"202","class_label":"畑（畑、樹園地、採草地、養鶏（牛・豚）場）"}},{"type":"Feature","id":"luse_acba695c-04a5-45a2-bbee-172eb7fe4b31","geometry":{"type":"Polygon","coordinates":[[[139.08235265162241,35.983333333333334],[139.0823664,35.9833259],[139.082384,35.9833164],[139.0823907,35.9833135],[139.0824201,35.9833181],[139.0824247,35.9833189],[139.082441,35.9833214],[139.0824473,35.9833287],[139.0824511,35.983333],[139.08245136388888,35.983333333333334],[139.08235265162241,35.983333333333334]]]},"properties":{"layer":"landuse","class_code":"211","class_label":"住宅用地（住宅、共同住宅、店舗等併用住宅、店舗等併用共同住宅、作業所併用住宅）"}},{"type":"Feature","id":"luse_70c66f76-027c-487c-b1b3-a03741c6ff50","geometry":{"type":"Polygon","coordinates":[[[139.0851641,35.982518],[139.085213,35.9825882],[139.0852661,35.9826533],[139.085312,35.9826927],[139.0855345,35.982588],[139.0855927,35.9826013],[139.085701,35.9827108],[139.0857805,35.9828208],[139.0858968,35.9830659],[139.0859472,35.9830716],[139.0859908,35.9830831],[139.0860335,35.9831475],[139.0860362,35.9832008],[139.0860183,35.9832693],[139.0860135,35.9833306],[139.0860103591743,35.983333333333334],[139.0850776920398,35.983333333333334],[139.0851331,35.983247],[139.0851786,35.9831527],[139.0851698,35.9830838],[139.0851046,35.9829702],[139.0850563,35.9828741],[139.085015,35.9827984],[139.0849601,35.9827467],[139.0849221,35.9827125],[139.0849297,35.9827059],[139.0849417,35.9826954],[139.084954,35.9826888],[139.084967,35.9826849],[139.0849674,35.9826848],[139.0849944,35.9826784],[139.0849948,35.9826783],[139.0850108,35.982674],[139.0850332,35.982668],[139.0850609,35.9826731],[139.085076,35.9826675],[139.0850947,35.9826606],[139.0850799,35.9826349],[139.0850846,35.9826334],[139.0850929,35.98263],[139.0850869,35.9826207],[139.0850873,35.9826142],[139.0850867,35.9826071],[139.0850856,35.9826007],[139.0850805,35.982593],[139.0850686,35.9825671],[139.0850511,35.9825431],[139.0851641,35.982518]]]},"properties":{"layer":"landuse","class_code":"214","class_label":"公益施設用地（官公庁施設、文教厚生施設、供給処理施設）"}},{"type":"Feature","id":"luse_8452d12c-6a44-46ea-af32-8cc8927487d6","geometry":{"type":"Polygon","coordinates":[[[139.0850222,35.9826623],[139.0850058,35.9826668],[139.0849916,35.9826706],[139.0849642,35.9826771],[139.0849497,35.9826815],[139.084935,35.9826891],[139.0849224,35.9827005],[139.0849091,35.982712],[139.0848961,35.9827282],[139.0848738,35.9827519],[139.084858,35.9827644],[139.0848576,35.9827645],[139.0848409,35.9827731],[139.0848221,35.9827826],[139.0848108,35.9827921],[139.0848012,35.9828028],[139.0847672,35.982857],[139.084757,35.9828837],[139.0847307,35.9829452],[139.0847056,35.9830054],[139.0846784,35.983077],[139.084656,35.9831446],[139.0846423,35.9831851],[139.0846351,35.9832106],[139.0844962,35.9831809],[139.0845224,35.9830881],[139.0845356,35.9830478],[139.0845442,35.9830209],[139.0845454,35.9830173],[139.0845524,35.982997],[139.0845584,35.9829771],[139.0845147,35.9829637],[139.0845122,35.9829739],[139.0845113,35.9829754],[139.0845101,35.9829776],[139.0845097,35.9829774],[139.0843938,35.9829055],[139.0843824,35.9829175],[139.0843716,35.9829289],[139.084366,35.9829348],[139.084412,35.9829633],[139.0843609,35.9829785],[139.0843252,35.9831056],[139.0841573,35.9830914],[139.0841795,35.9829306],[139.0843269,35.9829222],[139.0843037,35.9827012],[139.0845872,35.982678],[139.0847054,35.9826738],[139.0846161,35.9825347],[139.0846871,35.9825206],[139.0849559,35.9826128],[139.0850222,35.9826623]]]},"properties":{"layer":"landuse","class_code":"223","class_label":"その他④（その他①～③以外の用途に供されている都市的土地利用（建物跡地、資材置場、改変工事中の土地）、法面（道路、造成地等の主利用に含まれない法面））"}},{"type":"Feature","id":"luse_3ca6c147-b18f-4eb5-a37e-7bbf008834f4","geometry":{"type":"Polygon","coordinates":[[[139.08461996666668,35.983333333333334],[139.0846201,35.9833326],[139.0846217,35.9833256],[139.084638,35.9832589],[139.0846423,35.9832424],[139.0846575,35.9831882],[139.0846709,35.9831479],[139.0846935,35.9830806],[139.0847205,35.9830093],[139.0847455,35.9829494],[139.0847717,35.9828876],[139.0847819,35.9828618],[139.0848113,35.9828143],[139.0848401,35.9827991],[139.084868,35.9827782],[139.0848734,35.9827728],[139.0848764,35.9827683],[139.0848799,35.982761],[139.0848834,35.9827558],[139.084887,35.9827512],[139.0849043,35.982733],[139.0849172,35.9827169],[139.0849221,35.9827125],[139.0849601,35.9827467],[139.085015,35.9827984],[139.0850563,35.9828741],[139.0851046,35.9829702],[139.0851698,35.9830838],[139.0851786,35.9831527],[139.0851331,35.983247],[139.0850776920398,35.983333333333334],[139.08461996666668,35.983333333333334]]]},"properties":{"layer":"landuse","class_code":"217","class_label":"公共空地（公園・緑地、広場、運動場、墓園）"}},{"type":"Feature","id":"luse_1d601f3f-bda4-4237-bb7a-7c6c0c7d0e23","geometry":{"type":"Polygon","coordinates":[[[139.084412,35.9829633],[139.0844748,35.9830022],[139.0844761,35.983013],[139.0844834,35.9830259],[139.0844855,35.9830396],[139.0844857,35.9830412],[139.0844845,35.983051],[139.0844834,35.9830577],[139.0844823,35.9830611],[139.0844774,35.9830763],[139.0844764,35.9830798],[139.0844642,35.9831181],[139.084452,35.9831596],[139.0844525,35.9831703],[139.0844325,35.9832411],[139.0844271,35.9832599],[139.0844311,35.9833102],[139.0842525,35.9832449],[139.0842384,35.9832753],[139.0843366,35.9833128],[139.08439006666669,35.983333333333334],[139.084128541651,35.983333333333334],[139.0841099,35.983272],[139.0839137,35.9832972],[139.0838997,35.9832579],[139.0838966,35.9832377],[139.083892,35.9832087],[139.083891,35.9832031],[139.0838896,35.9831938],[139.0838738,35.9830928],[139.0838688,35.9830746],[139.0838533,35.9830198],[139.0838317,35.9829595],[139.08383,35.9829558],[139.083825,35.9829445],[139.0838136,35.9829187],[139.0837807,35.982852],[139.0837713,35.9828331],[139.0837645,35.9828198],[139.0837622,35.9828154],[139.0837597,35.9828106],[139.0837305,35.9827551],[139.0836979,35.9826934],[139.0836977,35.982693],[139.0836912,35.9826787],[139.0836927,35.9826758],[139.083729,35.9826557],[139.0837732,35.9826343],[139.0837986,35.9826227],[139.0838319,35.9826066],[139.0838419,35.9826018],[139.0838444,35.9826006],[139.0838858,35.9825814],[139.0839226,35.9825648],[139.0839452,35.9825535],[139.0840119,35.9825261],[139.0840263,35.9825206],[139.0840365,35.9825163],[139.084067,35.982503],[139.0840875,35.9825032],[139.0841349,35.982482],[139.0841677,35.9824672],[139.0841792,35.9824621],[139.0842326,35.9824369],[139.0842344,35.9824358],[139.0842892,35.9824008],[139.0842914,35.9823998],[139.0843012,35.9823932],[139.0843195,35.9823808],[139.0843218,35.9823795],[139.0843444,35.9823657],[139.0843506,35.9823618],[139.0843511,35.9823616],[139.0844035,35.9823276],[139.0844252,35.9823135],[139.0844441,35.9823011],[139.084459,35.9822914],[139.084461,35.9822901],[139.0844705,35.982283],[139.0844783,35.9822802],[139.0844803,35.9822775],[139.0844821,35.9822698],[139.0844936,35.9822187],[139.0844939,35.9822172],[139.0844985,35.9822125],[139.084503,35.9822082],[139.0845095,35.9822026],[139.0845347,35.9821773],[139.0845595,35.9821596],[139.0846109,35.9821188],[139.0846295,35.982105],[139.0846409,35.9820993],[139.0846601,35.9821009],[139.0846625,35.9821018],[139.0846695,35.9821077],[139.084734,35.9821704],[139.0847651,35.9822013],[139.0847995,35.9822354],[139.0848211,35.9822569],[139.0848231,35.9822595],[139.0848285,35.9822658],[139.0848388,35.9822779],[139.0849589,35.9824545],[139.0849853,35.9824869],[139.0850127,35.9825187],[139.0850192,35.9825272],[139.0850433,35.9825537],[139.0850482,35.9825598],[139.085055,35.9825696],[139.0850628,35.9825819],[139.0850746,35.982602],[139.085072,35.9826497],[139.0850716,35.9826497],[139.0850632,35.982651],[139.0850227,35.9826622],[139.0850222,35.9826623],[139.0849559,35.9826128],[139.0846871,35.9825206],[139.0846161,35.9825347],[139.0847054,35.9826738],[139.0845872,35.982678],[139.0843037,35.9827012],[139.0843269,35.9829222],[139.0841795,35.9829306],[139.0841573,35.9830914],[139.0843252,35.9831056],[139.0843609,35.9829785],[139.084412,35.9829633]]]},"properties":{"layer":"landuse","class_code":"211","class_label":"住宅用地（住宅、共同住宅、店舗等併用住宅、店舗等併用共同住宅、作業所併用住宅）"}},{"type":"Feature","id":"luse_a014e3c3-6b13-4f23-a193-30fd315bc069","geometry":{"type":"Polygon","coordinates":[[[139.0850295,35.982306],[139.0849167,35.982369],[139.0848411,35.9822611],[139.0848406,35.982258],[139.0848407,35.9822574],[139.0848397,35.9822503],[139.0848386,35.9822419],[139.0848269,35.9822285],[139.0847757,35.9821808],[139.0847726,35.982178],[139.0847718,35.9821771],[139.0847598,35.9821706],[139.0847508,35.982159],[139.0846729,35.9820882],[139.0846638,35.9820848],[139.0846583,35.98208],[139.0846386,35.9820626],[139.0846294,35.9820214],[139.0846526,35.9819776],[139.0846374,35.9819375],[139.0846349,35.9819311],[139.0846306,35.9819186],[139.0846201,35.9818911],[139.0846285,35.9818625],[139.0846397,35.9818355],[139.0846411,35.9818352],[139.0846415,35.9818351],[139.0850295,35.982306]]]},"properties":{"layer":"landuse","class_code":"211","class_label":"住宅用地（住宅、共同住宅、店舗等併用住宅、店舗等併用共同住宅、作業所併用住宅）"}},{"type":"Feature","id":"luse_f4bd7d08-16b8-4f2e-b603-996e8206496b","geometry":{"type":"Polygon","coordinates":[[[139.0836973,35.9826331],[139.0836923,35.9826354],[139.0836856,35.982633],[139.0836853,35.9826329],[139.0836691,35.9826272],[139.0836466,35.9825885],[139.0836434,35.9825834],[139.0836156,35.9825427],[139.0835808,35.9824911],[139.0835527,35.9824536],[139.0837384,35.9823754],[139.0838146,35.9824749],[139.0838702,35.9825476],[139.0836922,35.9826244],[139.0836973,35.9826331]]]},"properties":{"layer":"landuse","class_code":"212","class_label":"商業用地（業務施設、商業施設、宿泊施設、商業系複合施設）"}},{"type":"Feature","id":"luse_432ceec6-808d-486a-9f02-642b3765c9df","geometry":{"type":"Polygon","coordinates":[[[139.0840067,35.9824935],[139.0840025,35.9824952],[139.0839818,35.9825041],[139.0839404,35.9825239],[139.0839132,35.9825356],[139.0839121,35.9825245],[139.0840017,35.9824859],[139.0840067,35.9824935]]]},"properties":{"layer":"landuse","class_code":"204","class_label":"水面（河川水面、湖沼、ため池、用水路、濠、運河水面）"}},{"type":"Feature","id":"luse_54e0fe28-1a50-45e4-9c90-17c735c64f11","geometry":{"type":"Polygon","coordinates":[[[139.0840344,35.9824825],[139.0840067,35.9824935],[139.0840017,35.9824859],[139.0839237,35.9823662],[139.0838318,35.982243],[139.0840727,35.9821599],[139.0841741,35.9822962],[139.0839743,35.9823858],[139.0840278,35.9824719],[139.0840344,35.9824825]]]},"properties":{"layer":"landuse","class_code":"223","class_label":"その他④（その他①～③以外の用途に供されている都市的土地利用（建物跡地、資材置場、改変工事中の土地）、法面（道路、造成地等の主利用に含まれない法面））"}},{"type":"Feature","id":"luse_773f5b64-5b8c-4e7f-9671-cc7962db1b65","geometry":{"type":"Polygon","coordinates":[[[139.08416,35.9824254],[139.0841496,35.982431],[139.0841173,35.9824485],[139.0841158,35.9824461],[139.0841141,35.9824469],[139.0841134,35.9824472],[139.0840934,35.9824566],[139.0840626,35.9824707],[139.0840437,35.9824788],[139.0840344,35.9824825],[139.0840278,35.9824719],[139.0841487,35.982413],[139.08416,35.9824254]]]},"properties":{"layer":"landuse","class_code":"204","class_label":"水面（河川水面、湖沼、ため池、用水路、濠、運河水面）"}},{"type":"Feature","id":"luse_8556493a-003d-4c8f-96bb-3109e7c9e81a","geometry":{"type":"Polygon","coordinates":[[[139.0839237,35.9823662],[139.0839015,35.9824088],[139.0838672,35.9824404],[139.0838146,35.9824749],[139.0837384,35.9823754],[139.0835527,35.9824536],[139.083535,35.9824299],[139.0834942,35.9823742],[139.0834465,35.9823023],[139.0834276,35.982275],[139.0833792,35.9822037],[139.083376,35.9821999],[139.0833855,35.9821876],[139.0834103,35.9821752],[139.0834557,35.9821571],[139.0835564,35.9821158],[139.083562,35.9821133],[139.0835751,35.9821073],[139.0836154,35.9820893],[139.0836365,35.9820797],[139.0836446,35.9820761],[139.0836911,35.9820548],[139.0837039,35.9820489],[139.0837051,35.9820484],[139.0837142,35.9820448],[139.0837384,35.9820353],[139.0837602,35.9820262],[139.0838191,35.9820018],[139.0838206,35.9820012],[139.0838462,35.9819891],[139.083861,35.9819828],[139.0838644,35.9819816],[139.0838734,35.9819784],[139.0839174,35.9819605],[139.0839868,35.9819289],[139.0839896,35.9819276],[139.0841726,35.9818479],[139.0841783,35.9818454],[139.0841969,35.9818359],[139.0842039,35.9818332],[139.0842042,35.9818331],[139.084211,35.9818311],[139.0842743,35.9818122],[139.0843278,35.9817979],[139.0843455,35.9817982],[139.0843558,35.9817983],[139.0843804,35.981807],[139.0844181,35.9818401],[139.08443,35.9818481],[139.08445,35.981861],[139.0844581,35.9818648],[139.0844666,35.9818687],[139.0844714,35.9818708],[139.0844842,35.9818749],[139.0845633,35.9818529],[139.0846037,35.9818409],[139.0846086,35.9818402],[139.0846094,35.9818557],[139.0846091,35.981891],[139.084613,35.9819195],[139.0846135,35.9819266],[139.0845853,35.9819043],[139.0845614,35.9819134],[139.0845686,35.9819209],[139.0845733,35.9819239],[139.0845938,35.9819325],[139.0846151,35.9819428],[139.0846152,35.9819435],[139.0846267,35.9819733],[139.0846296,35.981981],[139.0846272,35.981987],[139.0846228,35.9819976],[139.0845953,35.9820514],[139.0845998,35.9820736],[139.0846022,35.9820857],[139.0845092,35.9821598],[139.084513,35.9821655],[139.0844843,35.9821913],[139.0844818,35.9821934],[139.0844761,35.9821784],[139.0843273,35.9822959],[139.0843452,35.9823081],[139.0843091,35.9823403],[139.0843016,35.9823318],[139.0841945,35.9823903],[139.0842033,35.9824038],[139.084196,35.9824075],[139.0841948,35.982408],[139.0841685,35.9824208],[139.08416,35.9824254],[139.0841487,35.982413],[139.0840278,35.9824719],[139.0839743,35.9823858],[139.0841741,35.9822962],[139.0840727,35.9821599],[139.0838318,35.982243],[139.0839237,35.9823662]]]},"properties":{"layer":"landuse","class_code":"211","class_label":"住宅用地（住宅、共同住宅、店舗等併用住宅、店舗等併用共同住宅、作業所併用住宅）"}},{"type":"Feature","id":"luse_bb6d55a0-54ab-482e-9f83-895c7c5c2eaf","geometry":{"type":"Polygon","coordinates":[[[139.0843091,35.9823403],[139.084297,35.9823491],[139.0842898,35.9823532],[139.0842631,35.9823712],[139.0842176,35.9823964],[139.0842033,35.9824038],[139.0841945,35.9823903],[139.0843016,35.9823318],[139.0843091,35.9823403]]]},"properties":{"layer":"landuse","class_code":"204","class_label":"水面（河川水面、湖沼、ため池、用水路、濠、運河水面）"}},{"type":"Feature","id":"luse_4d181337-1514-4ac5-af50-9f71c24bf7d5","geometry":{"type":"Polygon","coordinates":[[[139.0844818,35.9821934],[139.0844778,35.9821967],[139.0844768,35.9821976],[139.0844472,35.9822214],[139.0844336,35.9822324],[139.0844249,35.9822395],[139.0844224,35.9822418],[139.0844098,35.9822533],[139.0844086,35.9822544],[139.0843811,35.9822767],[139.0843729,35.9822833],[139.0843722,35.9822839],[139.0843452,35.9823081],[139.0843273,35.9822959],[139.0844761,35.9821784],[139.0844818,35.9821934]]]},"properties":{"layer":"landuse","class_code":"204","class_label":"水面（河川水面、湖沼、ため池、用水路、濠、運河水面）"}},{"type":"Feature","id":"luse_491ca7bd-1c37-41c4-94ce-f4cd4002416b","geometry":{"type":"Polygon","coordinates":[[[139.0846022,35.9820857],[139.0846041,35.9820954],[139.084513,35.9821655],[139.0845092,35.9821598],[139.0846022,35.9820857]]]},"properties":{"layer":"landuse","class_code":"204","class_label":"水面（河川水面、湖沼、ため池、用水路、濠、運河水面）"}},{"type":"Feature","id":"luse_866ad494-6c2d-4c8a-aebe-bed269c034fd","geometry":{"type":"Polygon","coordinates":[[[139.0841816,35.9814193],[139.0843466,35.9816562],[139.0842434,35.9816865],[139.0841194,35.981728],[139.0841141,35.9817183],[139.0841122,35.981715],[139.0840779,35.9816651],[139.0840682,35.9816486],[139.0840612,35.9816368],[139.0840153,35.9815592],[139.0840127,35.9815547],[139.0840077,35.9815463],[139.0840073,35.9815464],[139.0839824,35.9815543],[139.0839887,35.9815647],[139.0840092,35.981599],[139.0840765,35.9817071],[139.0840808,35.9817147],[139.0839495,35.9817594],[139.0838332,35.9815677],[139.0840353,35.9814859],[139.0841816,35.9814193]]]},"properties":{"layer":"landuse","class_code":"202","class_label":"畑（畑、樹園地、採草地、養鶏（牛・豚）場）"}},{"type":"Feature","id":"luse_32ec1adf-1425-410b-89c2-1b6db8ce30d3","geometry":{"type":"Polygon","coordinates":[[[139.0823904,35.9793983],[139.0824168,35.9793863],[139.0824575,35.9793677],[139.0824634,35.9793663],[139.0824899,35.9793725],[139.0824903,35.9793726],[139.0825054,35.9793761],[139.0825092,35.979377],[139.0825096,35.979377],[139.0825265,35.9793973],[139.0825721,35.9794581],[139.08262,35.9795195],[139.0826281,35.9795286],[139.0825211,35.9795744],[139.0823904,35.9793983]]]},"properties":{"layer":"landuse","class_code":"222","class_label":"その他③（平面駐車場）"}},{"type":"Feature","id":"luse_7be75676-fe41-4bd1-9fa2-5ed12b4cb42a","geometry":{"type":"Polygon","coordinates":[[[139.0815089,35.9784763],[139.0815218,35.9784354],[139.0815336,35.9783975],[139.0815356,35.9783901],[139.0815498,35.9783509],[139.0815632,35.978313],[139.0815797,35.9782517],[139.081592,35.9782089],[139.0815932,35.9782045],[139.0816021,35.9781737],[139.0816055,35.9781632],[139.0816084,35.9781501],[139.0817331,35.9781576],[139.0818589,35.9781991],[139.0819549,35.9782897],[139.0821953,35.9784504],[139.082163,35.9784742],[139.0820542,35.9785674],[139.0819797,35.9785732],[139.0818803,35.9784891],[139.0817854,35.9786179],[139.0815089,35.9784763]]]},"properties":{"layer":"landuse","class_code":"211","class_label":"住宅用地（住宅、共同住宅、店舗等併用住宅、店舗等併用共同住宅、作業所併用住宅）"}},{"type":"Feature","id":"luse_491c8467-7d45-4fe1-b1bf-cbcf54f54cad","geometry":{"type":"Polygon","coordinates":[[[139.0821953,35.9784504],[139.0822319,35.9784527],[139.0825392,35.9786748],[139.0822125,35.9789474],[139.0822006,35.9789401],[139.0821773,35.9789259],[139.0821731,35.97893],[139.0821645,35.9789245],[139.0821641,35.9789244],[139.0820729,35.978893],[139.0820562,35.9788853],[139.0819749,35.9788719],[139.0819033,35.9788198],[139.0818365,35.9787732],[139.0818233,35.9787638],[139.0817792,35.9787324],[139.0817429,35.9787065],[139.0816729,35.9786599],[139.0816709,35.9786584],[139.0816641,35.9786532],[139.0816409,35.9786365],[139.081585,35.9785962],[139.081581,35.9785933],[139.0814948,35.9785319],[139.0815051,35.9784969],[139.0815026,35.9784963],[139.0815089,35.9784763],[139.0817854,35.9786179],[139.0818803,35.9784891],[139.0819797,35.9785732],[139.0820542,35.9785674],[139.082163,35.9784742],[139.0821953,35.9784504]]]},"properties":{"layer":"landuse","class_code":"214","class_label":"公益施設用地（官公庁施設、文教厚生施設、供給処理施設）"}},{"type":"Feature","id":"luse_e31580e2-7883-4614-9e88-0d84955f9d20","geometry":{"type":"Polygon","coordinates":[[[139.0779492,35.9827054],[139.0777229,35.9826052],[139.0776956,35.9825931],[139.0775702,35.9825369],[139.0775464,35.982547],[139.0774847,35.9826237],[139.0774826,35.9826261],[139.0774266,35.9825646],[139.0774112,35.982574],[139.07748,35.9826404],[139.0774835,35.9826438],[139.0775588,35.9825612],[139.0775695,35.9825581],[139.077683,35.9826091],[139.0777118,35.9826218],[139.0779309,35.9827189],[139.0779312,35.982719],[139.0779632,35.9828434],[139.077968,35.9828631],[139.0779596,35.9828676],[139.0778034,35.9829528],[139.0773695,35.9831892],[139.0773556,35.9831967],[139.0772832,35.9832362],[139.077232,35.9832648],[139.0772046,35.9832802],[139.0771543,35.9833073],[139.0771496,35.9833098],[139.0771184,35.9832982],[139.0771164,35.9832959],[139.077101,35.9832786],[139.0770592,35.9832215],[139.0770409,35.9831947],[139.0770337,35.9831848],[139.0770116,35.9831545],[139.0770034,35.9831436],[139.076999,35.9831366],[139.0769706,35.9830967],[139.0769567,35.9830761],[139.0769457,35.9830599],[139.0769401,35.9830517],[139.0768907,35.9829913],[139.0768674,35.982963],[139.0768756,35.9829226],[139.0769393,35.9828817],[139.0772303,35.9826961],[139.0772021,35.9826637],[139.0768511,35.9828868],[139.0768158,35.9828827],[139.0768154,35.9828827],[139.0768108,35.9828824],[139.0768075,35.9828776],[139.0767551,35.9827965],[139.0766961,35.982769],[139.0766111,35.9826902],[139.0765966,35.9826602],[139.0770506,35.9823582],[139.0770759,35.9823691],[139.0771759,35.9824633],[139.0771883,35.9824545],[139.0770536,35.9823262],[139.0770177,35.9823202],[139.0765562,35.9826147],[139.0765092,35.9826062],[139.0764048,35.9825183],[139.0763948,35.9825095],[139.07642,35.9824904],[139.0767287,35.9822902],[139.0769288,35.9821669],[139.077025,35.9822707],[139.0771919,35.9821672],[139.0771965,35.9821718],[139.0772014,35.9821767],[139.0772005,35.9821808],[139.0771971,35.982185],[139.0771305,35.9822286],[139.0771472,35.9822454],[139.0772169,35.9821998],[139.0772267,35.9822022],[139.0772322,35.9822076],[139.077275,35.9822504],[139.0772813,35.9822569],[139.0772843,35.9822541],[139.0773709,35.9823394],[139.0773811,35.9823499],[139.0773843,35.982353],[139.0773745,35.9823593],[139.0772797,35.982418],[139.0772813,35.9824198],[139.0772818,35.9824203],[139.077294,35.9824333],[139.0772958,35.9824353],[139.0773046,35.9824297],[139.0773188,35.982421],[139.0773719,35.9823881],[139.07743,35.9823545],[139.0775916,35.9822501],[139.0776172,35.9822493],[139.0776757,35.9823039],[139.0776776,35.9823058],[139.0777242,35.9822735],[139.0776902,35.9823701],[139.0780166,35.9824904],[139.0780876,35.9825129],[139.0781059,35.9824491],[139.0781287,35.9823823],[139.0781484,35.9823619],[139.0781739,35.9823559],[139.0783987,35.982515],[139.0783972,35.9825164],[139.0784064,35.9825227],[139.0784079,35.9825215],[139.0784622,35.9825602],[139.0784757,35.9825699],[139.0784755,35.9825799],[139.0783982,35.9826231],[139.0782036,35.982732],[139.07817,35.9826657],[139.0780565,35.9826524],[139.0779492,35.9827054]]]},"properties":{"layer":"landuse","class_code":"211","class_label":"住宅用地（住宅、共同住宅、店舗等併用住宅、店舗等併用共同住宅、作業所併用住宅）"}},{"type":"Feature","id":"luse_8eff2995-46c2-4541-9b99-2aabc425885b","geometry":{"type":"Polygon","coordinates":[[[139.0779883,35.9830079],[139.0779809,35.9830881],[139.0779802,35.9830919],[139.0779609,35.9832005],[139.0779609,35.983201],[139.0779597,35.9832374],[139.0779559,35.9833095],[139.0779557,35.9833131],[139.0779553,35.9833203],[139.077951048784,35.983333333333334],[139.0776029661151,35.983333333333334],[139.0775675,35.9831304],[139.0777311,35.9830414],[139.0777688,35.9830547],[139.0777873,35.9832906],[139.0778286,35.9832875],[139.0778032,35.9830004],[139.0778961,35.9829495],[139.0779531,35.9829181],[139.0779725,35.9829076],[139.0779883,35.9830079]]]},"properties":{"layer":"landuse","class_code":"211","class_label":"住宅用地（住宅、共同住宅、店舗等併用住宅、店舗等併用共同住宅、作業所併用住宅）"}},{"type":"Feature","id":"luse_984ccf54-4a3a-4605-9d39-1a45606dc10d","geometry":{"type":"Polygon","coordinates":[[[139.0776029661151,35.983333333333334],[139.07746355070174,35.983333333333334],[139.0774151,35.9832133],[139.0775675,35.9831304],[139.0776029661151,35.983333333333334]]]},"properties":{"layer":"landuse","class_code":"223","class_label":"その他④（その他①～③以外の用途に供されている都市的土地利用（建物跡地、資材置場、改変工事中の土地）、法面（道路、造成地等の主利用に含まれない法面））"}},{"type":"Feature","id":"luse_5c15f922-ecac-4138-85e7-0b7966de9f3c","geometry":{"type":"Polygon","coordinates":[[[139.0786606,35.9827375],[139.0786261,35.9827688],[139.0786079,35.9828402],[139.078565,35.9829086],[139.0784038,35.9830106],[139.0782993,35.9830801],[139.0782405,35.9831455],[139.0782294,35.9832113],[139.0782269,35.9832856],[139.0782269971506,35.983333333333334],[139.07798464285713,35.983333333333334],[139.0779871,35.9833104],[139.0779898,35.9832634],[139.0779948,35.9832007],[139.0779965,35.9831622],[139.0780032,35.9830881],[139.0780073,35.983007],[139.0780021,35.9829429],[139.0779977,35.9829115],[139.0779954,35.9828951],[139.0780356,35.982873],[139.0780367,35.9828724],[139.0781392,35.9828151],[139.0783538,35.9826949],[139.0784958,35.9826154],[139.0784992,35.9826136],[139.0785085,35.9826195],[139.0785149,35.982613],[139.0785242,35.9826061],[139.0786253,35.9826816],[139.0786593,35.982707],[139.0786447,35.9827203],[139.0786606,35.9827375]]]},"properties":{"layer":"landuse","class_code":"211","class_label":"住宅用地（住宅、共同住宅、店舗等併用住宅、店舗等併用共同住宅、作業所併用住宅）"}},{"type":"Feature","id":"luse_c501de11-a21c-414f-99d4-ccce4e8b6f5d","geometry":{"type":"Polygon","coordinates":[[[139.075,35.98303569677419],[139.075,35.98301991319312],[139.075095,35.9829577],[139.0751662,35.9829134],[139.0751869,35.982918],[139.0751907,35.9829265],[139.0752338,35.9830241],[139.0750927,35.9831274],[139.075,35.98303569677419]]]},"properties":{"layer":"landuse","class_code":"211","class_label":"住宅用地（住宅、共同住宅、店舗等併用住宅、店舗等併用共同住宅、作業所併用住宅）"}},{"type":"Feature","id":"luse_bafa7410-2e78-47a7-936d-5681c40fbc73","geometry":{"type":"Polygon","coordinates":[[[139.07510482362125,35.983333333333334],[139.07510308003384,35.983333333333334],[139.0750853,35.9833144],[139.0750537,35.9832807],[139.0750214,35.9832463],[139.075,35.98322364117647],[139.075,35.98303569677419],[139.0750927,35.9831274],[139.0752338,35.9830241],[139.0752442,35.9830211],[139.0752632,35.9830633],[139.0752667,35.9830707],[139.0753233,35.9831697],[139.07510482362125,35.983333333333334]]]},"properties":{"layer":"landuse","class_code":"202","class_label":"畑（畑、樹園地、採草地、養鶏（牛・豚）場）"}},{"type":"Feature","id":"luse_1086f2b1-a860-448b-a6b2-e5890e8decb9","geometry":{"type":"Polygon","coordinates":[[[139.075,35.98241725539783],[139.0750258,35.9824557],[139.075,35.98247775578232],[139.075,35.98241725539783]]]},"properties":{"layer":"landuse","class_code":"212","class_label":"商業用地（業務施設、商業施設、宿泊施設、商業系複合施設）"}},{"type":"Feature","id":"luse_43b7f710-8b3b-4aaf-9471-129ea88ee4fb","geometry":{"type":"Polygon","coordinates":[[[139.0766047,35.980545],[139.0765572,35.9805791],[139.0764912,35.980621],[139.0764891,35.9806223],[139.0763734,35.9804865],[139.0765025,35.9804216],[139.0766047,35.980545]]]},"properties":{"layer":"landuse","class_code":"223","class_label":"その他④（その他①～③以外の用途に供されている都市的土地利用（建物跡地、資材置場、改変工事中の土地）、法面（道路、造成地等の主利用に含まれない法面））"}},{"type":"Feature","id":"luse_4888e3b0-2c89-4955-a39e-86b394f4aeb0","geometry":{"type":"Polygon","coordinates":[[[139.0766733,35.97989],[139.0765931,35.9797902],[139.0767756,35.9796578],[139.0768669,35.9797486],[139.0766733,35.97989]]]},"properties":{"layer":"landuse","class_code":"223","class_label":"その他④（その他①～③以外の用途に供されている都市的土地利用（建物跡地、資材置場、改変工事中の土地）、法面（道路、造成地等の主利用に含まれない法面））"}},{"type":"Feature","id":"luse_4fb7efca-d7bb-46b4-a29c-41132a40aaef","geometry":{"type":"Polygon","coordinates":[[[139.0771591,35.979577],[139.0771548,35.9795825],[139.0771053,35.9796442],[139.0770522,35.9797114],[139.0769515,35.9798357],[139.0769025,35.9798947],[139.0768864,35.9799134],[139.0768538,35.979946],[139.076815,35.9799783],[139.0767885,35.9799996],[139.0767875,35.9800003],[139.0767693,35.9800084],[139.0767689,35.9800082],[139.076761,35.9800042],[139.0767641,35.9800027],[139.0767645,35.9800026],[139.0767565,35.979991],[139.0767396,35.9799708],[139.0767071,35.9799321],[139.0766733,35.97989],[139.0768669,35.9797486],[139.0767756,35.9796578],[139.0765931,35.9797902],[139.0765728,35.9797649],[139.0764792,35.9796509],[139.076427,35.9795882],[139.0763736,35.9795166],[139.076351,35.9794861],[139.076331,35.979458],[139.0765201,35.9793356],[139.0763886,35.9791903],[139.0762156,35.9793053],[139.0761945,35.9792781],[139.0761471,35.9792176],[139.0761009,35.9791558],[139.0760914,35.9791432],[139.0760842,35.9791336],[139.0760943,35.9791246],[139.0761009,35.97912],[139.0761141,35.9791142],[139.0761243,35.9791111],[139.07614,35.9791092],[139.0761534,35.9791086],[139.0761723,35.9791058],[139.076188,35.9791034],[139.0762176,35.9790971],[139.0762418,35.9790898],[139.0762576,35.9790836],[139.0762727,35.9790755],[139.0762924,35.9790617],[139.0763029,35.9790537],[139.0763582,35.979017],[139.0763872,35.9789964],[139.0766813,35.9792993],[139.0768104,35.9792238],[139.0771591,35.979577]]]},"properties":{"layer":"landuse","class_code":"211","class_label":"住宅用地（住宅、共同住宅、店舗等併用住宅、店舗等併用共同住宅、作業所併用住宅）"}},{"type":"Feature","id":"luse_5028e760-d7fe-49ba-9fe5-ae3c6a9d4b6b","geometry":{"type":"Polygon","coordinates":[[[139.0789935,35.9793286],[139.0790656,35.9792328],[139.0791294,35.9791478],[139.0794109,35.9792842],[139.0793986,35.9793005],[139.0793606,35.9793464],[139.0793287,35.9793908],[139.0792453,35.9795066],[139.0792184,35.9795433],[139.0791777,35.9795985],[139.0791681,35.9796116],[139.0791358,35.9796551],[139.0791354,35.9796551],[139.0791169,35.9796569],[139.0790956,35.9796488],[139.0790949,35.9796485],[139.0790911,35.9796473],[139.0790786,35.9796429],[139.0790032,35.9796118],[139.0789953,35.9796084],[139.078995,35.9796083],[139.0789475,35.9795876],[139.0789191,35.9795752],[139.0788479,35.9795454],[139.0788373,35.97954],[139.0788358,35.9795383],[139.0788756,35.9794852],[139.0789179,35.9794291],[139.0791003,35.9795126],[139.0791692,35.9794085],[139.0789935,35.9793286]]]},"properties":{"layer":"landuse","class_code":"211","class_label":"住宅用地（住宅、共同住宅、店舗等併用住宅、店舗等併用共同住宅、作業所併用住宅）"}},{"type":"Feature","id":"luse_633fca45-3d50-4998-b377-2c3050c8cc68","geometry":{"type":"Polygon","coordinates":[[[139.0796675,35.9762255],[139.0797689,35.9761217],[139.0799621,35.976235],[139.0798622,35.9763295],[139.0796675,35.9762255]]]},"properties":{"layer":"landuse","class_code":"202","class_label":"畑（畑、樹園地、採草地、養鶏（牛・豚）場）"}},{"type":"Feature","id":"luse_4074eb98-25e6-4194-b430-0236a1462597","geometry":{"type":"Polygon","coordinates":[[[139.08007,35.9761741],[139.0801014,35.9761831],[139.0801228,35.9761881],[139.0801417,35.9761935],[139.080142,35.9761937],[139.0801688,35.976202],[139.0802,35.9762124],[139.0802003,35.9762125],[139.0802129,35.9762171],[139.0802133,35.9762173],[139.0802551,35.9762274],[139.0802554,35.9762275],[139.0802712,35.9762304],[139.0802716,35.9762304],[139.0802932,35.976234],[139.0803041,35.9762352],[139.0803322,35.9762385],[139.0803326,35.9762385],[139.0803558,35.9762385],[139.0803913,35.9762362],[139.0804253,35.9762293],[139.0804473,35.976224],[139.0804775,35.9762163],[139.0805539,35.976198],[139.0806768,35.9761445],[139.0807344,35.9761159],[139.0807655,35.9760996],[139.0807849,35.9760895],[139.0808161,35.9760728],[139.0808531,35.9760488],[139.0808808,35.9760282],[139.0809384,35.9759786],[139.0809674,35.9759555],[139.0810157,35.975917],[139.0810281,35.975909],[139.0810457,35.9758997],[139.0810649,35.9758916],[139.0810912,35.9758847],[139.0810957,35.9758834],[139.0811069,35.9758803],[139.0811241,35.9758792],[139.0811245,35.9758792],[139.0811304,35.9758797],[139.0811374,35.9758817],[139.0811475,35.975885],[139.0811493,35.9758856],[139.0811505,35.9758862],[139.081151,35.9758868],[139.0811515,35.9758873],[139.0811748,35.9759545],[139.081186,35.9759875],[139.081198,35.9760284],[139.0812066,35.9760575],[139.0812127,35.9760779],[139.0812194,35.9761076],[139.0812247,35.9761462],[139.0812393,35.9762059],[139.0812513,35.9762478],[139.0812583,35.9762801],[139.081262,35.9763057],[139.0812614,35.9763342],[139.0812592,35.976352],[139.0812538,35.9763736],[139.081246,35.9763896],[139.0812348,35.976408],[139.0812088,35.9764444],[139.0811864,35.9764603],[139.0811414,35.9764889],[139.0810579,35.9765437],[139.080997,35.9765872],[139.0809828,35.9765974],[139.0809428,35.9766314],[139.0809067,35.9766607],[139.0808605,35.9767186],[139.0808515,35.976729],[139.080813,35.9767628],[139.0807463,35.9767931],[139.0806954,35.9768117],[139.0806615,35.9768242],[139.0806428,35.976831],[139.0805933,35.9768489],[139.080593,35.976849],[139.0804911,35.9768889],[139.0804467,35.9769062],[139.0804444,35.976907],[139.080422,35.9769147],[139.080392,35.976927],[139.0803662,35.9769391],[139.0803483,35.976941],[139.0803371,35.9769356],[139.0802883,35.9769145],[139.080288,35.9769143],[139.0802681,35.9769059],[139.0801395,35.9768517],[139.0802496,35.9767396],[139.0803476,35.976589],[139.0804193,35.9766019],[139.0805735,35.9764285],[139.0803588,35.9763667],[139.0801129,35.9762851],[139.0800218,35.9762595],[139.0800611,35.9761899],[139.08007,35.9761741]]]},"properties":{"layer":"landuse","class_code":"211","class_label":"住宅用地（住宅、共同住宅、店舗等併用住宅、店舗等併用共同住宅、作業所併用住宅）"}},{"type":"Feature","id":"luse_a6e27ba5-f907-4d84-a003-3fc899411501","geometry":{"type":"Polygon","coordinates":[[[139.08007,35.9761741],[139.0800611,35.9761899],[139.0800218,35.9762595],[139.0801129,35.9762851],[139.0803588,35.9763667],[139.0805735,35.9764285],[139.0804193,35.9766019],[139.0803476,35.976589],[139.0802496,35.9767396],[139.0801395,35.9768517],[139.0800474,35.9768087],[139.080047,35.9768086],[139.0800104,35.9767918],[139.0800101,35.9767916],[139.0802733,35.9764864],[139.080165,35.9764337],[139.0801068,35.9764633],[139.0800615,35.9764876],[139.0798313,35.9764024],[139.0796843,35.9765567],[139.0796507,35.9765876],[139.0796482,35.9765863],[139.0796259,35.9765758],[139.0796224,35.9765738],[139.0795379,35.976525],[139.0794885,35.9764979],[139.0794107,35.9764541],[139.0793722,35.9764325],[139.0792966,35.9763896],[139.0792723,35.9763768],[139.0792685,35.976372],[139.0792657,35.9763649],[139.0792654,35.9763607],[139.0792654,35.97636],[139.0792682,35.9763546],[139.0792842,35.9763309],[139.0793548,35.9762514],[139.0794902,35.9761052],[139.0796675,35.9762255],[139.0798622,35.9763295],[139.0799621,35.976235],[139.0797689,35.9761217],[139.0797985,35.9760894],[139.0798118,35.9760937],[139.0798949,35.9761215],[139.0798952,35.9761216],[139.079989,35.9761543],[139.0799893,35.9761544],[139.0800308,35.9761648],[139.0800311,35.9761649],[139.0800697,35.976174],[139.08007,35.9761741]]]},"properties":{"layer":"landuse","class_code":"202","class_label":"畑（畑、樹園地、採草地、養鶏（牛・豚）場）"}},{"type":"Feature","id":"luse_2df82d1c-0d84-454e-80d4-006207460cb1","geometry":{"type":"Polygon","coordinates":[[[139.075912,35.9809808],[139.0759764,35.9810693],[139.0759887,35.9810863],[139.0760087,35.9811131],[139.0760661,35.9811911],[139.0760671,35.9812071],[139.0760672,35.9812085],[139.0760608,35.981225],[139.0759495,35.9812954],[139.0759075,35.9813219],[139.0758119,35.9813851],[139.0756843,35.9814602],[139.0756779,35.9814641],[139.0756077,35.981499],[139.0755891,35.9815069],[139.0754962,35.9813661],[139.0756312,35.9812858],[139.0757935,35.9812137],[139.0755912,35.9809403],[139.0754572,35.9809963],[139.0750642,35.9811728],[139.075,35.98108329732063],[139.075,35.98057941556165],[139.0753494,35.9804409],[139.0754255,35.9805678],[139.0753693,35.9805899],[139.0752027,35.9806548],[139.0752024,35.9806549],[139.0752327,35.980706],[139.0753803,35.9806484],[139.0753988,35.9806411],[139.0755838,35.9805687],[139.075704,35.9805216],[139.0757077,35.9805201],[139.0757143,35.9805178],[139.0756971,35.9804818],[139.0757003,35.9804784],[139.0757024,35.9804762],[139.0757294,35.9804977],[139.0757311,35.980499],[139.0757726,35.9805324],[139.0757727,35.9805935],[139.0750118,35.9808937],[139.075,35.98087264254143],[139.075,35.980940360668725],[139.0754959,35.9807434],[139.0755113,35.9807697],[139.0756201,35.9807275],[139.075773,35.9806679],[139.075791,35.98066],[139.0758594,35.9806286],[139.0758688,35.9806251],[139.0758852,35.9806221],[139.0758862,35.9806229],[139.0758896,35.9806258],[139.0760211,35.9807292],[139.0761487,35.9808323],[139.076142,35.9808425],[139.0761314,35.9808505],[139.0760418,35.9809047],[139.075882,35.9807543],[139.0757686,35.9808256],[139.075912,35.9809808]]]},"properties":{"layer":"landuse","class_code":"211","class_label":"住宅用地（住宅、共同住宅、店舗等併用住宅、店舗等併用共同住宅、作業所併用住宅）"}},{"type":"Feature","id":"luse_76cfb24f-5b5f-4ac0-a9ce-7f8de4038a64","geometry":{"type":"Polygon","coordinates":[[[139.075,35.979917467353395],[139.0750551,35.9799627],[139.0750617,35.9799682],[139.0751105,35.9800068],[139.0751168,35.9800118],[139.0751374,35.9800281],[139.0751657,35.9800506],[139.0751647,35.9800514],[139.0751711,35.9800566],[139.0751722,35.9800557],[139.07521,35.9800856],[139.0755558,35.9803591],[139.0753494,35.9804409],[139.075,35.98057941556165],[139.075,35.979917467353395]]]},"properties":{"layer":"landuse","class_code":"212","class_label":"商業用地（業務施設、商業施設、宿泊施設、商業系複合施設）"}},{"type":"Feature","id":"luse_59d60376-df0f-4660-8013-d0f58e069c21","geometry":{"type":"Polygon","coordinates":[[[139.0758535,35.9768563],[139.0758786,35.9768782],[139.0758844,35.9768834],[139.0759174,35.9769122],[139.075943,35.9769355],[139.0759392,35.9769425],[139.0759287,35.9769525],[139.0759198,35.9769625],[139.0759103,35.9769762],[139.0759053,35.9769876],[139.0759026,35.9769925],[139.0758561,35.9769964],[139.0758103,35.976982],[139.0758535,35.9768563]]]},"properties":{"layer":"landuse","class_code":"214","class_label":"公益施設用地（官公庁施設、文教厚生施設、供給処理施設）"}},{"type":"Feature","id":"luse_4ff0ac5f-3775-4f76-8d26-ceb7af6b9c24","geometry":{"type":"Polygon","coordinates":[[[139.0839095,35.9768718],[139.083857,35.9768249],[139.0839107,35.976793],[139.0839467,35.9768371],[139.0839095,35.9768718]]]},"properties":{"layer":"landuse","class_code":"214","class_label":"公益施設用地（官公庁施設、文教厚生施設、供給処理施設）"}},{"type":"Feature","id":"luse_ca7bdfb3-2359-4e9e-bd23-fc9443f5d197","geometry":{"type":"MultiPolygon","coordinates":[[[[139.0820038,35.9761951],[139.0819929,35.976204],[139.0819716,35.9762198],[139.081956,35.9762299],[139.0819411,35.9762358],[139.0819247,35.9762423],[139.0818739,35.9762586],[139.0818719,35.9762591],[139.0817609,35.976286],[139.0817536,35.9762893],[139.081755,35.9762909],[139.0817212,35.9763045],[139.0817204,35.9763047],[139.0817113,35.9763084],[139.081654,35.9763323],[139.0816536,35.9763324],[139.0816184,35.9763456],[139.0815618,35.976366],[139.0814812,35.9763886],[139.0814549,35.9763963],[139.0813779,35.976419],[139.0813262,35.9764347],[139.0813004,35.9764421],[139.0813001,35.9764422],[139.0812861,35.9764461],[139.0812802,35.9764471],[139.0812729,35.9764467],[139.0812674,35.9764452],[139.0812655,35.9764433],[139.0812633,35.976441],[139.0812626,35.9764374],[139.0812622,35.9764289],[139.0812665,35.9764176],[139.081273,35.9764023],[139.0812826,35.9763804],[139.0812893,35.9763565],[139.0812922,35.9763364],[139.0812919,35.9763116],[139.0812897,35.9762911],[139.0812857,35.9762696],[139.0812793,35.9762427],[139.0812581,35.9761654],[139.0812307,35.9760577],[139.0812218,35.9760234],[139.081221,35.97602],[139.0812209,35.9760192],[139.0812209,35.976018],[139.0812211,35.9760171],[139.0812214,35.9760163],[139.0812223,35.9760154],[139.0812252,35.9760136],[139.0812261,35.9760131],[139.081264,35.9759934],[139.0813339,35.9759668],[139.0813386,35.9759642],[139.0813408,35.9759629],[139.0813504,35.9759575],[139.0813526,35.9759562],[139.0813531,35.975956],[139.0813545,35.9759552],[139.0813572,35.9759537],[139.0813904,35.9759357],[139.081395,35.9759332],[139.0814048,35.9759346],[139.0814239,35.9759372],[139.0814243,35.9759373],[139.0815205,35.9760194],[139.0815526,35.9760463],[139.08156,35.9760519],[139.0815687,35.9760552],[139.0816431,35.9760787],[139.0816434,35.9760787],[139.0816601,35.9760435],[139.0815956,35.9760189],[139.0815804,35.9760133],[139.081554,35.9759929],[139.0814648,35.9759171],[139.0814601,35.9758979],[139.0814638,35.975896],[139.0814911,35.9758813],[139.0815042,35.9758727],[139.0815026,35.9758687],[139.0815015,35.9758666],[139.0815001,35.9758637],[139.0815011,35.9758604],[139.0815048,35.9758572],[139.0815221,35.9758444],[139.0815418,35.9758566],[139.0815935,35.9758886],[139.0817187,35.9759438],[139.0820233,35.9756589],[139.0820385,35.9756761],[139.0820531,35.9756955],[139.0820679,35.9757138],[139.0820869,35.9757389],[139.0820927,35.9757453],[139.0821,35.9757513],[139.0821065,35.975757],[139.0821173,35.9757663],[139.082126,35.9757717],[139.0821264,35.9757718],[139.0821375,35.9757761],[139.082155,35.9757823],[139.0822354,35.975812],[139.0822357,35.9758121],[139.082261,35.9758211],[139.0823002,35.9758351],[139.0823065,35.9758376],[139.0823075,35.9758388],[139.082309,35.9758411],[139.0823079,35.9758436],[139.0822997,35.9758539],[139.0821577,35.9760164],[139.0821155,35.9760632],[139.0820951,35.9760887],[139.0820636,35.9761253],[139.0820619,35.9761273],[139.0820353,35.9761565],[139.0820038,35.9761951]]],[[[139.0821346,35.9758582],[139.0821376,35.9757927],[139.0820502,35.9757879],[139.0820401,35.9758498],[139.0821346,35.9758582]]]]},"properties":{"layer":"landuse","class_code":"211","class_label":"住宅用地（住宅、共同住宅、店舗等併用住宅、店舗等併用共同住宅、作業所併用住宅）"}},{"type":"Feature","id":"luse_6514b05d-9122-4ed0-8916-b6eb5cf491f9","geometry":{"type":"Polygon","coordinates":[[[139.0875,35.982874338750015],[139.0873496,35.9826092],[139.0872996,35.982628],[139.0875,35.98298220445486],[139.0875,35.98312307195122],[139.0874703,35.9831343],[139.0874396,35.9831482],[139.0873977,35.9831711],[139.0873692,35.9831903],[139.0873276,35.9832237],[139.0872787,35.9832727],[139.087248,35.9833128],[139.0872351845321,35.983333333333334],[139.08715423039214,35.983333333333334],[139.0871611,35.9832876],[139.0871693,35.9832336],[139.0871733,35.983183],[139.0871686,35.9831247],[139.0871506,35.9830409],[139.087128,35.9829357],[139.0871029,35.9828248],[139.0870963,35.9827666],[139.0870829,35.9826878],[139.0870657,35.9825648],[139.0870549,35.9825149],[139.0870481,35.9824964],[139.0870362,35.9824636],[139.0870098,35.9823951],[139.0869496,35.982192],[139.0869451,35.9821722],[139.0869156,35.9820426],[139.0869071,35.9820124],[139.0868773,35.9819067],[139.0868583,35.9818165],[139.086845,35.981753],[139.0868375,35.9817174],[139.0868217,35.9816095],[139.0868156,35.9815254],[139.0868102,35.9813988],[139.086804,35.9813286],[139.0867837,35.981142],[139.0867636,35.9809608],[139.0867392,35.9808217],[139.0867172,35.9806054],[139.0867011,35.9803955],[139.0866985,35.9802901],[139.0866962,35.9802269],[139.0866903,35.9801753],[139.0866823,35.9801211],[139.0866731,35.9800925],[139.0866665,35.9800783],[139.0866657,35.9800765],[139.0866333,35.980033],[139.0865725,35.9799563],[139.0864962,35.9798814],[139.0864577,35.979844],[139.0864958,35.9798369],[139.0866147,35.9798149],[139.0866892,35.9797941],[139.0867062,35.9797846],[139.0867261,35.9797685],[139.0867374,35.9797491],[139.0867417,35.9797382],[139.0867441,35.979732],[139.086759,35.9797107],[139.0867683,35.9797023],[139.0867976,35.9796877],[139.0868948,35.9796567],[139.0868951,35.9796566],[139.086918,35.9796488],[139.0869711,35.9796307],[139.0869918,35.9796179],[139.0870122,35.9795938],[139.087025,35.9795653],[139.0870246,35.9795653],[139.087004,35.9795592],[139.0867236,35.9791553],[139.0865969,35.979223],[139.0863621,35.9789145],[139.0864873,35.9788218],[139.0865616,35.9788639],[139.086629,35.9789025],[139.0867587,35.9789558],[139.0868467,35.9789859],[139.0869938,35.9790337],[139.0870702,35.9790621],[139.0871888,35.9790948],[139.0872389,35.9791049],[139.0873487,35.9791224],[139.0874638,35.9791319],[139.0874595,35.9791325],[139.0874541,35.9791333],[139.0874211,35.9791415],[139.0873617,35.9791613],[139.0873613,35.9791614],[139.0872489,35.9791942],[139.087248,35.9791946],[139.0871674,35.9792354],[139.0870134,35.9792883],[139.0869255,35.9793157],[139.0869334,35.9793326],[139.0870216,35.979305],[139.0871777,35.9792515],[139.0872503,35.9792147],[139.0872586,35.9792105],[139.0873696,35.9791783],[139.0874288,35.9791586],[139.0874592,35.9791509],[139.0874596,35.9791508],[139.0874922,35.979146],[139.0875,35.9791463868421],[139.0875,35.982874338750015]]]},"properties":{"layer":"landuse","class_code":"217","class_label":"公共空地（公園・緑地、広場、運動場、墓園）"}},{"type":"Feature","id":"luse_e66dfe50-a479-440d-9e67-ad4da7764411","geometry":{"type":"MultiPolygon","coordinates":[[[[139.0860103591743,35.983333333333334],[139.0860135,35.9833306],[139.0860183,35.9832693],[139.0860362,35.9832008],[139.0860335,35.9831475],[139.0859908,35.9830831],[139.0859472,35.9830716],[139.0858968,35.9830659],[139.0857805,35.9828208],[139.085701,35.9827108],[139.0855927,35.9826013],[139.0855345,35.982588],[139.085312,35.9826927],[139.0852661,35.9826533],[139.085213,35.9825882],[139.0851641,35.982518],[139.0850295,35.982306],[139.0846415,35.9818351],[139.0846864,35.9818231],[139.0846867,35.981823],[139.0847192,35.981809],[139.0847221,35.9818078],[139.0847309,35.9818041],[139.0847339,35.9818027],[139.0847727,35.9817866],[139.0848266,35.981773],[139.0848614,35.981753],[139.0848513,35.9817412],[139.084851,35.9817414],[139.0848187,35.9817599],[139.0847663,35.981773],[139.0847152,35.9817944],[139.0847149,35.9817945],[139.0847076,35.9817976],[139.0846789,35.9817695],[139.0846114,35.9817472],[139.0844872,35.9817732],[139.0844596,35.9817423],[139.0844235,35.9817064],[139.0843466,35.9816562],[139.0841816,35.9814193],[139.0840735,35.9812966],[139.084039,35.9812028],[139.0839627,35.981143],[139.0839515,35.9811272],[139.0839592,35.981124],[139.0839699,35.9811197],[139.0839702,35.9811196],[139.0840205,35.9810987],[139.0840407,35.9810903],[139.0840782,35.9811312],[139.08411,35.9811656],[139.0841568,35.9812152],[139.0841571,35.9812156],[139.0841569,35.9811978],[139.0840528,35.9810848],[139.0840591,35.9810818],[139.0840594,35.9810816],[139.0840802,35.9810691],[139.0840852,35.9810643],[139.0840934,35.981052],[139.084077,35.9810456],[139.084071,35.981056],[139.0840658,35.9810603],[139.0840562,35.9810657],[139.0840338,35.9810765],[139.0840043,35.9810897],[139.0839594,35.9811092],[139.0839553,35.9811106],[139.0839434,35.981116],[139.0839262,35.981092],[139.0838756,35.9810214],[139.0837973,35.9809649],[139.0837529,35.9809546],[139.0836876,35.9809547],[139.0835613,35.9809771],[139.0834453,35.9810044],[139.0834254,35.9809738],[139.0835204,35.9808599],[139.0836014,35.9807307],[139.0836696,35.9807101],[139.0836892,35.9806244],[139.0837051,35.9805702],[139.0837265,35.9805596],[139.0837054,35.980537],[139.0836881,35.9805191],[139.0836341,35.9804602],[139.0835594,35.980375],[139.0835208,35.9803324],[139.0834928,35.980298],[139.0834776,35.9802774],[139.0834467,35.9802371],[139.0834346,35.9802232],[139.0834148,35.9802002],[139.0834041,35.9801891],[139.0833491,35.9801334],[139.0833493,35.9801314],[139.0833632,35.9801127],[139.0833748,35.9800964],[139.0833853,35.9800825],[139.0833881,35.9800835],[139.0833884,35.9800837],[139.0834005,35.9800895],[139.08341,35.9800946],[139.0834279,35.9801047],[139.0834664,35.9801295],[139.0834807,35.9801383],[139.0834884,35.9801418],[139.0834916,35.9801424],[139.0835511,35.9801274],[139.083548,35.9801193],[139.0834967,35.9801322],[139.0834904,35.9801291],[139.0834759,35.9801205],[139.0834746,35.9801191],[139.083514,35.9800808],[139.0835479,35.9800487],[139.0835718,35.9800607],[139.0835773,35.9800534],[139.0835549,35.9800414],[139.083553,35.9800409],[139.0835516,35.980041],[139.0835501,35.980041],[139.0835498,35.980041],[139.0835478,35.9800414],[139.0835454,35.9800421],[139.0835422,35.9800445],[139.0835037,35.9800807],[139.0834697,35.9801138],[139.0834683,35.980114],[139.0834661,35.9801142],[139.0834366,35.9800952],[139.0834181,35.9800848],[139.0834096,35.9800801],[139.0834083,35.9800795],[139.0833952,35.9800731],[139.0833934,35.9800724],[139.0834115,35.9800502],[139.0834637,35.9799857],[139.0834719,35.9799768],[139.0834779,35.9799668],[139.0834619,35.9799594],[139.0833923,35.9798842],[139.0833363,35.9798495],[139.0832706,35.9798511],[139.0832142,35.9798545],[139.0832089,35.979869],[139.08321,35.9798889],[139.0832112,35.979907],[139.0832123,35.9799188],[139.0832128,35.9799284],[139.0832117,35.9799343],[139.0832096,35.979936],[139.0832068,35.9799371],[139.0832052,35.9799369],[139.08318,35.9799229],[139.0831618,35.9799109],[139.0831445,35.9798979],[139.0831304,35.9798872],[139.0831161,35.9798764],[139.0830993,35.9798636],[139.0830963,35.9798664],[139.0830781,35.9798821],[139.0830833,35.9798845],[139.0830893,35.9798882],[139.0830899,35.9798887],[139.0830918,35.9798904],[139.0830931,35.9798916],[139.0830947,35.9798956],[139.083095,35.9798991],[139.0830923,35.9799037],[139.0830872,35.979908],[139.0830647,35.9799185],[139.0830441,35.9799268],[139.0830416,35.9799277],[139.0830403,35.9799282],[139.082971,35.979953],[139.0829672,35.9799515],[139.0829649,35.9799551],[139.0829628,35.9799583],[139.0829606,35.9799668],[139.0829593,35.9800178],[139.0829556,35.9800511],[139.0829564,35.9800636],[139.0829573,35.9800695],[139.0829602,35.9800773],[139.0829617,35.9800815],[139.0829621,35.9800871],[139.0829592,35.980095],[139.0829536,35.9801029],[139.0829444,35.9801106],[139.0829367,35.9801142],[139.0829296,35.9801153],[139.0829258,35.9801148],[139.0829153,35.9801049],[139.0828871,35.980078],[139.0828861,35.9800769],[139.0828717,35.9800609],[139.0828755,35.9799287],[139.0828554,35.9798275],[139.0827731,35.9797241],[139.0827752,35.9796901],[139.0827313,35.9796279],[139.0827067,35.9795954],[139.0827005,35.9795879],[139.0826952,35.9795815],[139.0826801,35.9795631],[139.0826389,35.9795098],[139.0825911,35.9794486],[139.0825818,35.9794363],[139.0825451,35.9793875],[139.0825235,35.9793615],[139.0824469,35.9792394],[139.0824332,35.9792235],[139.0823967,35.9791811],[139.082314,35.9790762],[139.0822655,35.9790191],[139.0822362,35.9789782],[139.0822339,35.9789757],[139.0822285,35.9789697],[139.0822224,35.9789602],[139.0822265,35.9789559],[139.0822125,35.9789474],[139.0825392,35.9786748],[139.0822319,35.9784527],[139.0821953,35.9784504],[139.0819549,35.9782897],[139.0818589,35.9781991],[139.0817331,35.9781576],[139.0816084,35.9781501],[139.0816111,35.9781372],[139.0816125,35.9781189],[139.0816129,35.9781054],[139.0816131,35.9780997],[139.0816117,35.9780885],[139.0816112,35.9780832],[139.0816106,35.978076],[139.0816084,35.9780649],[139.0815976,35.9780243],[139.0815765,35.9779459],[139.081556,35.977867],[139.081546,35.9778297],[139.0815342,35.9777864],[139.0815091,35.9776958],[139.0815066,35.9776878],[139.0814971,35.9776568],[139.0814927,35.9776404],[139.0814787,35.9775788],[139.0814727,35.9775529],[139.0814726,35.9775524],[139.0814703,35.9775408],[139.0814694,35.9775339],[139.0814697,35.9775258],[139.081471,35.9775164],[139.0814758,35.9775018],[139.0814866,35.9774812],[139.0814872,35.9774802],[139.0815017,35.9774501],[139.0815206,35.9774145],[139.0815601,35.9773487],[139.0815655,35.9773409],[139.0815707,35.9773336],[139.0815811,35.9773188],[139.0815862,35.9773116],[139.0815869,35.9773106],[139.081594,35.9773001],[139.0816093,35.9772781],[139.0816265,35.9772541],[139.0816382,35.9772363],[139.0816582,35.9772084],[139.0816696,35.9771936],[139.081676,35.9771834],[139.0816807,35.9771751],[139.0816832,35.9771688],[139.0816858,35.9771616],[139.0816859,35.9771518],[139.0816856,35.9771441],[139.0817486,35.9771414],[139.0817822,35.977119],[139.0817989,35.9770779],[139.0818238,35.977011],[139.0818445,35.976951],[139.0818625,35.9769344],[139.0818634,35.9769346],[139.0818713,35.9769348],[139.0818795,35.976935],[139.0818799,35.976935],[139.0818815,35.9769352],[139.0818976,35.9769376],[139.0819144,35.9769408],[139.0819148,35.9769408],[139.0819196,35.9769333],[139.0819193,35.9769333],[139.0818934,35.9769271],[139.081893,35.976927],[139.0818736,35.9769241],[139.081878,35.9769201],[139.0820651,35.9768462],[139.0821113,35.9768153],[139.0821467,35.9767604],[139.0821696,35.9767038],[139.0822074,35.976678],[139.0822809,35.9766368],[139.0824175,35.9765801],[139.0824448,35.9765441],[139.0824508,35.9765114],[139.0824463,35.9764589],[139.0824516,35.9764564],[139.08247,35.9764454],[139.0824703,35.9764452],[139.0824833,35.9764359],[139.0825039,35.9764191],[139.0825218,35.9764008],[139.082556,35.9763644],[139.0825939,35.9763209],[139.0826319,35.9762763],[139.0826706,35.9762284],[139.0826981,35.976189],[139.08271,35.9761707],[139.0827427,35.9761223],[139.0827579,35.9761009],[139.082784,35.9760674],[139.0828074,35.9760425],[139.0831016,35.9757193],[139.0831604,35.9756537],[139.0832174,35.9756014],[139.0834271,35.9757719],[139.0834462,35.9757733],[139.0835728,35.9756423],[139.0835687,35.9756264],[139.083442,35.9755249],[139.0834426,35.975503],[139.083459,35.9754805],[139.0835781,35.9754041],[139.0835812,35.9753922],[139.0835704,35.9753575],[139.0836787,35.9752914],[139.0837541,35.9752475],[139.0838493,35.9752014],[139.0839635,35.9751504],[139.0840075,35.9751314],[139.0840591,35.9751091],[139.0840969,35.9750845],[139.0841101,35.9750665],[139.0841166,35.9750486],[139.08412,35.9750284],[139.08412037003257,35.975],[139.08221128670596,35.975],[139.0822056,35.9750068],[139.0819971,35.975031],[139.0819234,35.9750379],[139.0818793,35.9750568],[139.0818756,35.9750339],[139.08183360567375,35.975],[139.08167295187033,35.975],[139.0816737,35.9750375],[139.081693,35.9751063],[139.081754,35.975157],[139.0817286,35.9751964],[139.0816893,35.9752468],[139.081675,35.97527],[139.0816669,35.9752858],[139.0816652,35.9752966],[139.0816649,35.9753033],[139.0816661,35.9753153],[139.0816711,35.9753252],[139.0816756,35.9753329],[139.0816792,35.9753377],[139.0816835,35.9753428],[139.0817144,35.9753674],[139.0817734,35.9754151],[139.0816628,35.9754783],[139.0815837,35.9755504],[139.0815485,35.9755164],[139.0815337,35.9755029],[139.0813798,35.9753735],[139.0814085,35.9753184],[139.0813902,35.9752667],[139.081198,35.9752426],[139.0811333,35.9753853],[139.0810731,35.9755433],[139.081107,35.9756527],[139.0810887,35.9756793],[139.0810126,35.975783],[139.0809158,35.9758415],[139.080866,35.9759003],[139.0809256,35.9759573],[139.0809169,35.9759642],[139.0808612,35.9760121],[139.0808349,35.9760317],[139.0807992,35.976055],[139.0807694,35.9760727],[139.0807394,35.9760872],[139.0807201,35.9760966],[139.0806623,35.9761253],[139.0806081,35.9761517],[139.0805951,35.9761582],[139.0805725,35.9761679],[139.080544,35.9761768],[139.0804692,35.9761949],[139.0804392,35.9762025],[139.0804181,35.9762075],[139.0804178,35.9762076],[139.0803865,35.976214],[139.0803719,35.9762153],[139.0803619,35.9762161],[139.0803539,35.9762168],[139.0803429,35.9762178],[139.0803334,35.9762186],[139.0803331,35.9762187],[139.0803078,35.9762179],[139.0803075,35.9762179],[139.0802963,35.976217],[139.0802758,35.9762137],[139.0802755,35.9762136],[139.0802608,35.976211],[139.0802604,35.9762109],[139.0802205,35.9762011],[139.0802085,35.9761967],[139.0801767,35.9761861],[139.0801493,35.9761776],[139.080149,35.9761775],[139.0801292,35.9761718],[139.0801088,35.9761662],[139.0800941,35.9761624],[139.0800938,35.9761624],[139.0800771,35.9761579],[139.0800767,35.9761578],[139.0800354,35.9761509],[139.0799947,35.9761407],[139.0799026,35.9761084],[139.0798186,35.9760804],[139.0797949,35.9760727],[139.07978,35.9760675],[139.0797683,35.9760627],[139.0796953,35.97603],[139.0796578,35.9760139],[139.0796109,35.9760007],[139.0795611,35.9759816],[139.0795283,35.9759738],[139.0794455,35.9759192],[139.0793684,35.9758652],[139.0793878,35.9758504],[139.0794218,35.9758049],[139.0794248,35.9758008],[139.0794537,35.9757664],[139.0794447,35.9757592],[139.0794278,35.9757339],[139.0794318,35.9757292],[139.0794489,35.9757126],[139.0794636,35.9756969],[139.079458,35.9756875],[139.0794467,35.975679],[139.0793842,35.9756417],[139.0793759,35.9756375],[139.0793667,35.9756405],[139.0793574,35.9756477],[139.0793289,35.9756877],[139.079217,35.9756169],[139.0791798,35.9755964],[139.0790629,35.975532],[139.0790679,35.9755239],[139.0790427,35.975514],[139.0790129,35.9755024],[139.0790126,35.9755023],[139.0789612,35.9754821],[139.0789555,35.9754787],[139.0789489,35.9754726],[139.07894,35.9754602],[139.0789326,35.9754431],[139.078927,35.9754327],[139.0789224,35.9754199],[139.078921,35.9754147],[139.078921,35.9754112],[139.0789227,35.9754061],[139.0789237,35.9754033],[139.078925,35.9754017],[139.0789268,35.9754001],[139.078929,35.9753995],[139.0789293,35.9753994],[139.0789314,35.975399],[139.0789385,35.9753989],[139.0789483,35.9753999],[139.0789486,35.9753999],[139.0789655,35.9754022],[139.0790208,35.975419],[139.0790212,35.975419],[139.0790249,35.9754105],[139.0789684,35.9753935],[139.07895,35.975391],[139.0789394,35.9753899],[139.078939,35.9753899],[139.0789317,35.97539],[139.0789284,35.9753901],[139.0789228,35.9753923],[139.0789193,35.9753939],[139.0789167,35.9753954],[139.0789139,35.9753982],[139.0789119,35.9754044],[139.0789097,35.9754105],[139.0789104,35.9754154],[139.0789115,35.9754217],[139.0789167,35.9754358],[139.078922,35.975446],[139.0789262,35.975459],[139.0789199,35.9754704],[139.0789116,35.9754808],[139.0788935,35.9754987],[139.0788592,35.975528],[139.0788327,35.9755136],[139.0787811,35.975526],[139.0786455,35.9754879],[139.0785655,35.9754602],[139.0783664,35.9754208],[139.0782839,35.975366],[139.0782396,35.9753311],[139.0782246,35.9753192],[139.0781992,35.9752993],[139.0781396,35.9752119],[139.0781097,35.975152],[139.0780779,35.9750988],[139.0779824,35.9750081],[139.0779771163077,35.975],[139.08707583781802,35.975],[139.0871081,35.975167],[139.0871289,35.9752554],[139.0871331,35.9753149],[139.087145,35.9754241],[139.0871697,35.9756667],[139.0871717,35.9757081],[139.0871549,35.9758027],[139.0871615,35.9758325],[139.0871856,35.9758966],[139.0872264,35.9759589],[139.087317,35.9760583],[139.0874064,35.9762001],[139.087435,35.9762605],[139.0874405,35.976292],[139.0874312,35.9764002],[139.0874108,35.9765382],[139.0874185,35.9765626],[139.087445,35.9765951],[139.0874791,35.976661],[139.0875,35.97670097794874],[139.0875,35.97912833897486],[139.0874911,35.9791279],[139.0874907,35.9791279],[139.0874638,35.9791319],[139.0873487,35.9791224],[139.0872389,35.9791049],[139.0871888,35.9790948],[139.0870702,35.9790621],[139.0869938,35.9790337],[139.0868467,35.9789859],[139.0867587,35.9789558],[139.086629,35.9789025],[139.0865616,35.9788639],[139.0864873,35.9788218],[139.0862115,35.9787057],[139.0857699,35.9790069],[139.0857435,35.9789906],[139.0857194,35.9789715],[139.0857012,35.978953],[139.0856891,35.9789318],[139.0856773,35.9789029],[139.0856692,35.9788716],[139.0856654,35.9788566],[139.0856523,35.978799],[139.0856401,35.9787567],[139.085622,35.9786937],[139.0856009,35.9786256],[139.0855767,35.9785499],[139.0855541,35.9785019],[139.0855228,35.9784496],[139.0854399,35.9783277],[139.0853942,35.9782569],[139.0852204,35.9779873],[139.0851756,35.9779079],[139.0851544,35.9778587],[139.0851409,35.9778284],[139.0851361,35.9778176],[139.0851107,35.9777782],[139.0851082,35.9777754],[139.0850869,35.9777517],[139.0850381,35.9776878],[139.0850078,35.9776397],[139.0849852,35.977602],[139.0849501,35.9775243],[139.0849424,35.9775036],[139.0849312,35.9774736],[139.0849162,35.9774248],[139.0849053,35.9773703],[139.084896,35.9773168],[139.084882,35.9772537],[139.0848756,35.9771953],[139.0848765,35.9771347],[139.0848816,35.977092],[139.0849015,35.9770467],[139.0849546,35.9769724],[139.0850176,35.9768751],[139.0850846,35.9767673],[139.0851212,35.976703],[139.0851582,35.9766477],[139.0851968,35.9765953],[139.0852265,35.9765595],[139.0852552,35.9765425],[139.0852844,35.9765276],[139.0853454,35.9765032],[139.0854078,35.9764889],[139.0855316,35.9764818],[139.085532,35.9764817],[139.0857777,35.9764616],[139.0858447,35.9764489],[139.0858451,35.9764489],[139.0859139,35.9764319],[139.0859726,35.9764107],[139.0860109,35.976386],[139.0860314,35.9763588],[139.0860507,35.9763304],[139.0860812,35.9763085],[139.0861495,35.9762892],[139.0862462,35.9762755],[139.0862466,35.9762754],[139.0863063,35.9762657],[139.0863067,35.9762657],[139.086352,35.9762511],[139.0863654,35.9762378],[139.0863744,35.9762248],[139.0863841,35.9761677],[139.0863645,35.9760731],[139.0863523,35.976052],[139.0863409,35.9760273],[139.0863361,35.9760053],[139.0863365,35.9759703],[139.0863412,35.9758984],[139.0863266,35.9758322],[139.0862787,35.9757237],[139.0862435,35.9756459],[139.0861938,35.9755213],[139.0861733,35.9754176],[139.0861609,35.9753176],[139.0861663,35.9752645],[139.0861828,35.9752255],[139.0862048,35.9751943],[139.0862312,35.9751721],[139.0862908,35.9751406],[139.0864223,35.9750742],[139.0865949,35.9750127],[139.08663987916665,35.975],[139.08657528972714,35.975],[139.0864119,35.9750582],[139.0862787,35.9751254],[139.0862172,35.9751582],[139.0861869,35.9751834],[139.0861623,35.9752181],[139.0861442,35.9752607],[139.0861388,35.9753177],[139.0861513,35.9754199],[139.0861722,35.9755256],[139.0862226,35.9756518],[139.0862577,35.9757297],[139.0863051,35.9758369],[139.0863189,35.9758995],[139.0863144,35.9759697],[139.0863139,35.9760068],[139.0863193,35.9760321],[139.0863318,35.976059],[139.0863432,35.9760785],[139.0863617,35.976168],[139.0863528,35.976219],[139.0863471,35.9762275],[139.0863386,35.9762361],[139.0863004,35.9762483],[139.0863,35.9762484],[139.0862423,35.9762578],[139.0861439,35.9762717],[139.0860698,35.9762927],[139.086033,35.976319],[139.0860123,35.9763497],[139.0859939,35.9763739],[139.0859609,35.9763951],[139.0859606,35.9763952],[139.0859061,35.976415],[139.0858392,35.9764315],[139.0857743,35.9764437],[139.0857739,35.9764437],[139.0855299,35.9764638],[139.085404,35.9764711],[139.0853376,35.9764863],[139.0853372,35.9764864],[139.0852736,35.9765118],[139.0852732,35.9765119],[139.0852428,35.9765277],[139.0852104,35.9765468],[139.0851782,35.9765856],[139.085139,35.9766388],[139.0851012,35.9766949],[139.0850645,35.9767594],[139.0849979,35.9768669],[139.0849352,35.9769637],[139.0848814,35.9770391],[139.0848646,35.977077],[139.0848644,35.9770767],[139.0848355,35.9770379],[139.0847073,35.9768475],[139.0846189,35.9766875],[139.0844973,35.9764763],[139.0844375,35.9763615],[139.0844182,35.976368],[139.0844172,35.9763685],[139.0844769,35.9764837],[139.0845987,35.9766951],[139.0846021,35.9767013],[139.0846874,35.9768555],[139.0848162,35.9770469],[139.0848579,35.9771028],[139.0848543,35.9771338],[139.0848534,35.9771961],[139.0848599,35.9772561],[139.0848738,35.9773197],[139.0848832,35.977373],[139.0848946,35.9774285],[139.0849097,35.9774783],[139.0849291,35.97753],[139.0849647,35.9776091],[139.084988,35.9776478],[139.0850188,35.9776966],[139.0850685,35.9777618],[139.0850919,35.9777877],[139.0851157,35.9778248],[139.0851335,35.9778647],[139.085155,35.9779147],[139.0852005,35.9779953],[139.0853773,35.9782694],[139.0851542,35.9783634],[139.0851262,35.9783632],[139.0851333,35.9783722],[139.0848468,35.9784929],[139.0849683,35.9786494],[139.0852526,35.9785217],[139.0853922,35.978459],[139.0854797,35.9784237],[139.085503,35.978458],[139.0855336,35.9785091],[139.0855556,35.9785555],[139.0855793,35.9786301],[139.0856005,35.9786979],[139.0856306,35.9788027],[139.0856346,35.9788199],[139.0856146,35.9788213],[139.08552,35.978857],[139.0852782,35.9789483],[139.0852521,35.9789648],[139.0852331,35.978987],[139.0852213,35.979016],[139.0852198,35.9790335],[139.0852275,35.9790705],[139.085233,35.9791233],[139.0852295,35.9791737],[139.0851921,35.9792144],[139.0851893,35.9792327],[139.0851929,35.9792494],[139.0852125,35.9792674],[139.0852749,35.9792827],[139.0853005,35.9792867],[139.0853322,35.9792983],[139.0853539,35.9793325],[139.0853919,35.9794123],[139.0854099,35.9794238],[139.0854358,35.9794258],[139.0855096,35.9793762],[139.0856359,35.9792776],[139.0856935,35.9792537],[139.0857506,35.9792407],[139.0857569,35.97924],[139.0858086,35.9792348],[139.085822,35.9792355],[139.0858558,35.9792374],[139.0858572,35.979238],[139.0859073,35.9792533],[139.0859072,35.9792726],[139.0859135,35.9793689],[139.0859212,35.9794457],[139.0859279,35.979493],[139.085939,35.9795143],[139.0859548,35.9795358],[139.0859822,35.979557],[139.086041,35.9795954],[139.0860413,35.9795956],[139.0861429,35.9796596],[139.0862187,35.979707],[139.0861501,35.9797386],[139.0863146,35.9800343],[139.0865546,35.979967],[139.0866144,35.9800425],[139.0866456,35.9800844],[139.0866517,35.980098],[139.0866606,35.9801245],[139.0866684,35.9801772],[139.086674,35.980228],[139.0866761,35.9802906],[139.0866791,35.9803962],[139.086695,35.9806067],[139.0867169,35.9808231],[139.0867305,35.980963],[139.0867504,35.9811445],[139.0867528,35.9811667],[139.0867708,35.9813308],[139.0864676,35.9814158],[139.0864963,35.981581],[139.0865472,35.9817655],[139.0868059,35.9817273],[139.0868446,35.981912],[139.086883,35.9820475],[139.086917,35.9821976],[139.0869773,35.9824019],[139.0870043,35.9824715],[139.0870225,35.9825211],[139.0870326,35.9825687],[139.0870498,35.9826911],[139.0870632,35.9827697],[139.0870699,35.9828285],[139.0870952,35.9829404],[139.0871093,35.9830057],[139.0870972,35.9829692],[139.0870514,35.982793],[139.0870347,35.9827343],[139.0869865,35.9827429],[139.0869121,35.9827661],[139.086822,35.9828084],[139.0868027,35.9827286],[139.0868153,35.9826511],[139.0868168,35.9825781],[139.0867989,35.9825616],[139.0867626,35.9825682],[139.0867488,35.9826465],[139.0867358,35.9827304],[139.0867611,35.9828371],[139.086725,35.9828541],[139.0867304,35.9828917],[139.0867437,35.9829649],[139.086781,35.9831823],[139.08679659397296,35.983333333333334],[139.0860103591743,35.983333333333334]]],[[[139.0839095,35.9768718],[139.0839467,35.9768371],[139.0839107,35.976793],[139.083857,35.9768249],[139.0839095,35.9768718]]]]},"properties":{"layer":"landuse","class_code":"203","class_label":"山林（樹林地）"}},{"type":"Feature","id":"luse_66654b4e-d904-4229-b888-98f7121c4bef","geometry":{"type":"MultiPolygon","coordinates":[[[[139.075,35.983333333333334],[139.075,35.975],[139.07782197439613,35.975],[139.0777974,35.9750273],[139.0777906,35.9750349],[139.0777494,35.9750814],[139.0777274,35.9751085],[139.0777206,35.9751168],[139.0776884,35.9751612],[139.0776881,35.975164],[139.0776882,35.975166],[139.07769,35.9751697],[139.0776916,35.975172],[139.0776929,35.9751734],[139.0777123,35.975189],[139.0777229,35.9751965],[139.0777326,35.9752005],[139.0777329,35.9752006],[139.0777422,35.9752026],[139.0777538,35.9752022],[139.0777542,35.9752022],[139.0778357,35.9751971],[139.0778615,35.9751956],[139.077874,35.9751948],[139.0778744,35.9751948],[139.0778939,35.9751931],[139.0778955,35.9752143],[139.0778276,35.975229],[139.0778272,35.975229],[139.0777612,35.9752411],[139.0777513,35.9752423],[139.0777428,35.975241],[139.077721,35.9752294],[139.0776993,35.9752145],[139.0776858,35.9752052],[139.0776776,35.9752007],[139.077672,35.9751976],[139.0776674,35.9751961],[139.0776635,35.9751959],[139.07766,35.9751962],[139.0776552,35.9752019],[139.0776397,35.9752217],[139.0776329,35.9752319],[139.0776144,35.9752577],[139.0776744,35.975298],[139.0776966,35.9753124],[139.0777455,35.9753445],[139.0777516,35.975348],[139.0777854,35.9753681],[139.0778428,35.9754029],[139.077901,35.975435],[139.0779235,35.9754463],[139.07794,35.9754547],[139.078016,35.9754992],[139.0780239,35.9755038],[139.0780602,35.9755247],[139.0780828,35.9755374],[139.0781007,35.9755475],[139.0781169,35.975556],[139.078204,35.9756012],[139.0782079,35.9756032],[139.0782182,35.9756087],[139.0782478,35.9756228],[139.0783225,35.9756595],[139.0783614,35.9756787],[139.0783585,35.9756829],[139.0783488,35.9756983],[139.0783486,35.9756987],[139.0783398,35.975711],[139.0783474,35.975717],[139.0784958,35.9758316],[139.0785414,35.9758668],[139.078562,35.9758827],[139.0785643,35.9758845],[139.0785681,35.9758874],[139.0785693,35.9758874],[139.0785714,35.9758867],[139.0786584,35.9757775],[139.0787085,35.9757067],[139.0787134,35.9757009],[139.078725,35.9756868],[139.0787488,35.975658],[139.0787587,35.9756461],[139.0787889,35.9755972],[139.078806,35.9755735],[139.0788143,35.9755664],[139.0788592,35.975528],[139.0788935,35.9754987],[139.0789116,35.9754808],[139.0789199,35.9754704],[139.0789262,35.975459],[139.078922,35.975446],[139.0789167,35.9754358],[139.0789115,35.9754217],[139.0789104,35.9754154],[139.0789097,35.9754105],[139.0789119,35.9754044],[139.0789139,35.9753982],[139.0789167,35.9753954],[139.0789193,35.9753939],[139.0789228,35.9753923],[139.0789284,35.9753901],[139.0789317,35.97539],[139.078939,35.9753899],[139.0789394,35.9753899],[139.07895,35.975391],[139.0789684,35.9753935],[139.0790249,35.9754105],[139.0790212,35.975419],[139.0790208,35.975419],[139.0789655,35.9754022],[139.0789486,35.9753999],[139.0789483,35.9753999],[139.0789385,35.9753989],[139.0789314,35.975399],[139.0789293,35.9753994],[139.078929,35.9753995],[139.0789268,35.9754001],[139.078925,35.9754017],[139.0789237,35.9754033],[139.0789227,35.9754061],[139.078921,35.9754112],[139.078921,35.9754147],[139.0789224,35.9754199],[139.078927,35.9754327],[139.0789326,35.9754431],[139.07894,35.9754602],[139.0789489,35.9754726],[139.0789555,35.9754787],[139.0789612,35.9754821],[139.0790126,35.9755023],[139.0790129,35.9755024],[139.0790427,35.975514],[139.0790679,35.9755239],[139.0790629,35.975532],[139.0789563,35.9754902],[139.078947,35.9754892],[139.0789403,35.9754912],[139.0789319,35.9754963],[139.0788574,35.9755704],[139.0788386,35.975589],[139.078822,35.9756119],[139.0787918,35.9756608],[139.0787856,35.9756691],[139.0787774,35.97568],[139.078772,35.9756892],[139.0787628,35.9757041],[139.0787479,35.9757223],[139.0786835,35.9758076],[139.0786612,35.9758371],[139.0786614,35.9758378],[139.0786621,35.9758388],[139.078663,35.9758395],[139.0786639,35.97584],[139.0787032,35.9758601],[139.0787035,35.9758602],[139.0787158,35.9758664],[139.0788174,35.9759185],[139.0788636,35.9759431],[139.0788698,35.9759464],[139.078966,35.9760216],[139.0789695,35.9760239],[139.0789762,35.97603],[139.078977,35.9760311],[139.0789793,35.9760341],[139.0789801,35.9760393],[139.0789791,35.9760444],[139.0789593,35.9760726],[139.0789524,35.9760818],[139.0789129,35.976132],[139.0789059,35.9761412],[139.0788999,35.976149],[139.0788999,35.9761509],[139.0789023,35.9761523],[139.0789369,35.9761733],[139.0789386,35.9761741],[139.0790203,35.9762216],[139.0790564,35.9762427],[139.0791379,35.9762891],[139.0791957,35.9763212],[139.0792206,35.9763371],[139.0792417,35.9763349],[139.079242,35.9763349],[139.0792921,35.9762819],[139.0793386,35.9762299],[139.0794249,35.9761341],[139.0795184,35.97603],[139.0795076,35.9759946],[139.0794261,35.9759349],[139.0793507,35.9758809],[139.079364,35.9758691],[139.0793684,35.9758652],[139.0794455,35.9759192],[139.0795283,35.9759738],[139.0795611,35.9759816],[139.0796109,35.9760007],[139.0796578,35.9760139],[139.0796953,35.97603],[139.0797683,35.9760627],[139.07978,35.9760675],[139.0797949,35.9760727],[139.0798186,35.9760804],[139.0799026,35.9761084],[139.0799947,35.9761407],[139.0800354,35.9761509],[139.0800767,35.9761578],[139.0800771,35.9761579],[139.0800938,35.9761624],[139.0800941,35.9761624],[139.0801088,35.9761662],[139.0801292,35.9761718],[139.080149,35.9761775],[139.0801493,35.9761776],[139.0801767,35.9761861],[139.0802085,35.9761967],[139.0802205,35.9762011],[139.0802604,35.9762109],[139.0802608,35.976211],[139.0802755,35.9762136],[139.0802758,35.9762137],[139.0802963,35.976217],[139.0803075,35.9762179],[139.0803078,35.9762179],[139.0803331,35.9762187],[139.0803334,35.9762186],[139.0803429,35.9762178],[139.0803539,35.9762168],[139.0803619,35.9762161],[139.0803719,35.9762153],[139.0803865,35.976214],[139.0804178,35.9762076],[139.0804181,35.9762075],[139.0804392,35.9762025],[139.0804692,35.9761949],[139.080544,35.9761768],[139.0805725,35.9761679],[139.0805951,35.9761582],[139.0806081,35.9761517],[139.0806623,35.9761253],[139.0807201,35.9760966],[139.0807394,35.9760872],[139.0807694,35.9760727],[139.0807992,35.976055],[139.0808349,35.9760317],[139.0808612,35.9760121],[139.0809169,35.9759642],[139.0809256,35.9759573],[139.0809982,35.9758995],[139.0810638,35.9758602],[139.081082,35.9758473],[139.0810966,35.9758331],[139.0811084,35.9758234],[139.0811129,35.9758195],[139.0811156,35.9758142],[139.0811146,35.975803],[139.0811136,35.9757955],[139.0811117,35.9757882],[139.0811036,35.9757523],[139.0810966,35.9757208],[139.0810901,35.9756915],[139.08109,35.9756845],[139.0810901,35.9756837],[139.0810887,35.9756793],[139.081107,35.9756527],[139.0811648,35.9755689],[139.0812411,35.9754541],[139.0812654,35.9754648],[139.081189,35.9755797],[139.0811316,35.9756633],[139.0811247,35.975672],[139.0811192,35.9756807],[139.0811181,35.9756906],[139.0811308,35.975748],[139.0811387,35.9757829],[139.0811445,35.9757986],[139.0811492,35.9758103],[139.0811616,35.9758492],[139.0811701,35.975874],[139.0812077,35.9759832],[139.0812092,35.9759882],[139.0812103,35.9759894],[139.0812122,35.9759899],[139.0812134,35.9759899],[139.081214,35.9759899],[139.0812154,35.9759896],[139.0812197,35.9759876],[139.0812665,35.9759658],[139.0813155,35.9759432],[139.0813348,35.9759322],[139.0814707,35.9758587],[139.0815248,35.9758237],[139.0816146,35.9757543],[139.0816672,35.9757131],[139.0816796,35.9757035],[139.0816803,35.9756983],[139.0816801,35.9756944],[139.0816787,35.9756913],[139.0816744,35.9756816],[139.0816704,35.9756754],[139.0816684,35.9756723],[139.0816602,35.9756599],[139.0816412,35.9756379],[139.0816132,35.9756109],[139.081529,35.9755297],[139.0815236,35.9755246],[139.0815154,35.9755164],[139.0815337,35.9755029],[139.0815485,35.9755164],[139.0815837,35.9755504],[139.0816081,35.9755739],[139.0816614,35.9756252],[139.0816809,35.9756479],[139.0816819,35.975649],[139.0816864,35.9756535],[139.0816977,35.9756646],[139.0817055,35.9756722],[139.0817059,35.9756729],[139.0817079,35.9756736],[139.0817082,35.9756737],[139.0817102,35.975674],[139.0817105,35.975674],[139.0817134,35.9756739],[139.081716,35.9756734],[139.0817179,35.9756727],[139.0817205,35.9756715],[139.0818222,35.97559],[139.0818357,35.9755759],[139.0818828,35.9755221],[139.081884,35.9755199],[139.0818844,35.9755174],[139.0818839,35.9755144],[139.081882,35.975512],[139.0818791,35.97551],[139.0818504,35.9754838],[139.0818178,35.975453],[139.0817812,35.9754215],[139.0817734,35.9754151],[139.0817144,35.9753674],[139.0816835,35.9753428],[139.0816792,35.9753377],[139.0816756,35.9753329],[139.0816711,35.9753252],[139.0816661,35.9753153],[139.0816649,35.9753033],[139.0816652,35.9752966],[139.0816669,35.9752858],[139.081675,35.97527],[139.0816893,35.9752468],[139.0817286,35.9751964],[139.081754,35.975157],[139.0817762,35.9751224],[139.0818093,35.9750792],[139.0818103,35.9750761],[139.08181,35.975073],[139.0818083,35.9750689],[139.0818034,35.9750637],[139.0818168,35.9750557],[139.0818233,35.9750627],[139.0818264,35.9750704],[139.081827,35.9750772],[139.0818249,35.9750844],[139.0817908,35.9751291],[139.0817823,35.9751424],[139.0817743,35.9751548],[139.0817431,35.9752032],[139.0817038,35.9752534],[139.0816902,35.9752756],[139.0816832,35.9752893],[139.081682,35.9752978],[139.0816815,35.9753031],[139.0816826,35.9753121],[139.0816863,35.9753198],[139.0816869,35.9753207],[139.0816905,35.9753266],[139.0816933,35.9753306],[139.0816959,35.9753338],[139.0816962,35.9753341],[139.0816965,35.9753342],[139.0817261,35.9753579],[139.081793,35.9754121],[139.0818302,35.9754439],[139.0818629,35.975475],[139.0818895,35.9754992],[139.0818906,35.9754997],[139.0818916,35.9755],[139.081892,35.9755001],[139.081894,35.9755002],[139.0818958,35.9755002],[139.0818962,35.9755003],[139.081936,35.9754711],[139.0820019,35.9754201],[139.0820062,35.9754159],[139.0820579,35.975373],[139.0820934,35.9753438],[139.0821335,35.9753179],[139.0821675,35.9752962],[139.0822638,35.9752404],[139.0822941,35.9752229],[139.0823487,35.9751866],[139.0823697,35.9751713],[139.0824012,35.9751414],[139.0824017,35.9751397],[139.0824016,35.9751364],[139.0823972,35.9751309],[139.0823384,35.9750663],[139.0823114,35.9750369],[139.0823106,35.9750361],[139.0823083,35.9750335],[139.0823059,35.9750323],[139.0823055,35.9750323],[139.0823021,35.9750319],[139.0823017,35.9750319],[139.0822974,35.975032],[139.0822442,35.9750451],[139.0822136,35.9750505],[139.0821922,35.9750514],[139.0821918,35.9750514],[139.0821319,35.9750547],[139.0821315,35.9750547],[139.0820148,35.9750679],[139.0819988,35.975069],[139.0819964,35.97505],[139.0819988,35.9750498],[139.0820113,35.9750492],[139.0820117,35.9750492],[139.0821293,35.9750358],[139.0821392,35.9750353],[139.0821905,35.9750325],[139.0822104,35.9750317],[139.0822376,35.9750266],[139.0822982,35.9750123],[139.0823018,35.9750114],[139.0823078,35.9750111],[139.0823082,35.9750111],[139.0823117,35.975012],[139.0823152,35.9750141],[139.0823219,35.9750182],[139.0823281,35.9750236],[139.0823571,35.9750552],[139.0824161,35.9751231],[139.0824173,35.9751239],[139.0824187,35.9751245],[139.08242,35.9751247],[139.0824218,35.9751251],[139.0824235,35.9751252],[139.0824249,35.9751253],[139.0824284,35.975124],[139.0824313,35.9751222],[139.0824565,35.9751024],[139.0824809,35.9750775],[139.0824983,35.9750536],[139.0825182,35.9750203],[139.0825266,35.9750064],[139.0825294,35.9750032],[139.0825316,35.9750022],[139.0825326,35.9750022],[139.0825354,35.9750022],[139.0825384,35.9750031],[139.0825529,35.9750173],[139.08261,35.9750799],[139.0826814,35.9751561],[139.0827012,35.9751785],[139.0827045,35.9751803],[139.0827049,35.9751804],[139.0827088,35.9751815],[139.0827125,35.9751818],[139.0827129,35.9751818],[139.0827154,35.9751813],[139.0827188,35.9751799],[139.0827226,35.9751767],[139.0827248,35.9751729],[139.0827249,35.975167],[139.0827251,35.9751568],[139.0827254,35.9751369],[139.0827256,35.9751114],[139.0827275,35.9751006],[139.0827285,35.9750848],[139.0827323,35.9750676],[139.0827399,35.9750449],[139.0827441,35.9750336],[139.0827528,35.9750109],[139.0827539,35.9750057],[139.0827526,35.975001],[139.08275186086956,35.975],[139.08412037003257,35.975],[139.08412,35.9750284],[139.0841166,35.9750486],[139.0841101,35.9750665],[139.0840969,35.9750845],[139.0840591,35.9751091],[139.0840075,35.9751314],[139.0839635,35.9751504],[139.0838493,35.9752014],[139.0837541,35.9752475],[139.0836787,35.9752914],[139.0835704,35.9753575],[139.0834771,35.9754206],[139.0834537,35.9754364],[139.0833423,35.9755062],[139.0832608,35.9755642],[139.0832551,35.9755691],[139.0832174,35.9756014],[139.0831604,35.9756537],[139.0831016,35.9757193],[139.0828074,35.9760425],[139.082784,35.9760674],[139.0827579,35.9761009],[139.0827427,35.9761223],[139.08271,35.9761707],[139.0826981,35.976189],[139.0826706,35.9762284],[139.0826319,35.9762763],[139.0825939,35.9763209],[139.082556,35.9763644],[139.0825218,35.9764008],[139.0825039,35.9764191],[139.0824833,35.9764359],[139.0824703,35.9764452],[139.08247,35.9764454],[139.0824516,35.9764564],[139.0824463,35.9764589],[139.0824347,35.9764646],[139.0824168,35.9764711],[139.082389,35.9764802],[139.0823887,35.9764804],[139.0823731,35.976487],[139.0823746,35.9764907],[139.0823453,35.9765006],[139.0821879,35.9765488],[139.082087,35.9765816],[139.082005,35.9766119],[139.0819799,35.9766214],[139.0819647,35.9766283],[139.0819662,35.9766298],[139.0819593,35.9766342],[139.0819486,35.9766415],[139.0819362,35.9766513],[139.0819162,35.9766738],[139.0819097,35.9766808],[139.0818953,35.9766965],[139.0818741,35.9767206],[139.0818483,35.9767503],[139.0818352,35.9767655],[139.0818136,35.9767933],[139.0817799,35.9768333],[139.0817662,35.9768514],[139.081784,35.9768629],[139.0817988,35.9768735],[139.0818133,35.9768854],[139.0818407,35.976909],[139.0818499,35.9769158],[139.0818523,35.9769177],[139.0818609,35.9769216],[139.0818719,35.9769239],[139.0818736,35.9769241],[139.081893,35.976927],[139.0818934,35.9769271],[139.0819193,35.9769333],[139.0819196,35.9769333],[139.0819148,35.9769408],[139.0819144,35.9769408],[139.0818976,35.9769376],[139.0818815,35.9769352],[139.0818799,35.976935],[139.0818795,35.976935],[139.0818713,35.9769348],[139.0818634,35.9769346],[139.0818625,35.9769344],[139.0818558,35.9769333],[139.0818509,35.9769311],[139.0818436,35.9769261],[139.0818334,35.9769157],[139.0818206,35.9769029],[139.0817869,35.9768777],[139.081759,35.9768609],[139.0817446,35.97688],[139.0817179,35.976915],[139.0816989,35.97694],[139.0816942,35.9769467],[139.0816939,35.976947],[139.0816889,35.9769543],[139.0816872,35.9769567],[139.0816857,35.976959],[139.0816788,35.9769759],[139.0816749,35.9769889],[139.0816737,35.9769999],[139.0816704,35.977021],[139.0816694,35.9770382],[139.0816698,35.9770483],[139.0816701,35.9770506],[139.0816717,35.9770619],[139.0816742,35.977078],[139.0816819,35.9771183],[139.0816855,35.9771407],[139.0816856,35.9771441],[139.0816859,35.9771518],[139.0816858,35.9771616],[139.0816832,35.9771688],[139.0816807,35.9771751],[139.081676,35.9771834],[139.0816696,35.9771936],[139.0816582,35.9772084],[139.0816382,35.9772363],[139.0816265,35.9772541],[139.0816093,35.9772781],[139.081594,35.9773001],[139.0815869,35.9773106],[139.0815862,35.9773116],[139.0815811,35.9773188],[139.0815707,35.9773336],[139.0815655,35.9773409],[139.0815601,35.9773487],[139.0815206,35.9774145],[139.0815017,35.9774501],[139.0814872,35.9774802],[139.0814866,35.9774812],[139.0814758,35.9775018],[139.081471,35.9775164],[139.0814697,35.9775258],[139.0814694,35.9775339],[139.0814703,35.9775408],[139.0814726,35.9775524],[139.0814727,35.9775529],[139.0814787,35.9775788],[139.0814927,35.9776404],[139.0814971,35.9776568],[139.0815066,35.9776878],[139.0815091,35.9776958],[139.0815342,35.9777864],[139.081546,35.9778297],[139.081556,35.977867],[139.0815765,35.9779459],[139.0815976,35.9780243],[139.0816084,35.9780649],[139.0816106,35.978076],[139.0816112,35.9780832],[139.0816117,35.9780885],[139.0816131,35.9780997],[139.0816129,35.9781054],[139.0816125,35.9781189],[139.0816111,35.9781372],[139.0816084,35.9781501],[139.0816055,35.9781632],[139.0816021,35.9781737],[139.0815932,35.9782045],[139.081592,35.9782089],[139.0815797,35.9782517],[139.0815632,35.978313],[139.0815498,35.9783509],[139.0815356,35.9783901],[139.0815336,35.9783975],[139.0815218,35.9784354],[139.0815089,35.9784763],[139.0815026,35.9784963],[139.0815051,35.9784969],[139.0814948,35.9785319],[139.081581,35.9785933],[139.081585,35.9785962],[139.0816409,35.9786365],[139.0816641,35.9786532],[139.0816709,35.9786584],[139.0816729,35.9786599],[139.0817429,35.9787065],[139.0817792,35.9787324],[139.0817527,35.9787637],[139.0817128,35.9787353],[139.0816419,35.9786884],[139.0816324,35.9786808],[139.081558,35.9786248],[139.0814921,35.9785875],[139.0814748,35.978594],[139.0814722,35.9786042],[139.0814585,35.9786577],[139.0814504,35.9786858],[139.0814409,35.9787032],[139.0814398,35.9787055],[139.08143,35.9787243],[139.0814263,35.9787311],[139.0814259,35.9787321],[139.081408,35.9787613],[139.0813888,35.9787868],[139.0813706,35.9788073],[139.0813465,35.9788323],[139.0812998,35.9788811],[139.0812685,35.9789131],[139.0812253,35.9789571],[139.0811899,35.9789941],[139.0811847,35.9789994],[139.0811815,35.9790028],[139.0811194,35.9790671],[139.0810669,35.9791218],[139.081056,35.9791331],[139.0810331,35.9791568],[139.0810074,35.9791833],[139.0810024,35.9791886],[139.0810001,35.979191],[139.0809854,35.9792059],[139.0809568,35.9792351],[139.0809331,35.9792595],[139.0809211,35.9792716],[139.080881,35.9793117],[139.0808744,35.9793182],[139.0808493,35.9793434],[139.0808033,35.9793894],[139.0807934,35.9794002],[139.0807883,35.9794057],[139.0807863,35.9794079],[139.0807784,35.9794182],[139.0807746,35.9794251],[139.0807727,35.9794324],[139.0807705,35.9794449],[139.0807713,35.9794564],[139.0807726,35.9794607],[139.0807775,35.9794682],[139.0807948,35.979494],[139.0808184,35.9795154],[139.0809442,35.9796284],[139.0809455,35.9796296],[139.0809549,35.9796368],[139.080957,35.9796385],[139.0809782,35.9796569],[139.0810014,35.9796783],[139.080959,35.9797336],[139.0808936,35.979671],[139.0808778,35.9796558],[139.0808201,35.9796049],[139.0807811,35.9795705],[139.0807641,35.9795552],[139.0807501,35.9795431],[139.0807422,35.9795356],[139.0807162,35.979533],[139.0806897,35.9795406],[139.0806714,35.9795597],[139.0806438,35.9795849],[139.0806265,35.9796002],[139.0806151,35.9796068],[139.0806086,35.9796102],[139.080603,35.9796131],[139.0805802,35.9796202],[139.0805633,35.9796248],[139.0805411,35.9796276],[139.0805366,35.9796282],[139.0805077,35.9796305],[139.0805074,35.9796305],[139.0804674,35.9796326],[139.080467,35.9796326],[139.0804195,35.9796382],[139.0804191,35.9796383],[139.0803966,35.9796456],[139.0803608,35.9796577],[139.0803484,35.9796666],[139.0803321,35.9796811],[139.08033,35.9796829],[139.0803218,35.9796932],[139.0803115,35.9797101],[139.0803008,35.9797267],[139.0802889,35.9797433],[139.0802789,35.979755],[139.0802588,35.9797804],[139.080249,35.9797926],[139.0802436,35.9797984],[139.0802362,35.9798074],[139.0802297,35.9798155],[139.0802151,35.9798329],[139.080198,35.9798533],[139.0801901,35.9798689],[139.0801779,35.9798952],[139.0801695,35.9799172],[139.0801576,35.9799389],[139.0801542,35.9799451],[139.0801464,35.9799604],[139.080138,35.9799735],[139.0801343,35.9799813],[139.0801315,35.9799934],[139.0801241,35.980013],[139.0801183,35.9800231],[139.0801033,35.9800466],[139.0800976,35.9800594],[139.0800907,35.9800752],[139.0800779,35.9801084],[139.0800752,35.9801188],[139.0800723,35.9801285],[139.0800677,35.9801453],[139.0800614,35.9801907],[139.0800596,35.9802216],[139.0800598,35.9802527],[139.0800607,35.9802838],[139.0800724,35.9803595],[139.0800761,35.9803777],[139.080073,35.9803918],[139.0800714,35.9803994],[139.0800678,35.9804119],[139.0800635,35.980424],[139.0800573,35.9804381],[139.080037,35.9804731],[139.0800259,35.9804949],[139.0800205,35.9805098],[139.0800153,35.9805138],[139.0800019,35.9805298],[139.0799899,35.9805442],[139.0799798,35.9805563],[139.0799171,35.9806213],[139.079908,35.9806321],[139.0798836,35.9806614],[139.079866,35.9806824],[139.0798589,35.9806923],[139.0798308,35.9807305],[139.0798673,35.9807501],[139.0798722,35.9807526],[139.0798972,35.9807678],[139.079926,35.9807848],[139.0799707,35.9808116],[139.0799956,35.9808267],[139.0799797,35.980841],[139.0799669,35.9808331],[139.0799555,35.9808267],[139.0799341,35.980816],[139.0799334,35.9808157],[139.0799251,35.9808126],[139.0799162,35.9808103],[139.0799157,35.9808101],[139.0798393,35.9807898],[139.079831,35.9807873],[139.0798307,35.9807872],[139.0798098,35.9807833],[139.0797937,35.9807611],[139.0798699,35.980779],[139.0798706,35.9807791],[139.0798741,35.9807798],[139.0798757,35.9807801],[139.0798768,35.98078],[139.0798774,35.9807798],[139.079877,35.9807793],[139.0798177,35.9807461],[139.0798046,35.9807406],[139.0797958,35.9807374],[139.0797955,35.9807373],[139.0797824,35.9807353],[139.0797821,35.9807353],[139.0797727,35.9807358],[139.0797705,35.980736],[139.0797507,35.9807371],[139.0797343,35.9807384],[139.0797178,35.9807443],[139.0797173,35.9807444],[139.07971,35.9807471],[139.0796872,35.9807571],[139.0796533,35.9807612],[139.079653,35.9807612],[139.0796376,35.9807638],[139.0796372,35.9807638],[139.0796187,35.9807671],[139.0796183,35.9807672],[139.0796075,35.9807703],[139.079572,35.9807803],[139.0795717,35.9807804],[139.0795558,35.9807872],[139.0795242,35.9808241],[139.0794881,35.980875],[139.0794782,35.9808906],[139.079344,35.981086],[139.0792995,35.981122],[139.0792773,35.981139],[139.0792496,35.9811563],[139.0792296,35.9811671],[139.079208,35.9811774],[139.0792077,35.9811775],[139.0791938,35.9811789],[139.0791848,35.9811823],[139.0791835,35.9811829],[139.0791674,35.9811903],[139.0791662,35.981191],[139.079148,35.9812021],[139.0791339,35.9812108],[139.0791296,35.9812133],[139.0791099,35.9812264],[139.0791012,35.9812328],[139.079096,35.981243],[139.0790927,35.9812564],[139.0790919,35.9812655],[139.0790923,35.9812731],[139.0790942,35.981285],[139.0791001,35.9813178],[139.0791044,35.9813462],[139.0791125,35.9813963],[139.0791166,35.9814216],[139.0791236,35.9814595],[139.079126,35.9814656],[139.0791319,35.9814764],[139.0791402,35.981489],[139.0791426,35.9814919],[139.079149,35.9814974],[139.0791644,35.981508],[139.0791839,35.9815201],[139.079194,35.981526],[139.0791966,35.9815276],[139.0791832,35.9815383],[139.0791526,35.9815188],[139.0791302,35.981504],[139.079124,35.981499],[139.0791209,35.9814954],[139.0791129,35.9814845],[139.0791067,35.981477],[139.0791026,35.9814693],[139.0791011,35.9814631],[139.0790895,35.9813777],[139.0790818,35.9813194],[139.0790782,35.9812815],[139.0790769,35.9812623],[139.0790803,35.9812507],[139.0790864,35.9812306],[139.0790991,35.981217],[139.0791085,35.9812056],[139.0791183,35.9811997],[139.0791285,35.9811936],[139.0791361,35.9811892],[139.0791547,35.9811782],[139.079166,35.9811715],[139.0791696,35.9811701],[139.0791749,35.9811681],[139.0791759,35.9811678],[139.079188,35.9811632],[139.0791883,35.9811631],[139.0791948,35.9811624],[139.0792012,35.9811617],[139.0792189,35.9811534],[139.0792378,35.9811431],[139.0792643,35.9811266],[139.0792855,35.9811103],[139.0793279,35.9810761],[139.0793631,35.9810249],[139.0793475,35.9810037],[139.0793319,35.9809897],[139.0792988,35.9809699],[139.0792809,35.9809591],[139.079273,35.9809543],[139.0792396,35.9809342],[139.0792313,35.9809287],[139.0792291,35.9809265],[139.0792255,35.980921],[139.0792225,35.9809142],[139.0792198,35.9809067],[139.0792186,35.9808982],[139.079218,35.9808857],[139.0792193,35.9808695],[139.079218,35.980851],[139.079217,35.9808284],[139.0792134,35.9808131],[139.0792052,35.9807937],[139.0791909,35.9807699],[139.0791822,35.9807569],[139.0791733,35.9807456],[139.079162,35.9807324],[139.0791513,35.9807237],[139.0791386,35.9807143],[139.0791176,35.9807007],[139.0790469,35.9806552],[139.0790294,35.9806438],[139.079016,35.9806348],[139.0790141,35.9806339],[139.0790122,35.9806342],[139.0790076,35.9806374],[139.0789178,35.9807182],[139.078897,35.9807367],[139.0788866,35.9807467],[139.0788774,35.9807581],[139.0788709,35.98077],[139.0788668,35.9807812],[139.0788641,35.9807908],[139.0788639,35.9807975],[139.0788635,35.9807976],[139.0788482,35.9807973],[139.0788482,35.9807961],[139.0788486,35.9807892],[139.0788518,35.9807778],[139.0788563,35.9807657],[139.0788636,35.9807519],[139.0788741,35.9807391],[139.0788852,35.9807284],[139.0789062,35.9807097],[139.078996,35.9806289],[139.0789974,35.9806265],[139.078997,35.980624],[139.078995,35.9806208],[139.0789088,35.9805632],[139.0788545,35.9805268],[139.0787735,35.9804711],[139.0787206,35.98043],[139.078716,35.9804232],[139.078713,35.9804172],[139.0787098,35.980409],[139.0787067,35.9803965],[139.0786994,35.9803392],[139.0786953,35.9803221],[139.0786885,35.9802897],[139.0786879,35.980288],[139.0786854,35.9802854],[139.078685,35.9802854],[139.0786826,35.9802851],[139.0786798,35.9802853],[139.0786755,35.9802896],[139.0786226,35.9803395],[139.0785346,35.9804246],[139.0784889,35.9804673],[139.078472,35.9804808],[139.078429,35.9805153],[139.0784155,35.980528],[139.0784168,35.9805325],[139.0784211,35.9805364],[139.0784273,35.980542],[139.0785871,35.9806853],[139.0786764,35.9807741],[139.0787797,35.9808702],[139.0786655,35.9810196],[139.0785394,35.9811844],[139.0784921,35.9812468],[139.0784349,35.9813223],[139.078434,35.9813258],[139.0784533,35.9813536],[139.0785817,35.9813871],[139.0787668,35.981439],[139.0787748,35.9814206],[139.0787753,35.9814195],[139.0787761,35.9814173],[139.0788231,35.9812874],[139.0788603,35.9812964],[139.0788599,35.9812975],[139.0788122,35.981429],[139.0788037,35.9814493],[139.0787682,35.9815348],[139.0787458,35.9815899],[139.0787385,35.9816059],[139.0787291,35.9816219],[139.078722,35.9816306],[139.0787056,35.9816464],[139.0786997,35.981652],[139.0786477,35.9816922],[139.0786126,35.981723],[139.0786028,35.9817328],[139.0785905,35.9817477],[139.0785741,35.9817729],[139.0785215,35.9818812],[139.0784964,35.9819309],[139.0784967,35.981951],[139.0784698,35.9820351],[139.0784259,35.9821685],[139.0784234,35.9821762],[139.078507,35.9823009],[139.078544,35.9823561],[139.078571,35.9823946],[139.0786,35.9824376],[139.0786057,35.9824454],[139.0786538,35.9825039],[139.0786714,35.9825231],[139.0786651,35.9825272],[139.0787159,35.9825808],[139.0786253,35.9826816],[139.0785242,35.9826061],[139.0785149,35.982613],[139.0785085,35.9826195],[139.0784992,35.9826136],[139.0784958,35.9826154],[139.0783538,35.9826949],[139.0781392,35.9828151],[139.0780367,35.9828724],[139.0780356,35.982873],[139.0779954,35.9828951],[139.0779977,35.9829115],[139.0780021,35.9829429],[139.0780073,35.983007],[139.0780032,35.9830881],[139.0779965,35.9831622],[139.0779948,35.9832007],[139.0779898,35.9832634],[139.0779871,35.9833104],[139.07798464285713,35.983333333333334],[139.075,35.983333333333334]]],[[[139.079442,35.9769702],[139.0793993,35.9769505],[139.0793969,35.9769547],[139.0793539,35.9770232],[139.0793319,35.9770595],[139.0793392,35.9770656],[139.0793448,35.9770684],[139.0793934,35.9770843],[139.0794782,35.9771126],[139.0794785,35.9771127],[139.0795063,35.9771228],[139.0795167,35.9771285],[139.0795274,35.9771358],[139.0795386,35.9771422],[139.0795488,35.9771492],[139.0795629,35.977154],[139.0795632,35.9771541],[139.0795759,35.9771572],[139.0795763,35.9771572],[139.0795879,35.9771583],[139.0795882,35.9771583],[139.0795946,35.9771574],[139.079595,35.9771573],[139.0796019,35.9771544],[139.0796081,35.9771492],[139.0796137,35.9771411],[139.0796221,35.9771241],[139.0796262,35.9771096],[139.0796325,35.9770947],[139.0796395,35.9770825],[139.0796441,35.9770747],[139.0796433,35.9770694],[139.0796403,35.9770638],[139.0796399,35.9770637],[139.0796227,35.9770546],[139.0796223,35.9770544],[139.079527,35.97701],[139.0795267,35.9770099],[139.0794423,35.9769704],[139.079442,35.9769702]]],[[[139.0787804,35.97606],[139.0787869,35.9760654],[139.0788616,35.9761282],[139.078869,35.9761341],[139.0788735,35.976137],[139.0788761,35.9761379],[139.0788793,35.9761385],[139.0788832,35.9761382],[139.0788853,35.9761371],[139.0788889,35.9761326],[139.078896,35.9761233],[139.0789411,35.976066],[139.0789497,35.9760538],[139.0789616,35.9760377],[139.0789624,35.9760359],[139.0789627,35.976034],[139.0789603,35.9760318],[139.0789576,35.9760299],[139.0788727,35.9759783],[139.0786985,35.9758875],[139.07865,35.9758634],[139.0786463,35.9758615],[139.0786449,35.9758607],[139.0786434,35.9758604],[139.078642,35.9758603],[139.078603,35.9759076],[139.0786002,35.9759104],[139.0786013,35.9759154],[139.0786053,35.9759184],[139.0786131,35.9759249],[139.078634,35.9759418],[139.078635,35.9759426],[139.0786414,35.9759477],[139.0786739,35.9759743],[139.0787266,35.9760158],[139.0787286,35.9760175],[139.0787497,35.9760341],[139.0787804,35.97606]]],[[[139.0779045,35.9771208],[139.0779111,35.9771428],[139.0779232,35.9771487],[139.078069,35.9772189],[139.0780646,35.9772253],[139.0781333,35.9772416],[139.0781918,35.9772551],[139.0781921,35.9772552],[139.0781952,35.9772559],[139.0782498,35.9772684],[139.0782737,35.9772396],[139.0783271,35.9770955],[139.0783125,35.9770645],[139.0782058,35.9770078],[139.0782038,35.9770068],[139.0781945,35.9770018],[139.0781942,35.9770016],[139.0781225,35.9769634],[139.0781142,35.9769586],[139.0781139,35.9769587],[139.0780764,35.9769641],[139.0779045,35.9771208]]],[[[139.0783387,35.9781704],[139.0782626,35.978166],[139.0781835,35.9781648],[139.0781831,35.9781648],[139.0781575,35.9781659],[139.0780802,35.9781674],[139.078014,35.9781674],[139.0779455,35.9781636],[139.0779096,35.9781608],[139.0777551,35.9781452],[139.0776925,35.9781378],[139.0776564,35.9781325],[139.0776561,35.9781324],[139.077595,35.9781261],[139.0775485,35.9781236],[139.0775396,35.9781264],[139.0775364,35.9781284],[139.0775343,35.9781324],[139.0775348,35.9781358],[139.0775411,35.978139],[139.0775815,35.9781564],[139.0775942,35.9781618],[139.0775945,35.978162],[139.0777225,35.9782188],[139.0778214,35.9782586],[139.0778217,35.9782588],[139.0778989,35.9782901],[139.0779105,35.9782945],[139.0780664,35.9783519],[139.0781813,35.9783951],[139.078245,35.9784217],[139.07826,35.9784273],[139.0782632,35.9784266],[139.0782709,35.9784219],[139.0782776,35.9784141],[139.0783146,35.9783694],[139.0783765,35.978293],[139.0784506,35.9781911],[139.0784502,35.9781815],[139.0783877,35.978172],[139.0783873,35.978172],[139.0783391,35.9781705],[139.0783387,35.9781704]]],[[[139.0777954,35.9785162],[139.0778155,35.9785377],[139.077823,35.9785445],[139.07784,35.9785596],[139.0778674,35.9785834],[139.0778889,35.9786],[139.0779004,35.9786089],[139.0779405,35.9786419],[139.077951,35.9786491],[139.0779612,35.978655],[139.0779671,35.9786569],[139.0779717,35.9786576],[139.0779751,35.9786572],[139.0779811,35.9786542],[139.078004,35.9786398],[139.0780535,35.9786062],[139.0781049,35.9785639],[139.0781803,35.9785021],[139.0782112,35.9784777],[139.0782133,35.9784696],[139.0782092,35.9784542],[139.0781962,35.978449],[139.0781806,35.9784428],[139.0781448,35.9784343],[139.0780421,35.9783953],[139.0779526,35.9783625],[139.0778588,35.9783253],[139.0777695,35.9782879],[139.0777446,35.9782772],[139.0776887,35.9782514],[139.0776884,35.9782513],[139.0775939,35.9782127],[139.0775553,35.978197],[139.0775136,35.9781791],[139.0774637,35.978155],[139.0774191,35.9781297],[139.0774107,35.9781244],[139.0774101,35.9781244],[139.0774094,35.9781245],[139.0774021,35.9781266],[139.0774017,35.9781269],[139.0773977,35.9781297],[139.0773962,35.9781331],[139.0773964,35.9781357],[139.0773965,35.9781362],[139.0774014,35.9781445],[139.0774028,35.9781461],[139.0774272,35.9781739],[139.0774925,35.9782307],[139.0775078,35.978244],[139.0775546,35.9782879],[139.0775924,35.9783246],[139.0776046,35.9783364],[139.0776245,35.9783558],[139.0776411,35.9783709],[139.0776828,35.9784088],[139.0777355,35.9784562],[139.0777822,35.9785019],[139.0777954,35.9785162]]],[[[139.077563,35.9752073],[139.077577,35.9751955],[139.0775935,35.9752056],[139.0776807,35.9751087],[139.0776953,35.9750931],[139.0777502,35.975031],[139.07776,35.9750193],[139.07777538226495,35.975],[139.07729356983347,35.975],[139.0772544,35.9750483],[139.0772535,35.9750539],[139.077258,35.9750607],[139.077522,35.975212],[139.0775292,35.9752161],[139.0775408,35.9752172],[139.0775411,35.9752172],[139.0775445,35.9752168],[139.0775493,35.9752152],[139.077563,35.9752073]]],[[[139.0751223,35.9827375],[139.0750895,35.9826175],[139.0750891,35.9826174],[139.0750774,35.9826187],[139.075068,35.9825853],[139.0750676,35.9825853],[139.0750196,35.9825941],[139.075,35.98260511182796],[139.075,35.98297214420804],[139.0750377,35.9829471],[139.0751336,35.982884],[139.0751544,35.9828718],[139.0751643,35.9828425],[139.0751475,35.9827998],[139.0751223,35.9827375]]],[[[139.0803747,35.9793162],[139.0803344,35.9792967],[139.080322,35.9792923],[139.0803007,35.9792846],[139.0803004,35.9792845],[139.0802986,35.9792845],[139.0802982,35.9792844],[139.0802956,35.9792842],[139.0802888,35.9792885],[139.0802886,35.9792888],[139.080273,35.9793017],[139.0802638,35.9793126],[139.0802525,35.9793285],[139.0802502,35.9793316],[139.0802417,35.9793453],[139.0802326,35.979365],[139.0802253,35.9793887],[139.0802227,35.9794135],[139.0802223,35.9794883],[139.0802223,35.9794895],[139.0802145,35.9795168],[139.0802078,35.9795294],[139.0801862,35.9795732],[139.0801767,35.9795898],[139.0801664,35.9796111],[139.0801478,35.9796477],[139.0801379,35.9796666],[139.0801233,35.9796992],[139.0801115,35.9797259],[139.080097,35.9797579],[139.0800841,35.9797848],[139.0800695,35.9798165],[139.0800608,35.9798358],[139.0800519,35.9798556],[139.0800352,35.979891],[139.0800207,35.9799215],[139.0800036,35.9799625],[139.0799942,35.9799825],[139.0799786,35.9800199],[139.0799626,35.9800585],[139.07994,35.9801133],[139.0799333,35.9801296],[139.0799302,35.9801362],[139.0799297,35.9801386],[139.0799301,35.9801412],[139.0799317,35.9801428],[139.0799339,35.980144],[139.0799375,35.980145],[139.0799399,35.9801453],[139.0799407,35.9801454],[139.0799548,35.9801475],[139.0799863,35.9801522],[139.0799879,35.9801524],[139.0799959,35.9801536],[139.0800335,35.9801594],[139.0800503,35.980162],[139.0800529,35.9801561],[139.0800531,35.9801558],[139.0800587,35.9801347],[139.0800618,35.9801226],[139.0800753,35.9800837],[139.0800839,35.9800593],[139.0800896,35.9800428],[139.0800982,35.9800225],[139.0801052,35.9800078],[139.0801053,35.9800074],[139.0801196,35.9799758],[139.0801425,35.9799217],[139.0801768,35.9798466],[139.0801941,35.9798074],[139.080196,35.979805],[139.0802068,35.979793],[139.0802184,35.9797744],[139.0802259,35.9797606],[139.0802373,35.9797376],[139.0802536,35.9797067],[139.0802655,35.9796842],[139.0802677,35.9796832],[139.0802686,35.9796834],[139.0802691,35.9796834],[139.0802809,35.9796862],[139.0802847,35.9796852],[139.0802974,35.9796775],[139.0803089,35.9796704],[139.0803216,35.9796588],[139.0803317,35.979651],[139.0803443,35.9796434],[139.080367,35.9796318],[139.0803673,35.9796317],[139.0803796,35.9796265],[139.0803863,35.9796247],[139.0804066,35.9796201],[139.0804171,35.9796176],[139.0804175,35.9796176],[139.0804965,35.9796115],[139.0804968,35.9796115],[139.080506,35.9796108],[139.0805064,35.9796108],[139.0805352,35.9796085],[139.0805488,35.979607],[139.0805492,35.9796069],[139.0805791,35.9796004],[139.0805849,35.9795978],[139.0805958,35.9795924],[139.080604,35.979587],[139.0806185,35.9795762],[139.0806347,35.9795671],[139.0806513,35.9795489],[139.0806705,35.9795277],[139.0806831,35.9795138],[139.0806925,35.9795032],[139.0806961,35.9794989],[139.0806968,35.9794975],[139.0806975,35.9794948],[139.0806973,35.9794932],[139.0806961,35.9794904],[139.0806936,35.9794891],[139.0806933,35.9794889],[139.0806893,35.9794865],[139.0806613,35.9794688],[139.0806506,35.9794616],[139.0806117,35.9794381],[139.0806097,35.9794368],[139.0805935,35.979427],[139.0805704,35.979413],[139.0804666,35.9793583],[139.0804307,35.9793427],[139.080418,35.9793372],[139.0804015,35.9793292],[139.0803873,35.9793223],[139.0803831,35.9793203],[139.0803747,35.9793162]]],[[[139.0794783,35.9797035],[139.0794638,35.9796995],[139.0794609,35.9796988],[139.079425,35.9796861],[139.0794246,35.979686],[139.0794059,35.9796807],[139.0794047,35.9796805],[139.0793975,35.9796794],[139.0793971,35.9796793],[139.0793911,35.9796797],[139.0793907,35.9796797],[139.0793855,35.9796813],[139.0793851,35.9796815],[139.0793782,35.9796855],[139.0793653,35.979697],[139.079356,35.9797065],[139.0793478,35.9797175],[139.0793417,35.9797273],[139.0793353,35.9797394],[139.079332,35.9797471],[139.0793312,35.9797515],[139.079332,35.9797558],[139.0793449,35.97978],[139.0793465,35.9798033],[139.0792957,35.9798969],[139.0795069,35.9799818],[139.0796985,35.9800569],[139.0797336,35.9800707],[139.079734,35.9800708],[139.079891,35.9801295],[139.0799283,35.9800583],[139.0799662,35.9799851],[139.0799876,35.9799344],[139.079993,35.9799215],[139.0800301,35.9798479],[139.0800469,35.9798146],[139.080065,35.9797788],[139.0800697,35.9797659],[139.0800686,35.9797592],[139.0800648,35.9797578],[139.0800644,35.9797578],[139.0800612,35.979758],[139.0800567,35.9797603],[139.080045,35.9797668],[139.0800366,35.9797721],[139.0800209,35.9797808],[139.0800053,35.9797873],[139.079991,35.9797916],[139.0799758,35.9797937],[139.0799754,35.9797937],[139.0799643,35.9797935],[139.0799556,35.9797932],[139.0799372,35.9797894],[139.0799122,35.9797827],[139.0798922,35.9797757],[139.0798919,35.9797755],[139.0798589,35.9797613],[139.0797965,35.9797351],[139.0797258,35.979708],[139.0796953,35.9796989],[139.0796604,35.9796901],[139.0796385,35.9796862],[139.0796234,35.9796854],[139.0796098,35.9796857],[139.0796094,35.9796858],[139.0795927,35.9796894],[139.0795648,35.9796982],[139.0795503,35.9797021],[139.0795464,35.979702],[139.0795419,35.9797018],[139.0795351,35.9797006],[139.0795305,35.9796988],[139.0795301,35.9796988],[139.0795237,35.9796974],[139.0795197,35.9796971],[139.0795181,35.9796976],[139.0795162,35.9796994],[139.0795149,35.9797022],[139.0795127,35.9797043],[139.0795091,35.9797065],[139.0795088,35.9797065],[139.0795049,35.979707],[139.0794998,35.9797065],[139.0794898,35.9797056],[139.0794882,35.9797053],[139.0794783,35.9797035]]],[[[139.07710579045226,35.975],[139.0771165,35.9750048],[139.0772024,35.9750404],[139.0772119,35.9750424],[139.0772216,35.9750387],[139.07725764203298,35.975],[139.07710579045226,35.975]]],[[[139.0774151,35.9832133],[139.0774119,35.983215],[139.0773631,35.983242],[139.0773011,35.9832757],[139.07719478793388,35.983333333333334],[139.077951048784,35.983333333333334],[139.0779553,35.9833203],[139.0779557,35.9833131],[139.0779559,35.9833095],[139.0779597,35.9832374],[139.0779609,35.983201],[139.0779609,35.9832005],[139.0779802,35.9830919],[139.0779809,35.9830881],[139.0779883,35.9830079],[139.0779725,35.9829076],[139.0779531,35.9829181],[139.0778961,35.9829495],[139.0778032,35.9830004],[139.0778286,35.9832875],[139.0777873,35.9832906],[139.0777688,35.9830547],[139.0777311,35.9830414],[139.0775675,35.9831304],[139.0774151,35.9832133]]],[[[139.076934,35.977692],[139.0769524,35.977707],[139.0770342,35.9777705],[139.0771643,35.9778738],[139.0772184,35.9779158],[139.0772429,35.9779349],[139.0772495,35.9779366],[139.0772499,35.9779368],[139.077261,35.9779256],[139.0772834,35.9778833],[139.077318,35.9778173],[139.077357,35.9777382],[139.0773647,35.9777238],[139.0773631,35.9777232],[139.0773627,35.9777231],[139.0773676,35.9777139],[139.0773716,35.9777062],[139.0773784,35.9776934],[139.0773803,35.977694],[139.0774078,35.9776428],[139.0774265,35.9776091],[139.0774597,35.9775622],[139.0775119,35.9774974],[139.0775343,35.9774683],[139.0775707,35.977419],[139.0776116,35.977363],[139.0776431,35.9773216],[139.0776634,35.9772958],[139.0776613,35.9772912],[139.0776556,35.9772874],[139.0776481,35.9772841],[139.0776406,35.9772823],[139.0776402,35.9772822],[139.0776274,35.9772813],[139.0776213,35.9772814],[139.077614,35.9772815],[139.0776072,35.9772816],[139.0775884,35.9772815],[139.0775792,35.9772819],[139.0775641,35.9772827],[139.0775449,35.9772857],[139.0775011,35.9772925],[139.077437,35.977306],[139.0774344,35.9773065],[139.0773614,35.9773209],[139.0773378,35.9773261],[139.0772992,35.9773346],[139.0772988,35.9773347],[139.0772449,35.977346],[139.0772284,35.9773502],[139.0772207,35.9773519],[139.0772029,35.977357],[139.0771756,35.9773658],[139.0771546,35.9773731],[139.0771354,35.9773799],[139.0771164,35.9773868],[139.0771175,35.9773883],[139.0771054,35.9773941],[139.0770945,35.9773994],[139.07709,35.9773936],[139.0770769,35.9773987],[139.0770794,35.9774032],[139.0770171,35.9774273],[139.0769447,35.9774504],[139.0769443,35.9774505],[139.0768687,35.977471],[139.0768684,35.9774711],[139.0767871,35.9774892],[139.0767867,35.9774892],[139.0767382,35.9774958],[139.0767058,35.9775002],[139.0767033,35.9775025],[139.0768296,35.9776063],[139.076934,35.977692]]],[[[139.0826722,35.9751824],[139.0826475,35.9751574],[139.082638,35.9751477],[139.0825825,35.9750884],[139.0825822,35.9750881],[139.0825629,35.9750676],[139.0825625,35.9750676],[139.0825273,35.9750697],[139.0824746,35.9751222],[139.0824244,35.9751591],[139.0823867,35.975187],[139.082354,35.9752103],[139.0822367,35.9752821],[139.082183,35.9753137],[139.0821677,35.9753243],[139.0821169,35.9753627],[139.0820707,35.9753981],[139.082061,35.9754056],[139.0820233,35.9754348],[139.0819556,35.9754886],[139.0819421,35.975501],[139.0819401,35.9755029],[139.0819294,35.9755144],[139.081927,35.975517],[139.0819283,35.9755234],[139.0819306,35.9755271],[139.0819372,35.9755368],[139.0819379,35.9755379],[139.0819429,35.9755454],[139.0819565,35.9755636],[139.0819625,35.9755704],[139.0819771,35.9755866],[139.0819992,35.9756112],[139.0820196,35.9756315],[139.0820519,35.9756679],[139.0820672,35.9756833],[139.0820716,35.9756855],[139.0820742,35.9756857],[139.0820754,35.9756858],[139.0820792,35.9756854],[139.0820796,35.9756853],[139.0820848,35.9756847],[139.0820892,35.9756821],[139.0821298,35.975642],[139.0821452,35.9756278],[139.0821516,35.9756214],[139.0821646,35.9756299],[139.0821579,35.9756365],[139.0821425,35.9756508],[139.082102,35.9756906],[139.0820894,35.9757026],[139.0820921,35.9757084],[139.0821073,35.9757263],[139.0821121,35.9757316],[139.0821187,35.975737],[139.0821253,35.9757429],[139.0821348,35.9757488],[139.0821446,35.9757552],[139.0821655,35.9757629],[139.0821659,35.975763],[139.0822473,35.9757907],[139.0822791,35.975802],[139.0823123,35.9758138],[139.0823126,35.975814],[139.0823216,35.9758181],[139.0823251,35.97582],[139.0823273,35.9758207],[139.0823287,35.9758208],[139.0823303,35.9758209],[139.0823307,35.9758209],[139.0823414,35.9758089],[139.0823589,35.9757916],[139.0824064,35.9757412],[139.0824418,35.9757029],[139.0824798,35.9756527],[139.0825218,35.9755953],[139.082533,35.9755802],[139.0825906,35.9755025],[139.0826508,35.9754196],[139.082666,35.9753985],[139.0826885,35.9753634],[139.0826947,35.9753534],[139.0827213,35.975294],[139.0827309,35.9752629],[139.0827308,35.975242],[139.0827289,35.9752401],[139.0826722,35.9751824]]],[[[139.078592,35.9781382],[139.0785885,35.9781379],[139.0785796,35.9781541],[139.0785372,35.9781392],[139.0785357,35.978142],[139.0785253,35.9781587],[139.0784882,35.9782076],[139.0784843,35.9782126],[139.078419,35.9782933],[139.0783774,35.9783457],[139.078314,35.9784297],[139.0783223,35.9784484],[139.0783305,35.9784518],[139.078507,35.9785231],[139.0785822,35.9785536],[139.0785873,35.9785557],[139.0786167,35.9785678],[139.0786895,35.9785955],[139.0787401,35.9786148],[139.0788025,35.9786386],[139.0788963,35.9786747],[139.0789284,35.9786828],[139.0789489,35.97868],[139.0789492,35.9786799],[139.0789509,35.9786759],[139.0790491,35.9787205],[139.0791696,35.9787745],[139.0792302,35.978801],[139.0792441,35.9787961],[139.0792496,35.9787878],[139.0792956,35.9787156],[139.0793023,35.9787056],[139.0793294,35.9786621],[139.0793635,35.9786091],[139.0793779,35.9785901],[139.0793872,35.978578],[139.0793459,35.9785564],[139.079313,35.978539],[139.0792493,35.9785045],[139.0791969,35.9784766],[139.0791482,35.9784429],[139.0791177,35.9784204],[139.0790836,35.9783896],[139.0790399,35.9783564],[139.0790259,35.9783467],[139.0790152,35.9783395],[139.0789787,35.9783164],[139.0789478,35.9782966],[139.0789323,35.9782884],[139.0788249,35.9782345],[139.0787651,35.9782062],[139.0787479,35.9781986],[139.0787476,35.9781987],[139.0787463,35.9782],[139.0787358,35.978196],[139.078737,35.9781942],[139.0787369,35.9781939],[139.0787365,35.9781938],[139.0786694,35.9781676],[139.078592,35.9781382]]],[[[139.0794909,35.976748],[139.0795023,35.9767323],[139.0795139,35.9767161],[139.0795739,35.9766453],[139.0795827,35.9766352],[139.0795912,35.9766254],[139.0795934,35.976613],[139.0795903,35.9766024],[139.07959,35.9766021],[139.079579,35.9765897],[139.0795428,35.9765612],[139.0795197,35.9765476],[139.0794964,35.9765351],[139.0794274,35.9764955],[139.0792898,35.9764213],[139.079238,35.9763939],[139.0792312,35.9763902],[139.0792308,35.9763902],[139.0792241,35.9763892],[139.0792167,35.9763893],[139.0792163,35.9763893],[139.0792065,35.9763908],[139.0792022,35.9763918],[139.0791991,35.9763926],[139.0791953,35.9763936],[139.0791937,35.9763948],[139.0791794,35.9764134],[139.0791766,35.976417],[139.0791435,35.9764604],[139.0791176,35.9764952],[139.0790828,35.9765492],[139.0790791,35.9765548],[139.0790419,35.9766138],[139.0790018,35.9766815],[139.0789787,35.9767141],[139.0789592,35.9767425],[139.0789521,35.9767519],[139.0789381,35.9767705],[139.0789385,35.9767709],[139.0789408,35.976774],[139.0789457,35.9767795],[139.0789528,35.9767839],[139.0789626,35.9767891],[139.0789739,35.9767944],[139.0789847,35.9767973],[139.0790016,35.9767997],[139.0790158,35.9768008],[139.0790361,35.9768005],[139.0790905,35.9767957],[139.0790918,35.9768056],[139.0790369,35.9768103],[139.0790154,35.9768108],[139.079,35.9768095],[139.0789821,35.976807],[139.0789569,35.9768014],[139.0789388,35.9767976],[139.0789264,35.9767946],[139.0789217,35.9767944],[139.0789211,35.9767943],[139.0789184,35.9767949],[139.0789,35.9768174],[139.0788985,35.9768191],[139.0788956,35.9768233],[139.0788591,35.9768749],[139.0788571,35.9768778],[139.0788462,35.976897],[139.0788344,35.9769182],[139.0788242,35.9769352],[139.0788097,35.9769594],[139.078801,35.9769754],[139.0787959,35.9769894],[139.0787961,35.9770036],[139.0787993,35.9770139],[139.0788035,35.9770217],[139.0788079,35.9770289],[139.0788143,35.9770367],[139.0788146,35.9770371],[139.0788224,35.9770434],[139.0788231,35.9770437],[139.0788366,35.9770511],[139.0788511,35.9770559],[139.078918,35.9770856],[139.0789785,35.9771117],[139.0790066,35.9771241],[139.0790403,35.9771388],[139.0790738,35.9771523],[139.0790846,35.9771569],[139.0790875,35.9771579],[139.0791319,35.9771765],[139.0791377,35.9771791],[139.0791474,35.9771834],[139.079195,35.9772041],[139.0791982,35.9771991],[139.079199,35.9771978],[139.0792122,35.977175],[139.0792822,35.9770544],[139.0792877,35.9770449],[139.0792921,35.9770374],[139.0793064,35.9770165],[139.0793616,35.9769357],[139.0793767,35.9769091],[139.0793776,35.9769076],[139.0793818,35.9769003],[139.0794001,35.976869],[139.0794444,35.9768107],[139.0794874,35.9767529],[139.0794909,35.976748]]],[[[139.0768612,35.9751782],[139.0768616,35.9751782],[139.0768733,35.9751782],[139.0768737,35.9751783],[139.0768964,35.9751567],[139.0769126,35.9751418],[139.0769325,35.9751281],[139.0769899,35.9750866],[139.0770198,35.9750629],[139.0770353,35.9750478],[139.0770631,35.9750223],[139.0770408,35.9750113],[139.0770182,35.975],[139.0758455753894,35.975],[139.0758265,35.9750172],[139.0757795,35.975068],[139.0757494,35.9751053],[139.0757077,35.9751571],[139.0756836,35.9751865],[139.0756847,35.9751896],[139.0756864,35.9751922],[139.0756895,35.9751953],[139.0756957,35.9751977],[139.0756967,35.9751977],[139.0756983,35.9751976],[139.075724,35.9751917],[139.0757243,35.9751916],[139.0757471,35.9751858],[139.0757902,35.9751748],[139.075807,35.9751572],[139.0758774,35.9750852],[139.0759084,35.9750526],[139.0759609163752,35.975],[139.07600776945245,35.975],[139.0760944,35.9750244],[139.0761495,35.975036],[139.0761499,35.9750361],[139.0761769,35.9750445],[139.0762231,35.9750635],[139.0763172,35.9751186],[139.0763839,35.9751591],[139.0764391,35.9751928],[139.0764503,35.9751997],[139.07646,35.9752052],[139.0764679,35.9752098],[139.0764682,35.9752099],[139.0764732,35.9752016],[139.0764969,35.9751596],[139.0765342,35.9750997],[139.0765414,35.9750886],[139.0765604,35.9750681],[139.0765706,35.9750627],[139.0765796,35.9750598],[139.076593,35.9750589],[139.0765934,35.9750589],[139.0766006,35.9750591],[139.0766083,35.9750593],[139.0766243,35.9750634],[139.0766475,35.9750724],[139.0766896,35.9750939],[139.0767968,35.97515],[139.0768463,35.9751758],[139.0768466,35.9751759],[139.0768516,35.9751773],[139.0768612,35.9751782]]],[[[139.075,35.98301991319312],[139.075,35.98322364117647],[139.0750214,35.9832463],[139.0750537,35.9832807],[139.0750853,35.9833144],[139.07510308003384,35.983333333333334],[139.07542416873386,35.983333333333334],[139.0754071,35.9833094],[139.0753907,35.9832847],[139.0753603,35.9832324],[139.075341,35.983199],[139.0753313,35.9831838],[139.0753233,35.9831697],[139.0752667,35.9830707],[139.0752632,35.9830633],[139.0752442,35.9830211],[139.0752338,35.9830241],[139.0751907,35.9829265],[139.0751869,35.982918],[139.0751662,35.9829134],[139.075095,35.9829577],[139.075,35.98301991319312]]],[[[139.0799289,35.9771841],[139.0799743,35.9771335],[139.0800004,35.9771454],[139.080082,35.9771826],[139.0800923,35.9771873],[139.0801698,35.9772216],[139.0801845,35.9772239],[139.0801848,35.977224],[139.0801944,35.9772113],[139.080213,35.9771911],[139.0802259,35.9771739],[139.0802677,35.9771189],[139.0802918,35.9770773],[139.0803451,35.9770046],[139.0803556,35.976987],[139.0803522,35.9769842],[139.0803464,35.9769793],[139.080341,35.9769749],[139.0803406,35.9769749],[139.0803175,35.976965],[139.0802691,35.976944],[139.0802258,35.9769257],[139.0802255,35.9769256],[139.0801775,35.9769054],[139.0801199,35.976881],[139.0801177,35.9768801],[139.080033,35.9768405],[139.0800327,35.9768404],[139.0800268,35.9768395],[139.0800242,35.9768414],[139.0799996,35.97686],[139.0799898,35.9768675],[139.0799661,35.9768966],[139.0799601,35.976904],[139.0799478,35.9769192],[139.0799182,35.9769556],[139.0799104,35.9769665],[139.0799077,35.9769703],[139.0798957,35.9769843],[139.0798757,35.9769731],[139.0798871,35.9769597],[139.0798959,35.9769474],[139.0798975,35.9769452],[139.0799311,35.9769038],[139.0799469,35.9768841],[139.07997,35.9768565],[139.0799924,35.9768284],[139.0799941,35.9768262],[139.0799948,35.9768247],[139.0799949,35.9768226],[139.0799746,35.9768132],[139.0798898,35.9767731],[139.0798179,35.9767339],[139.0798175,35.9767339],[139.0798155,35.9767336],[139.0798117,35.9767342],[139.0798113,35.9767343],[139.0798097,35.976735],[139.0798077,35.9767365],[139.0798032,35.9767392],[139.0797794,35.9767569],[139.0797184,35.9768314],[139.0796961,35.9768506],[139.0796704,35.9768609],[139.0796533,35.976863],[139.0796489,35.9768398],[139.0796616,35.9768382],[139.0796787,35.9768314],[139.0796958,35.9768168],[139.079712,35.976797],[139.0797546,35.9767449],[139.0797721,35.976717],[139.0797736,35.9767144],[139.0797739,35.976712],[139.0797736,35.9767097],[139.0797591,35.976702],[139.0797108,35.9766724],[139.0796528,35.9766371],[139.0796494,35.9766375],[139.0796478,35.9766377],[139.0796456,35.97664],[139.0796317,35.9766527],[139.0796147,35.9766684],[139.0795583,35.9767332],[139.079555,35.976737],[139.0795266,35.9767735],[139.0795145,35.9767879],[139.0794795,35.9768299],[139.0794354,35.9768881],[139.079428,35.9769006],[139.0794121,35.9769279],[139.0794075,35.976936],[139.0794124,35.9769383],[139.0794516,35.976957],[139.0795346,35.9769959],[139.079535,35.976996],[139.0796323,35.9770414],[139.07965,35.9770507],[139.0796503,35.9770509],[139.0796588,35.9770553],[139.0796797,35.9770667],[139.0796971,35.9770766],[139.0796844,35.9770878],[139.0796701,35.9770785],[139.0796666,35.9770781],[139.0796609,35.9770832],[139.0796553,35.9770892],[139.0796489,35.9770999],[139.0796408,35.9771139],[139.0796327,35.9771269],[139.0796238,35.9771449],[139.0796173,35.9771547],[139.0796086,35.9771617],[139.0796083,35.9771618],[139.0795964,35.9771668],[139.079593,35.9771671],[139.0795886,35.9771674],[139.0795882,35.9771674],[139.0795738,35.9771661],[139.0795598,35.9771628],[139.0795537,35.9771637],[139.0795491,35.9771652],[139.0795446,35.9771676],[139.0795385,35.9771725],[139.0795117,35.97716],[139.0795104,35.977156],[139.0795081,35.9771519],[139.0795047,35.9771482],[139.0795002,35.9771444],[139.0794938,35.977141],[139.0794684,35.9771317],[139.079468,35.9771316],[139.0794389,35.9771219],[139.0793836,35.9771034],[139.0793358,35.9770879],[139.0793281,35.9770858],[139.0793277,35.9770857],[139.0793172,35.977085],[139.0792989,35.9771162],[139.0792866,35.9771379],[139.0792563,35.977191],[139.0792614,35.977195],[139.0792686,35.9771997],[139.0792768,35.9772035],[139.0792995,35.9772122],[139.0793396,35.9772309],[139.0793982,35.9772604],[139.0794499,35.977286],[139.0794798,35.9773018],[139.0794859,35.9773059],[139.0795118,35.9773192],[139.0795225,35.9773247],[139.0795439,35.9773346],[139.0796091,35.9773651],[139.0796136,35.9773673],[139.0796652,35.9773869],[139.0796906,35.9773832],[139.079691,35.9773832],[139.0797184,35.977371],[139.0798162,35.9772821],[139.0798678,35.9772357],[139.0798713,35.9772327],[139.0798844,35.9772248],[139.0799094,35.977202],[139.0799289,35.9771841]]],[[[139.0795467,35.9791724],[139.0794345,35.9793201],[139.0793972,35.9793653],[139.0793928,35.9793711],[139.079283,35.9795187],[139.0792587,35.9795515],[139.0792529,35.9795591],[139.0792353,35.9795825],[139.0791735,35.9796646],[139.079184,35.9796816],[139.0792118,35.9796957],[139.0792373,35.9797089],[139.0792498,35.9797146],[139.0792634,35.9797208],[139.0792799,35.9797279],[139.0792853,35.9797296],[139.0792906,35.9797303],[139.0792914,35.9797304],[139.0792968,35.9797303],[139.0793016,35.9797294],[139.0793068,35.9797269],[139.0793116,35.9797238],[139.0793288,35.9797077],[139.0793352,35.9797006],[139.0793423,35.9796914],[139.0793497,35.9796816],[139.0793576,35.9796728],[139.0793644,35.9796671],[139.0793711,35.9796635],[139.0793772,35.9796613],[139.0793837,35.9796605],[139.0793912,35.9796604],[139.0793969,35.9796606],[139.0793972,35.9796606],[139.0794054,35.9796623],[139.0794287,35.9796689],[139.07945,35.9796758],[139.0794786,35.9796839],[139.0794958,35.9796866],[139.0794998,35.9796871],[139.0795117,35.9796884],[139.0795245,35.979689],[139.0795325,35.9796883],[139.0795329,35.9796883],[139.0795481,35.9796856],[139.0795662,35.9796798],[139.0795824,35.979674],[139.0795827,35.9796739],[139.0795954,35.9796708],[139.0796141,35.9796678],[139.079631,35.9796667],[139.0796314,35.9796667],[139.0796587,35.9796697],[139.0796655,35.9796705],[139.0796962,35.9796768],[139.0797257,35.9796845],[139.0797299,35.9796786],[139.0798139,35.9797129],[139.0798649,35.9797341],[139.0798652,35.9797342],[139.0798749,35.9797379],[139.079902,35.9797487],[139.0799024,35.9797488],[139.0799401,35.9797623],[139.0799405,35.9797624],[139.0799599,35.9797682],[139.0799702,35.9797706],[139.0799733,35.9797704],[139.0799747,35.9797704],[139.0799962,35.9797633],[139.0800136,35.9797575],[139.0800287,35.9797494],[139.0800676,35.9797191],[139.0800701,35.9797164],[139.0800718,35.979714],[139.0800748,35.9797073],[139.080087,35.9796776],[139.0800956,35.9796546],[139.0801038,35.9796391],[139.0801113,35.9796412],[139.0801242,35.9796446],[139.0801647,35.9795681],[139.0801726,35.9795549],[139.0801789,35.9795421],[139.0801869,35.9795163],[139.0801888,35.9795103],[139.0801922,35.979488],[139.0801924,35.9794874],[139.080192,35.979476],[139.0801924,35.9794336],[139.0801937,35.9794078],[139.0801972,35.9793887],[139.0802032,35.9793692],[139.0802117,35.9793474],[139.0802268,35.9793189],[139.0802478,35.979284],[139.0802484,35.979283],[139.0802544,35.9792727],[139.0802477,35.9792541],[139.0802139,35.9792395],[139.0801038,35.9791934],[139.080037,35.9791665],[139.079982,35.979143],[139.0799057,35.9791142],[139.0798423,35.9790905],[139.0797669,35.9790623],[139.0797666,35.9790622],[139.0797115,35.9790424],[139.0796896,35.9790349],[139.0796892,35.9790348],[139.0796811,35.9790337],[139.0796737,35.9790334],[139.0796633,35.9790347],[139.079661,35.979035],[139.0796522,35.9790375],[139.079645,35.9790409],[139.0796358,35.9790483],[139.0796267,35.9790596],[139.0795599,35.9791535],[139.0795467,35.9791724]]],[[[139.0819113,35.9755452],[139.0819064,35.9755446],[139.0818855,35.9755615],[139.0818443,35.9756012],[139.0818143,35.9756255],[139.0817669,35.9756612],[139.0817182,35.9757002],[139.0817168,35.9757013],[139.0816404,35.9757579],[139.0815874,35.9757988],[139.0815249,35.9758422],[139.0815221,35.9758444],[139.0815048,35.9758572],[139.0815011,35.9758604],[139.0815001,35.9758637],[139.0815015,35.9758666],[139.0815026,35.9758687],[139.0815042,35.9758727],[139.0814911,35.9758813],[139.0814638,35.975896],[139.0814601,35.9758979],[139.0814648,35.9759171],[139.081554,35.9759929],[139.0815804,35.9760133],[139.0815956,35.9760189],[139.0816601,35.9760435],[139.0816434,35.9760787],[139.0816431,35.9760787],[139.0815687,35.9760552],[139.08156,35.9760519],[139.0815526,35.9760463],[139.0815205,35.9760194],[139.0814243,35.9759373],[139.0814239,35.9759372],[139.0814048,35.9759346],[139.081395,35.9759332],[139.0813904,35.9759357],[139.0813572,35.9759537],[139.0813545,35.9759552],[139.0813531,35.975956],[139.0813526,35.9759562],[139.0813504,35.9759575],[139.0813408,35.9759629],[139.0813386,35.9759642],[139.0813339,35.9759668],[139.081264,35.9759934],[139.0812261,35.9760131],[139.0812252,35.9760136],[139.0812223,35.9760154],[139.0812214,35.9760163],[139.0812211,35.9760171],[139.0812209,35.976018],[139.0812209,35.9760192],[139.081221,35.97602],[139.0812218,35.9760234],[139.0812307,35.9760577],[139.0812581,35.9761654],[139.0812793,35.9762427],[139.0812857,35.9762696],[139.0812897,35.9762911],[139.0812919,35.9763116],[139.0812922,35.9763364],[139.0812893,35.9763565],[139.0812826,35.9763804],[139.081273,35.9764023],[139.0812665,35.9764176],[139.0812622,35.9764289],[139.0812626,35.9764374],[139.0812633,35.976441],[139.0812655,35.9764433],[139.0812674,35.9764452],[139.0812729,35.9764467],[139.0812802,35.9764471],[139.0812861,35.9764461],[139.0813001,35.9764422],[139.0813004,35.9764421],[139.0813262,35.9764347],[139.0813779,35.976419],[139.0814549,35.9763963],[139.0814812,35.9763886],[139.0815618,35.976366],[139.0816184,35.9763456],[139.0816536,35.9763324],[139.081654,35.9763323],[139.0817113,35.9763084],[139.0817204,35.9763047],[139.0817212,35.9763045],[139.081755,35.9762909],[139.0817536,35.9762893],[139.0817609,35.976286],[139.0818719,35.9762591],[139.0818739,35.9762586],[139.0819247,35.9762423],[139.0819411,35.9762358],[139.081956,35.9762299],[139.0819716,35.9762198],[139.0819929,35.976204],[139.0820038,35.9761951],[139.0820353,35.9761565],[139.0820619,35.9761273],[139.0820636,35.9761253],[139.0820951,35.9760887],[139.0821155,35.9760632],[139.0821577,35.9760164],[139.0822997,35.9758539],[139.0823079,35.9758436],[139.082309,35.9758411],[139.0823075,35.9758388],[139.0823065,35.9758376],[139.0823002,35.9758351],[139.082261,35.9758211],[139.0822357,35.9758121],[139.0822354,35.975812],[139.082155,35.9757823],[139.0821375,35.9757761],[139.0821264,35.9757718],[139.082126,35.9757717],[139.0821173,35.9757663],[139.0821065,35.975757],[139.0821,35.9757513],[139.0820927,35.9757453],[139.0820869,35.9757389],[139.0820679,35.9757138],[139.0820531,35.9756955],[139.0820385,35.9756761],[139.0820233,35.9756589],[139.0820064,35.9756397],[139.0819861,35.9756195],[139.0819637,35.9755949],[139.0819426,35.9755711],[139.0819255,35.975555],[139.0819195,35.9755489],[139.0819161,35.9755472],[139.0819117,35.9755452],[139.0819113,35.9755452]]],[[[139.0786925,35.9763283],[139.0787266,35.9762938],[139.0787458,35.9762742],[139.0788513,35.9761706],[139.0788523,35.9761673],[139.078853,35.9761636],[139.0788491,35.9761596],[139.0788369,35.9761484],[139.0787234,35.9760545],[139.0786509,35.9759937],[139.0786048,35.9759585],[139.0785812,35.9759405],[139.0785525,35.9759181],[139.0785469,35.9759145],[139.0785465,35.9759145],[139.0785452,35.9759144],[139.0785444,35.9759144],[139.0785422,35.9759142],[139.0785396,35.9759152],[139.0785375,35.9759169],[139.0785187,35.9759445],[139.0784814,35.9759926],[139.0784302,35.9760498],[139.0784015,35.9760789],[139.0783738,35.9761108],[139.0783632,35.9761234],[139.0783514,35.9761327],[139.0783425,35.9761386],[139.0783332,35.9761438],[139.0783213,35.9761506],[139.0783066,35.9761565],[139.0782921,35.976159],[139.0782824,35.9761593],[139.0782735,35.9761595],[139.0782732,35.9761595],[139.078256,35.9761579],[139.0782409,35.9761542],[139.0782483,35.9761284],[139.078262,35.9761313],[139.0782745,35.9761324],[139.0782749,35.9761325],[139.0782822,35.9761323],[139.078288,35.9761321],[139.0782955,35.9761308],[139.0783042,35.9761273],[139.0783145,35.9761215],[139.0783228,35.9761169],[139.0783293,35.9761126],[139.0783376,35.9761059],[139.0783605,35.9760793],[139.0783747,35.9760627],[139.0784036,35.9760334],[139.0784538,35.9759775],[139.0784897,35.975931],[139.0785061,35.9759085],[139.0785125,35.9759001],[139.078514,35.9758948],[139.0785125,35.975891],[139.0785109,35.9758873],[139.0784927,35.9758702],[139.0784695,35.9758525],[139.0783915,35.9757892],[139.0783223,35.9757342],[139.0782683,35.9756913],[139.078216,35.9756597],[139.078212,35.9756573],[139.0782097,35.9756559],[139.0782074,35.9756561],[139.078207,35.9756562],[139.0781901,35.9756578],[139.0781857,35.9756628],[139.0781564,35.9756963],[139.0781128,35.9757516],[139.0780811,35.9757917],[139.0780069,35.9758813],[139.0779593,35.9759387],[139.0779286,35.9759787],[139.07792,35.9759901],[139.0778836,35.9760367],[139.0778634,35.9760658],[139.0778177,35.9761277],[139.0778116,35.9761353],[139.0777893,35.9761632],[139.0777624,35.9761969],[139.077753,35.9762107],[139.077749,35.9762199],[139.077748,35.976228],[139.0777506,35.9762393],[139.0777511,35.9762412],[139.0777609,35.9762566],[139.0777697,35.9762653],[139.0777903,35.9762828],[139.0778696,35.9763417],[139.0778894,35.9763548],[139.0778933,35.9763574],[139.077903,35.9763638],[139.077926,35.9763788],[139.0779921,35.9764155],[139.0780651,35.9764537],[139.0780703,35.9764565],[139.0780899,35.9764662],[139.0781217,35.976482],[139.0781991,35.9765234],[139.0782547,35.9765531],[139.0782922,35.9765768],[139.0783003,35.9765827],[139.0783215,35.9765982],[139.0783426,35.9766122],[139.0783496,35.976616],[139.0783568,35.9766178],[139.078365,35.9766179],[139.0783653,35.9766178],[139.0783721,35.9766168],[139.0783796,35.9766138],[139.0783929,35.9766065],[139.0784334,35.9765709],[139.0784703,35.9765428],[139.0785942,35.9764237],[139.0786906,35.9763302],[139.0786925,35.9763283]]],[[[139.0764192,35.9806908],[139.0763804,35.9807151],[139.0762702,35.9807893],[139.0762668,35.9808042],[139.0762724,35.9808086],[139.0764521,35.9809528],[139.0764811,35.980976],[139.0765372,35.9810208],[139.0765482,35.9810297],[139.0767546,35.9811954],[139.0769347,35.9813374],[139.0770142,35.9813982],[139.0770145,35.9813983],[139.0770493,35.9813669],[139.0770499,35.9813658],[139.077057,35.9813523],[139.0770725,35.9813347],[139.0770951,35.9813133],[139.0771318,35.981281],[139.0771476,35.981267],[139.0771659,35.9812489],[139.0771806,35.9812311],[139.077204,35.9811959],[139.0772054,35.9811938],[139.0772165,35.981168],[139.0772251,35.9811465],[139.0772321,35.9811153],[139.0772382,35.9810914],[139.0772393,35.9810826],[139.0772453,35.9810505],[139.0772492,35.981033],[139.0772553,35.9810186],[139.0772683,35.9809892],[139.0772791,35.9809663],[139.0772884,35.9809462],[139.0773089,35.9809128],[139.0773319,35.9808766],[139.0773346,35.9808715],[139.0773428,35.9808562],[139.077315,35.9808217],[139.0772357,35.9807182],[139.0771045,35.9805383],[139.0770966,35.9805282],[139.0770514,35.9804702],[139.0770185,35.9804274],[139.0770125,35.9804193],[139.0770065,35.9804115],[139.077003,35.9804069],[139.0769839,35.980382],[139.0769457,35.9803312],[139.0769433,35.9803281],[139.0769376,35.9803274],[139.0769332,35.9803284],[139.076863,35.980372],[139.0767801,35.9804359],[139.0766743,35.9805172],[139.0766204,35.9805589],[139.0765722,35.9805937],[139.0765037,35.980637],[139.076429,35.9806847],[139.0764192,35.9806908]]],[[[139.075,35.98247775578232],[139.0750258,35.9824557],[139.075,35.98241725539783],[139.075,35.98247775578232]]],[[[139.0784553,35.9824393],[139.0784568,35.9824404],[139.0784663,35.982447],[139.0784722,35.9824536],[139.0784788,35.9824581],[139.0784863,35.9824602],[139.0784923,35.9824602],[139.0784988,35.9824599],[139.0784993,35.9824597],[139.0785064,35.9824582],[139.0785128,35.9824545],[139.0785186,35.9824486],[139.078519,35.9824476],[139.0785209,35.982443],[139.0785215,35.9824374],[139.0785201,35.9824327],[139.0784828,35.9823855],[139.0783234,35.9821475],[139.0783,35.9821126],[139.0782889,35.9820974],[139.0782155,35.9819968],[139.0781479,35.9819049],[139.078121,35.9818681],[139.078086,35.9818209],[139.0780089,35.9817164],[139.0779453,35.981633],[139.0779105,35.9815869],[139.077854,35.981514],[139.0778283,35.981481],[139.0777906,35.9814328],[139.0777476,35.981375],[139.0776845,35.981292],[139.0775909,35.9811701],[139.0775533,35.9811216],[139.0775135,35.9810701],[139.0775052,35.9810744],[139.0774636,35.9810215],[139.0774425,35.9809949],[139.0774164,35.9809621],[139.0773744,35.9809103],[139.0773141,35.9809495],[139.0773056,35.9809824],[139.0772443,35.9811599],[139.0771954,35.981263],[139.0770365,35.9814063],[139.0770313,35.9814113],[139.0770351,35.9814141],[139.077146,35.9814972],[139.0771468,35.9814977],[139.0771616,35.9815088],[139.0772396,35.981567],[139.0772488,35.9815739],[139.0772975,35.9816102],[139.0773073,35.9816175],[139.077338,35.9816403],[139.0773444,35.9816451],[139.0773557,35.9816536],[139.0775439,35.9817909],[139.0776484,35.9818659],[139.0777359,35.9819287],[139.0778646,35.9820224],[139.0779374,35.9820742],[139.0781274,35.9822091],[139.0781449,35.9822215],[139.0781765,35.9822439],[139.078184,35.9822494],[139.0782541,35.9822992],[139.0784553,35.9824393]]],[[[139.0790722,35.9765073],[139.0790886,35.9764818],[139.0791149,35.9764466],[139.0791691,35.9763727],[139.0791702,35.9763699],[139.0791708,35.9763683],[139.0791718,35.9763649],[139.0791721,35.9763628],[139.0791717,35.9763604],[139.0791713,35.9763583],[139.0791698,35.9763559],[139.0791685,35.9763544],[139.079165,35.9763521],[139.079134,35.976335],[139.0791102,35.9763218],[139.0790434,35.9762836],[139.0790283,35.976275],[139.0790159,35.9762679],[139.0789075,35.9762052],[139.0788774,35.9761866],[139.0788739,35.9761844],[139.0788702,35.9761841],[139.0788664,35.9761851],[139.0788654,35.9761856],[139.0788648,35.976186],[139.0788636,35.976187],[139.0788613,35.9761894],[139.0788589,35.976192],[139.0787641,35.9762859],[139.0787289,35.9763187],[139.0787068,35.9763393],[139.078706,35.97634],[139.0786123,35.9764359],[139.0785114,35.9765305],[139.0785015,35.9765398],[139.0784856,35.9765547],[139.078431,35.9766],[139.0784266,35.9766037],[139.0784295,35.9766129],[139.0784157,35.976625],[139.078375,35.9766607],[139.0783251,35.9767044],[139.0782754,35.9767506],[139.0782354,35.9767843],[139.0782046,35.9768095],[139.0782018,35.9768134],[139.0781978,35.9768213],[139.0781963,35.9768243],[139.0781815,35.9768528],[139.0781658,35.9768712],[139.078146,35.9768926],[139.0781442,35.9768946],[139.0781364,35.9769052],[139.0781426,35.9769292],[139.0781477,35.9769316],[139.078195,35.9769569],[139.0782376,35.9769797],[139.0782641,35.9769941],[139.0783154,35.9770211],[139.0783391,35.9770333],[139.0783466,35.9770379],[139.0783837,35.9770603],[139.0783862,35.9770617],[139.0783781,35.9770849],[139.0783509,35.9771583],[139.0783168,35.9772506],[139.0783155,35.9772542],[139.0783312,35.9772932],[139.078362,35.9773092],[139.0783702,35.9773137],[139.078371,35.9773141],[139.0785256,35.9773738],[139.0785413,35.9773697],[139.0785417,35.9773696],[139.078581,35.977299],[139.0786313,35.9773176],[139.0786317,35.9773176],[139.0785928,35.9773871],[139.0786024,35.9774036],[139.078606,35.9774099],[139.0787252,35.977451],[139.078728,35.977452],[139.0787377,35.9774554],[139.0787679,35.9774657],[139.07879,35.9774733],[139.0787924,35.9774742],[139.0788052,35.9774797],[139.0788409,35.9774948],[139.0788529,35.9774999],[139.0788664,35.9774937],[139.0788752,35.9774897],[139.0789035,35.9774764],[139.0789055,35.9774755],[139.0789191,35.9774691],[139.0789499,35.977457],[139.0789794,35.977445],[139.0789851,35.9774426],[139.079035,35.977422],[139.0790395,35.9774202],[139.0790421,35.9774179],[139.0790542,35.9774071],[139.0790492,35.9774032],[139.0790545,35.9773987],[139.0790561,35.9773999],[139.0790759,35.9773823],[139.0790874,35.9773695],[139.079118,35.9773391],[139.0791382,35.9773027],[139.0791774,35.9772314],[139.0791139,35.9771998],[139.0790712,35.9771796],[139.0790267,35.9771585],[139.0789654,35.9771316],[139.0789496,35.9771247],[139.0789049,35.9771054],[139.0788392,35.9770763],[139.0788266,35.9770663],[139.0788171,35.9770565],[139.0788168,35.9770561],[139.0788134,35.9770526],[139.078806,35.9770429],[139.0787984,35.9770334],[139.0787935,35.9770255],[139.0787888,35.9770168],[139.078785,35.9770047],[139.0787846,35.9769895],[139.0787856,35.9769723],[139.0787914,35.9769529],[139.0788163,35.9769112],[139.0788237,35.9768968],[139.0788347,35.9768754],[139.0788339,35.9768724],[139.0788309,35.9768707],[139.0788305,35.9768708],[139.0788268,35.976872],[139.0788057,35.9768811],[139.0787893,35.9768864],[139.0787671,35.9768928],[139.0787667,35.9768929],[139.0787497,35.9768964],[139.0787481,35.9768967],[139.0787313,35.9768993],[139.0787309,35.9768993],[139.0787062,35.9769014],[139.0787059,35.9769014],[139.07869,35.9769017],[139.0786862,35.9769032],[139.0786855,35.9769058],[139.0786877,35.9769084],[139.0786994,35.9769147],[139.0787083,35.9769203],[139.0787181,35.976928],[139.0787239,35.9769349],[139.0787276,35.9769429],[139.0787296,35.9769521],[139.0787312,35.9769664],[139.0787308,35.9769664],[139.0787195,35.9769672],[139.0787166,35.9769674],[139.0787154,35.9769536],[139.0787136,35.976946],[139.0787111,35.9769403],[139.0787069,35.9769356],[139.0786987,35.9769292],[139.078691,35.9769244],[139.0786783,35.9769178],[139.0786691,35.9769141],[139.078667,35.9769132],[139.0786666,35.9769131],[139.0786558,35.9769087],[139.0786447,35.976905],[139.0786439,35.9769048],[139.0786317,35.9769066],[139.078623,35.9769085],[139.0786045,35.9769152],[139.0785804,35.9769271],[139.078569,35.9769118],[139.0785941,35.9768992],[139.0786045,35.9768955],[139.0786159,35.9768915],[139.0786265,35.9768891],[139.0786269,35.9768891],[139.078632,35.9768882],[139.0786361,35.9768876],[139.0786401,35.976887],[139.0786404,35.9768869],[139.0786649,35.9768842],[139.0786893,35.9768837],[139.0786897,35.9768837],[139.0787047,35.9768835],[139.0787278,35.9768815],[139.078743,35.9768791],[139.0787434,35.9768791],[139.0787603,35.9768756],[139.0787606,35.9768756],[139.0787813,35.9768695],[139.0787963,35.9768646],[139.0788157,35.9768564],[139.0788335,35.9768474],[139.078849,35.9768382],[139.0788758,35.9768062],[139.0788799,35.9768008],[139.0789052,35.9767691],[139.0789355,35.9767309],[139.0789545,35.976703],[139.0789771,35.976671],[139.0790169,35.976604],[139.0790542,35.9765351],[139.0790662,35.9765167],[139.0790722,35.9765073]]],[[[139.0782266,35.9819069],[139.0782726,35.9819692],[139.078405,35.9821509],[139.0784052,35.9821512],[139.0784449,35.9820298],[139.0784712,35.9819485],[139.0784708,35.9819268],[139.0784887,35.9818915],[139.0784978,35.9818735],[139.0785507,35.9817642],[139.0785686,35.981737],[139.0785823,35.9817205],[139.0785933,35.9817094],[139.0786295,35.9816776],[139.0786801,35.9816374],[139.0786997,35.9816171],[139.0787048,35.9816108],[139.0787137,35.9815976],[139.0787217,35.981583],[139.0787441,35.9815282],[139.0787634,35.9814816],[139.0787637,35.9814733],[139.0787609,35.9814658],[139.0787589,35.9814624],[139.0787562,35.9814604],[139.0787515,35.9814585],[139.0784515,35.981377],[139.0784344,35.9813723],[139.0783839,35.9813597],[139.0783784,35.9813582],[139.0783766,35.9813568],[139.0783707,35.9813492],[139.0783813,35.9813293],[139.0783814,35.9813241],[139.0783866,35.9813172],[139.0785017,35.9811654],[139.0785094,35.9811554],[139.078585,35.9810565],[139.0786371,35.9809885],[139.0787005,35.9809055],[139.078711,35.9808919],[139.0787102,35.9808599],[139.0786737,35.9808261],[139.0786426,35.9807974],[139.0786387,35.9807936],[139.0785534,35.9807088],[139.0784075,35.9805781],[139.0784066,35.9805781],[139.078368,35.9805782],[139.0782071,35.9807334],[139.0781656,35.9807735],[139.0781586,35.9807803],[139.0780173,35.9809165],[139.0779493,35.9809795],[139.0779505,35.981002],[139.0779903,35.9810299],[139.0780127,35.9810455],[139.0781138,35.9811136],[139.0780859,35.981141],[139.0779842,35.9810727],[139.0779215,35.9810285],[139.0778918,35.9810328],[139.0778759,35.9810469],[139.0778594,35.9810616],[139.077815,35.9811024],[139.0778039,35.981112],[139.0777773,35.9811351],[139.0777574,35.9811523],[139.0777459,35.9811621],[139.0777354,35.9811712],[139.0777211,35.9811847],[139.0777104,35.9811986],[139.0777046,35.981208],[139.077705,35.981213],[139.0777053,35.9812173],[139.0778341,35.9813859],[139.0778806,35.9814467],[139.077952,35.9815403],[139.0779523,35.9815407],[139.0779568,35.981521],[139.0779633,35.9814943],[139.0779717,35.9814621],[139.0779789,35.9814297],[139.0779798,35.9814261],[139.0779821,35.9814162],[139.0779874,35.9813941],[139.0779952,35.9813613],[139.0780002,35.9813413],[139.0780035,35.9813294],[139.0780087,35.9813091],[139.0780133,35.9812904],[139.0780154,35.9812832],[139.0780171,35.9812787],[139.0780204,35.9812718],[139.0780259,35.9812642],[139.078033,35.9812574],[139.0780356,35.9812556],[139.0780467,35.9812604],[139.0780411,35.9812641],[139.0780357,35.9812692],[139.0780319,35.981276],[139.0780295,35.9812825],[139.0780283,35.9812859],[139.0780265,35.9812927],[139.0780218,35.9813112],[139.0780167,35.9813317],[139.0780134,35.9813436],[139.0780099,35.9813571],[139.0780082,35.9813635],[139.0780006,35.9813962],[139.0779928,35.9814281],[139.0779909,35.9814367],[139.077986,35.9814607],[139.0779838,35.9814715],[139.0779834,35.9814733],[139.0779783,35.9815023],[139.0779731,35.9815235],[139.0779653,35.9815577],[139.0781489,35.9818012],[139.0782266,35.9819069]]],[[[139.0751665,35.9761941],[139.0752419,35.9762577],[139.0752471,35.9762622],[139.0752703,35.9762823],[139.0753006,35.9763088],[139.0753516,35.9763532],[139.0753531,35.976352],[139.0753708,35.976335],[139.0753979,35.9763086],[139.0754294,35.9762714],[139.0754873,35.9762031],[139.0755098,35.976177],[139.0755315,35.976152],[139.0755859,35.9760923],[139.0756021,35.9760743],[139.0756204,35.9760544],[139.0756981,35.9759655],[139.0756991,35.9759526],[139.0757144,35.9759402],[139.0757278,35.9759393],[139.075756,35.9759083],[139.0757704,35.9758922],[139.0757842,35.975877],[139.0757905,35.9758707],[139.0758337,35.9758281],[139.0758558,35.9758064],[139.0758611,35.9758011],[139.0758684,35.9757947],[139.0758773,35.975787],[139.0759493,35.9757228],[139.0759818,35.9756941],[139.0760086,35.9756704],[139.0761153,35.9755834],[139.076132,35.975568],[139.07614,35.9755608],[139.0761955,35.975504],[139.0762165,35.9754826],[139.0762272,35.9754716],[139.0762455,35.9754538],[139.0762915,35.9754091],[139.0763446,35.9753579],[139.0763504,35.9753529],[139.0763584,35.9753458],[139.076363,35.9753383],[139.0763706,35.975331],[139.0763984,35.975306],[139.0764,35.9753043],[139.0764174,35.9752858],[139.076428,35.9752736],[139.0764448,35.9752485],[139.0764527,35.9752347],[139.0764608,35.9752207],[139.0764429,35.9752087],[139.0764221,35.9751964],[139.0763623,35.9751608],[139.0762203,35.9750754],[139.0761719,35.975053],[139.0761656,35.9750502],[139.0760922,35.9750333],[139.0759763,35.9750019],[139.0759648,35.9750135],[139.0759191,35.975059],[139.0759074,35.9750697],[139.0759248,35.9750792],[139.0759045,35.975101],[139.0758607,35.9751513],[139.0758131,35.9751956],[139.0758096,35.9751969],[139.0757373,35.9752124],[139.0756954,35.9752244],[139.075641,35.975251],[139.0755994,35.9752888],[139.0755864,35.9752991],[139.0755302,35.9753439],[139.0755094,35.9753631],[139.0754407,35.9754261],[139.0754375,35.9754292],[139.0754327,35.9754336],[139.0754251,35.9754399],[139.0754217,35.9754426],[139.0754141,35.9754487],[139.07541,35.9754522],[139.075393,35.9754694],[139.0752758,35.9755962],[139.0752708,35.9756342],[139.0753646,35.9757052],[139.075337,35.9757323],[139.0752339,35.9756536],[139.0751466,35.9757184],[139.075,35.97581792750335],[139.075,35.97605159803149],[139.0750319,35.9760786],[139.0750358,35.9760819],[139.0750448,35.9760892],[139.0750597,35.9761011],[139.0751486,35.9761788],[139.0751548,35.9761842],[139.075158,35.9761869],[139.0751594,35.9761881],[139.0751665,35.9761941]]],[[[139.0795663,35.9800231],[139.0794983,35.9799965],[139.079498,35.9799963],[139.0794759,35.9799875],[139.0794608,35.9799902],[139.0794149,35.9800551],[139.0792849,35.9802401],[139.0792491,35.9802923],[139.0792379,35.9803061],[139.0792249,35.9803219],[139.0792049,35.9803394],[139.0791961,35.9803328],[139.0792153,35.9803157],[139.0792278,35.9803006],[139.0792386,35.9802872],[139.0792739,35.9802359],[139.0792743,35.9802353],[139.0794008,35.980055],[139.0794503,35.9799852],[139.0794512,35.9799774],[139.0794509,35.9799774],[139.0793306,35.9799291],[139.0793302,35.979929],[139.0792568,35.9798993],[139.0792592,35.9798967],[139.0792653,35.9798861],[139.0793161,35.9797924],[139.0793157,35.9797866],[139.0793141,35.979778],[139.0793092,35.9797672],[139.0793038,35.9797606],[139.0792962,35.9797563],[139.0792707,35.9797435],[139.0792266,35.9797235],[139.0791834,35.9797051],[139.0791817,35.9797071],[139.0791717,35.9797021],[139.0791713,35.979702],[139.0791551,35.9797021],[139.0791465,35.9797021],[139.0790901,35.9797856],[139.0790665,35.9798199],[139.0790357,35.9798624],[139.0790159,35.9798912],[139.0790024,35.9799095],[139.0789838,35.9799349],[139.0788894,35.9800518],[139.0788644,35.9800828],[139.0788092,35.9801461],[139.0787442,35.9802191],[139.0787096,35.9802554],[139.0787078,35.9802586],[139.0787071,35.980261],[139.0787074,35.9802658],[139.0787081,35.9802745],[139.0787095,35.9802811],[139.0787215,35.9803367],[139.0787287,35.9803938],[139.0787314,35.9804043],[139.0787341,35.9804109],[139.0787364,35.9804156],[139.0787385,35.9804189],[139.0787871,35.9804565],[139.0788688,35.9805129],[139.0788928,35.9805289],[139.0790434,35.9806297],[139.0790507,35.9806344],[139.0791105,35.9806728],[139.0791317,35.9806865],[139.0791531,35.9807006],[139.0791667,35.9807107],[139.0791791,35.9807207],[139.0791919,35.9807355],[139.0792014,35.9807477],[139.0792108,35.9807616],[139.0792257,35.9807869],[139.0792349,35.9808084],[139.0792392,35.9808264],[139.0792402,35.9808501],[139.0792416,35.9808695],[139.0792403,35.9808868],[139.0792411,35.9808979],[139.0792417,35.9809013],[139.0792428,35.9809076],[139.0792453,35.9809137],[139.0792498,35.9809198],[139.0792523,35.9809214],[139.0792839,35.9809403],[139.0792909,35.9809445],[139.0793088,35.9809551],[139.0793164,35.9809597],[139.0793449,35.9809765],[139.0793442,35.9809794],[139.0793445,35.9809816],[139.0793481,35.9809891],[139.0793583,35.9810035],[139.0793586,35.9810039],[139.0793606,35.9809772],[139.0793624,35.9809727],[139.0793665,35.9809658],[139.0793695,35.9809624],[139.0793735,35.9809577],[139.0793859,35.9809446],[139.0793903,35.98094],[139.0794045,35.9809258],[139.0794392,35.9808924],[139.0794789,35.9808527],[139.0794834,35.9808441],[139.0794919,35.9808327],[139.0795394,35.9807863],[139.079555,35.9807696],[139.0795557,35.9807692],[139.0795849,35.9807597],[139.0796089,35.9807521],[139.0796479,35.9807436],[139.0796483,35.9807435],[139.0796757,35.9807348],[139.0797109,35.9807202],[139.07973,35.9807131],[139.0797461,35.9807104],[139.0797689,35.9807063],[139.0797852,35.9807009],[139.0798113,35.9806888],[139.0798319,35.9806766],[139.0798552,35.9806516],[139.079869,35.9806371],[139.0798847,35.9806206],[139.0799243,35.9805809],[139.0799454,35.9805561],[139.0799622,35.9805391],[139.0799787,35.9805174],[139.0800006,35.9804793],[139.0800121,35.980454],[139.0800342,35.9804143],[139.080047,35.9803983],[139.0800508,35.980399],[139.0800512,35.9803991],[139.0800529,35.9803941],[139.0800566,35.980384],[139.0800561,35.9803803],[139.0800527,35.9803617],[139.0800408,35.9802858],[139.0800402,35.9802576],[139.0800407,35.9802292],[139.0800429,35.9802008],[139.0800457,35.9801777],[139.0800453,35.9801776],[139.0799848,35.9801682],[139.0799834,35.980168],[139.0799515,35.980163],[139.0799375,35.9801609],[139.0799351,35.9801605],[139.0799339,35.9801666],[139.0799335,35.9801688],[139.0799271,35.9801678],[139.0799248,35.9801683],[139.0799228,35.9801697],[139.0799185,35.9801834],[139.0798851,35.9801785],[139.079886,35.9801716],[139.0798869,35.9801656],[139.0798842,35.980158],[139.0798809,35.9801539],[139.0798747,35.9801489],[139.0798562,35.9801385],[139.0798385,35.9801278],[139.0798377,35.9801273],[139.0797253,35.9800854],[139.0796518,35.9800566],[139.0795663,35.9800231]]],[[[139.0785635,35.978592],[139.0785448,35.9785847],[139.078375,35.9785192],[139.0782808,35.9784822],[139.0782786,35.9784817],[139.0782783,35.9784817],[139.0782672,35.9784819],[139.0782628,35.9784845],[139.0782515,35.9784972],[139.0782223,35.9785293],[139.0782064,35.9785423],[139.0781797,35.9785661],[139.078152,35.9785925],[139.0781311,35.9786058],[139.0781167,35.9786122],[139.078103,35.9786194],[139.0780703,35.9786393],[139.078021,35.9786673],[139.0780067,35.9786764],[139.0780032,35.9786798],[139.0780023,35.978682],[139.0780019,35.9786875],[139.078003,35.9786935],[139.0780144,35.9787326],[139.0780214,35.9787552],[139.0780308,35.9787908],[139.0780366,35.9788084],[139.0780484,35.9788355],[139.0780486,35.978836],[139.0780631,35.9788718],[139.0780815,35.9789194],[139.0780907,35.9789455],[139.0781003,35.9789749],[139.0781082,35.9789937],[139.0781165,35.979012],[139.07813,35.9790379],[139.0781346,35.9790384],[139.0781349,35.9790385],[139.0781556,35.9790629],[139.0781685,35.9790768],[139.0781747,35.9790844],[139.0782066,35.9791232],[139.078232,35.9791577],[139.0782696,35.9792089],[139.0782793,35.9792218],[139.0782904,35.9792308],[139.0783214,35.9792274],[139.0783217,35.9792274],[139.0783978,35.9791192],[139.0784942,35.9789832],[139.078535,35.979002],[139.0784469,35.9791265],[139.0784391,35.9791375],[139.0783629,35.9792456],[139.0783735,35.9792734],[139.0783909,35.9792804],[139.0784198,35.9792957],[139.0784794,35.9793336],[139.0784782,35.9793433],[139.0785058,35.9793609],[139.0785241,35.9793726],[139.0785711,35.9794032],[139.0786076,35.9794269],[139.0786282,35.97944],[139.0786487,35.9794531],[139.0786749,35.9794661],[139.0787202,35.979488],[139.0787815,35.9795168],[139.0787931,35.9795217],[139.0787962,35.979522],[139.0787988,35.9795217],[139.0788482,35.979456],[139.0789256,35.9793531],[139.0789414,35.9793322],[139.0789441,35.9793288],[139.0789709,35.9792936],[139.0790194,35.9792298],[139.0790688,35.9791648],[139.0790949,35.9791305],[139.0791294,35.9791478],[139.0790656,35.9792328],[139.0789935,35.9793286],[139.0789773,35.9793504],[139.0789409,35.9793986],[139.0789179,35.9794291],[139.0788756,35.9794852],[139.0788358,35.9795383],[139.0788373,35.97954],[139.0788479,35.9795454],[139.0789191,35.9795752],[139.0789475,35.9795876],[139.078995,35.9796083],[139.0789953,35.9796084],[139.0790032,35.9796118],[139.0790786,35.9796429],[139.0790911,35.9796473],[139.0790949,35.9796485],[139.0790956,35.9796488],[139.0791169,35.9796569],[139.0791354,35.9796551],[139.0791358,35.9796551],[139.0791681,35.9796116],[139.0791777,35.9795985],[139.0792184,35.9795433],[139.0792453,35.9795066],[139.0793287,35.9793908],[139.0793606,35.9793464],[139.0793986,35.9793005],[139.0794109,35.9792842],[139.0795093,35.9791543],[139.0795224,35.9791361],[139.0795136,35.9791319],[139.0795806,35.9790375],[139.0795756,35.9789958],[139.0795552,35.9789878],[139.0795283,35.9789772],[139.079528,35.9789771],[139.0795246,35.9789757],[139.0795242,35.9789756],[139.0793961,35.9789247],[139.0793673,35.9789133],[139.079344,35.9789041],[139.0792832,35.9788801],[139.0792829,35.97888],[139.0792799,35.9788788],[139.0792796,35.9788787],[139.0792196,35.9788534],[139.0792047,35.9788472],[139.0789827,35.9787556],[139.0789428,35.9787391],[139.0788974,35.9787212],[139.078897,35.9787213],[139.078859,35.978732],[139.0787851,35.9788557],[139.0787453,35.9788401],[139.0788179,35.9787184],[139.0788041,35.9786849],[139.0787238,35.9786538],[139.0787218,35.9786529],[139.0787035,35.9786459],[139.0785635,35.978592]]],[[[139.0784655,35.97816],[139.0784724,35.9781596],[139.0784727,35.9781596],[139.0784764,35.9781574],[139.0784901,35.9781405],[139.0784958,35.978131],[139.0785019,35.9781201],[139.0785093,35.9781067],[139.0785189,35.9780863],[139.0785674,35.9780082],[139.0785911,35.9779702],[139.0785951,35.9779634],[139.0785907,35.9779546],[139.0785864,35.9779492],[139.0785782,35.9779438],[139.0784175,35.9778811],[139.0783109,35.9778384],[139.0782225,35.9778089],[139.0782115,35.9778053],[139.0782009,35.9778],[139.0781889,35.97779],[139.0781871,35.9777877],[139.0781777,35.977776],[139.0781766,35.9777726],[139.0781717,35.9777576],[139.0781723,35.9777534],[139.0781749,35.9777364],[139.0781851,35.9777182],[139.0781878,35.9777154],[139.0781978,35.9777038],[139.0781998,35.9777015],[139.0782304,35.9776689],[139.0782565,35.9776407],[139.0782868,35.9776592],[139.0782304,35.9777196],[139.0782181,35.9777337],[139.0782116,35.977745],[139.07821,35.9777555],[139.0782126,35.9777635],[139.0782187,35.9777711],[139.0782282,35.9777795],[139.0782389,35.9777874],[139.0783248,35.9778186],[139.0784297,35.9778607],[139.0785895,35.9779231],[139.0785979,35.977926],[139.0786037,35.9779265],[139.0786041,35.9779265],[139.0786121,35.9779248],[139.0786191,35.9779225],[139.0786291,35.9779061],[139.0786997,35.977778],[139.078705,35.9777651],[139.0787172,35.9777364],[139.0787485,35.9776497],[139.0787562,35.9776313],[139.0787742,35.9775979],[139.0787972,35.977561],[139.0788078,35.9775472],[139.0788137,35.9775324],[139.0787773,35.9774965],[139.0787734,35.9774951],[139.0785965,35.9774341],[139.0784952,35.9773984],[139.0784297,35.9773719],[139.0783809,35.9773513],[139.0783442,35.9773309],[139.0783056,35.9773109],[139.0782936,35.9773034],[139.0782841,35.9773129],[139.0782817,35.9773155],[139.078262,35.9773374],[139.0782454,35.9773544],[139.0782143,35.9773902],[139.0781906,35.9774174],[139.0781852,35.9774235],[139.0781288,35.9774884],[139.0780742,35.9775527],[139.0780384,35.9775948],[139.078017,35.9776155],[139.0779499,35.9776829],[139.0779,35.9777381],[139.077865,35.9777174],[139.0779156,35.9776614],[139.0779174,35.9776596],[139.0779836,35.977593],[139.078004,35.9775734],[139.078057,35.9775111],[139.0780933,35.9774683],[139.0781912,35.9773558],[139.0782101,35.9773341],[139.0782282,35.9773166],[139.0782273,35.9773135],[139.0782124,35.9772878],[139.0782138,35.9772853],[139.0781919,35.977278],[139.0781787,35.9772735],[139.0781653,35.977269],[139.0780793,35.9772554],[139.0780455,35.9772391],[139.0779595,35.9771976],[139.0779525,35.9772057],[139.0778784,35.97717],[139.0778425,35.9771737],[139.0778382,35.9771773],[139.0777933,35.9772156],[139.0777057,35.9772922],[139.0776986,35.9772869],[139.0776915,35.9772933],[139.0776678,35.9773201],[139.077667,35.9773212],[139.0775906,35.9774261],[139.0775684,35.9774539],[139.0774389,35.9776302],[139.0774199,35.9776691],[139.0774054,35.9777046],[139.0774074,35.9777052],[139.0774003,35.9777233],[139.0773956,35.977735],[139.0773952,35.9777349],[139.0773935,35.9777344],[139.0773877,35.9777486],[139.0773487,35.9778276],[139.0773141,35.977894],[139.077311,35.9778984],[139.0773065,35.9779487],[139.0773037,35.9779877],[139.0773944,35.9780501],[139.0774038,35.9780519],[139.0774634,35.9780997],[139.0774794,35.9780998],[139.0774798,35.9780998],[139.0774934,35.9780991],[139.0775504,35.9780992],[139.0775953,35.9781018],[139.0776938,35.9781118],[139.0777594,35.9781193],[139.0778608,35.9781302],[139.0778611,35.9781302],[139.0779479,35.9781382],[139.0780131,35.978142],[139.0780789,35.9781412],[139.0780793,35.9781412],[139.0781834,35.9781396],[139.0781837,35.9781395],[139.0782638,35.9781408],[139.0782642,35.9781408],[139.0783404,35.9781452],[139.0783408,35.9781452],[139.078391,35.9781468],[139.0784655,35.97816]]],[[[139.0790221,35.9779246],[139.0789772,35.9779135],[139.0789522,35.9779072],[139.0788392,35.9778664],[139.0788055,35.977855],[139.0787674,35.9778423],[139.0787235,35.9778267],[139.0787206,35.9778334],[139.0786726,35.9779217],[139.0786674,35.977929],[139.0786714,35.9779306],[139.0787548,35.9779594],[139.0787483,35.9779718],[139.078748,35.9779717],[139.0786641,35.9779427],[139.0786368,35.977988],[139.078625,35.9780086],[139.0785857,35.9780769],[139.0785712,35.9781054],[139.0785701,35.9781075],[139.078614,35.9781236],[139.0786633,35.9781413],[139.0787107,35.9781604],[139.0787336,35.9781697],[139.0787996,35.9781985],[139.0788449,35.9782205],[139.0789453,35.9782723],[139.0789888,35.9782969],[139.0790257,35.9783196],[139.0790604,35.9783417],[139.0790795,35.9783557],[139.0791027,35.9783729],[139.0791495,35.9784119],[139.0791831,35.9784407],[139.0792072,35.978457],[139.0792228,35.9784726],[139.0793265,35.9785281],[139.0793554,35.978544],[139.0793889,35.9785625],[139.0793978,35.9785619],[139.0794052,35.978551],[139.079422,35.9785235],[139.0794436,35.9784887],[139.0794616,35.9784597],[139.0794633,35.978457],[139.0794816,35.9784297],[139.079502,35.9783959],[139.0795124,35.9783797],[139.0795239,35.9783601],[139.0795591,35.9783004],[139.079735,35.9780156],[139.0797392,35.9780087],[139.0798145,35.9778882],[139.0798768,35.9777886],[139.0798791,35.9777847],[139.0800022,35.9775543],[139.0800031,35.9775529],[139.0800325,35.9774956],[139.0801039,35.9773578],[139.0801373,35.9772979],[139.080169,35.9772445],[139.0801687,35.9772445],[139.0801571,35.9772388],[139.0800804,35.9772026],[139.0799899,35.9771595],[139.0799834,35.9771576],[139.0799243,35.9772113],[139.0799078,35.9772263],[139.079834,35.9772938],[139.0797514,35.977368],[139.0797286,35.9773865],[139.0797235,35.9773908],[139.0796975,35.977406],[139.079679,35.9774077],[139.0796573,35.9774054],[139.079645,35.977404],[139.0796035,35.9773838],[139.0795268,35.9773459],[139.0795213,35.9773497],[139.0795188,35.9773527],[139.0795178,35.9773577],[139.0795181,35.9773631],[139.0795212,35.9773706],[139.0795255,35.977376],[139.0795894,35.9774057],[139.0795729,35.9774291],[139.0795085,35.9773992],[139.0794709,35.9773817],[139.0794585,35.9773778],[139.0794385,35.9773707],[139.079433,35.9773709],[139.0794289,35.9773725],[139.0793789,35.9774405],[139.0793706,35.9774364],[139.0793599,35.9774312],[139.0794128,35.9773601],[139.0794186,35.9773554],[139.0794237,35.977353],[139.0794327,35.9773523],[139.0794366,35.977353],[139.0794639,35.9773576],[139.0794721,35.9773573],[139.0794781,35.977354],[139.07948,35.9773494],[139.0794805,35.9773427],[139.0794792,35.9773372],[139.0794759,35.977332],[139.0794625,35.9773228],[139.0794613,35.977322],[139.0794405,35.9773111],[139.0794333,35.9773073],[139.0793821,35.977282],[139.0793234,35.9772525],[139.0792864,35.9772344],[139.0792686,35.9772292],[139.0792554,35.9772404],[139.0791961,35.9773523],[139.07917,35.9773913],[139.0791335,35.9774229],[139.0791329,35.9774233],[139.0791386,35.9774267],[139.0791596,35.977433],[139.0791817,35.9774409],[139.0792606,35.9774672],[139.0792667,35.9774692],[139.0792572,35.9774885],[139.0792569,35.9774884],[139.0791717,35.97746],[139.0791673,35.9774584],[139.07915,35.9774522],[139.079129,35.9774459],[139.0791009,35.9774367],[139.0790962,35.977439],[139.0790662,35.9774588],[139.0790205,35.9774826],[139.0789802,35.9775011],[139.0789386,35.9775224],[139.0789119,35.9775352],[139.078896,35.9775449],[139.0788788,35.9775569],[139.0788625,35.977573],[139.0788616,35.9775738],[139.0788525,35.9775859],[139.0788515,35.977587],[139.0788273,35.9776187],[139.0788186,35.9776328],[139.0788027,35.9776656],[139.0787602,35.9777498],[139.07874,35.9777906],[139.078739,35.9777928],[139.0787848,35.9778092],[139.0788084,35.9778171],[139.0788088,35.9778172],[139.0788221,35.9778216],[139.0788463,35.9778298],[139.0788467,35.9778299],[139.0788514,35.9778315],[139.0788561,35.977833],[139.0788575,35.9778335],[139.0788669,35.9778372],[139.0788794,35.9778422],[139.0789689,35.9778779],[139.0789778,35.9778815],[139.0789886,35.9778858],[139.0790317,35.9779031],[139.0791017,35.9779338],[139.079102,35.9779339],[139.0791325,35.9779446],[139.0791927,35.9779661],[139.0791859,35.977981],[139.0791855,35.977981],[139.0790949,35.9779499],[139.0790945,35.9779498],[139.0790278,35.9779267],[139.0790221,35.9779246]]],[[[139.0776369,35.977266],[139.0776701,35.9772653],[139.0776864,35.9772656],[139.0776871,35.9772656],[139.0778177,35.9771541],[139.0779828,35.97701],[139.0780223,35.9769768],[139.0780652,35.9769393],[139.0781089,35.9768923],[139.0781199,35.9768804],[139.0781416,35.9768518],[139.0781509,35.9768374],[139.0781512,35.9768368],[139.0781651,35.9768101],[139.0781698,35.9768006],[139.0781749,35.9767936],[139.0781763,35.9767917],[139.0781967,35.9767751],[139.07821,35.9767642],[139.0782217,35.9767542],[139.0783135,35.9766764],[139.0783192,35.976668],[139.0783237,35.9766602],[139.078325,35.9766534],[139.0783254,35.9766477],[139.0783252,35.9766414],[139.078324,35.9766356],[139.0783227,35.9766308],[139.0783201,35.976626],[139.0783139,35.9766189],[139.0783053,35.9766115],[139.0782969,35.9766059],[139.0782852,35.9765981],[139.0782834,35.976597],[139.078227,35.9765616],[139.0781989,35.9765468],[139.078093,35.9764912],[139.0779687,35.976427],[139.0779112,35.9763935],[139.0778753,35.9763704],[139.077875,35.9763702],[139.0778104,35.9763228],[139.0777571,35.9762792],[139.0777461,35.9762675],[139.0777293,35.9762477],[139.0777106,35.976234],[139.077696,35.9762264],[139.0776816,35.9762219],[139.077633,35.9762118],[139.0776326,35.9762118],[139.0775804,35.9762051],[139.0775584,35.9762041],[139.077558,35.9762042],[139.0775574,35.9762044],[139.0775476,35.9762069],[139.0775399,35.9762123],[139.0775394,35.9762127],[139.077539,35.9762132],[139.077507,35.9762449],[139.0774563,35.9763053],[139.0773335,35.9764429],[139.0772962,35.9764849],[139.0772535,35.976533],[139.0771763,35.9766219],[139.0771225,35.976682],[139.077083,35.976728],[139.0770452,35.9767685],[139.0769405,35.976885],[139.0768342,35.9770031],[139.0768185,35.9770238],[139.0768174,35.9770247],[139.0768064,35.977033],[139.0768002,35.9770376],[139.0767896,35.9770392],[139.0767732,35.9770578],[139.0766906,35.9771453],[139.0766579,35.97718],[139.076592,35.9772498],[139.076548,35.9772983],[139.0765184,35.9773293],[139.0765092,35.9773418],[139.0765285,35.9773581],[139.0766896,35.9774905],[139.076701,35.9774885],[139.0767014,35.9774885],[139.0767365,35.9774851],[139.0767658,35.9774813],[139.0767662,35.9774813],[139.0768157,35.9774728],[139.0768649,35.9774616],[139.0769037,35.9774517],[139.0769672,35.9774342],[139.0770288,35.977413],[139.0770733,35.977393],[139.0770816,35.9773827],[139.0770803,35.9773812],[139.0770907,35.9773761],[139.0771031,35.97737],[139.0771071,35.9773752],[139.0771286,35.9773677],[139.077148,35.9773607],[139.0771694,35.9773534],[139.077197,35.9773444],[139.0772159,35.9773389],[139.0772238,35.9773372],[139.0772401,35.9773331],[139.0772405,35.977333],[139.0772948,35.9773216],[139.0773511,35.9773092],[139.0773573,35.9773078],[139.0774304,35.9772934],[139.0774975,35.9772794],[139.0775615,35.9772695],[139.0775618,35.9772695],[139.0775885,35.977267],[139.0776369,35.977266]]],[[[139.0803483,35.976941],[139.0803662,35.9769391],[139.080392,35.976927],[139.080422,35.9769147],[139.0804444,35.976907],[139.0804467,35.9769062],[139.0804911,35.9768889],[139.080593,35.976849],[139.0805933,35.9768489],[139.0806428,35.976831],[139.0806615,35.9768242],[139.0806954,35.9768117],[139.0807463,35.9767931],[139.080813,35.9767628],[139.0808515,35.976729],[139.0808605,35.9767186],[139.0809067,35.9766607],[139.0809428,35.9766314],[139.0809828,35.9765974],[139.080997,35.9765872],[139.0810579,35.9765437],[139.0811414,35.9764889],[139.0811864,35.9764603],[139.0812088,35.9764444],[139.0812348,35.976408],[139.081246,35.9763896],[139.0812538,35.9763736],[139.0812592,35.976352],[139.0812614,35.9763342],[139.081262,35.9763057],[139.0812583,35.9762801],[139.0812513,35.9762478],[139.0812393,35.9762059],[139.0812247,35.9761462],[139.0812194,35.9761076],[139.0812127,35.9760779],[139.0812066,35.9760575],[139.081198,35.9760284],[139.081186,35.9759875],[139.0811748,35.9759545],[139.0811515,35.9758873],[139.081151,35.9758868],[139.0811505,35.9758862],[139.0811493,35.9758856],[139.0811475,35.975885],[139.0811374,35.9758817],[139.0811304,35.9758797],[139.0811245,35.9758792],[139.0811241,35.9758792],[139.0811069,35.9758803],[139.0810957,35.9758834],[139.0810912,35.9758847],[139.0810649,35.9758916],[139.0810457,35.9758997],[139.0810281,35.975909],[139.0810157,35.975917],[139.0809674,35.9759555],[139.0809384,35.9759786],[139.0808808,35.9760282],[139.0808531,35.9760488],[139.0808161,35.9760728],[139.0807849,35.9760895],[139.0807655,35.9760996],[139.0807344,35.9761159],[139.0806768,35.9761445],[139.0805539,35.976198],[139.0804775,35.9762163],[139.0804473,35.976224],[139.0804253,35.9762293],[139.0803913,35.9762362],[139.0803558,35.9762385],[139.0803326,35.9762385],[139.0803322,35.9762385],[139.0803041,35.9762352],[139.0802932,35.976234],[139.0802716,35.9762304],[139.0802712,35.9762304],[139.0802554,35.9762275],[139.0802551,35.9762274],[139.0802133,35.9762173],[139.0802129,35.9762171],[139.0802003,35.9762125],[139.0802,35.9762124],[139.0801688,35.976202],[139.080142,35.9761937],[139.0801417,35.9761935],[139.0801228,35.9761881],[139.0801014,35.9761831],[139.08007,35.9761741],[139.0800697,35.976174],[139.0800311,35.9761649],[139.0800308,35.9761648],[139.0799893,35.9761544],[139.079989,35.9761543],[139.0798952,35.9761216],[139.0798949,35.9761215],[139.0798118,35.9760937],[139.0797985,35.9760894],[139.079788,35.976086],[139.0797598,35.9760755],[139.0796861,35.9760433],[139.0796326,35.9760267],[139.0796242,35.9760247],[139.07958,35.9760131],[139.0795793,35.9760134],[139.0794902,35.9761052],[139.0793548,35.9762514],[139.0792842,35.9763309],[139.0792682,35.9763546],[139.0792654,35.97636],[139.0792654,35.9763607],[139.0792657,35.9763649],[139.0792685,35.976372],[139.0792723,35.9763768],[139.0792966,35.9763896],[139.0793722,35.9764325],[139.0794107,35.9764541],[139.0794885,35.9764979],[139.0795379,35.976525],[139.0796224,35.9765738],[139.0796259,35.9765758],[139.0796482,35.9765863],[139.0796507,35.9765876],[139.07967,35.9765972],[139.079678,35.976602],[139.0796763,35.9766039],[139.0796824,35.9766082],[139.0797181,35.9766318],[139.0797567,35.9766574],[139.0797832,35.9766739],[139.0798196,35.9766949],[139.0798454,35.9767077],[139.0798887,35.9767294],[139.0799123,35.9767426],[139.0799956,35.9767845],[139.0800101,35.9767916],[139.0800104,35.9767918],[139.080047,35.9768086],[139.0800474,35.9768087],[139.0801395,35.9768517],[139.0802681,35.9769059],[139.080288,35.9769143],[139.0802883,35.9769145],[139.0803371,35.9769356],[139.0803483,35.976941]]],[[[139.075,35.975],[139.075,35.97577107564104],[139.0750011,35.9757703],[139.0750792,35.9757154],[139.0750921,35.9757062],[139.0751323,35.9756777],[139.0751422,35.9756687],[139.0753693,35.9754486],[139.0753749,35.9754433],[139.075386,35.9754331],[139.0753873,35.9754318],[139.0753877,35.9754315],[139.0753889,35.9754306],[139.0754037,35.9754184],[139.0754054,35.9754172],[139.0754073,35.9754155],[139.0754378,35.9753889],[139.0754957,35.9753382],[139.0755038,35.9753315],[139.0755118,35.9753251],[139.0755446,35.9752989],[139.0755553,35.9752903],[139.0755746,35.9752721],[139.0755903,35.9752591],[139.0756098,35.975243],[139.0756232,35.9752319],[139.0756479,35.9752091],[139.0756754,35.9751757],[139.0757336,35.9751057],[139.0757699,35.9750635],[139.0757721,35.975061],[139.0758128,35.9750133],[139.07582675333333,35.975],[139.075,35.975]]],[[[139.0769981,35.9755249],[139.0770107,35.9755148],[139.0770877,35.9754668],[139.0771501,35.9754266],[139.0771879,35.9754025],[139.0772485,35.9753651],[139.0772646,35.9753548],[139.0773004,35.975332],[139.0773351,35.9753102],[139.0773355,35.9753098],[139.0774087,35.9752615],[139.0774233,35.9752517],[139.0774349,35.9752412],[139.0774348,35.975231],[139.0774272,35.9752225],[139.0773929,35.9751923],[139.0773339,35.9751528],[139.0772636,35.9751054],[139.0772343,35.9750925],[139.0772026,35.9750786],[139.0772001,35.9750823],[139.077191,35.9750775],[139.0771822,35.9750738],[139.0771615,35.9750648],[139.0771594,35.9750637],[139.0770934,35.9750355],[139.0770919,35.9750353],[139.0770902,35.9750353],[139.0770866,35.9750359],[139.0770862,35.975036],[139.0770826,35.9750372],[139.077075,35.9750418],[139.0770534,35.9750598],[139.0770359,35.9750751],[139.0770089,35.9750979],[139.0769904,35.9751111],[139.0769547,35.9751373],[139.0769493,35.9751418],[139.0769324,35.9751562],[139.0769262,35.9751625],[139.0769244,35.9751643],[139.0769166,35.9751722],[139.0769028,35.9751877],[139.0768921,35.9751959],[139.0768665,35.9752151],[139.0768657,35.9752146],[139.0768416,35.975203],[139.0768298,35.9751973],[139.076818,35.9751915],[139.0768084,35.9751871],[139.0767892,35.9751781],[139.0767889,35.9751779],[139.0767364,35.97515],[139.076646,35.9751053],[139.0766057,35.9750902],[139.0766054,35.9750901],[139.0765993,35.9750881],[139.076599,35.975088],[139.0765897,35.975087],[139.0765803,35.9750876],[139.0765711,35.9750927],[139.0765633,35.9751002],[139.0765564,35.9751096],[139.076547,35.9751246],[139.0764924,35.9752107],[139.0764766,35.9752378],[139.0764737,35.9752428],[139.0764682,35.9752524],[139.0764649,35.975264],[139.0764421,35.9752997],[139.0764374,35.9753045],[139.0764179,35.9753249],[139.0763916,35.9753469],[139.0763809,35.975354],[139.0763628,35.9753711],[139.0763357,35.9753966],[139.0763301,35.975402],[139.0763155,35.9754161],[139.0762865,35.9754428],[139.0762631,35.9754664],[139.0762543,35.9754754],[139.0762508,35.9754792],[139.0762409,35.9754889],[139.0762001,35.9755294],[139.0761653,35.9755648],[139.0761589,35.9755711],[139.0761499,35.97558],[139.0761439,35.9755859],[139.0761246,35.9756019],[139.0760956,35.9756261],[139.0760937,35.9756277],[139.0760481,35.9756629],[139.0760018,35.975701],[139.0759969,35.9757051],[139.0759929,35.9757084],[139.0759416,35.9757567],[139.0759413,35.975757],[139.0758938,35.9758037],[139.0758267,35.9758702],[139.0758167,35.9758803],[139.0757932,35.975904],[139.0757282,35.9759694],[139.0756529,35.976055],[139.0754966,35.9762288],[139.075429,35.9763108],[139.075425,35.9763157],[139.0753904,35.9763577],[139.0753856,35.9763635],[139.0753764,35.9763748],[139.075428,35.9764197],[139.075481,35.9764659],[139.0755095,35.9764602],[139.0755149,35.9764587],[139.0755378,35.9764523],[139.0755782,35.9764394],[139.075622,35.9764254],[139.0756764,35.9764062],[139.0756818,35.9764038],[139.0756929,35.9763945],[139.0757087,35.9763792],[139.0757166,35.9763656],[139.0757264,35.9763339],[139.0757317,35.9763111],[139.0757374,35.9762861],[139.0757424,35.9762714],[139.0757475,35.9762625],[139.0757633,35.9762472],[139.0757893,35.9762684],[139.0757764,35.9762794],[139.0757692,35.9762895],[139.0757669,35.976299],[139.0757685,35.976312],[139.0757759,35.9763344],[139.0758021,35.9763987],[139.0758018,35.9764004],[139.075801,35.9764034],[139.0757962,35.9764056],[139.0756959,35.9764386],[139.0756807,35.976444],[139.0756491,35.9764551],[139.0756484,35.9764554],[139.0756391,35.9764587],[139.0755533,35.9764861],[139.0755348,35.9764914],[139.0755185,35.9764994],[139.0755344,35.9765133],[139.0755688,35.9765426],[139.0756303,35.9765957],[139.0756569,35.9766185],[139.0756622,35.9766232],[139.0756902,35.9766471],[139.0757585,35.976706],[139.0758104,35.9767507],[139.0758978,35.9768276],[139.0759016,35.9768312],[139.0759061,35.9768306],[139.0759108,35.9768298],[139.0759139,35.9768291],[139.0759159,35.9768286],[139.0759169,35.9768281],[139.0759176,35.9768275],[139.0759421,35.9767997],[139.0759477,35.9767882],[139.0759509,35.9767818],[139.0759602,35.9767705],[139.0759958,35.9767288],[139.0760621,35.9766504],[139.076081,35.9766282],[139.0761382,35.9765556],[139.0761981,35.9764826],[139.0762184,35.9764597],[139.0762306,35.9764489],[139.0762448,35.9764342],[139.0762594,35.9764171],[139.0762729,35.9764011],[139.0762848,35.9763876],[139.0763072,35.9763613],[139.076331,35.9763347],[139.0763566,35.9763045],[139.0764143,35.9762382],[139.0764344,35.976214],[139.0764646,35.9761779],[139.0764876,35.9761496],[139.076516,35.9761147],[139.0765503,35.9760725],[139.076587,35.9760277],[139.076604,35.9760069],[139.0766054,35.9760026],[139.0766053,35.9759995],[139.0766047,35.9759965],[139.0766027,35.9759935],[139.0765243,35.9759558],[139.076524,35.9759556],[139.0764718,35.9759278],[139.0764546,35.9759184],[139.0764489,35.9759155],[139.0764486,35.9759154],[139.0763735,35.9758732],[139.0763307,35.9758492],[139.0763088,35.9758369],[139.0762938,35.9758288],[139.0762912,35.9758284],[139.0762906,35.9758284],[139.0762862,35.9758279],[139.076279,35.9758293],[139.0762734,35.9758324],[139.0762694,35.9758398],[139.076246,35.9759069],[139.0762456,35.9759068],[139.0762007,35.9758807],[139.0762522,35.9757999],[139.0762531,35.9757978],[139.0762532,35.9757942],[139.0762523,35.9757901],[139.0762496,35.9757873],[139.0762502,35.9757501],[139.0763621,35.975812],[139.07648,35.9758781],[139.0765535,35.9759175],[139.0766192,35.9759492],[139.0766412,35.9759598],[139.076642,35.97596],[139.0766423,35.9759601],[139.0766434,35.9759601],[139.076645,35.9759598],[139.0766453,35.9759597],[139.0766466,35.9759593],[139.0766469,35.9759592],[139.0766597,35.9759432],[139.0766665,35.9759348],[139.0766955,35.9759007],[139.0767398,35.9758484],[139.0767717,35.9758094],[139.0768207,35.9757487],[139.0768417,35.9757211],[139.0769423,35.9755899],[139.0769893,35.9755319],[139.0769981,35.9755249]]],[[[139.0766733,35.97989],[139.0767071,35.9799321],[139.0767396,35.9799708],[139.0767565,35.979991],[139.0767645,35.9800026],[139.0767641,35.9800027],[139.076761,35.9800042],[139.0767689,35.9800082],[139.0767693,35.9800084],[139.0767875,35.9800003],[139.0767885,35.9799996],[139.076815,35.9799783],[139.0768538,35.979946],[139.0768864,35.9799134],[139.0769025,35.9798947],[139.0769515,35.9798357],[139.0770522,35.9797114],[139.0771053,35.9796442],[139.0771548,35.9795825],[139.0771591,35.979577],[139.0771968,35.979529],[139.0772488,35.9794617],[139.0772652,35.9794431],[139.0772668,35.9794412],[139.0772729,35.9794343],[139.0772739,35.9794333],[139.0772878,35.9794183],[139.077295,35.9794105],[139.0772961,35.9794093],[139.0773113,35.9793926],[139.0773218,35.9793769],[139.0773228,35.9793754],[139.0773793,35.9792886],[139.0774295,35.9792162],[139.07746,35.9791734],[139.077468,35.9791623],[139.0775163,35.9790952],[139.077542,35.9790592],[139.0775658,35.9790321],[139.0775697,35.9790273],[139.0775827,35.9790113],[139.0775987,35.9789918],[139.0776117,35.9789775],[139.0776175,35.9789721],[139.0776366,35.9789544],[139.0777146,35.9788787],[139.0777172,35.9788764],[139.0777711,35.9788258],[139.077828,35.9787719],[139.0779243,35.9786813],[139.0779419,35.978664],[139.0779419,35.9786616],[139.0779387,35.9786587],[139.0779234,35.9786469],[139.0778657,35.9786025],[139.0778256,35.9785677],[139.0778209,35.9785638],[139.0777978,35.9785428],[139.0777525,35.9784967],[139.0777183,35.9784628],[139.0777019,35.9784468],[139.0776889,35.978435],[139.0776824,35.9784353],[139.0776756,35.9784356],[139.0776665,35.9784386],[139.0776597,35.9784419],[139.0776426,35.9784544],[139.0775899,35.9784998],[139.077545,35.9785382],[139.0774659,35.978606],[139.077355,35.9787035],[139.0773432,35.9786943],[139.0774473,35.9785918],[139.0775714,35.9784855],[139.0775903,35.9784709],[139.0776448,35.9784211],[139.0776526,35.978414],[139.0776476,35.9784027],[139.0776449,35.9783968],[139.0776397,35.9783897],[139.077634,35.9783844],[139.0775921,35.9783445],[139.0775325,35.9782878],[139.077506,35.978263],[139.0774611,35.9782269],[139.0774258,35.9781954],[139.077413,35.9781839],[139.0774017,35.9781729],[139.0773959,35.9781671],[139.0773798,35.9781484],[139.0773723,35.9781396],[139.0773633,35.9781465],[139.0773516,35.9781581],[139.0772777,35.9782554],[139.0772554,35.978286],[139.0772088,35.9783507],[139.0771591,35.9784165],[139.0771471,35.9784328],[139.0771177,35.9784644],[139.0770758,35.9785069],[139.0770578,35.9785272],[139.0770306,35.9785557],[139.0770157,35.9785702],[139.0769906,35.978591],[139.0769319,35.9786369],[139.0768844,35.978673],[139.0768351,35.978705],[139.0767885,35.9787334],[139.0767669,35.9787451],[139.0767248,35.9787735],[139.0767234,35.9787744],[139.07669,35.9787957],[139.0766534,35.978819],[139.076639,35.978831],[139.0766276,35.9788405],[139.0766228,35.9788445],[139.0766114,35.9788523],[139.0765971,35.9788601],[139.0765296,35.9789069],[139.0765221,35.9789121],[139.0764582,35.978952],[139.0763966,35.9789899],[139.0763872,35.9789964],[139.0763582,35.979017],[139.0763029,35.9790537],[139.0762924,35.9790617],[139.0762727,35.9790755],[139.0762576,35.9790836],[139.0762418,35.9790898],[139.0762176,35.9790971],[139.076188,35.9791034],[139.0761723,35.9791058],[139.0761534,35.9791086],[139.07614,35.9791092],[139.0761243,35.9791111],[139.0761141,35.9791142],[139.0761009,35.97912],[139.0760943,35.9791246],[139.0760842,35.9791336],[139.0760914,35.9791432],[139.0761009,35.9791558],[139.0761471,35.9792176],[139.0761945,35.9792781],[139.0762156,35.9793053],[139.0763019,35.979417],[139.076331,35.979458],[139.076351,35.9794861],[139.0763736,35.9795166],[139.076427,35.9795882],[139.0764792,35.9796509],[139.0765728,35.9797649],[139.0765931,35.9797902],[139.0766733,35.97989]]],[[[139.0766047,35.980545],[139.076658,35.9805036],[139.076764,35.9804222],[139.0768479,35.9803576],[139.0769228,35.9803065],[139.0769256,35.9803041],[139.0769198,35.980297],[139.0768295,35.9801789],[139.0768141,35.980159],[139.0767893,35.980127],[139.0767864,35.9801232],[139.0767605,35.98009],[139.0767477,35.9800736],[139.0767265,35.9800778],[139.0767051,35.9800838],[139.0766592,35.9801145],[139.0766099,35.9801485],[139.0765818,35.9801666],[139.0765575,35.9801825],[139.0764398,35.9802561],[139.0764337,35.9802598],[139.0764155,35.9802405],[139.0764278,35.9802329],[139.0765389,35.9801633],[139.0765617,35.9801458],[139.0765831,35.9801221],[139.0766119,35.9801023],[139.0766205,35.9800962],[139.0766321,35.9800882],[139.0766842,35.9800534],[139.0767032,35.9800421],[139.0767097,35.9800381],[139.0767162,35.9800341],[139.0767166,35.980034],[139.0767055,35.9800199],[139.0766117,35.9799016],[139.0765646,35.9798428],[139.0765208,35.9797941],[139.0765172,35.9797897],[139.0765167,35.9797898],[139.0765,35.9797956],[139.0764697,35.9798139],[139.0763162,35.9799045],[139.0762512,35.9799445],[139.0762473,35.9799468],[139.0762371,35.9799531],[139.076225,35.9799403],[139.0762355,35.9799339],[139.0762476,35.9799263],[139.0763043,35.9798915],[139.076385,35.9798439],[139.0764578,35.979801],[139.076488,35.9797826],[139.0765044,35.9797729],[139.076504,35.9797724],[139.0765001,35.9797674],[139.0764233,35.979678],[139.0763699,35.9796085],[139.0763526,35.979586],[139.076226,35.9796677],[139.0761242,35.9797245],[139.0761161,35.9797291],[139.076064,35.9797571],[139.0760429,35.9797685],[139.076001,35.9797911],[139.0758605,35.9798672],[139.0756822,35.9799633],[139.0756449,35.9799175],[139.0757135,35.9798806],[139.0758232,35.9798214],[139.0758376,35.9798136],[139.0758466,35.9798087],[139.0759062,35.9797764],[139.0759115,35.9797735],[139.0760054,35.9797226],[139.0760782,35.9796835],[139.0761856,35.9796236],[139.0762932,35.9795558],[139.0763005,35.979516],[139.0762973,35.9795118],[139.0762707,35.9794785],[139.0761691,35.9793395],[139.0760976,35.9792459],[139.0760954,35.979243],[139.0760438,35.9791773],[139.0760316,35.9791619],[139.0760208,35.9791628],[139.0759288,35.9792127],[139.0759007,35.9792261],[139.0758693,35.9792423],[139.0757429,35.9793111],[139.0757243,35.9793205],[139.075699,35.9793318],[139.0756722,35.9793417],[139.0756181,35.979359],[139.0756157,35.9793597],[139.0755865,35.9793668],[139.0755383,35.9793838],[139.0755228,35.9793896],[139.0754885,35.9794025],[139.0754519,35.9794144],[139.075426,35.9794228],[139.0753952,35.9794336],[139.0753293,35.9794571],[139.0752989,35.9794677],[139.0751958,35.9795099],[139.0751925,35.9795111],[139.0751604,35.9795219],[139.0751601,35.979522],[139.075103,35.9795416],[139.0751027,35.9795417],[139.075084,35.9795475],[139.0750837,35.9795476],[139.0750479,35.9795586],[139.075,35.97957479806764],[139.075,35.9797902068493],[139.0750487,35.9798289],[139.0750606,35.9798384],[139.0751538,35.9799123],[139.0752197,35.9799658],[139.0752978,35.9800292],[139.0753423,35.9800653],[139.0754174,35.9801241],[139.0754662,35.9801634],[139.0755608,35.9802389],[139.0756928,35.9803441],[139.0757885,35.980421],[139.0758411,35.9804234],[139.0758809,35.9803973],[139.076056,35.9802817],[139.0761359,35.980229],[139.076164,35.980257],[139.0760424,35.9803372],[139.0758693,35.9804514],[139.0758455,35.9804668],[139.0758937,35.9805055],[139.0759268,35.980532],[139.0759543,35.980554],[139.0760273,35.9806124],[139.0760958,35.9806672],[139.0760962,35.9806675],[139.0761322,35.9806965],[139.0762082,35.9807574],[139.0762413,35.9807828],[139.0763667,35.9807],[139.0763793,35.9806921],[139.0764147,35.9806697],[139.0764335,35.9806578],[139.0764891,35.9806223],[139.0764912,35.980621],[139.0765572,35.9805791],[139.0766047,35.980545]]],[[[139.0779463,35.975922],[139.0780444,35.9758018],[139.0780552,35.9757885],[139.0781377,35.9756867],[139.0781618,35.9756581],[139.0781736,35.9756443],[139.0781756,35.9756349],[139.078123,35.9756046],[139.0780748,35.9755768],[139.0779848,35.9755249],[139.0779433,35.975501],[139.0779398,35.9754987],[139.0779361,35.9754962],[139.0779161,35.9754829],[139.0778661,35.975454],[139.0777679,35.9753987],[139.0777613,35.9753949],[139.0777577,35.9753928],[139.0777547,35.9753911],[139.0777429,35.975384],[139.0777426,35.9753841],[139.0777398,35.9753848],[139.0777339,35.9753867],[139.0777291,35.9753882],[139.0777247,35.9753911],[139.0777154,35.9754018],[139.0776988,35.9754222],[139.0776441,35.9754991],[139.0776166,35.9755401],[139.0776058,35.9755601],[139.0775964,35.9755799],[139.0775863,35.9756141],[139.0775852,35.9756221],[139.0775821,35.9756367],[139.0775644,35.9756347],[139.0775604,35.9756343],[139.0775643,35.9756107],[139.0775752,35.9755746],[139.0775852,35.9755533],[139.0775966,35.9755321],[139.0776247,35.9754904],[139.077679,35.9754137],[139.0776797,35.9754127],[139.0776952,35.9753939],[139.0777012,35.9753789],[139.0777023,35.9753729],[139.0777018,35.9753594],[139.0776487,35.9753277],[139.0776241,35.9753136],[139.0776214,35.975312],[139.0776121,35.9753066],[139.0775574,35.9752817],[139.0775197,35.975265],[139.0774935,35.9752779],[139.0774722,35.9752933],[139.07745,35.9753067],[139.0774427,35.9753108],[139.0773795,35.9753471],[139.0773014,35.9753965],[139.0772904,35.975405],[139.0772611,35.9754211],[139.0772509,35.9754269],[139.0772498,35.9754278],[139.0772496,35.975429],[139.0772496,35.9754296],[139.07725,35.9754302],[139.077277,35.9754436],[139.0772925,35.975452],[139.0772997,35.9754581],[139.0773086,35.9754675],[139.0773144,35.9754772],[139.0773186,35.9754854],[139.0773216,35.9754935],[139.0773219,35.9755003],[139.0773208,35.9755057],[139.0773164,35.9755163],[139.07731,35.9755267],[139.0773027,35.975533],[139.0772518,35.9755718],[139.0772318,35.9755563],[139.0772849,35.9755102],[139.0772885,35.9755019],[139.0772892,35.9754957],[139.0772885,35.9754906],[139.0772878,35.9754866],[139.0772847,35.9754807],[139.0772758,35.975473],[139.0772666,35.9754666],[139.0772578,35.975461],[139.0772209,35.9754462],[139.0772206,35.9754461],[139.0772193,35.9754459],[139.0772189,35.9754459],[139.0772174,35.975446],[139.0772155,35.9754466],[139.0771873,35.9754637],[139.0771837,35.9754655],[139.0770806,35.9755252],[139.0770469,35.975549],[139.0770398,35.9755544],[139.0769936,35.9756151],[139.0769307,35.975699],[139.0768938,35.9757475],[139.0768878,35.9757557],[139.0768785,35.9757686],[139.0768682,35.9757828],[139.0768456,35.9758049],[139.0768207,35.9758356],[139.0767697,35.9758957],[139.0767449,35.9759249],[139.0767035,35.9759737],[139.0766961,35.9759826],[139.0766693,35.9760145],[139.0766548,35.976029],[139.0766495,35.9760342],[139.0765977,35.9760979],[139.0765878,35.97611],[139.0765885,35.9761117],[139.0765894,35.9761132],[139.0765906,35.9761147],[139.0765929,35.9761171],[139.0766336,35.9761429],[139.0767278,35.976209],[139.076773,35.9762403],[139.0767866,35.9762538],[139.0767976,35.9762659],[139.0768121,35.9762965],[139.0767813,35.9763062],[139.0767798,35.9763032],[139.0767682,35.976279],[139.0767603,35.9762703],[139.076749,35.9762592],[139.0767061,35.9762295],[139.0766128,35.9761641],[139.0765748,35.9761417],[139.0765726,35.9761405],[139.0765714,35.9761402],[139.0765711,35.9761401],[139.0765692,35.9761398],[139.0765663,35.9761397],[139.076566,35.9761397],[139.0765633,35.9761399],[139.0765347,35.9761751],[139.0765116,35.9762035],[139.0764613,35.9762639],[139.0764042,35.9763313],[139.0764029,35.9763327],[139.076378,35.9763617],[139.0763545,35.9763883],[139.0763321,35.9764148],[139.0763194,35.9764288],[139.0763106,35.9764446],[139.0763051,35.9764552],[139.0762805,35.9764557],[139.0762644,35.9764723],[139.0762529,35.9764825],[139.076241,35.976496],[139.0762348,35.9765031],[139.0762324,35.9765059],[139.076227,35.9765124],[139.0761751,35.9765757],[139.076073,35.9767071],[139.0760531,35.9767327],[139.076038,35.976752],[139.0760025,35.9767938],[139.0759949,35.976803],[139.0759914,35.9768073],[139.0759878,35.9768113],[139.0759678,35.9768339],[139.0759429,35.9768623],[139.0759415,35.9768676],[139.0759477,35.9768727],[139.0759553,35.9768787],[139.0759578,35.9768807],[139.0759703,35.976892],[139.0760149,35.9769318],[139.0760815,35.9769874],[139.0760935,35.977],[139.0761019,35.9770088],[139.0761725,35.9770672],[139.0762574,35.9771365],[139.0763123,35.9771808],[139.0763229,35.9771888],[139.0764325,35.9772797],[139.0764845,35.9773219],[139.0764958,35.9773311],[139.0765345,35.9772903],[139.0765532,35.9772703],[139.0766461,35.9771714],[139.0766552,35.9771618],[139.0767602,35.9770492],[139.0767807,35.9770284],[139.0767881,35.9770223],[139.076794,35.9770178],[139.0768053,35.9770092],[139.0768062,35.9770085],[139.076821,35.9769949],[139.0769206,35.9768848],[139.0769467,35.9768561],[139.0770319,35.9767606],[139.0770427,35.9767485],[139.0769268,35.9766748],[139.0768033,35.9765946],[139.0767884,35.976585],[139.0766862,35.9765118],[139.076652,35.9764909],[139.0766334,35.9764848],[139.0766102,35.9764859],[139.0765959,35.9764879],[139.0765923,35.9764884],[139.0765909,35.976482],[139.0765904,35.9764795],[139.0766017,35.9764779],[139.0766088,35.9764769],[139.0766091,35.9764769],[139.0766293,35.976476],[139.0766353,35.9764758],[139.0766573,35.9764829],[139.0766576,35.9764829],[139.0766934,35.9765049],[139.0767953,35.9765781],[139.0768012,35.9765818],[139.0768091,35.9765869],[139.0768102,35.9765876],[139.0769338,35.9766677],[139.077049,35.9767411],[139.0771084,35.9766746],[139.0771765,35.976597],[139.0772237,35.9765427],[139.0772828,35.9764763],[139.0773228,35.9764311],[139.0774176,35.9763267],[139.0774934,35.9762371],[139.0775201,35.9762075],[139.0775296,35.976197],[139.0775392,35.9761906],[139.0775437,35.9761886],[139.0775468,35.9761874],[139.0775509,35.9761869],[139.0775512,35.9761868],[139.0775525,35.9761869],[139.0775556,35.9761869],[139.0775754,35.9761911],[139.0776458,35.9762013],[139.0777001,35.9762123],[139.0777072,35.9762116],[139.0777141,35.9762104],[139.0777238,35.976204],[139.0777316,35.9761969],[139.0777431,35.9761865],[139.077777,35.9761465],[139.0778163,35.9760956],[139.0778606,35.9760366],[139.0779411,35.9759285],[139.0779463,35.975922]]],[[[139.0768511,35.9828868],[139.0772021,35.9826637],[139.0772303,35.9826961],[139.0769393,35.9828817],[139.0768756,35.9829226],[139.0768674,35.982963],[139.0768907,35.9829913],[139.0769401,35.9830517],[139.0769457,35.9830599],[139.0769567,35.9830761],[139.0769706,35.9830967],[139.076999,35.9831366],[139.0770034,35.9831436],[139.0770116,35.9831545],[139.0770337,35.9831848],[139.0770409,35.9831947],[139.0770592,35.9832215],[139.077101,35.9832786],[139.0771164,35.9832959],[139.0771184,35.9832982],[139.0771496,35.9833098],[139.0771543,35.9833073],[139.0772046,35.9832802],[139.077232,35.9832648],[139.0772832,35.9832362],[139.0773556,35.9831967],[139.0773695,35.9831892],[139.0778034,35.9829528],[139.0779596,35.9828676],[139.077968,35.9828631],[139.0779632,35.9828434],[139.0779312,35.982719],[139.0779309,35.9827189],[139.0777118,35.9826218],[139.077683,35.9826091],[139.0775695,35.9825581],[139.0775588,35.9825612],[139.0774835,35.9826438],[139.07748,35.9826404],[139.0774112,35.982574],[139.0774266,35.9825646],[139.0774826,35.9826261],[139.0774847,35.9826237],[139.0775464,35.982547],[139.0775702,35.9825369],[139.0776956,35.9825931],[139.0777229,35.9826052],[139.0779492,35.9827054],[139.077987,35.9828526],[139.07801,35.9828403],[139.0780917,35.9827946],[139.0781397,35.9827678],[139.0782036,35.982732],[139.0783982,35.9826231],[139.0784755,35.9825799],[139.0784757,35.9825699],[139.0784622,35.9825602],[139.0784079,35.9825215],[139.0784064,35.9825227],[139.0783972,35.9825164],[139.0783987,35.982515],[139.0781739,35.9823559],[139.0781484,35.9823619],[139.0781287,35.9823823],[139.0781059,35.9824491],[139.0780876,35.9825129],[139.0780166,35.9824904],[139.078107,35.9823373],[139.0781097,35.9823102],[139.078098,35.9823019],[139.0780977,35.9823017],[139.0778372,35.9821174],[139.0778363,35.982117],[139.0778332,35.9821212],[139.0777433,35.9822484],[139.0777248,35.9822726],[139.0777246,35.9822732],[139.0777242,35.9822735],[139.0776776,35.9823058],[139.0776757,35.9823039],[139.0776172,35.9822493],[139.0775916,35.9822501],[139.07743,35.9823545],[139.0773719,35.9823881],[139.0773188,35.982421],[139.0773046,35.9824297],[139.0772958,35.9824353],[139.077294,35.9824333],[139.0772818,35.9824203],[139.0772813,35.9824198],[139.0772797,35.982418],[139.0773745,35.9823593],[139.0773843,35.982353],[139.0773811,35.9823499],[139.0773709,35.9823394],[139.0772843,35.9822541],[139.0772813,35.9822569],[139.077275,35.9822504],[139.0772322,35.9822076],[139.0772267,35.9822022],[139.0772169,35.9821998],[139.0771472,35.9822454],[139.0771305,35.9822286],[139.0771971,35.982185],[139.0772005,35.9821808],[139.0772014,35.9821767],[139.0771965,35.9821718],[139.0771919,35.9821672],[139.0771831,35.9821584],[139.0772159,35.9821369],[139.0772237,35.9821446],[139.0772298,35.9821402],[139.077268,35.9821763],[139.0772724,35.9821741],[139.0772804,35.9821821],[139.0772928,35.9821943],[139.0773235,35.9822247],[139.0773978,35.9822981],[139.0774273,35.9823004],[139.0774298,35.9823006],[139.0774511,35.9822864],[139.0774615,35.9822794],[139.0774694,35.9822743],[139.0775379,35.9822285],[139.0776063,35.9821787],[139.0776744,35.9822423],[139.0776978,35.9822394],[139.0777077,35.9822315],[139.0777333,35.9822094],[139.0777748,35.9821614],[139.0778101,35.9820984],[139.0777482,35.9820547],[139.0776281,35.9819701],[139.0775588,35.9819212],[139.0775423,35.9819096],[139.0774642,35.9818527],[139.077409,35.9818122],[139.0773673,35.9817818],[139.0773064,35.9817371],[139.0772603,35.9817034],[139.0771726,35.9816393],[139.0771383,35.9816134],[139.0771209,35.9816004],[139.077114,35.9816037],[139.0770971,35.9816132],[139.0770972,35.9816148],[139.0770948,35.981616],[139.0770665,35.9816312],[139.0770658,35.9816304],[139.0769987,35.9816675],[139.0769983,35.9816677],[139.0769783,35.9816787],[139.0769401,35.9816988],[139.0769001,35.9817198],[139.0769,35.9817202],[139.0768953,35.9817437],[139.0768952,35.9817444],[139.0769122,35.9817655],[139.0769654,35.9818317],[139.0769681,35.981835],[139.0769898,35.9818619],[139.0770205,35.9818999],[139.0770415,35.9819268],[139.0770487,35.9819361],[139.0770847,35.9819826],[139.0770451,35.9820028],[139.0770095,35.9819565],[139.0769814,35.9819206],[139.0769423,35.9818721],[139.0768971,35.9818158],[139.076855,35.9817636],[139.0768546,35.9817635],[139.0768244,35.9817559],[139.0768232,35.9817556],[139.0767021,35.9818054],[139.076701,35.9818129],[139.0766999,35.9818214],[139.0767945,35.9819431],[139.0768024,35.9819531],[139.0767919,35.9819585],[139.0767804,35.9819644],[139.076774,35.9819559],[139.0767705,35.981956],[139.0767119,35.9818867],[139.0766749,35.9818431],[139.0766621,35.9818292],[139.0766548,35.9818213],[139.0766436,35.9818266],[139.076485,35.9819014],[139.0764844,35.9819037],[139.0764806,35.9819202],[139.0764829,35.9819233],[139.0765522,35.9820091],[139.0765107,35.9820375],[139.0765031,35.9820427],[139.0763775,35.9821286],[139.0763699,35.9821339],[139.0761962,35.9822528],[139.0761841,35.9822743],[139.0762055,35.9823029],[139.0762266,35.9823258],[139.0763799,35.9824931],[139.0763948,35.9825095],[139.0764048,35.9825183],[139.0765092,35.9826062],[139.0765562,35.9826147],[139.0770177,35.9823202],[139.0770536,35.9823262],[139.0771883,35.9824545],[139.0771759,35.9824633],[139.0770759,35.9823691],[139.0770506,35.9823582],[139.0765966,35.9826602],[139.0766111,35.9826902],[139.0766961,35.982769],[139.0767551,35.9827965],[139.0768075,35.9828776],[139.0768108,35.9828824],[139.0768154,35.9828827],[139.0768158,35.9828827],[139.0768511,35.9828868]]],[[[139.079657,35.9782222],[139.079634,35.9782595],[139.0795585,35.9783823],[139.079558,35.9783833],[139.0795391,35.9784126],[139.0794811,35.9785026],[139.0794393,35.978574],[139.0794327,35.9785853],[139.0795537,35.9786451],[139.0797082,35.9787196],[139.0797247,35.9787246],[139.0797273,35.9787244],[139.0797411,35.9787237],[139.0797415,35.9787238],[139.0797527,35.9787202],[139.0797745,35.9787086],[139.0797907,35.9786982],[139.0798004,35.9786878],[139.0798293,35.9787162],[139.079829,35.9787162],[139.0798077,35.9787237],[139.0797928,35.9787313],[139.079768,35.9787444],[139.0797676,35.9787444],[139.0797484,35.9787505],[139.0797199,35.9787519],[139.0797195,35.9787518],[139.0796938,35.9787441],[139.0795365,35.9786682],[139.0794219,35.9786117],[139.0794211,35.9786127],[139.0794085,35.9786293],[139.0793959,35.978636],[139.0793434,35.9787231],[139.0792905,35.9788057],[139.079291,35.9788103],[139.0792942,35.9788176],[139.0793006,35.9788273],[139.0793049,35.9788326],[139.0793077,35.9788336],[139.0793286,35.9788418],[139.0793299,35.9788424],[139.0794243,35.9788797],[139.0794582,35.9788942],[139.0795545,35.9789354],[139.0796745,35.9789832],[139.0796791,35.9789851],[139.0796794,35.9789853],[139.0797868,35.9790253],[139.0797871,35.9790254],[139.0799486,35.9790863],[139.0800629,35.9791314],[139.0801646,35.9791709],[139.0802844,35.9792218],[139.0803099,35.9792091],[139.0803386,35.9791619],[139.0803423,35.9791557],[139.0803431,35.9791543],[139.0803556,35.9791336],[139.0803743,35.9791005],[139.0804058,35.9790317],[139.0804209,35.9789797],[139.0804812,35.9788623],[139.0805065,35.9788276],[139.0805449,35.9787706],[139.0805415,35.9787619],[139.0805292,35.9787296],[139.0805296,35.9787077],[139.0805432,35.9786827],[139.0805475,35.978675],[139.0805895,35.9785974],[139.0806049,35.9785748],[139.0806689,35.9785777],[139.0806693,35.9785777],[139.0807098,35.9785754],[139.0807163,35.978575],[139.0807172,35.9785749],[139.0807693,35.9785647],[139.0807821,35.9785603],[139.0807879,35.9785581],[139.080818,35.9785224],[139.0808427,35.9784912],[139.0808891,35.9784238],[139.0808953,35.9784116],[139.0808966,35.9783828],[139.0808964,35.9783771],[139.080894,35.9783641],[139.0808937,35.978363],[139.0808847,35.9783355],[139.0808796,35.978309],[139.0808809,35.9783041],[139.0808878,35.978297],[139.080894,35.9782703],[139.0808943,35.9782689],[139.0808964,35.978243],[139.0809028,35.9781975],[139.0809081,35.978164],[139.0809102,35.9781503],[139.0809232,35.9781122],[139.0809339,35.9780913],[139.0809359,35.9780875],[139.0809507,35.9780596],[139.080981,35.9779821],[139.0809911,35.9779436],[139.0809932,35.977936],[139.0809982,35.9779001],[139.0809986,35.9778856],[139.0809989,35.9778748],[139.0809992,35.9778612],[139.0809975,35.9778186],[139.0809911,35.9777696],[139.0809795,35.9777193],[139.0809624,35.9776419],[139.0809452,35.9775845],[139.0809353,35.9775612],[139.0809351,35.9775615],[139.0808939,35.9776262],[139.0808695,35.9776159],[139.0808936,35.9775782],[139.0809228,35.9775326],[139.0809224,35.9775321],[139.0809097,35.9775124],[139.0808808,35.9774753],[139.0808562,35.9774506],[139.0808469,35.9774437],[139.0808384,35.9774375],[139.0808134,35.9774261],[139.0807966,35.9774221],[139.0807962,35.977422],[139.080721,35.9774047],[139.0807207,35.9774046],[139.0806502,35.97739],[139.0805855,35.9773763],[139.080579,35.9773889],[139.0805715,35.9774036],[139.0805659,35.9774163],[139.0805655,35.9774162],[139.0805541,35.9774131],[139.0805601,35.9774011],[139.0805736,35.9773728],[139.0805733,35.9773728],[139.0805366,35.9773611],[139.0805362,35.977361],[139.0804903,35.9773464],[139.0804865,35.9773555],[139.0804779,35.9773819],[139.0804631,35.977416],[139.0804485,35.9774492],[139.0804328,35.9774448],[139.080462,35.9773779],[139.0804708,35.9773518],[139.080472,35.9773426],[139.0804721,35.9773408],[139.0803769,35.9773122],[139.0802365,35.9772691],[139.0802255,35.9772669],[139.0802251,35.9772668],[139.0802063,35.9772632],[139.0801736,35.9773202],[139.0801467,35.9773692],[139.0801287,35.9774021],[139.0801239,35.9774108],[139.0801174,35.9774231],[139.0800513,35.9775496],[139.0800479,35.9775561],[139.0799943,35.9776541],[139.0799914,35.9776594],[139.0799125,35.9778054],[139.0798658,35.977881],[139.0798506,35.9779061],[139.0797836,35.9780159],[139.0797727,35.9780334],[139.0797684,35.9780406],[139.0799332,35.9781069],[139.0801027,35.9781703],[139.0802742,35.9782323],[139.0804957,35.9783148],[139.0805027,35.9783175],[139.0805452,35.9783342],[139.0805464,35.9783347],[139.080532,35.978359],[139.0805269,35.9783569],[139.0804817,35.9783393],[139.0803702,35.9782978],[139.0802605,35.978257],[139.080089,35.978195],[139.079919,35.9781314],[139.0798038,35.978085],[139.0797535,35.9780648],[139.0796988,35.9781541],[139.0796928,35.9781639],[139.079657,35.9782222]]],[[[139.0818503,35.976492],[139.0818545,35.9764977],[139.0818656,35.9765136],[139.0818862,35.9765431],[139.081921,35.9765908],[139.0819317,35.9766045],[139.0819356,35.9766018],[139.0819419,35.9766076],[139.0819645,35.9765959],[139.0820078,35.9765805],[139.0820438,35.9765681],[139.08205,35.9765659],[139.0820721,35.9765583],[139.0821115,35.9765439],[139.082114,35.976542],[139.0821151,35.9765412],[139.0821171,35.9765393],[139.0821181,35.9765377],[139.082119,35.9765364],[139.0821197,35.9765345],[139.0821195,35.9765249],[139.0821193,35.9765157],[139.082121,35.9765088],[139.0821257,35.9764985],[139.0821333,35.9764859],[139.0821437,35.9764749],[139.0821603,35.9764573],[139.082174,35.9764644],[139.0821617,35.976476],[139.0821517,35.9764859],[139.0821482,35.9764913],[139.0821452,35.9764987],[139.0821425,35.976508],[139.0821408,35.9765139],[139.0821412,35.9765157],[139.0821419,35.9765176],[139.0821429,35.9765202],[139.0821462,35.9765253],[139.0821477,35.9765268],[139.0821492,35.9765279],[139.0821509,35.976529],[139.0821523,35.9765294],[139.0821749,35.976522],[139.0821752,35.9765219],[139.0823405,35.9764715],[139.0823776,35.9764568],[139.0824117,35.9764447],[139.0824377,35.9764347],[139.0824586,35.9764231],[139.0824817,35.9764078],[139.082506,35.9763848],[139.0825587,35.9763237],[139.0826156,35.9762563],[139.0826565,35.9762042],[139.0826823,35.9761667],[139.0827064,35.976133],[139.0827251,35.9761042],[139.0827269,35.9761017],[139.0827309,35.9760962],[139.0827524,35.9760672],[139.0827952,35.9760125],[139.0828024,35.9760045],[139.0830791,35.9757063],[139.0831385,35.9756396],[139.0831969,35.9755861],[139.0832415,35.975548],[139.0833246,35.9754888],[139.0834362,35.9754188],[139.0835534,35.9753398],[139.0836624,35.9752733],[139.0837387,35.9752286],[139.0838354,35.9751819],[139.0838357,35.9751818],[139.0839348,35.9751375],[139.0839503,35.9751306],[139.0839838,35.9751161],[139.0840422,35.9750909],[139.0840467,35.9750871],[139.0840704,35.975068],[139.0840791,35.9750556],[139.0840839,35.9750429],[139.0840867,35.9750264],[139.08408697500002,35.975],[139.0828027359116,35.975],[139.0827968,35.9750158],[139.0827916,35.975032],[139.0827879,35.9750437],[139.0827836,35.9750551],[139.0827767,35.9750758],[139.0827738,35.9750892],[139.0827727,35.9751041],[139.082771,35.975114],[139.0827708,35.9751372],[139.0827705,35.9751556],[139.082772,35.9751698],[139.0827726,35.975181],[139.0827733,35.9751933],[139.082773,35.9752095],[139.0827703,35.9752442],[139.082769,35.9752717],[139.0827671,35.9752883],[139.0827591,35.975304],[139.082735,35.9753469],[139.0827121,35.9753799],[139.082714,35.9753831],[139.0827162,35.9753853],[139.082721,35.9753864],[139.0827213,35.9753865],[139.0827978,35.9754062],[139.0827908,35.9754243],[139.0827185,35.9754055],[139.0827181,35.9754056],[139.0827138,35.9754058],[139.0827099,35.975406],[139.0827044,35.9754068],[139.082702,35.9754072],[139.0827005,35.9754074],[139.0826972,35.9754078],[139.0826913,35.9754104],[139.082617,35.9755149],[139.0825592,35.9755975],[139.0825081,35.9756658],[139.0824729,35.9757172],[139.0824469,35.975746],[139.0823691,35.975827],[139.0823112,35.9758879],[139.0822445,35.9759664],[139.082187,35.9760328],[139.0821617,35.9760635],[139.0821095,35.9761311],[139.0820789,35.9761653],[139.0820342,35.9762144],[139.0820011,35.9762396],[139.0819723,35.9762569],[139.0819577,35.9762648],[139.0819429,35.9762716],[139.0819169,35.9762811],[139.0819013,35.9762871],[139.0818819,35.9762933],[139.0818804,35.9762938],[139.0817762,35.9763254],[139.0817532,35.9763355],[139.0817519,35.976336],[139.0817532,35.9763382],[139.0817581,35.9763458],[139.0817698,35.9763763],[139.0817761,35.9763928],[139.0817768,35.9763943],[139.0817828,35.9764055],[139.0817835,35.976407],[139.0817876,35.9764148],[139.0817893,35.9764144],[139.081792,35.9764136],[139.0817934,35.9764157],[139.0818057,35.9764353],[139.0818177,35.9764544],[139.0818196,35.9764576],[139.0818224,35.9764566],[139.0818239,35.9764561],[139.0818343,35.9764691],[139.0818503,35.976492]]],[[[139.0804114,35.9792858],[139.080427,35.9792934],[139.0804378,35.9792987],[139.080482,35.9793216],[139.0804912,35.9793262],[139.0804964,35.979329],[139.0805296,35.9793471],[139.0805568,35.979362],[139.0805932,35.9793819],[139.0806311,35.9794006],[139.0806365,35.9794033],[139.0806688,35.9794168],[139.0806812,35.979422],[139.0806816,35.9794221],[139.0806953,35.9794254],[139.0807067,35.9794247],[139.080715,35.9794152],[139.0807324,35.9793964],[139.0807373,35.979388],[139.0807322,35.97938],[139.0807286,35.9793743],[139.0807249,35.9793675],[139.0807213,35.9793609],[139.0807141,35.9793479],[139.0806852,35.9793074],[139.0806629,35.9792764],[139.0806409,35.9792488],[139.080616,35.9792208],[139.080571,35.9791731],[139.0805419,35.9791471],[139.0805467,35.9791374],[139.0805894,35.9791627],[139.0806337,35.97921],[139.0806498,35.9792282],[139.0806592,35.9792387],[139.0806818,35.9792668],[139.0807044,35.9792982],[139.0807341,35.9793396],[139.080736,35.9793432],[139.0807415,35.9793534],[139.0807458,35.9793609],[139.0807619,35.9793706],[139.0807695,35.979368],[139.0808344,35.9793026],[139.0808967,35.9792398],[139.0809233,35.9792129],[139.0809527,35.9791873],[139.0809717,35.9791669],[139.0809748,35.9791635],[139.0809795,35.9791572],[139.0809832,35.9791524],[139.0809909,35.9791425],[139.081016,35.9791179],[139.0810336,35.9791007],[139.0810853,35.9790468],[139.0811403,35.9789898],[139.0811482,35.9789816],[139.0811921,35.9789358],[139.0812667,35.9788598],[139.0812688,35.9788575],[139.0813369,35.9787866],[139.0813372,35.9787862],[139.081341,35.9787819],[139.0813441,35.9787784],[139.0813464,35.9787758],[139.0813497,35.9787722],[139.0813536,35.9787678],[139.081371,35.9787446],[139.0813875,35.9787177],[139.0813992,35.9786952],[139.0814005,35.9786926],[139.0814021,35.9786895],[139.0814101,35.9786748],[139.0814172,35.9786503],[139.0814312,35.9785958],[139.0814464,35.9785406],[139.0814621,35.9784863],[139.0814812,35.9784262],[139.0814925,35.9783898],[139.0814928,35.9783883],[139.0814939,35.9783839],[139.0814941,35.9783833],[139.0814944,35.978382],[139.0815074,35.9783433],[139.0815085,35.9783404],[139.081369,35.9783238],[139.0813715,35.9783041],[139.0814068,35.9783084],[139.0814335,35.9783122],[139.0814777,35.9783183],[139.0815151,35.9783244],[139.0815157,35.9783231],[139.0815199,35.9783128],[139.0815398,35.9782392],[139.0815531,35.9781931],[139.0815615,35.9781647],[139.0815641,35.9781558],[139.0815665,35.9781442],[139.0815672,35.9781414],[139.0815688,35.9781332],[139.0815702,35.9781173],[139.0815707,35.978101],[139.0815696,35.9780916],[139.0815692,35.9780877],[139.0815691,35.9780865],[139.0815685,35.9780799],[139.081567,35.978072],[139.0815562,35.9780316],[139.0815425,35.9779805],[139.0815356,35.9779551],[139.0815351,35.9779531],[139.0815244,35.9779121],[139.0815145,35.9778742],[139.0815046,35.9778371],[139.0814925,35.9777923],[139.0814679,35.9777039],[139.0814558,35.9776647],[139.0814524,35.9776519],[139.0814511,35.9776472],[139.0814371,35.9775851],[139.0814337,35.9775705],[139.081431,35.9775588],[139.0814284,35.9775454],[139.0814269,35.9775353],[139.0814274,35.9775233],[139.081429,35.9775122],[139.0814309,35.9774997],[139.0814366,35.977484],[139.0814576,35.977443],[139.0814798,35.9774009],[139.0814965,35.9773761],[139.0815247,35.9773338],[139.0815762,35.9772613],[139.0816243,35.9771942],[139.0816413,35.9771691],[139.0816455,35.9771629],[139.0816474,35.9771577],[139.0816466,35.9771479],[139.0816424,35.9771231],[139.08164,35.9771085],[139.0816395,35.9771051],[139.0816385,35.9771003],[139.0816365,35.9770906],[139.0816339,35.9770783],[139.0816327,35.9770725],[139.0816308,35.977064],[139.0816291,35.9770473],[139.0816298,35.9770238],[139.0816303,35.977011],[139.0816322,35.9769976],[139.0816344,35.9769858],[139.0816413,35.9769627],[139.0816429,35.9769571],[139.0816455,35.9769474],[139.0816499,35.9769403],[139.0816563,35.9769314],[139.0816603,35.9769258],[139.081661,35.9769248],[139.0816626,35.9769227],[139.0816683,35.9769147],[139.0816927,35.9768811],[139.0817071,35.9768612],[139.0817442,35.9768147],[139.0817532,35.9768032],[139.0817753,35.9767751],[139.0817991,35.9767454],[139.0818398,35.9767003],[139.0818498,35.976689],[139.0818603,35.976677],[139.0818839,35.9766515],[139.0818895,35.9766462],[139.0819051,35.9766314],[139.0819121,35.9766248],[139.0819018,35.9766077],[139.0818984,35.9766022],[139.0818604,35.9765461],[139.0818511,35.9765324],[139.0818338,35.9765081],[139.0818165,35.9764835],[139.0818131,35.9764787],[139.0818024,35.9764664],[139.0817858,35.9764474],[139.0817706,35.9764302],[139.0817656,35.9764245],[139.0817641,35.9764229],[139.0817667,35.976422],[139.0817627,35.9764139],[139.0817617,35.9764126],[139.0817613,35.9764118],[139.0817551,35.9764006],[139.0817455,35.9763832],[139.0817304,35.976356],[139.0817241,35.9763479],[139.0817163,35.9763455],[139.0817114,35.9763441],[139.0816614,35.97636],[139.0816608,35.9763601],[139.0816605,35.9763602],[139.0816093,35.976378],[139.0815766,35.9763894],[139.081542,35.9764014],[139.0815416,35.9764015],[139.0814791,35.9764222],[139.0814788,35.9764223],[139.0813698,35.9764524],[139.0813146,35.9764664],[139.0812745,35.9764774],[139.0812722,35.9764781],[139.0812325,35.976489],[139.0812057,35.9764955],[139.0811949,35.9764987],[139.0811806,35.9765068],[139.0811337,35.9765341],[139.0810911,35.9765588],[139.0810292,35.9765989],[139.0810066,35.9766152],[139.0809674,35.9766484],[139.0809627,35.9766535],[139.0809604,35.9766559],[139.0809517,35.9766654],[139.0809434,35.9766736],[139.0809194,35.9767025],[139.080892,35.9767352],[139.0808755,35.9767556],[139.0808383,35.9768012],[139.0808194,35.9768218],[139.0808229,35.9768244],[139.0808158,35.9768301],[139.0808126,35.9768276],[139.0807807,35.9768467],[139.0807803,35.9768468],[139.0807354,35.9768549],[139.0807348,35.976855],[139.0807242,35.9768552],[139.0807234,35.9768554],[139.0807229,35.9768557],[139.0807224,35.9768564],[139.0807219,35.9768573],[139.0807216,35.9768581],[139.0807212,35.9768588],[139.080721,35.9768598],[139.080721,35.9768624],[139.080721,35.9768657],[139.08072,35.9769008],[139.0807188,35.9769086],[139.0807183,35.9769142],[139.0807179,35.9769142],[139.0806884,35.9769125],[139.0806886,35.9769085],[139.0806889,35.976906],[139.0806904,35.9768975],[139.0806919,35.9768712],[139.0806907,35.9768634],[139.0806892,35.9768607],[139.0806874,35.9768589],[139.0806861,35.976858],[139.0806845,35.9768574],[139.0806828,35.9768568],[139.0806825,35.9768567],[139.0806809,35.9768563],[139.0806805,35.9768562],[139.0806793,35.9768562],[139.0806788,35.9768564],[139.0806144,35.976877],[139.0805594,35.9768981],[139.0805371,35.9769076],[139.0805065,35.9769206],[139.0804911,35.9769268],[139.0804768,35.9769325],[139.0804753,35.9769336],[139.0804702,35.9769368],[139.080469,35.9769386],[139.0804589,35.9769527],[139.0804432,35.9769756],[139.080443,35.9769786],[139.0804485,35.9769851],[139.0804998,35.9770049],[139.080575,35.9770304],[139.0805753,35.9770305],[139.0806382,35.9770447],[139.0806696,35.9770531],[139.0807114,35.9770648],[139.0807476,35.9770776],[139.080834,35.9771033],[139.0808344,35.9771034],[139.0808784,35.9771143],[139.0808787,35.9771143],[139.0808805,35.9771147],[139.080997,35.9771382],[139.0810189,35.977143],[139.0810731,35.9771547],[139.0810829,35.9771569],[139.0810838,35.977157],[139.0810932,35.9771591],[139.0810957,35.9771591],[139.0810998,35.9771591],[139.081104,35.9771589],[139.0811051,35.9771588],[139.0811083,35.9771585],[139.0811105,35.9771573],[139.0811131,35.977156],[139.081117,35.9771527],[139.08112,35.9771485],[139.0811298,35.977121],[139.0811373,35.9771068],[139.0811453,35.9770891],[139.0811526,35.9770766],[139.0811592,35.9770668],[139.0811664,35.9770586],[139.0811752,35.9770528],[139.0811924,35.9770438],[139.0812117,35.9770353],[139.0812296,35.9770303],[139.0812368,35.9770498],[139.0812359,35.9770501],[139.0812224,35.977055],[139.0812221,35.9770552],[139.0812065,35.9770623],[139.0811926,35.9770689],[139.0811848,35.9770748],[139.0811809,35.9770796],[139.0811764,35.9770864],[139.0811699,35.9770975],[139.0811619,35.9771148],[139.0811551,35.9771282],[139.0811442,35.9771584],[139.081141,35.977163],[139.0811374,35.977167],[139.0811361,35.977168],[139.0811512,35.9771965],[139.0811629,35.9772148],[139.081178,35.9772289],[139.081188,35.9772432],[139.0811641,35.9772543],[139.0811554,35.977242],[139.08114,35.9772275],[139.081126,35.9772062],[139.0811121,35.9771801],[139.0811096,35.9771806],[139.0811092,35.9771806],[139.0810995,35.9771809],[139.0810992,35.9771809],[139.0810864,35.97718],[139.0810804,35.9771787],[139.0810642,35.9771752],[139.081011,35.9771636],[139.0809902,35.9771591],[139.0808777,35.9771291],[139.0808773,35.9771289],[139.0808329,35.9771174],[139.0808325,35.9771173],[139.0807625,35.9771006],[139.0807366,35.9770944],[139.080703,35.9770824],[139.0806622,35.977071],[139.0806312,35.9770628],[139.0805675,35.9770483],[139.0804905,35.9770221],[139.0804406,35.9770031],[139.0804101,35.9769972],[139.0804021,35.9770018],[139.080386,35.9770245],[139.0803616,35.9770579],[139.0803329,35.9770971],[139.0803054,35.9771379],[139.0802711,35.977183],[139.0802635,35.9771928],[139.0802473,35.9772111],[139.0802289,35.977231],[139.0802282,35.9772318],[139.0802328,35.9772413],[139.0802342,35.9772443],[139.0802434,35.977251],[139.0802567,35.9772551],[139.0803848,35.9772944],[139.0804802,35.9773231],[139.080501,35.9773294],[139.0805815,35.9773551],[139.0805922,35.9773582],[139.0805925,35.9773583],[139.0806555,35.9773715],[139.0807269,35.9773864],[139.0807882,35.9773974],[139.0808094,35.9774012],[139.0808205,35.9774027],[139.0808208,35.9774028],[139.0808446,35.977411],[139.0808765,35.9774352],[139.0808973,35.9774541],[139.0809142,35.9774727],[139.080948,35.9775123],[139.0809548,35.977522],[139.0809625,35.9775371],[139.080974,35.9775749],[139.0809824,35.9776126],[139.0810024,35.9776835],[139.0810079,35.9776939],[139.0810095,35.9776967],[139.081015,35.9777294],[139.0810187,35.9777669],[139.0810229,35.9777976],[139.0810237,35.9778206],[139.0810242,35.9778428],[139.0810247,35.9778596],[139.0810227,35.9778934],[139.08102,35.9779155],[139.0810185,35.9779276],[139.0810119,35.9779601],[139.0810024,35.9779869],[139.0809732,35.9780686],[139.080955,35.9781082],[139.0809333,35.9781634],[139.0809254,35.9781969],[139.0809184,35.9782446],[139.0809165,35.9782697],[139.0809156,35.9783044],[139.0809205,35.9783294],[139.0809299,35.9783581],[139.080933,35.9783742],[139.0809333,35.9783815],[139.0809221,35.9784202],[139.080922,35.9784208],[139.080915,35.9784341],[139.0808674,35.9785033],[139.0808392,35.9785341],[139.0808054,35.9785737],[139.0808051,35.9785738],[139.0807922,35.9785793],[139.0807874,35.9785809],[139.0807772,35.9785845],[139.0807769,35.9785846],[139.0807202,35.9785956],[139.0806709,35.9785984],[139.0806594,35.9785931],[139.0806529,35.9785944],[139.0806155,35.9786017],[139.0806118,35.9786054],[139.0805872,35.9786512],[139.0805718,35.97868],[139.0805605,35.9787115],[139.0805602,35.9787259],[139.0805713,35.9787547],[139.0805768,35.9787703],[139.0805676,35.978803],[139.0805367,35.9788553],[139.0805362,35.9788556],[139.0805098,35.9788722],[139.0804511,35.9789854],[139.0804358,35.9790391],[139.0804031,35.9791102],[139.0803836,35.9791443],[139.0803705,35.9791666],[139.0803392,35.9792177],[139.0803366,35.9792285],[139.0803351,35.9792341],[139.0803351,35.9792366],[139.0803354,35.9792391],[139.080339,35.9792485],[139.0803394,35.9792495],[139.0803405,35.9792502],[139.080347,35.9792545],[139.0803711,35.9792662],[139.0803735,35.9792674],[139.0803879,35.9792744],[139.0804096,35.9792849],[139.0804114,35.9792858]]],[[[139.0779544,35.9805226],[139.0780077,35.9805631],[139.0780755,35.9806117],[139.0781192,35.980643],[139.0781596,35.9806735],[139.0781628,35.9806758],[139.0782099,35.9806745],[139.0782103,35.9806745],[139.0782227,35.9806624],[139.078223,35.9806622],[139.078388,35.980503],[139.0783953,35.980496],[139.078398,35.9804986],[139.0783989,35.9804995],[139.0784072,35.9804908],[139.0784151,35.9804826],[139.0784293,35.9804723],[139.0784371,35.9804665],[139.0784482,35.9804573],[139.0784617,35.9804459],[139.0784601,35.9804448],[139.0784595,35.9804444],[139.0785022,35.9804043],[139.0785036,35.980403],[139.0785174,35.9803897],[139.0785325,35.9803752],[139.0785918,35.9803181],[139.0786038,35.9803066],[139.0786226,35.9802889],[139.0786247,35.980285],[139.0786255,35.9802821],[139.0786259,35.9802794],[139.078625,35.9802769],[139.0786198,35.9802728],[139.0786027,35.9802619],[139.0785072,35.9802003],[139.0784884,35.9801874],[139.0784808,35.9801881],[139.0784654,35.9801908],[139.078465,35.9801908],[139.0784467,35.9801904],[139.0784236,35.9801852],[139.0783937,35.9801746],[139.0783734,35.9801674],[139.0783801,35.980155],[139.0784041,35.9801636],[139.0784288,35.9801724],[139.0784292,35.9801725],[139.0784491,35.9801769],[139.0784637,35.9801772],[139.0784779,35.9801748],[139.0784783,35.9801747],[139.0784935,35.9801733],[139.0784939,35.9801733],[139.0785177,35.9801898],[139.0786422,35.98027],[139.0786576,35.9802556],[139.0786769,35.9802357],[139.0787114,35.9801992],[139.0787761,35.9801269],[139.0788306,35.9800641],[139.078841,35.9800515],[139.0789491,35.9799173],[139.0789674,35.9798925],[139.0789807,35.9798746],[139.0790004,35.979846],[139.0790314,35.9798032],[139.0790497,35.9797764],[139.0790701,35.9797419],[139.0791052,35.9796901],[139.0791091,35.9796841],[139.079109,35.9796787],[139.0791069,35.979677],[139.0790617,35.9796567],[139.0790273,35.9796416],[139.0790095,35.9796338],[139.0789778,35.9796218],[139.0789717,35.9796192],[139.0789369,35.9796047],[139.0789019,35.9795903],[139.0788664,35.9795762],[139.0788411,35.9795649],[139.078838,35.9795633],[139.0788068,35.9795474],[139.0787834,35.9795372],[139.0787315,35.9795121],[139.0786691,35.9794825],[139.0786367,35.9794659],[139.0786076,35.9794471],[139.0785714,35.9794228],[139.0785627,35.9794178],[139.0785225,35.9793941],[139.078467,35.9793594],[139.0784354,35.9793391],[139.0784139,35.979325],[139.0784038,35.9793326],[139.0783718,35.9793567],[139.0783565,35.9793708],[139.0783329,35.979393],[139.0783072,35.9794251],[139.0782841,35.9794672],[139.0782624,35.9795118],[139.0782444,35.9795573],[139.0782344,35.9795933],[139.0782293,35.9796061],[139.0782102,35.9796354],[139.0781688,35.9797065],[139.078159,35.9797267],[139.0781378,35.9797926],[139.0781218,35.9798428],[139.0781057,35.9798804],[139.0780909,35.9799091],[139.0780621,35.9799493],[139.0780364,35.9799905],[139.078036,35.9799904],[139.0780296,35.9799868],[139.0780151,35.9799785],[139.0780396,35.9799394],[139.0780679,35.9798998],[139.0780818,35.979873],[139.0780974,35.9798368],[139.0781128,35.9797874],[139.0781346,35.9797202],[139.0781694,35.979649],[139.0781881,35.9796249],[139.0782058,35.979598],[139.0782101,35.9795869],[139.0782087,35.9795807],[139.0782035,35.9795696],[139.0781991,35.9795619],[139.0781968,35.9795535],[139.0781972,35.9795457],[139.0782039,35.9795285],[139.0782263,35.9794876],[139.0782701,35.9794127],[139.078271,35.9794119],[139.0783282,35.979348],[139.0783678,35.979302],[139.0783514,35.9792946],[139.078317,35.9792789],[139.0783004,35.9792709],[139.0782934,35.9792675],[139.0782919,35.9792667],[139.0782782,35.9792589],[139.0782618,35.9792484],[139.0782489,35.9792389],[139.0782399,35.9792309],[139.0782298,35.979214],[139.0782261,35.9792084],[139.078224,35.9792053],[139.0782193,35.9791949],[139.0782165,35.9791892],[139.0781743,35.9791309],[139.0781664,35.9791212],[139.0781599,35.9791144],[139.0781425,35.979096],[139.0781262,35.9790768],[139.0781087,35.9790475],[139.0780932,35.9790202],[139.0780824,35.978997],[139.0780755,35.9789783],[139.0780645,35.978936],[139.078051,35.9788956],[139.0780375,35.978866],[139.0780224,35.9788355],[139.078017,35.9788224],[139.0780147,35.9788155],[139.0780073,35.9787932],[139.0780043,35.9787796],[139.0779849,35.9787154],[139.0779821,35.9787079],[139.0779784,35.9787038],[139.0779741,35.9787012],[139.077971,35.9787006],[139.0779685,35.978701],[139.0779623,35.9787053],[139.0779545,35.9787118],[139.077918,35.9787442],[139.0779002,35.9787602],[139.0778044,35.9788511],[139.0777612,35.9788914],[139.0777473,35.9789041],[139.0777164,35.9789334],[139.0776393,35.9790119],[139.0776153,35.9790367],[139.0775819,35.9790804],[139.07758,35.9790829],[139.0775132,35.9791751],[139.0774975,35.979198],[139.0775276,35.9792191],[139.0775593,35.9792425],[139.0775794,35.9792575],[139.07768,35.9793354],[139.0777009,35.9793484],[139.0777408,35.9793818],[139.077792,35.9794219],[139.0778047,35.9794299],[139.0778288,35.9794564],[139.0778731,35.9794998],[139.0779309,35.9795493],[139.0779303,35.9795497],[139.077914,35.9795635],[139.0778369,35.9795102],[139.0778223,35.9795037],[139.0778021,35.9795065],[139.077749,35.9795467],[139.0776987,35.9795946],[139.0776854,35.9795854],[139.0777072,35.9795633],[139.0777631,35.9795045],[139.0777875,35.9794769],[139.0777924,35.9794678],[139.0777909,35.9794579],[139.0777873,35.9794486],[139.0777356,35.9794166],[139.0777211,35.9794151],[139.0777127,35.9794162],[139.0777034,35.9794197],[139.0776714,35.9794396],[139.0776542,35.9794516],[139.0776361,35.979438],[139.0776566,35.9794201],[139.0776672,35.9794084],[139.0776688,35.9794021],[139.0776699,35.9793916],[139.0776683,35.9793826],[139.077666,35.9793734],[139.0775788,35.9792987],[139.0775359,35.9792619],[139.0775051,35.979239],[139.0774988,35.9792361],[139.0774985,35.979236],[139.0774912,35.9792345],[139.077483,35.9792349],[139.0774827,35.979235],[139.0774734,35.9792381],[139.0774658,35.9792437],[139.0774381,35.9792842],[139.0773769,35.9793719],[139.0773774,35.9793795],[139.0773796,35.9793858],[139.0773836,35.9793907],[139.0773877,35.9793947],[139.0773995,35.9794041],[139.0774054,35.9794088],[139.0774074,35.9794103],[139.0774333,35.9794296],[139.0774501,35.9794441],[139.0774606,35.9794531],[139.0774975,35.9794814],[139.0775144,35.9794944],[139.0775685,35.9795351],[139.0775753,35.9795403],[139.0777014,35.9796421],[139.0777032,35.9796435],[139.0777942,35.9797153],[139.0778286,35.9797419],[139.0779112,35.9798057],[139.0779212,35.9798101],[139.0779301,35.9798105],[139.0779334,35.9798106],[139.0779344,35.9798106],[139.0780276,35.9797939],[139.0780326,35.9798109],[139.07791,35.97983],[139.0778886,35.9798158],[139.0778859,35.9798135],[139.0778091,35.9797501],[139.0776958,35.9796567],[139.0776919,35.9796535],[139.077575,35.9795624],[139.0775548,35.9795468],[139.0775008,35.9795063],[139.0774466,35.9794646],[139.0774193,35.9794412],[139.0773916,35.9794207],[139.0773738,35.9794062],[139.0773679,35.9794016],[139.0773596,35.9793982],[139.0773491,35.9793974],[139.0773472,35.9793992],[139.0773297,35.9794165],[139.0773086,35.9794382],[139.0772956,35.9794501],[139.0772928,35.9794535],[139.0772855,35.9794619],[139.0772842,35.9794634],[139.0772609,35.9794905],[139.0772691,35.9795039],[139.0772693,35.9795042],[139.0772698,35.979505],[139.077278,35.9795172],[139.07729,35.9795304],[139.0773239,35.9795551],[139.0774209,35.9796255],[139.0774521,35.9796509],[139.0774554,35.979653],[139.0774933,35.9796784],[139.0775343,35.979715],[139.0775725,35.9797508],[139.0776823,35.9798493],[139.0777695,35.9799261],[139.077764,35.9799303],[139.0777389,35.9799494],[139.0775714,35.9798269],[139.0775669,35.9798226],[139.0774879,35.9797485],[139.0774476,35.9797126],[139.0774155,35.9796871],[139.0773811,35.979662],[139.0772841,35.9795914],[139.0772328,35.9795542],[139.0772272,35.9795504],[139.0771539,35.9796484],[139.0770907,35.9797331],[139.0771622,35.9797775],[139.0772973,35.9798722],[139.077398,35.9799427],[139.0775188,35.9800325],[139.0774921,35.9800564],[139.0773727,35.9799666],[139.0772726,35.9798966],[139.0772341,35.9798696],[139.0772314,35.97987],[139.0772286,35.9798707],[139.0772281,35.9798708],[139.0772244,35.9798722],[139.0772207,35.9798745],[139.0771336,35.9799409],[139.0771278,35.9799355],[139.0772148,35.9798692],[139.0772172,35.9798673],[139.077219,35.9798654],[139.0772194,35.9798637],[139.0772196,35.9798627],[139.0772193,35.9798591],[139.0771377,35.9798019],[139.0771204,35.9797932],[139.0771014,35.9797858],[139.0770785,35.9797817],[139.0770657,35.9797822],[139.0770283,35.9798183],[139.0769712,35.979892],[139.0769235,35.9799362],[139.0769188,35.9799411],[139.0768886,35.9799712],[139.0768356,35.9800204],[139.0768171,35.9800375],[139.0768155,35.9800387],[139.0768139,35.98004],[139.0768013,35.9800524],[139.0768168,35.9800729],[139.0768328,35.9800931],[139.0768433,35.9801063],[139.0768516,35.980117],[139.0769336,35.9802208],[139.0769437,35.9802336],[139.0769643,35.9802598],[139.0769667,35.9802628],[139.076971,35.9802681],[139.0769974,35.9803032],[139.0770137,35.9803247],[139.0770633,35.9803901],[139.0770668,35.9803947],[139.0771204,35.9804654],[139.0772144,35.9804074],[139.0773377,35.9803236],[139.077368,35.9803107],[139.0775791,35.9805049],[139.0775612,35.9805299],[139.0773635,35.9803498],[139.0771452,35.9804966],[139.0771594,35.9805142],[139.0771947,35.9805594],[139.0772428,35.9806233],[139.0772489,35.9806309],[139.0772706,35.9806583],[139.0772929,35.9806864],[139.0773149,35.9807142],[139.0773309,35.9807365],[139.0773484,35.9807611],[139.0774154,35.9808447],[139.0774875,35.9809335],[139.0775044,35.9809543],[139.0776751,35.9811778],[139.0777075,35.981149],[139.0777695,35.9810916],[139.0779836,35.980893],[139.0781586,35.9807244],[139.078088,35.9806711],[139.0780377,35.980635],[139.0779764,35.9805911],[139.0779261,35.9805529],[139.0778887,35.9805245],[139.0778784,35.9805168],[139.0779055,35.9804932],[139.0779102,35.9804891],[139.0779233,35.9804989],[139.0779377,35.9805099],[139.0779381,35.9805102],[139.0779544,35.9805226]]],[[[139.075,35.98175800261324],[139.0750937,35.9817216],[139.0751246,35.9817077],[139.0751209,35.9817021],[139.07512,35.9817009],[139.0751275,35.9816979],[139.0751282,35.9816991],[139.0751316,35.9817045],[139.0751345,35.9817033],[139.0751442,35.9816989],[139.0752779,35.9816408],[139.0754224,35.9815785],[139.0755015,35.9815445],[139.0755891,35.9815069],[139.0756077,35.981499],[139.0756779,35.9814641],[139.0756843,35.9814602],[139.0758119,35.9813851],[139.0759075,35.9813219],[139.0759495,35.9812954],[139.0760608,35.981225],[139.0760672,35.9812085],[139.0760671,35.9812071],[139.0760661,35.9811911],[139.0760087,35.9811131],[139.0759887,35.9810863],[139.0759764,35.9810693],[139.075912,35.9809808],[139.0759575,35.9809548],[139.0759854,35.9809388],[139.0760418,35.9809047],[139.0761314,35.9808505],[139.076142,35.9808425],[139.0761487,35.9808323],[139.0760211,35.9807292],[139.0758896,35.9806258],[139.0758862,35.9806229],[139.0758852,35.9806221],[139.0758688,35.9806251],[139.0758594,35.9806286],[139.075791,35.98066],[139.075773,35.9806679],[139.0756201,35.9807275],[139.0755113,35.9807697],[139.0754959,35.9807434],[139.075,35.980940360668725],[139.075,35.98087264254143],[139.0750118,35.9808937],[139.0757727,35.9805935],[139.0757726,35.9805324],[139.0757311,35.980499],[139.0757294,35.9804977],[139.0757024,35.9804762],[139.0757003,35.9804784],[139.0756971,35.9804818],[139.0757143,35.9805178],[139.0757077,35.9805201],[139.075704,35.9805216],[139.0755838,35.9805687],[139.0753988,35.9806411],[139.0753803,35.9806484],[139.0752327,35.980706],[139.0752024,35.9806549],[139.0752027,35.9806548],[139.0753693,35.9805899],[139.0754255,35.9805678],[139.0756415,35.980483],[139.0756519,35.9804356],[139.0756477,35.9804323],[139.0756165,35.9804071],[139.0755558,35.9803591],[139.07521,35.9800856],[139.0751722,35.9800557],[139.0751711,35.9800566],[139.0751647,35.9800514],[139.0751657,35.9800506],[139.0751374,35.9800281],[139.0751168,35.9800118],[139.0751105,35.9800068],[139.0750617,35.9799682],[139.0750551,35.9799627],[139.075,35.979917467353395],[139.075,35.98175800261324]]],[[[139.075,35.97955531501598],[139.0750398,35.9795419],[139.0750945,35.9795249],[139.0751519,35.9795053],[139.0751832,35.9794929],[139.075193,35.9794891],[139.0752666,35.9794604],[139.0752896,35.9794515],[139.0753179,35.9794415],[139.0753209,35.9794404],[139.0753862,35.9794171],[139.0753868,35.9794169],[139.0753462,35.9793692],[139.0752706,35.9792857],[139.0752328,35.9792435],[139.0751771,35.979183],[139.0751006,35.9791061],[139.0750332,35.9790402],[139.075,35.97900748693332],[139.075,35.9789933343023],[139.0750421,35.9790347],[139.0751092,35.9791003],[139.0751856,35.9791772],[139.0752401,35.9792324],[139.0752443,35.9792365],[139.0752826,35.9792791],[139.0753581,35.9793625],[139.0754003,35.9794121],[139.0754176,35.979406],[139.0754797,35.979386],[139.075529,35.9793674],[139.0755795,35.979352],[139.0755799,35.9793519],[139.075611,35.979342],[139.0756414,35.9793316],[139.0756624,35.9793244],[139.0756903,35.9793146],[139.0757131,35.9793049],[139.0757307,35.979296],[139.0758216,35.9792472],[139.0758255,35.9792447],[139.0758283,35.9792284],[139.0756589,35.9790787],[139.075677,35.9790631],[139.0757226,35.979098],[139.0758532,35.9792118],[139.0758804,35.9792151],[139.0758889,35.9792109],[139.0759074,35.9792015],[139.0759438,35.9791828],[139.0760068,35.9791475],[139.0760124,35.9791429],[139.0760156,35.9791383],[139.0759949,35.9791123],[139.0759791,35.9790918],[139.0759251,35.9790292],[139.0758984,35.9789995],[139.0758735,35.9789739],[139.0757579,35.9788723],[139.075736,35.9788532],[139.0756714,35.9787975],[139.0756137,35.9787476],[139.0755427,35.9786894],[139.0754402,35.9786033],[139.075412,35.9785796],[139.0753214,35.9785002],[139.0752589,35.9784486],[139.0751282,35.9783372],[139.0750501,35.9782721],[139.0750273,35.9782532],[139.075,35.978230599402984],[139.075,35.97955531501598]]],[[[139.07708941624472,35.983333333333334],[139.0770792,35.9833225],[139.0770351,35.9832591],[139.0769899,35.9831944],[139.0769577,35.9831496],[139.0769073,35.9830773],[139.0768855,35.9830447],[139.0768741,35.9830278],[139.0768582,35.9830036],[139.0768317,35.9829634],[139.0768266,35.9829565],[139.0767946,35.9829129],[139.0767943,35.9829126],[139.0767902,35.9829063],[139.0767647,35.9828676],[139.0767368,35.9828296],[139.0767364,35.9828293],[139.076723,35.9828174],[139.0767107,35.9828078],[139.0767081,35.9828063],[139.076703,35.9828034],[139.0767021,35.9828029],[139.0766952,35.9828007],[139.0766943,35.9828004],[139.0766869,35.9827989],[139.076682,35.9827968],[139.0766803,35.9827956],[139.0766474,35.9827843],[139.0763555,35.9824927],[139.0762179,35.9823454],[139.0762102,35.9823366],[139.0762021,35.9823413],[139.0761459,35.9822803],[139.0761168,35.9822461],[139.0761502,35.9822259],[139.0762113,35.9821912],[139.0762342,35.9821789],[139.0762348,35.9821786],[139.0762357,35.9821782],[139.0762443,35.9821739],[139.0762461,35.9821758],[139.0763413,35.9821143],[139.0763519,35.982119],[139.0764149,35.9820809],[139.076419,35.9820784],[139.0764657,35.9820479],[139.0764968,35.9820238],[139.0764994,35.9820219],[139.076504,35.9820182],[139.076514,35.9820034],[139.0765152,35.981998],[139.0765142,35.9819892],[139.0765138,35.9819876],[139.0765055,35.9819744],[139.0764788,35.9819412],[139.0764557,35.981916],[139.0764398,35.9819235],[139.0763147,35.9819829],[139.0763024,35.9819658],[139.0764065,35.9819164],[139.0764129,35.9819053],[139.076414,35.9819034],[139.076464,35.981881],[139.0765268,35.9818514],[139.0766383,35.9817988],[139.0766774,35.9817825],[139.0766884,35.981778],[139.0767554,35.9817503],[139.0767765,35.9817415],[139.0767888,35.9817364],[139.0767971,35.9817331],[139.0768509,35.9817124],[139.0769594,35.9816554],[139.0770945,35.9815807],[139.0769465,35.981469],[139.0768591,35.981403],[139.0768577,35.9814019],[139.0768573,35.9814022],[139.0768509,35.981397],[139.0767941,35.9813537],[139.0767715,35.9813365],[139.0767712,35.9813368],[139.0767647,35.9813316],[139.0767609,35.9813284],[139.0766927,35.9812745],[139.0766748,35.9812606],[139.0766046,35.9812046],[139.0765866,35.9811903],[139.0765829,35.9811874],[139.0765722,35.9811789],[139.0765726,35.9811786],[139.0765763,35.9811757],[139.0764716,35.9810925],[139.0764564,35.9810802],[139.0764394,35.9810667],[139.0764072,35.9810407],[139.0763149,35.9809663],[139.076285,35.9809422],[139.0762777,35.9809363],[139.0762387,35.9809049],[139.0762006,35.9808741],[139.0761792,35.980857],[139.0761608,35.9808551],[139.0761461,35.9808631],[139.0759967,35.9809512],[139.0759522,35.9809765],[139.0759452,35.9809806],[139.0759442,35.9809984],[139.0759472,35.9810025],[139.0759906,35.9810625],[139.0760562,35.9811512],[139.0760805,35.9811842],[139.0760898,35.9811966],[139.0760943,35.981195],[139.0760974,35.9811955],[139.0760989,35.9811958],[139.0761063,35.9811972],[139.0761092,35.9811977],[139.0761318,35.9812264],[139.0761284,35.9812286],[139.0760887,35.9812541],[139.0759359,35.9813508],[139.075842,35.9814129],[139.0758396,35.9814145],[139.0757083,35.9814917],[139.0757011,35.9814948],[139.0756296,35.9815303],[139.0756219,35.9815338],[139.0755236,35.9815776],[139.0754441,35.9816126],[139.075399,35.981632],[139.0752992,35.981675],[139.0751646,35.9817339],[139.0751135,35.9817539],[139.075,35.98179793017242],[139.075,35.98228929979206],[139.0750472,35.9823732],[139.0750819,35.982444],[139.0750851,35.982464],[139.0750857,35.9824683],[139.0750896,35.9824856],[139.0750939,35.982485],[139.0750942,35.9824849],[139.075095,35.9824877],[139.0750955,35.9824894],[139.075117,35.982574],[139.0751187,35.9825738],[139.07512,35.9825796],[139.0751184,35.9825799],[139.0751135,35.9825807],[139.0751444,35.9826934],[139.0751461,35.9827001],[139.0751429,35.9827003],[139.0751348,35.9827011],[139.0751928,35.9828488],[139.0752524,35.9829837],[139.0752882,35.9830635],[139.0753524,35.9831758],[139.0753572,35.9831841],[139.0753804,35.9832247],[139.0754107,35.9832766],[139.0754265,35.9833006],[139.0754446,35.9833261],[139.07545005464482,35.983333333333334],[139.07708941624472,35.983333333333334]]],[[[139.0765319,35.9774213],[139.0764912,35.9773877],[139.0764021,35.9773152],[139.0763983,35.9773121],[139.0763953,35.9773096],[139.0763912,35.9773129],[139.0763877,35.9773158],[139.0763194,35.9772593],[139.0763176,35.9772578],[139.076294,35.9772606],[139.0761532,35.9773922],[139.0759975,35.9775372],[139.0759625,35.9775124],[139.0761182,35.9773674],[139.0762607,35.9772341],[139.0762557,35.9772074],[139.0762128,35.9771729],[139.0761955,35.977159],[139.0761902,35.97716],[139.0761846,35.9771611],[139.0761676,35.977174],[139.0760774,35.9772517],[139.0759348,35.9773839],[139.0758938,35.9774199],[139.0758808,35.9774312],[139.0758716,35.9774402],[139.0758651,35.9774465],[139.0758553,35.9774516],[139.0758545,35.9774521],[139.0757535,35.9775051],[139.075711,35.9775397],[139.0757071,35.9775496],[139.0757068,35.9775546],[139.0757068,35.9775556],[139.0757084,35.9775618],[139.075711,35.9775674],[139.0757772,35.9776233],[139.0757833,35.9776255],[139.07579,35.9776261],[139.0757974,35.9776254],[139.0758033,35.9776232],[139.0758087,35.9776199],[139.0758796,35.977566],[139.0759085,35.977591],[139.0758374,35.9776448],[139.0758174,35.9776602],[139.0758163,35.9776634],[139.075819,35.9776685],[139.0758275,35.9776756],[139.075915,35.9777491],[139.0759836,35.977804],[139.0759989,35.9778163],[139.0760811,35.9778859],[139.0761061,35.9779072],[139.0760815,35.9779266],[139.0760702,35.9779171],[139.0760675,35.9779148],[139.0759894,35.9778486],[139.0759865,35.9778489],[139.0759806,35.9778494],[139.0759742,35.9778514],[139.0759676,35.9778548],[139.07596,35.9778602],[139.0757665,35.9780201],[139.0757576,35.978013],[139.075943,35.9778562],[139.0759585,35.9778423],[139.0759628,35.977837],[139.0759659,35.9778293],[139.0759476,35.9778145],[139.0759269,35.9777979],[139.0758907,35.9777687],[139.0758244,35.9777141],[139.0758232,35.9777131],[139.0757928,35.9776881],[139.0756769,35.9775908],[139.0756766,35.9775908],[139.0756405,35.9775914],[139.0756397,35.977592],[139.0756062,35.9776136],[139.075583,35.9776285],[139.0754832,35.9777033],[139.0754267,35.9777477],[139.075414,35.9777564],[139.0753868,35.9777341],[139.0753964,35.9777273],[139.0753993,35.9777253],[139.0754236,35.9777066],[139.0755202,35.9776337],[139.0755568,35.9776064],[139.0755558,35.9775685],[139.0755549,35.9775666],[139.0754341,35.9774751],[139.0753996,35.9774737],[139.0753185,35.9775299],[139.0752844,35.9775536],[139.0751995,35.9774904],[139.0752261,35.9774672],[139.0752339,35.9774605],[139.0752841,35.9774981],[139.0753832,35.9774347],[139.075388,35.9774316],[139.0754013,35.9774264],[139.075414,35.9774252],[139.0754288,35.9774266],[139.0754425,35.9774305],[139.0754553,35.9774375],[139.0754629,35.9774437],[139.0755887,35.9775414],[139.075611,35.9775444],[139.0756378,35.977548],[139.0756539,35.9775411],[139.075687,35.9775164],[139.0757344,35.9774817],[139.0758125,35.9774394],[139.0758383,35.9774255],[139.0758568,35.9774123],[139.0759356,35.9773427],[139.0760726,35.9772157],[139.0761394,35.9771536],[139.076148,35.9771453],[139.0761572,35.9771319],[139.0761533,35.9771149],[139.0760639,35.9770392],[139.076056,35.9770325],[139.0759681,35.9769584],[139.0759596,35.9769508],[139.0759551,35.9769533],[139.0759526,35.9769548],[139.0759523,35.9769549],[139.0759444,35.9769625],[139.0759368,35.9769712],[139.0759285,35.976983],[139.0759238,35.9769935],[139.0759197,35.9770014],[139.0759191,35.9770019],[139.075913,35.9770072],[139.075904,35.9770108],[139.0758868,35.9770173],[139.0758715,35.9770252],[139.0758553,35.977036],[139.0757998,35.9770828],[139.0757074,35.9771626],[139.0756327,35.9772313],[139.0755934,35.977263],[139.0755445,35.9773052],[139.07554,35.9773083],[139.0755361,35.9773105],[139.0755312,35.9773122],[139.0755263,35.9773128],[139.0755259,35.9773129],[139.075521,35.9773126],[139.0755147,35.9773103],[139.0755129,35.9773092],[139.0755092,35.9773066],[139.075469,35.9772741],[139.0754629,35.9772696],[139.0754533,35.9772766],[139.0753741,35.9773352],[139.075317,35.9773773],[139.0753116,35.9773814],[139.0753041,35.9773747],[139.0753087,35.9773712],[139.075365,35.9773297],[139.0754459,35.9772698],[139.0754558,35.9772628],[139.075411,35.9772247],[139.0754045,35.9772196],[139.0753972,35.9772192],[139.0753875,35.9772234],[139.0753784,35.9772301],[139.0753443,35.9772595],[139.0752974,35.97729],[139.0752442,35.9773239],[139.0752357,35.9773294],[139.0752255,35.977337],[139.0751532,35.9773913],[139.0750459,35.9774727],[139.075036,35.97748],[139.0750322,35.9774767],[139.0750294,35.9774742],[139.0751463,35.9773853],[139.0752292,35.9773232],[139.0752909,35.9772836],[139.0753375,35.9772535],[139.0753714,35.9772243],[139.0753814,35.9772168],[139.0753948,35.9772109],[139.0754089,35.9772116],[139.0754184,35.977219],[139.0754676,35.9772611],[139.0754761,35.9772682],[139.0755159,35.9773006],[139.07552,35.9773033],[139.0755229,35.9773044],[139.0755264,35.9773045],[139.0755298,35.9773039],[139.0755332,35.9773026],[139.0755358,35.9773007],[139.0755376,35.9772993],[139.0755862,35.9772574],[139.0756254,35.9772257],[139.0756814,35.9771745],[139.0756799,35.9771679],[139.0756758,35.9771615],[139.0756694,35.977155],[139.0754127,35.9769474],[139.0754255,35.9769371],[139.0754362,35.9769284],[139.0756929,35.9771359],[139.0756962,35.9771379],[139.0756999,35.9771389],[139.0757043,35.9771389],[139.0757084,35.977138],[139.0757664,35.977088],[139.0757853,35.9770716],[139.0758418,35.9770241],[139.0758599,35.977012],[139.0758775,35.9770031],[139.0758955,35.9769963],[139.075901,35.976994],[139.0759026,35.9769925],[139.0759053,35.9769876],[139.0759103,35.9769762],[139.0759198,35.9769625],[139.0759287,35.9769525],[139.0759392,35.9769425],[139.075943,35.9769355],[139.0759174,35.9769122],[139.0758844,35.9768834],[139.0758786,35.9768782],[139.0758535,35.9768563],[139.0758115,35.9768196],[139.0757654,35.9767767],[139.0757507,35.9767636],[139.0756943,35.9767125],[139.0756786,35.9766984],[139.0755997,35.9766293],[139.0755571,35.9765937],[139.0754948,35.9765418],[139.0754444,35.9765004],[139.0754274,35.9764855],[139.075372,35.9764373],[139.0753049,35.9763781],[139.0753043,35.9763783],[139.0753023,35.976379],[139.0752987,35.9763814],[139.0752651,35.9764056],[139.0752177,35.9764436],[139.075153,35.9764956],[139.075,35.97661683400098],[139.075,35.9767301972794],[139.0750781,35.9767886],[139.0750937,35.9767991],[139.075099,35.9768036],[139.075102,35.9768065],[139.0751033,35.9768076],[139.075105,35.9768095],[139.0751062,35.976811],[139.0751076,35.9768144],[139.0751088,35.9768177],[139.0751099,35.9768211],[139.0751104,35.9768256],[139.0751089,35.9768295],[139.0750966,35.976844],[139.0750807,35.9768606],[139.0750687,35.9768732],[139.075066,35.9768758],[139.0750206,35.9769219],[139.075,35.976939530313395],[139.075,35.97691600974359],[139.0750062,35.9769107],[139.0750432,35.976873],[139.0750504,35.9768658],[139.0750637,35.9768519],[139.0750705,35.9768403],[139.0750749,35.9768272],[139.0750749,35.9768234],[139.0750748,35.9768211],[139.0750737,35.976818],[139.075072,35.9768145],[139.0750645,35.9768056],[139.075,35.97675501916604],[139.075,35.976577191420915],[139.0750728,35.9765182],[139.0750819,35.9765107],[139.0752398,35.9763855],[139.0752689,35.9763618],[139.0752718,35.9763591],[139.0752743,35.9763558],[139.0752735,35.9763519],[139.0752721,35.9763491],[139.0752428,35.9763234],[139.0751453,35.9762371],[139.0750132,35.9761238],[139.075,35.9761124873385],[139.075,35.978152289239326],[139.0750237,35.9781719],[139.0750607,35.9781707],[139.075061,35.9781707],[139.0753211,35.97798],[139.0753658,35.9780201],[139.0751056,35.9782108],[139.0751016,35.9782362],[139.0751449,35.9782727],[139.0751768,35.9783001],[139.0752833,35.9783911],[139.0752862,35.9783936],[139.0753475,35.978447],[139.0753563,35.9784546],[139.0753674,35.9784643],[139.075432,35.9785205],[139.0754601,35.9785448],[139.0755318,35.9786053],[139.0755373,35.97861],[139.0755679,35.9786357],[139.0756257,35.978686],[139.0756581,35.9787125],[139.0759236,35.9789358],[139.0759254,35.9789372],[139.0759876,35.9789867],[139.0760237,35.9790192],[139.0760063,35.979034],[139.0760057,35.9790345],[139.0760346,35.9790716],[139.0760442,35.9790839],[139.0760668,35.9791117],[139.0761026,35.9790969],[139.0761144,35.9790941],[139.076152,35.979091],[139.0761524,35.9790909],[139.0761745,35.9790882],[139.0762044,35.979082],[139.07622,35.9790777],[139.0762393,35.9790694],[139.0762871,35.9790386],[139.0763289,35.9790089],[139.0763849,35.9789751],[139.0763951,35.978969],[139.076468,35.9789246],[139.0764975,35.9789066],[139.0765086,35.9788998],[139.0765515,35.9788703],[139.0765832,35.9788485],[139.0766091,35.9788294],[139.0766269,35.9788162],[139.0766669,35.9787878],[139.0766726,35.9787837],[139.0766746,35.9787822],[139.0766769,35.9787806],[139.076712,35.9787556],[139.0767281,35.9787452],[139.0767709,35.9787172],[139.0767985,35.9787053],[139.0768062,35.9787012],[139.0768219,35.9786929],[139.0769066,35.9786322],[139.0769164,35.9786252],[139.0769306,35.9786132],[139.0769282,35.9786067],[139.0769257,35.9786023],[139.0769177,35.9785964],[139.0768581,35.9785519],[139.0767447,35.9784654],[139.0767593,35.9784511],[139.0768141,35.9784928],[139.0768728,35.9785376],[139.0769425,35.9785902],[139.0769555,35.9785919],[139.0769712,35.9785788],[139.0770121,35.978542],[139.0770307,35.9785172],[139.0770503,35.9784909],[139.0770673,35.9784719],[139.0771241,35.9784114],[139.0771224,35.9783832],[139.077056,35.9783312],[139.0769274,35.9782283],[139.0769267,35.9782279],[139.0768616,35.9781759],[139.0767773,35.9781083],[139.0766586,35.9780131],[139.0766548,35.9780102],[139.0767031,35.9779702],[139.076707,35.9779733],[139.0768266,35.9780693],[139.0769099,35.9781362],[139.0769752,35.978188],[139.0771039,35.9782912],[139.0771557,35.9783317],[139.0771587,35.978334],[139.077184,35.9783314],[139.0772277,35.9782727],[139.0772495,35.9782426],[139.0772582,35.9782466],[139.0773317,35.9781482],[139.0773683,35.9780979],[139.0773623,35.9780942],[139.0773498,35.9780857],[139.0773318,35.9780794],[139.0772745,35.9780402],[139.0772563,35.9780224],[139.0772369,35.9780064],[139.0771933,35.9779749],[139.0771636,35.9779501],[139.0771488,35.9779396],[139.0771399,35.9779334],[139.0771003,35.977899],[139.0770714,35.9778739],[139.077036,35.977845],[139.0769897,35.9778074],[139.0767864,35.9776395],[139.0766895,35.977556],[139.0766673,35.9775368],[139.076663,35.9775388],[139.0765189,35.9776712],[139.0765044,35.9776845],[139.0764895,35.9776738],[139.0765041,35.9776604],[139.0766397,35.9775356],[139.076651,35.9775253],[139.0766501,35.9775219],[139.0765708,35.9774534],[139.0765319,35.9774213]]]]},"properties":{"layer":"landuse","class_code":"215","class_label":"道路用地（道路、駅前広場、私有地内に存在する沿道用途の「私道」または、私有地の一部分であるものの公共の通行に供されている土地の部分）"}},{"type":"Feature","id":"luse_c632d152-1147-4b34-8972-d8468f63b3ec","geometry":{"type":"MultiPolygon","coordinates":[[[[139.0875,35.983333333333334],[139.078652114237,35.983333333333334],[139.0786575,35.9833175],[139.0786797,35.983252],[139.0786956,35.9832051],[139.0786989,35.9831954],[139.0787249,35.9831186],[139.0787476,35.9830541],[139.0787601,35.9830162],[139.0787682,35.9829919],[139.0787748,35.9829691],[139.0787796,35.9829465],[139.0787762,35.9828621],[139.0787747,35.9828605],[139.0787735,35.9828592],[139.078763,35.9828477],[139.0787494,35.982833],[139.078741,35.9828239],[139.0787309,35.9828131],[139.0787034,35.9827837],[139.0786606,35.9827375],[139.0786447,35.9827203],[139.0786593,35.982707],[139.0786253,35.9826816],[139.0787159,35.9825808],[139.0787185,35.9825836],[139.0787243,35.9825883],[139.0787262,35.9825897],[139.0787291,35.9825916],[139.0787329,35.9825933],[139.0787332,35.9825934],[139.0787457,35.982598],[139.0787641,35.9826105],[139.0787993,35.9826355],[139.0788172,35.9826482],[139.0788249,35.9826536],[139.0788344,35.9826604],[139.078847,35.9826693],[139.0788474,35.9826696],[139.0788517,35.9826726],[139.0788617,35.9826796],[139.0788712,35.9826503],[139.0788758,35.9826265],[139.0788775,35.9825894],[139.0788855,35.982565],[139.0788829,35.9825341],[139.0788755,35.9824661],[139.0788719,35.9824031],[139.0788746,35.9823653],[139.0789203,35.9822603],[139.0789455,35.9822086],[139.0789619,35.9821724],[139.0789583,35.9821712],[139.0789606,35.9821659],[139.0790026,35.982111],[139.0790871,35.9820043],[139.079111,35.9819903],[139.079127,35.981981],[139.0791834,35.9819603],[139.0792555,35.9819426],[139.079261,35.9819412],[139.079309,35.9819306],[139.0793195,35.9819282],[139.0793199,35.9819282],[139.0793584,35.9819206],[139.0793682,35.9819192],[139.079448,35.9819012],[139.0794492,35.9818872],[139.079422,35.9817885],[139.0794203,35.9817824],[139.079389,35.9817132],[139.0793805,35.9816984],[139.0793621,35.9816753],[139.0793581,35.9816711],[139.0793553,35.9816679],[139.0793434,35.9816598],[139.0793185,35.9816403],[139.0792561,35.9815895],[139.0792462,35.981582],[139.0791937,35.981545],[139.0791832,35.9815383],[139.0791966,35.9815276],[139.0792165,35.9815392],[139.0792358,35.9815535],[139.079276,35.9815846],[139.0793247,35.9816229],[139.0793572,35.9816493],[139.0793731,35.981658],[139.0793773,35.9816617],[139.0794052,35.9816884],[139.0794079,35.9816946],[139.0794229,35.9817191],[139.0794341,35.9817409],[139.0794375,35.9817492],[139.0794557,35.9818051],[139.0794769,35.9818823],[139.0794813,35.9818996],[139.079487,35.9818983],[139.0794964,35.9818962],[139.0794967,35.9818961],[139.0795899,35.9818789],[139.0796215,35.9818743],[139.0796512,35.98187],[139.0796516,35.9818699],[139.0796742,35.9818664],[139.0796745,35.9818664],[139.0796968,35.9818628],[139.0797031,35.9818609],[139.0797182,35.9818574],[139.0797185,35.9818573],[139.079726,35.9818559],[139.0796728,35.9817761],[139.079633,35.9817151],[139.0796073,35.9816767],[139.0795648,35.9816162],[139.079587,35.9816073],[139.0795874,35.9816072],[139.0795897,35.9816106],[139.0796689,35.9817233],[139.0796691,35.9817236],[139.0797434,35.981831],[139.0797807,35.9818486],[139.0798321,35.9818446],[139.0798345,35.9818444],[139.0798392,35.981844],[139.0799115,35.9818378],[139.0799321,35.981817],[139.07992,35.9817269],[139.0799111,35.9816709],[139.0799036,35.9816235],[139.0799018,35.9816121],[139.0799455,35.9816075],[139.079964,35.9817226],[139.0799763,35.9818149],[139.0799929,35.9818311],[139.0799976,35.9818307],[139.0800507,35.9818263],[139.0800517,35.9818262],[139.0800571,35.9818258],[139.0800942,35.9818233],[139.0801026,35.9818226],[139.0801754,35.9818171],[139.0802122,35.9818144],[139.0802353,35.9818127],[139.0802395,35.9818125],[139.0802852,35.9818093],[139.0803036,35.9818085],[139.0803053,35.9818084],[139.0803169,35.9817954],[139.080313,35.981761],[139.0803093,35.9817345],[139.0803036,35.9816931],[139.0802941,35.9816465],[139.0802934,35.9816432],[139.0802866,35.9815975],[139.0802748,35.9815239],[139.0802695,35.9814878],[139.0802688,35.9814832],[139.080261,35.9814389],[139.0802609,35.9814385],[139.0802605,35.9814347],[139.0802581,35.9814156],[139.0802577,35.9814121],[139.0802524,35.9814081],[139.0802441,35.981402],[139.0800929,35.9814115],[139.0800884,35.9813768],[139.0802411,35.9813672],[139.0802506,35.9813587],[139.0802501,35.9813567],[139.0802372,35.981263],[139.0802356,35.9812517],[139.0802314,35.9812234],[139.0802236,35.9811677],[139.080204,35.9811403],[139.0801969,35.9811309],[139.0801957,35.9811289],[139.0801442,35.9810811],[139.0801315,35.9810732],[139.0801219,35.9810822],[139.0800825,35.9811195],[139.0800609,35.9811399],[139.0800584,35.9811422],[139.0799077,35.9812885],[139.0798528,35.9813412],[139.0798138,35.9813173],[139.0798641,35.9812689],[139.0799845,35.9811553],[139.0800475,35.9810881],[139.080089,35.9810439],[139.0801319,35.9810032],[139.080148,35.980987],[139.0801442,35.9809576],[139.0801422,35.9809491],[139.0801392,35.9809434],[139.080135,35.9809383],[139.080132,35.9809356],[139.0801013,35.9809166],[139.0800494,35.9808839],[139.0799797,35.980841],[139.0799956,35.9808267],[139.0801185,35.9809011],[139.0801292,35.980907],[139.0801765,35.9809353],[139.0802062,35.9809298],[139.0802065,35.9809297],[139.0802097,35.9809268],[139.0802435,35.9808953],[139.0803088,35.9808339],[139.0803462,35.9807963],[139.0803777,35.980765],[139.0804185,35.9807263],[139.0804399,35.9807055],[139.0804471,35.9806997],[139.0805083,35.9806512],[139.0805205,35.9806443],[139.0805227,35.9806429],[139.0805435,35.9806293],[139.0805446,35.9806286],[139.0806152,35.9805865],[139.0806251,35.9805804],[139.0806317,35.9805764],[139.0806361,35.9805738],[139.0806506,35.980565],[139.0806554,35.980562],[139.0806578,35.9805605],[139.0806733,35.9805509],[139.0807414,35.9805093],[139.080786,35.9804832],[139.0807988,35.9804853],[139.080818,35.9804885],[139.080901,35.9805019],[139.0809109,35.9805035],[139.0809453,35.9805091],[139.0809484,35.9805091],[139.0809492,35.9805091],[139.080967,35.9805048],[139.0809649,35.9805022],[139.0809678,35.980499],[139.0809689,35.9804919],[139.0809723,35.9804745],[139.0809729,35.9804706],[139.0809739,35.9804664],[139.0809833,35.980415],[139.0809902,35.980378],[139.0809987,35.9803359],[139.0810025,35.9803173],[139.0810028,35.9803168],[139.081004,35.9803107],[139.0810123,35.980268],[139.0810173,35.9802387],[139.0810231,35.9802125],[139.0810318,35.980166],[139.0810359,35.9801467],[139.0810369,35.9801412],[139.0810429,35.9801125],[139.0810531,35.9800654],[139.081056,35.9800512],[139.0810565,35.9800466],[139.0810596,35.9800174],[139.0810605,35.9800069],[139.0810609,35.9800026],[139.0810613,35.9799982],[139.0810594,35.979967],[139.081058,35.9799491],[139.0810554,35.9799245],[139.0810494,35.9798914],[139.0810438,35.9798648],[139.0810396,35.979846],[139.0810338,35.9798315],[139.0810268,35.9798184],[139.0809976,35.9797735],[139.0809763,35.9797512],[139.080968,35.9797425],[139.0809648,35.9797391],[139.080959,35.9797336],[139.0810014,35.9796783],[139.0810202,35.9796957],[139.0810242,35.9796991],[139.0810197,35.9797036],[139.0810179,35.9797054],[139.0810278,35.9797133],[139.0810586,35.9797417],[139.0810913,35.9797702],[139.0810921,35.979771],[139.0812086,35.9798782],[139.0812557,35.9799227],[139.0812738,35.9799399],[139.0812761,35.9799419],[139.0813167,35.9799784],[139.0813441,35.980003],[139.0813527,35.9800014],[139.081354,35.980001],[139.0813601,35.9799983],[139.0813711,35.979992],[139.0813762,35.9799893],[139.0813804,35.9799869],[139.0814021,35.9799751],[139.0814456,35.9799514],[139.0815133,35.9799143],[139.0815191,35.9799111],[139.0815552,35.9798912],[139.0816086,35.9798611],[139.0816709,35.9798264],[139.0816766,35.9798233],[139.0816821,35.9798201],[139.0816931,35.9798116],[139.0817344,35.9797797],[139.0817647,35.9797568],[139.081796,35.9797325],[139.0818001,35.9797295],[139.0818018,35.9797282],[139.0818181,35.9797163],[139.0818217,35.9797136],[139.0818331,35.9797055],[139.0818479,35.9796943],[139.0818513,35.9796919],[139.0818143,35.9796604],[139.0817886,35.9796384],[139.081737,35.9795941],[139.0817083,35.9795695],[139.0816744,35.9795405],[139.0816496,35.9795189],[139.0816377,35.9795086],[139.0816275,35.9794995],[139.0816424,35.9794867],[139.0816439,35.9794879],[139.0816469,35.9794905],[139.0818718,35.9796707],[139.0818742,35.9796723],[139.0819315,35.9796293],[139.0819907,35.979584],[139.0820494,35.9795387],[139.0820995,35.9795007],[139.0821414,35.9794704],[139.0821552,35.9794629],[139.0822647,35.9794132],[139.0823664,35.9793673],[139.0824353,35.9793368],[139.0824387,35.9793348],[139.0824401,35.979335],[139.0824404,35.979335],[139.0824412,35.9793316],[139.0824481,35.9793027],[139.0824572,35.9793007],[139.0824592,35.9792986],[139.08246,35.979296],[139.0824578,35.9792896],[139.0824531,35.979283],[139.0824272,35.9792481],[139.082415,35.9792338],[139.0823785,35.9791914],[139.0823238,35.9791272],[139.0823143,35.979116],[139.0823139,35.9791159],[139.082309,35.9791144],[139.082282,35.9791203],[139.0822722,35.9790981],[139.0822951,35.979094],[139.0822955,35.979094],[139.082242,35.9790312],[139.0822131,35.9789906],[139.0822108,35.9789881],[139.0822035,35.9789804],[139.0821546,35.9789502],[139.0821487,35.9789464],[139.0821419,35.9789441],[139.0820609,35.9789161],[139.0820457,35.9789094],[139.0819776,35.9789004],[139.0820206,35.9789336],[139.0820258,35.9789374],[139.0820287,35.9789402],[139.0820302,35.9789433],[139.0820304,35.9789467],[139.0820247,35.9789535],[139.0819845,35.9790088],[139.0819839,35.9790329],[139.0819853,35.9790374],[139.0819872,35.9790416],[139.0819902,35.979046],[139.0819997,35.9790572],[139.0820101,35.9790697],[139.0820134,35.9790737],[139.0820171,35.9790782],[139.0821453,35.9791875],[139.0821458,35.9791909],[139.0821454,35.9791931],[139.0821437,35.9791955],[139.0821414,35.9791977],[139.0821385,35.9791995],[139.0820937,35.9792262],[139.0820651,35.9792432],[139.0819814,35.9792929],[139.0819694,35.9792799],[139.0820781,35.9792153],[139.0821081,35.9791975],[139.0821267,35.9791865],[139.0821273,35.9791856],[139.0821269,35.9791849],[139.0819728,35.9790536],[139.0817884,35.9791193],[139.0817796,35.9791028],[139.0819557,35.9790399],[139.0819561,35.9790399],[139.0819524,35.9790342],[139.0819525,35.97903],[139.0819738,35.9789835],[139.0819855,35.9789733],[139.0819963,35.9789612],[139.0819985,35.9789575],[139.0820004,35.9789541],[139.0820016,35.978949],[139.0820016,35.978946],[139.0819998,35.9789427],[139.0819974,35.9789399],[139.0819852,35.9789308],[139.0819438,35.9789001],[139.0818724,35.9788482],[139.0818651,35.978843],[139.081847,35.9788303],[139.0817981,35.978796],[139.0817927,35.9787922],[139.0817527,35.9787637],[139.0817792,35.9787324],[139.0818233,35.9787638],[139.0818365,35.9787732],[139.0819033,35.9788198],[139.0819749,35.9788719],[139.0820562,35.9788853],[139.0820729,35.978893],[139.0821641,35.9789244],[139.0821645,35.9789245],[139.0821731,35.97893],[139.0821773,35.9789259],[139.0822006,35.9789401],[139.0822125,35.9789474],[139.0822265,35.9789559],[139.0822224,35.9789602],[139.0822285,35.9789697],[139.0822339,35.9789757],[139.0822362,35.9789782],[139.0822655,35.9790191],[139.082314,35.9790762],[139.0823967,35.9791811],[139.0824332,35.9792235],[139.0824469,35.9792394],[139.0825235,35.9793615],[139.0825451,35.9793875],[139.0825818,35.9794363],[139.0825911,35.9794486],[139.0826389,35.9795098],[139.0826801,35.9795631],[139.0826952,35.9795815],[139.0827005,35.9795879],[139.0827067,35.9795954],[139.0827313,35.9796279],[139.0827752,35.9796901],[139.0827731,35.9797241],[139.082686,35.979761],[139.0826515,35.9797787],[139.0826501,35.9797793],[139.0826317,35.9797871],[139.0826098,35.979797],[139.0825565,35.9798285],[139.0825465,35.9798409],[139.0825236,35.9798508],[139.0824832,35.9798666],[139.0824442,35.9798819],[139.0823855,35.9799048],[139.0823351,35.979923],[139.0822974,35.9799412],[139.0822971,35.9799414],[139.0822656,35.9799556],[139.0822442,35.9799689],[139.0820986,35.9800614],[139.0820813,35.9800718],[139.0820524,35.9800894],[139.0820582,35.9800949],[139.0820624,35.9800965],[139.0821021,35.9801139],[139.0821456,35.9801324],[139.082226,35.9801894],[139.0821949,35.9801769],[139.0821399,35.9801531],[139.0821389,35.9801527],[139.0821386,35.9801581],[139.0821384,35.9801593],[139.0820513,35.9801201],[139.0820399,35.9801145],[139.0820316,35.9801115],[139.0820236,35.9801105],[139.0820143,35.9801104],[139.0820139,35.9801104],[139.0820077,35.9801113],[139.0819983,35.9801144],[139.0819757,35.9801282],[139.0819721,35.9801304],[139.0819039,35.9801717],[139.0818874,35.9801821],[139.0818555,35.9802022],[139.0818357,35.9802128],[139.0818121,35.9802255],[139.08178,35.9802411],[139.0817494,35.9802547],[139.0817148,35.9802761],[139.0816831,35.9802963],[139.0816776,35.9802998],[139.0817031,35.9803226],[139.0820771,35.9806578],[139.0822713,35.9805535],[139.082301,35.9805907],[139.0822964,35.9805899],[139.0822716,35.9805857],[139.0821197,35.9806674],[139.0821195,35.9806683],[139.0821151,35.9806919],[139.0821749,35.9807455],[139.0821841,35.9807536],[139.0823684,35.9809182],[139.082375,35.9809242],[139.0823915,35.9809114],[139.082394,35.9809095],[139.0824297,35.9808818],[139.0824463,35.9808689],[139.0824749,35.980851],[139.0825065,35.9808293],[139.0825389,35.9808096],[139.0825351,35.9808056],[139.0825408,35.9808021],[139.082589,35.9807722],[139.0826403,35.9807402],[139.0826965,35.9807051],[139.0827056,35.9806894],[139.082852,35.9805937],[139.0828577,35.9805997],[139.0830746,35.9804548],[139.0831197,35.9804179],[139.0831207,35.9804128],[139.0831219,35.9804073],[139.0831201,35.9804006],[139.0831159,35.9803934],[139.0831075,35.9803836],[139.0830893,35.9803638],[139.0830729,35.9803461],[139.0830395,35.9803111],[139.0830276,35.9802971],[139.0830129,35.9802798],[139.0830099,35.9802751],[139.0830068,35.9802701],[139.0830033,35.9802615],[139.0829988,35.9802453],[139.0829938,35.9802291],[139.0829812,35.9802022],[139.0829719,35.980185],[139.08296,35.9801671],[139.0829442,35.9801504],[139.0829152,35.9801231],[139.0829117,35.9801197],[139.082866,35.9800767],[139.0828448,35.9800533],[139.0828578,35.9800457],[139.0828717,35.9800609],[139.0828861,35.9800769],[139.0828871,35.980078],[139.0829153,35.9801049],[139.0829258,35.9801148],[139.0829296,35.9801153],[139.0829367,35.9801142],[139.0829444,35.9801106],[139.0829536,35.9801029],[139.0829592,35.980095],[139.0829621,35.9800871],[139.0829617,35.9800815],[139.0829602,35.9800773],[139.0829573,35.9800695],[139.0829564,35.9800636],[139.0829556,35.9800511],[139.0829593,35.9800178],[139.0829606,35.9799668],[139.0829628,35.9799583],[139.0829649,35.9799551],[139.0829672,35.9799515],[139.082971,35.979953],[139.0829768,35.9799554],[139.0829732,35.9799613],[139.0829715,35.9799678],[139.08297,35.9800184],[139.0829664,35.9800512],[139.0829671,35.9800628],[139.082968,35.9800676],[139.0829717,35.9800774],[139.0829722,35.9800789],[139.0829729,35.9800843],[139.0829721,35.9800919],[139.0829702,35.9800973],[139.0829654,35.9801041],[139.082955,35.9801149],[139.082945,35.9801235],[139.0829422,35.9801269],[139.0829418,35.9801303],[139.0829739,35.9801635],[139.0829919,35.9801834],[139.0829989,35.9801937],[139.0830006,35.9801962],[139.0830093,35.9802105],[139.083027,35.9802435],[139.0830384,35.9802652],[139.083039,35.9802693],[139.0830409,35.9802746],[139.0830436,35.9802786],[139.0830467,35.9802831],[139.08305,35.980288],[139.0830764,35.9803205],[139.0830842,35.9803153],[139.0830939,35.9803247],[139.0830871,35.9803289],[139.0830858,35.9803321],[139.0830891,35.9803363],[139.0831182,35.9803656],[139.0831308,35.9803744],[139.0831393,35.9803784],[139.0831459,35.9803807],[139.0831529,35.9803815],[139.0831532,35.9803815],[139.0831581,35.9803812],[139.0831584,35.9803812],[139.0831682,35.980376],[139.083173,35.9803722],[139.0832011,35.9803403],[139.0832369,35.9802988],[139.0832444,35.9802895],[139.0832603,35.9802569],[139.0832704,35.9802318],[139.0832843,35.9801921],[139.0832901,35.9801792],[139.0832991,35.9801641],[139.0833043,35.9801546],[139.0833093,35.9801434],[139.0833114,35.9801355],[139.0833113,35.9801249],[139.0833091,35.9801137],[139.0833087,35.9801116],[139.0833022,35.9800951],[139.083299,35.9800874],[139.0832958,35.9800794],[139.0832877,35.9800643],[139.083266,35.980025],[139.0832599,35.9800144],[139.0832496,35.980004],[139.0832362,35.979993],[139.0832233,35.9799831],[139.0832017,35.9799691],[139.0831849,35.9799607],[139.0831588,35.9799461],[139.0831454,35.9799406],[139.083145,35.9799405],[139.0831319,35.9799372],[139.0831315,35.9799372],[139.0831178,35.9799352],[139.0831085,35.9799361],[139.0831081,35.9799362],[139.0830991,35.9799381],[139.0830987,35.9799382],[139.0830775,35.9799448],[139.083057,35.979952],[139.0830403,35.9799282],[139.0830416,35.9799277],[139.0830441,35.9799268],[139.0830647,35.9799185],[139.0830872,35.979908],[139.0830923,35.9799037],[139.083095,35.9798991],[139.0830947,35.9798956],[139.0830931,35.9798916],[139.0830918,35.9798904],[139.0830899,35.9798887],[139.0830893,35.9798882],[139.0830833,35.9798845],[139.0830781,35.9798821],[139.0830963,35.9798664],[139.0830993,35.9798636],[139.0831161,35.9798764],[139.0831304,35.9798872],[139.0831445,35.9798979],[139.0831618,35.9799109],[139.08318,35.9799229],[139.0832052,35.9799369],[139.0832068,35.9799371],[139.0832096,35.979936],[139.0832117,35.9799343],[139.0832128,35.9799284],[139.0832123,35.9799188],[139.0832112,35.979907],[139.08321,35.9798889],[139.0832089,35.979869],[139.0832267,35.9798688],[139.083227,35.9798688],[139.0832264,35.9798745],[139.0832247,35.979889],[139.0832234,35.9799064],[139.083224,35.9799177],[139.0832241,35.9799231],[139.0832242,35.9799289],[139.083224,35.9799379],[139.0832238,35.9799443],[139.0832246,35.979946],[139.0832402,35.9799658],[139.0832511,35.9799803],[139.0832664,35.9800009],[139.0832795,35.9800042],[139.0832799,35.9800042],[139.0832871,35.980017],[139.0832965,35.980034],[139.083309,35.9800567],[139.0833181,35.9800738],[139.0833214,35.9800796],[139.0833229,35.9800823],[139.0833398,35.9800926],[139.0833422,35.9800889],[139.0833478,35.9800797],[139.0833568,35.980067],[139.0833815,35.9800298],[139.0834257,35.979964],[139.0834341,35.9799666],[139.0834345,35.9799667],[139.0834389,35.9799676],[139.0834392,35.9799676],[139.0834411,35.9799673],[139.0834492,35.9799662],[139.083456,35.9799653],[139.0834563,35.9799653],[139.0834619,35.9799594],[139.0834779,35.9799668],[139.0834719,35.9799768],[139.0834637,35.9799857],[139.0834115,35.9800502],[139.0833934,35.9800724],[139.0833952,35.9800731],[139.0834083,35.9800795],[139.0834096,35.9800801],[139.0834181,35.9800848],[139.0834366,35.9800952],[139.0834661,35.9801142],[139.0834683,35.980114],[139.0834697,35.9801138],[139.0835037,35.9800807],[139.0835422,35.9800445],[139.0835454,35.9800421],[139.0835478,35.9800414],[139.0835498,35.980041],[139.0835501,35.980041],[139.0835516,35.980041],[139.083553,35.9800409],[139.0835549,35.9800414],[139.0835773,35.9800534],[139.0835718,35.9800607],[139.0835479,35.9800487],[139.083514,35.9800808],[139.0834746,35.9801191],[139.0834759,35.9801205],[139.0834904,35.9801291],[139.0834967,35.9801322],[139.083548,35.9801193],[139.0835511,35.9801274],[139.0834916,35.9801424],[139.0834884,35.9801418],[139.0834807,35.9801383],[139.0834664,35.9801295],[139.0834279,35.9801047],[139.08341,35.9800946],[139.0834005,35.9800895],[139.0833884,35.9800837],[139.0833881,35.9800835],[139.0833853,35.9800825],[139.0833748,35.9800964],[139.0833632,35.9801127],[139.0833493,35.9801314],[139.0833491,35.9801334],[139.0834041,35.9801891],[139.0834148,35.9802002],[139.0834346,35.9802232],[139.0834467,35.9802371],[139.0834776,35.9802774],[139.0834928,35.980298],[139.0835208,35.9803324],[139.0835594,35.980375],[139.0836341,35.9804602],[139.0836881,35.9805191],[139.0837054,35.980537],[139.0837265,35.9805596],[139.0837051,35.9805702],[139.083695,35.9805548],[139.0836752,35.9805287],[139.0836537,35.9805037],[139.0835897,35.9804348],[139.0835913,35.9804339],[139.0834759,35.9803109],[139.0834512,35.9802844],[139.0834628,35.9802775],[139.0834251,35.9802349],[139.0834237,35.9802333],[139.0834052,35.9802124],[139.0834038,35.9802103],[139.0833946,35.9801982],[139.0833419,35.9801448],[139.0833415,35.9801448],[139.0833394,35.9801447],[139.0833274,35.9801633],[139.0833203,35.9801759],[139.0833102,35.9801956],[139.0833067,35.9802024],[139.0832949,35.9802373],[139.0832899,35.9802612],[139.0832861,35.9802724],[139.0832769,35.9802926],[139.0832721,35.9803024],[139.0832739,35.9803102],[139.0832372,35.9803461],[139.0832185,35.9803647],[139.0831964,35.9803867],[139.0831875,35.9803948],[139.08318,35.9804017],[139.0831437,35.9804357],[139.0831387,35.9804404],[139.0831182,35.9804589],[139.0830976,35.9804746],[139.0830633,35.9805008],[139.0830259,35.9805271],[139.0829803,35.9805578],[139.0829636,35.980568],[139.08295,35.9805775],[139.0827779,35.9806979],[139.0825846,35.980822],[139.0824042,35.9809378],[139.0824034,35.9809385],[139.0824008,35.9809455],[139.0824016,35.9809465],[139.082429,35.9809745],[139.082437,35.9809785],[139.0824852,35.9810268],[139.0825052,35.9810469],[139.0825475,35.981086],[139.0825726,35.9811126],[139.0825772,35.9811174],[139.0825931,35.9811343],[139.0826068,35.9811491],[139.0826492,35.9811998],[139.082673,35.9812295],[139.0827036,35.9812695],[139.0827077,35.9812746],[139.0827258,35.9812971],[139.0827298,35.981302],[139.0827391,35.9813136],[139.0827581,35.9813417],[139.0827838,35.9813784],[139.0828134,35.9814205],[139.0828462,35.981465],[139.0828495,35.9814696],[139.0829193,35.9815678],[139.0829544,35.9816183],[139.0829595,35.9816237],[139.082963,35.9816276],[139.0829993,35.9816133],[139.0830709,35.9815677],[139.0831245,35.9815363],[139.0831835,35.9815049],[139.0832025,35.9814945],[139.0832198,35.9814888],[139.083283,35.9814653],[139.083345,35.9814391],[139.0833458,35.9814388],[139.0833709,35.9814276],[139.0833979,35.9814122],[139.0834427,35.9813872],[139.0834764,35.981368],[139.0835383,35.9813322],[139.0835592,35.9813195],[139.0835903,35.9812994],[139.0836182,35.9812803],[139.0836455,35.9812609],[139.0836744,35.9812456],[139.0836989,35.9812315],[139.0837117,35.9812241],[139.0837554,35.9811991],[139.0837786,35.9811883],[139.083779,35.9811882],[139.0838378,35.9811627],[139.0838769,35.9811456],[139.0839206,35.9811264],[139.0839434,35.981116],[139.0839553,35.9811106],[139.0839594,35.9811092],[139.0840043,35.9810897],[139.0840338,35.9810765],[139.0840562,35.9810657],[139.0840658,35.9810603],[139.084071,35.981056],[139.084077,35.9810456],[139.0840934,35.981052],[139.0840852,35.9810643],[139.0840802,35.9810691],[139.0840594,35.9810816],[139.0840591,35.9810818],[139.0840528,35.9810848],[139.0841569,35.9811978],[139.0841571,35.9812156],[139.0841568,35.9812152],[139.08411,35.9811656],[139.0840782,35.9811312],[139.0840407,35.9810903],[139.0840205,35.9810987],[139.0839702,35.9811196],[139.0839699,35.9811197],[139.0839592,35.981124],[139.0839515,35.9811272],[139.0839184,35.9811407],[139.0839136,35.9811433],[139.0838858,35.9811643],[139.0838792,35.9811686],[139.083768,35.9812139],[139.0836987,35.9812538],[139.0836872,35.9812604],[139.0836729,35.9812687],[139.083674,35.9812785],[139.083658,35.9812882],[139.0836162,35.981314],[139.0836093,35.9813182],[139.0835782,35.9813371],[139.0835704,35.9813415],[139.0835304,35.9813645],[139.0834803,35.9813912],[139.0834352,35.9814152],[139.0833823,35.9814443],[139.0833527,35.9814579],[139.0832987,35.9814812],[139.0832424,35.9815019],[139.0832309,35.9815061],[139.0832075,35.9815159],[139.0831594,35.9815403],[139.0831506,35.9815449],[139.0831377,35.981553],[139.0830877,35.9815858],[139.0830759,35.9815938],[139.0830696,35.981598],[139.0830532,35.981609],[139.0830373,35.9816185],[139.0830149,35.9816313],[139.0829815,35.9816496],[139.082982,35.9816529],[139.0829824,35.9816543],[139.0829834,35.9816565],[139.082985,35.98166],[139.0829897,35.9816682],[139.0830149,35.9817025],[139.083053,35.9817569],[139.0830969,35.9818145],[139.0831305,35.9818611],[139.0831637,35.9819084],[139.0831858,35.981939],[139.0832073,35.9819693],[139.083214,35.9819788],[139.0832572,35.9820384],[139.0832823,35.9820729],[139.0833192,35.9821242],[139.0833475,35.9821651],[139.0833522,35.9821709],[139.083356,35.9821756],[139.0833628,35.982173],[139.0833991,35.9821592],[139.0834454,35.9821416],[139.0834974,35.9821203],[139.0835434,35.9821018],[139.0835632,35.9820929],[139.0836087,35.9820736],[139.0836338,35.9820624],[139.0836581,35.9820502],[139.0836913,35.9820342],[139.0836937,35.982033],[139.083704,35.9820244],[139.0837478,35.9820057],[139.0838048,35.9819816],[139.0838071,35.9819807],[139.0838091,35.9819798],[139.0838133,35.9819624],[139.0838118,35.9819437],[139.0837649,35.9818671],[139.0837314,35.9818141],[139.0837525,35.9818056],[139.0837584,35.9818144],[139.0837938,35.9818688],[139.0838352,35.9819349],[139.0838497,35.9819584],[139.0838509,35.9819604],[139.0838515,35.9819613],[139.0838581,35.9819585],[139.0838646,35.9819557],[139.0838843,35.9819473],[139.0838882,35.9819456],[139.0839336,35.9819262],[139.0840268,35.9818869],[139.0840232,35.9818801],[139.0840612,35.9818657],[139.0841331,35.9818381],[139.0841389,35.9818247],[139.0841184,35.9817843],[139.0841162,35.9817802],[139.0841028,35.981754],[139.0841019,35.9817524],[139.0840808,35.9817147],[139.0840765,35.9817071],[139.0840092,35.981599],[139.0839887,35.9815647],[139.0839824,35.9815543],[139.0840073,35.9815464],[139.0840077,35.9815463],[139.0840127,35.9815547],[139.0840153,35.9815592],[139.0840612,35.9816368],[139.0840682,35.9816486],[139.0840779,35.9816651],[139.0841122,35.981715],[139.0841141,35.9817183],[139.0841194,35.981728],[139.0841726,35.9818254],[139.084173,35.9818253],[139.0841966,35.9818183],[139.0842112,35.9818138],[139.0842609,35.9817987],[139.0842867,35.981792],[139.0843307,35.9817818],[139.0843531,35.9817825],[139.0843659,35.981783],[139.0843921,35.9817943],[139.084419,35.9818177],[139.0844328,35.9818293],[139.0844385,35.9818331],[139.0844613,35.9818468],[139.0844721,35.9818486],[139.0844725,35.9818487],[139.0845088,35.9818547],[139.0845091,35.9818547],[139.0845588,35.9818418],[139.0845994,35.981829],[139.0846241,35.9818237],[139.0846368,35.9818212],[139.0846767,35.9818111],[139.084704,35.9817992],[139.0847076,35.9817976],[139.0847149,35.9817945],[139.0847152,35.9817944],[139.0847663,35.981773],[139.0848187,35.9817599],[139.084851,35.9817414],[139.0848513,35.9817412],[139.0848614,35.981753],[139.0848266,35.981773],[139.0847727,35.9817866],[139.0847339,35.9818027],[139.0847309,35.9818041],[139.0847221,35.9818078],[139.0847192,35.981809],[139.0846867,35.981823],[139.0846864,35.9818231],[139.0846415,35.9818351],[139.0846411,35.9818352],[139.0846397,35.9818355],[139.0846285,35.9818625],[139.0846201,35.9818911],[139.0846306,35.9819186],[139.0846349,35.9819311],[139.0846374,35.9819375],[139.0846526,35.9819776],[139.0846294,35.9820214],[139.0846386,35.9820626],[139.0846583,35.98208],[139.0846638,35.9820848],[139.0846729,35.9820882],[139.0847508,35.982159],[139.0847598,35.9821706],[139.0847718,35.9821771],[139.0847726,35.982178],[139.0847757,35.9821808],[139.0848269,35.9822285],[139.0848386,35.9822419],[139.0848397,35.9822503],[139.0848407,35.9822574],[139.0848406,35.982258],[139.0848411,35.9822611],[139.0849167,35.982369],[139.0849714,35.9824471],[139.0849978,35.9824798],[139.0850231,35.9825134],[139.08503,35.9825213],[139.0850503,35.9825421],[139.0850511,35.9825431],[139.0850686,35.9825671],[139.0850805,35.982593],[139.0850856,35.9826007],[139.0850867,35.9826071],[139.0850873,35.9826142],[139.0850869,35.9826207],[139.0850929,35.98263],[139.0850846,35.9826334],[139.0850799,35.9826349],[139.0850947,35.9826606],[139.085076,35.9826675],[139.0850609,35.9826731],[139.0850332,35.982668],[139.0850108,35.982674],[139.0849948,35.9826783],[139.0849944,35.9826784],[139.0849674,35.9826848],[139.084967,35.9826849],[139.084954,35.9826888],[139.0849417,35.9826954],[139.0849297,35.9827059],[139.0849221,35.9827125],[139.0849172,35.9827169],[139.0849043,35.982733],[139.084887,35.9827512],[139.0848834,35.9827558],[139.0848799,35.982761],[139.0848764,35.9827683],[139.0848734,35.9827728],[139.084868,35.9827782],[139.0848401,35.9827991],[139.0848113,35.9828143],[139.0847819,35.9828618],[139.0847717,35.9828876],[139.0847455,35.9829494],[139.0847205,35.9830093],[139.0846935,35.9830806],[139.0846709,35.9831479],[139.0846575,35.9831882],[139.0846423,35.9832424],[139.084638,35.9832589],[139.0846217,35.9833256],[139.0846201,35.9833326],[139.08461996666668,35.983333333333334],[139.08712056000002,35.983333333333334],[139.0871279,35.9832844],[139.0871362,35.9832312],[139.0871399,35.9831831],[139.0871355,35.9831279],[139.0871179,35.9830455],[139.0871093,35.9830057],[139.0870952,35.9829404],[139.0870699,35.9828285],[139.0870632,35.9827697],[139.0870498,35.9826911],[139.0870326,35.9825687],[139.0870225,35.9825211],[139.0870043,35.9824715],[139.0869773,35.9824019],[139.086917,35.9821976],[139.086883,35.9820475],[139.0868446,35.981912],[139.0868059,35.9817273],[139.0868046,35.9817213],[139.0867886,35.9816119],[139.0867823,35.9815267],[139.0867771,35.9814003],[139.0867708,35.9813308],[139.0867528,35.9811667],[139.0867504,35.9811445],[139.0867305,35.980963],[139.0867169,35.9808231],[139.086695,35.9806067],[139.0866791,35.9803962],[139.0866761,35.9802906],[139.086674,35.980228],[139.0866684,35.9801772],[139.0866606,35.9801245],[139.0866517,35.980098],[139.0866456,35.9800844],[139.0866144,35.9800425],[139.0865546,35.979967],[139.0864792,35.9798929],[139.086426,35.9798415],[139.0863898,35.9798112],[139.0863349,35.9797732],[139.0863038,35.979754],[139.0862362,35.9797179],[139.0862187,35.979707],[139.0861429,35.9796596],[139.0860413,35.9795956],[139.086041,35.9795954],[139.0859822,35.979557],[139.0859548,35.9795358],[139.085939,35.9795143],[139.0859279,35.979493],[139.0859212,35.9794457],[139.0859135,35.9793689],[139.0859072,35.9792726],[139.0859073,35.9792533],[139.0859076,35.9791802],[139.0859044,35.9791611],[139.0858965,35.9791479],[139.085884,35.9791328],[139.085822,35.9790678],[139.0857855,35.9790392],[139.0857291,35.9790043],[139.085703,35.9789837],[139.0856822,35.9789625],[139.0856685,35.9789384],[139.0856558,35.9789075],[139.0856436,35.97886],[139.0856346,35.9788199],[139.0856306,35.9788027],[139.0856005,35.9786979],[139.0855793,35.9786301],[139.0855556,35.9785555],[139.0855336,35.9785091],[139.085503,35.978458],[139.0854797,35.9784237],[139.0854204,35.9783362],[139.0853773,35.9782694],[139.0852005,35.9779953],[139.085155,35.9779147],[139.0851335,35.9778647],[139.0851157,35.9778248],[139.0850919,35.9777877],[139.0850685,35.9777618],[139.0850188,35.9776966],[139.084988,35.9776478],[139.0849647,35.9776091],[139.0849291,35.97753],[139.0849097,35.9774783],[139.0848946,35.9774285],[139.0848832,35.977373],[139.0848738,35.9773197],[139.0848599,35.9772561],[139.0848534,35.9771961],[139.0848543,35.9771338],[139.0848579,35.9771028],[139.0848162,35.9770469],[139.0846874,35.9768555],[139.0846021,35.9767013],[139.0845987,35.9766951],[139.0844769,35.9764837],[139.0844172,35.9763685],[139.0844182,35.976368],[139.0844375,35.9763615],[139.0844973,35.9764763],[139.0846189,35.9766875],[139.0847073,35.9768475],[139.0848355,35.9770379],[139.0848644,35.9770767],[139.0848646,35.977077],[139.0848814,35.9770391],[139.0849352,35.9769637],[139.0849979,35.9768669],[139.0850645,35.9767594],[139.0851012,35.9766949],[139.085139,35.9766388],[139.0851782,35.9765856],[139.0852104,35.9765468],[139.0852428,35.9765277],[139.0852732,35.9765119],[139.0852736,35.9765118],[139.0853372,35.9764864],[139.0853376,35.9764863],[139.085404,35.9764711],[139.0855299,35.9764638],[139.0857739,35.9764437],[139.0857743,35.9764437],[139.0858392,35.9764315],[139.0859061,35.976415],[139.0859606,35.9763952],[139.0859609,35.9763951],[139.0859939,35.9763739],[139.0860123,35.9763497],[139.086033,35.976319],[139.0860698,35.9762927],[139.0861439,35.9762717],[139.0862423,35.9762578],[139.0863,35.9762484],[139.0863004,35.9762483],[139.0863386,35.9762361],[139.0863471,35.9762275],[139.0863528,35.976219],[139.0863617,35.976168],[139.0863432,35.9760785],[139.0863318,35.976059],[139.0863193,35.9760321],[139.0863139,35.9760068],[139.0863144,35.9759697],[139.0863189,35.9758995],[139.0863051,35.9758369],[139.0862577,35.9757297],[139.0862226,35.9756518],[139.0861722,35.9755256],[139.0861513,35.9754199],[139.0861388,35.9753177],[139.0861442,35.9752607],[139.0861623,35.9752181],[139.0861869,35.9751834],[139.0862172,35.9751582],[139.0862787,35.9751254],[139.0864119,35.9750582],[139.08657528972714,35.975],[139.08663987916665,35.975],[139.0865949,35.9750127],[139.0864223,35.9750742],[139.0862908,35.9751406],[139.0862312,35.9751721],[139.0862048,35.9751943],[139.0861828,35.9752255],[139.0861663,35.9752645],[139.0861609,35.9753176],[139.0861733,35.9754176],[139.0861938,35.9755213],[139.0862435,35.9756459],[139.0862787,35.9757237],[139.0863266,35.9758322],[139.0863412,35.9758984],[139.0863365,35.9759703],[139.0863361,35.9760053],[139.0863409,35.9760273],[139.0863523,35.976052],[139.0863645,35.9760731],[139.0863841,35.9761677],[139.0863744,35.9762248],[139.0863654,35.9762378],[139.086352,35.9762511],[139.0863067,35.9762657],[139.0863063,35.9762657],[139.0862466,35.9762754],[139.0862462,35.9762755],[139.0861495,35.9762892],[139.0860812,35.9763085],[139.0860507,35.9763304],[139.0860314,35.9763588],[139.0860109,35.976386],[139.0859726,35.9764107],[139.0859139,35.9764319],[139.0858451,35.9764489],[139.0858447,35.9764489],[139.0857777,35.9764616],[139.085532,35.9764817],[139.0855316,35.9764818],[139.0854078,35.9764889],[139.0853454,35.9765032],[139.0852844,35.9765276],[139.0852552,35.9765425],[139.0852265,35.9765595],[139.0851968,35.9765953],[139.0851582,35.9766477],[139.0851212,35.976703],[139.0850846,35.9767673],[139.0850176,35.9768751],[139.0849546,35.9769724],[139.0849015,35.9770467],[139.0848816,35.977092],[139.0848765,35.9771347],[139.0848756,35.9771953],[139.084882,35.9772537],[139.084896,35.9773168],[139.0849053,35.9773703],[139.0849162,35.9774248],[139.0849312,35.9774736],[139.0849424,35.9775036],[139.0849501,35.9775243],[139.0849852,35.977602],[139.0850078,35.9776397],[139.0850381,35.9776878],[139.0850869,35.9777517],[139.0851082,35.9777754],[139.0851107,35.9777782],[139.0851361,35.9778176],[139.0851409,35.9778284],[139.0851544,35.9778587],[139.0851756,35.9779079],[139.0852204,35.9779873],[139.0853942,35.9782569],[139.0854399,35.9783277],[139.0855228,35.9784496],[139.0855541,35.9785019],[139.0855767,35.9785499],[139.0856009,35.9786256],[139.085622,35.9786937],[139.0856401,35.9787567],[139.0856523,35.978799],[139.0856654,35.9788566],[139.0856692,35.9788716],[139.0856773,35.9789029],[139.0856891,35.9789318],[139.0857012,35.978953],[139.0857194,35.9789715],[139.0857435,35.9789906],[139.0857699,35.9790069],[139.0858,35.9790255],[139.0858386,35.9790557],[139.0858814,35.9791005],[139.0859021,35.9791223],[139.0859158,35.9791389],[139.0859258,35.9791558],[139.0859298,35.979179],[139.0859296,35.9792305],[139.0859294,35.9792722],[139.0859356,35.9793676],[139.0859366,35.9793772],[139.0859433,35.9794439],[139.0859495,35.9794884],[139.0859587,35.9795061],[139.0859725,35.9795244],[139.0859968,35.9795435],[139.0860549,35.9795813],[139.0861564,35.9796454],[139.086204,35.9796752],[139.086249,35.9797032],[139.0863166,35.9797393],[139.0863488,35.9797591],[139.0864048,35.979798],[139.0864414,35.9798284],[139.0864807,35.9798212],[139.0866084,35.9797976],[139.0866088,35.9797975],[139.0866793,35.9797779],[139.0866918,35.9797706],[139.0867078,35.9797579],[139.0867166,35.9797425],[139.0867235,35.9797247],[139.086741,35.9797001],[139.0867537,35.9796882],[139.0867876,35.9796715],[139.0867879,35.9796714],[139.0868868,35.97964],[139.0869163,35.9796298],[139.0869598,35.979615],[139.0869755,35.9796054],[139.0869923,35.9795855],[139.087004,35.9795592],[139.0870246,35.9795653],[139.087025,35.9795653],[139.0870122,35.9795938],[139.0869918,35.9796179],[139.0869711,35.9796307],[139.086918,35.9796488],[139.0868951,35.9796566],[139.0868948,35.9796567],[139.0867976,35.9796877],[139.0867683,35.9797023],[139.086759,35.9797107],[139.0867441,35.979732],[139.0867417,35.9797382],[139.0867374,35.9797491],[139.0867261,35.9797685],[139.0867062,35.9797846],[139.0866892,35.9797941],[139.0866147,35.9798149],[139.0864958,35.9798369],[139.0864577,35.979844],[139.0864962,35.9798814],[139.0865725,35.9799563],[139.0866333,35.980033],[139.0866657,35.9800765],[139.0866665,35.9800783],[139.0866731,35.9800925],[139.0866823,35.9801211],[139.0866903,35.9801753],[139.0866962,35.9802269],[139.0866985,35.9802901],[139.0867011,35.9803955],[139.0867172,35.9806054],[139.0867392,35.9808217],[139.0867636,35.9809608],[139.0867837,35.981142],[139.086804,35.9813286],[139.0868102,35.9813988],[139.0868156,35.9815254],[139.0868217,35.9816095],[139.0868375,35.9817174],[139.086845,35.981753],[139.0868583,35.9818165],[139.0868773,35.9819067],[139.0869071,35.9820124],[139.0869156,35.9820426],[139.0869451,35.9821722],[139.0869496,35.982192],[139.0870098,35.9823951],[139.0870362,35.9824636],[139.0870481,35.9824964],[139.0870549,35.9825149],[139.0870657,35.9825648],[139.0870829,35.9826878],[139.0870963,35.9827666],[139.0871029,35.9828248],[139.087128,35.9829357],[139.0871506,35.9830409],[139.0871686,35.9831247],[139.0871733,35.983183],[139.0871693,35.9832336],[139.0871611,35.9832876],[139.08715423039214,35.983333333333334],[139.0872351845321,35.983333333333334],[139.087248,35.9833128],[139.0872787,35.9832727],[139.0873276,35.9832237],[139.0873692,35.9831903],[139.0873977,35.9831711],[139.0874396,35.9831482],[139.0874703,35.9831343],[139.0875,35.98312307195122],[139.0875,35.98298220445486],[139.0872996,35.982628],[139.0873496,35.9826092],[139.0875,35.982874338750015],[139.0875,35.983333333333334]]],[[[139.0814884,35.9802254],[139.0814664,35.9802244],[139.0814319,35.9802466],[139.0813867,35.980275],[139.081345,35.9803033],[139.0813403,35.98033],[139.081341,35.980331],[139.0813464,35.9803396],[139.0813881,35.9803838],[139.0814147,35.9804121],[139.0814353,35.9804341],[139.0814573,35.9804593],[139.0814121,35.9804865],[139.0813461,35.980525],[139.0813338,35.9805337],[139.0813323,35.9805571],[139.0813396,35.9805648],[139.0813709,35.9805934],[139.0814144,35.9805652],[139.0814703,35.9805338],[139.0815127,35.9805086],[139.0816127,35.9804502],[139.081676,35.9804132],[139.0816808,35.9804087],[139.0816832,35.980405],[139.0816832,35.9804024],[139.0816829,35.9803969],[139.0816704,35.9803852],[139.081635,35.9803516],[139.0815999,35.9803207],[139.0815892,35.9803099],[139.0815852,35.9803059],[139.0815677,35.9802884],[139.0815243,35.9802481],[139.0814999,35.980226],[139.0814995,35.980226],[139.0814884,35.9802254]]],[[[139.0794875,35.9819915],[139.0794764,35.9819618],[139.0794724,35.9819508],[139.079469,35.9819469],[139.0794651,35.9819473],[139.0794577,35.9819483],[139.0794562,35.9819485],[139.0794228,35.981954],[139.0794231,35.9819557],[139.0794235,35.9819575],[139.0793919,35.9819626],[139.0793925,35.9819647],[139.0793815,35.9819669],[139.0793809,35.9819647],[139.0793145,35.9819791],[139.0792743,35.9819878],[139.0792291,35.9820001],[139.0791768,35.9820274],[139.079137,35.9820488],[139.0791266,35.9820549],[139.0790994,35.9820807],[139.0790722,35.9821098],[139.0790497,35.9821379],[139.0790209,35.9821716],[139.0790013,35.9822014],[139.0789895,35.9822222],[139.0789669,35.9822664],[139.078954,35.9822945],[139.0789476,35.9823101],[139.0789454,35.9823163],[139.078958,35.9823136],[139.0790514,35.9822923],[139.0790517,35.9822922],[139.0792142,35.9822552],[139.0792145,35.9822551],[139.0792172,35.9822545],[139.0792932,35.982236],[139.0792935,35.982236],[139.0794282,35.9822062],[139.0795056,35.9821891],[139.0795117,35.9821864],[139.0795308,35.9821583],[139.0795237,35.9821287],[139.0795193,35.9821111],[139.0795184,35.9820857],[139.0795128,35.982067],[139.0794875,35.9819915]]],[[[139.0833529,35.9822778],[139.0833424,35.9822637],[139.0833393,35.9822654],[139.0833209,35.9822763],[139.0833167,35.9822806],[139.0833132,35.9822862],[139.0833132,35.9822878],[139.0833132,35.9822884],[139.0830275,35.9824337],[139.0829755,35.9824615],[139.082957,35.9824714],[139.0830065,35.9825338],[139.0830844,35.9826278],[139.0831407,35.9826971],[139.0832196,35.9827929],[139.0832501,35.9827766],[139.083344,35.9827259],[139.0834398,35.9826754],[139.083546,35.9826189],[139.0835471,35.9826162],[139.0835618,35.9825795],[139.0835615,35.9825761],[139.0835611,35.9825721],[139.083559,35.9825686],[139.0835267,35.9825175],[139.0834725,35.9824429],[139.08342,35.9823707],[139.0833926,35.982334],[139.0833717,35.9823042],[139.0833529,35.9822778]]],[[[139.0815205,35.9823861],[139.0815299,35.9823806],[139.081582,35.9823499],[139.0816147,35.9823295],[139.0816283,35.9823231],[139.0816207,35.9823108],[139.0816176,35.9823057],[139.0816171,35.9823049],[139.0815618,35.9822366],[139.081544,35.9822142],[139.0815333,35.9822206],[139.0814984,35.9822413],[139.0814517,35.9822681],[139.0814241,35.9822862],[139.0814163,35.9822914],[139.0814103,35.9823009],[139.0813799,35.9823196],[139.0812984,35.982369],[139.0812606,35.982392],[139.0812595,35.9823925],[139.0812517,35.9823852],[139.0812175,35.9824057],[139.0811887,35.9824224],[139.0811839,35.9824251],[139.0811377,35.9824519],[139.0811333,35.9824546],[139.0810439,35.9825085],[139.0810405,35.9825104],[139.0810358,35.982515],[139.0810319,35.9825166],[139.0810184,35.9825228],[139.0810146,35.9825241],[139.0810088,35.9825214],[139.0810036,35.9825214],[139.081001,35.9825215],[139.080993,35.9825225],[139.0809873,35.9825232],[139.0809869,35.9825233],[139.0809853,35.9825235],[139.0809849,35.9825236],[139.0809798,35.9825242],[139.0809742,35.9825248],[139.080933,35.9825299],[139.0809278,35.9825305],[139.0809261,35.9825307],[139.08086,35.9825404],[139.0807973,35.9825484],[139.0807887,35.9825519],[139.0807883,35.982552],[139.0807502,35.9825564],[139.080705,35.9825603],[139.0806651,35.9825647],[139.0806646,35.9825647],[139.080635,35.9825673],[139.0806347,35.9825673],[139.0806258,35.9825705],[139.0806218,35.9825721],[139.0806211,35.9825761],[139.0806193,35.9825861],[139.0806096,35.9826394],[139.0806034,35.982674],[139.080588,35.982748],[139.080587,35.9827538],[139.0805863,35.9827578],[139.0805822,35.9827793],[139.0805808,35.9827861],[139.0805755,35.9828134],[139.0805781,35.9828148],[139.0805805,35.9828162],[139.0805814,35.9828166],[139.0805847,35.9828176],[139.0805902,35.9828182],[139.0806025,35.9828189],[139.0806029,35.9828189],[139.0806665,35.9828138],[139.0806768,35.982813],[139.0806825,35.9828125],[139.0806829,35.9828125],[139.0806953,35.9828112],[139.0807421,35.9828062],[139.0807425,35.9828061],[139.0807433,35.9828061],[139.0807437,35.982806],[139.08075,35.9828056],[139.0807615,35.9828047],[139.0807958,35.9828021],[139.0808863,35.9827857],[139.0809048,35.9827797],[139.0809051,35.9827797],[139.080926,35.9827786],[139.0809632,35.9827724],[139.0809987,35.9827664],[139.0810077,35.9827642],[139.0810498,35.982754],[139.0810626,35.9827509],[139.0810673,35.98275],[139.0810676,35.98275],[139.0810736,35.9827398],[139.081071,35.9827193],[139.0810688,35.9826962],[139.0810673,35.9826781],[139.0810647,35.9826474],[139.081065,35.9826473],[139.0811055,35.982629],[139.0811698,35.9826039],[139.0811804,35.9825997],[139.0812065,35.9825881],[139.0812231,35.982578],[139.0812831,35.9825415],[139.0813042,35.982529],[139.0813561,35.9824988],[139.0813614,35.9824942],[139.0813704,35.9824859],[139.081369,35.9824842],[139.0813737,35.9824814],[139.0813752,35.9824829],[139.0814167,35.9824562],[139.0814602,35.9824277],[139.0815023,35.9823999],[139.0815107,35.9823943],[139.0815205,35.9823861]]],[[[139.07951338430698,35.983333333333334],[139.0795116,35.9833321],[139.0794936,35.9833199],[139.0793997,35.9832555],[139.0793935,35.9832511],[139.0793346,35.9832092],[139.0792928,35.9831793],[139.0792798,35.98317],[139.0791807,35.9830999],[139.0791716,35.9830936],[139.0791146,35.9830526],[139.0790971,35.9830408],[139.079032,35.9829972],[139.0789851,35.9829644],[139.0789737,35.982956],[139.0789009,35.9829077],[139.0788921,35.9829118],[139.078878,35.9829211],[139.0788676,35.9829324],[139.0788542,35.9829687],[139.078842,35.9830015],[139.0788325,35.9830286],[139.0788187,35.9830663],[139.0787966,35.9831271],[139.078794,35.9831349],[139.0787849,35.9831615],[139.0787724,35.9831977],[139.0787697,35.9832056],[139.0787607,35.983232],[139.0787509,35.9832581],[139.0787382,35.9832956],[139.0787312,35.9833146],[139.07872446034816,35.983333333333334],[139.07951338430698,35.983333333333334]]],[[[139.0815254,35.9821903],[139.0814824,35.9821367],[139.0814754,35.9821283],[139.0814717,35.9821239],[139.0814584,35.982108],[139.0814485,35.9820961],[139.0814175,35.9820589],[139.0813985,35.9820346],[139.0813903,35.9820242],[139.0813777,35.982009],[139.081371,35.9820009],[139.0813499,35.9819749],[139.0813367,35.9819587],[139.0813279,35.9819478],[139.0813234,35.9819423],[139.081319,35.9819368],[139.0813095,35.9819252],[139.0812894,35.9818993],[139.0812689,35.9818747],[139.0812513,35.9818526],[139.0812429,35.981842],[139.0812391,35.9818374],[139.0812349,35.9818322],[139.081218,35.9818116],[139.0812062,35.9817974],[139.0811787,35.981765],[139.0811738,35.9817593],[139.0811249,35.9816969],[139.0811159,35.9816879],[139.0810751,35.9816811],[139.0810671,35.981685],[139.0810636,35.9816846],[139.0810538,35.9816902],[139.0810088,35.9817132],[139.0809554,35.9817391],[139.0808735,35.9817817],[139.0808649,35.9817862],[139.0808465,35.9817968],[139.0808095,35.9818185],[139.0807943,35.9818265],[139.0807706,35.9818476],[139.0807669,35.9818548],[139.0807648,35.9818621],[139.0807592,35.981879],[139.0807536,35.9819079],[139.0807522,35.9819159],[139.0807512,35.9819214],[139.0807461,35.9819472],[139.0807455,35.9819503],[139.0807447,35.9819544],[139.0807445,35.9819558],[139.0807327,35.9820166],[139.0807211,35.9820731],[139.0807173,35.9820892],[139.0807103,35.982125],[139.0807042,35.9821536],[139.0806996,35.9821751],[139.0806986,35.9821803],[139.0806963,35.982192],[139.0806955,35.9821958],[139.0806952,35.9821981],[139.0806585,35.982379],[139.0806454,35.9824447],[139.0806447,35.9824485],[139.0806408,35.9824674],[139.0806308,35.9825183],[139.0806295,35.982526],[139.0806289,35.9825296],[139.0806286,35.9825318],[139.0806364,35.98254],[139.0806373,35.9825408],[139.0806496,35.9825434],[139.08065,35.9825434],[139.0806561,35.9825438],[139.0806589,35.982544],[139.0806609,35.9825441],[139.080702,35.982538],[139.0807476,35.9825313],[139.0807479,35.9825312],[139.0808703,35.9825137],[139.0809192,35.9825068],[139.0809196,35.9825068],[139.0809808,35.9824978],[139.0810013,35.982493],[139.0810344,35.9824819],[139.0810421,35.9824776],[139.0810558,35.9824687],[139.081064,35.9824644],[139.0810792,35.9824549],[139.0811034,35.9824409],[139.0811346,35.9824218],[139.0811757,35.9823979],[139.0811774,35.9823967],[139.0811812,35.9823946],[139.0812036,35.982382],[139.0812461,35.9823572],[139.0812717,35.9823434],[139.0812944,35.9823305],[139.0812991,35.9823279],[139.0813083,35.9823226],[139.0813129,35.98232],[139.0813277,35.9823117],[139.0813692,35.9822865],[139.0813894,35.9822742],[139.0813948,35.9822712],[139.0814118,35.9822617],[139.0815281,35.9821936],[139.0815254,35.9821903]]],[[[139.0817189,35.9798355],[139.0817162,35.9798378],[139.0817147,35.9798391],[139.0817135,35.9798401],[139.0817099,35.9798407],[139.0817095,35.9798408],[139.0817029,35.979842],[139.0817007,35.9798434],[139.0816938,35.9798471],[139.0816902,35.9798493],[139.0816424,35.9798772],[139.0815666,35.9799205],[139.0815455,35.9799329],[139.0815404,35.9799359],[139.0814945,35.9799631],[139.0814726,35.9799758],[139.0814538,35.9799861],[139.0814523,35.979987],[139.0814341,35.9799969],[139.0814041,35.9800132],[139.081397,35.9800173],[139.0813926,35.9800197],[139.0813834,35.9800272],[139.0813809,35.9800304],[139.0813776,35.9800326],[139.0813789,35.9800339],[139.0814153,35.9800677],[139.0816075,35.9802441],[139.0816499,35.9802834],[139.0816525,35.9802853],[139.0816554,35.9802834],[139.0816587,35.9802812],[139.0816591,35.980281],[139.0816894,35.9802641],[139.0817482,35.9802309],[139.0818186,35.9801937],[139.0818417,35.9801788],[139.0818473,35.9801752],[139.0818784,35.9801552],[139.0819261,35.9801229],[139.0819658,35.9800965],[139.0819666,35.980096],[139.0819685,35.980095],[139.0819716,35.9800935],[139.0819772,35.9800906],[139.08201,35.9800714],[139.0820146,35.9800685],[139.0820282,35.9800609],[139.0820588,35.9800429],[139.0820966,35.98002],[139.0821455,35.979992],[139.0822013,35.9799584],[139.0822213,35.9799459],[139.082239,35.9799354],[139.0822649,35.9799241],[139.0822807,35.9799163],[139.082281,35.9799162],[139.0823393,35.9798896],[139.0823702,35.9798772],[139.082377,35.9798744],[139.0824283,35.9798551],[139.082494,35.9798288],[139.0824943,35.9798287],[139.0824967,35.9798278],[139.0824974,35.979823],[139.0824302,35.9797357],[139.0824345,35.9797223],[139.0824282,35.9797133],[139.0824466,35.9797056],[139.0824469,35.9797056],[139.0825269,35.9798118],[139.0825311,35.9798173],[139.0825445,35.9798105],[139.0825847,35.9797897],[139.0826231,35.97977],[139.0826853,35.9797364],[139.0827097,35.9797245],[139.0827128,35.9797264],[139.0827437,35.9797126],[139.0827522,35.9796938],[139.0827512,35.9796923],[139.0827121,35.9796372],[139.0826881,35.9796052],[139.082682,35.979598],[139.0826765,35.9795915],[139.0826615,35.9795729],[139.0826281,35.9795286],[139.08262,35.9795195],[139.0825721,35.9794581],[139.0825265,35.9793973],[139.0825096,35.979377],[139.0825092,35.979377],[139.0825054,35.9793761],[139.0824903,35.9793726],[139.0824899,35.9793725],[139.0824634,35.9793663],[139.0824575,35.9793677],[139.0824168,35.9793863],[139.0823904,35.9793983],[139.082368,35.9794085],[139.0823404,35.9794213],[139.0822514,35.9794619],[139.0821665,35.9794998],[139.0821307,35.979528],[139.0820628,35.9795803],[139.0819948,35.9796321],[139.0819811,35.9796425],[139.0819288,35.9796821],[139.0818951,35.9797079],[139.0818823,35.9797178],[139.0818724,35.9797252],[139.0818669,35.9797266],[139.081864,35.9797287],[139.0818231,35.9797588],[139.0817712,35.9797982],[139.0817626,35.9798043],[139.0817324,35.9798257],[139.0817209,35.9798338],[139.0817189,35.9798355]]],[[[139.084513,35.9821655],[139.0846041,35.9820954],[139.0846022,35.9820857],[139.0845998,35.9820736],[139.0845953,35.9820514],[139.0846228,35.9819976],[139.0846272,35.981987],[139.0846296,35.981981],[139.0846267,35.9819733],[139.0846152,35.9819435],[139.0846151,35.9819428],[139.0845938,35.9819325],[139.0845733,35.9819239],[139.0845686,35.9819209],[139.0845614,35.9819134],[139.0845853,35.9819043],[139.0846135,35.9819266],[139.084613,35.9819195],[139.0846091,35.981891],[139.0846094,35.9818557],[139.0846086,35.9818402],[139.0846037,35.9818409],[139.0845633,35.9818529],[139.0844842,35.9818749],[139.0844714,35.9818708],[139.0844666,35.9818687],[139.0844581,35.9818648],[139.08445,35.981861],[139.08443,35.9818481],[139.0844181,35.9818401],[139.0843804,35.981807],[139.0843558,35.9817983],[139.0843455,35.9817982],[139.0843278,35.9817979],[139.0842743,35.9818122],[139.084211,35.9818311],[139.0842042,35.9818331],[139.0842039,35.9818332],[139.0841969,35.9818359],[139.0841783,35.9818454],[139.0841726,35.9818479],[139.0839896,35.9819276],[139.0839868,35.9819289],[139.0839174,35.9819605],[139.0838734,35.9819784],[139.0838644,35.9819816],[139.083861,35.9819828],[139.0838462,35.9819891],[139.0838206,35.9820012],[139.0838191,35.9820018],[139.0837602,35.9820262],[139.0837384,35.9820353],[139.0837142,35.9820448],[139.0837051,35.9820484],[139.0837039,35.9820489],[139.0836911,35.9820548],[139.0836446,35.9820761],[139.0836365,35.9820797],[139.0836154,35.9820893],[139.0835751,35.9821073],[139.083562,35.9821133],[139.0835564,35.9821158],[139.0834557,35.9821571],[139.0834103,35.9821752],[139.0833855,35.9821876],[139.083376,35.9821999],[139.0833792,35.9822037],[139.0834276,35.982275],[139.0834465,35.9823023],[139.0834942,35.9823742],[139.083535,35.9824299],[139.0835527,35.9824536],[139.0835808,35.9824911],[139.0836156,35.9825427],[139.0836434,35.9825834],[139.0836466,35.9825885],[139.0836691,35.9826272],[139.0836853,35.9826329],[139.0836856,35.982633],[139.0836923,35.9826354],[139.0836973,35.9826331],[139.0837072,35.9826287],[139.0837314,35.9826176],[139.0837536,35.9826071],[139.0837943,35.9825893],[139.0838327,35.9825723],[139.0838426,35.9825682],[139.0838682,35.9825574],[139.0838752,35.9825541],[139.0838864,35.9825486],[139.0839132,35.9825356],[139.0839404,35.9825239],[139.0839818,35.9825041],[139.0840025,35.9824952],[139.0840067,35.9824935],[139.0840344,35.9824825],[139.0840437,35.9824788],[139.0840626,35.9824707],[139.0840934,35.9824566],[139.0841134,35.9824472],[139.0841141,35.9824469],[139.0841158,35.9824461],[139.0841173,35.9824485],[139.0841496,35.982431],[139.08416,35.9824254],[139.0841685,35.9824208],[139.0841948,35.982408],[139.084196,35.9824075],[139.0842033,35.9824038],[139.0842176,35.9823964],[139.0842631,35.9823712],[139.0842898,35.9823532],[139.084297,35.9823491],[139.0843091,35.9823403],[139.0843452,35.9823081],[139.0843722,35.9822839],[139.0843729,35.9822833],[139.0843811,35.9822767],[139.0844086,35.9822544],[139.0844098,35.9822533],[139.0844224,35.9822418],[139.0844249,35.9822395],[139.0844336,35.9822324],[139.0844472,35.9822214],[139.0844768,35.9821976],[139.0844778,35.9821967],[139.0844818,35.9821934],[139.0844843,35.9821913],[139.084513,35.9821655]]],[[[139.0806743,35.9817826],[139.0806979,35.9817804],[139.0806983,35.9817804],[139.0807172,35.9817625],[139.0807204,35.9817496],[139.0807214,35.9817451],[139.0807266,35.9817219],[139.0807314,35.9816933],[139.0807339,35.9816776],[139.0807462,35.9816146],[139.0807543,35.9815763],[139.0807555,35.98157],[139.0807563,35.9815652],[139.0807597,35.981546],[139.0807636,35.981527],[139.0807555,35.9815143],[139.0804184,35.9815341],[139.0804193,35.9815004],[139.0807609,35.9814759],[139.0807763,35.9814644],[139.0807795,35.9814423],[139.0807875,35.9814036],[139.0807881,35.9814007],[139.0807891,35.9813958],[139.0808018,35.9813292],[139.0808061,35.981307],[139.0808133,35.981273],[139.0808158,35.9812594],[139.0808241,35.9812183],[139.080825,35.9812148],[139.080826,35.9812107],[139.0808161,35.981203],[139.0805621,35.9812175],[139.0805562,35.9811316],[139.0805513,35.9810396],[139.0805965,35.981039],[139.0806013,35.981159],[139.0806212,35.9811751],[139.0808109,35.9811671],[139.0808371,35.981153],[139.0808404,35.981139],[139.080843,35.9811264],[139.0808468,35.9811064],[139.0808516,35.9810813],[139.080855,35.9810638],[139.0808591,35.9810421],[139.0808592,35.9810414],[139.08086,35.981037],[139.0808642,35.9810151],[139.0808679,35.9810035],[139.080868,35.9810028],[139.0808685,35.9810001],[139.0808713,35.9809842],[139.0808778,35.9809511],[139.08088,35.980942],[139.0808824,35.9809327],[139.0808888,35.9808979],[139.0808931,35.980876],[139.0808965,35.9808604],[139.0808966,35.9808598],[139.0808972,35.9808566],[139.0809006,35.980838],[139.080904,35.9808199],[139.0809142,35.9807684],[139.0809205,35.9807379],[139.0809316,35.9806835],[139.0809326,35.9806786],[139.0809343,35.9806709],[139.080935,35.9806678],[139.0809392,35.9806492],[139.0809504,35.9805994],[139.0809545,35.9805658],[139.0809514,35.9805623],[139.080938,35.9805564],[139.0809318,35.9805553],[139.0808083,35.9805342],[139.0807569,35.9805611],[139.0807304,35.9805776],[139.0807288,35.9805786],[139.0806972,35.9805943],[139.0806555,35.980619],[139.0805848,35.98066],[139.0805828,35.9806615],[139.0805628,35.9806754],[139.0805244,35.9806995],[139.080504,35.9807128],[139.0804827,35.9807317],[139.0804807,35.9807345],[139.080465,35.9807505],[139.0804374,35.9807773],[139.0804277,35.9807862],[139.0804186,35.9807945],[139.0803501,35.9808608],[139.0803486,35.9808623],[139.080347,35.9808637],[139.0803255,35.9808843],[139.080313,35.9808968],[139.0802643,35.9809428],[139.0802619,35.9809453],[139.0802542,35.9809539],[139.080241,35.9809669],[139.0802268,35.9809784],[139.0802145,35.9809897],[139.080178,35.9810282],[139.0801742,35.9810323],[139.0801698,35.9810365],[139.0801701,35.9810511],[139.0801765,35.9810564],[139.0802457,35.9811216],[139.0802603,35.9811354],[139.0802684,35.9811633],[139.080269,35.981168],[139.0802792,35.9812521],[139.0802825,35.9812719],[139.080286,35.9812936],[139.0802953,35.9813712],[139.0802966,35.9813808],[139.0803065,35.9814505],[139.0803171,35.9815179],[139.0803259,35.9815542],[139.0803295,35.981576],[139.0803375,35.9816184],[139.0803384,35.9816237],[139.0803401,35.9816363],[139.080346,35.9816709],[139.0803501,35.9816926],[139.0803527,35.9817136],[139.0803561,35.9817564],[139.0803592,35.9817924],[139.0803602,35.9818053],[139.0803728,35.9818043],[139.0803748,35.9818042],[139.0803766,35.9818041],[139.080377,35.981804],[139.0805396,35.9817927],[139.0806536,35.9817842],[139.0806592,35.9817837],[139.0806595,35.9817837],[139.0806743,35.9817826]]],[[[139.08245136388888,35.983333333333334],[139.0824511,35.983333],[139.0824473,35.9833287],[139.082441,35.9833214],[139.0824247,35.9833189],[139.0824201,35.9833181],[139.0823907,35.9833135],[139.082384,35.9833164],[139.0823664,35.9833259],[139.08235265162241,35.983333333333334],[139.08245136388888,35.983333333333334]]],[[[139.0836632,35.9828145],[139.0836611,35.9828082],[139.0836552,35.9827903],[139.0836366,35.9827363],[139.0836302,35.982722],[139.0836251,35.9827153],[139.0836214,35.9827123],[139.0836135,35.9827096],[139.0834978,35.9827189],[139.0834916,35.9827223],[139.0834826,35.982727],[139.0833955,35.9827731],[139.083311,35.9828191],[139.0832914,35.9828302],[139.0832674,35.9828439],[139.0832563,35.9828498],[139.0832226,35.9828674],[139.0832168,35.9828705],[139.0831715,35.9828943],[139.0831604,35.9828998],[139.0831071,35.9829302],[139.0829999,35.982987],[139.0829849,35.982995],[139.0828958,35.9830431],[139.0828737,35.9830556],[139.082868,35.9830588],[139.0828368,35.9830763],[139.0828287,35.9830806],[139.0828261,35.9831037],[139.0828565,35.9831425],[139.0829268,35.9832317],[139.08294,35.9832485],[139.0829224,35.9832571],[139.0828988,35.9832688],[139.0828703,35.9832313],[139.0828673,35.9832277],[139.0828167,35.9831628],[139.0827868,35.9831249],[139.0827864,35.9831249],[139.0827535,35.9831202],[139.0826455,35.9831774],[139.082633,35.9831839],[139.0825466,35.9832293],[139.0825336,35.9832362],[139.0825048,35.9832509],[139.0824995,35.9832537],[139.0824986,35.9832541],[139.0824982,35.9832568],[139.082492,35.9832947],[139.0824924,35.9832954],[139.0824958,35.9832995],[139.0825032,35.9833086],[139.08252311746793,35.983333333333334],[139.08365988082977,35.983333333333334],[139.0836577,35.9833284],[139.0836423,35.983304],[139.0836177,35.9832713],[139.0835918,35.9832358],[139.0835776,35.9832166],[139.0834415,35.9830406],[139.0834607,35.9830307],[139.0834645,35.9830355],[139.0835013,35.9830835],[139.083525,35.9831141],[139.0835786,35.9831826],[139.0836181,35.983236],[139.0836265,35.9832472],[139.0836461,35.9832737],[139.0836748,35.9833125],[139.0836791,35.9833186],[139.08368987916668,35.983333333333334],[139.08378778133334,35.983333333333334],[139.0838099,35.9833229],[139.0838355,35.9833105],[139.0838417,35.9833075],[139.0838391,35.9833006],[139.0838301,35.9832745],[139.0838274,35.9832657],[139.0838169,35.9832372],[139.0838049,35.9832048],[139.0837886,35.9831604],[139.0837656,35.9830962],[139.0837492,35.9830496],[139.0837293,35.982995],[139.0837284,35.9829954],[139.0837198,35.9829718],[139.0837206,35.9829714],[139.0836834,35.9828719],[139.0836768,35.9828549],[139.0836692,35.9828325],[139.0836673,35.9828277],[139.0836632,35.9828145]]],[[[139.0797533,35.9826623],[139.0797469,35.9826484],[139.0797074,35.9825587],[139.079683,35.9824979],[139.0796658,35.9824605],[139.0796455,35.9824168],[139.0796375,35.9824001],[139.079613,35.9823454],[139.0796039,35.9823256],[139.0795815,35.9822789],[139.079562,35.9822365],[139.0795486,35.9822073],[139.0795482,35.9822072],[139.07954,35.9822057],[139.0795396,35.9822056],[139.0795219,35.9822024],[139.0795107,35.9822048],[139.0794473,35.9822187],[139.0794452,35.9822191],[139.0794119,35.9822271],[139.0793682,35.9822365],[139.0793678,35.9822366],[139.0793017,35.9822528],[139.0793014,35.9822529],[139.0793003,35.9822531],[139.0792999,35.9822532],[139.079059,35.9823075],[139.0789641,35.9823291],[139.0789638,35.9823292],[139.0789408,35.9823339],[139.0789391,35.9823342],[139.0789373,35.9823392],[139.0789285,35.9823639],[139.0789247,35.9823751],[139.0789207,35.9823909],[139.0789196,35.9824052],[139.0789186,35.9824224],[139.0789179,35.9824347],[139.0789176,35.9824637],[139.0789205,35.9824845],[139.0789212,35.9824895],[139.0789228,35.9825006],[139.0789288,35.9825313],[139.0789377,35.9825807],[139.0789387,35.9825862],[139.078939,35.9825886],[139.0789411,35.982609],[139.078942,35.9826234],[139.078942,35.982639],[139.078941,35.9826535],[139.0789407,35.9826596],[139.0789321,35.9826949],[139.0789284,35.9827074],[139.0789161,35.9827353],[139.0789148,35.9827376],[139.078923,35.9827432],[139.0789568,35.9827667],[139.0789855,35.9827866],[139.0790108,35.9828034],[139.0790249,35.9828129],[139.079082,35.9828556],[139.0791474,35.9829032],[139.0791627,35.9829142],[139.0791766,35.9829241],[139.0792005,35.9829402],[139.0792366,35.9829647],[139.0792978,35.9830077],[139.0793083,35.9830151],[139.0793409,35.9830379],[139.0793827,35.983067],[139.0794293,35.9831007],[139.0794813,35.9831373],[139.0795051,35.9831541],[139.0795181,35.9831632],[139.0795517,35.9831866],[139.0795532,35.9831877],[139.0795783,35.9832052],[139.0795863,35.9832107],[139.0796147,35.9832305],[139.079617,35.9832321],[139.079619,35.9832335],[139.0796748,35.9832712],[139.079692,35.9832829],[139.079698,35.9832871],[139.07976250968713,35.983333333333334],[139.08009443238095,35.983333333333334],[139.0800914,35.9833267],[139.0800805,35.9833031],[139.0800679,35.9832782],[139.0800544,35.9832522],[139.0800337,35.9832135],[139.0800324,35.9832112],[139.0800172,35.9831854],[139.0799984,35.9831558],[139.0799584,35.9830958],[139.0799396,35.9830673],[139.0799336,35.9830545],[139.0799287,35.9830439],[139.0799193,35.9830236],[139.0799138,35.983013],[139.0799025,35.9829903],[139.0798886,35.9829635],[139.0798745,35.9829331],[139.0798533,35.9828836],[139.0798302,35.982829],[139.079821,35.9828085],[139.079808,35.9827797],[139.0797874,35.9827365],[139.0797858,35.982733],[139.0797847,35.9827313],[139.0797759,35.9827116],[139.0797739,35.9827072],[139.0797717,35.9827024],[139.0797581,35.9826728],[139.0797533,35.9826623]]],[[[139.0815637,35.9821156],[139.0817887,35.9819883],[139.0818789,35.9819388],[139.0819393,35.9819055],[139.0819916,35.9818759],[139.081995,35.9818762],[139.082001,35.9818767],[139.0820736,35.981834],[139.0820799,35.9818303],[139.0821142,35.9818099],[139.0821235,35.9818046],[139.0821429,35.9818281],[139.0820402,35.9818927],[139.0819749,35.9819334],[139.0818343,35.9820121],[139.0815934,35.9821484],[139.0815875,35.9821733],[139.0815895,35.9821756],[139.0816068,35.9821976],[139.0816153,35.9822087],[139.0816291,35.9822264],[139.0816386,35.9822379],[139.0816482,35.9822494],[139.081653,35.9822553],[139.0816536,35.9822561],[139.0816691,35.9822757],[139.0816786,35.9822878],[139.0817335,35.9822566],[139.0817758,35.982235],[139.0818159,35.9822132],[139.0818613,35.9821872],[139.0818892,35.9821717],[139.0819012,35.9821642],[139.0819241,35.9821488],[139.0819691,35.9821206],[139.0819743,35.9821176],[139.0820007,35.9821021],[139.0820474,35.9820735],[139.0820953,35.9820461],[139.0821517,35.9820139],[139.0821847,35.9819968],[139.0822074,35.9819845],[139.0822193,35.9819781],[139.0822823,35.9819445],[139.0823073,35.9819288],[139.0823391,35.9819096],[139.0823762,35.9818867],[139.0823844,35.9818811],[139.0823914,35.9818767],[139.0824072,35.9818654],[139.0824455,35.9818392],[139.0824662,35.9818244],[139.082485,35.981814],[139.0825226,35.981793],[139.0825492,35.9817782],[139.0825763,35.9817654],[139.0826341,35.9817325],[139.0826562,35.98172],[139.0826814,35.9817057],[139.0827512,35.9816652],[139.0828491,35.9816085],[139.0828572,35.9816041],[139.0828619,35.9816014],[139.0828645,35.9816],[139.0828632,35.9815978],[139.0828339,35.9815568],[139.0827927,35.9815005],[139.0827663,35.9814662],[139.0827608,35.9814587],[139.0827542,35.9814498],[139.0827069,35.9813866],[139.0826754,35.9813446],[139.0826459,35.9813061],[139.0826258,35.9812796],[139.0826052,35.9812534],[139.0825884,35.9812322],[139.082578,35.98122],[139.0825719,35.9812132],[139.0825683,35.981209],[139.0825615,35.9812009],[139.0825012,35.9811319],[139.082493,35.9811238],[139.0824461,35.9810819],[139.0824197,35.98106],[139.0824158,35.9810568],[139.082406,35.9810487],[139.0823797,35.9810247],[139.0823638,35.9810106],[139.0823075,35.9809628],[139.0823007,35.9809621],[139.0822992,35.9809621],[139.0822939,35.980962],[139.0822935,35.980962],[139.0822844,35.9809622],[139.0822788,35.9809623],[139.0822728,35.9809636],[139.0822681,35.9809656],[139.0822544,35.9809735],[139.0822507,35.9809756],[139.0822431,35.9809805],[139.0822005,35.9810077],[139.0821967,35.9810101],[139.0821289,35.9810523],[139.0820807,35.9810827],[139.0820353,35.981111],[139.0820239,35.981118],[139.0819816,35.981145],[139.0819721,35.9811509],[139.0819293,35.9811786],[139.0818926,35.9812003],[139.081867,35.9812163],[139.0818377,35.9812336],[139.0818009,35.9812565],[139.0817755,35.9812722],[139.0817484,35.9812891],[139.0817207,35.9813062],[139.0817014,35.9813175],[139.0816766,35.9813325],[139.0816502,35.9813487],[139.0816329,35.9813593],[139.0816142,35.9813709],[139.0815941,35.9813828],[139.0815784,35.9813927],[139.081694,35.9815061],[139.0817462,35.9815644],[139.0817311,35.9815733],[139.081711,35.9815851],[139.0816599,35.9815276],[139.0815436,35.9814137],[139.081529,35.981423],[139.0814425,35.9814772],[139.0814012,35.9815016],[139.0813711,35.9815199],[139.0813408,35.9815366],[139.0813082,35.9815535],[139.081302,35.9815569],[139.0811916,35.9816158],[139.0811817,35.9816211],[139.0811775,35.9816233],[139.0811764,35.9816253],[139.0811758,35.9816267],[139.0811753,35.9816276],[139.0811681,35.9816571],[139.0811777,35.9816686],[139.0811829,35.9816748],[139.0811893,35.981683],[139.0811951,35.9816903],[139.0812211,35.9817228],[139.0812528,35.9817612],[139.0812882,35.9818042],[139.0813138,35.9818359],[139.0813165,35.9818393],[139.0813202,35.981844],[139.0813241,35.9818491],[139.0813328,35.9818602],[139.0813361,35.9818641],[139.0813532,35.9818848],[139.0813654,35.9818996],[139.0813883,35.9819272],[139.0814306,35.9819798],[139.081436,35.9819867],[139.0814584,35.9820137],[139.0814917,35.9820556],[139.0815104,35.9820779],[139.0815139,35.9820821],[139.0815196,35.9820888],[139.0815361,35.9821097],[139.0815376,35.9821114],[139.0815445,35.9821124],[139.081547,35.9821128],[139.0815637,35.9821156]]],[[[139.08439006666669,35.983333333333334],[139.0843366,35.9833128],[139.0842384,35.9832753],[139.0842525,35.9832449],[139.0844311,35.9833102],[139.0844271,35.9832599],[139.0844325,35.9832411],[139.0844525,35.9831703],[139.084452,35.9831596],[139.0844642,35.9831181],[139.0844764,35.9830798],[139.0844774,35.9830763],[139.0844823,35.9830611],[139.0844834,35.9830577],[139.0844845,35.983051],[139.0844857,35.9830412],[139.0844855,35.9830396],[139.0844834,35.9830259],[139.0844761,35.983013],[139.0844748,35.9830022],[139.084412,35.9829633],[139.084366,35.9829348],[139.0843716,35.9829289],[139.0843824,35.9829175],[139.0843938,35.9829055],[139.0845097,35.9829774],[139.0845101,35.9829776],[139.0845113,35.9829754],[139.0845122,35.9829739],[139.0845147,35.9829637],[139.0845584,35.9829771],[139.0845524,35.982997],[139.0845454,35.9830173],[139.0845442,35.9830209],[139.0845356,35.9830478],[139.0845224,35.9830881],[139.0844962,35.9831809],[139.0844791,35.9832414],[139.0844709,35.9832702],[139.0844711,35.9832719],[139.0844722,35.9832757],[139.084477,35.983286],[139.0844772,35.9832864],[139.0844823,35.9832951],[139.0844848,35.983299],[139.0844869,35.9833013],[139.0844878,35.9833023],[139.0844895,35.983303],[139.0844935,35.9833044],[139.0845109,35.9833096],[139.0845563,35.9833233],[139.0845567,35.9833234],[139.0845842,35.9833316],[139.0845907722222,35.983333333333334],[139.0846019909091,35.983333333333334],[139.0846029,35.9833325],[139.0846036,35.9833316],[139.0846045,35.9833283],[139.0846099,35.9833062],[139.0846153,35.9832849],[139.0846235,35.9832521],[139.0846262,35.9832423],[139.0846351,35.9832106],[139.0846423,35.9831851],[139.084656,35.9831446],[139.0846784,35.983077],[139.0847056,35.9830054],[139.0847307,35.9829452],[139.084757,35.9828837],[139.0847672,35.982857],[139.0848012,35.9828028],[139.0848108,35.9827921],[139.0848221,35.9827826],[139.0848409,35.9827731],[139.0848576,35.9827645],[139.084858,35.9827644],[139.0848738,35.9827519],[139.0848961,35.9827282],[139.0849091,35.982712],[139.0849224,35.9827005],[139.084935,35.9826891],[139.0849497,35.9826815],[139.0849642,35.9826771],[139.0849916,35.9826706],[139.0850058,35.9826668],[139.0850222,35.9826623],[139.0850227,35.9826622],[139.0850632,35.982651],[139.0850716,35.9826497],[139.085072,35.9826497],[139.0850746,35.982602],[139.0850628,35.9825819],[139.085055,35.9825696],[139.0850482,35.9825598],[139.0850433,35.9825537],[139.0850192,35.9825272],[139.0850127,35.9825187],[139.0849853,35.9824869],[139.0849589,35.9824545],[139.0848388,35.9822779],[139.0848285,35.9822658],[139.0848231,35.9822595],[139.0848211,35.9822569],[139.0847995,35.9822354],[139.0847651,35.9822013],[139.084734,35.9821704],[139.0846695,35.9821077],[139.0846625,35.9821018],[139.0846601,35.9821009],[139.0846409,35.9820993],[139.0846295,35.982105],[139.0846109,35.9821188],[139.0845595,35.9821596],[139.0845347,35.9821773],[139.0845095,35.9822026],[139.084503,35.9822082],[139.0844985,35.9822125],[139.0844939,35.9822172],[139.0844936,35.9822187],[139.0844821,35.9822698],[139.0844803,35.9822775],[139.0844783,35.9822802],[139.0844705,35.982283],[139.084461,35.9822901],[139.084459,35.9822914],[139.0844441,35.9823011],[139.0844252,35.9823135],[139.0844035,35.9823276],[139.0843511,35.9823616],[139.0843506,35.9823618],[139.0843444,35.9823657],[139.0843218,35.9823795],[139.0843195,35.9823808],[139.0843012,35.9823932],[139.0842914,35.9823998],[139.0842892,35.9824008],[139.0842344,35.9824358],[139.0842326,35.9824369],[139.0841792,35.9824621],[139.0841677,35.9824672],[139.0841349,35.982482],[139.0840875,35.9825032],[139.084067,35.982503],[139.0840365,35.9825163],[139.0840263,35.9825206],[139.0840119,35.9825261],[139.0839452,35.9825535],[139.0839226,35.9825648],[139.0838858,35.9825814],[139.0838444,35.9826006],[139.0838419,35.9826018],[139.0838319,35.9826066],[139.0837986,35.9826227],[139.0837732,35.9826343],[139.083729,35.9826557],[139.0836927,35.9826758],[139.0836912,35.9826787],[139.0836977,35.982693],[139.0836979,35.9826934],[139.0837305,35.9827551],[139.0837597,35.9828106],[139.0837622,35.9828154],[139.0837645,35.9828198],[139.0837713,35.9828331],[139.0837807,35.982852],[139.0838136,35.9829187],[139.083825,35.9829445],[139.08383,35.9829558],[139.0838317,35.9829595],[139.0838533,35.9830198],[139.0838688,35.9830746],[139.0838738,35.9830928],[139.0838896,35.9831938],[139.083891,35.9832031],[139.083892,35.9832087],[139.0838966,35.9832377],[139.0838997,35.9832579],[139.0839137,35.9832972],[139.08392,35.9833149],[139.0839216,35.9833194],[139.0839251,35.9833301],[139.0839253,35.9833305],[139.08392621071428,35.983333333333334],[139.08439006666669,35.983333333333334]]],[[[139.0808662,35.981314],[139.0808596,35.9813492],[139.0808505,35.9813986],[139.0808478,35.9814133],[139.0808469,35.9814182],[139.080839,35.9814593],[139.0808319,35.9814953],[139.0808211,35.9815503],[139.0808144,35.981584],[139.0808136,35.9815878],[139.0808114,35.9815993],[139.0807985,35.981665],[139.0807859,35.9817278],[139.0807825,35.9817485],[139.0807861,35.9817526],[139.0808107,35.9817575],[139.0808324,35.9817461],[139.08092,35.9817007],[139.0809665,35.9816754],[139.0810094,35.9816528],[139.0810204,35.9816468],[139.0811116,35.9815989],[139.0811147,35.9815973],[139.0811592,35.9815756],[139.0811879,35.9815587],[139.0811927,35.9815559],[139.0812236,35.9815394],[139.0812553,35.9815232],[139.0812854,35.9815072],[139.0813104,35.9814953],[139.0813328,35.9814829],[139.0813361,35.9814809],[139.0813612,35.9814657],[139.0813559,35.9814592],[139.0813524,35.9814549],[139.0813496,35.9814509],[139.0813272,35.9814191],[139.0813132,35.9814008],[139.0812714,35.9813574],[139.0812932,35.9813382],[139.0813103,35.9813563],[139.0813283,35.9813794],[139.0813698,35.9814335],[139.0813848,35.9814511],[139.0813866,35.9814503],[139.0813916,35.9814475],[139.0814038,35.9814405],[139.0814075,35.9814384],[139.0814084,35.9814379],[139.0814464,35.9814137],[139.0815015,35.9813797],[139.0815468,35.9813518],[139.0815507,35.9813493],[139.0815587,35.9813443],[139.0815918,35.9813224],[139.0816846,35.9812679],[139.0817145,35.981249],[139.0817642,35.9812174],[139.0817846,35.9812053],[139.0817894,35.9812027],[139.081807,35.9811921],[139.0818117,35.9811895],[139.0818564,35.981163],[139.0819259,35.9811195],[139.081931,35.9811164],[139.0819375,35.9811124],[139.0820094,35.981067],[139.0820459,35.9810443],[139.0820699,35.9810291],[139.0820767,35.9810246],[139.0820825,35.981021],[139.0820964,35.9810125],[139.0821,35.9810103],[139.0821124,35.9810027],[139.0821161,35.9810005],[139.0821237,35.9809958],[139.0821432,35.9809839],[139.0821617,35.9809725],[139.0822138,35.9809386],[139.0822278,35.9809285],[139.0822381,35.9809025],[139.0822293,35.9808946],[139.0822239,35.9808898],[139.0822077,35.980875],[139.0821487,35.9808211],[139.0821169,35.9807921],[139.0821112,35.9807868],[139.0820829,35.980761],[139.0820714,35.9807505],[139.0818034,35.9805056],[139.0817975,35.9805],[139.0817325,35.9804404],[139.0817321,35.9804404],[139.08172,35.9804396],[139.0817106,35.9804399],[139.0817054,35.9804403],[139.0816962,35.9804435],[139.0816701,35.9804596],[139.0815983,35.9805033],[139.0815407,35.9805386],[139.0814948,35.9805658],[139.0813703,35.9806438],[139.0813699,35.9806439],[139.081367,35.9806439],[139.0813663,35.9806438],[139.0813617,35.9806438],[139.0812783,35.9805644],[139.0812516,35.9805388],[139.0813181,35.980497],[139.081344,35.9804805],[139.0813934,35.980449],[139.081386,35.9804413],[139.0813681,35.9804221],[139.0813114,35.9803617],[139.0812653,35.9803104],[139.0812956,35.9802909],[139.0813634,35.9802468],[139.0814312,35.9802047],[139.081438,35.9802001],[139.0814387,35.980173],[139.0813248,35.9800671],[139.081323,35.9800654],[139.0812986,35.980044],[139.0812253,35.9799783],[139.0811582,35.9799138],[139.0811536,35.9799088],[139.0811496,35.9799085],[139.0811469,35.9799089],[139.0811438,35.9799093],[139.0811389,35.9799111],[139.0811346,35.9799142],[139.0811311,35.9799183],[139.081126,35.9799259],[139.0811227,35.9799379],[139.0811218,35.9799439],[139.0811212,35.9799548],[139.0811213,35.9799609],[139.0811221,35.9799806],[139.0811244,35.9799966],[139.0811244,35.9800063],[139.0811239,35.9800194],[139.0811229,35.9800302],[139.0811207,35.9800417],[139.0811155,35.9800658],[139.0811107,35.9800882],[139.0811032,35.9801253],[139.0811018,35.9801319],[139.0811003,35.9801396],[139.0810912,35.9801832],[139.0810761,35.9802576],[139.0810739,35.9802686],[139.0810728,35.9802741],[139.081059,35.9803444],[139.0810439,35.9804204],[139.0810287,35.9804996],[139.0810199,35.9805475],[139.0810166,35.9805628],[139.081006,35.980607],[139.0810028,35.9806246],[139.0809961,35.9806576],[139.0809954,35.9806616],[139.0809549,35.9808657],[139.080954,35.9808706],[139.080929,35.9809964],[139.0809256,35.9810116],[139.0809168,35.9810512],[139.0809124,35.981074],[139.0809097,35.9810886],[139.0809065,35.9811053],[139.0808984,35.9811479],[139.0808978,35.9811511],[139.0808925,35.9811779],[139.0808897,35.9811921],[139.0808888,35.9811967],[139.0808771,35.9812555],[139.0808713,35.9812867],[139.0808662,35.981314]]],[[[139.0805938,35.9824014],[139.0806125,35.9823051],[139.0806186,35.982274],[139.0806273,35.9822278],[139.0806366,35.9821786],[139.0806373,35.9821749],[139.0806457,35.9821319],[139.0806509,35.9821051],[139.0806562,35.9820784],[139.0806569,35.9820748],[139.080657,35.9820745],[139.0805486,35.9820934],[139.0805026,35.9821011],[139.080416,35.9821156],[139.0803824,35.9821323],[139.080382,35.9821323],[139.080381,35.9821325],[139.0803729,35.9821338],[139.0803456,35.9821383],[139.0803453,35.9821384],[139.0802856,35.9821478],[139.0802852,35.9821479],[139.0802672,35.9821507],[139.0802142,35.9821585],[139.0801898,35.9821618],[139.0800929,35.9821746],[139.0800913,35.9821439],[139.0801996,35.9821302],[139.0802,35.9821302],[139.080244,35.9821246],[139.0802443,35.9821245],[139.0802579,35.9821224],[139.080267,35.9821216],[139.0802674,35.9821215],[139.0802738,35.9821205],[139.0802862,35.9821177],[139.0803383,35.9821052],[139.080369,35.9820978],[139.0803767,35.9820961],[139.0804173,35.9820874],[139.0804592,35.9820788],[139.0804595,35.9820787],[139.0804807,35.9820752],[139.0804863,35.9820743],[139.0804867,35.9820742],[139.0805244,35.9820669],[139.0805556,35.9820616],[139.080556,35.9820616],[139.0805602,35.9820598],[139.0805606,35.9820598],[139.080576,35.9820577],[139.0806047,35.982054],[139.0806078,35.9820536],[139.0806107,35.9820533],[139.0806135,35.9820528],[139.0806217,35.9820513],[139.080622,35.9820513],[139.0806275,35.9820507],[139.0806279,35.9820507],[139.0806538,35.982047],[139.0806602,35.9820462],[139.080663,35.9820458],[139.0806634,35.9820457],[139.0806822,35.9819568],[139.0806911,35.9819148],[139.0806934,35.9819099],[139.0807032,35.9818471],[139.0807005,35.9818446],[139.0806822,35.9818288],[139.0806818,35.9818288],[139.0806792,35.9818288],[139.0806737,35.9818293],[139.080672,35.9818295],[139.0806715,35.9818295],[139.0806707,35.9818296],[139.0806676,35.9818298],[139.0806672,35.9818298],[139.080616,35.9818341],[139.0805243,35.981841],[139.0803821,35.9818522],[139.0803557,35.9818539],[139.0803404,35.9818549],[139.0802895,35.9818582],[139.080264,35.9818599],[139.0802538,35.9818607],[139.0801983,35.9818645],[139.0801682,35.9818667],[139.080133,35.9818692],[139.0801116,35.9818707],[139.0801119,35.9818712],[139.0801013,35.981872],[139.0801011,35.9818716],[139.0800461,35.9818762],[139.0800454,35.9818762],[139.0800179,35.9818785],[139.0800115,35.9818791],[139.0799747,35.981882],[139.0799466,35.9818841],[139.0798926,35.9818876],[139.0798553,35.9818901],[139.0798443,35.9818908],[139.0798439,35.9818908],[139.0798404,35.9818911],[139.0798322,35.9818917],[139.0797773,35.9818956],[139.0797576,35.9818971],[139.0797279,35.9818985],[139.0796977,35.9819033],[139.0796974,35.9819033],[139.0796747,35.9819077],[139.0796744,35.9819078],[139.0796469,35.9819121],[139.0796323,35.9819157],[139.0796319,35.9819158],[139.0795988,35.9819243],[139.0795383,35.9819359],[139.0795379,35.981936],[139.0795364,35.9819363],[139.079511,35.9819412],[139.0795049,35.9819479],[139.0795066,35.9819555],[139.0795088,35.9819643],[139.0795104,35.9819705],[139.079511,35.9819723],[139.0795118,35.9819756],[139.0795123,35.9819776],[139.0795099,35.9819778],[139.0795161,35.9819997],[139.0795177,35.9819997],[139.0795185,35.982002],[139.0795347,35.9820636],[139.0795471,35.9821077],[139.0795525,35.9821264],[139.079558,35.982145],[139.0795665,35.982172],[139.0795944,35.9822397],[139.0796355,35.9823389],[139.0796384,35.9823446],[139.0796607,35.982387],[139.0796691,35.9824048],[139.0796913,35.9824524],[139.0796966,35.9824642],[139.0797283,35.9825357],[139.0797409,35.9825639],[139.0797537,35.9825922],[139.0797764,35.9826424],[139.0797818,35.9826555],[139.0797859,35.9826653],[139.0797884,35.9826702],[139.0797887,35.9826707],[139.0797902,35.9826736],[139.0798091,35.9827246],[139.079819,35.9827418],[139.0798572,35.9828211],[139.0798714,35.9828546],[139.0798836,35.9828833],[139.0798984,35.9829138],[139.0799104,35.9829384],[139.0799338,35.9829872],[139.0799464,35.9830159],[139.0799597,35.9830391],[139.0799714,35.9830601],[139.0799896,35.9830933],[139.0800099,35.9831238],[139.0800144,35.9831297],[139.0800299,35.9831502],[139.0800528,35.9831896],[139.0800581,35.9831993],[139.0800657,35.9832134],[139.080066,35.9832137],[139.0800758,35.9832317],[139.0800821,35.983243],[139.0801066,35.98329],[139.0801163,35.9833108],[139.08012742034632,35.983333333333334],[139.080411775485,35.983333333333334],[139.0804086,35.9833241],[139.0804057,35.9833145],[139.080398,35.983278],[139.0803971,35.9832463],[139.0804078,35.9832159],[139.0804239,35.98317],[139.0804414,35.9831219],[139.0804498,35.9830932],[139.080452,35.9830858],[139.0804552,35.9830751],[139.0804677,35.9830151],[139.0804697,35.9830075],[139.0804862,35.9829444],[139.0805049,35.9828602],[139.0805111,35.9828128],[139.0805168,35.9827732],[139.0805288,35.9827255],[139.080549,35.9826277],[139.0805511,35.9826184],[139.080554,35.9826052],[139.080557,35.9825915],[139.0805719,35.9825115],[139.0805843,35.9824522],[139.0805877,35.9824341],[139.0805873,35.9824341],[139.0805714,35.9824362],[139.0804283,35.9824557],[139.0802995,35.9824716],[139.0802221,35.9824799],[139.0800658,35.982498],[139.0800598,35.9824764],[139.0801518,35.9824652],[139.080157,35.9824646],[139.0802062,35.9824587],[139.0802447,35.9824541],[139.0802967,35.982448],[139.0804453,35.98243],[139.0804601,35.982428],[139.0805922,35.9824098],[139.0805938,35.9824014]]],[[[139.0830477,35.9826303],[139.0829415,35.9824989],[139.0829113,35.9824937],[139.0827649,35.9825686],[139.0827645,35.9825686],[139.0827636,35.9825663],[139.08275,35.9825343],[139.0828139,35.9825018],[139.0828571,35.9824793],[139.0829383,35.9824364],[139.0829436,35.9824338],[139.0829591,35.9824257],[139.0829636,35.9824231],[139.0829718,35.9824188],[139.0830057,35.9824003],[139.0830431,35.9823819],[139.0830835,35.9823621],[139.0830854,35.9823612],[139.0830889,35.9823595],[139.0830992,35.9823548],[139.0831023,35.9823528],[139.083116,35.9823443],[139.0831171,35.9823437],[139.0832025,35.9822993],[139.0832387,35.9822808],[139.0832498,35.9822751],[139.0832711,35.9822641],[139.0833072,35.9822455],[139.0833173,35.9822295],[139.0833143,35.9822255],[139.0833106,35.9822207],[139.0833011,35.9822078],[139.0832905,35.9821933],[139.0832198,35.9821006],[139.0831619,35.9820195],[139.0831585,35.9820147],[139.0831552,35.9820102],[139.0831466,35.9819983],[139.0830984,35.9819283],[139.0830933,35.9819209],[139.083059,35.9818712],[139.0830384,35.9818423],[139.083038,35.9818418],[139.0830347,35.9818373],[139.0830204,35.9818186],[139.0829716,35.9817505],[139.0829344,35.9816956],[139.082906,35.9816553],[139.0829019,35.9816501],[139.0828977,35.9816447],[139.0828794,35.98162],[139.0828749,35.9816135],[139.0828745,35.9816136],[139.0828727,35.9816147],[139.0828663,35.9816177],[139.0828433,35.9816311],[139.0828,35.9816562],[139.0827542,35.9816837],[139.0827265,35.9816996],[139.0827059,35.9817117],[139.0826622,35.9817359],[139.0826444,35.9817463],[139.0826388,35.9817496],[139.0826126,35.9817649],[139.0825593,35.9817928],[139.0825471,35.9818],[139.0825305,35.9818091],[139.0824999,35.9818264],[139.0824853,35.9818345],[139.0824792,35.9818393],[139.0824751,35.981842],[139.0824591,35.9818532],[139.0824369,35.9818671],[139.0824175,35.9818801],[139.0823971,35.9818931],[139.0823643,35.9819135],[139.0823426,35.9819271],[139.0823204,35.981941],[139.0823021,35.9819522],[139.0822929,35.981958],[139.0822585,35.9819773],[139.0822436,35.9819861],[139.0822218,35.981998],[139.0822001,35.9820099],[139.0821789,35.9820215],[139.0821779,35.982022],[139.0821639,35.9820291],[139.0821508,35.9820372],[139.0821316,35.9820482],[139.082113,35.9820589],[139.0820861,35.9820742],[139.0820621,35.9820884],[139.0820359,35.9821032],[139.082014,35.9821156],[139.0819978,35.9821257],[139.0819895,35.9821309],[139.0819829,35.9821349],[139.081961,35.9821484],[139.0819288,35.982169],[139.0819081,35.9821812],[139.0819011,35.9821852],[139.0818639,35.9822051],[139.0818065,35.9822358],[139.0817047,35.9822932],[139.0816901,35.9823003],[139.081688,35.9823012],[139.081707,35.9823237],[139.0817269,35.9823493],[139.0817709,35.9824037],[139.0818498,35.9825012],[139.0818611,35.9825152],[139.0819524,35.9826284],[139.0819565,35.9826335],[139.0819834,35.9826667],[139.0820325,35.9827276],[139.0821137,35.9826803],[139.0822048,35.9826275],[139.0822871,35.9825798],[139.082299,35.9825722],[139.0823937,35.9825166],[139.0824119,35.9825057],[139.0824152,35.9825038],[139.0824253,35.982498],[139.0824463,35.9824859],[139.0824952,35.9824577],[139.082523,35.9824417],[139.082574,35.9824142],[139.08263,35.9823838],[139.0826946,35.9823488],[139.0827046,35.9823601],[139.082706,35.9823616],[139.0827029,35.9823633],[139.0826464,35.9823934],[139.0825188,35.9824649],[139.082397,35.9825355],[139.082384,35.982543],[139.0822753,35.9826055],[139.0822363,35.9826282],[139.0821773,35.9826623],[139.082058,35.982732],[139.082043,35.9827407],[139.0820864,35.9827967],[139.0821023,35.9828157],[139.0821063,35.9828205],[139.0821082,35.9828228],[139.0821234,35.982841],[139.0821728,35.9829015],[139.0821988,35.9829336],[139.08223,35.9829722],[139.0822555,35.9830041],[139.0822594,35.9830091],[139.082353,35.9831265],[139.0824114,35.9831965],[139.0824185,35.9831977],[139.0824569,35.9832043],[139.0824578,35.9832039],[139.0824613,35.9832018],[139.0824632,35.9832008],[139.0824913,35.9831843],[139.0825901,35.9831328],[139.0826331,35.9831103],[139.0827602,35.9830417],[139.0828566,35.982989],[139.0828621,35.9829859],[139.0828897,35.9829708],[139.0829727,35.9829262],[139.0830323,35.9828937],[139.0831263,35.982844],[139.0831532,35.9828293],[139.0831927,35.9828078],[139.0831336,35.9827362],[139.0830477,35.9826303]]],[[[139.08221312951324,35.983333333333334],[139.0823056,35.9832839],[139.0823234,35.9832744],[139.082341,35.983265],[139.0823468,35.9832617],[139.082356,35.9832281],[139.0823574,35.9832234],[139.082356,35.9832217],[139.0823523,35.9832173],[139.082345,35.9832083],[139.0822824,35.9831326],[139.0822242,35.9830611],[139.0822142,35.983048],[139.0822101,35.9830427],[139.0821967,35.9830253],[139.0821461,35.9829627],[139.0821416,35.9829571],[139.0821124,35.9829198],[139.0820823,35.982884],[139.0820805,35.9828817],[139.0820766,35.9828769],[139.0820698,35.9828684],[139.0820671,35.9828651],[139.0820648,35.9828623],[139.0820602,35.9828569],[139.0820519,35.9828471],[139.0820316,35.9828223],[139.0820046,35.9827876],[139.0820043,35.9827873],[139.0819947,35.9827752],[139.0819937,35.9827757],[139.0819923,35.9827765],[139.0819526,35.9827966],[139.0819067,35.9828216],[139.0818841,35.9828338],[139.081844,35.9828547],[139.0818075,35.9828726],[139.081784,35.9828834],[139.0817818,35.9828844],[139.0817674,35.982891],[139.0817268,35.9829073],[139.0817233,35.9829088],[139.0817225,35.9829091],[139.0816931,35.9829197],[139.0816613,35.9829316],[139.0816124,35.9829481],[139.0815611,35.9829658],[139.0815262,35.9829774],[139.0814793,35.9829932],[139.0814453,35.9830047],[139.0814094,35.9830169],[139.0813822,35.9830261],[139.0813802,35.9830268],[139.0813591,35.9830337],[139.081357,35.9830355],[139.0813446,35.9830494],[139.0813442,35.9830498],[139.0813224,35.9830741],[139.0813093,35.9830881],[139.0812882,35.9830749],[139.0813012,35.9830611],[139.0813138,35.9830472],[139.0813388,35.9830196],[139.081339,35.9830192],[139.0813394,35.9830191],[139.0813529,35.9830092],[139.0813721,35.9830029],[139.081401,35.9829934],[139.08145,35.9829776],[139.0814687,35.9829715],[139.081489,35.9829649],[139.0815093,35.9829582],[139.0815138,35.9829568],[139.0815334,35.9829508],[139.0815494,35.9829456],[139.0815664,35.9829403],[139.0816033,35.9829283],[139.0816286,35.9829198],[139.0816427,35.9829151],[139.0816625,35.9829078],[139.0816824,35.9829001],[139.0817159,35.9828873],[139.0817388,35.982878],[139.0817646,35.9828669],[139.081782,35.9828589],[139.0818146,35.9828428],[139.081846,35.9828263],[139.0818553,35.9828213],[139.0818877,35.9828039],[139.0819095,35.9827929],[139.0819232,35.9827847],[139.0819467,35.9827709],[139.0819529,35.982767],[139.0819584,35.9827631],[139.0819655,35.9827565],[139.0819739,35.9827486],[139.0819477,35.9827158],[139.0819113,35.9826708],[139.0819063,35.9826648],[139.0818827,35.9826357],[139.0818156,35.9825536],[139.0818149,35.9825528],[139.0818114,35.9825487],[139.0817602,35.9824847],[139.0817242,35.9824807],[139.0816312,35.9825375],[139.081612,35.9825167],[139.0817288,35.9824452],[139.0817074,35.9824183],[139.0816773,35.9823805],[139.0816531,35.9823508],[139.081647,35.9823442],[139.0816448,35.9823457],[139.081637,35.982351],[139.0816026,35.9823715],[139.0815956,35.9823758],[139.0815551,35.9824006],[139.08154,35.9824097],[139.0815258,35.98242],[139.0815083,35.982432],[139.0814892,35.982445],[139.081456,35.9824664],[139.081454,35.9824676],[139.0814208,35.9824898],[139.0814191,35.982491],[139.0814186,35.9825208],[139.0814663,35.9825942],[139.0814276,35.98261],[139.0813826,35.9825377],[139.0813569,35.9825332],[139.0813453,35.9825412],[139.0813169,35.9825589],[139.0813082,35.9825649],[139.0812844,35.9825807],[139.0812588,35.9825975],[139.0812365,35.9826124],[139.0812284,35.9826159],[139.0812246,35.9826113],[139.0812173,35.9826015],[139.081217,35.9826016],[139.0812009,35.9826082],[139.0811886,35.9826132],[139.0811867,35.982614],[139.0811273,35.9826385],[139.0810948,35.9826512],[139.0810854,35.9826629],[139.0810888,35.9826955],[139.0810932,35.9827465],[139.0810935,35.9827502],[139.0810939,35.9827613],[139.0810673,35.9827662],[139.0810669,35.9827663],[139.0810625,35.9827672],[139.081013,35.982777],[139.0810127,35.9827771],[139.0809985,35.98278],[139.0809049,35.9827984],[139.0809045,35.9827984],[139.0809007,35.9827993],[139.0808897,35.9828017],[139.0808893,35.9828018],[139.0808883,35.982802],[139.080887,35.9828152],[139.0808853,35.9828428],[139.0808748,35.9828429],[139.0808765,35.982885],[139.0808788,35.9829349],[139.0808823,35.9829349],[139.0808827,35.982935],[139.0808827,35.9829383],[139.0808874,35.9829383],[139.0808878,35.9829383],[139.0808891,35.9829383],[139.0808895,35.9829418],[139.0809044,35.9829501],[139.0808886,35.9829527],[139.080839,35.982961],[139.0808454,35.9829516],[139.080842,35.982871],[139.0808384,35.9828299],[139.0807952,35.982822],[139.0807345,35.9828308],[139.0806714,35.9828349],[139.080671,35.9828349],[139.0806059,35.9828404],[139.0805854,35.982842],[139.0805706,35.9828432],[139.0805698,35.9828481],[139.0805657,35.9828688],[139.080545,35.9829709],[139.0805437,35.982977],[139.0805382,35.9830031],[139.0805172,35.9830859],[139.0805119,35.9831069],[139.0805035,35.983131],[139.0805062,35.9831308],[139.0805988,35.9831222],[139.0806235,35.9831198],[139.0807992,35.9831033],[139.0808533,35.9831015],[139.0808562,35.9831234],[139.0808558,35.9831234],[139.0808181,35.9831238],[139.0807867,35.983125],[139.0807819,35.9831254],[139.0806866,35.9831342],[139.0806859,35.9831353],[139.0805968,35.9831443],[139.0805463,35.98315],[139.0805454,35.9831502],[139.0805036,35.9831541],[139.0804953,35.9831549],[139.0804822,35.9831977],[139.0804785,35.9832092],[139.0804783,35.9832118],[139.0804775,35.9832163],[139.0804777,35.9832171],[139.080478,35.9832217],[139.0804983,35.983276],[139.080519788115,35.983333333333334],[139.0809818402778,35.983333333333334],[139.0810109,35.9833252],[139.0810527,35.9833126],[139.0811747,35.983289],[139.0811846,35.9832872],[139.081185,35.9832872],[139.0811924,35.9832835],[139.0811946,35.9832795],[139.0811953,35.9832755],[139.0811938,35.9832699],[139.0811759,35.9832207],[139.0811555,35.9831628],[139.0811727,35.9831603],[139.0811731,35.9831603],[139.081195,35.9832208],[139.0812141,35.9832736],[139.081218,35.9832878],[139.081219,35.9832914],[139.0812192,35.9832935],[139.0812189,35.9832959],[139.0812183,35.9832972],[139.0812164,35.9832984],[139.0812124,35.9833],[139.0811659,35.9833114],[139.08106309942028,35.983333333333334],[139.08221312951324,35.983333333333334]]],[[[139.0875,35.983333333333334],[139.0875,35.98318796547619],[139.0874947,35.9831903],[139.0874774,35.9831983],[139.0874409,35.9832181],[139.0874176,35.9832338],[139.087381,35.9832631],[139.0873376,35.9833067],[139.08731714804205,35.983333333333334],[139.0875,35.983333333333334]]]]},"properties":{"layer":"landuse","class_code":"215","class_label":"道路用地（道路、駅前広場、私有地内に存在する沿道用途の「私道」または、私有地の一部分であるものの公共の通行に供されている土地の部分）"}}]}