{"type":"FeatureCollection","properties":{"mesh_code":"53397065","source":"PLATEAU秩父市2025","layer":"landuse"},"features":[{"type":"Feature","id":"luse_e7498a6d-525a-419e-8608-277d536211ba","geometry":{"type":"Polygon","coordinates":[[[139.0641704,35.9671717],[139.0640684,35.9671331],[139.0640452,35.9671599],[139.0638403,35.9673992],[139.0637188,35.9673371],[139.0637153,35.9673354],[139.0637023,35.9673278],[139.0637137,35.967295],[139.0637501,35.967247],[139.0637797,35.9672272],[139.0637559,35.9672006],[139.0637541,35.9672012],[139.0637329,35.9672089],[139.0637326,35.9672091],[139.0637287,35.9672117],[139.0637261,35.9672133],[139.0637226,35.9672147],[139.0637205,35.9672154],[139.0637178,35.9672164],[139.0637161,35.9672167],[139.0637158,35.9672168],[139.063714,35.9672173],[139.0637137,35.9672173],[139.0637125,35.9672174],[139.063712,35.9672174],[139.0637109,35.9672172],[139.0637106,35.9672172],[139.0637091,35.9672168],[139.0637078,35.9672164],[139.0637058,35.967215],[139.0637042,35.9672138],[139.0637016,35.9672111],[139.0636932,35.9672022],[139.0636862,35.9671944],[139.0636762,35.9671873],[139.0636611,35.9671771],[139.0636403,35.9671658],[139.0636209,35.9671557],[139.0636063,35.9671505],[139.0635921,35.9671472],[139.0635429,35.9671358],[139.0635425,35.9671357],[139.063508,35.9671272],[139.0634997,35.9671442],[139.0634438,35.9671301],[139.0633514,35.9670955],[139.0632254,35.9670153],[139.0630953,35.9670133],[139.0630978,35.9669541],[139.063098,35.9669434],[139.06366,35.9669686],[139.0637444,35.9669754],[139.0638688,35.9669959],[139.0639511,35.9670146],[139.0642217,35.9671454],[139.0642031,35.9671764],[139.0642027,35.9671763],[139.0641932,35.9671741],[139.0641929,35.9671741],[139.0641811,35.9671722],[139.0641808,35.9671722],[139.0641707,35.9671717],[139.0641704,35.9671717]]]},"properties":{"layer":"landuse","class_code":"202","class_label":"畑（畑、樹園地、採草地、養鶏（牛・豚）場）"}},{"type":"Feature","id":"luse_434585d0-a9a0-40cf-8293-136d4ff244e6","geometry":{"type":"Polygon","coordinates":[[[139.0639332,35.9680828],[139.0639227,35.9680364],[139.0638176,35.9679818],[139.0637616,35.9680321],[139.0635504,35.9679329],[139.063636,35.9678429],[139.0638547,35.967927],[139.0638589,35.9679149],[139.0639647,35.9677712],[139.0642854,35.9679156],[139.0642574,35.9679539],[139.0641963,35.9680383],[139.0641695,35.9680746],[139.0641552,35.9680695],[139.0639868,35.9679939],[139.0639332,35.9680828]]]},"properties":{"layer":"landuse","class_code":"202","class_label":"畑（畑、樹園地、採草地、養鶏（牛・豚）場）"}},{"type":"Feature","id":"luse_b3aba8b3-76a6-4c3c-9d5f-39f3c3b31b50","geometry":{"type":"Polygon","coordinates":[[[139.0651429,35.9678831],[139.0654345,35.9682291],[139.0654261,35.9682258],[139.0654051,35.9682221],[139.065404,35.9682219],[139.0653974,35.9682208],[139.0653409,35.9682098],[139.0653405,35.9682097],[139.0653347,35.9682072],[139.0652933,35.9681844],[139.0652637,35.9681681],[139.06522,35.9681431],[139.0651161,35.9680839],[139.0650803,35.9680592],[139.0650706,35.9680524],[139.0650467,35.9680358],[139.0650127,35.9680124],[139.0650037,35.9680044],[139.0649975,35.9679989],[139.0649751,35.9679792],[139.0649561,35.9679594],[139.0649506,35.9679535],[139.0649423,35.9679411],[139.0649416,35.96794],[139.0649405,35.9679297],[139.064946,35.9679271],[139.0649566,35.9679211],[139.0649684,35.9679117],[139.0650875,35.9678172],[139.0651429,35.9678831]]]},"properties":{"layer":"landuse","class_code":"202","class_label":"畑（畑、樹園地、採草地、養鶏（牛・豚）場）"}},{"type":"Feature","id":"luse_e1d1bf87-039f-4105-b595-568b3147849c","geometry":{"type":"Polygon","coordinates":[[[139.0656437,35.9677974],[139.0656968,35.967839],[139.0657406,35.9678797],[139.0657843,35.9679204],[139.0659038,35.9680314],[139.0659471,35.9680742],[139.0658134,35.9681619],[139.0658413,35.968183],[139.0657172,35.9682569],[139.065705,35.9682403],[139.0655419,35.9680299],[139.0655402,35.9680278],[139.0654566,35.9679244],[139.0656349,35.9677887],[139.0656437,35.9677974]]]},"properties":{"layer":"landuse","class_code":"202","class_label":"畑（畑、樹園地、採草地、養鶏（牛・豚）場）"}},{"type":"Feature","id":"luse_86612c21-e9a6-4f0f-bffa-1f307aafce61","geometry":{"type":"Polygon","coordinates":[[[139.0654923,35.9685831],[139.0654816,35.9685885],[139.0654531,35.9686041],[139.0654169,35.9686303],[139.0654019,35.9686411],[139.0651446,35.9683999],[139.0651805,35.9683219],[139.0649702,35.968229],[139.0649083,35.968324],[139.0648405,35.968293],[139.0648005,35.9683524],[139.0647881,35.9683465],[139.0647641,35.9683355],[139.0647574,35.9683324],[139.0647402,35.9683245],[139.0646983,35.968307],[139.0646815,35.9682999],[139.0646482,35.9682883],[139.0645603,35.9682514],[139.0646286,35.9681238],[139.0647736,35.9681743],[139.0649241,35.9679479],[139.0649282,35.9679524],[139.0649403,35.9679658],[139.0649569,35.9679841],[139.0649879,35.9680152],[139.0649917,35.9680188],[139.0650009,35.9680271],[139.0650039,35.9680298],[139.065029,35.9680467],[139.0650494,35.9680605],[139.0650643,35.96807],[139.0650777,35.9680786],[139.0650859,35.9680839],[139.0650177,35.968174],[139.0652722,35.9683091],[139.065239,35.9683452],[139.0654923,35.9685831]]]},"properties":{"layer":"landuse","class_code":"202","class_label":"畑（畑、樹園地、採草地、養鶏（牛・豚）場）"}},{"type":"Feature","id":"luse_90fcc0b7-2014-4b47-99cf-28c7e1781ced","geometry":{"type":"Polygon","coordinates":[[[139.0669695,35.9685613],[139.0667532,35.9687118],[139.0667432,35.9687032],[139.0667215,35.9686854],[139.0666887,35.9686565],[139.0666492,35.9686238],[139.0665946,35.9685796],[139.0664867,35.9684908],[139.0665646,35.9684018],[139.0666199,35.9684231],[139.066704,35.9684564],[139.0667356,35.9684629],[139.066828,35.968507],[139.0669074,35.9685449],[139.0669471,35.9685544],[139.0669507,35.9685553],[139.0669611,35.9685578],[139.0669695,35.9685613]]]},"properties":{"layer":"landuse","class_code":"202","class_label":"畑（畑、樹園地、採草地、養鶏（牛・豚）場）"}},{"type":"Feature","id":"luse_4f2508f4-45e9-4457-b6ee-2534baaaab57","geometry":{"type":"Polygon","coordinates":[[[139.0650795,35.9685193],[139.0651055,35.9685422],[139.0651771,35.9686172],[139.065188,35.9686285],[139.0652298,35.9686714],[139.0652516,35.9686938],[139.0652648,35.9687097],[139.0652693,35.9687184],[139.0652723,35.9687246],[139.065273,35.9687298],[139.065272,35.968736],[139.0652574,35.9687551],[139.0652342,35.9687812],[139.0649901,35.9686049],[139.0650721,35.9685127],[139.0650795,35.9685193]]]},"properties":{"layer":"landuse","class_code":"202","class_label":"畑（畑、樹園地、採草地、養鶏（牛・豚）場）"}},{"type":"Feature","id":"luse_7bd31c53-3e4f-4429-9771-595b0046fded","geometry":{"type":"Polygon","coordinates":[[[139.064728,35.9687005],[139.064733,35.9687264],[139.0647352,35.9687381],[139.0645176,35.9688982],[139.0643832,35.9688121],[139.0644738,35.9687282],[139.064493,35.9687105],[139.0644963,35.9687063],[139.0645016,35.9686998],[139.0645087,35.9686885],[139.0645211,35.9686749],[139.0645331,35.9686617],[139.0645431,35.9686512],[139.0645922,35.9686161],[139.064728,35.9687005]]]},"properties":{"layer":"landuse","class_code":"202","class_label":"畑（畑、樹園地、採草地、養鶏（牛・豚）場）"}},{"type":"Feature","id":"luse_4e1cfde2-f060-4b87-824b-dd1efc15d985","geometry":{"type":"Polygon","coordinates":[[[139.0671647,35.9686993],[139.067186,35.9687195],[139.0672401,35.9687709],[139.0672475,35.9687788],[139.0672038,35.9688177],[139.0671849,35.9688351],[139.0671569,35.9688603],[139.0671375,35.9688781],[139.0670974,35.9689149],[139.0670816,35.9689316],[139.0670651,35.9689465],[139.0670605,35.9689538],[139.0670582,35.9689588],[139.0670558,35.9689568],[139.0670438,35.9689464],[139.0670165,35.9689243],[139.0669627,35.9688796],[139.0669414,35.9688628],[139.067151,35.968687],[139.0671647,35.9686993]]]},"properties":{"layer":"landuse","class_code":"202","class_label":"畑（畑、樹園地、採草地、養鶏（牛・豚）場）"}},{"type":"Feature","id":"luse_d6dd396d-145e-40a2-97c4-8951e759c518","geometry":{"type":"Polygon","coordinates":[[[139.0631184,35.9687094],[139.0632516,35.9687779],[139.0631118,35.9689467],[139.0630844,35.9689537],[139.06308,35.9689548],[139.0630755,35.9689559],[139.0630488,35.9689627],[139.0630485,35.9689628],[139.0629922,35.9689786],[139.0629919,35.9689787],[139.0629654,35.9689861],[139.0627528,35.9688778],[139.0627749,35.9688496],[139.0627871,35.968834],[139.0628038,35.9688124],[139.0628522,35.96875],[139.0628895,35.9687005],[139.0629075,35.9686764],[139.0629487,35.9686222],[139.0631184,35.9687094]]]},"properties":{"layer":"landuse","class_code":"202","class_label":"畑（畑、樹園地、採草地、養鶏（牛・豚）場）"}},{"type":"Feature","id":"luse_a1508602-972f-49a7-b537-cebbb8430919","geometry":{"type":"Polygon","coordinates":[[[139.0625,35.968641265032446],[139.0626084,35.9686762],[139.0625,35.96882319940653],[139.0625,35.968641265032446]]]},"properties":{"layer":"landuse","class_code":"202","class_label":"畑（畑、樹園地、採草地、養鶏（牛・豚）場）"}},{"type":"Feature","id":"luse_83a41fd1-a80e-43ad-a916-991af35c36c6","geometry":{"type":"Polygon","coordinates":[[[139.0637982,35.969152],[139.0637407,35.9692046],[139.0636722,35.9692062],[139.0634993,35.9693343],[139.0634636,35.9692847],[139.0634584,35.9692791],[139.0634362,35.9692593],[139.0634139,35.9692394],[139.0634094,35.9692354],[139.0633525,35.9691849],[139.0633493,35.9691821],[139.0633433,35.9691767],[139.0632968,35.9691363],[139.0632426,35.9690917],[139.0632194,35.9690726],[139.0631386,35.9690042],[139.063134,35.9690077],[139.0631356,35.9689915],[139.0631778,35.9689796],[139.0631781,35.9689795],[139.0632245,35.9689672],[139.0634003,35.969071],[139.0634991,35.9690132],[139.0635975,35.9690809],[139.0636558,35.9690277],[139.0637982,35.969152]]]},"properties":{"layer":"landuse","class_code":"202","class_label":"畑（畑、樹園地、採草地、養鶏（牛・豚）場）"}},{"type":"Feature","id":"luse_85d24ab0-8591-407f-a7a7-559c7d7cb2bc","geometry":{"type":"Polygon","coordinates":[[[139.0669995,35.9690647],[139.0669735,35.9690974],[139.0669703,35.9691015],[139.06692,35.9691739],[139.0668762,35.9692251],[139.0668633,35.9692373],[139.0668247,35.9692735],[139.0667788,35.9693118],[139.0667249,35.9693536],[139.0666732,35.9693955],[139.0666359,35.9694242],[139.0666226,35.9694345],[139.066499,35.9692736],[139.066494,35.969267],[139.0665,35.9692536],[139.0666687,35.96902],[139.0667062,35.9690441],[139.0667143,35.9690476],[139.0667326,35.9690534],[139.0667465,35.969054],[139.0667617,35.9690536],[139.0667763,35.9690508],[139.066782,35.969048],[139.0667889,35.9690416],[139.0668745,35.9689434],[139.066911,35.9689017],[139.0669159,35.9689057],[139.0669759,35.9689542],[139.0670165,35.9689857],[139.0670416,35.9690066],[139.0670366,35.969014],[139.0670351,35.9690161],[139.0670298,35.9690237],[139.0669995,35.9690647]]]},"properties":{"layer":"landuse","class_code":"202","class_label":"畑（畑、樹園地、採草地、養鶏（牛・豚）場）"}},{"type":"Feature","id":"luse_0d04c78a-4a89-4dc2-9af8-94586a27aa6c","geometry":{"type":"Polygon","coordinates":[[[139.0627193,35.9692541],[139.0625424,35.9694147],[139.062527,35.9694033],[139.0625,35.9693835],[139.0625,35.969171356478405],[139.0625723,35.9691515],[139.0627193,35.9692541]]]},"properties":{"layer":"landuse","class_code":"202","class_label":"畑（畑、樹園地、採草地、養鶏（牛・豚）場）"}},{"type":"Feature","id":"luse_54381658-6014-4de8-b38a-686501b6e83d","geometry":{"type":"Polygon","coordinates":[[[139.0661808,35.9695698],[139.0661125,35.969536],[139.0661091,35.9695341],[139.0660347,35.9694992],[139.0659554,35.9694585],[139.0658959,35.9694289],[139.065836,35.9693987],[139.0658337,35.9693978],[139.0658333,35.9693977],[139.0658293,35.969397],[139.065826,35.9693971],[139.0658251,35.9693971],[139.0658248,35.9693972],[139.065821,35.969398],[139.0658171,35.9693994],[139.0658138,35.9694007],[139.0658095,35.9694032],[139.0657693,35.969446],[139.0657406,35.9694279],[139.0657103,35.9694164],[139.0656816,35.9693917],[139.0656867,35.9693627],[139.0657221,35.9693076],[139.0658015,35.9692524],[139.0657377,35.969193],[139.0656361,35.969119],[139.0654447,35.9692655],[139.0653588,35.9692018],[139.0652459,35.9692838],[139.0651832,35.9692302],[139.0651595,35.9692084],[139.0654634,35.9689986],[139.065567,35.9689027],[139.0656562,35.9689691],[139.0657172,35.9689231],[139.0656231,35.96884],[139.0656325,35.9688058],[139.0658244,35.9686789],[139.0663792,35.9693494],[139.0661808,35.9695698]]]},"properties":{"layer":"landuse","class_code":"202","class_label":"畑（畑、樹園地、採草地、養鶏（牛・豚）場）"}},{"type":"Feature","id":"luse_d4c705cf-4d03-4248-aa53-a5583a302b82","geometry":{"type":"Polygon","coordinates":[[[139.0682709,35.9694396],[139.0682143,35.9694553],[139.068142,35.9694804],[139.0680661,35.9695084],[139.0680295,35.969524],[139.0679655,35.9695529],[139.0679186,35.9695773],[139.0678876,35.9695942],[139.0678481,35.9696178],[139.0678383,35.9696247],[139.0678297,35.9696194],[139.0678243,35.9696146],[139.0677304,35.9695346],[139.0677327,35.9695331],[139.0677339,35.9695324],[139.0677311,35.9695295],[139.0677328,35.9695282],[139.0677835,35.9694586],[139.0678803,35.9693258],[139.0678807,35.9693259],[139.0678938,35.9693266],[139.0679053,35.969327],[139.0679179,35.9693252],[139.0679222,35.9693236],[139.067923,35.9693234],[139.0679233,35.9693232],[139.067944,35.9693161],[139.0679506,35.9693139],[139.067969,35.9693103],[139.0679823,35.9693095],[139.0680033,35.9693113],[139.0680036,35.9693113],[139.0680814,35.9693186],[139.0680818,35.9693186],[139.06813,35.9693173],[139.0681303,35.9693172],[139.0681467,35.9693167],[139.0681674,35.969316],[139.0681512,35.9694384],[139.0682709,35.9694396]]]},"properties":{"layer":"landuse","class_code":"202","class_label":"畑（畑、樹園地、採草地、養鶏（牛・豚）場）"}},{"type":"Feature","id":"luse_ace834d7-70d5-47a5-9186-a3b68c26cf5e","geometry":{"type":"Polygon","coordinates":[[[139.0633599,35.9697854],[139.0633468,35.9697878],[139.0633296,35.9697876],[139.0633214,35.9697866],[139.0632856,35.969782],[139.0632852,35.969782],[139.0632833,35.9697815],[139.0632546,35.9697745],[139.0632227,35.9697645],[139.0631818,35.9697516],[139.0631605,35.9697401],[139.0631072,35.9697128],[139.0630885,35.9697047],[139.0630545,35.9696899],[139.0630058,35.9696674],[139.0630015,35.9696654],[139.0630025,35.9696588],[139.0630286,35.969628],[139.0630715,35.9695776],[139.0630795,35.9695652],[139.0630797,35.9695648],[139.0633345,35.9693845],[139.0633026,35.9693568],[139.0634,35.9692707],[139.0634256,35.9692974],[139.0634549,35.9693354],[139.0634817,35.9693735],[139.0635739,35.9694952],[139.0636385,35.9695518],[139.0636431,35.9695549],[139.0636424,35.9695641],[139.0636304,35.969574],[139.0635807,35.9696099],[139.0635671,35.9696182],[139.0635495,35.9696321],[139.0635166,35.969658],[139.0634976,35.9696731],[139.0633066,35.9695387],[139.0631801,35.9696532],[139.0633599,35.9697854]]]},"properties":{"layer":"landuse","class_code":"202","class_label":"畑（畑、樹園地、採草地、養鶏（牛・豚）場）"}},{"type":"Feature","id":"luse_1c36519b-fc38-4359-a3dc-b40b74005f97","geometry":{"type":"Polygon","coordinates":[[[139.0667745,35.9698703],[139.0667676,35.9698673],[139.0666724,35.9698257],[139.0666381,35.9698115],[139.0665251,35.9697627],[139.0665067,35.9697547],[139.0664808,35.9697429],[139.0664302,35.9697197],[139.066342,35.9696715],[139.0663405,35.9696708],[139.0663462,35.9696655],[139.0663993,35.9696215],[139.0665074,35.9695368],[139.0667745,35.9698703]]]},"properties":{"layer":"landuse","class_code":"202","class_label":"畑（畑、樹園地、採草地、養鶏（牛・豚）場）"}},{"type":"Feature","id":"luse_3ef807d2-d206-4dc8-8d87-a0a3576e27b3","geometry":{"type":"Polygon","coordinates":[[[139.066563,35.9697961],[139.0666268,35.9698236],[139.066663,35.9698421],[139.0666916,35.9698534],[139.0666031,35.9700226],[139.066429,35.9699532],[139.0665259,35.9697801],[139.066563,35.9697961]]]},"properties":{"layer":"landuse","class_code":"202","class_label":"畑（畑、樹園地、採草地、養鶏（牛・豚）場）"}},{"type":"Feature","id":"luse_e578c061-1f0d-4418-9716-f44185fe3e36","geometry":{"type":"Polygon","coordinates":[[[139.0644287,35.9696989],[139.064312,35.9697792],[139.0644194,35.9698785],[139.0644622,35.9699182],[139.0642235,35.9700582],[139.0641996,35.9700306],[139.0641839,35.9700125],[139.0641462,35.9699673],[139.0641418,35.969962],[139.0641093,35.969923],[139.0640652,35.9698708],[139.0640457,35.9698473],[139.0643778,35.9696497],[139.0644287,35.9696989]]]},"properties":{"layer":"landuse","class_code":"202","class_label":"畑（畑、樹園地、採草地、養鶏（牛・豚）場）"}},{"type":"Feature","id":"luse_3c756f3e-422d-47e7-882f-130c5127ba57","geometry":{"type":"Polygon","coordinates":[[[139.0685578,35.9699393],[139.0685558,35.9699437],[139.0685527,35.9699504],[139.0685391,35.9699801],[139.0685375,35.9700087],[139.0685266,35.9700697],[139.0685225,35.9701003],[139.0683558,35.9700838],[139.0683382,35.9700608],[139.0682809,35.9699982],[139.0682318,35.9699424],[139.0682302,35.9699407],[139.0681765,35.9698886],[139.068137,35.9698573],[139.0680371,35.9697773],[139.068014,35.9697588],[139.0680042,35.9697502],[139.0679862,35.9697344],[139.0679847,35.9697299],[139.0679844,35.9697235],[139.067984,35.9697161],[139.0679854,35.9697082],[139.0679882,35.9696994],[139.0679948,35.9696806],[139.0680125,35.9696493],[139.0680214,35.9696371],[139.0680299,35.9696278],[139.0680439,35.9696153],[139.0680537,35.9696071],[139.068055,35.969606],[139.0680726,35.9695938],[139.0680927,35.9695834],[139.0680951,35.9695822],[139.0681197,35.9695698],[139.0681799,35.9695451],[139.0682212,35.9695289],[139.0682764,35.9695073],[139.0683294,35.9694901],[139.0683595,35.9694838],[139.0683831,35.9694798],[139.0684459,35.9694745],[139.0684463,35.9694745],[139.0684762,35.9694719],[139.0682795,35.9698692],[139.0685578,35.9699393]]]},"properties":{"layer":"landuse","class_code":"202","class_label":"畑（畑、樹園地、採草地、養鶏（牛・豚）場）"}},{"type":"Feature","id":"luse_58fdfda9-eaef-4a2c-ac1a-8ab6cbfd6e45","geometry":{"type":"Polygon","coordinates":[[[139.0674157,35.9701644],[139.0673563,35.9701154],[139.0672243,35.9702048],[139.0671165,35.9700725],[139.06706,35.9699996],[139.0670115,35.9699347],[139.0666305,35.9694494],[139.066641,35.9694415],[139.0666764,35.9694145],[139.066726,35.9693752],[139.0667921,35.969323],[139.0668063,35.9693116],[139.0668384,35.9692832],[139.0668404,35.9692813],[139.0670893,35.969432],[139.0669775,35.9695896],[139.0670537,35.9696328],[139.0671267,35.9696614],[139.067394,35.9697605],[139.0674587,35.969653],[139.0675347,35.9694938],[139.0675479,35.9694754],[139.0675576,35.9694618],[139.0675647,35.9694591],[139.0675707,35.9694579],[139.0675767,35.9694574],[139.067577,35.9694574],[139.067581,35.9694575],[139.0675829,35.9694579],[139.0676567,35.9695224],[139.0676981,35.9695586],[139.067704,35.9695639],[139.0677955,35.969643],[139.0677904,35.9696471],[139.0677893,35.969648],[139.0677213,35.9697146],[139.0676838,35.9697562],[139.0676018,35.969862],[139.0675747,35.9699103],[139.0675529,35.9699572],[139.0675338,35.9700341],[139.0675203,35.9701366],[139.0675185,35.9701652],[139.0674157,35.9701644]]]},"properties":{"layer":"landuse","class_code":"202","class_label":"畑（畑、樹園地、採草地、養鶏（牛・豚）場）"}},{"type":"Feature","id":"luse_75a8fd67-922d-4fcd-9355-9bceb35a20da","geometry":{"type":"Polygon","coordinates":[[[139.0648713,35.9701244],[139.0648535,35.970139],[139.064784,35.9702149],[139.0647837,35.9702152],[139.0647834,35.9702154],[139.0645283,35.9699794],[139.0646571,35.9698911],[139.0648713,35.9701244]]]},"properties":{"layer":"landuse","class_code":"202","class_label":"畑（畑、樹園地、採草地、養鶏（牛・豚）場）"}},{"type":"Feature","id":"luse_105f3267-0939-47a8-a105-26c16180696c","geometry":{"type":"Polygon","coordinates":[[[139.0682329,35.9700194],[139.0681012,35.9702439],[139.0676188,35.9701154],[139.0676204,35.9701075],[139.0676329,35.9700703],[139.067662,35.9699963],[139.0676866,35.9699436],[139.067715,35.9698917],[139.0677522,35.9698279],[139.0677683,35.969807],[139.0677907,35.9697825],[139.0678553,35.9697153],[139.0678615,35.9697116],[139.0678637,35.9697111],[139.0678664,35.9697105],[139.0678782,35.9697092],[139.0678785,35.9697092],[139.0678837,35.9697093],[139.0678877,35.9697096],[139.0678915,35.9697105],[139.0679107,35.9697258],[139.0679706,35.9697747],[139.0680054,35.9698039],[139.0681076,35.9698897],[139.0681044,35.969892],[139.0681159,35.9699081],[139.0681233,35.969914],[139.0681745,35.9699605],[139.0682329,35.9700194]]]},"properties":{"layer":"landuse","class_code":"202","class_label":"畑（畑、樹園地、採草地、養鶏（牛・豚）場）"}},{"type":"Feature","id":"luse_303d8684-3c6e-4b02-a2c5-712b7c5b1d13","geometry":{"type":"Polygon","coordinates":[[[139.0656129,35.9702332],[139.0655946,35.9702251],[139.0655573,35.9702087],[139.0655342,35.9701975],[139.0654928,35.9701768],[139.0654617,35.9701594],[139.0654427,35.9701482],[139.0654422,35.9701479],[139.0654152,35.970132],[139.0653724,35.9701035],[139.0652759,35.9700372],[139.0654413,35.9698979],[139.0653026,35.9698152],[139.0653059,35.9698059],[139.0653067,35.9698008],[139.065308,35.9697918],[139.065309,35.9697842],[139.065311,35.9697699],[139.0653128,35.969755],[139.0653188,35.9697047],[139.0655345,35.9698353],[139.0655182,35.9698575],[139.0656939,35.9699638],[139.0658087,35.9698125],[139.0660811,35.9699832],[139.0661627,35.9700294],[139.0661602,35.9700393],[139.066159,35.9700438],[139.0661452,35.9700945],[139.0661425,35.9701061],[139.0659588,35.9700135],[139.0658625,35.9701459],[139.0657047,35.9700848],[139.0656129,35.9702332]]]},"properties":{"layer":"landuse","class_code":"202","class_label":"畑（畑、樹園地、採草地、養鶏（牛・豚）場）"}},{"type":"Feature","id":"luse_fdf6684d-b8bb-408a-a09a-dbf56a976b9d","geometry":{"type":"Polygon","coordinates":[[[139.069927,35.9701358],[139.0698424,35.9703217],[139.0697027,35.9702645],[139.0696404,35.9702391],[139.0697507,35.9700124],[139.0698926,35.970056],[139.0699412,35.9700709],[139.069927,35.9701358]]]},"properties":{"layer":"landuse","class_code":"202","class_label":"畑（畑、樹園地、採草地、養鶏（牛・豚）場）"}},{"type":"Feature","id":"luse_49bbc95a-5f42-44a5-a4d4-b3f2fc025f2b","geometry":{"type":"Polygon","coordinates":[[[139.0625,35.97054563803681],[139.0625,35.96986099173789],[139.0625354,35.9698895],[139.0625504,35.9699015],[139.0625,35.96994419767442],[139.0625,35.9702280444126],[139.0625103,35.9702374],[139.0626552,35.9703571],[139.062641,35.9703727],[139.0628241,35.9705444],[139.0628022,35.9705425],[139.0627756,35.970538],[139.0627753,35.9705379],[139.0627451,35.9705289],[139.0627082,35.9705184],[139.0627079,35.9705183],[139.062689,35.9705153],[139.0626693,35.9705148],[139.062655,35.9705165],[139.062651,35.970517],[139.0626264,35.9705208],[139.0626055,35.9705252],[139.0625654,35.9705367],[139.0625516,35.9705392],[139.0625513,35.9705393],[139.062536,35.9705406],[139.0625312,35.970541],[139.0625165,35.9705422],[139.062502,35.970545],[139.0625,35.97054563803681]]]},"properties":{"layer":"landuse","class_code":"202","class_label":"畑（畑、樹園地、採草地、養鶏（牛・豚）場）"}},{"type":"Feature","id":"luse_437a4389-94e2-402f-8b98-18d8b55e49da","geometry":{"type":"Polygon","coordinates":[[[139.0666079,35.970409],[139.0665135,35.9706913],[139.0665046,35.9706883],[139.0664976,35.9706844],[139.066357,35.9706085],[139.0662546,35.9705516],[139.0662388,35.9705426],[139.0663211,35.9704678],[139.0663709,35.9704005],[139.0661429,35.970299],[139.0661928,35.9700942],[139.0664718,35.9702222],[139.0665696,35.9700736],[139.0667366,35.9701257],[139.0668353,35.9699471],[139.0669878,35.9701404],[139.0669277,35.970226],[139.0668586,35.970331],[139.066799,35.9704336],[139.0666462,35.9703616],[139.0666079,35.970409]]]},"properties":{"layer":"landuse","class_code":"202","class_label":"畑（畑、樹園地、採草地、養鶏（牛・豚）場）"}},{"type":"Feature","id":"luse_38aa1055-78e9-4fb2-b228-07df1bfdc41e","geometry":{"type":"Polygon","coordinates":[[[139.0668297,35.9706811],[139.0667429,35.9707913],[139.0666991,35.9707877],[139.0666267,35.9707456],[139.0666141,35.9707317],[139.066578,35.9707111],[139.0665746,35.9707103],[139.0665667,35.9707086],[139.0666912,35.9705893],[139.0668297,35.9706811]]]},"properties":{"layer":"landuse","class_code":"202","class_label":"畑（畑、樹園地、採草地、養鶏（牛・豚）場）"}},{"type":"Feature","id":"luse_0c42e997-6c3f-48d3-ab4a-f13bc3a52175","geometry":{"type":"Polygon","coordinates":[[[139.0652189,35.9707644],[139.0653782,35.9709011],[139.0652648,35.9709791],[139.0651652,35.9709538],[139.0651665,35.9709332],[139.0651687,35.9708819],[139.0651669,35.9707813],[139.0651643,35.9707176],[139.0652189,35.9707644]]]},"properties":{"layer":"landuse","class_code":"202","class_label":"畑（畑、樹園地、採草地、養鶏（牛・豚）場）"}},{"type":"Feature","id":"luse_9839e2a8-ae7f-4796-b21a-99e6388fb554","geometry":{"type":"Polygon","coordinates":[[[139.0703372,35.9708431],[139.0704856,35.970898],[139.0704891,35.9709138],[139.0704503,35.9709883],[139.0704033,35.9710186],[139.0701688,35.9709731],[139.0701941,35.9709295],[139.0701954,35.9709267],[139.0702036,35.9709105],[139.0702083,35.9709001],[139.0702138,35.9708833],[139.0702166,35.9708686],[139.0702182,35.9708443],[139.0702176,35.970831],[139.0702786,35.9708151],[139.0703372,35.9708431]]]},"properties":{"layer":"landuse","class_code":"202","class_label":"畑（畑、樹園地、採草地、養鶏（牛・豚）場）"}},{"type":"Feature","id":"luse_d212a8af-4c22-4db0-888f-776b12cdbedd","geometry":{"type":"Polygon","coordinates":[[[139.0697754,35.9708255],[139.0696334,35.9710462],[139.0695493,35.9711771],[139.069374,35.9710784],[139.0693382,35.971057],[139.0693373,35.9710564],[139.0693129,35.9710441],[139.0692739,35.9710244],[139.0692762,35.9710098],[139.0693207,35.9709324],[139.0695002,35.9706993],[139.0697754,35.9708255]]]},"properties":{"layer":"landuse","class_code":"202","class_label":"畑（畑、樹園地、採草地、養鶏（牛・豚）場）"}},{"type":"Feature","id":"luse_174dc089-cdd7-4f85-a8a6-9d49f5244da4","geometry":{"type":"Polygon","coordinates":[[[139.0692565,35.9712112],[139.0692378,35.9712401],[139.0692039,35.9712923],[139.0691613,35.9713501],[139.0691364,35.9713824],[139.0691179,35.9714041],[139.0691118,35.9714078],[139.069106,35.9714106],[139.0690834,35.9714211],[139.0689292,35.971326],[139.0691075,35.9710935],[139.0691425,35.9711071],[139.0692004,35.971007],[139.0692201,35.9710177],[139.0692712,35.9710439],[139.0693266,35.9710723],[139.0693319,35.971075],[139.0693436,35.9710951],[139.069342,35.9710985],[139.0693281,35.9711251],[139.0693034,35.9711608],[139.069299,35.9711655],[139.069293,35.9711648],[139.0692887,35.9711643],[139.0692565,35.9712112]]]},"properties":{"layer":"landuse","class_code":"202","class_label":"畑（畑、樹園地、採草地、養鶏（牛・豚）場）"}},{"type":"Feature","id":"luse_33400db1-5f37-4c16-bd51-d03aba5064c0","geometry":{"type":"Polygon","coordinates":[[[139.0658051,35.9712974],[139.0657812,35.9713159],[139.0656293,35.9714388],[139.0655182,35.971345],[139.0656881,35.9712047],[139.0658051,35.9712974]]]},"properties":{"layer":"landuse","class_code":"202","class_label":"畑（畑、樹園地、採草地、養鶏（牛・豚）場）"}},{"type":"Feature","id":"luse_aa30a044-32fc-4c6a-aa6a-c1bb1603cec1","geometry":{"type":"Polygon","coordinates":[[[139.0654657,35.9713883],[139.065356,35.9714687],[139.0652606,35.9713667],[139.0651199,35.9714628],[139.0651194,35.9714597],[139.0651195,35.9714495],[139.0651196,35.9714436],[139.0651178,35.9713989],[139.0651236,35.9713262],[139.0651328,35.9712764],[139.0651389,35.9712429],[139.0651494,35.9711804],[139.0651495,35.9711795],[139.0651574,35.9710748],[139.0651625,35.9709958],[139.0652345,35.971019],[139.0652918,35.9710909],[139.0652084,35.9711633],[139.0652445,35.9712057],[139.0654657,35.9713883]]]},"properties":{"layer":"landuse","class_code":"202","class_label":"畑（畑、樹園地、採草地、養鶏（牛・豚）場）"}},{"type":"Feature","id":"luse_5b46061f-8206-47f5-a514-1bb164e3e0a7","geometry":{"type":"Polygon","coordinates":[[[139.0651025,35.9712843],[139.0650356,35.971324],[139.0647135,35.9715152],[139.0646501,35.971464],[139.0645797,35.9714074],[139.0645636,35.9713941],[139.0645399,35.9713746],[139.0644329,35.9712878],[139.0643616,35.9712306],[139.0643446,35.9712168],[139.064446,35.971162],[139.0642462,35.9709195],[139.0645311,35.9707647],[139.0646427,35.9708909],[139.0648756,35.9707766],[139.0649627,35.9709379],[139.0647911,35.9710201],[139.0649465,35.9711942],[139.0651204,35.9710992],[139.0651163,35.9711784],[139.0651025,35.9712843]]]},"properties":{"layer":"landuse","class_code":"202","class_label":"畑（畑、樹園地、採草地、養鶏（牛・豚）場）"}},{"type":"Feature","id":"luse_26ac762d-4edd-4083-9544-6be08ed79884","geometry":{"type":"Polygon","coordinates":[[[139.0704179,35.9716853],[139.0705844,35.9717608],[139.0704984,35.9719119],[139.0702933,35.9718248],[139.0702848,35.9717961],[139.0702891,35.9717174],[139.0702988,35.9716188],[139.0703154,35.9715473],[139.0703459,35.9714817],[139.0703869,35.9714333],[139.0705255,35.9713786],[139.0705367,35.9713856],[139.0706092,35.9714393],[139.070647,35.9714693],[139.0706499,35.9714714],[139.0706687,35.9714848],[139.07071,35.971516],[139.0706316,35.9716123],[139.0705738,35.9715819],[139.0705124,35.9715543],[139.0704179,35.9716853]]]},"properties":{"layer":"landuse","class_code":"202","class_label":"畑（畑、樹園地、採草地、養鶏（牛・豚）場）"}},{"type":"Feature","id":"luse_d5ed7272-b022-45b8-a215-95369355419d","geometry":{"type":"Polygon","coordinates":[[[139.0696607,35.9716441],[139.0696503,35.971656],[139.0696318,35.9716771],[139.0694815,35.9718429],[139.0693255,35.9720144],[139.0692485,35.9720989],[139.0692352,35.9721049],[139.0692245,35.9721055],[139.0692144,35.9721031],[139.0692075,35.9720952],[139.0691751,35.9720225],[139.0691432,35.9719497],[139.0691144,35.9718811],[139.0690836,35.9718164],[139.0690813,35.971811],[139.0690758,35.9717986],[139.0692945,35.9714958],[139.0696607,35.9716441]]]},"properties":{"layer":"landuse","class_code":"202","class_label":"畑（畑、樹園地、採草地、養鶏（牛・豚）場）"}},{"type":"Feature","id":"luse_a317cd55-2e9e-481e-849c-af21772c0c6c","geometry":{"type":"Polygon","coordinates":[[[139.0716879,35.972181],[139.0716739,35.9721873],[139.0716251,35.9722191],[139.0715828,35.9721787],[139.0715337,35.972131],[139.0715309,35.9721283],[139.0715203,35.9721178],[139.0715964,35.9720719],[139.0716456,35.9720406],[139.0716634,35.972058],[139.0717196,35.9720157],[139.0717207,35.9720096],[139.0717099,35.9719989],[139.0718004,35.9719292],[139.0718347,35.971901],[139.0718646,35.9718795],[139.071901,35.9719199],[139.0719705,35.9719968],[139.0719724,35.972006],[139.0719692,35.9720194],[139.0719598,35.9720371],[139.07192,35.9720675],[139.0717812,35.972174],[139.0717562,35.9721858],[139.0717471,35.9721878],[139.0717387,35.9721877],[139.0717196,35.9721856],[139.0717063,35.9721831],[139.0717003,35.9721811],[139.0716933,35.9721806],[139.0716879,35.972181]]]},"properties":{"layer":"landuse","class_code":"202","class_label":"畑（畑、樹園地、採草地、養鶏（牛・豚）場）"}},{"type":"Feature","id":"luse_6de2dba2-9d79-4473-9895-b47745dfdbf5","geometry":{"type":"Polygon","coordinates":[[[139.0691608,35.9721105],[139.0691761,35.972137],[139.0691789,35.9721479],[139.0691827,35.9721649],[139.0691786,35.9721816],[139.0691493,35.9722222],[139.0689057,35.9720925],[139.0688682,35.9721394],[139.0688228,35.9720597],[139.0690388,35.9718513],[139.0690599,35.971894],[139.0690739,35.9719264],[139.0690909,35.9719659],[139.0691178,35.9720272],[139.0691344,35.9720619],[139.0691486,35.9720902],[139.0691608,35.9721105]]]},"properties":{"layer":"landuse","class_code":"202","class_label":"畑（畑、樹園地、採草地、養鶏（牛・豚）場）"}},{"type":"Feature","id":"luse_f32d56b6-9e67-4959-b0bb-46635873be00","geometry":{"type":"Polygon","coordinates":[[[139.0698203,35.9721334],[139.0697694,35.9722144],[139.0697115,35.9723046],[139.0696256,35.9724355],[139.0696189,35.9724433],[139.0696124,35.9724477],[139.0696061,35.9724505],[139.0695978,35.9724516],[139.0695919,35.972447],[139.0695393,35.9724071],[139.0694949,35.9723739],[139.0694678,35.9723555],[139.0694556,35.9723464],[139.0694006,35.9723052],[139.0693195,35.972246],[139.069288,35.9722197],[139.0692758,35.9722066],[139.0692624,35.9721884],[139.069258,35.9721795],[139.0692562,35.9721693],[139.0692574,35.9721569],[139.0692631,35.9721446],[139.0692695,35.9721347],[139.0693052,35.9720923],[139.0693581,35.9720296],[139.0695141,35.9718582],[139.0696644,35.9716924],[139.0696884,35.9716658],[139.0696959,35.9716575],[139.0699887,35.971785],[139.0700263,35.9718014],[139.0700233,35.9718059],[139.0699555,35.9719129],[139.069924,35.9718971],[139.0698751,35.9718726],[139.0697499,35.9720711],[139.0697347,35.9721019],[139.0697873,35.9721212],[139.0698203,35.9721334]]]},"properties":{"layer":"landuse","class_code":"202","class_label":"畑（畑、樹園地、採草地、養鶏（牛・豚）場）"}},{"type":"Feature","id":"luse_da64940e-78a2-4c19-a5cd-b525846316ec","geometry":{"type":"Polygon","coordinates":[[[139.0718107,35.972841],[139.0718383,35.972865],[139.071758,35.9729231],[139.0717042,35.9729606],[139.0716985,35.9729594],[139.0716793,35.9729408],[139.0714628,35.9727306],[139.0714565,35.9727234],[139.071451,35.972714],[139.0714522,35.9727028],[139.0714549,35.9726967],[139.0715461,35.9726084],[139.0718107,35.972841]]]},"properties":{"layer":"landuse","class_code":"202","class_label":"畑（畑、樹園地、採草地、養鶏（牛・豚）場）"}},{"type":"Feature","id":"luse_3489cd90-5521-4206-9452-f2164e913891","geometry":{"type":"Polygon","coordinates":[[[139.0692941,35.972495],[139.0697665,35.9727957],[139.0696315,35.9729207],[139.0697182,35.9729974],[139.0695876,35.9730841],[139.0695808,35.973089],[139.0695395,35.9730469],[139.0692015,35.9727351],[139.0691012,35.9725532],[139.0691695,35.9724556],[139.0692941,35.972495]]]},"properties":{"layer":"landuse","class_code":"202","class_label":"畑（畑、樹園地、採草地、養鶏（牛・豚）場）"}},{"type":"Feature","id":"luse_7b0df8b1-258b-4458-b421-ffe7d6300c74","geometry":{"type":"Polygon","coordinates":[[[139.0725135,35.973184],[139.0724961,35.9731709],[139.0723491,35.9730568],[139.0723178,35.9730314],[139.0723134,35.9730057],[139.0723128,35.9729967],[139.0723248,35.9729875],[139.0724612,35.9728852],[139.0724707,35.9728782],[139.0725458,35.9729362],[139.0726734,35.973029],[139.072844,35.9729142],[139.0730215,35.9730839],[139.07296,35.9731226],[139.0729076,35.9731556],[139.0728768,35.9731768],[139.0726928,35.9730431],[139.0725135,35.973184]]]},"properties":{"layer":"landuse","class_code":"202","class_label":"畑（畑、樹園地、採草地、養鶏（牛・豚）場）"}},{"type":"Feature","id":"luse_f487f75e-2781-47f2-808c-537aee94f0a6","geometry":{"type":"Polygon","coordinates":[[[139.0663008,35.9729136],[139.066433,35.9730166],[139.0664489,35.9730291],[139.0664594,35.9730375],[139.0664145,35.9730698],[139.0663818,35.9730971],[139.0663669,35.9731115],[139.0663579,35.9731239],[139.0662321,35.973176],[139.0656787,35.9733711],[139.0656776,35.9733673],[139.0656531,35.9732812],[139.0656353,35.9732168],[139.0656351,35.9732162],[139.0661426,35.9730381],[139.066076,35.9729208],[139.0662245,35.9728515],[139.0663008,35.9729136]]]},"properties":{"layer":"landuse","class_code":"202","class_label":"畑（畑、樹園地、採草地、養鶏（牛・豚）場）"}},{"type":"Feature","id":"luse_a8a52832-ed5e-45f6-b178-0fd853e9c353","geometry":{"type":"Polygon","coordinates":[[[139.0655694,35.9731855],[139.0655789,35.9731891],[139.0655906,35.9731972],[139.0655971,35.973206],[139.0656228,35.9732998],[139.0656441,35.9733762],[139.0656292,35.973382],[139.0656122,35.9733892],[139.0656051,35.9733923],[139.065595,35.9733962],[139.0655385,35.9734184],[139.0654538,35.9734513],[139.0654329,35.9734593],[139.0653123,35.9732821],[139.0654344,35.9732302],[139.0655428,35.9731849],[139.065551,35.9731834],[139.0655595,35.9731833],[139.0655694,35.9731855]]]},"properties":{"layer":"landuse","class_code":"202","class_label":"畑（畑、樹園地、採草地、養鶏（牛・豚）場）"}},{"type":"Feature","id":"luse_5e35ab3b-a087-4630-9dfc-fe290867708d","geometry":{"type":"Polygon","coordinates":[[[139.0652846,35.9732391],[139.0647198,35.9734878],[139.0646942,35.9734077],[139.0645543,35.9732159],[139.0645814,35.9732064],[139.0655033,35.9728844],[139.0655042,35.972888],[139.0655176,35.9729423],[139.0653312,35.9730178],[139.0654066,35.9731871],[139.0652846,35.9732391]]]},"properties":{"layer":"landuse","class_code":"202","class_label":"畑（畑、樹園地、採草地、養鶏（牛・豚）場）"}},{"type":"Feature","id":"luse_947a6153-68f3-4439-a005-5205c374ea0c","geometry":{"type":"Polygon","coordinates":[[[139.0660786,35.9736614],[139.0659986,35.973697],[139.0659305,35.9737276],[139.0659194,35.9737327],[139.0658974,35.9737413],[139.0658497,35.9737625],[139.0658475,35.9737583],[139.0658351,35.9737355],[139.0658186,35.9737071],[139.0658163,35.9737032],[139.0658026,35.9736745],[139.0657943,35.9736596],[139.0657722,35.9736196],[139.0657582,35.9735953],[139.0657558,35.9735903],[139.065998,35.9734708],[139.0659837,35.9734425],[139.0662803,35.9733406],[139.0663838,35.9734637],[139.0664078,35.9734939],[139.0663949,35.9735203],[139.0662068,35.973606],[139.0662062,35.9736051],[139.0660786,35.9736614]]]},"properties":{"layer":"landuse","class_code":"202","class_label":"畑（畑、樹園地、採草地、養鶏（牛・豚）場）"}},{"type":"Feature","id":"luse_41005362-fca3-4906-8028-317752f251ae","geometry":{"type":"Polygon","coordinates":[[[139.0724997,35.9732087],[139.0723942,35.9732977],[139.0724946,35.9733647],[139.0722983,35.9735466],[139.0725305,35.9737062],[139.0724345,35.9738042],[139.0722561,35.97368],[139.071988,35.9738884],[139.0719635,35.9738694],[139.0719256,35.973841],[139.0719043,35.973825],[139.0718096,35.9737452],[139.0718038,35.9737404],[139.0717937,35.973733],[139.0717625,35.9737079],[139.0717535,35.9737004],[139.0717503,35.9736975],[139.0721004,35.9733978],[139.0719241,35.9732451],[139.0722353,35.9730047],[139.0722573,35.9730237],[139.0722679,35.9730328],[139.0723063,35.9730617],[139.0724382,35.9731608],[139.0724499,35.9731698],[139.0724759,35.9731902],[139.0724997,35.9732087]]]},"properties":{"layer":"landuse","class_code":"202","class_label":"畑（畑、樹園地、採草地、養鶏（牛・豚）場）"}},{"type":"Feature","id":"luse_97631650-1c9f-4d77-8d78-0601c548b6e9","geometry":{"type":"Polygon","coordinates":[[[139.072961,35.9735671],[139.0731653,35.9737065],[139.0731784,35.9737155],[139.0732045,35.9737299],[139.0732328,35.9737456],[139.0733033,35.9737847],[139.0733203,35.9737959],[139.0733259,35.9738032],[139.0733259,35.9738098],[139.0733235,35.9738439],[139.0733218,35.9738556],[139.0732905,35.973894],[139.0732403,35.9739514],[139.0732209,35.973972],[139.0731774,35.9740211],[139.0731066,35.9740975],[139.0730658,35.9741428],[139.0730212,35.9741921],[139.0728562,35.9740892],[139.0728982,35.9740355],[139.0727049,35.9739385],[139.0727583,35.9738765],[139.0727732,35.9738612],[139.0728501,35.9737823],[139.072831,35.97377],[139.0727787,35.9737405],[139.0729416,35.9735854],[139.072961,35.9735671]]]},"properties":{"layer":"landuse","class_code":"202","class_label":"畑（畑、樹園地、採草地、養鶏（牛・豚）場）"}},{"type":"Feature","id":"luse_f37099b1-af84-4317-991f-3b3e521a3d4c","geometry":{"type":"Polygon","coordinates":[[[139.0713792,35.9742317],[139.0713788,35.9742316],[139.0713387,35.974229],[139.0713194,35.9742125],[139.0712676,35.9741681],[139.0712613,35.9741607],[139.0712326,35.9741113],[139.0712267,35.9741007],[139.0711353,35.9739377],[139.0711129,35.973895],[139.0710984,35.9738663],[139.0710819,35.9738278],[139.0710804,35.9738244],[139.0711329,35.9737961],[139.0712022,35.9737522],[139.0713859,35.9735377],[139.0714411,35.9735067],[139.071491,35.9735525],[139.0716007,35.9736353],[139.0715556,35.9736751],[139.0713965,35.9738158],[139.0715287,35.9739114],[139.0715552,35.9738871],[139.0715951,35.973913],[139.0718736,35.9740983],[139.0717729,35.9741801],[139.0715983,35.9740389],[139.0713792,35.9742317]]]},"properties":{"layer":"landuse","class_code":"202","class_label":"畑（畑、樹園地、採草地、養鶏（牛・豚）場）"}},{"type":"Feature","id":"luse_958b1c1f-95d0-4e4e-9d8f-928e1beec06b","geometry":{"type":"Polygon","coordinates":[[[139.0712124,35.9741188],[139.0712294,35.9741483],[139.0712334,35.9741551],[139.0712331,35.9741555],[139.0712266,35.9741645],[139.0712119,35.9741807],[139.0711491,35.9742446],[139.0711208,35.9742707],[139.0711167,35.9742733],[139.0711001,35.9742812],[139.0708649,35.9740876],[139.0711265,35.9739656],[139.0712124,35.9741188]]]},"properties":{"layer":"landuse","class_code":"202","class_label":"畑（畑、樹園地、採草地、養鶏（牛・豚）場）"}},{"type":"Feature","id":"luse_2ffc5e18-f5cc-4724-af28-01ec12d15073","geometry":{"type":"Polygon","coordinates":[[[139.0665486,35.9742857],[139.0665483,35.9742857],[139.0665434,35.974286],[139.066535,35.9742864],[139.0665263,35.9742846],[139.0665236,35.9742841],[139.0664949,35.9742742],[139.0663737,35.9742224],[139.0663171,35.9741999],[139.0661546,35.974134],[139.0661021,35.9741149],[139.0660605,35.9740987],[139.0660524,35.9740952],[139.066035,35.9740872],[139.0660136,35.974072],[139.066018,35.9740696],[139.0660081,35.974058],[139.0660001,35.9740489],[139.0659905,35.9740333],[139.0659856,35.9740254],[139.0659826,35.9740194],[139.0659635,35.9739812],[139.0659204,35.9738947],[139.0662938,35.9737089],[139.0665087,35.9735905],[139.0666374,35.9737449],[139.0668799,35.9735183],[139.067061,35.9736688],[139.0668472,35.9738317],[139.0670845,35.97408],[139.0670533,35.974092],[139.0670066,35.9741101],[139.0668896,35.9741545],[139.0668359,35.9741734],[139.0667482,35.9742042],[139.0665782,35.9742769],[139.0665713,35.9742798],[139.0665486,35.9742857]]]},"properties":{"layer":"landuse","class_code":"202","class_label":"畑（畑、樹園地、採草地、養鶏（牛・豚）場）"}},{"type":"Feature","id":"luse_77e5874f-45f2-4cbc-bb07-f866699cc685","geometry":{"type":"Polygon","coordinates":[[[139.0712657,35.9741906],[139.0714039,35.9743237],[139.071453,35.9743701],[139.0712784,35.974519],[139.0710533,35.9743482],[139.0711183,35.9742912],[139.0711561,35.9742591],[139.0711788,35.9742396],[139.0712485,35.9741825],[139.071251,35.9741822],[139.0712555,35.9741816],[139.0712657,35.9741906]]]},"properties":{"layer":"landuse","class_code":"202","class_label":"畑（畑、樹園地、採草地、養鶏（牛・豚）場）"}},{"type":"Feature","id":"luse_4d4cd3b7-be95-4ff3-b15b-a1287ef023fc","geometry":{"type":"Polygon","coordinates":[[[139.073575,35.9744352],[139.0732712,35.9746638],[139.0731961,35.9746132],[139.0731192,35.9745611],[139.0731762,35.9745059],[139.0732415,35.9744517],[139.0732853,35.9744159],[139.073304,35.9744022],[139.0733102,35.974395],[139.0733147,35.9743848],[139.0733142,35.9743725],[139.0733082,35.9743603],[139.0733107,35.974358],[139.0733595,35.9743559],[139.0734103,35.9742963],[139.0732573,35.9741653],[139.0732562,35.974164],[139.073246,35.9741525],[139.0732282,35.9741383],[139.0731886,35.974105],[139.0731784,35.9740961],[139.0731691,35.974087],[139.0731732,35.9740811],[139.0732501,35.97399],[139.0733872,35.9740774],[139.0734916,35.9739603],[139.0734987,35.9739468],[139.0735462,35.9738562],[139.0735507,35.9738478],[139.0735916,35.9738506],[139.0736208,35.9738499],[139.0736211,35.9738498],[139.0736624,35.9738455],[139.0736982,35.9738394],[139.0737288,35.9738336],[139.0737483,35.9738299],[139.0737487,35.9738298],[139.07381,35.9738176],[139.0738487,35.9738098],[139.0738817,35.9738052],[139.073882,35.9738051],[139.0739538,35.9737971],[139.0740121,35.9737914],[139.0740278,35.9737909],[139.0740451,35.9737938],[139.0740596,35.9737961],[139.0740879,35.9738049],[139.0740989,35.9738089],[139.0740997,35.9738092],[139.0741035,35.9738182],[139.0741048,35.973825],[139.0741,35.9738394],[139.0740923,35.9738634],[139.0740892,35.9738734],[139.0740847,35.9738846],[139.0740197,35.9740311],[139.0740084,35.9740527],[139.0739959,35.9740708],[139.0739825,35.9740937],[139.073968,35.9741187],[139.0739593,35.9741364],[139.0739523,35.9741585],[139.0739516,35.9741605],[139.0739488,35.9741777],[139.0739458,35.9742153],[139.073947,35.9742713],[139.0739506,35.9743042],[139.0739572,35.974334],[139.0739603,35.9743554],[139.0739563,35.9743673],[139.0739527,35.9743748],[139.0739474,35.9743827],[139.0739262,35.9743972],[139.0738187,35.974475],[139.0738077,35.9744841],[139.0738001,35.9744803],[139.0736605,35.9743443],[139.073575,35.9744352]]]},"properties":{"layer":"landuse","class_code":"202","class_label":"畑（畑、樹園地、採草地、養鶏（牛・豚）場）"}},{"type":"Feature","id":"luse_f0d279f7-a031-47e4-8f0d-2776bf283a95","geometry":{"type":"Polygon","coordinates":[[[139.067571,35.9746247],[139.0674886,35.9747683],[139.0674733,35.9747603],[139.0673271,35.9746831],[139.0672912,35.9746636],[139.0672586,35.9746462],[139.0671807,35.9746043],[139.0671294,35.9745767],[139.0671156,35.9745691],[139.0670832,35.9745529],[139.0670729,35.9745476],[139.0670726,35.9745475],[139.067255,35.9743827],[139.067571,35.9746247]]]},"properties":{"layer":"landuse","class_code":"202","class_label":"畑（畑、樹園地、採草地、養鶏（牛・豚）場）"}},{"type":"Feature","id":"luse_04f06eaf-5057-40ad-b613-27a3a681403b","geometry":{"type":"Polygon","coordinates":[[[139.0722725,35.9746082],[139.0721528,35.9747834],[139.0722799,35.9748595],[139.0722408,35.9749131],[139.072224,35.9749149],[139.0721399,35.9748571],[139.0721041,35.9748324],[139.0721003,35.9748297],[139.0720762,35.974813],[139.0720014,35.9747555],[139.0719588,35.9747227],[139.0719307,35.9747023],[139.0720462,35.9745777],[139.0719705,35.9745176],[139.0719261,35.974565],[139.0717715,35.9744529],[139.0718695,35.9743553],[139.0720328,35.9744681],[139.0721422,35.9743577],[139.0723596,35.9744807],[139.0722725,35.9746082]]]},"properties":{"layer":"landuse","class_code":"202","class_label":"畑（畑、樹園地、採草地、養鶏（牛・豚）場）"}},{"type":"Feature","id":"luse_fd04ebce-16e8-49ba-b6e1-16127cb3565e","geometry":{"type":"Polygon","coordinates":[[[139.0737222,35.974727],[139.0738065,35.9747888],[139.0738688,35.9748365],[139.0738712,35.9748412],[139.0738703,35.974843],[139.0738698,35.9748459],[139.0737274,35.9749748],[139.0737055,35.9749601],[139.073628,35.9749057],[139.0735248,35.9748306],[139.0734856,35.9748046],[139.0734838,35.9748036],[139.0734705,35.974795],[139.0735614,35.9747244],[139.0736395,35.9746598],[139.0737222,35.974727]]]},"properties":{"layer":"landuse","class_code":"202","class_label":"畑（畑、樹園地、採草地、養鶏（牛・豚）場）"}},{"type":"Feature","id":"luse_266fc94f-04ad-4953-9f8c-bbbffabc015f","geometry":{"type":"Polygon","coordinates":[[[139.0709992226252,35.975],[139.07087893103449,35.975],[139.0708256,35.9749593],[139.0707302,35.9748874],[139.0706156,35.9748011],[139.0706126,35.9747989],[139.0706057,35.9747935],[139.0706592,35.9747424],[139.070735,35.97467],[139.0707325,35.9746682],[139.0709227,35.9744826],[139.0709806,35.9744184],[139.0714194,35.9747656],[139.071233,35.9749436],[139.0711421,35.9748756],[139.0709992226252,35.975]]]},"properties":{"layer":"landuse","class_code":"202","class_label":"畑（畑、樹園地、採草地、養鶏（牛・豚）場）"}},{"type":"Feature","id":"luse_4cd86067-df46-4f5b-8479-4bc1dc0d89f3","geometry":{"type":"Polygon","coordinates":[[[139.0726902,35.9747249],[139.0725016,35.9749693],[139.07254465195314,35.975],[139.07234623162057,35.975],[139.072335,35.9749926],[139.0723086,35.9749752],[139.0722623,35.9749419],[139.0722612,35.9749321],[139.0722601,35.9749222],[139.0723083,35.9748561],[139.0723714,35.9747625],[139.0724573,35.9746995],[139.0725166,35.9746136],[139.0726902,35.9747249]]]},"properties":{"layer":"landuse","class_code":"202","class_label":"畑（畑、樹園地、採草地、養鶏（牛・豚）場）"}},{"type":"Feature","id":"luse_14fada31-bb1d-46f5-8584-3ec8bafa880e","geometry":{"type":"Polygon","coordinates":[[[139.0734475,35.974841],[139.0734375,35.974854],[139.0733729,35.9749398],[139.0733295085598,35.975],[139.07293541380753,35.975],[139.0728323,35.9749393],[139.0728184,35.9749202],[139.072862,35.974884],[139.0729647,35.9747967],[139.0729938,35.9747721],[139.0730734,35.9747049],[139.0730947,35.9746875],[139.073125,35.9746616],[139.0731335,35.9746549],[139.0731441,35.9746464],[139.0731457,35.9746457],[139.0731466,35.9746453],[139.0731507,35.9746451],[139.0731551,35.9746463],[139.0731636,35.9746514],[139.0732001,35.9746753],[139.0732124,35.9746835],[139.0732801,35.9747296],[139.0732834,35.9747319],[139.0733147,35.9747548],[139.0733253,35.9747635],[139.0733498,35.97478],[139.0733609,35.9747867],[139.0734207,35.9748236],[139.0734261,35.9748269],[139.0734475,35.974841]]]},"properties":{"layer":"landuse","class_code":"202","class_label":"畑（畑、樹園地、採草地、養鶏（牛・豚）場）"}},{"type":"Feature","id":"luse_6259bf98-df7f-41f7-bf13-61b7118fc424","geometry":{"type":"Polygon","coordinates":[[[139.0670339,35.9749333],[139.06712843837536,35.975],[139.06692415525674,35.975],[139.066897,35.9749771],[139.0667759,35.9748488],[139.0668344,35.9747906],[139.0669028,35.9747174],[139.0669561,35.9746571],[139.0669674,35.9746453],[139.0669874,35.9746241],[139.0670156,35.974598],[139.0670196,35.974595],[139.0670371,35.9745842],[139.0670515,35.9745762],[139.0670675,35.9745836],[139.067099,35.9745982],[139.0671291,35.9746153],[139.0674706,35.9748003],[139.0674401,35.974854],[139.0674323,35.974863],[139.0673678,35.9749283],[139.0673507,35.9749457],[139.0673271,35.9749681],[139.0673222,35.9749731],[139.0673192,35.9749774],[139.0673179,35.9749793],[139.0673149,35.9749876],[139.0673127,35.9749966],[139.0673086,35.9749814],[139.067116,35.9748504],[139.0670339,35.9749333]]]},"properties":{"layer":"landuse","class_code":"202","class_label":"畑（畑、樹園地、採草地、養鶏（牛・豚）場）"}},{"type":"Feature","id":"luse_a89710d2-350d-40ad-87e5-47b8a9f433c8","geometry":{"type":"Polygon","coordinates":[[[139.075,35.97483306506848],[139.0749235,35.974777],[139.0749313,35.9747693],[139.0749907,35.9747104],[139.075,35.97470071250001],[139.075,35.97483306506848]]]},"properties":{"layer":"landuse","class_code":"202","class_label":"畑（畑、樹園地、採草地、養鶏（牛・豚）場）"}},{"type":"Feature","id":"luse_91be334f-1a5a-4431-b1d2-de68b33179df","geometry":{"type":"Polygon","coordinates":[[[139.0718688401208,35.975],[139.0717014,35.9748636],[139.0718799,35.974692],[139.0719,35.9747073],[139.0719935,35.9747759],[139.0721259,35.9748699],[139.0722816,35.9749783],[139.0723074,35.9749963],[139.0723036231454,35.975],[139.0718688401208,35.975]]]},"properties":{"layer":"landuse","class_code":"202","class_label":"畑（畑、樹園地、採草地、養鶏（牛・豚）場）"}},{"type":"Feature","id":"luse_cd5a406b-dc32-4b3d-9e05-78fd37bb13cd","geometry":{"type":"Polygon","coordinates":[[[139.06923235833332,35.975],[139.0695332,35.9747223],[139.0696285,35.9747899],[139.0697627,35.9746456],[139.0698797,35.9747236],[139.0700302,35.9745429],[139.0700388,35.9745491],[139.0700577,35.974563],[139.070066,35.9745679],[139.0700814,35.9745768],[139.0701622,35.9746202],[139.0702374,35.9746612],[139.0702411,35.9746633],[139.0699313,35.9749973],[139.0699285316456,35.975],[139.06923235833332,35.975]]]},"properties":{"layer":"landuse","class_code":"202","class_label":"畑（畑、樹園地、採草地、養鶏（牛・豚）場）"}},{"type":"Feature","id":"luse_e711fb29-ecf9-4f47-ac18-8503c921582d","geometry":{"type":"Polygon","coordinates":[[[139.07173774812065,35.975],[139.07154877456648,35.975],[139.0716279,35.9749176],[139.07173774812065,35.975]]]},"properties":{"layer":"landuse","class_code":"202","class_label":"畑（畑、樹園地、採草地、養鶏（牛・豚）場）"}},{"type":"Feature","id":"luse_95db0ade-b5ea-40e9-ae4d-02707185f257","geometry":{"type":"Polygon","coordinates":[[[139.06417509100802,35.96666666666667],[139.0642051,35.9667271],[139.0642403,35.9667707],[139.0642393,35.9667702],[139.0642187,35.966766],[139.0642183,35.966766],[139.0641916,35.9667641],[139.0641577,35.9667627],[139.064131,35.9667606],[139.0641307,35.9667605],[139.0641198,35.9667577],[139.0641008,35.9667501],[139.0641005,35.96675],[139.0640635,35.9667381],[139.0640631,35.966738],[139.0640493,35.966736],[139.0640458,35.9667363],[139.0640341,35.9667375],[139.0640213,35.9667389],[139.0640208,35.966739],[139.0640002,35.9667416],[139.0639724,35.966744],[139.063972,35.966744],[139.0639577,35.9667443],[139.0639441,35.9667446],[139.0639063,35.9667466],[139.063889,35.9667483],[139.0638819,35.9667489],[139.0638581,35.9667514],[139.0638354,35.9667554],[139.0638136,35.9667598],[139.0638132,35.9667599],[139.0637926,35.9667647],[139.0637922,35.9667648],[139.0637844,35.9667662],[139.0637765,35.9667667],[139.063768,35.9667659],[139.063757,35.9667637],[139.0637135,35.966754],[139.0636923,35.9667493],[139.06369,35.9667475],[139.0636875,35.9667441],[139.0636862,35.9667393],[139.0636858,35.9667346],[139.0636864,35.9667277],[139.0636878,35.9667216],[139.0636978,35.9666953],[139.06371049751985,35.96666666666667],[139.0636845994692,35.96666666666667],[139.0636752,35.9666879],[139.0636625,35.9667114],[139.0636472,35.9667328],[139.063643,35.9667365],[139.0636393,35.9667386],[139.063639,35.9667387],[139.063628,35.9667433],[139.0636146,35.9667458],[139.0636143,35.9667459],[139.0636054,35.9667474],[139.063605,35.9667474],[139.0635779,35.966746],[139.0635197,35.9667365],[139.0635194,35.9667364],[139.0633667,35.9667125],[139.0633663,35.9667125],[139.0632705,35.9666975],[139.0632702,35.9666974],[139.06310521960347,35.96666666666667],[139.06417509100802,35.96666666666667]]]},"properties":{"layer":"landuse","class_code":"203","class_label":"山林（樹林地）"}},{"type":"Feature","id":"luse_c9cbca9e-8abc-438e-873b-a8f27a77892a","geometry":{"type":"Polygon","coordinates":[[[139.0630644,35.9668391],[139.0630316,35.9668601],[139.0630253,35.9668688],[139.0629456,35.9668684],[139.0627588,35.9668675],[139.0625,35.96686792966243],[139.0625,35.96666666666667],[139.06285262447554,35.96666666666667],[139.0628667,35.9666712],[139.0629017,35.9666936],[139.0629786,35.966713],[139.0629939,35.966721],[139.0630072,35.9667296],[139.063038,35.9667546],[139.0630433,35.9667587],[139.0630487,35.9667638],[139.0630532,35.9667723],[139.0630576,35.9667826],[139.0630598,35.9667936],[139.0630626,35.9668137],[139.0630634,35.9668214],[139.0630644,35.9668391]]]},"properties":{"layer":"landuse","class_code":"203","class_label":"山林（樹林地）"}},{"type":"Feature","id":"luse_2d455bc0-7999-4908-9d14-e477afe5a2e4","geometry":{"type":"Polygon","coordinates":[[[139.0644323,35.9669793],[139.0644325,35.9669795],[139.0644214,35.9669938],[139.0643742,35.9670535],[139.064203,35.9670054],[139.0641508,35.9669881],[139.0640548,35.9669628],[139.0638913,35.9669205],[139.063869,35.9669167],[139.06382,35.9669089],[139.0637596,35.9668995],[139.0637475,35.9668981],[139.0637281,35.9668957],[139.0636621,35.9668886],[139.0636229,35.9668852],[139.0635019,35.966877],[139.0633754,35.9668728],[139.0633222,35.9668711],[139.0633088,35.9668706],[139.0632996,35.9668707],[139.0632737,35.9668713],[139.0632329,35.9668715],[139.0631332,35.9668712],[139.0631322,35.96686],[139.0631003,35.9668429],[139.0631004,35.9668401],[139.0631004,35.9668206],[139.0630976,35.9667788],[139.0630952,35.9667506],[139.0630981,35.9667316],[139.0631021,35.9667283],[139.0631126,35.9667219],[139.0631176,35.9667193],[139.0631179,35.9667192],[139.0631269,35.966716],[139.0631318,35.9667147],[139.0631322,35.9667147],[139.0631404,35.9667134],[139.0631472,35.9667134],[139.0632139,35.9667244],[139.0634733,35.9667734],[139.0634737,35.9667734],[139.0636104,35.9667891],[139.0636108,35.9667891],[139.0636264,35.9667903],[139.0636319,35.9667904],[139.0636323,35.9667904],[139.063638,35.9667897],[139.0636434,35.9667882],[139.0636568,35.9667814],[139.0636641,35.966776],[139.06367,35.9667707],[139.0636756,35.9667655],[139.0636801,35.9667614],[139.063685,35.9667587],[139.0636892,35.9667579],[139.0637108,35.9667627],[139.0637545,35.9667725],[139.063765,35.9667746],[139.0637653,35.9667747],[139.0637765,35.9667757],[139.0637861,35.9667749],[139.0637947,35.9667736],[139.0638162,35.9667686],[139.0638379,35.9667642],[139.0638598,35.9667603],[139.0638602,35.9667603],[139.063883,35.9667579],[139.0639071,35.9667556],[139.0639074,35.9667556],[139.0639446,35.9667536],[139.063958,35.9667533],[139.0639729,35.966753],[139.0639805,35.9667524],[139.0640014,35.9667506],[139.0640018,35.9667505],[139.0640226,35.9667479],[139.0640229,35.9667479],[139.0640354,35.9667465],[139.0640358,35.9667465],[139.0640396,35.9667466],[139.0640486,35.9667468],[139.0640605,35.9667489],[139.0640952,35.9667598],[139.064115,35.9667677],[139.0641281,35.9667712],[139.0641564,35.9667735],[139.0641567,35.9667735],[139.0641907,35.966775],[139.0641946,35.9667752],[139.0642163,35.9667767],[139.0642344,35.9667804],[139.0642485,35.9667869],[139.0642583,35.9667928],[139.0642586,35.9667933],[139.0643223,35.9668721],[139.0644323,35.9669793]]]},"properties":{"layer":"landuse","class_code":"203","class_label":"山林（樹林地）"}},{"type":"Feature","id":"luse_744df11b-e14c-40fc-b5b2-861dfe1242e4","geometry":{"type":"Polygon","coordinates":[[[139.0732454,35.9681639],[139.0732311,35.9681754],[139.0732251,35.9681924],[139.0732323,35.9682072],[139.0732426,35.9682151],[139.0735115,35.9683104],[139.0735255,35.9683214],[139.0735286,35.9683274],[139.0735286,35.9683433],[139.0735232,35.9683497],[139.0735134,35.9683526],[139.0735131,35.9683527],[139.0733657,35.9683637],[139.0731394,35.9683802],[139.0729635,35.9684039],[139.072963,35.968404],[139.0727413,35.9684348],[139.0727374,35.9684345],[139.0727323,35.9684342],[139.0727315,35.968434],[139.0727021,35.9684235],[139.0733353,35.9680891],[139.0733978,35.9681666],[139.0734018,35.9681707],[139.0734019,35.9681736],[139.0734014,35.9681766],[139.073401,35.9681766],[139.0733957,35.968177],[139.0732672,35.9681636],[139.0732669,35.9681635],[139.0732454,35.9681639]]]},"properties":{"layer":"landuse","class_code":"203","class_label":"山林（樹林地）"}},{"type":"Feature","id":"luse_bdf9f4d3-7c33-44c3-b5ec-12c3c768253f","geometry":{"type":"Polygon","coordinates":[[[139.0717412,35.9712457],[139.0717451,35.971259],[139.0717475,35.9712645],[139.0717615,35.9712759],[139.0717619,35.9712763],[139.0717685,35.9712815],[139.0718221,35.9713234],[139.0718879,35.9713739],[139.0719501,35.9714189],[139.0719826,35.9714315],[139.0720108,35.9714468],[139.0720413,35.9714734],[139.072067,35.9714936],[139.0720746,35.9715081],[139.0720762,35.9715167],[139.0720084,35.9715321],[139.0719278,35.9714637],[139.0718526,35.9713959],[139.0717686,35.9713068],[139.0717304,35.9712599],[139.0717374,35.9712426],[139.0717412,35.9712457]]]},"properties":{"layer":"landuse","class_code":"203","class_label":"山林（樹林地）"}},{"type":"Feature","id":"luse_37b5599a-0e1c-4b25-a6df-0ae1f8a39c7a","geometry":{"type":"Polygon","coordinates":[[[139.0726693,35.9721109],[139.0726841,35.9721259],[139.072697,35.9721355],[139.0726992,35.9721373],[139.0727143,35.9721471],[139.0727165,35.9721491],[139.0727299,35.9721612],[139.0727337,35.9721792],[139.0727259,35.9721842],[139.0727187,35.9721889],[139.0727057,35.9721953],[139.0726962,35.9721982],[139.0726699,35.9722089],[139.0726535,35.9722199],[139.0726477,35.9722236],[139.0725962,35.972268],[139.0725902,35.9722731],[139.072578,35.9722605],[139.0724245,35.9720967],[139.0722432,35.972198],[139.0722009,35.9722254],[139.0719,35.97185],[139.0720093,35.9717177],[139.0720234,35.9717079],[139.0719091,35.9715971],[139.0719207,35.971589],[139.0719692,35.9715779],[139.0719695,35.9715778],[139.0719715,35.9715775],[139.0720934,35.9715536],[139.0721067,35.9715699],[139.0721095,35.9715732],[139.072141,35.9716081],[139.0721771,35.9716362],[139.0722455,35.9716856],[139.0722758,35.9717038],[139.0723116,35.971725],[139.0723205,35.9717337],[139.0723444,35.9717654],[139.0723613,35.9717893],[139.0723871,35.9718175],[139.0724168,35.9718489],[139.0724309,35.9718659],[139.0724635,35.9719019],[139.0724975,35.9719468],[139.0725238,35.9719811],[139.0725287,35.9719888],[139.0725401,35.9720057],[139.072546,35.9720126],[139.0725508,35.9720179],[139.0725562,35.9720233],[139.0725624,35.972028],[139.0725668,35.9720315],[139.0725794,35.9720394],[139.0726058,35.9720594],[139.0726273,35.9720771],[139.0726527,35.9720961],[139.0726693,35.9721109]]]},"properties":{"layer":"landuse","class_code":"203","class_label":"山林（樹林地）"}},{"type":"Feature","id":"luse_1ed70798-7b61-4c5b-bb44-e7955f3e544e","geometry":{"type":"Polygon","coordinates":[[[139.0643973,35.9739242],[139.0642867,35.9739843],[139.0642638,35.9740807],[139.0642445,35.9742594],[139.0642568,35.9743489],[139.0644221,35.9745467],[139.0645659,35.9746908],[139.0647097,35.9748383],[139.0647087,35.9749421],[139.0645718,35.9749948],[139.0643607,35.9749756],[139.0641288,35.9748418],[139.0639805,35.9747085],[139.0638194,35.974525],[139.0637594,35.9743601],[139.0637878,35.9743073],[139.0639933,35.9739181],[139.0640898,35.9738025],[139.0639882,35.9736885],[139.0640111,35.9735933],[139.063839,35.9731868],[139.0637164,35.9729714],[139.0636432,35.972959],[139.0635345,35.9729947],[139.0635002,35.9729275],[139.0634587,35.9728407],[139.0634001,35.972688],[139.0633011,35.9724317],[139.0632077,35.9721955],[139.0631627,35.9720576],[139.0631445,35.9719968],[139.0631434,35.971993],[139.0631401,35.9719672],[139.0631426,35.971955],[139.0631484,35.9719436],[139.0631617,35.9719307],[139.0631692,35.9719252],[139.0631912,35.9719153],[139.0632126,35.9719109],[139.0632323,35.9719106],[139.0632485,35.9719117],[139.0632553,35.9719133],[139.0632715,35.9719248],[139.0634252,35.9720987],[139.0637645,35.9725516],[139.0641809,35.9731021],[139.064357,35.9733404],[139.0643798,35.9733747],[139.0644161,35.9734483],[139.0644418,35.9735082],[139.0644799,35.9735931],[139.0645135,35.9736703],[139.064537,35.9737146],[139.0645481,35.9737342],[139.0645708,35.9737685],[139.0645744,35.9737753],[139.0645845,35.9737942],[139.0645921,35.9738025],[139.0646169,35.9738298],[139.064665,35.973869],[139.064693,35.973891],[139.0647828,35.9739555],[139.0648114,35.9739735],[139.0646746,35.973926],[139.0646044,35.9739005],[139.0644989,35.9738926],[139.0643973,35.9739242]]]},"properties":{"layer":"landuse","class_code":"203","class_label":"山林（樹林地）"}},{"type":"Feature","id":"luse_1b4ac151-b3b1-4ce0-9831-056c29b114e3","geometry":{"type":"Polygon","coordinates":[[[139.06346916116505,35.975],[139.0634582,35.9748871],[139.0634839,35.974927],[139.0634997,35.9749422],[139.06356342565863,35.975],[139.06346916116505,35.975]]]},"properties":{"layer":"landuse","class_code":"203","class_label":"山林（樹林地）"}},{"type":"Feature","id":"luse_3784a086-886b-47e7-b552-465aead95bab","geometry":{"type":"Polygon","coordinates":[[[139.0625,35.975],[139.0625,35.974879119525546],[139.0625249,35.9748828],[139.0625949,35.9749211],[139.0626504,35.974955],[139.0626175,35.9749861],[139.0626028409943,35.975],[139.0625,35.975]]]},"properties":{"layer":"landuse","class_code":"204","class_label":"水面（河川水面、湖沼、ため池、用水路、濠、運河水面）"}},{"type":"Feature","id":"luse_4a216aee-cf9b-473b-b29e-f134d6007adf","geometry":{"type":"Polygon","coordinates":[[[139.06271846628076,35.975],[139.062721,35.9749976],[139.0627250424779,35.975],[139.06271846628076,35.975]]]},"properties":{"layer":"landuse","class_code":"204","class_label":"水面（河川水面、湖沼、ため池、用水路、濠、運河水面）"}},{"type":"Feature","id":"luse_f3a30e70-fee3-4666-a5c8-ebe1245ae1f9","geometry":{"type":"Polygon","coordinates":[[[139.0628368,35.9743533],[139.0630559,35.9744881],[139.0630951,35.9745335],[139.0630506,35.9745758],[139.0627968,35.9748163],[139.0626504,35.974955],[139.0625949,35.9749211],[139.0625249,35.9748828],[139.0625,35.974879119525546],[139.0625,35.974216442867736],[139.0625667,35.9742438],[139.0628368,35.9743533]]]},"properties":{"layer":"landuse","class_code":"205","class_label":"その他自然地（原野・牧野、荒れ地（耕作放棄地等自然的状況のもの）、低湿地、河川敷・河原、海浜、湖岸）"}},{"type":"Feature","id":"luse_c417eb2e-2043-48d5-84f3-b2e1bb13a7df","geometry":{"type":"Polygon","coordinates":[[[139.0627250424779,35.975],[139.062721,35.9749976],[139.062861,35.9748649],[139.0632005,35.9745431],[139.0632162,35.9745549],[139.0632624,35.9746045],[139.0633748,35.9747576],[139.0634582,35.9748871],[139.06346916116505,35.975],[139.0627250424779,35.975]]]},"properties":{"layer":"landuse","class_code":"205","class_label":"その他自然地（原野・牧野、荒れ地（耕作放棄地等自然的状況のもの）、低湿地、河川敷・河原、海浜、湖岸）"}},{"type":"Feature","id":"luse_5fbc5bb9-0b4a-4139-bd44-5d2587c7dc21","geometry":{"type":"Polygon","coordinates":[[[139.0634111,35.9672806],[139.063396,35.9672822],[139.0633956,35.9672822],[139.0633832,35.9672837],[139.063338,35.9672977],[139.0633103,35.9673055],[139.0632617,35.967301],[139.0632311,35.967274],[139.0631411,35.9671907],[139.0631299,35.9671764],[139.0631211,35.9671599],[139.0631171,35.9671509],[139.0631123,35.9671404],[139.0631053,35.9671214],[139.0630939,35.9670832],[139.0630953,35.9670133],[139.0632254,35.9670153],[139.0633514,35.9670955],[139.0634438,35.9671301],[139.0634111,35.9672806]]]},"properties":{"layer":"landuse","class_code":"211","class_label":"住宅用地（住宅、共同住宅、店舗等併用住宅、店舗等併用共同住宅、作業所併用住宅）"}},{"type":"Feature","id":"luse_f3f5af82-d893-4a8b-8625-673cbf093e89","geometry":{"type":"Polygon","coordinates":[[[139.0630479,35.967269],[139.0630383,35.9672783],[139.0630099,35.9673061],[139.0629856,35.9673324],[139.0629445,35.9673763],[139.0629381,35.9673794],[139.062931,35.9673809],[139.0629263,35.9673812],[139.0629242,35.9673811],[139.0629222,35.967381],[139.0629187,35.9673805],[139.0629183,35.9673805],[139.0629153,35.9673797],[139.0628374,35.9673315],[139.062835,35.9673299],[139.0627852,35.9673],[139.0627552,35.9672818],[139.0627539,35.967281],[139.0627364,35.9672701],[139.0627209,35.9672624],[139.0627045,35.9672591],[139.0627041,35.9672591],[139.0626985,35.9672584],[139.062687,35.967257],[139.0626866,35.967257],[139.0626707,35.9672589],[139.0626576,35.9672609],[139.0626318,35.9672672],[139.0626134,35.967272],[139.0625715,35.967283],[139.0625712,35.9672831],[139.0625194,35.967297],[139.0625,35.967302235215314],[139.0625,35.96720933827924],[139.0626261,35.9671866],[139.0628681,35.9671044],[139.0628647,35.967095],[139.062875,35.9670945],[139.0630257,35.9671154],[139.0630285,35.9670265],[139.063028,35.9669447],[139.0630279,35.9669403],[139.0630601,35.9669417],[139.0630578,35.9669564],[139.0630537,35.9669806],[139.0630467,35.9670172],[139.0630441,35.9670483],[139.0630496,35.9671125],[139.0630576,35.9671235],[139.0630749,35.9671514],[139.0630858,35.9671714],[139.0631091,35.9672074],[139.0631101,35.9672083],[139.0631083,35.9672101],[139.0630479,35.967269]]]},"properties":{"layer":"landuse","class_code":"211","class_label":"住宅用地（住宅、共同住宅、店舗等併用住宅、店舗等併用共同住宅、作業所併用住宅）"}},{"type":"Feature","id":"luse_a1000d21-759c-44e5-8c88-d780670d3665","geometry":{"type":"Polygon","coordinates":[[[139.0642057,35.9671972],[139.0642144,35.967202],[139.0642227,35.9672072],[139.0642316,35.9672172],[139.0642358,35.9672225],[139.064207,35.9672609],[139.0641705,35.9673075],[139.0641451,35.9673399],[139.0640349,35.9674806],[139.0640199,35.9674841],[139.0639928,35.9674713],[139.0638403,35.9673992],[139.0640452,35.9671599],[139.0640684,35.9671331],[139.0641704,35.9671717],[139.0641557,35.9671715],[139.0641405,35.9671733],[139.0641274,35.9671757],[139.0641316,35.9671934],[139.0641446,35.9671911],[139.0641572,35.9671895],[139.0641699,35.9671897],[139.0641704,35.9671897],[139.0641783,35.9671901],[139.0641882,35.9671917],[139.0641906,35.9671922],[139.0641955,35.9671933],[139.0642057,35.9671972]]]},"properties":{"layer":"landuse","class_code":"211","class_label":"住宅用地（住宅、共同住宅、店舗等併用住宅、店舗等併用共同住宅、作業所併用住宅）"}},{"type":"Feature","id":"luse_1d1453fd-2f14-4f14-bc35-e900ce204005","geometry":{"type":"Polygon","coordinates":[[[139.0654408,35.9673559],[139.0654766,35.967361],[139.0655824,35.9674312],[139.0655878,35.9674386],[139.0654394,35.967543],[139.065439,35.967543],[139.0654341,35.9675437],[139.0653895,35.9674977],[139.0653499,35.9674571],[139.0653492,35.9674565],[139.0653122,35.9674197],[139.0653108,35.9674189],[139.0653104,35.9674187],[139.0652299,35.967371],[139.0651903,35.9673466],[139.0651832,35.9673422],[139.065155,35.9673178],[139.0651541,35.9673171],[139.0651407,35.9673094],[139.0654408,35.9673559]]]},"properties":{"layer":"landuse","class_code":"211","class_label":"住宅用地（住宅、共同住宅、店舗等併用住宅、店舗等併用共同住宅、作業所併用住宅）"}},{"type":"Feature","id":"luse_7544ed7b-352f-442a-8bfc-eeb58db4daaa","geometry":{"type":"Polygon","coordinates":[[[139.0649152,35.9679052],[139.0649066,35.9679111],[139.0648568,35.9678832],[139.0647496,35.9678237],[139.0647343,35.9678151],[139.064733,35.9678112],[139.0647331,35.9678054],[139.0647358,35.9677992],[139.0647391,35.9677944],[139.064746,35.9677851],[139.0647556,35.9677734],[139.0647358,35.9677628],[139.0647069,35.9677908],[139.0646901,35.9677828],[139.0646767,35.9677763],[139.0645665,35.9677228],[139.0644916,35.9676866],[139.0644991,35.9676757],[139.0644558,35.967655],[139.0644506,35.9676597],[139.0644437,35.9676637],[139.0644401,35.967665],[139.0644355,35.9676665],[139.0644288,35.9676676],[139.0644284,35.9676676],[139.0644233,35.9676676],[139.0644196,35.9676676],[139.0644193,35.9676676],[139.0644114,35.9676668],[139.0644032,35.9676648],[139.0644029,35.9676647],[139.0643448,35.9676356],[139.0643409,35.9676231],[139.06434,35.9676204],[139.0643386,35.9676161],[139.0643366,35.9676095],[139.0644019,35.9675257],[139.0644049,35.9675219],[139.0644802,35.9674256],[139.0644406,35.9674054],[139.0643659,35.9675013],[139.0643627,35.9675051],[139.064297,35.9675892],[139.064293,35.9675901],[139.0642876,35.9675912],[139.064267,35.9675956],[139.0640922,35.9675047],[139.0640868,35.9674816],[139.0641976,35.9673402],[139.064208,35.9673269],[139.064245,35.9672796],[139.064274,35.9672408],[139.0642888,35.967223],[139.0642942,35.9672166],[139.064505,35.9673323],[139.0646461,35.9674124],[139.0647471,35.9674633],[139.064892,35.9675965],[139.0650235,35.9677375],[139.0650758,35.9678074],[139.0650549,35.967824],[139.0650312,35.9678429],[139.0649568,35.967902],[139.0649525,35.9679044],[139.0649521,35.9679044],[139.0649152,35.9679052]]]},"properties":{"layer":"landuse","class_code":"211","class_label":"住宅用地（住宅、共同住宅、店舗等併用住宅、店舗等併用共同住宅、作業所併用住宅）"}},{"type":"Feature","id":"luse_6aab1306-a6ac-4ea5-a97c-b15288be87f2","geometry":{"type":"Polygon","coordinates":[[[139.0648014,35.9671493],[139.0648066,35.9671538],[139.0648616,35.9671926],[139.0649602,35.9672573],[139.0650118,35.9672921],[139.0650912,35.9673365],[139.0651082,35.9673461],[139.0651975,35.9674041],[139.0652663,35.9674576],[139.0653109,35.9674897],[139.0653521,35.967524],[139.0653548,35.9675267],[139.0653918,35.967563],[139.0653977,35.967568],[139.0654327,35.9675974],[139.0654492,35.9676141],[139.0655449,35.9677104],[139.0655519,35.9677162],[139.0656138,35.9677679],[139.0656349,35.9677887],[139.0654566,35.9679244],[139.0653537,35.9677971],[139.0651158,35.9675028],[139.0649931,35.9673687],[139.0648806,35.9672512],[139.0648791,35.9672496],[139.0648006,35.9671487],[139.0648014,35.9671493]]]},"properties":{"layer":"landuse","class_code":"211","class_label":"住宅用地（住宅、共同住宅、店舗等併用住宅、店舗等併用共同住宅、作業所併用住宅）"}},{"type":"Feature","id":"luse_78b45740-b3ba-4d86-a12f-40da6c1e9ad3","geometry":{"type":"Polygon","coordinates":[[[139.0642854,35.9679156],[139.0639647,35.9677712],[139.0638589,35.9679149],[139.0638547,35.967927],[139.063636,35.9678429],[139.0635504,35.9679329],[139.0634381,35.9678811],[139.0634488,35.9678614],[139.0634556,35.967849],[139.06347,35.9678195],[139.0634738,35.9678025],[139.0634784,35.9677824],[139.0634789,35.9677775],[139.0634802,35.967766],[139.0634806,35.9677628],[139.0634723,35.9677133],[139.0634664,35.9676896],[139.0634576,35.9676284],[139.0634251,35.9675253],[139.0634112,35.9674845],[139.0634054,35.9674727],[139.0633911,35.9674437],[139.0633768,35.967423],[139.0633348,35.967369],[139.0633288,35.9673619],[139.0633301,35.9673409],[139.0633344,35.9673347],[139.0633356,35.967333],[139.0633393,35.9673279],[139.0633404,35.9673267],[139.0633531,35.9673177],[139.0633859,35.9673049],[139.0633978,35.9673038],[139.0634382,35.9673042],[139.0634506,35.9673043],[139.0634636,35.9673049],[139.0634884,35.967306],[139.0635784,35.9673177],[139.06361,35.9673226],[139.0636149,35.9673237],[139.0636308,35.9673271],[139.0636568,35.9673328],[139.0636597,35.9673346],[139.0636633,35.9673368],[139.0636791,35.9673468],[139.0636794,35.9673469],[139.0637018,35.9673583],[139.0637509,35.9673833],[139.0637912,35.9674039],[139.0638087,35.9674129],[139.0638245,35.9674208],[139.0638764,35.9674453],[139.0638903,35.9674519],[139.0639158,35.967464],[139.063933,35.9674721],[139.0639399,35.9674755],[139.0639738,35.9674915],[139.063977,35.967493],[139.0639971,35.9675025],[139.0639974,35.9675026],[139.064031,35.9675068],[139.0640314,35.9675069],[139.0640417,35.9675105],[139.0640458,35.9675118],[139.0640581,35.9675188],[139.0640743,35.9675274],[139.0641085,35.9675452],[139.0642556,35.9676219],[139.0643162,35.9676531],[139.0643937,35.9676917],[139.0644138,35.9677392],[139.0644071,35.9677474],[139.0643592,35.9678117],[139.0643512,35.9678225],[139.0643113,35.9678801],[139.0642854,35.9679156]]]},"properties":{"layer":"landuse","class_code":"211","class_label":"住宅用地（住宅、共同住宅、店舗等併用住宅、店舗等併用共同住宅、作業所併用住宅）"}},{"type":"Feature","id":"luse_8937d87b-2bc1-4c83-be1f-722fc7c5efb7","geometry":{"type":"Polygon","coordinates":[[[139.0660838,35.9677188],[139.0662326,35.967786],[139.0662877,35.9678504],[139.0663461,35.9679271],[139.0660704,35.968129],[139.0660244,35.9680854],[139.066024,35.968085],[139.0659776,35.9680432],[139.0659173,35.9679867],[139.0658814,35.9679524],[139.0658062,35.9678817],[139.0657502,35.9678292],[139.0657143,35.9677976],[139.0656888,35.9677729],[139.0656635,35.9677506],[139.0656562,35.9677448],[139.0656436,35.9677347],[139.0656198,35.9677166],[139.0655978,35.9676974],[139.0655742,35.9676769],[139.0655636,35.9676669],[139.0655548,35.9676585],[139.0654715,35.9675793],[139.0654544,35.967563],[139.0654539,35.9675569],[139.0654539,35.9675566],[139.0655995,35.9674542],[139.0656303,35.9674324],[139.0658707,35.9675747],[139.0658702,35.96763],[139.0659316,35.9676914],[139.0660117,35.9676862],[139.0660838,35.9677188]]]},"properties":{"layer":"landuse","class_code":"211","class_label":"住宅用地（住宅、共同住宅、店舗等併用住宅、店舗等併用共同住宅、作業所併用住宅）"}},{"type":"Feature","id":"luse_6c15b0ea-8db5-4ef9-a50b-79b299f93223","geometry":{"type":"Polygon","coordinates":[[[139.0649241,35.9679479],[139.0647736,35.9681743],[139.0646286,35.9681238],[139.0645603,35.9682514],[139.0645201,35.9682345],[139.0645228,35.9682304],[139.064456,35.968202],[139.064411,35.9681826],[139.0644102,35.9681822],[139.0643633,35.9681618],[139.0642106,35.9680955],[139.0642063,35.9680832],[139.0642338,35.968045],[139.0642596,35.9680085],[139.0642949,35.9679591],[139.0643421,35.9678943],[139.064361,35.9678649],[139.0643816,35.9678373],[139.0644077,35.9677991],[139.0644364,35.9677604],[139.0644522,35.9677397],[139.0644726,35.967717],[139.0644823,35.9677219],[139.0645327,35.967747],[139.0645709,35.9677663],[139.0646262,35.9677923],[139.0646752,35.9678166],[139.0647324,35.9678459],[139.0648015,35.9678803],[139.0648052,35.9678821],[139.0648399,35.9679018],[139.064891,35.9679294],[139.0649188,35.9679449],[139.0649241,35.9679479]]]},"properties":{"layer":"landuse","class_code":"211","class_label":"住宅用地（住宅、共同住宅、店舗等併用住宅、店舗等併用共同住宅、作業所併用住宅）"}},{"type":"Feature","id":"luse_49da2f9f-8d47-4a56-87d9-78fb2b7174f9","geometry":{"type":"Polygon","coordinates":[[[139.0659514,35.9680785],[139.0659872,35.9681137],[139.0660355,35.9681621],[139.0660383,35.9681649],[139.0660828,35.9682076],[139.0660874,35.9682115],[139.0660882,35.9682218],[139.066084,35.9682319],[139.0660814,35.968234],[139.0660215,35.9682816],[139.0660091,35.9682881],[139.0659784,35.9683047],[139.0659666,35.9683111],[139.0659239,35.9683371],[139.065845,35.9683794],[139.065843,35.9683805],[139.0658406,35.9683819],[139.0658231,35.968392],[139.065822,35.9683926],[139.0658184,35.9683944],[139.0657172,35.9682569],[139.0658413,35.968183],[139.0658134,35.9681619],[139.0659471,35.9680742],[139.0659514,35.9680785]]]},"properties":{"layer":"landuse","class_code":"211","class_label":"住宅用地（住宅、共同住宅、店舗等併用住宅、店舗等併用共同住宅、作業所併用住宅）"}},{"type":"Feature","id":"luse_382b2e6e-db08-4bce-af6f-391b94ed2fa9","geometry":{"type":"Polygon","coordinates":[[[139.0632956,35.9684489],[139.0632741,35.9684507],[139.0632671,35.9684513],[139.0632668,35.9684514],[139.0632591,35.9684524],[139.06325,35.9684512],[139.0632294,35.9684452],[139.0632124,35.9684403],[139.0632007,35.9684367],[139.063141,35.9684204],[139.0630856,35.9684072],[139.0630852,35.9684071],[139.063084,35.9684068],[139.0630439,35.9683972],[139.0630454,35.9683937],[139.0630269,35.9683896],[139.0629161,35.9683522],[139.062835,35.9683256],[139.0628332,35.968325],[139.0628011,35.9683137],[139.0627913,35.9683102],[139.0627459,35.9682939],[139.0626649,35.9682645],[139.0626312,35.9682531],[139.0626066,35.9682442],[139.0626061,35.968244],[139.0626002,35.9682419],[139.0625753,35.9682328],[139.0625644,35.968229],[139.0625,35.96820551509971],[139.0625,35.967645553706625],[139.0628154,35.9677892],[139.0629142,35.9676517],[139.0628646,35.9676226],[139.0629095,35.9675749],[139.0628481,35.9675361],[139.0629738,35.967397],[139.0629757,35.9673953],[139.0630404,35.9673328],[139.0630454,35.9673279],[139.063063,35.9673145],[139.0630704,35.9673102],[139.063081,35.9673067],[139.0630813,35.9673066],[139.0630915,35.9673041],[139.0630994,35.9673025],[139.0630998,35.9673024],[139.0631204,35.967298],[139.0631297,35.9672969],[139.0631301,35.9672969],[139.063131,35.9672975],[139.0631718,35.9673277],[139.0631794,35.9673337],[139.0632763,35.9674097],[139.0632839,35.967413],[139.0632924,35.9674143],[139.0633142,35.9674211],[139.0633207,35.9674242],[139.0633328,35.9674326],[139.0633342,35.9674336],[139.0633496,35.9674569],[139.0633563,35.9674749],[139.0633662,35.9674996],[139.0633667,35.9675015],[139.0633877,35.9675622],[139.0634109,35.9676301],[139.0634139,35.9676386],[139.0634309,35.9677178],[139.0634381,35.9677747],[139.0634371,35.9677836],[139.0634247,35.9678263],[139.0634245,35.967827],[139.0634223,35.9678344],[139.0634036,35.9678658],[139.0633897,35.9678832],[139.0633671,35.9679117],[139.0633371,35.9679509],[139.0633051,35.9679571],[139.0628991,35.9677977],[139.0628861,35.967825],[139.0632878,35.9679884],[139.0632841,35.9680163],[139.0632837,35.9680197],[139.0632635,35.9680452],[139.0632561,35.9680572],[139.063246,35.9680713],[139.0632393,35.9680724],[139.0632313,35.9680732],[139.0632309,35.9680733],[139.0632186,35.9680734],[139.0632026,35.968071],[139.0631908,35.9680692],[139.0631111,35.968056],[139.0630228,35.9680483],[139.0628683,35.9680341],[139.0628669,35.9680439],[139.0628639,35.9680654],[139.0630185,35.9680796],[139.0630462,35.968082],[139.0631051,35.9680871],[139.0631829,35.9681001],[139.063193,35.9681027],[139.063202,35.9681055],[139.0632052,35.9681068],[139.0632066,35.9681073],[139.0632096,35.9681093],[139.0632099,35.9681095],[139.063215,35.9681144],[139.0632177,35.9681403],[139.0632213,35.96815],[139.0632297,35.9681712],[139.0632439,35.9681993],[139.0632484,35.9682078],[139.0632566,35.9682231],[139.0633027,35.968278],[139.0633229,35.968303],[139.0633294,35.9683111],[139.0633368,35.9683725],[139.063311,35.9684405],[139.0633034,35.9684483],[139.063303,35.9684483],[139.0632956,35.9684489]]]},"properties":{"layer":"landuse","class_code":"211","class_label":"住宅用地（住宅、共同住宅、店舗等併用住宅、店舗等併用共同住宅、作業所併用住宅）"}},{"type":"Feature","id":"luse_d99d4674-487b-4651-ad38-b2fa3834d6da","geometry":{"type":"Polygon","coordinates":[[[139.0665646,35.9684018],[139.0664867,35.9684908],[139.0664712,35.968478],[139.0664477,35.9684584],[139.0663792,35.9684004],[139.0663352,35.9683649],[139.0663129,35.9683468],[139.0662971,35.968333],[139.0662911,35.9683278],[139.0663131,35.9683074],[139.0663827,35.9683305],[139.066456,35.9683577],[139.0665008,35.9683774],[139.0665646,35.9684018]]]},"properties":{"layer":"landuse","class_code":"211","class_label":"住宅用地（住宅、共同住宅、店舗等併用住宅、店舗等併用共同住宅、作業所併用住宅）"}},{"type":"Feature","id":"luse_ea0d8df9-053d-44b8-88ec-ea74b347af63","geometry":{"type":"Polygon","coordinates":[[[139.0625,35.968250231333336],[139.0625106,35.9682538],[139.0625439,35.9682651],[139.0625756,35.9682762],[139.062583,35.9682788],[139.0625,35.968380255014324],[139.0625,35.968250231333336]]]},"properties":{"layer":"landuse","class_code":"211","class_label":"住宅用地（住宅、共同住宅、店舗等併用住宅、店舗等併用共同住宅、作業所併用住宅）"}},{"type":"Feature","id":"luse_b5f61226-5082-4bd9-b84b-e956d6b590a3","geometry":{"type":"Polygon","coordinates":[[[139.0654273,35.9682443],[139.0654539,35.9682764],[139.0654703,35.9682961],[139.0654737,35.9682999],[139.0655086,35.9683417],[139.0655129,35.9683466],[139.0655289,35.9683644],[139.065544,35.9683815],[139.0655704,35.968411],[139.0656088,35.9684521],[139.0656149,35.968458],[139.065623,35.9684654],[139.0656297,35.9684711],[139.0656352,35.9684772],[139.0656381,35.9684816],[139.0656402,35.9684878],[139.0656314,35.9684939],[139.0656121,35.9685052],[139.0655501,35.9685466],[139.0655033,35.9685777],[139.0654923,35.9685831],[139.065239,35.9683452],[139.0652722,35.9683091],[139.0650177,35.968174],[139.0650859,35.9680839],[139.0651048,35.9680963],[139.0651279,35.96811],[139.0651664,35.968132],[139.0651957,35.9681486],[139.0651973,35.968147],[139.065249,35.9681756],[139.0652478,35.9681771],[139.0652531,35.9681797],[139.0653627,35.968243],[139.0653895,35.968235],[139.0653923,35.9682342],[139.065422,35.9682402],[139.0654273,35.9682443]]]},"properties":{"layer":"landuse","class_code":"211","class_label":"住宅用地（住宅、共同住宅、店舗等併用住宅、店舗等併用共同住宅、作業所併用住宅）"}},{"type":"Feature","id":"luse_b05c8cdc-e73f-490f-b39d-90bab82c34c6","geometry":{"type":"Polygon","coordinates":[[[139.0636145,35.9685069],[139.0635138,35.9686005],[139.063466,35.9685675],[139.0634565,35.9685609],[139.0634512,35.9685573],[139.063437,35.9685464],[139.0634209,35.9685349],[139.0633535,35.9684864],[139.0633497,35.9684673],[139.0633548,35.9684503],[139.0633719,35.9684055],[139.0633808,35.9683825],[139.063388,35.9683647],[139.063399,35.9683382],[139.0633628,35.9682949],[139.0633354,35.9682607],[139.0633346,35.9682597],[139.0632766,35.9681875],[139.0632658,35.9681636],[139.0632632,35.9681457],[139.0632632,35.9681342],[139.0632633,35.9681276],[139.0632672,35.9681113],[139.063269,35.9681072],[139.0632702,35.9681045],[139.0632747,35.9680942],[139.0632754,35.968093],[139.0632809,35.9680846],[139.0632879,35.9680741],[139.0633242,35.9680228],[139.0633292,35.9680159],[139.0633514,35.9679885],[139.0633557,35.9679831],[139.063863,35.9681903],[139.0639332,35.9680828],[139.0639868,35.9679939],[139.0641552,35.9680695],[139.0641516,35.9680768],[139.0641414,35.9680979],[139.0641313,35.9681327],[139.0641103,35.9681947],[139.0641099,35.9681955],[139.0640937,35.9682262],[139.0640898,35.9682333],[139.0640553,35.9682878],[139.0640329,35.968319],[139.0640196,35.9683362],[139.0640122,35.9683446],[139.0639883,35.9683717],[139.0639555,35.9684087],[139.0639502,35.9684146],[139.0639146,35.9684534],[139.063876,35.9684942],[139.0638689,35.9685021],[139.0638381,35.9685353],[139.0637886,35.9685864],[139.0636377,35.9684975],[139.0636297,35.9684928],[139.0636145,35.9685069]]]},"properties":{"layer":"landuse","class_code":"211","class_label":"住宅用地（住宅、共同住宅、店舗等併用住宅、店舗等併用共同住宅、作業所併用住宅）"}},{"type":"Feature","id":"luse_38591af9-47f0-4e61-a914-b16622b863d3","geometry":{"type":"Polygon","coordinates":[[[139.064934,35.9684396],[139.0649343,35.9684397],[139.0649663,35.9684582],[139.064962,35.9684649],[139.0649099,35.9685242],[139.0649053,35.9685296],[139.0648666,35.9685762],[139.0648491,35.9685927],[139.0648165,35.9686245],[139.0647782,35.9686592],[139.064728,35.9687005],[139.0645922,35.9686161],[139.0646104,35.968603],[139.0646486,35.9685651],[139.064719,35.9684993],[139.0647248,35.9684938],[139.0648049,35.9684146],[139.0648101,35.96841],[139.0648144,35.9684067],[139.0648183,35.9684043],[139.0648247,35.9684017],[139.0648313,35.9683994],[139.0648369,35.968398],[139.0648459,35.9683971],[139.064934,35.9684396]]]},"properties":{"layer":"landuse","class_code":"211","class_label":"住宅用地（住宅、共同住宅、店舗等併用住宅、店舗等併用共同住宅、作業所併用住宅）"}},{"type":"Feature","id":"luse_f47925ee-7ff0-4126-a4a1-cddee6ff79e5","geometry":{"type":"Polygon","coordinates":[[[139.0654019,35.9686411],[139.0653406,35.9686848],[139.0653095,35.9687067],[139.0653026,35.968709],[139.0652989,35.9687094],[139.0652985,35.9687094],[139.0652957,35.9687091],[139.0652953,35.9687091],[139.0652925,35.9687085],[139.0652664,35.9686807],[139.0652363,35.96865],[139.0652231,35.9686365],[139.0652075,35.9686206],[139.0651876,35.9686004],[139.0651349,35.9685447],[139.0651258,35.9685349],[139.0650982,35.9685054],[139.0650933,35.9685001],[139.0650904,35.968498],[139.0650883,35.9684965],[139.0650836,35.9684932],[139.0650684,35.9684834],[139.065066,35.9684819],[139.0650093,35.9684542],[139.0649689,35.9684355],[139.0648761,35.9683894],[139.0648758,35.9683893],[139.0648146,35.9683591],[139.0648005,35.9683524],[139.0648405,35.968293],[139.0649083,35.968324],[139.0649702,35.968229],[139.0651805,35.9683219],[139.0651446,35.9683999],[139.0654019,35.9686411]]]},"properties":{"layer":"landuse","class_code":"211","class_label":"住宅用地（住宅、共同住宅、店舗等併用住宅、店舗等併用共同住宅、作業所併用住宅）"}},{"type":"Feature","id":"luse_c7993e51-ba90-49a8-8261-96c4247d9cb9","geometry":{"type":"Polygon","coordinates":[[[139.0660814,35.9687234],[139.0658412,35.9684069],[139.0658462,35.9684048],[139.0658508,35.9684024],[139.0659587,35.9683446],[139.0660155,35.968312],[139.0660491,35.9682895],[139.0660854,35.9682691],[139.0661263,35.9682584],[139.0661267,35.9682583],[139.0661601,35.9682795],[139.0661607,35.9682799],[139.0661893,35.9683023],[139.0662367,35.9683422],[139.0662607,35.96837],[139.0662727,35.9683791],[139.066358,35.9684514],[139.0664075,35.9684945],[139.0664321,35.9685122],[139.0664403,35.9685182],[139.066447,35.9685229],[139.0663554,35.9685996],[139.0662601,35.9686881],[139.0662342,35.9686618],[139.0662192,35.9686542],[139.0660814,35.9687234]]]},"properties":{"layer":"landuse","class_code":"211","class_label":"住宅用地（住宅、共同住宅、店舗等併用住宅、店舗等併用共同住宅、作業所併用住宅）"}},{"type":"Feature","id":"luse_eda2257a-aa51-4ad0-ae3c-74dc3859a11a","geometry":{"type":"Polygon","coordinates":[[[139.0671599,35.9685039],[139.0671879,35.9685208],[139.0672156,35.9685375],[139.0672376,35.9685516],[139.0672753,35.9685768],[139.0672999,35.9685954],[139.0673172,35.9686144],[139.0673309,35.9686339],[139.0673389,35.9686451],[139.067343,35.9686531],[139.0673615,35.9686984],[139.0673819,35.9687574],[139.0673822,35.9687638],[139.0673798,35.9687678],[139.0673748,35.9687717],[139.0673675,35.9687746],[139.0673509,35.968778],[139.0672975,35.9687841],[139.0672935,35.9687842],[139.0672906,35.9687842],[139.0672852,35.9687834],[139.0672819,35.968782],[139.0672575,35.9687584],[139.0672114,35.9687192],[139.0671862,35.9686966],[139.0671718,35.9686837],[139.0671449,35.9686585],[139.0671199,35.9686374],[139.0670921,35.9686175],[139.0670294,35.9685732],[139.0670236,35.9685695],[139.0670121,35.968562],[139.067009,35.9685603],[139.0669793,35.9685425],[139.0669564,35.9685358],[139.0669561,35.9685356],[139.0669524,35.9685345],[139.066952,35.9685344],[139.0668515,35.9684802],[139.066701,35.968416],[139.066323,35.9682866],[139.0663305,35.968274],[139.0664917,35.9680767],[139.0667604,35.96826],[139.0667521,35.968291],[139.0668989,35.968395],[139.0670569,35.9684636],[139.0671599,35.9685039]]]},"properties":{"layer":"landuse","class_code":"211","class_label":"住宅用地（住宅、共同住宅、店舗等併用住宅、店舗等併用共同住宅、作業所併用住宅）"}},{"type":"Feature","id":"luse_df594c9d-3c9e-41bb-93ab-952c0e084c2f","geometry":{"type":"Polygon","coordinates":[[[139.0641184,35.9688231],[139.0639778,35.9687174],[139.0638453,35.9688368],[139.063754,35.9687719],[139.0637054,35.9687377],[139.0637035,35.9687363],[139.0636989,35.968733],[139.0637055,35.9687258],[139.0637578,35.9686699],[139.0637656,35.9686616],[139.0637951,35.96863],[139.0638074,35.968615],[139.063847,35.9685737],[139.0638503,35.9685703],[139.0638825,35.9685368],[139.0638926,35.9685264],[139.0639348,35.9684793],[139.0639444,35.9684686],[139.0639634,35.9684478],[139.0639881,35.968421],[139.0640322,35.9683712],[139.0640488,35.9683525],[139.064076,35.9683198],[139.0640771,35.9683181],[139.0640923,35.9682953],[139.064126,35.9682448],[139.0641338,35.9682217],[139.0641503,35.968181],[139.0641799,35.9681229],[139.0641925,35.9681224],[139.0641929,35.9681224],[139.0643422,35.9681874],[139.0643425,35.9681875],[139.0643693,35.9681989],[139.0644386,35.9682282],[139.0644726,35.9682427],[139.0644983,35.9682536],[139.0645127,35.9682579],[139.0645651,35.9682799],[139.0646157,35.9683004],[139.0646471,35.9683124],[139.0646699,35.9683214],[139.0647436,35.9683521],[139.0647741,35.968366],[139.0647767,35.9683705],[139.0647779,35.9683735],[139.0647783,35.9683757],[139.064778,35.9683797],[139.0647772,35.968383],[139.0647762,35.9683856],[139.0647715,35.9683923],[139.0647076,35.9684554],[139.0646916,35.9684712],[139.0646762,35.9684858],[139.0646646,35.9684966],[139.0646156,35.9685424],[139.0645794,35.9685781],[139.0645121,35.9686266],[139.0645057,35.9686295],[139.0644986,35.9686311],[139.0644754,35.9686583],[139.0644804,35.968666],[139.0644815,35.9686735],[139.0644799,35.9686808],[139.0644757,35.9686876],[139.0644691,35.9686957],[139.0644031,35.9687566],[139.0643148,35.9686935],[139.0643,35.9687066],[139.0642715,35.9686848],[139.0641184,35.9688231]]]},"properties":{"layer":"landuse","class_code":"211","class_label":"住宅用地（住宅、共同住宅、店舗等併用住宅、店舗等併用共同住宅、作業所併用住宅）"}},{"type":"Feature","id":"luse_ee4f535c-889c-49a1-8ad4-68196cf13a45","geometry":{"type":"Polygon","coordinates":[[[139.0669979,35.9685728],[139.0670662,35.9686203],[139.0671256,35.9686641],[139.067151,35.968687],[139.0669414,35.9688628],[139.0669197,35.9688458],[139.0669019,35.9688317],[139.066846,35.9687868],[139.0668363,35.9687792],[139.0667866,35.9687399],[139.0667591,35.9687167],[139.0667532,35.9687118],[139.0669695,35.9685613],[139.0669979,35.9685728]]]},"properties":{"layer":"landuse","class_code":"211","class_label":"住宅用地（住宅、共同住宅、店舗等併用住宅、店舗等併用共同住宅、作業所併用住宅）"}},{"type":"Feature","id":"luse_555bc1ac-35a7-42eb-a3c4-056106a8dc0c","geometry":{"type":"Polygon","coordinates":[[[139.063095,35.968452],[139.0631492,35.9684677],[139.063236,35.9684903],[139.0632642,35.9684956],[139.063299,35.9685022],[139.0633543,35.9685416],[139.0634047,35.9685764],[139.0634124,35.9685818],[139.0634129,35.9685875],[139.0634144,35.9685886],[139.0634156,35.9685893],[139.0634689,35.9686287],[139.0636119,35.9687347],[139.0636249,35.9687532],[139.0636243,35.968773],[139.0635937,35.9688076],[139.0635934,35.9688077],[139.0635819,35.9688136],[139.0635736,35.968818],[139.0635713,35.9688185],[139.0635607,35.9688207],[139.0634206,35.96886],[139.0634012,35.9688658],[139.0633435,35.9688828],[139.063332,35.9688859],[139.063243,35.9689104],[139.0632427,35.9689105],[139.0632281,35.9689145],[139.0631751,35.9689291],[139.0631278,35.9689421],[139.0631275,35.9689422],[139.0631122,35.9689466],[139.0631118,35.9689467],[139.0632516,35.9687779],[139.0631184,35.9687094],[139.0629487,35.9686222],[139.0629518,35.968618],[139.0629656,35.9685999],[139.0630157,35.9685326],[139.0630481,35.9684873],[139.0630628,35.9684733],[139.0630904,35.9684507],[139.063095,35.968452]]]},"properties":{"layer":"landuse","class_code":"211","class_label":"住宅用地（住宅、共同住宅、店舗等併用住宅、店舗等併用共同住宅、作業所併用住宅）"}},{"type":"Feature","id":"luse_374d560d-9c9f-4562-92bb-6faa73a0886d","geometry":{"type":"Polygon","coordinates":[[[139.0649978,35.9684706],[139.0650448,35.968496],[139.0650636,35.9685065],[139.0650721,35.9685127],[139.0649901,35.9686049],[139.0652342,35.9687812],[139.0652106,35.9688144],[139.065173,35.9688573],[139.0651651,35.9688665],[139.0651597,35.9688732],[139.06514,35.9688988],[139.0651154,35.9689287],[139.0651076,35.9689385],[139.0650867,35.9689605],[139.0650827,35.9689625],[139.0650757,35.9689653],[139.0650708,35.9689667],[139.0650629,35.9689666],[139.0650568,35.9689644],[139.0650198,35.9689364],[139.064969,35.9688996],[139.0649618,35.9688944],[139.0648901,35.96884],[139.0647593,35.9687287],[139.0647545,35.9687035],[139.0647926,35.968669],[139.0648392,35.9686253],[139.06484,35.9686243],[139.0648512,35.9686118],[139.0648771,35.968583],[139.0649288,35.968527],[139.0649302,35.9685254],[139.064977,35.9684726],[139.0649853,35.9684645],[139.0649978,35.9684706]]]},"properties":{"layer":"landuse","class_code":"211","class_label":"住宅用地（住宅、共同住宅、店舗等併用住宅、店舗等併用共同住宅、作業所併用住宅）"}},{"type":"Feature","id":"luse_fc6b7c3b-87e6-47b9-8894-22a7fa8317cd","geometry":{"type":"Polygon","coordinates":[[[139.0641957,35.9689555],[139.0641563,35.9689933],[139.064154,35.9689956],[139.0641262,35.9690211],[139.0641155,35.9690316],[139.0640842,35.9690087],[139.0640759,35.9690027],[139.0640515,35.9689847],[139.0640045,35.96895],[139.0639863,35.9689372],[139.0640889,35.9688486],[139.0641957,35.9689555]]]},"properties":{"layer":"landuse","class_code":"211","class_label":"住宅用地（住宅、共同住宅、店舗等併用住宅、店舗等併用共同住宅、作業所併用住宅）"}},{"type":"Feature","id":"luse_2edbfac4-2847-4cde-95cd-af8b0c35f094","geometry":{"type":"Polygon","coordinates":[[[139.0627373,35.968865],[139.0627156,35.9688934],[139.0626955,35.9689183],[139.0626641,35.9689574],[139.0626525,35.968972],[139.0626498,35.9689754],[139.0625856,35.9690544],[139.0625615,35.9690868],[139.0625481,35.9691049],[139.0625459,35.9691054],[139.0625351,35.9691081],[139.0625,35.969089610186266],[139.0625,35.96882319940653],[139.0626084,35.9686762],[139.0628279,35.9687469],[139.0627686,35.9688241],[139.0627373,35.968865]]]},"properties":{"layer":"landuse","class_code":"211","class_label":"住宅用地（住宅、共同住宅、店舗等併用住宅、店舗等併用共同住宅、作業所併用住宅）"}},{"type":"Feature","id":"luse_c6160433-849d-4b4c-8e5c-93ca7ca52799","geometry":{"type":"Polygon","coordinates":[[[139.0654634,35.9689986],[139.0651595,35.9692084],[139.0651588,35.9692077],[139.065148,35.9691964],[139.065132,35.9691775],[139.0650783,35.9691189],[139.0650663,35.9691056],[139.0650633,35.9691024],[139.0650509,35.9690891],[139.0650313,35.9690487],[139.065037,35.9690455],[139.0650615,35.9690281],[139.0650731,35.969016],[139.0650757,35.9690133],[139.0651095,35.9689792],[139.0651148,35.9689736],[139.0651698,35.9689145],[139.0652213,35.9688533],[139.0652579,35.968811],[139.0652936,35.9687635],[139.0653007,35.9687541],[139.0653025,35.9687517],[139.0653276,35.9687298],[139.0653388,35.96872],[139.0654318,35.9686534],[139.0655006,35.9686058],[139.0655814,35.9685498],[139.0656326,35.968516],[139.0656507,35.968504],[139.0656681,35.9684926],[139.0656841,35.9685116],[139.0658244,35.9686789],[139.0656325,35.9688058],[139.0656231,35.96884],[139.0657172,35.9689231],[139.0656562,35.9689691],[139.065567,35.9689027],[139.0654634,35.9689986]]]},"properties":{"layer":"landuse","class_code":"211","class_label":"住宅用地（住宅、共同住宅、店舗等併用住宅、店舗等併用共同住宅、作業所併用住宅）"}},{"type":"Feature","id":"luse_19d2f61a-f00e-4352-9b70-7ee6cb52fec7","geometry":{"type":"Polygon","coordinates":[[[139.0665,35.9692536],[139.066494,35.969267],[139.0663326,35.9690536],[139.066459,35.968858],[139.0665458,35.9687869],[139.0666623,35.9687052],[139.0666757,35.9687164],[139.0666785,35.9687546],[139.066601,35.9688327],[139.0665734,35.9688604],[139.0665858,35.9689043],[139.0664852,35.9690228],[139.0665216,35.9690433],[139.0665879,35.9689654],[139.0666335,35.9689117],[139.0666215,35.9688694],[139.0666231,35.9688677],[139.0666265,35.9688643],[139.066713,35.9687771],[139.0667308,35.9687636],[139.066734,35.9687662],[139.0668023,35.9688211],[139.0668057,35.9688184],[139.0668097,35.9688152],[139.0668322,35.9688337],[139.0668895,35.9688841],[139.0669064,35.968898],[139.066911,35.9689017],[139.0668745,35.9689434],[139.0667889,35.9690416],[139.066782,35.969048],[139.0667763,35.9690508],[139.0667617,35.9690536],[139.0667465,35.969054],[139.0667326,35.9690534],[139.0667143,35.9690476],[139.0667062,35.9690441],[139.0666687,35.96902],[139.0665,35.9692536]]]},"properties":{"layer":"landuse","class_code":"211","class_label":"住宅用地（住宅、共同住宅、店舗等併用住宅、店舗等併用共同住宅、作業所併用住宅）"}},{"type":"Feature","id":"luse_31b44586-36fd-4d5e-901a-a56999e5447a","geometry":{"type":"Polygon","coordinates":[[[139.064924,35.968906],[139.0649666,35.9689402],[139.0650212,35.9689842],[139.0650324,35.9689933],[139.0650346,35.9689975],[139.0650364,35.969002],[139.0650363,35.9690035],[139.0650348,35.9690049],[139.0650318,35.9690076],[139.0650103,35.9690265],[139.0649975,35.969037],[139.0649618,35.9690571],[139.0649384,35.969069],[139.0648867,35.9690952],[139.0648317,35.9691254],[139.0648043,35.9691398],[139.0647868,35.9691489],[139.0647136,35.9691936],[139.0646948,35.9692068],[139.0645996,35.9692764],[139.0645704,35.9692977],[139.064545,35.9693162],[139.0645374,35.9693219],[139.0645271,35.9693223],[139.0645155,35.9693229],[139.0645143,35.969322],[139.0644945,35.9693088],[139.0644109,35.9692454],[139.0643369,35.9691912],[139.0643137,35.9691743],[139.0642629,35.9691378],[139.0642468,35.9691265],[139.0642,35.9690928],[139.0641544,35.9690603],[139.0641491,35.9690564],[139.0641429,35.9690516],[139.0641484,35.9690374],[139.0641768,35.9690116],[139.0641798,35.9690088],[139.0643832,35.9688121],[139.0645176,35.9688982],[139.0647352,35.9687381],[139.0647485,35.9687492],[139.0648078,35.9688047],[139.0648338,35.9688294],[139.0648727,35.9688623],[139.0648846,35.9688731],[139.064924,35.968906]]]},"properties":{"layer":"landuse","class_code":"211","class_label":"住宅用地（住宅、共同住宅、店舗等併用住宅、店舗等併用共同住宅、作業所併用住宅）"}},{"type":"Feature","id":"luse_216d51b5-a96a-49a1-928e-36e762ffc140","geometry":{"type":"Polygon","coordinates":[[[139.065171,35.9692641],[139.0650019,35.9693852],[139.0649482,35.9693307],[139.0648021,35.9691728],[139.0648192,35.9691625],[139.0648658,35.9691376],[139.064872,35.9691343],[139.0648906,35.9691245],[139.0649054,35.9691165],[139.0649418,35.9690973],[139.0649545,35.9690905],[139.0649801,35.969077],[139.0649838,35.9690814],[139.0649851,35.9690817],[139.0650065,35.9690866],[139.0650238,35.9691048],[139.0650615,35.9691455],[139.0651067,35.9691962],[139.0651314,35.9692259],[139.065171,35.9692641]]]},"properties":{"layer":"landuse","class_code":"211","class_label":"住宅用地（住宅、共同住宅、店舗等併用住宅、店舗等併用共同住宅、作業所併用住宅）"}},{"type":"Feature","id":"luse_9b401d5b-c07d-4621-a2eb-cfefb8296774","geometry":{"type":"Polygon","coordinates":[[[139.0686517,35.9693976],[139.0686515,35.9693983],[139.068651,35.9693985],[139.0686507,35.9693986],[139.0686229,35.9694003],[139.068519,35.9694039],[139.0685186,35.9694039],[139.0684486,35.9694098],[139.0684035,35.9694166],[139.0683229,35.9694299],[139.0682709,35.9694396],[139.0681512,35.9694384],[139.0681674,35.969316],[139.0682187,35.9693143],[139.0682631,35.9693155],[139.0682925,35.9693162],[139.0684144,35.9693201],[139.0684407,35.9693223],[139.0684573,35.9693237],[139.068571,35.9693378],[139.0685714,35.9693379],[139.0686584,35.9693488],[139.0686576,35.9693547],[139.0686524,35.9693815],[139.068652,35.9693815],[139.0686488,35.9693814],[139.0686517,35.9693976]]]},"properties":{"layer":"landuse","class_code":"211","class_label":"住宅用地（住宅、共同住宅、店舗等併用住宅、店舗等併用共同住宅、作業所併用住宅）"}},{"type":"Feature","id":"luse_e85fb03f-05d0-48ce-a4b4-97e674f2ef55","geometry":{"type":"Polygon","coordinates":[[[139.0657693,35.969446],[139.0657617,35.9694541],[139.0657376,35.9694792],[139.0657201,35.9694972],[139.0657142,35.9695017],[139.0655626,35.9694544],[139.0655622,35.9694543],[139.0655408,35.9694536],[139.0654989,35.9694532],[139.065493,35.9694532],[139.0654539,35.9694529],[139.0654164,35.9694228],[139.0653748,35.9693895],[139.0653678,35.969371],[139.0653334,35.969346],[139.0653128,35.9693411],[139.065298,35.9693284],[139.0652459,35.9692838],[139.0653588,35.9692018],[139.0654447,35.9692655],[139.0656361,35.969119],[139.0657377,35.969193],[139.0658015,35.9692524],[139.0657221,35.9693076],[139.0656867,35.9693627],[139.0656816,35.9693917],[139.0657103,35.9694164],[139.0657406,35.9694279],[139.0657693,35.969446]]]},"properties":{"layer":"landuse","class_code":"211","class_label":"住宅用地（住宅、共同住宅、店舗等併用住宅、店舗等併用共同住宅、作業所併用住宅）"}},{"type":"Feature","id":"luse_578de09a-6c50-4f1b-bb9e-a315b0aa9370","geometry":{"type":"Polygon","coordinates":[[[139.0677835,35.9694586],[139.0676854,35.9694186],[139.0676603,35.9694638],[139.067608,35.9694178],[139.0674876,35.9693146],[139.0674383,35.9692743],[139.0673742,35.9692242],[139.0673549,35.9692105],[139.0673468,35.9692045],[139.0673202,35.9691817],[139.0674125,35.9690854],[139.0673945,35.9690744],[139.0673041,35.9691677],[139.0672821,35.9691483],[139.0672376,35.9691098],[139.0672262,35.9691006],[139.0671948,35.9690749],[139.0671827,35.9690643],[139.0671769,35.9690592],[139.0671507,35.9690364],[139.0671071,35.9690007],[139.0670972,35.9689922],[139.0670923,35.968988],[139.06709,35.9689789],[139.0670982,35.9689594],[139.0671062,35.9689515],[139.0671311,35.9689273],[139.0671499,35.9689111],[139.0671606,35.9689028],[139.0671844,35.9688838],[139.0671967,35.968874],[139.0672155,35.9688583],[139.0672337,35.9688432],[139.0672425,35.9688354],[139.0672643,35.9688163],[139.0672676,35.9688155],[139.0672779,35.9688144],[139.0673157,35.9688128],[139.0673599,35.9688096],[139.0673669,35.9688084],[139.0673929,35.9688039],[139.0675945,35.9690328],[139.0676758,35.9690005],[139.0677538,35.9691211],[139.0676848,35.9691622],[139.0676979,35.9692049],[139.0677215,35.9692495],[139.0677309,35.9692644],[139.0677514,35.9692862],[139.067762,35.9692941],[139.0677856,35.9693079],[139.0677859,35.9693081],[139.0678047,35.9693154],[139.0678166,35.9693177],[139.0678268,35.9693185],[139.0678289,35.9693187],[139.0678373,35.9693194],[139.0678457,35.9693206],[139.0678803,35.9693258],[139.0677835,35.9694586]]]},"properties":{"layer":"landuse","class_code":"211","class_label":"住宅用地（住宅、共同住宅、店舗等併用住宅、店舗等併用共同住宅、作業所併用住宅）"}},{"type":"Feature","id":"luse_731d1d01-567e-459f-a691-c2ca81f50825","geometry":{"type":"Polygon","coordinates":[[[139.0693374,35.9694517],[139.0692988,35.9695521],[139.069267,35.9695408],[139.0692404,35.9695317],[139.0692226,35.9695255],[139.0691487,35.9695011],[139.0690713,35.9694769],[139.0689806,35.9694501],[139.068903,35.9694303],[139.0688191,35.9694092],[139.0688179,35.969408],[139.0688173,35.9694054],[139.0688177,35.9694037],[139.0688194,35.9694027],[139.0688217,35.9694021],[139.068822,35.9694021],[139.0688826,35.9694022],[139.0689244,35.9694023],[139.0689248,35.9694023],[139.0689837,35.9694035],[139.0690464,35.9694048],[139.0691196,35.9694047],[139.0691203,35.9693682],[139.0689777,35.9693699],[139.0689773,35.9693699],[139.0688307,35.9693707],[139.0687494,35.9693736],[139.0687429,35.9693739],[139.0687407,35.969374],[139.0688754,35.9691798],[139.0692343,35.9691921],[139.0692313,35.9693166],[139.0693374,35.9694517]]]},"properties":{"layer":"landuse","class_code":"211","class_label":"住宅用地（住宅、共同住宅、店舗等併用住宅、店舗等併用共同住宅、作業所併用住宅）"}},{"type":"Feature","id":"luse_751d9816-854d-4181-a920-64b464e01cc7","geometry":{"type":"Polygon","coordinates":[[[139.0640345,35.9690446],[139.0640945,35.9690892],[139.0641285,35.9691144],[139.0641592,35.9691373],[139.0642129,35.9691771],[139.0641954,35.9691903],[139.064194,35.9691913],[139.0641901,35.9691943],[139.0641738,35.9692065],[139.0641417,35.9692306],[139.0640852,35.9692681],[139.0639865,35.9693337],[139.0639467,35.9693614],[139.063842,35.9694318],[139.0637402,35.9695009],[139.0636795,35.9695421],[139.0636662,35.96953],[139.0636382,35.9695066],[139.0636034,35.9694776],[139.0635537,35.9694106],[139.0635275,35.9693765],[139.0635127,35.969353],[139.0634993,35.9693343],[139.0636722,35.9692062],[139.0637407,35.9692046],[139.0637982,35.969152],[139.0636558,35.9690277],[139.0635975,35.9690809],[139.0634991,35.9690132],[139.0634003,35.969071],[139.0632245,35.9689672],[139.063372,35.9689282],[139.063433,35.9689128],[139.0634405,35.9689111],[139.0635114,35.9688942],[139.0635316,35.9688894],[139.0635665,35.9688827],[139.0635668,35.9688827],[139.0635779,35.9688807],[139.0635943,35.9688778],[139.0635947,35.9688777],[139.0636116,35.9688759],[139.0636473,35.9688727],[139.0636631,35.9688723],[139.063684,35.9688732],[139.0637242,35.968878],[139.0637506,35.9688815],[139.0637566,35.9688824],[139.063757,35.9688824],[139.0637732,35.9688858],[139.0637875,35.9688904],[139.0637878,35.9688905],[139.0638061,35.9688967],[139.0638067,35.968897],[139.0638302,35.9689062],[139.0638459,35.9689131],[139.0638661,35.9689248],[139.0638963,35.9689457],[139.0639542,35.9689869],[139.0640345,35.9690446]]]},"properties":{"layer":"landuse","class_code":"211","class_label":"住宅用地（住宅、共同住宅、店舗等併用住宅、店舗等併用共同住宅、作業所併用住宅）"}},{"type":"Feature","id":"luse_326bd490-6fb0-4808-b6fe-9028d967f3c5","geometry":{"type":"Polygon","coordinates":[[[139.0665018,35.9695159],[139.0664614,35.9695463],[139.06642,35.9695773],[139.0663794,35.9696088],[139.0663581,35.9696252],[139.0663269,35.9696473],[139.0663223,35.9696502],[139.0663184,35.9696528],[139.0663179,35.9696526],[139.0663164,35.9696517],[139.0661808,35.9695698],[139.0663792,35.9693494],[139.0665018,35.9695159]]]},"properties":{"layer":"landuse","class_code":"211","class_label":"住宅用地（住宅、共同住宅、店舗等併用住宅、店舗等併用共同住宅、作業所併用住宅）"}},{"type":"Feature","id":"luse_6a1ab176-4826-4a94-818c-c060f89ec524","geometry":{"type":"Polygon","coordinates":[[[139.0630624,35.9695508],[139.0630618,35.9695526],[139.0630594,35.9695576],[139.0630525,35.9695683],[139.0629841,35.9696486],[139.0629808,35.9696506],[139.0629767,35.9696522],[139.0629707,35.9696535],[139.0629607,35.9696502],[139.0629603,35.9696501],[139.0629087,35.9696334],[139.0628464,35.9696069],[139.0628076,35.9695917],[139.062778,35.9695779],[139.0627434,35.9695571],[139.0627366,35.9695521],[139.0626878,35.9695165],[139.0626334,35.9694761],[139.0625979,35.9694541],[139.0625624,35.9694294],[139.0625424,35.9694147],[139.0627193,35.9692541],[139.0625723,35.9691515],[139.0625933,35.9691457],[139.0626372,35.9691337],[139.0626393,35.9691331],[139.0627709,35.9690953],[139.062815,35.9690826],[139.0628215,35.9690853],[139.0629473,35.969178],[139.0629543,35.969183],[139.0629678,35.9691721],[139.0628345,35.9690817],[139.0628369,35.9690763],[139.0628505,35.9690723],[139.0628508,35.9690722],[139.0628933,35.9690601],[139.062906,35.9690565],[139.0630692,35.96901],[139.0630728,35.969009],[139.063085,35.9690057],[139.0630892,35.9690071],[139.0631059,35.9690198],[139.0631174,35.9690286],[139.0631177,35.9690289],[139.0631312,35.9690404],[139.0631669,35.9690708],[139.0632061,35.9691042],[139.0632273,35.9691221],[139.0632684,35.9691566],[139.0633017,35.9691846],[139.0633311,35.9692095],[139.0633847,35.9692549],[139.06339,35.9692603],[139.0634,35.9692707],[139.0633026,35.9693568],[139.0633345,35.9693845],[139.0630797,35.9695648],[139.0630829,35.9695584],[139.0630843,35.9695539],[139.0630846,35.9695489],[139.0630794,35.9695487],[139.0630787,35.9695486],[139.0630627,35.9695478],[139.0630624,35.9695508]]]},"properties":{"layer":"landuse","class_code":"211","class_label":"住宅用地（住宅、共同住宅、店舗等併用住宅、店舗等併用共同住宅、作業所併用住宅）"}},{"type":"Feature","id":"luse_a03c87a7-13ad-494b-b374-e5e314f8e6b3","geometry":{"type":"Polygon","coordinates":[[[139.0625498,35.9694438],[139.0625992,35.9694771],[139.0626171,35.9694908],[139.0627286,35.9695705],[139.0627486,35.9695833],[139.0627523,35.9695856],[139.0627544,35.9695869],[139.0627804,35.9696027],[139.0627753,35.9696077],[139.0627537,35.9696277],[139.062694,35.969683],[139.0625,35.96955106643357],[139.0625,35.96949119951219],[139.0625472,35.9694421],[139.0625498,35.9694438]]]},"properties":{"layer":"landuse","class_code":"211","class_label":"住宅用地（住宅、共同住宅、店舗等併用住宅、店舗等併用共同住宅、作業所併用住宅）"}},{"type":"Feature","id":"luse_8ad9d0a4-a515-4613-92ed-44b421f9066d","geometry":{"type":"Polygon","coordinates":[[[139.0643786,35.9694341],[139.064342,35.9694563],[139.0643303,35.9694634],[139.0642836,35.9694892],[139.0642803,35.9694912],[139.064232,35.9695206],[139.0641915,35.969547],[139.0641886,35.9695491],[139.064187,35.9695501],[139.0641706,35.969561],[139.0641379,35.9695833],[139.0640956,35.9696142],[139.0640686,35.9696338],[139.0640227,35.9696627],[139.0639811,35.9696877],[139.0639185,35.9697189],[139.0639049,35.9697089],[139.0637979,35.9696294],[139.0637106,35.9695654],[139.0637078,35.9695633],[139.0637184,35.9695549],[139.0637153,35.9695517],[139.0637204,35.9695472],[139.0637534,35.9695259],[139.0638336,35.9694743],[139.0638746,35.9694451],[139.0638764,35.969444],[139.0639015,35.9694269],[139.0639533,35.9693917],[139.0639569,35.9693893],[139.063964,35.9693845],[139.0640873,35.9692989],[139.0641082,35.9692841],[139.064114,35.96928],[139.064211,35.9692119],[139.0642364,35.9691946],[139.0643698,35.9692935],[139.0644464,35.9693495],[139.0644584,35.9693602],[139.0644688,35.9693694],[139.0644453,35.9693875],[139.064445,35.9693873],[139.0644447,35.9693871],[139.0644413,35.9693845],[139.0643786,35.9694341]]]},"properties":{"layer":"landuse","class_code":"211","class_label":"住宅用地（住宅、共同住宅、店舗等併用住宅、店舗等併用共同住宅、作業所併用住宅）"}},{"type":"Feature","id":"luse_f61a5c62-45e6-46bd-9d39-071f328b84d8","geometry":{"type":"Polygon","coordinates":[[[139.0674587,35.969653],[139.067394,35.9697605],[139.0671267,35.9696614],[139.0670537,35.9696328],[139.0669775,35.9695896],[139.0670893,35.969432],[139.0668404,35.9692813],[139.0668773,35.9692461],[139.0668894,35.9692341],[139.0668975,35.9692257],[139.0669176,35.9691996],[139.0669392,35.9691729],[139.0669661,35.9691382],[139.0669838,35.9691149],[139.0669915,35.9691038],[139.0670465,35.9690325],[139.0670576,35.9690217],[139.0670685,35.969031],[139.0670737,35.9690358],[139.0670942,35.9690546],[139.0671747,35.9691232],[139.0671821,35.9691296],[139.0671965,35.9691421],[139.0672334,35.9691738],[139.0672272,35.9691844],[139.0671808,35.969263],[139.0671615,35.9692969],[139.067177,35.9693037],[139.0671791,35.9693047],[139.0671804,35.9693052],[139.0672497,35.9691881],[139.0672555,35.9691931],[139.0672806,35.9692101],[139.0673382,35.969251],[139.0673465,35.9692586],[139.0673582,35.9692687],[139.0673684,35.9692775],[139.0674321,35.9693309],[139.0674477,35.9693441],[139.0674687,35.9693615],[139.0675465,35.9694267],[139.0675474,35.9694359],[139.0675474,35.9694424],[139.0675464,35.9694484],[139.0675365,35.9694624],[139.0675174,35.9694892],[139.067518,35.9694894],[139.0675253,35.969493],[139.0675328,35.9694966],[139.0675332,35.969496],[139.0675347,35.9694938],[139.0674587,35.969653]]]},"properties":{"layer":"landuse","class_code":"211","class_label":"住宅用地（住宅、共同住宅、店舗等併用住宅、店舗等併用共同住宅、作業所併用住宅）"}},{"type":"Feature","id":"luse_b4e884e7-0e14-4968-8274-e16fd0c7c088","geometry":{"type":"Polygon","coordinates":[[[139.0634976,35.9696731],[139.0634717,35.9696936],[139.0634361,35.9697222],[139.0633878,35.9697606],[139.0633851,35.9697629],[139.0633777,35.9697774],[139.0633725,35.9697802],[139.0633603,35.9697854],[139.0633599,35.9697854],[139.0631801,35.9696532],[139.0633066,35.9695387],[139.0634976,35.9696731]]]},"properties":{"layer":"landuse","class_code":"211","class_label":"住宅用地（住宅、共同住宅、店舗等併用住宅、店舗等併用共同住宅、作業所併用住宅）"}},{"type":"Feature","id":"luse_fa5fae8e-2783-43c9-89e7-d1a01913fc04","geometry":{"type":"Polygon","coordinates":[[[139.0644194,35.9698785],[139.064312,35.9697792],[139.0644287,35.9696989],[139.0643778,35.9696497],[139.0640457,35.9698473],[139.0640281,35.9698264],[139.0640245,35.9698222],[139.0639867,35.969777],[139.0639666,35.9697531],[139.0639718,35.9697405],[139.0639749,35.9697384],[139.0640227,35.9697068],[139.0640782,35.9696686],[139.0640887,35.9696618],[139.0641225,35.9696399],[139.06413,35.9696351],[139.0642086,35.9695825],[139.0642266,35.9695703],[139.0642367,35.9695635],[139.0642482,35.9695559],[139.0643175,35.9695106],[139.0643208,35.9695084],[139.0643983,35.9694595],[139.064471,35.96941],[139.0645042,35.9693987],[139.0645068,35.9694011],[139.0645216,35.9694142],[139.064523,35.9694156],[139.064581,35.9694755],[139.0645908,35.9694856],[139.0646684,35.9695611],[139.0647206,35.9696139],[139.0647492,35.969641],[139.0647563,35.9696485],[139.0644194,35.9698785]]]},"properties":{"layer":"landuse","class_code":"211","class_label":"住宅用地（住宅、共同住宅、店舗等併用住宅、店舗等併用共同住宅、作業所併用住宅）"}},{"type":"Feature","id":"luse_5229a90d-e073-4ec6-a1b6-c97a3c7279ca","geometry":{"type":"Polygon","coordinates":[[[139.0686525,35.9694661],[139.068653,35.9694671],[139.0686533,35.9694716],[139.0686543,35.9694844],[139.0686541,35.9695508],[139.0686514,35.9695777],[139.0686437,35.9696161],[139.0686351,35.9696605],[139.0686226,35.9697424],[139.0686186,35.9697683],[139.0686151,35.9697913],[139.0686133,35.9698022],[139.0686116,35.9698127],[139.0686028,35.9698337],[139.0685979,35.9698437],[139.0685965,35.9698468],[139.0685896,35.9698613],[139.068579,35.9698873],[139.0685597,35.9699353],[139.0685584,35.9699381],[139.0685578,35.9699393],[139.0682795,35.9698692],[139.0684762,35.9694719],[139.0684766,35.9694719],[139.06854,35.9694664],[139.0685822,35.9694644],[139.0685826,35.9694644],[139.0686453,35.9694655],[139.0686457,35.9694655],[139.0686518,35.9694657],[139.0686525,35.9694661]]]},"properties":{"layer":"landuse","class_code":"211","class_label":"住宅用地（住宅、共同住宅、店舗等併用住宅、店舗等併用共同住宅、作業所併用住宅）"}},{"type":"Feature","id":"luse_635c21e0-0fec-45be-a9a2-1faa98075645","geometry":{"type":"Polygon","coordinates":[[[139.0638194,35.969787],[139.0637873,35.9698111],[139.0637772,35.9698188],[139.0637373,35.9698463],[139.0637255,35.9698549],[139.0636638,35.9698996],[139.0636108,35.9699379],[139.0634149,35.9697917],[139.063413,35.9697822],[139.0634169,35.9697791],[139.0634541,35.9697485],[139.0634733,35.9697328],[139.0635406,35.9696768],[139.0636528,35.969592],[139.0636597,35.9695873],[139.0636755,35.9695837],[139.0636801,35.9695867],[139.0636811,35.9695875],[139.0637688,35.9696507],[139.0637672,35.9696615],[139.0637644,35.9696713],[139.0637605,35.9696819],[139.0637513,35.9696939],[139.0636764,35.9697442],[139.0636939,35.9697615],[139.0637304,35.9697371],[139.063769,35.9697112],[139.0637814,35.9697013],[139.0637995,35.9696869],[139.0638048,35.9696842],[139.0638104,35.9696821],[139.0638293,35.9696964],[139.06388,35.9697338],[139.063878,35.9697427],[139.0638708,35.9697481],[139.0638194,35.969787]]]},"properties":{"layer":"landuse","class_code":"211","class_label":"住宅用地（住宅、共同住宅、店舗等併用住宅、店舗等併用共同住宅、作業所併用住宅）"}},{"type":"Feature","id":"luse_514694dc-4869-400e-a59b-ae69f244e9cc","geometry":{"type":"Polygon","coordinates":[[[139.0653199,35.9693777],[139.0654167,35.9694599],[139.0654192,35.9694631],[139.0654213,35.9694672],[139.0654218,35.96947],[139.0654219,35.9694726],[139.0654211,35.969476],[139.0654201,35.9694791],[139.0654181,35.9694824],[139.0654166,35.969485],[139.0654125,35.9694899],[139.0653731,35.969525],[139.0653505,35.9695465],[139.0653243,35.9695696],[139.0653169,35.9695788],[139.0653089,35.9695933],[139.065303,35.9696079],[139.0653014,35.9696167],[139.0652973,35.9696376],[139.0652952,35.9696705],[139.0652854,35.9697568],[139.0652798,35.9697866],[139.0652735,35.9697983],[139.0652597,35.9698113],[139.0651879,35.9698869],[139.0651857,35.9698892],[139.0651798,35.9698955],[139.0651658,35.9699113],[139.0651486,35.9699255],[139.0651315,35.969938],[139.0651115,35.9699475],[139.0651061,35.9699491],[139.0651057,35.9699492],[139.0651006,35.9699499],[139.0650969,35.9699502],[139.0650948,35.9699501],[139.0650944,35.9699501],[139.0650924,35.96995],[139.0650921,35.96995],[139.06509,35.9699495],[139.0650878,35.9699487],[139.065086,35.9699477],[139.0650835,35.9699456],[139.0650512,35.969904],[139.064949,35.9697727],[139.0649308,35.9697494],[139.0649114,35.9697247],[139.0649085,35.969721],[139.0648661,35.9696708],[139.0652987,35.9693598],[139.0653199,35.9693777]]]},"properties":{"layer":"landuse","class_code":"211","class_label":"住宅用地（住宅、共同住宅、店舗等併用住宅、店舗等併用共同住宅、作業所併用住宅）"}},{"type":"Feature","id":"luse_d19dbbb0-92f0-4bf8-9937-3c72466bbcae","geometry":{"type":"Polygon","coordinates":[[[139.0661813,35.9698731],[139.0661805,35.9698769],[139.0661805,35.9698929],[139.0661798,35.9699287],[139.0661814,35.9699287],[139.0661853,35.9699287],[139.0661825,35.9699402],[139.066179,35.9699413],[139.0661665,35.9699453],[139.0661544,35.9699878],[139.0661673,35.970001],[139.0661693,35.970003],[139.0661627,35.9700294],[139.0660811,35.9699832],[139.0658087,35.9698125],[139.0656939,35.9699638],[139.0655182,35.9698575],[139.0655345,35.9698353],[139.0653188,35.9697047],[139.0653217,35.9696803],[139.0653258,35.9696404],[139.0653281,35.9696228],[139.0653329,35.9696111],[139.0653404,35.9696004],[139.0653578,35.9695832],[139.0653685,35.9695727],[139.0653701,35.9695711],[139.0653775,35.9695639],[139.0653923,35.9695495],[139.065417,35.9695256],[139.0654595,35.9694841],[139.0654834,35.9694782],[139.065513,35.9694775],[139.0655134,35.9694775],[139.0655348,35.9694776],[139.0655659,35.9694824],[139.0656022,35.9694919],[139.0656026,35.969492],[139.0656884,35.9695178],[139.0656982,35.9695203],[139.0657005,35.9695226],[139.0657015,35.969524],[139.0657022,35.9695254],[139.0657037,35.9695278],[139.0657039,35.9695291],[139.0657038,35.9695309],[139.0656771,35.9695715],[139.0656483,35.9696173],[139.0656339,35.9696402],[139.0656278,35.9696499],[139.0656215,35.9696594],[139.0656142,35.9696691],[139.0656332,35.9696783],[139.0656408,35.9696682],[139.0656474,35.9696582],[139.0656677,35.9696261],[139.0656968,35.9695798],[139.0657276,35.9695329],[139.0657319,35.9695295],[139.0657379,35.9695276],[139.0657954,35.9695407],[139.0658137,35.9695448],[139.065821,35.9695226],[139.0657453,35.9695054],[139.0657437,35.9695041],[139.0657428,35.9695031],[139.0657418,35.9695015],[139.0657412,35.9695],[139.0657409,35.9694981],[139.0657411,35.9694959],[139.0657502,35.9694868],[139.0658192,35.9694178],[139.0658849,35.9694445],[139.065942,35.9694703],[139.0660243,35.9695105],[139.0661032,35.969554],[139.0661171,35.9695616],[139.0661235,35.969565],[139.0661949,35.969605],[139.0662705,35.9696452],[139.0662969,35.9696592],[139.0663067,35.9696648],[139.0662634,35.9697125],[139.0662557,35.9697229],[139.0662153,35.9697989],[139.0662023,35.9698207],[139.066197,35.9698196],[139.0661813,35.9698731]]]},"properties":{"layer":"landuse","class_code":"211","class_label":"住宅用地（住宅、共同住宅、店舗等併用住宅、店舗等併用共同住宅、作業所併用住宅）"}},{"type":"Feature","id":"luse_369b1489-7740-4313-8a6f-b7789692eebd","geometry":{"type":"Polygon","coordinates":[[[139.0652759,35.9700372],[139.0652715,35.9700341],[139.0652679,35.9700316],[139.0652573,35.9700239],[139.0652569,35.9700237],[139.0652317,35.9700056],[139.0652301,35.9700067],[139.0652013,35.969983],[139.0651689,35.9699573],[139.0651618,35.9699513],[139.0651887,35.9699269],[139.0652425,35.9698789],[139.065263,35.9698603],[139.0652867,35.9698345],[139.0652968,35.9698236],[139.0653026,35.9698152],[139.0654413,35.9698979],[139.0652759,35.9700372]]]},"properties":{"layer":"landuse","class_code":"211","class_label":"住宅用地（住宅、共同住宅、店舗等併用住宅、店舗等併用共同住宅、作業所併用住宅）"}},{"type":"Feature","id":"luse_79a2cf59-23da-4dde-a5c4-d662758978e0","geometry":{"type":"Polygon","coordinates":[[[139.0705009,35.9699686],[139.0704932,35.9699858],[139.0704242,35.970122],[139.0699827,35.9699853],[139.0699834,35.9699099],[139.069985,35.9699099],[139.0699853,35.96991],[139.0699895,35.9698382],[139.0699931,35.9697699],[139.0699906,35.9697446],[139.0699922,35.96974],[139.0699966,35.9697377],[139.0700811,35.9697084],[139.0701793,35.9696783],[139.0701838,35.9696826],[139.0701897,35.9696884],[139.0702084,35.9696823],[139.0702032,35.9696756],[139.0701998,35.9696712],[139.0702736,35.9696456],[139.0702834,35.9696429],[139.0702852,35.9696432],[139.0702856,35.9696433],[139.0702876,35.969644],[139.0702892,35.9696449],[139.0702975,35.9696509],[139.0703335,35.9696769],[139.070369,35.9697009],[139.0702953,35.9698925],[139.0705009,35.9699686]]]},"properties":{"layer":"landuse","class_code":"211","class_label":"住宅用地（住宅、共同住宅、店舗等併用住宅、店舗等併用共同住宅、作業所併用住宅）"}},{"type":"Feature","id":"luse_9eccf2e0-0261-4adf-9c1a-910f3381507c","geometry":{"type":"Polygon","coordinates":[[[139.0650325,35.9699906],[139.0650352,35.9699946],[139.0650108,35.9700146],[139.0649492,35.9700628],[139.0649068,35.9700963],[139.0648831,35.9701149],[139.0648813,35.9701164],[139.0648713,35.9701244],[139.0646571,35.9698911],[139.0646282,35.9698468],[139.0648271,35.9697254],[139.0648322,35.9697315],[139.0648501,35.9697526],[139.064878,35.9697887],[139.0648825,35.9697944],[139.0649123,35.9698354],[139.0649275,35.9698556],[139.0649823,35.9699284],[139.0649867,35.9699342],[139.0649908,35.9699395],[139.0650289,35.9699904],[139.0650316,35.9699892],[139.0650325,35.9699906]]]},"properties":{"layer":"landuse","class_code":"211","class_label":"住宅用地（住宅、共同住宅、店舗等併用住宅、店舗等併用共同住宅、作業所併用住宅）"}},{"type":"Feature","id":"luse_32c661f2-94d0-4f68-870a-ff98a93f4d27","geometry":{"type":"Polygon","coordinates":[[[139.0697507,35.9700124],[139.0696404,35.9702391],[139.0696187,35.9702301],[139.06958,35.9702122],[139.0695797,35.970212],[139.0695097,35.9701796],[139.0694766,35.9701658],[139.0694414,35.970151],[139.0694009,35.9701322],[139.0693469,35.9701073],[139.0692423,35.9700535],[139.0692003,35.9700319],[139.0691527,35.9700073],[139.0691303,35.9699956],[139.0690587,35.9699639],[139.0689848,35.9699344],[139.0689192,35.9699077],[139.0689049,35.9699026],[139.0688726,35.969891],[139.0688238,35.9698734],[139.0687143,35.9698353],[139.0686708,35.9698206],[139.0686705,35.9698205],[139.0686583,35.9698164],[139.0686535,35.9698089],[139.0686555,35.9697969],[139.0686636,35.9697566],[139.0686678,35.9697092],[139.0686827,35.9696226],[139.0686862,35.9695973],[139.068686,35.969589],[139.0686851,35.9695513],[139.0686839,35.9695271],[139.0686849,35.969508],[139.0686874,35.9694922],[139.0686879,35.9694833],[139.0686884,35.9694755],[139.0686885,35.9694705],[139.0686888,35.9694686],[139.0686892,35.9694674],[139.0686901,35.9694668],[139.0687054,35.9694672],[139.0687057,35.9694672],[139.0687612,35.9694725],[139.068796,35.9694767],[139.0688354,35.9694838],[139.0688731,35.9694928],[139.0688836,35.9694963],[139.068912,35.9695056],[139.0689431,35.9695162],[139.0689434,35.9695163],[139.0690018,35.9695362],[139.0690599,35.9695779],[139.0691006,35.9695885],[139.0692058,35.9696158],[139.0692317,35.9696225],[139.069232,35.9696226],[139.0692342,35.9696266],[139.0692348,35.9696311],[139.0692013,35.969687],[139.06916,35.9697416],[139.0691952,35.9697589],[139.0691956,35.969759],[139.0692355,35.9697034],[139.0692662,35.9696495],[139.0692754,35.9696345],[139.0692828,35.9696327],[139.0693629,35.9696497],[139.0694766,35.9696809],[139.0695199,35.969691],[139.0695813,35.9697016],[139.0695816,35.9697016],[139.0696906,35.969722],[139.0696765,35.9697513],[139.0696401,35.9698282],[139.0696689,35.9698371],[139.0696693,35.9698372],[139.0697174,35.9697264],[139.0697433,35.9697307],[139.0698029,35.9697403],[139.0698085,35.9697597],[139.069798,35.9698816],[139.0697507,35.9700124]]]},"properties":{"layer":"landuse","class_code":"211","class_label":"住宅用地（住宅、共同住宅、店舗等併用住宅、店舗等併用共同住宅、作業所併用住宅）"}},{"type":"Feature","id":"luse_f38ef8d4-60e8-446e-a2c6-0d98fda157e6","geometry":{"type":"Polygon","coordinates":[[[139.0664718,35.9702222],[139.0661928,35.9700942],[139.0662187,35.9699881],[139.0662182,35.9699854],[139.0662462,35.9699851],[139.0662563,35.9699878],[139.0662936,35.9700005],[139.0663406,35.9700163],[139.0663514,35.9699949],[139.0662678,35.9699654],[139.066256,35.9699611],[139.0662168,35.9699492],[139.066211,35.9699445],[139.0662116,35.9699411],[139.0662117,35.969937],[139.066213,35.9698922],[139.0662194,35.969862],[139.0662199,35.9698595],[139.0662312,35.969829],[139.0662402,35.9698079],[139.0662531,35.9697798],[139.0662579,35.9697693],[139.0662722,35.9697455],[139.0662894,35.9697218],[139.0663045,35.9697037],[139.0663224,35.9696852],[139.066326,35.969687],[139.0663762,35.9697135],[139.0664215,35.9697334],[139.066461,35.9697512],[139.0665062,35.9697716],[139.0665208,35.9697779],[139.0665259,35.9697801],[139.066429,35.9699532],[139.0666031,35.9700226],[139.0666916,35.9698534],[139.0667764,35.9698867],[139.0667788,35.9698875],[139.066793,35.9698934],[139.0668353,35.9699471],[139.0667366,35.9701257],[139.0665696,35.9700736],[139.0664718,35.9702222]]]},"properties":{"layer":"landuse","class_code":"211","class_label":"住宅用地（住宅、共同住宅、店舗等併用住宅、店舗等併用共同住宅、作業所併用住宅）"}},{"type":"Feature","id":"luse_abffc53e-1af3-46c3-a91c-35fa8a73b730","geometry":{"type":"Polygon","coordinates":[[[139.0685225,35.9701003],[139.0685199,35.9701195],[139.0685181,35.9701439],[139.0685215,35.9702141],[139.0685224,35.970228],[139.0685217,35.9702324],[139.068512,35.9702992],[139.0684967,35.9703593],[139.068496,35.9703619],[139.0684806,35.9703593],[139.068469,35.9703306],[139.0684388,35.9702553],[139.0684024,35.9701639],[139.0683824,35.9701294],[139.0683581,35.9700874],[139.0683566,35.970085],[139.0683558,35.9700838],[139.0685225,35.9701003]]]},"properties":{"layer":"landuse","class_code":"211","class_label":"住宅用地（住宅、共同住宅、店舗等併用住宅、店舗等併用共同住宅、作業所併用住宅）"}},{"type":"Feature","id":"luse_5f17063b-391c-4dbf-9d4e-fa3ee3a114a8","geometry":{"type":"Polygon","coordinates":[[[139.0645283,35.9699794],[139.0647834,35.9702154],[139.0647527,35.9702482],[139.064727,35.9702744],[139.0647015,35.9703],[139.0646753,35.9703266],[139.0646747,35.9703271],[139.0646627,35.9703396],[139.0646091,35.9703942],[139.0646028,35.9704005],[139.0645996,35.9704032],[139.0645845,35.9704159],[139.0645798,35.9704149],[139.0645453,35.9704081],[139.0644859,35.970345],[139.0644547,35.9703114],[139.064409,35.9702633],[139.0644073,35.9702616],[139.0643754,35.9702281],[139.0642952,35.9701424],[139.0642934,35.9701402],[139.0642919,35.9701383],[139.0642814,35.9701259],[139.0642636,35.9701048],[139.0642547,35.9700942],[139.0642235,35.9700582],[139.0644622,35.9699182],[139.0645283,35.9699794]]]},"properties":{"layer":"landuse","class_code":"211","class_label":"住宅用地（住宅、共同住宅、店舗等併用住宅、店舗等併用共同住宅、作業所併用住宅）"}},{"type":"Feature","id":"luse_4a6557d1-2174-4ade-968f-987018bd4ebc","geometry":{"type":"Polygon","coordinates":[[[139.0661302,35.9701612],[139.0661158,35.9702634],[139.0661154,35.9702661],[139.0661152,35.9702671],[139.0661151,35.9702678],[139.0661012,35.9703153],[139.0660956,35.9703343],[139.066093,35.9703434],[139.0660915,35.9703485],[139.0660879,35.9703577],[139.0660778,35.9703839],[139.0660674,35.9704161],[139.0660663,35.9704197],[139.0660411,35.9704262],[139.0660375,35.9704245],[139.0658616,35.9703424],[139.0658554,35.9703397],[139.065826,35.9703269],[139.0657815,35.9703074],[139.0657504,35.9702937],[139.0657494,35.9702933],[139.0657432,35.9702906],[139.0657146,35.970278],[139.0657116,35.9702767],[139.0656364,35.9702436],[139.0656356,35.9702432],[139.0656129,35.9702332],[139.0657047,35.9700848],[139.0658625,35.9701459],[139.0659588,35.9700135],[139.0661425,35.9701061],[139.0661358,35.9701359],[139.0661302,35.9701612]]]},"properties":{"layer":"landuse","class_code":"211","class_label":"住宅用地（住宅、共同住宅、店舗等併用住宅、店舗等併用共同住宅、作業所併用住宅）"}},{"type":"Feature","id":"luse_53899910-da4f-44d8-85eb-357350e90824","geometry":{"type":"Polygon","coordinates":[[[139.0703382,35.9702871],[139.0703266,35.9703096],[139.0703197,35.9703228],[139.0702977,35.9703656],[139.0702648,35.9704294],[139.070251,35.9704569],[139.0702434,35.9704711],[139.0702231,35.9704806],[139.070209,35.9704748],[139.0701979,35.97047],[139.0700786,35.970419],[139.0700783,35.9704189],[139.0699872,35.9703804],[139.0699175,35.9703516],[139.0698715,35.9703353],[139.0698424,35.9703217],[139.069927,35.9701358],[139.0703382,35.9702871]]]},"properties":{"layer":"landuse","class_code":"211","class_label":"住宅用地（住宅、共同住宅、店舗等併用住宅、店舗等併用共同住宅、作業所併用住宅）"}},{"type":"Feature","id":"luse_32938cf1-9e9a-49b8-b761-b3b4ce07e482","geometry":{"type":"Polygon","coordinates":[[[139.0675185,35.9701652],[139.067515,35.9702194],[139.0675142,35.9702901],[139.0675154,35.9703181],[139.0675178,35.9703337],[139.0675215,35.9703494],[139.067539,35.9704159],[139.0675451,35.9704477],[139.0675467,35.9704617],[139.0675456,35.9704729],[139.0675424,35.9704822],[139.0675404,35.9704849],[139.0675111,35.970516],[139.0674978,35.9705322],[139.0674086,35.970431],[139.0672243,35.9702048],[139.0673563,35.9701154],[139.0674157,35.9701644],[139.0675185,35.9701652]]]},"properties":{"layer":"landuse","class_code":"211","class_label":"住宅用地（住宅、共同住宅、店舗等併用住宅、店舗等併用共同住宅、作業所併用住宅）"}},{"type":"Feature","id":"luse_b3535485-4a2c-497d-aa17-b4012b431cbd","geometry":{"type":"Polygon","coordinates":[[[139.0663709,35.9704005],[139.0663211,35.9704678],[139.0662388,35.9705426],[139.066238,35.9705421],[139.0661779,35.9705075],[139.0661249,35.970477],[139.0661175,35.9704728],[139.0661167,35.9704694],[139.0661095,35.9704355],[139.0661429,35.970299],[139.0663709,35.9704005]]]},"properties":{"layer":"landuse","class_code":"211","class_label":"住宅用地（住宅、共同住宅、店舗等併用住宅、店舗等併用共同住宅、作業所併用住宅）"}},{"type":"Feature","id":"luse_e96be6b0-6c99-48d3-8b1c-eb1d58eccb23","geometry":{"type":"Polygon","coordinates":[[[139.0626196,35.9699569],[139.0626897,35.9700129],[139.0627487,35.97006],[139.0628233,35.9701212],[139.0628273,35.9701245],[139.0628389,35.970134],[139.0629172,35.970197],[139.0629601,35.9702315],[139.063002,35.9702652],[139.0630325,35.9702897],[139.0630578,35.9703101],[139.0630662,35.9703168],[139.0631069,35.9703495],[139.0631441,35.9703795],[139.0631462,35.9703812],[139.0631599,35.9703922],[139.0631623,35.9703943],[139.0631562,35.9703995],[139.0630845,35.9704629],[139.0630565,35.9704875],[139.0629722,35.970561],[139.0629391,35.9705893],[139.0628926,35.9705595],[139.0628899,35.9705579],[139.0628392,35.9705457],[139.0628241,35.9705444],[139.062641,35.9703727],[139.0626552,35.9703571],[139.0625103,35.9702374],[139.0625,35.9702280444126],[139.0625,35.96994419767442],[139.0625504,35.9699015],[139.0625837,35.9699281],[139.0626196,35.9699569]]]},"properties":{"layer":"landuse","class_code":"211","class_label":"住宅用地（住宅、共同住宅、店舗等併用住宅、店舗等併用共同住宅、作業所併用住宅）"}},{"type":"Feature","id":"luse_ec9049e9-1d8e-4b72-b6c3-847f090c9489","geometry":{"type":"Polygon","coordinates":[[[139.0639189,35.9697672],[139.063926,35.9697706],[139.0639412,35.9697872],[139.0639784,35.9698295],[139.0639895,35.9698421],[139.0640115,35.9698677],[139.064045,35.9699063],[139.0640649,35.9699295],[139.0641002,35.969971],[139.0641203,35.9699946],[139.0641362,35.9700131],[139.0642325,35.9701257],[139.0642315,35.9701345],[139.0641287,35.9702139],[139.064112,35.9702257],[139.0640702,35.9702552],[139.0640402,35.9702772],[139.0639867,35.9703164],[139.0639111,35.9703697],[139.0638467,35.9704144],[139.0638343,35.9704229],[139.0637842,35.9704562],[139.0637831,35.970457],[139.0637343,35.9704918],[139.0635791,35.9706014],[139.0635763,35.9705991],[139.0634386,35.9704899],[139.0633861,35.9704482],[139.0633819,35.9704449],[139.063296,35.9703777],[139.0632863,35.9703701],[139.0632805,35.9703653],[139.0632542,35.970344],[139.0632542,35.9703432],[139.0632707,35.9703261],[139.0632761,35.9703204],[139.0633248,35.9702664],[139.0633697,35.9702205],[139.0634344,35.9701526],[139.0634587,35.9701272],[139.0635092,35.9700732],[139.0635481,35.9700386],[139.0635598,35.9700281],[139.0635951,35.9699972],[139.0636082,35.9699855],[139.06361,35.9699839],[139.0636277,35.9699674],[139.0636838,35.969926],[139.0637316,35.9698911],[139.0637626,35.9698685],[139.0637659,35.969866],[139.0637793,35.9698559],[139.0637885,35.9698489],[139.0638086,35.9698336],[139.0638602,35.9697973],[139.0638981,35.9697696],[139.0639078,35.9697677],[139.06391,35.9697672],[139.0639172,35.9697672],[139.0639189,35.9697672]]]},"properties":{"layer":"landuse","class_code":"211","class_label":"住宅用地（住宅、共同住宅、店舗等併用住宅、店舗等併用共同住宅、作業所併用住宅）"}},{"type":"Feature","id":"luse_6b1cce94-5a7e-43fa-a31a-87028849cb21","geometry":{"type":"Polygon","coordinates":[[[139.0694734,35.9704958],[139.0694731,35.970496],[139.0694587,35.9705031],[139.0694178,35.9705281],[139.0694102,35.9705327],[139.0693922,35.9705465],[139.0693155,35.970621],[139.0693054,35.9706308],[139.0692665,35.9706703],[139.0692427,35.9706929],[139.0692354,35.9706969],[139.0692277,35.970702],[139.0692101,35.9707004],[139.0691948,35.9706934],[139.0691826,35.970689],[139.0691669,35.9706833],[139.0690506,35.9706347],[139.0690077,35.9706142],[139.0689713,35.9705969],[139.0688874,35.9705588],[139.0688211,35.9705243],[139.0687948,35.9705105],[139.0687417,35.970486],[139.0687377,35.9704858],[139.0687365,35.9704857],[139.0686984,35.9704696],[139.0686276,35.9704418],[139.0686035,35.9704353],[139.0686032,35.9704352],[139.068566,35.9704266],[139.0685604,35.9704262],[139.0685599,35.9704262],[139.0685435,35.9704249],[139.0685185,35.9704217],[139.0685173,35.970396],[139.0685396,35.9703033],[139.0685483,35.9702677],[139.0685498,35.9702395],[139.0685467,35.9701878],[139.068548,35.970163],[139.068549,35.9701447],[139.0685501,35.9701251],[139.068558,35.970058],[139.0685688,35.9699988],[139.0685726,35.9699832],[139.0685903,35.9699433],[139.0686024,35.9699174],[139.0686176,35.969885],[139.0686239,35.9698715],[139.0686289,35.9698621],[139.0686338,35.9698526],[139.0686429,35.9698514],[139.0686473,35.969853],[139.0686957,35.9698712],[139.0687337,35.9698832],[139.0687362,35.969884],[139.0687561,35.9698903],[139.068854,35.9699254],[139.0689775,35.969972],[139.0690378,35.9699964],[139.0691086,35.9700277],[139.0692176,35.9700832],[139.069339,35.9701442],[139.0694296,35.9701899],[139.069476,35.9702125],[139.0694842,35.9702166],[139.0695379,35.9702402],[139.0695967,35.9702651],[139.069604,35.9702688],[139.0696037,35.9702694],[139.0696034,35.9702702],[139.0696051,35.9702708],[139.0696035,35.9702795],[139.069599,35.9702943],[139.0695717,35.970367],[139.0695677,35.9703819],[139.0695564,35.9704133],[139.0695394,35.9704449],[139.0695279,35.9704619],[139.0695191,35.9704707],[139.0695022,35.9704818],[139.0694734,35.9704958]]]},"properties":{"layer":"landuse","class_code":"211","class_label":"住宅用地（住宅、共同住宅、店舗等併用住宅、店舗等併用共同住宅、作業所併用住宅）"}},{"type":"Feature","id":"luse_47a4f25f-459b-45d1-ac11-c1bbbc1eecfa","geometry":{"type":"Polygon","coordinates":[[[139.0666912,35.9705893],[139.0665667,35.9707086],[139.0665585,35.9707069],[139.0665582,35.9707068],[139.0665135,35.9706913],[139.0666079,35.970409],[139.0666462,35.9703616],[139.066799,35.9704336],[139.066747,35.970523],[139.0666912,35.9705893]]]},"properties":{"layer":"landuse","class_code":"211","class_label":"住宅用地（住宅、共同住宅、店舗等併用住宅、店舗等併用共同住宅、作業所併用住宅）"}},{"type":"Feature","id":"luse_48aa14c4-3523-4c14-a1f2-900d586f5719","geometry":{"type":"Polygon","coordinates":[[[139.0684312,35.9706105],[139.0684063,35.9706329],[139.0683695,35.9706569],[139.06828,35.9706912],[139.0682374,35.9707077],[139.0682043,35.9707206],[139.068058,35.9705964],[139.0679253,35.9707028],[139.0679129,35.9706951],[139.0678275,35.9706283],[139.0677997,35.9706056],[139.0677005,35.9705248],[139.0676908,35.9705171],[139.0676397,35.9704767],[139.0676696,35.9704644],[139.0676854,35.9704558],[139.067702,35.9704446],[139.0677268,35.9704223],[139.0677482,35.9704004],[139.0676992,35.9703767],[139.0676751,35.9704198],[139.0676701,35.9704274],[139.0676629,35.9704353],[139.0676568,35.9704396],[139.067645,35.9704458],[139.067636,35.9704488],[139.0676241,35.9703603],[139.0676085,35.9702025],[139.0676099,35.9701745],[139.0676133,35.9701418],[139.0676188,35.9701154],[139.0681012,35.9702439],[139.0682329,35.9700194],[139.0682331,35.9700196],[139.068236,35.9700225],[139.0682819,35.9700748],[139.0682997,35.9700973],[139.0683115,35.9701133],[139.0683468,35.9701723],[139.0683526,35.9701822],[139.0683737,35.970223],[139.0683803,35.9702354],[139.0683957,35.9702686],[139.0684281,35.9703433],[139.0684543,35.9704056],[139.0684743,35.9704654],[139.0684813,35.9704882],[139.0684866,35.9705106],[139.0684877,35.9705192],[139.0684876,35.9705222],[139.0684824,35.9705425],[139.0684666,35.9705671],[139.0684485,35.9705891],[139.0684312,35.9706105]]]},"properties":{"layer":"landuse","class_code":"211","class_label":"住宅用地（住宅、共同住宅、店舗等併用住宅、店舗等併用共同住宅、作業所併用住宅）"}},{"type":"Feature","id":"luse_3e62bc34-c13c-4907-94b5-e6589cd2b5b9","geometry":{"type":"Polygon","coordinates":[[[139.0653733,35.9706284],[139.0652189,35.9707644],[139.0651643,35.9707176],[139.0651623,35.970669],[139.0651542,35.9705953],[139.0651403,35.9705008],[139.065123,35.970382],[139.0651194,35.9703577],[139.0651143,35.9703236],[139.0651123,35.9703101],[139.0650916,35.9702267],[139.0650691,35.970127],[139.0650648,35.9701141],[139.065064,35.970112],[139.0650589,35.9700969],[139.0650485,35.9700664],[139.0650482,35.9700654],[139.0650553,35.9700639],[139.0650556,35.9700639],[139.0650681,35.9700566],[139.0650784,35.9700508],[139.0650795,35.970052],[139.0650916,35.9700658],[139.0651089,35.9700892],[139.0651531,35.9701489],[139.0652473,35.9702735],[139.0652808,35.9703157],[139.0653347,35.9703887],[139.0653754,35.9704423],[139.0654208,35.9705026],[139.06546,35.9705544],[139.0653648,35.9706069],[139.0653558,35.9706147],[139.0653733,35.9706284]]]},"properties":{"layer":"landuse","class_code":"211","class_label":"住宅用地（住宅、共同住宅、店舗等併用住宅、店舗等併用共同住宅、作業所併用住宅）"}},{"type":"Feature","id":"luse_54059ad7-5f7e-4a64-9582-00e01718a5cc","geometry":{"type":"Polygon","coordinates":[[[139.063882,35.9708329],[139.0638746,35.9708378],[139.0638658,35.9708307],[139.0637014,35.9706983],[139.0636018,35.9706197],[139.0636286,35.9706008],[139.0636665,35.9705737],[139.0636881,35.9705583],[139.0637544,35.9705122],[139.0637828,35.9704921],[139.0638416,35.9704507],[139.063847,35.9704467],[139.0638516,35.9704436],[139.0639326,35.9703876],[139.0639356,35.9703855],[139.0639967,35.970343],[139.0639981,35.970342],[139.0640734,35.9702885],[139.0640827,35.9702819],[139.0641831,35.970211],[139.0642483,35.9701642],[139.064249,35.9701637],[139.0642597,35.970156],[139.0642607,35.970157],[139.0642643,35.9701608],[139.0643418,35.9702431],[139.0644235,35.9703306],[139.0644649,35.9703772],[139.0645146,35.9704276],[139.0645391,35.9704541],[139.0644665,35.9704965],[139.064409,35.97053],[139.0643787,35.9705458],[139.0642433,35.9706226],[139.0642341,35.9706278],[139.0642136,35.9706392],[139.0641704,35.970663],[139.06411,35.9706965],[139.0640202,35.9707465],[139.0638825,35.9708329],[139.063882,35.9708329]]]},"properties":{"layer":"landuse","class_code":"211","class_label":"住宅用地（住宅、共同住宅、店舗等併用住宅、店舗等併用共同住宅、作業所併用住宅）"}},{"type":"Feature","id":"luse_225c4917-fb7c-49fb-9f8f-74d0eea2d9be","geometry":{"type":"Polygon","coordinates":[[[139.0634792,35.9706517],[139.0631362,35.9708978],[139.0630324,35.9708026],[139.0629984,35.9707607],[139.0628347,35.9705592],[139.0628656,35.9705646],[139.0628792,35.9705689],[139.0629011,35.9705816],[139.0629356,35.9706061],[139.062943,35.9706113],[139.0629613,35.9705946],[139.0630054,35.9705573],[139.0630441,35.9705238],[139.0630704,35.9705011],[139.0630778,35.9704947],[139.0630857,35.9704876],[139.0631198,35.970457],[139.0631599,35.9704229],[139.0631776,35.9704068],[139.0631796,35.9704083],[139.0632037,35.9704278],[139.063211,35.9704337],[139.0632648,35.9704759],[139.0632815,35.9704889],[139.0633046,35.970507],[139.0633219,35.9705213],[139.0633209,35.9705222],[139.0632895,35.9705489],[139.0632699,35.970567],[139.0632967,35.9705888],[139.0633105,35.9705776],[139.0633572,35.9705522],[139.0633577,35.9705519],[139.0633645,35.970553],[139.0634792,35.9706446],[139.0634746,35.970648],[139.0634792,35.9706517]]]},"properties":{"layer":"landuse","class_code":"211","class_label":"住宅用地（住宅、共同住宅、店舗等併用住宅、店舗等併用共同住宅、作業所併用住宅）"}},{"type":"Feature","id":"luse_78b330ed-f070-456a-9dca-a446c9a85bdd","geometry":{"type":"Polygon","coordinates":[[[139.0663605,35.9708363],[139.0663941,35.9708095],[139.0662022,35.9706782],[139.0659095,35.970948],[139.0658202,35.9708806],[139.0657857,35.9708497],[139.0657795,35.9708436],[139.0658837,35.9707701],[139.0658726,35.97076],[139.0657688,35.9708332],[139.0657515,35.9708163],[139.0657066,35.9707611],[139.0656623,35.9707062],[139.065617,35.9706466],[139.0658155,35.9705221],[139.0658052,35.9705114],[139.0656082,35.9706349],[139.0655802,35.9705984],[139.0655439,35.970551],[139.065533,35.9705368],[139.0655074,35.9705032],[139.065498,35.9704908],[139.0654841,35.9704725],[139.0654068,35.970372],[139.0653409,35.9702849],[139.0652726,35.9701935],[139.0652452,35.9701581],[139.0651807,35.9700745],[139.0651627,35.9700512],[139.0651517,35.9700368],[139.0651391,35.970019],[139.0651449,35.9700157],[139.0651472,35.9700145],[139.0651764,35.9699987],[139.0651801,35.9700026],[139.0651896,35.9700095],[139.0652104,35.9700246],[139.0652363,35.9700433],[139.0652511,35.970054],[139.0652623,35.9700621],[139.0653062,35.9700923],[139.0653154,35.9700986],[139.0653176,35.9701002],[139.0653316,35.9701093],[139.065345,35.970118],[139.0654072,35.9701583],[139.0654186,35.9701657],[139.0654241,35.9701686],[139.065431,35.9701723],[139.0655018,35.9702098],[139.0656002,35.9702576],[139.0656523,35.9702835],[139.0656892,35.9703019],[139.0656895,35.9703021],[139.0656935,35.9703039],[139.0657183,35.9703149],[139.0657691,35.9703376],[139.0657694,35.9703378],[139.0657826,35.9703436],[139.0658345,35.9703669],[139.0658402,35.9703695],[139.0658855,35.9703906],[139.0659077,35.970401],[139.0659554,35.9704233],[139.0660093,35.9704485],[139.066017,35.9704521],[139.0660344,35.9704612],[139.0660941,35.9704923],[139.06612,35.9705071],[139.0661402,35.9705186],[139.0661836,35.9705435],[139.0661966,35.9705508],[139.0662485,35.9705805],[139.0662531,35.9705831],[139.0663247,35.970624],[139.0664163,35.9706738],[139.0664864,35.970712],[139.0665333,35.9707386],[139.0665501,35.970748],[139.0666044,35.9707782],[139.0666137,35.9707834],[139.0664886,35.9709225],[139.0663605,35.9708363]]]},"properties":{"layer":"landuse","class_code":"211","class_label":"住宅用地（住宅、共同住宅、店舗等併用住宅、店舗等併用共同住宅、作業所併用住宅）"}},{"type":"Feature","id":"luse_405a1691-e4e1-4832-8deb-7a7cfd422e4e","geometry":{"type":"Polygon","coordinates":[[[139.0692004,35.971007],[139.0691425,35.9711071],[139.0691075,35.9710935],[139.0688503,35.9709932],[139.0687908,35.9711029],[139.0687768,35.9710701],[139.0687062,35.9709031],[139.0686984,35.9708866],[139.0686844,35.9708569],[139.0686657,35.9708141],[139.0686111,35.9706912],[139.0685559,35.9705505],[139.0685515,35.9705393],[139.0687192,35.9706116],[139.0687503,35.9705571],[139.0687695,35.970524],[139.0687854,35.9705302],[139.0688576,35.9705662],[139.068875,35.9705749],[139.0689587,35.9706148],[139.068959,35.970615],[139.0690389,35.9706498],[139.0691821,35.9707108],[139.0692011,35.9707187],[139.0692105,35.9707336],[139.0691762,35.970792],[139.0691328,35.9708639],[139.0691264,35.9708751],[139.0691111,35.9709011],[139.0690945,35.9709333],[139.0691002,35.9709542],[139.0691216,35.9709653],[139.0691661,35.9709884],[139.0692004,35.971007]]]},"properties":{"layer":"landuse","class_code":"211","class_label":"住宅用地（住宅、共同住宅、店舗等併用住宅、店舗等併用共同住宅、作業所併用住宅）"}},{"type":"Feature","id":"luse_b7d4ad56-6d7e-42a6-af27-e70cf0a91efd","geometry":{"type":"Polygon","coordinates":[[[139.0667888,35.970885],[139.066873,35.9709373],[139.0668752,35.9709386],[139.0668885,35.9709475],[139.0668947,35.9709647],[139.0668943,35.9709653],[139.066895,35.9709656],[139.0668547,35.9710105],[139.0667782,35.9710944],[139.0666612,35.9710272],[139.0665853,35.9709836],[139.0667199,35.9708442],[139.0667888,35.970885]]]},"properties":{"layer":"landuse","class_code":"211","class_label":"住宅用地（住宅、共同住宅、店舗等併用住宅、店舗等併用共同住宅、作業所併用住宅）"}},{"type":"Feature","id":"luse_0a62a0fb-b72b-4814-aad7-cbe2593acc52","geometry":{"type":"Polygon","coordinates":[[[139.0662483,35.9709399],[139.0663348,35.9710159],[139.0661907,35.9711523],[139.0661844,35.9711477],[139.0660872,35.9710795],[139.0660805,35.9710747],[139.066044,35.9710491],[139.0661949,35.9709021],[139.0662483,35.9709399]]]},"properties":{"layer":"landuse","class_code":"211","class_label":"住宅用地（住宅、共同住宅、店舗等併用住宅、店舗等併用共同住宅、作業所併用住宅）"}},{"type":"Feature","id":"luse_7695a32a-e39e-41d2-b5e3-d0aac2b18178","geometry":{"type":"Polygon","coordinates":[[[139.0642462,35.9709195],[139.064446,35.971162],[139.0643446,35.9712168],[139.0641881,35.9710907],[139.0640638,35.9709908],[139.0639042,35.9708624],[139.0639028,35.9708612],[139.0639022,35.9708603],[139.0639706,35.9708179],[139.064033,35.9707816],[139.0640786,35.9707552],[139.0640875,35.9707486],[139.0640945,35.9707412],[139.0641381,35.9707168],[139.0642104,35.9706787],[139.0642649,35.9706487],[139.0643978,35.9705804],[139.0644851,35.9705327],[139.0645432,35.970497],[139.0645708,35.9704799],[139.0646125,35.9704398],[139.0646304,35.9704252],[139.0646518,35.9704077],[139.0646617,35.970399],[139.0646829,35.9703801],[139.0646865,35.9703769],[139.0646994,35.9703629],[139.0647048,35.9703485],[139.0647062,35.9703474],[139.0647317,35.970327],[139.0647328,35.9703257],[139.0647968,35.9702529],[139.0647988,35.9702507],[139.0648274,35.9702172],[139.0648411,35.9702012],[139.0648428,35.9701992],[139.0648784,35.9701589],[139.0649017,35.9701387],[139.0649206,35.9701244],[139.0649583,35.970096],[139.0649743,35.9700842],[139.064985,35.9700797],[139.0649901,35.9700775],[139.0649966,35.9700748],[139.0650053,35.9700744],[139.0650121,35.970076],[139.0650189,35.9700801],[139.0650238,35.9700872],[139.0650333,35.9701203],[139.0650364,35.9701308],[139.065039,35.9701396],[139.0650532,35.9701873],[139.0650548,35.9701932],[139.0650669,35.9702419],[139.0650833,35.9703293],[139.0650911,35.970385],[139.0651054,35.9705006],[139.0651072,35.9705143],[139.0651177,35.9706041],[139.0651258,35.9706711],[139.065133,35.9707506],[139.0651332,35.9708221],[139.0651314,35.9708694],[139.0651288,35.9709324],[139.0651244,35.971022],[139.0651204,35.9710992],[139.0649465,35.9711942],[139.0647911,35.9710201],[139.0649627,35.9709379],[139.0648756,35.9707766],[139.0646427,35.9708909],[139.0645311,35.9707647],[139.0642462,35.9709195]]]},"properties":{"layer":"landuse","class_code":"211","class_label":"住宅用地（住宅、共同住宅、店舗等併用住宅、店舗等併用共同住宅、作業所併用住宅）"}},{"type":"Feature","id":"luse_13ba9491-f003-46bb-bd8a-bc98119c6475","geometry":{"type":"Polygon","coordinates":[[[139.0706379,35.9710526],[139.0706359,35.9710582],[139.0705633,35.971252],[139.0705074,35.9713207],[139.0704805,35.971304],[139.0704202,35.9712717],[139.0703884,35.9712457],[139.0703833,35.9712439],[139.0702419,35.9711937],[139.0702416,35.9711936],[139.0701824,35.9711708],[139.07017,35.9711661],[139.0701255,35.9711482],[139.0700915,35.9711364],[139.0700788,35.9711306],[139.0701192,35.971062],[139.0701407,35.9710234],[139.0701628,35.9709835],[139.0701656,35.9709786],[139.0701688,35.9709731],[139.0704033,35.9710186],[139.0704503,35.9709883],[139.0704891,35.9709138],[139.0704856,35.970898],[139.0703372,35.9708431],[139.0702786,35.9708151],[139.0702176,35.970831],[139.0702171,35.9708192],[139.0702147,35.9707864],[139.070215,35.9707721],[139.0702159,35.9707721],[139.0702163,35.9707721],[139.0702156,35.9707465],[139.0702148,35.9707309],[139.0702144,35.9707045],[139.0702143,35.9706944],[139.0702208,35.9706616],[139.0702218,35.9706572],[139.0702215,35.9706572],[139.0702174,35.9706566],[139.0702356,35.9706074],[139.0702411,35.9705813],[139.0702623,35.9705335],[139.0702726,35.9705083],[139.0702775,35.9705085],[139.0702779,35.9705086],[139.0702853,35.9705102],[139.0703107,35.9705197],[139.0703465,35.970534],[139.0703468,35.9705341],[139.0704095,35.9705592],[139.0704098,35.9705593],[139.0705579,35.970622],[139.0705778,35.9705917],[139.0704496,35.9705445],[139.0704493,35.9705444],[139.0704232,35.9705346],[139.0704229,35.9705345],[139.0703113,35.9704927],[139.070297,35.9704861],[139.0702939,35.9704839],[139.0702916,35.9704814],[139.0702905,35.9704786],[139.0702907,35.9704757],[139.0702917,35.9704716],[139.0703059,35.9704433],[139.0703386,35.9703795],[139.0703677,35.9703236],[139.0703685,35.9703217],[139.0703788,35.9703008],[139.0704328,35.970187],[139.0704569,35.9701398],[139.0704753,35.9701026],[139.0704948,35.9700634],[139.0705362,35.9699798],[139.07054,35.9699714],[139.0705443,35.9699727],[139.0705916,35.9698764],[139.0705928,35.9698739],[139.0706004,35.969859],[139.0706062,35.9698538],[139.0706139,35.9698499],[139.0706217,35.9698483],[139.0706279,35.9698482],[139.0706298,35.9698485],[139.0706328,35.9698488],[139.0706347,35.9698497],[139.0706425,35.9698583],[139.0706591,35.9698756],[139.0707083,35.9699281],[139.0707287,35.969949],[139.0707265,35.9699919],[139.0707021,35.9701497],[139.0707005,35.970232],[139.0707261,35.9702902],[139.0707116,35.9703194],[139.0707509,35.9705644],[139.0707811,35.9706826],[139.0707835,35.9707273],[139.0707607,35.9707821],[139.0706919,35.9709073],[139.0706379,35.9710526]]]},"properties":{"layer":"landuse","class_code":"211","class_label":"住宅用地（住宅、共同住宅、店舗等併用住宅、店舗等併用共同住宅、作業所併用住宅）"}},{"type":"Feature","id":"luse_f7eca897-2959-4105-9cd7-027c1a011412","geometry":{"type":"Polygon","coordinates":[[[139.0701561,35.9707243],[139.070156,35.9707301],[139.0701559,35.9707375],[139.0701714,35.9707459],[139.0701706,35.9707688],[139.0701806,35.9707928],[139.0701811,35.9708065],[139.0701816,35.9708185],[139.0701768,35.9708538],[139.0701701,35.9708834],[139.0701595,35.9709104],[139.0701542,35.9709202],[139.0701287,35.9709644],[139.0700877,35.971038],[139.0700688,35.9710718],[139.0700235,35.9711582],[139.0700149,35.9711726],[139.0700016,35.9711946],[139.0699562,35.9712681],[139.0699234,35.9713219],[139.0699025,35.9713293],[139.0698625,35.9713139],[139.0697419,35.9712671],[139.0695531,35.9711858],[139.0695493,35.9711771],[139.0696334,35.9710462],[139.0697754,35.9708255],[139.0695002,35.9706993],[139.0693207,35.9709324],[139.0692812,35.9709194],[139.0692493,35.9709725],[139.0692382,35.9709845],[139.0692357,35.9709863],[139.0692222,35.9709957],[139.0691782,35.9709706],[139.0691323,35.9709446],[139.0691235,35.9709319],[139.0691331,35.9709118],[139.0691436,35.9708949],[139.0691665,35.9708579],[139.0692048,35.9707928],[139.0692255,35.9707505],[139.0692307,35.9707397],[139.0692575,35.9707111],[139.0692849,35.970687],[139.0693361,35.9706317],[139.0693575,35.9706087],[139.0693613,35.9706046],[139.0694068,35.9705587],[139.0694485,35.97053],[139.0694515,35.9705284],[139.0694732,35.9705155],[139.0694834,35.9705099],[139.0694837,35.9705098],[139.0695138,35.9704951],[139.0695332,35.9704822],[139.0695446,35.9704711],[139.0695574,35.9704521],[139.0695692,35.9704301],[139.0695752,35.9704188],[139.0695788,35.9704086],[139.0695869,35.970386],[139.0695911,35.9703712],[139.069617,35.9703019],[139.0696182,35.9702986],[139.0696259,35.9702845],[139.0696306,35.9702797],[139.0696314,35.9702788],[139.0696807,35.9702974],[139.0698268,35.970358],[139.0699445,35.9704072],[139.0700069,35.9704328],[139.0700779,35.9704618],[139.0700782,35.9704619],[139.0701901,35.9705096],[139.070218,35.9705216],[139.0702176,35.9705231],[139.0702182,35.9705233],[139.0702186,35.9705233],[139.070217,35.970531],[139.0702164,35.9705332],[139.0702109,35.9705561],[139.070205,35.9705716],[139.0701844,35.9706279],[139.0701772,35.9706534],[139.0701561,35.9707243]]]},"properties":{"layer":"landuse","class_code":"211","class_label":"住宅用地（住宅、共同住宅、店舗等併用住宅、店舗等併用共同住宅、作業所併用住宅）"}},{"type":"Feature","id":"luse_e0f5a9b7-377a-49c6-ad23-2f70629365bd","geometry":{"type":"Polygon","coordinates":[[[139.066534,35.971331],[139.0665344,35.9713313],[139.0664951,35.9713668],[139.0664897,35.9713632],[139.066405,35.9713061],[139.0662749,35.9712152],[139.0662165,35.9711716],[139.0662112,35.9711677],[139.066233,35.971147],[139.066356,35.9710306],[139.0664799,35.971103],[139.066645,35.9712292],[139.0666322,35.971242],[139.0665396,35.9713265],[139.0665391,35.9713262],[139.066534,35.971331]]]},"properties":{"layer":"landuse","class_code":"211","class_label":"住宅用地（住宅、共同住宅、店舗等併用住宅、店舗等併用共同住宅、作業所併用住宅）"}},{"type":"Feature","id":"luse_f1ede10f-86e0-4688-a8be-21efd561bbbe","geometry":{"type":"Polygon","coordinates":[[[139.0655182,35.971345],[139.0654657,35.9713883],[139.0652445,35.9712057],[139.0652084,35.9711633],[139.0652918,35.9710909],[139.0652345,35.971019],[139.0651625,35.9709958],[139.0651652,35.9709538],[139.0652648,35.9709791],[139.0653782,35.9709011],[139.0654979,35.9710058],[139.065681,35.9708612],[139.0656821,35.9708618],[139.0657078,35.9708748],[139.0657088,35.9708753],[139.0657219,35.9708907],[139.065811,35.9709589],[139.0658166,35.9709631],[139.0659013,35.9710284],[139.0659951,35.9710946],[139.0660293,35.9711187],[139.0660325,35.971121],[139.0658051,35.9712974],[139.0656881,35.9712047],[139.0655182,35.971345]]]},"properties":{"layer":"landuse","class_code":"211","class_label":"住宅用地（住宅、共同住宅、店舗等併用住宅、店舗等併用共同住宅、作業所併用住宅）"}},{"type":"Feature","id":"luse_b6e66b67-ba04-4f62-8680-aaf47db4e508","geometry":{"type":"Polygon","coordinates":[[[139.0662383,35.9712685],[139.0663204,35.9713272],[139.0663328,35.9713361],[139.0661965,35.9714643],[139.0661568,35.9714398],[139.0660822,35.9713902],[139.0661213,35.9713561],[139.0662259,35.9712594],[139.0662383,35.9712685]]]},"properties":{"layer":"landuse","class_code":"211","class_label":"住宅用地（住宅、共同住宅、店舗等併用住宅、店舗等併用共同住宅、作業所併用住宅）"}},{"type":"Feature","id":"luse_cad0b6b9-2b84-4e76-be32-033b072d31ab","geometry":{"type":"Polygon","coordinates":[[[139.065356,35.9714687],[139.0651657,35.9716082],[139.0651569,35.9715858],[139.0651373,35.9715385],[139.0651292,35.9715041],[139.0651208,35.9714685],[139.0651199,35.9714628],[139.0652606,35.9713667],[139.065356,35.9714687]]]},"properties":{"layer":"landuse","class_code":"211","class_label":"住宅用地（住宅、共同住宅、店舗等併用住宅、店舗等併用共同住宅、作業所併用住宅）"}},{"type":"Feature","id":"luse_7937587c-5f8b-4cf6-9e73-861fe9a54afe","geometry":{"type":"Polygon","coordinates":[[[139.0700055,35.9716816],[139.0700338,35.9716944],[139.070047,35.9717004],[139.0700622,35.9717073],[139.0700685,35.9717156],[139.0700707,35.9717333],[139.0700263,35.9718014],[139.0699887,35.971785],[139.0696959,35.9716575],[139.0697849,35.9715592],[139.0697859,35.971558],[139.0698066,35.9715341],[139.0698334,35.9715029],[139.0698463,35.971488],[139.06985,35.9714874],[139.0699065,35.9715064],[139.0700223,35.9715453],[139.0700496,35.9715545],[139.07005,35.9715546],[139.070057,35.9715572],[139.0700949,35.9715713],[139.0701127,35.9715792],[139.0701261,35.9715957],[139.0701328,35.9716164],[139.0701315,35.9716311],[139.0701251,35.9716502],[139.0700981,35.9716916],[139.0700948,35.9716965],[139.070021,35.9716643],[139.0700187,35.9716635],[139.0700055,35.9716816]]]},"properties":{"layer":"landuse","class_code":"211","class_label":"住宅用地（住宅、共同住宅、店舗等併用住宅、店舗等併用共同住宅、作業所併用住宅）"}},{"type":"Feature","id":"luse_1775f23b-c047-41b3-800c-b11bf2139f32","geometry":{"type":"Polygon","coordinates":[[[139.0696607,35.9716441],[139.0692945,35.9714958],[139.0690758,35.9717986],[139.0690229,35.9716778],[139.0690115,35.9716499],[139.068976,35.9715635],[139.0689711,35.9715505],[139.0689674,35.9715408],[139.06898,35.9715211],[139.0690579,35.9714825],[139.0691179,35.9714392],[139.0691184,35.9714389],[139.0691202,35.9714379],[139.0691612,35.9713961],[139.0691924,35.9713545],[139.0692302,35.9712941],[139.0692348,35.9712827],[139.0693159,35.9711816],[139.0693241,35.9711712],[139.0693365,35.9711545],[139.0693377,35.9711524],[139.0693633,35.9711071],[139.0693666,35.9711015],[139.0693729,35.9710999],[139.0694875,35.9711643],[139.0695047,35.9711739],[139.0695307,35.9711886],[139.069534,35.9711991],[139.0697311,35.971284],[139.0697314,35.9712841],[139.0697478,35.9712905],[139.0698503,35.9713302],[139.0698775,35.9713407],[139.0698931,35.9713496],[139.0698533,35.9714127],[139.0698416,35.9714316],[139.0698002,35.9714856],[139.069756,35.9714616],[139.0696659,35.9714125],[139.0696585,35.9714215],[139.0697869,35.9714919],[139.0697497,35.9715422],[139.0696607,35.9716441]]]},"properties":{"layer":"landuse","class_code":"211","class_label":"住宅用地（住宅、共同住宅、店舗等併用住宅、店舗等併用共同住宅、作業所併用住宅）"}},{"type":"Feature","id":"luse_a0dc7f8b-0a88-4faa-b847-71bb7c41e521","geometry":{"type":"Polygon","coordinates":[[[139.0674554,35.9718673],[139.0674101,35.9719013],[139.0673596,35.9719364],[139.0673373,35.9719528],[139.067328,35.9719594],[139.0672724,35.9719203],[139.0672448,35.9718999],[139.0672013,35.9718675],[139.0671559,35.9718353],[139.067125,35.9718133],[139.0670934,35.9717908],[139.0670312,35.9717461],[139.0670259,35.9717424],[139.0670229,35.9717403],[139.0671512,35.9716183],[139.0671409,35.9716114],[139.0670126,35.9717331],[139.0670099,35.9717312],[139.0670005,35.9717246],[139.0669493,35.9716887],[139.0669463,35.9716865],[139.0668409,35.9716117],[139.066763,35.971557],[139.0667485,35.9715469],[139.0669041,35.9713744],[139.0670063,35.9714229],[139.0671051,35.9713339],[139.0670708,35.9713027],[139.0672141,35.9711433],[139.0672205,35.9711361],[139.0672452,35.9711502],[139.067433,35.9712554],[139.0674419,35.9712605],[139.067444,35.9712615],[139.067422,35.9712899],[139.0674014,35.9713138],[139.0672012,35.9715464],[139.0672174,35.9715556],[139.0674387,35.9712988],[139.0674455,35.97129],[139.0674679,35.9712855],[139.067482,35.9712826],[139.0675862,35.9713396],[139.0675702,35.9713433],[139.0675429,35.9713497],[139.0674125,35.9714857],[139.0675339,35.9715525],[139.0676768,35.9714036],[139.0676846,35.9713957],[139.0676917,35.9713998],[139.0677431,35.9714605],[139.0677472,35.9714662],[139.0677787,35.9715105],[139.0677956,35.9715357],[139.0678291,35.9715829],[139.0678276,35.9715929],[139.067826,35.9716169],[139.0677384,35.9716742],[139.0677411,35.9716773],[139.0677193,35.9716926],[139.0677157,35.9716891],[139.0676659,35.9717207],[139.0676554,35.9717281],[139.067611,35.9717585],[139.0675834,35.9717789],[139.0675592,35.9717952],[139.0675597,35.9717957],[139.0675623,35.9717984],[139.0675195,35.9718268],[139.0675176,35.9718254],[139.0675158,35.971824],[139.0674554,35.9718673]]]},"properties":{"layer":"landuse","class_code":"211","class_label":"住宅用地（住宅、共同住宅、店舗等併用住宅、店舗等併用共同住宅、作業所併用住宅）"}},{"type":"Feature","id":"luse_4ba1be9a-7ca7-4750-94cf-c2ab659f587e","geometry":{"type":"Polygon","coordinates":[[[139.0715034,35.9721014],[139.0713943,35.9720044],[139.0713672,35.9719814],[139.0716479,35.9717786],[139.0717917,35.9716779],[139.0718388,35.9716455],[139.0719091,35.9715971],[139.0720234,35.9717079],[139.0720093,35.9717177],[139.0719,35.97185],[139.0718857,35.9718673],[139.0718646,35.9718795],[139.0718347,35.971901],[139.0718004,35.9719292],[139.0717099,35.9719989],[139.0717207,35.9720096],[139.0717196,35.9720157],[139.0716634,35.972058],[139.0716456,35.9720406],[139.0715964,35.9720719],[139.0715791,35.9720546],[139.0715034,35.9721014]]]},"properties":{"layer":"landuse","class_code":"211","class_label":"住宅用地（住宅、共同住宅、店舗等併用住宅、店舗等併用共同住宅、作業所併用住宅）"}},{"type":"Feature","id":"luse_aa561034-7b53-4ca4-8a80-6041aa37bf86","geometry":{"type":"Polygon","coordinates":[[[139.0675448,35.9721123],[139.0674696,35.9720577],[139.0673982,35.9720089],[139.0673826,35.9719973],[139.0673844,35.9719957],[139.0674074,35.9719756],[139.0674441,35.9719401],[139.067494,35.9719063],[139.0675481,35.9718667],[139.0675883,35.9718381],[139.0676515,35.9717949],[139.0676488,35.9717921],[139.0676809,35.9717722],[139.0677209,35.9717463],[139.0678617,35.971883],[139.0678422,35.971899],[139.0678123,35.9719148],[139.0677936,35.9719069],[139.0675448,35.9721123]]]},"properties":{"layer":"landuse","class_code":"211","class_label":"住宅用地（住宅、共同住宅、店舗等併用住宅、店舗等併用共同住宅、作業所併用住宅）"}},{"type":"Feature","id":"luse_169407fc-5977-49b6-9f91-bc5ccd31575b","geometry":{"type":"Polygon","coordinates":[[[139.0670683,35.9718474],[139.0671552,35.9719121],[139.0672244,35.9719636],[139.0672324,35.9719695],[139.0672157,35.9720107],[139.0672105,35.9720148],[139.0672072,35.9720176],[139.0671537,35.9720624],[139.0671243,35.9720871],[139.0670716,35.9721316],[139.067019,35.9721762],[139.0669982,35.9721939],[139.0668166,35.9720499],[139.066913,35.9719696],[139.0667428,35.9718346],[139.0666988,35.9718689],[139.0666199,35.971811],[139.0667949,35.971654],[139.0668739,35.9717083],[139.0669561,35.9717652],[139.0670683,35.9718474]]]},"properties":{"layer":"landuse","class_code":"211","class_label":"住宅用地（住宅、共同住宅、店舗等併用住宅、店舗等併用共同住宅、作業所併用住宅）"}},{"type":"Feature","id":"luse_097fedb4-5934-42fc-9fce-fb74950a65b3","geometry":{"type":"Polygon","coordinates":[[[139.0691493,35.9722222],[139.0691451,35.9722256],[139.0691322,35.9722313],[139.0691234,35.9722423],[139.0691232,35.9722426],[139.0690136,35.9723843],[139.0690103,35.9723885],[139.0688682,35.9721394],[139.0689057,35.9720925],[139.0691493,35.9722222]]]},"properties":{"layer":"landuse","class_code":"211","class_label":"住宅用地（住宅、共同住宅、店舗等併用住宅、店舗等併用共同住宅、作業所併用住宅）"}},{"type":"Feature","id":"luse_5de9b78c-7dc2-41d6-9f0d-c1b3062aeab5","geometry":{"type":"Polygon","coordinates":[[[139.0680385,35.9720911],[139.0680201,35.9721689],[139.0679686,35.9722133],[139.068102,35.972328],[139.0679972,35.9724204],[139.0679827,35.972425],[139.0679406,35.9723943],[139.0678931,35.9723595],[139.0677145,35.9722325],[139.0677818,35.9721688],[139.0679549,35.9720047],[139.0679565,35.9720066],[139.067977,35.9720332],[139.0679921,35.9720433],[139.0680311,35.9720693],[139.068043,35.9720575],[139.0679912,35.972023],[139.0679693,35.9719944],[139.0678647,35.9719267],[139.0678611,35.9719113],[139.0678958,35.9718898],[139.0678904,35.971884],[139.0677437,35.9717416],[139.0677406,35.9717385],[139.067743,35.971737],[139.0677792,35.9717141],[139.0677895,35.9717075],[139.0677922,35.9717058],[139.0678741,35.9716537],[139.0678712,35.9716507],[139.067872,35.9716501],[139.0678967,35.9716254],[139.0678975,35.9715986],[139.0678975,35.9715958],[139.0679232,35.9716384],[139.0681596,35.9720298],[139.0680385,35.9720911]]]},"properties":{"layer":"landuse","class_code":"211","class_label":"住宅用地（住宅、共同住宅、店舗等併用住宅、店舗等併用共同住宅、作業所併用住宅）"}},{"type":"Feature","id":"luse_f775ab2e-ff90-4d76-9555-088bbddac697","geometry":{"type":"Polygon","coordinates":[[[139.0724019,35.9723542],[139.0724371,35.9723932],[139.0724118,35.9724149],[139.0723718,35.972454],[139.0723394,35.9724826],[139.072172,35.9723226],[139.0721674,35.9723182],[139.072159,35.9723053],[139.0721533,35.9722867],[139.0721546,35.9722719],[139.0721603,35.9722517],[139.0722009,35.9722254],[139.0722432,35.972198],[139.0724245,35.9720967],[139.072578,35.9722605],[139.0725902,35.9722731],[139.0725778,35.972284],[139.0725132,35.9723517],[139.0724922,35.972365],[139.0724801,35.9723701],[139.072441,35.9723368],[139.0724395,35.9723359],[139.0724019,35.9723542]]]},"properties":{"layer":"landuse","class_code":"211","class_label":"住宅用地（住宅、共同住宅、店舗等併用住宅、店舗等併用共同住宅、作業所併用住宅）"}},{"type":"Feature","id":"luse_27098cc5-0dc4-443e-be28-25f76a597cab","geometry":{"type":"Polygon","coordinates":[[[139.072067,35.9722024],[139.0719417,35.9723009],[139.0720856,35.9724477],[139.0719683,35.9725288],[139.0719081,35.9724731],[139.0718921,35.9724593],[139.0717509,35.9723323],[139.0716466,35.9722395],[139.0716251,35.9722191],[139.0716739,35.9721873],[139.0716879,35.972181],[139.0716933,35.9721806],[139.0717003,35.9721811],[139.0717063,35.9721831],[139.0717196,35.9721856],[139.0717387,35.9721877],[139.0717471,35.9721878],[139.0717562,35.9721858],[139.0717812,35.972174],[139.07192,35.9720675],[139.072067,35.9722024]]]},"properties":{"layer":"landuse","class_code":"211","class_label":"住宅用地（住宅、共同住宅、店舗等併用住宅、店舗等併用共同住宅、作業所併用住宅）"}},{"type":"Feature","id":"luse_a582c0db-73f9-4547-8396-3a46ef2fa9ac","geometry":{"type":"Polygon","coordinates":[[[139.0678717,35.9724153],[139.0677681,35.9725167],[139.0676351,35.9722956],[139.0676344,35.972287],[139.0676592,35.9722655],[139.0678717,35.9724153]]]},"properties":{"layer":"landuse","class_code":"211","class_label":"住宅用地（住宅、共同住宅、店舗等併用住宅、店舗等併用共同住宅、作業所併用住宅）"}},{"type":"Feature","id":"luse_e4960b1b-cc7e-471f-a93c-9bead6d21cc7","geometry":{"type":"Polygon","coordinates":[[[139.0701581,35.9722233],[139.0701287,35.9722878],[139.0700523,35.9724557],[139.0700203,35.9725803],[139.0700229,35.9727464],[139.0699966,35.9727315],[139.069975,35.9727194],[139.0699181,35.9726825],[139.0698987,35.9726688],[139.0698925,35.9726643],[139.0698749,35.9726517],[139.0698089,35.9726042],[139.069754,35.9725653],[139.0697218,35.9725412],[139.0696819,35.9725113],[139.0696487,35.9724869],[139.0696354,35.9724775],[139.0696351,35.9724763],[139.0696552,35.9724321],[139.0696585,35.9724271],[139.0697465,35.972291],[139.0698534,35.9721228],[139.0699725,35.9719345],[139.069991,35.971905],[139.0700138,35.9718682],[139.0700369,35.9718311],[139.0700386,35.9718285],[139.0700447,35.9718189],[139.0700847,35.9717566],[139.0701624,35.9716352],[139.0701628,35.9716073],[139.0701552,35.9715875],[139.0701453,35.9715749],[139.0701338,35.9715625],[139.070124,35.9715564],[139.0701195,35.9715536],[139.0698765,35.971468],[139.0698736,35.9714607],[139.0699238,35.9713816],[139.0699579,35.9713293],[139.0699836,35.9712895],[139.070017,35.9712375],[139.0700474,35.9711901],[139.0700496,35.9711868],[139.0700498,35.9711865],[139.0700627,35.9711658],[139.0700722,35.9711694],[139.0701802,35.9712098],[139.0701949,35.9712148],[139.0702361,35.9712286],[139.0702718,35.9712408],[139.0703334,35.9712589],[139.0703678,35.9712734],[139.0704028,35.9712926],[139.0704265,35.9713065],[139.0704656,35.9713349],[139.0704913,35.9713566],[139.0704938,35.9713583],[139.0704991,35.9713621],[139.0705255,35.9713786],[139.0703869,35.9714333],[139.0703459,35.9714817],[139.0703154,35.9715473],[139.0702988,35.9716188],[139.0702891,35.9717174],[139.0702848,35.9717961],[139.0702933,35.9718248],[139.0704984,35.9719119],[139.0705844,35.9717608],[139.0704179,35.9716853],[139.0705124,35.9715543],[139.0705738,35.9715819],[139.0706316,35.9716123],[139.07071,35.971516],[139.0707374,35.9715367],[139.0707523,35.9715496],[139.0707673,35.9715625],[139.0708302,35.9716088],[139.0708322,35.9716103],[139.070849,35.9716229],[139.0708507,35.9716499],[139.0707923,35.9717317],[139.0707733,35.9717344],[139.0707685,35.9717321],[139.0706608,35.9716809],[139.0706461,35.9717056],[139.0707544,35.9717545],[139.0707667,35.9717694],[139.0707563,35.9717848],[139.0707106,35.9718566],[139.0706603,35.9719228],[139.0706071,35.9719943],[139.070559,35.9720603],[139.0705304,35.9720987],[139.0704884,35.9721564],[139.0705245,35.9721741],[139.0705284,35.9721759],[139.0705609,35.9721235],[139.0705918,35.9720733],[139.0706372,35.9720079],[139.0706705,35.9719549],[139.0707014,35.9719107],[139.0707066,35.9719032],[139.0707177,35.9719063],[139.0707556,35.9719167],[139.0708428,35.9719413],[139.0708432,35.9719414],[139.0708619,35.9719466],[139.0708574,35.9719582],[139.0708571,35.9719582],[139.0708091,35.9721142],[139.0709279,35.9721845],[139.0709417,35.9721925],[139.0708695,35.9722814],[139.070829,35.972342],[139.0707565,35.9724434],[139.070719,35.9724964],[139.0706989,35.9725224],[139.0706309,35.9726116],[139.0703366,35.9724509],[139.0704555,35.9723017],[139.0701671,35.9721464],[139.0701581,35.9722233]]]},"properties":{"layer":"landuse","class_code":"211","class_label":"住宅用地（住宅、共同住宅、店舗等併用住宅、店舗等併用共同住宅、作業所併用住宅）"}},{"type":"Feature","id":"luse_b0212486-f6e2-4a45-be45-2b6f8dffb32e","geometry":{"type":"Polygon","coordinates":[[[139.0705271,35.9727481],[139.0704554,35.9728362],[139.070417,35.9728843],[139.0704087,35.9728824],[139.0704025,35.9728804],[139.07038,35.9728735],[139.0703252,35.9728552],[139.0703157,35.9728521],[139.0703126,35.972851],[139.0703123,35.9728509],[139.0703072,35.9728492],[139.0702769,35.972839],[139.0703636,35.9727558],[139.0704345,35.9727062],[139.070567,35.9726961],[139.0705271,35.9727481]]]},"properties":{"layer":"landuse","class_code":"211","class_label":"住宅用地（住宅、共同住宅、店舗等併用住宅、店舗等併用共同住宅、作業所併用住宅）"}},{"type":"Feature","id":"luse_e9337864-fec0-479e-b77b-acb99c9b75e3","geometry":{"type":"Polygon","coordinates":[[[139.0658489,35.9727989],[139.0655442,35.9728841],[139.0655432,35.9728801],[139.0655172,35.9727745],[139.0655121,35.9727541],[139.0654927,35.9726752],[139.0657571,35.9726132],[139.0658489,35.9727989]]]},"properties":{"layer":"landuse","class_code":"211","class_label":"住宅用地（住宅、共同住宅、店舗等併用住宅、店舗等併用共同住宅、作業所併用住宅）"}},{"type":"Feature","id":"luse_6c2f1557-b672-45f5-a15c-9278da883ea0","geometry":{"type":"Polygon","coordinates":[[[139.0725747,35.9727541],[139.0724386,35.9728523],[139.0722953,35.9729577],[139.0722739,35.9729715],[139.0722735,35.9729715],[139.0722479,35.9729708],[139.0722378,35.9729608],[139.0722264,35.9729462],[139.0722151,35.9729302],[139.0722078,35.9729164],[139.0721927,35.9728847],[139.0721583,35.9727743],[139.0721454,35.9727364],[139.07214,35.9727182],[139.0721389,35.9727092],[139.0721393,35.9726989],[139.0721433,35.9726875],[139.0721511,35.9726765],[139.072176,35.972656],[139.0723269,35.9725337],[139.0723639,35.9725032],[139.0724852,35.9723996],[139.0725459,35.9723577],[139.0725877,35.972319],[139.0727819,35.9724666],[139.0727743,35.9724685],[139.072765,35.9724676],[139.0727437,35.9724802],[139.0726773,35.9724577],[139.0724474,35.9726743],[139.0725747,35.9727541]]]},"properties":{"layer":"landuse","class_code":"211","class_label":"住宅用地（住宅、共同住宅、店舗等併用住宅、店舗等併用共同住宅、作業所併用住宅）"}},{"type":"Feature","id":"luse_ddf35c05-8593-4a54-8993-15e8dced60a9","geometry":{"type":"Polygon","coordinates":[[[139.0696185,35.972515],[139.0696759,35.9725575],[139.0696892,35.9725676],[139.0697219,35.9725927],[139.0697982,35.9726483],[139.0698838,35.9727116],[139.0699411,35.9727557],[139.0699578,35.9727779],[139.0699619,35.9728063],[139.0699553,35.9728293],[139.0699503,35.9728345],[139.0699412,35.972844],[139.0699301,35.9728537],[139.069869,35.972897],[139.0698492,35.9729101],[139.0698425,35.9729146],[139.0697182,35.9729974],[139.0696315,35.9729207],[139.0697665,35.9727957],[139.0692941,35.972495],[139.0691695,35.9724556],[139.0691012,35.9725532],[139.0690369,35.9724368],[139.0691557,35.9722846],[139.0691664,35.9722713],[139.0691784,35.972264],[139.0691815,35.9722621],[139.0691879,35.9722588],[139.0691963,35.9722557],[139.0692065,35.9722528],[139.0692156,35.9722542],[139.0692241,35.9722566],[139.0692354,35.9722657],[139.0692879,35.9723065],[139.0693058,35.9723177],[139.069339,35.9723412],[139.0693738,35.9723582],[139.069455,35.9724058],[139.0694609,35.9724092],[139.069482,35.9724207],[139.0695216,35.972447],[139.0695332,35.9724566],[139.0696185,35.972515]]]},"properties":{"layer":"landuse","class_code":"211","class_label":"住宅用地（住宅、共同住宅、店舗等併用住宅、店舗等併用共同住宅、作業所併用住宅）"}},{"type":"Feature","id":"luse_40e2fd5b-5f0e-46c0-ab89-c0b015fe66b9","geometry":{"type":"Polygon","coordinates":[[[139.0728662,35.9728976],[139.072844,35.9729142],[139.0726734,35.973029],[139.0725458,35.9729362],[139.0725594,35.972926],[139.0725092,35.972884],[139.0724895,35.9728648],[139.0726076,35.9727818],[139.0726786,35.9727301],[139.0728662,35.9728976]]]},"properties":{"layer":"landuse","class_code":"211","class_label":"住宅用地（住宅、共同住宅、店舗等併用住宅、店舗等併用共同住宅、作業所併用住宅）"}},{"type":"Feature","id":"luse_408329a4-8518-4c9b-bd81-b2ece140fcbe","geometry":{"type":"Polygon","coordinates":[[[139.0689798,35.9728364],[139.0687745,35.973028],[139.068708,35.9729726],[139.0686627,35.9729358],[139.0686863,35.9728896],[139.0687291,35.9728372],[139.0687517,35.9728071],[139.068714,35.9727881],[139.0686917,35.9728178],[139.0686546,35.9728632],[139.0686046,35.9728888],[139.0685921,35.9728785],[139.0684675,35.9727746],[139.0682835,35.9726402],[139.0682569,35.9726212],[139.0684093,35.9724754],[139.0687368,35.9727064],[139.0689798,35.9728364]]]},"properties":{"layer":"landuse","class_code":"211","class_label":"住宅用地（住宅、共同住宅、店舗等併用住宅、店舗等併用共同住宅、作業所併用住宅）"}},{"type":"Feature","id":"luse_c06ec88b-df54-4809-96d1-6082cdd0f0bc","geometry":{"type":"Polygon","coordinates":[[[139.0719906,35.9728184],[139.0720544,35.9728737],[139.0720526,35.9728984],[139.0718568,35.9730451],[139.0718193,35.9730732],[139.0717661,35.9731131],[139.0717514,35.9731127],[139.0717386,35.9731123],[139.0716821,35.9730667],[139.0716629,35.9730512],[139.0716646,35.9730349],[139.0716647,35.9730337],[139.0716712,35.9730288],[139.0717604,35.9729607],[139.0717772,35.9729496],[139.0717797,35.9729478],[139.0718641,35.9728874],[139.0719467,35.97283],[139.0719533,35.9728255],[139.0719576,35.9728226],[139.0719656,35.9728174],[139.0719906,35.9728184]]]},"properties":{"layer":"landuse","class_code":"211","class_label":"住宅用地（住宅、共同住宅、店舗等併用住宅、店舗等併用共同住宅、作業所併用住宅）"}},{"type":"Feature","id":"luse_2f5daf74-2983-4053-842e-40366364b1e9","geometry":{"type":"Polygon","coordinates":[[[139.0685321,35.972919],[139.0685202,35.9729774],[139.0684584,35.973125],[139.0679995,35.9728927],[139.0672426,35.9724871],[139.0672721,35.9724568],[139.067235,35.9724349],[139.067317,35.9723424],[139.0672152,35.9722753],[139.0673957,35.9720778],[139.0675325,35.9721763],[139.0675327,35.9721842],[139.0675278,35.9721998],[139.0675207,35.9722099],[139.067483,35.9723204],[139.0674593,35.9724044],[139.0674358,35.9724877],[139.0674669,35.9724933],[139.0675115,35.9723276],[139.0675129,35.9723236],[139.0675145,35.9723195],[139.0675438,35.9722431],[139.0675618,35.9722063],[139.0675689,35.9722017],[139.0675692,35.9722015],[139.0676348,35.972248],[139.0676296,35.9722535],[139.067594,35.9722915],[139.067616,35.9723244],[139.0676234,35.9723205],[139.0676288,35.9723177],[139.0676813,35.9724051],[139.0677122,35.9724568],[139.0677747,35.9725543],[139.0678428,35.9726714],[139.0678577,35.9726929],[139.0678673,35.9727126],[139.067892,35.9727628],[139.0679177,35.9728277],[139.0679343,35.9728234],[139.0679346,35.9728234],[139.0679086,35.972758],[139.0678956,35.9727312],[139.0678735,35.9726858],[139.0678647,35.9726759],[139.0680273,35.9725275],[139.0682348,35.9726846],[139.0683447,35.972771],[139.0684129,35.9728208],[139.0685321,35.972919]]]},"properties":{"layer":"landuse","class_code":"211","class_label":"住宅用地（住宅、共同住宅、店舗等併用住宅、店舗等併用共同住宅、作業所併用住宅）"}},{"type":"Feature","id":"luse_1954f3fc-dbfa-42ff-9a49-9058272e9878","geometry":{"type":"Polygon","coordinates":[[[139.0655243,35.9729433],[139.0655247,35.9729434],[139.0655284,35.9729586],[139.0655414,35.9730038],[139.0655618,35.9730756],[139.065573,35.9731179],[139.065519,35.9731402],[139.0655154,35.9731416],[139.0655151,35.9731418],[139.0654066,35.9731871],[139.0653312,35.9730178],[139.0655176,35.9729423],[139.0655243,35.9729433]]]},"properties":{"layer":"landuse","class_code":"211","class_label":"住宅用地（住宅、共同住宅、店舗等併用住宅、店舗等併用共同住宅、作業所併用住宅）"}},{"type":"Feature","id":"luse_ea48624a-7807-4d16-85c0-298ed246ef9a","geometry":{"type":"Polygon","coordinates":[[[139.0661426,35.9730381],[139.0656351,35.9732162],[139.0656296,35.973196],[139.0656129,35.9731379],[139.065612,35.9731349],[139.0656379,35.9730952],[139.0656813,35.9730808],[139.0658027,35.9730405],[139.0658089,35.9730385],[139.0658076,35.9730359],[139.0657947,35.9730103],[139.065792,35.9730051],[139.0660173,35.9729381],[139.066076,35.9729208],[139.0661426,35.9730381]]]},"properties":{"layer":"landuse","class_code":"211","class_label":"住宅用地（住宅、共同住宅、店舗等併用住宅、店舗等併用共同住宅、作業所併用住宅）"}},{"type":"Feature","id":"luse_76584635-d57d-42eb-b534-82516346b371","geometry":{"type":"Polygon","coordinates":[[[139.071327,35.9728704],[139.071217,35.9727895],[139.0711245,35.9727212],[139.071122,35.9727193],[139.0710539,35.9726684],[139.0709615,35.9725993],[139.0708724,35.9725256],[139.0708561,35.9725122],[139.0707982,35.9724645],[139.0707936,35.9724607],[139.0708641,35.9723582],[139.0708977,35.9723091],[139.0709048,35.9722987],[139.0709111,35.9722901],[139.0709168,35.9722821],[139.0709195,35.9722843],[139.0709366,35.972301],[139.0709391,35.9723036],[139.0709735,35.9723378],[139.0710054,35.9723694],[139.0710637,35.9724169],[139.0710911,35.9724432],[139.0711513,35.9724922],[139.0712418,35.9725646],[139.0713234,35.972631],[139.071342,35.9726473],[139.0713936,35.9726919],[139.07148,35.9727726],[139.071685,35.9729728],[139.0715766,35.9730507],[139.0715041,35.9731008],[139.071479,35.9731152],[139.0714786,35.9731154],[139.0713632,35.9731965],[139.0713579,35.9731999],[139.0712503,35.9732711],[139.0712291,35.973285],[139.0712287,35.9732849],[139.0712161,35.973286],[139.071215,35.9732852],[139.071141,35.9732306],[139.0711041,35.9732033],[139.0710776,35.9731838],[139.0710543,35.9731671],[139.0710242,35.9731455],[139.071013,35.9731381],[139.0709355,35.9730907],[139.070838,35.9730319],[139.0707825,35.9730017],[139.0707488,35.9729833],[139.0707299,35.9729756],[139.0707293,35.9729753],[139.0706888,35.9729588],[139.0706282,35.9729379],[139.0705783,35.9729252],[139.0704908,35.9729027],[139.0704526,35.9728925],[139.0704535,35.9728905],[139.0704528,35.9728904],[139.0704835,35.9728506],[139.0706341,35.9726671],[139.0706433,35.9726562],[139.071162,35.9730451],[139.0713455,35.9728807],[139.071327,35.9728704]]]},"properties":{"layer":"landuse","class_code":"211","class_label":"住宅用地（住宅、共同住宅、店舗等併用住宅、店舗等併用共同住宅、作業所併用住宅）"}},{"type":"Feature","id":"luse_e20a3245-62a4-4f06-8841-a2b2efd87796","geometry":{"type":"Polygon","coordinates":[[[139.0700083,35.9729225],[139.0699669,35.9729992],[139.0699281,35.9730577],[139.0699213,35.9730679],[139.0698119,35.9732326],[139.0698008,35.9732548],[139.0697942,35.9732809],[139.0697939,35.973282],[139.0696279,35.9731286],[139.0696306,35.9731266],[139.0696285,35.9731244],[139.0697523,35.9730417],[139.0697575,35.9730382],[139.0698768,35.9729561],[139.0699053,35.9729364],[139.0699713,35.972909],[139.069973,35.9729083],[139.0699739,35.9729087],[139.0700083,35.9729225]]]},"properties":{"layer":"landuse","class_code":"211","class_label":"住宅用地（住宅、共同住宅、店舗等併用住宅、店舗等併用共同住宅、作業所併用住宅）"}},{"type":"Feature","id":"luse_3a1ac599-8fab-4ffb-99ae-4a327516d6a7","geometry":{"type":"Polygon","coordinates":[[[139.0706678,35.9731727],[139.070563,35.9732759],[139.0705429,35.9732959],[139.0705283,35.9732969],[139.070354,35.9732137],[139.0703886,35.9731709],[139.0704134,35.9731428],[139.0704229,35.9731317],[139.0704479,35.9731011],[139.0704871,35.9730555],[139.0705068,35.9730367],[139.0705301,35.9730147],[139.0705774,35.9729821],[139.0706085,35.9729881],[139.0706515,35.9729975],[139.070673,35.973002],[139.0706982,35.9730096],[139.0707185,35.9730216],[139.0707499,35.9730406],[139.0707779,35.9730581],[139.0707298,35.9731169],[139.0707046,35.9731394],[139.0706678,35.9731727]]]},"properties":{"layer":"landuse","class_code":"211","class_label":"住宅用地（住宅、共同住宅、店舗等併用住宅、店舗等併用共同住宅、作業所併用住宅）"}},{"type":"Feature","id":"luse_8fca90ce-e4d5-465b-b4a9-433174795bce","geometry":{"type":"Polygon","coordinates":[[[139.0728768,35.9731768],[139.0728064,35.9732254],[139.0726909,35.9733162],[139.0726895,35.9733173],[139.0726857,35.9733142],[139.0726452,35.9732829],[139.0725135,35.973184],[139.0726928,35.9730431],[139.0728768,35.9731768]]]},"properties":{"layer":"landuse","class_code":"211","class_label":"住宅用地（住宅、共同住宅、店舗等併用住宅、店舗等併用共同住宅、作業所併用住宅）"}},{"type":"Feature","id":"luse_99c492d2-6775-4524-b7a7-538b21d714f1","geometry":{"type":"Polygon","coordinates":[[[139.0694587,35.9731802],[139.0694475,35.9731887],[139.0694468,35.9731893],[139.0694419,35.9731935],[139.0694314,35.9732024],[139.0694274,35.9732058],[139.0694006,35.973237],[139.069377,35.9732645],[139.0693703,35.9732719],[139.0693613,35.9732818],[139.0693015,35.9733461],[139.069277,35.9733688],[139.0692757,35.9733687],[139.0692121,35.9733671],[139.0691965,35.9733555],[139.0690097,35.9732086],[139.0689442,35.9731577],[139.0688769,35.9731071],[139.0691007,35.9729138],[139.0694587,35.9731802]]]},"properties":{"layer":"landuse","class_code":"211","class_label":"住宅用地（住宅、共同住宅、店舗等併用住宅、店舗等併用共同住宅、作業所併用住宅）"}},{"type":"Feature","id":"luse_6bc96b0e-846a-43ba-9317-eb7bfa3f51e7","geometry":{"type":"Polygon","coordinates":[[[139.0674026,35.973356],[139.0672253,35.9735304],[139.0671401,35.9734619],[139.067099,35.9734289],[139.0672517,35.9732668],[139.0674026,35.973356]]]},"properties":{"layer":"landuse","class_code":"211","class_label":"住宅用地（住宅、共同住宅、店舗等併用住宅、店舗等併用共同住宅、作業所併用住宅）"}},{"type":"Feature","id":"luse_9ae8de43-fe65-4a6e-a7be-c3c4e1bed495","geometry":{"type":"Polygon","coordinates":[[[139.0664078,35.9734939],[139.0663838,35.9734637],[139.0662803,35.9733406],[139.0659837,35.9734425],[139.065998,35.9734708],[139.0657558,35.9735903],[139.0657556,35.9735898],[139.0657343,35.9735445],[139.0657232,35.9735197],[139.0657149,35.973492],[139.0656894,35.9734085],[139.0656787,35.9733711],[139.0662321,35.973176],[139.0663579,35.9731239],[139.0663863,35.9731395],[139.0663942,35.9731275],[139.0664065,35.9731152],[139.0664385,35.9730908],[139.0664896,35.973062],[139.0665037,35.973074],[139.0666157,35.9731639],[139.0666528,35.9731939],[139.0666702,35.9732081],[139.0664078,35.9734939]]]},"properties":{"layer":"landuse","class_code":"211","class_label":"住宅用地（住宅、共同住宅、店舗等併用住宅、店舗等併用共同住宅、作業所併用住宅）"}},{"type":"Feature","id":"luse_77fd5588-57ab-45a8-8bdd-ce1eced6396b","geometry":{"type":"Polygon","coordinates":[[[139.0721004,35.9733978],[139.0717503,35.9736975],[139.0717113,35.9736646],[139.0716362,35.9736076],[139.0716303,35.9736029],[139.0717682,35.973494],[139.0719349,35.973348],[139.071961,35.973326],[139.0719397,35.9733145],[139.0717499,35.9734678],[139.0717466,35.9734809],[139.0716069,35.9735844],[139.0715522,35.9735408],[139.0714535,35.9734663],[139.0713549,35.9733921],[139.0712708,35.9733276],[139.0712721,35.9733032],[139.0712814,35.973297],[139.0713569,35.973247],[139.0714103,35.9732115],[139.0715102,35.9731408],[139.0715702,35.9730973],[139.0715738,35.9730947],[139.0715972,35.9730772],[139.0715982,35.9730772],[139.0716083,35.9730773],[139.0716286,35.9730774],[139.071629,35.9730775],[139.0717502,35.9731781],[139.071878,35.9730819],[139.0720156,35.9729783],[139.0720871,35.9729243],[139.0721139,35.9729247],[139.0721143,35.9729247],[139.0721865,35.9729826],[139.072212,35.9729847],[139.0722353,35.9730047],[139.0719241,35.9732451],[139.0721004,35.9733978]]]},"properties":{"layer":"landuse","class_code":"211","class_label":"住宅用地（住宅、共同住宅、店舗等併用住宅、店舗等併用共同住宅、作業所併用住宅）"}},{"type":"Feature","id":"luse_b5c22f9d-53f9-42fa-9532-af34548eca64","geometry":{"type":"Polygon","coordinates":[[[139.0735947,35.9738028],[139.0735796,35.9738162],[139.0735359,35.9738133],[139.0735037,35.973811],[139.073469,35.9738084],[139.0734465,35.9738046],[139.0734282,35.9738012],[139.0734278,35.9738012],[139.0734203,35.9737998],[139.0734036,35.9737943],[139.0734044,35.9737929],[139.0733957,35.973789],[139.0733942,35.973791],[139.0733623,35.9737761],[139.0733361,35.9737634],[139.0733226,35.9737562],[139.0733202,35.9737549],[139.0733199,35.9737547],[139.0733122,35.9737506],[139.0732981,35.9737424],[139.0732572,35.9737202],[139.073233,35.973707],[139.0732057,35.9736916],[139.0731438,35.9736517],[139.0729964,35.9735527],[139.0729152,35.9734906],[139.072914,35.9734897],[139.0727529,35.9733664],[139.0727134,35.9733362],[139.0728281,35.973248],[139.0729291,35.9731781],[139.0730107,35.9731267],[139.0731117,35.9731348],[139.0731877,35.9731621],[139.0734225,35.9733093],[139.0734206,35.973347],[139.0733998,35.9733916],[139.0734086,35.9734448],[139.0734532,35.9734995],[139.0735483,35.9735611],[139.0735822,35.9735714],[139.0736307,35.9735919],[139.0736667,35.9736176],[139.0736943,35.9736561],[139.0736988,35.9736947],[139.0736779,35.9737324],[139.0736485,35.9737547],[139.0735947,35.9738028]]]},"properties":{"layer":"landuse","class_code":"211","class_label":"住宅用地（住宅、共同住宅、店舗等併用住宅、店舗等併用共同住宅、作業所併用住宅）"}},{"type":"Feature","id":"luse_1f23e73a-dcb5-4f7e-a0da-7a082f4c62d6","geometry":{"type":"Polygon","coordinates":[[[139.0714411,35.9735067],[139.0713859,35.9735377],[139.0712022,35.9737522],[139.0711329,35.9737961],[139.0710804,35.9738244],[139.0710713,35.9738034],[139.0710664,35.973794],[139.0710464,35.9737551],[139.0710266,35.9737167],[139.0710217,35.9737072],[139.0710156,35.9736929],[139.0710145,35.9736903],[139.0710142,35.9736896],[139.0710032,35.9736576],[139.0709981,35.9736374],[139.0709967,35.9736242],[139.0709917,35.973572],[139.0709931,35.9735627],[139.0709977,35.9735483],[139.0710055,35.9735342],[139.0710189,35.9735171],[139.0711882,35.9733412],[139.0712034,35.973335],[139.0712261,35.9733527],[139.0712956,35.9734041],[139.0713199,35.973422],[139.0714156,35.9734968],[139.071422,35.9734918],[139.0714411,35.9735067]]]},"properties":{"layer":"landuse","class_code":"211","class_label":"住宅用地（住宅、共同住宅、店舗等併用住宅、店舗等併用共同住宅、作業所併用住宅）"}},{"type":"Feature","id":"luse_e37ca9fb-f90c-46f3-b1f7-e6a0929281a9","geometry":{"type":"Polygon","coordinates":[[[139.0649284,35.9738035],[139.0648399,35.9737097],[139.0647532,35.9736175],[139.0647198,35.9734878],[139.0652846,35.9732391],[139.0653123,35.9732821],[139.0654329,35.9734593],[139.0654308,35.9734601],[139.065407,35.9734692],[139.0652914,35.9735131],[139.065215,35.9735425],[139.0651242,35.9735788],[139.065122,35.9735797],[139.0651407,35.9736124],[139.0652348,35.9735767],[139.0653112,35.9735474],[139.0653234,35.9735427],[139.0653312,35.9735398],[139.0653337,35.9735388],[139.0654316,35.9735016],[139.0655389,35.9734602],[139.0655587,35.9734526],[139.065615,35.9734304],[139.0656538,35.9734432],[139.0656547,35.9734454],[139.0656744,35.973509],[139.0656919,35.9735517],[139.0657021,35.9735768],[139.065718,35.9735999],[139.0652639,35.973797],[139.0651184,35.9737315],[139.0649284,35.9738035]]]},"properties":{"layer":"landuse","class_code":"211","class_label":"住宅用地（住宅、共同住宅、店舗等併用住宅、店舗等併用共同住宅、作業所併用住宅）"}},{"type":"Feature","id":"luse_7c2ec1f0-f906-4d23-a6d7-8638573b572a","geometry":{"type":"Polygon","coordinates":[[[139.0697122,35.9734836],[139.0697011,35.9735432],[139.0696984,35.9735669],[139.0696985,35.9735983],[139.0696984,35.9736384],[139.0697078,35.9736846],[139.0697136,35.9737134],[139.0697353,35.9738113],[139.0697358,35.9738133],[139.0697369,35.9738198],[139.0697268,35.9738756],[139.0697266,35.9738754],[139.0697124,35.9738616],[139.0696896,35.9738395],[139.069635,35.9737867],[139.069604,35.9737555],[139.0695781,35.973731],[139.0695699,35.9737232],[139.0695297,35.9736834],[139.0695292,35.973683],[139.069515,35.9736697],[139.0694875,35.9736405],[139.0694436,35.9735938],[139.0693939,35.973546],[139.069355,35.9735087],[139.0693272,35.9734821],[139.0693267,35.97348],[139.0693254,35.9734548],[139.0693265,35.973415],[139.0693271,35.9734139],[139.0693373,35.9733966],[139.0693538,35.9733781],[139.0693735,35.9733559],[139.0694123,35.9733124],[139.0694467,35.9732763],[139.0694789,35.9732425],[139.0694794,35.973242],[139.069616,35.9733441],[139.0697144,35.9734253],[139.0697111,35.973431],[139.0697122,35.9734836]]]},"properties":{"layer":"landuse","class_code":"211","class_label":"住宅用地（住宅、共同住宅、店舗等併用住宅、店舗等併用共同住宅、作業所併用住宅）"}},{"type":"Feature","id":"luse_be28fa50-3c16-4ace-b0de-1b583f42f5cb","geometry":{"type":"Polygon","coordinates":[[[139.0715552,35.9738871],[139.0715287,35.9739114],[139.0713965,35.9738158],[139.0715556,35.9736751],[139.0716007,35.9736353],[139.071491,35.9735525],[139.0714411,35.9735067],[139.0716035,35.9736332],[139.071684,35.9736971],[139.0717096,35.9737173],[139.0717176,35.9737255],[139.0717221,35.9737342],[139.0716822,35.9737707],[139.0715552,35.9738871]]]},"properties":{"layer":"landuse","class_code":"211","class_label":"住宅用地（住宅、共同住宅、店舗等併用住宅、店舗等併用共同住宅、作業所併用住宅）"}},{"type":"Feature","id":"luse_70b09542-144e-4b39-80d4-aea495459e57","geometry":{"type":"Polygon","coordinates":[[[139.067912,35.9738502],[139.0678956,35.9738509],[139.0678799,35.9738517],[139.0678487,35.9738521],[139.0678248,35.9738649],[139.0676884,35.9738994],[139.0676878,35.9738995],[139.0674001,35.9736698],[139.067349,35.9736292],[139.0675523,35.9734486],[139.0678373,35.973623],[139.0678353,35.9736251],[139.0679138,35.9736731],[139.0681339,35.9738074],[139.068135,35.9738131],[139.0681306,35.9738173],[139.0681232,35.9738203],[139.0681203,35.9738208],[139.0680774,35.9738279],[139.0680672,35.9738292],[139.067912,35.9738502]]]},"properties":{"layer":"landuse","class_code":"211","class_label":"住宅用地（住宅、共同住宅、店舗等併用住宅、店舗等併用共同住宅、作業所併用住宅）"}},{"type":"Feature","id":"luse_4f648844-97de-44ab-9ae0-51bd559a145b","geometry":{"type":"Polygon","coordinates":[[[139.0664078,35.9734939],[139.0665087,35.9735905],[139.0662938,35.9737089],[139.0659204,35.9738947],[139.0659167,35.9738872],[139.0658752,35.9738099],[139.0658724,35.9738047],[139.0658822,35.973792],[139.0659418,35.9737649],[139.0659558,35.9737585],[139.0660206,35.9737294],[139.0660649,35.9737091],[139.066165,35.9736642],[139.0661634,35.9736619],[139.0661586,35.973655],[139.0661629,35.9736531],[139.066221,35.9736273],[139.0662068,35.973606],[139.0663949,35.9735203],[139.0664078,35.9734939]]]},"properties":{"layer":"landuse","class_code":"211","class_label":"住宅用地（住宅、共同住宅、店舗等併用住宅、店舗等併用共同住宅、作業所併用住宅）"}},{"type":"Feature","id":"luse_790291cc-cb89-487d-bcd4-2b2d6389bf36","geometry":{"type":"Polygon","coordinates":[[[139.0734405,35.9738399],[139.0734453,35.9738403],[139.073532,35.9738465],[139.0735323,35.9738465],[139.0735507,35.9738478],[139.0735462,35.9738562],[139.0734987,35.9739468],[139.0734916,35.9739603],[139.0733872,35.9740774],[139.0732501,35.97399],[139.0732696,35.9739694],[139.0733213,35.9739101],[139.0733624,35.9738596],[139.0733728,35.9738492],[139.0733739,35.9738481],[139.0733824,35.9738436],[139.0733851,35.9738421],[139.0734,35.9738393],[139.0734003,35.9738392],[139.0734088,35.9738377],[139.0734405,35.9738399]]]},"properties":{"layer":"landuse","class_code":"211","class_label":"住宅用地（住宅、共同住宅、店舗等併用住宅、店舗等併用共同住宅、作業所併用住宅）"}},{"type":"Feature","id":"luse_50f9bef1-2768-4e58-9f5e-29ca6e0e3c02","geometry":{"type":"Polygon","coordinates":[[[139.0711265,35.9739656],[139.0708649,35.9740876],[139.0707538,35.9739977],[139.0707925,35.9739288],[139.0706177,35.9738284],[139.0707748,35.9736758],[139.0705977,35.9735782],[139.070517,35.9735813],[139.0701624,35.9734027],[139.0702196,35.9732986],[139.0701019,35.9732275],[139.0699767,35.9734354],[139.0698227,35.9733126],[139.0698116,35.973292],[139.0698117,35.9732917],[139.0698105,35.9732826],[139.0698108,35.9732816],[139.0698136,35.9732739],[139.0698215,35.9732515],[139.0698406,35.9732341],[139.0698446,35.9732305],[139.0699179,35.9731241],[139.0699433,35.973088],[139.0699574,35.9730686],[139.0699749,35.9730424],[139.0700028,35.9730008],[139.0700301,35.9729531],[139.0700712,35.9728724],[139.0700939,35.9728306],[139.0701904,35.9728633],[139.070294,35.9728973],[139.0703491,35.9729161],[139.0703605,35.97292],[139.0703725,35.9729278],[139.0703881,35.9729328],[139.0704675,35.9729558],[139.0704679,35.9729559],[139.0705442,35.9729756],[139.0705215,35.9730077],[139.0704975,35.9730305],[139.0704812,35.9730513],[139.0704409,35.9730983],[139.0704138,35.9731282],[139.0704053,35.9731381],[139.0703795,35.9731671],[139.0703431,35.9732049],[139.0703428,35.9732049],[139.0703322,35.9732054],[139.0703209,35.9731971],[139.0703006,35.9732141],[139.0703253,35.9732311],[139.0703699,35.9732462],[139.0704903,35.973306],[139.0704861,35.973319],[139.0704676,35.9733359],[139.0704863,35.9733485],[139.0704367,35.9734028],[139.0704563,35.9734146],[139.070506,35.9733602],[139.0705397,35.9733319],[139.0705424,35.9733296],[139.0705828,35.9732889],[139.0706858,35.9731846],[139.0707488,35.9731281],[139.0708043,35.9730748],[139.0708968,35.9731322],[139.0709829,35.9731877],[139.0710316,35.9732211],[139.0710375,35.973225],[139.0711753,35.9733183],[139.0711604,35.9733348],[139.0711334,35.9733645],[139.0710605,35.9734448],[139.0709924,35.9735098],[139.0709797,35.9735259],[139.0709734,35.9735349],[139.070969,35.9735439],[139.0709683,35.9735544],[139.0709696,35.9735734],[139.0709758,35.9736399],[139.0709816,35.9736618],[139.0709923,35.9736927],[139.0709931,35.973695],[139.0709998,35.973711],[139.0710007,35.9737136],[139.0710506,35.9738098],[139.0710567,35.973824],[139.0710582,35.9738275],[139.0710776,35.9738727],[139.0710924,35.973902],[139.071115,35.973945],[139.0711265,35.9739656]]]},"properties":{"layer":"landuse","class_code":"211","class_label":"住宅用地（住宅、共同住宅、店舗等併用住宅、店舗等併用共同住宅、作業所併用住宅）"}},{"type":"Feature","id":"luse_88aeabaf-a3b0-41b8-bcfb-36d0aa023165","geometry":{"type":"Polygon","coordinates":[[[139.0727389,35.9738645],[139.0726797,35.973934],[139.072678,35.973936],[139.0726278,35.9740019],[139.0726102,35.9740257],[139.0725745,35.974074],[139.07249,35.9741804],[139.0724881,35.9741823],[139.0724285,35.9741493],[139.0723812,35.974125],[139.072356,35.9741119],[139.0722959,35.9740799],[139.0722196,35.9740419],[139.0722192,35.9740418],[139.0721765,35.9740179],[139.0720854,35.9739637],[139.0720599,35.9739439],[139.071988,35.9738884],[139.0722561,35.97368],[139.0724345,35.9738042],[139.0725305,35.9737062],[139.0722983,35.9735466],[139.0724946,35.9733647],[139.0723942,35.9732977],[139.0724997,35.9732087],[139.0725431,35.9732424],[139.072574,35.9732665],[139.0725673,35.97343],[139.0724626,35.9735513],[139.0725,35.9735742],[139.0726138,35.9734438],[139.0726181,35.9733483],[139.0726429,35.9733334],[139.0726498,35.9733332],[139.0726519,35.9733331],[139.0726523,35.9733331],[139.0726561,35.9733329],[139.0726589,35.9733328],[139.0726853,35.9733533],[139.0726902,35.9733572],[139.0727841,35.9734308],[139.0728019,35.9734448],[139.0729278,35.9735416],[139.072961,35.9735671],[139.0729416,35.9735854],[139.0727787,35.9737405],[139.072831,35.97377],[139.0727389,35.9738645]]]},"properties":{"layer":"landuse","class_code":"211","class_label":"住宅用地（住宅、共同住宅、店舗等併用住宅、店舗等併用共同住宅、作業所併用住宅）"}},{"type":"Feature","id":"luse_2e2c8001-1f0e-40fb-8396-7d125a5048c5","geometry":{"type":"Polygon","coordinates":[[[139.0681775,35.9738289],[139.0681873,35.9738307],[139.0682002,35.9738384],[139.0683699,35.9739361],[139.0684683,35.9740002],[139.0685011,35.9740214],[139.0685045,35.9740282],[139.0685047,35.9740367],[139.0684377,35.9740942],[139.068335,35.9741813],[139.0679903,35.9738623],[139.0680714,35.9738499],[139.0681258,35.9738378],[139.0681631,35.9738305],[139.0681659,35.9738299],[139.0681741,35.9738291],[139.0681775,35.9738289]]]},"properties":{"layer":"landuse","class_code":"211","class_label":"住宅用地（住宅、共同住宅、店舗等併用住宅、店舗等併用共同住宅、作業所併用住宅）"}},{"type":"Feature","id":"luse_0a4fe4d9-e41a-4c65-a27f-113a7b99f901","geometry":{"type":"Polygon","coordinates":[[[139.0687787,35.9740175],[139.0686602,35.9742279],[139.068574,35.9741828],[139.0684887,35.9741375],[139.068491,35.974135],[139.0686835,35.9739696],[139.068743,35.9739996],[139.0687787,35.9740175]]]},"properties":{"layer":"landuse","class_code":"211","class_label":"住宅用地（住宅、共同住宅、店舗等併用住宅、店舗等併用共同住宅、作業所併用住宅）"}},{"type":"Feature","id":"luse_f916266d-8185-496f-8d05-d4c8ea97a5a6","geometry":{"type":"Polygon","coordinates":[[[139.075,35.9742222209481],[139.0749369,35.9741858],[139.0749244,35.9741789],[139.0748072,35.9741121],[139.0746815,35.9740453],[139.0746173,35.9740121],[139.0745454,35.9739727],[139.0745029,35.9739492],[139.0744846,35.9739395],[139.0745261,35.9738718],[139.0745732,35.9738312],[139.0745781,35.973827],[139.0745867,35.9738196],[139.0746069,35.973809],[139.0746293,35.9738021],[139.0746475,35.9737994],[139.0746758,35.9738013],[139.0747668,35.9738229],[139.0748156,35.9738406],[139.0748463,35.9738567],[139.0748601,35.9738761],[139.0748722,35.9739022],[139.0748769,35.9739158],[139.0749222,35.9739051],[139.0749591,35.9739092],[139.075,35.9739112590389],[139.075,35.9742222209481]]]},"properties":{"layer":"landuse","class_code":"211","class_label":"住宅用地（住宅、共同住宅、店舗等併用住宅、店舗等併用共同住宅、作業所併用住宅）"}},{"type":"Feature","id":"luse_f9d9ce47-ae0f-4b33-8bcb-647fffaa02a9","geometry":{"type":"Polygon","coordinates":[[[139.0637164,35.9729714],[139.063839,35.9731868],[139.0640111,35.9735933],[139.0639882,35.9736885],[139.0640898,35.9738025],[139.0639933,35.9739181],[139.0637878,35.9743073],[139.0637179,35.9743065],[139.0637441,35.9741643],[139.0637731,35.9740801],[139.0638021,35.9740054],[139.0638193,35.9739356],[139.0638275,35.9738901],[139.0638282,35.9738841],[139.0638311,35.9738592],[139.0638335,35.9738382],[139.0638419,35.9737499],[139.0638413,35.9737269],[139.0638278,35.9736463],[139.0638097,35.9735702],[139.0637884,35.9735126],[139.0637653,35.9734576],[139.0637221,35.9733672],[139.0636492,35.9732361],[139.0635449,35.973015],[139.0635345,35.9729947],[139.0636432,35.972959],[139.0637164,35.9729714]]]},"properties":{"layer":"landuse","class_code":"211","class_label":"住宅用地（住宅、共同住宅、店舗等併用住宅、店舗等併用共同住宅、作業所併用住宅）"}},{"type":"Feature","id":"luse_4c5b24e6-9139-48ae-b069-39cceff7a0e7","geometry":{"type":"Polygon","coordinates":[[[139.0728982,35.9740355],[139.0728562,35.9740892],[139.0730212,35.9741921],[139.0729736,35.9742448],[139.0729313,35.9742902],[139.0729091,35.9743176],[139.0728762,35.9743526],[139.0728701,35.9743571],[139.0728416,35.9743761],[139.0728311,35.9743703],[139.0727788,35.9743409],[139.0726846,35.9742891],[139.0726816,35.9742875],[139.0726763,35.9742846],[139.0726018,35.9742436],[139.0725086,35.9741936],[139.0725098,35.974192],[139.0725951,35.9740845],[139.0726306,35.9740365],[139.0726489,35.9740119],[139.0726794,35.9739713],[139.0726979,35.9739466],[139.0727049,35.9739385],[139.0728982,35.9740355]]]},"properties":{"layer":"landuse","class_code":"211","class_label":"住宅用地（住宅、共同住宅、店舗等併用住宅、店舗等併用共同住宅、作業所併用住宅）"}},{"type":"Feature","id":"luse_3e07dedb-f532-4fb5-8032-38f6afffc7bd","geometry":{"type":"Polygon","coordinates":[[[139.0657402,35.9736383],[139.0657527,35.9736593],[139.0657793,35.9737036],[139.0657862,35.973729],[139.0657786,35.9737473],[139.0654881,35.9739339],[139.0654838,35.9739366],[139.0655148,35.9739682],[139.0657615,35.9738099],[139.0657954,35.9737881],[139.0658214,35.9737939],[139.0658248,35.9738003],[139.0658651,35.9738803],[139.0659496,35.9740475],[139.0659745,35.9740848],[139.0659932,35.9741254],[139.0660118,35.9741659],[139.066032,35.9742098],[139.0660543,35.9742404],[139.0660716,35.9742667],[139.0660833,35.9742897],[139.0660879,35.9743009],[139.0660933,35.9743185],[139.0660956,35.9743367],[139.0660948,35.97435],[139.0658981,35.9743088],[139.065657,35.9742584],[139.0656567,35.9742583],[139.0654074,35.9741515],[139.0651256,35.9740158],[139.0657402,35.9736383]]]},"properties":{"layer":"landuse","class_code":"211","class_label":"住宅用地（住宅、共同住宅、店舗等併用住宅、店舗等併用共同住宅、作業所併用住宅）"}},{"type":"Feature","id":"luse_f9f9e346-fa69-4ce8-ba9c-f1fda5fef74f","geometry":{"type":"Polygon","coordinates":[[[139.0662856,35.974364],[139.0662777,35.9743648],[139.0662667,35.9743657],[139.0662459,35.9743665],[139.0662455,35.9743665],[139.0662317,35.974367],[139.0662313,35.974367],[139.0662157,35.9743665],[139.0662153,35.9743665],[139.0662017,35.9743661],[139.0661855,35.9743643],[139.0661659,35.9743619],[139.0661655,35.9743619],[139.0661495,35.9743597],[139.0661322,35.9743573],[139.0661318,35.9743572],[139.0661305,35.974357],[139.0661228,35.9743378],[139.0661227,35.9743203],[139.0661154,35.9742911],[139.0661099,35.974279],[139.0660871,35.9742308],[139.0660576,35.9741689],[139.0660408,35.9741359],[139.0660361,35.9741266],[139.0660367,35.9741264],[139.0660341,35.9741206],[139.0661399,35.9741593],[139.0662652,35.9742101],[139.0662721,35.9742059],[139.0663055,35.9742184],[139.0663058,35.9742186],[139.066483,35.9742926],[139.0664997,35.9743017],[139.0664885,35.9743063],[139.0664882,35.9743058],[139.0664877,35.9743051],[139.0664803,35.9743082],[139.0664806,35.9743087],[139.0664671,35.9743135],[139.0664142,35.9743321],[139.0663737,35.9743451],[139.066352,35.9743511],[139.0663516,35.9743512],[139.0663354,35.9743552],[139.0663194,35.9743586],[139.0662999,35.9743621],[139.0662889,35.9743636],[139.0662859,35.974364],[139.0662856,35.974364]]]},"properties":{"layer":"landuse","class_code":"211","class_label":"住宅用地（住宅、共同住宅、店舗等併用住宅、店舗等併用共同住宅、作業所併用住宅）"}},{"type":"Feature","id":"luse_b7d2d88a-ae3c-42d5-a692-d3ca9f832fbf","geometry":{"type":"Polygon","coordinates":[[[139.0685527,35.974209],[139.0686499,35.97426],[139.0686565,35.9742649],[139.0686613,35.9742712],[139.0684822,35.9744305],[139.0684381,35.9743956],[139.0684729,35.974369],[139.0683547,35.9742566],[139.068432,35.9741948],[139.0684691,35.9741651],[139.0685527,35.974209]]]},"properties":{"layer":"landuse","class_code":"211","class_label":"住宅用地（住宅、共同住宅、店舗等併用住宅、店舗等併用共同住宅、作業所併用住宅）"}},{"type":"Feature","id":"luse_6445252a-a134-4be8-a9d8-67cd81802f16","geometry":{"type":"Polygon","coordinates":[[[139.0725174,35.9742607],[139.0723596,35.9744807],[139.0721422,35.9743577],[139.0720328,35.9744681],[139.0718695,35.9743553],[139.0719232,35.9743018],[139.0717729,35.9741801],[139.0718736,35.9740983],[139.0719974,35.9739959],[139.0720254,35.9739728],[139.0720221,35.9739758],[139.0720455,35.9739919],[139.0720951,35.9740256],[139.0721227,35.9740445],[139.0721424,35.9740562],[139.0722604,35.9741214],[139.0723029,35.974145],[139.0723353,35.9741631],[139.072344,35.9741677],[139.0724399,35.97422],[139.0725174,35.9742607]]]},"properties":{"layer":"landuse","class_code":"211","class_label":"住宅用地（住宅、共同住宅、店舗等併用住宅、店舗等併用共同住宅、作業所併用住宅）"}},{"type":"Feature","id":"luse_850be459-edc8-43b2-8231-49a97e466680","geometry":{"type":"Polygon","coordinates":[[[139.0716626,35.9744785],[139.0716622,35.9744785],[139.0716282,35.9744766],[139.0715972,35.9744532],[139.07149,35.9743683],[139.0714467,35.9743314],[139.0714102,35.9742987],[139.0714037,35.9742924],[139.0714131,35.9742557],[139.0715068,35.9741759],[139.0715847,35.9741046],[139.0715953,35.9741044],[139.0716177,35.9741039],[139.0716181,35.9741039],[139.0718413,35.974286],[139.0718528,35.9743194],[139.0717811,35.9743891],[139.0717685,35.9743801],[139.0716626,35.9744785]]]},"properties":{"layer":"landuse","class_code":"211","class_label":"住宅用地（住宅、共同住宅、店舗等併用住宅、店舗等併用共同住宅、作業所併用住宅）"}},{"type":"Feature","id":"luse_cad72d8e-6bc6-4f18-aa92-343c492590a8","geometry":{"type":"Polygon","coordinates":[[[139.0732317,35.9743552],[139.0732415,35.9743641],[139.0732531,35.9743789],[139.0732581,35.9743891],[139.0732594,35.9743953],[139.0732566,35.9744012],[139.0732397,35.9744207],[139.0731639,35.9744853],[139.0730956,35.9745449],[139.0730865,35.9745374],[139.073031,35.9744984],[139.0729531,35.9744457],[139.0728907,35.9744045],[139.0729086,35.9743799],[139.0729428,35.9743381],[139.0729868,35.9742871],[139.0729905,35.9742832],[139.0730322,35.9742392],[139.0731323,35.974131],[139.0731587,35.9741026],[139.0731604,35.9740999],[139.0731657,35.974105],[139.0731762,35.9741143],[139.0732164,35.9741479],[139.0732333,35.9741613],[139.0732426,35.9741717],[139.0732466,35.9741765],[139.0732483,35.9741802],[139.0732495,35.9741872],[139.0732489,35.9741989],[139.0732435,35.974216],[139.0732594,35.9742192],[139.0732598,35.9742192],[139.0732654,35.9742009],[139.0732663,35.9741865],[139.0732644,35.9741768],[139.0732616,35.9741702],[139.0732573,35.9741653],[139.0734103,35.9742963],[139.0733595,35.9743559],[139.0733107,35.974358],[139.0733082,35.9743603],[139.0733081,35.97436],[139.0732966,35.974351],[139.0732603,35.9743362],[139.0732317,35.9743552]]]},"properties":{"layer":"landuse","class_code":"211","class_label":"住宅用地（住宅、共同住宅、店舗等併用住宅、店舗等併用共同住宅、作業所併用住宅）"}},{"type":"Feature","id":"luse_e16933e3-c2b4-422f-80e2-c8195f2a7cee","geometry":{"type":"Polygon","coordinates":[[[139.0744792,35.9743348],[139.0744889,35.9743412],[139.0745179,35.9743604],[139.0746065,35.9744187],[139.0746078,35.9744407],[139.0745344,35.9745053],[139.0744949,35.97454],[139.0744846,35.9745491],[139.0743909,35.9746298],[139.0743826,35.9746346],[139.0743821,35.9746349],[139.0743809,35.9746364],[139.0743733,35.9746441],[139.0743719,35.9746455],[139.0743714,35.9746461],[139.0743678,35.9746489],[139.0743671,35.974649],[139.0743661,35.9746491],[139.074365,35.9746488],[139.0741943,35.9745361],[139.0739992,35.9744052],[139.0739985,35.9744025],[139.0739986,35.9744005],[139.0740001,35.9743988],[139.0740237,35.9743758],[139.0740628,35.9743432],[139.0740648,35.9743415],[139.0740555,35.9743338],[139.0740514,35.9743306],[139.0740256,35.9743445],[139.0740253,35.9743447],[139.0740138,35.9743489],[139.0740135,35.9743489],[139.0740045,35.9743505],[139.0739969,35.9743488],[139.0739905,35.9743441],[139.0739878,35.974339],[139.0739843,35.9743289],[139.0739781,35.9743012],[139.0739747,35.9742701],[139.0739736,35.9742158],[139.0739764,35.9741801],[139.073979,35.974165],[139.0739852,35.9741465],[139.0739924,35.9741314],[139.0740063,35.9741074],[139.0740192,35.9740854],[139.074032,35.9740668],[139.0740442,35.9740434],[139.0740558,35.9740202],[139.0741212,35.9738957],[139.0741267,35.9738822],[139.0741301,35.9738712],[139.0741376,35.9738473],[139.0741411,35.9738368],[139.0741474,35.9738276],[139.0741484,35.9738265],[139.0741543,35.9738209],[139.0741562,35.9738212],[139.0741584,35.9738217],[139.0741592,35.9738218],[139.0741615,35.9738225],[139.0741884,35.9738309],[139.0742221,35.9738474],[139.0743226,35.9739],[139.0743302,35.9739041],[139.0743305,35.9739042],[139.0743694,35.9739253],[139.0743873,35.9739346],[139.0743861,35.9739406],[139.0743813,35.9739516],[139.0743718,35.9739625],[139.0743639,35.9739713],[139.0743122,35.9740313],[139.0742942,35.9740541],[139.0742939,35.9740597],[139.0742954,35.9740662],[139.074299,35.9740742],[139.0743036,35.9740791],[139.0743146,35.9740871],[139.0743696,35.9741201],[139.0743906,35.9741326],[139.0743959,35.9741384],[139.0743982,35.974143],[139.0743987,35.9741488],[139.0743964,35.9741545],[139.0743327,35.9742245],[139.074329,35.9742285],[139.0743298,35.97423],[139.0743322,35.9742345],[139.0743373,35.9742392],[139.0744226,35.9742966],[139.0744792,35.9743348]]]},"properties":{"layer":"landuse","class_code":"211","class_label":"住宅用地（住宅、共同住宅、店舗等併用住宅、店舗等併用共同住宅、作業所併用住宅）"}},{"type":"Feature","id":"luse_d5a1b8a8-b6e3-4eb7-a751-3f79ccd3c8de","geometry":{"type":"Polygon","coordinates":[[[139.0720462,35.9745777],[139.0719307,35.9747023],[139.071903,35.9746819],[139.0717868,35.9745952],[139.0717183,35.974544],[139.0716992,35.9745299],[139.071702,35.9745003],[139.0717603,35.9744451],[139.0717715,35.9744529],[139.0719261,35.974565],[139.0719705,35.9745176],[139.0720462,35.9745777]]]},"properties":{"layer":"landuse","class_code":"211","class_label":"住宅用地（住宅、共同住宅、店舗等併用住宅、店舗等併用共同住宅、作業所併用住宅）"}},{"type":"Feature","id":"luse_497197cc-2c9f-48ff-be48-79596e4bf9a9","geometry":{"type":"Polygon","coordinates":[[[139.069937,35.974176],[139.0699471,35.9741867],[139.0700593,35.9743095],[139.070219,35.9744754],[139.0703687,35.9746392],[139.0703908,35.9746687],[139.0703594,35.9746997],[139.0703124,35.9746716],[139.0702532,35.9746372],[139.0702058,35.9746132],[139.0701139,35.9745697],[139.0700974,35.9745595],[139.0700207,35.9745114],[139.0699477,35.974442],[139.069871,35.974273],[139.0698266,35.9741791],[139.0698092,35.974142],[139.069797,35.9741091],[139.0697853,35.97407],[139.069779,35.9740493],[139.0697797,35.9740443],[139.0697811,35.9740415],[139.0698001,35.9740275],[139.069937,35.974176]]]},"properties":{"layer":"landuse","class_code":"211","class_label":"住宅用地（住宅、共同住宅、店舗等併用住宅、店舗等併用共同住宅、作業所併用住宅）"}},{"type":"Feature","id":"luse_188abefd-8f61-4227-bd72-b34dc288e3f6","geometry":{"type":"Polygon","coordinates":[[[139.0738077,35.9744841],[139.0738029,35.9744879],[139.0737206,35.9745551],[139.0736388,35.9746218],[139.0735381,35.9747052],[139.073445,35.9747772],[139.0734318,35.9747695],[139.0733878,35.9747435],[139.0733242,35.9747004],[139.0733138,35.9746929],[139.0733048,35.9746863],[139.0732712,35.9746638],[139.073575,35.9744352],[139.0736605,35.9743443],[139.0738001,35.9744803],[139.0738077,35.9744841]]]},"properties":{"layer":"landuse","class_code":"211","class_label":"住宅用地（住宅、共同住宅、店舗等併用住宅、店舗等併用共同住宅、作業所併用住宅）"}},{"type":"Feature","id":"luse_25f2e06c-e4e2-43ee-b376-dd21bf5f5833","geometry":{"type":"Polygon","coordinates":[[[139.0705974,35.9747683],[139.0705838,35.9747764],[139.0705658,35.9747625],[139.0705601,35.9747566],[139.070561,35.974756],[139.0705541,35.9747489],[139.070553,35.9747496],[139.0705318,35.974726],[139.070527,35.9747207],[139.0704973,35.9746882],[139.0704238,35.9746091],[139.0704286,35.974604],[139.0704941,35.9745361],[139.0705366,35.9744905],[139.0705441,35.9744826],[139.0705762,35.9744434],[139.070559,35.9744366],[139.070532,35.9744761],[139.0705252,35.9744831],[139.070488,35.9745194],[139.0704703,35.9745357],[139.0704137,35.9745945],[139.0704111,35.9745956],[139.0703276,35.9745058],[139.0702876,35.9744628],[139.0702683,35.9744421],[139.0701069,35.974272],[139.0701736,35.974211],[139.0701749,35.9742097],[139.0701756,35.9742097],[139.0702054,35.9742079],[139.0702715,35.9742635],[139.0702725,35.9742643],[139.0703085,35.9742393],[139.0702086,35.9741587],[139.0702082,35.9741587],[139.0701884,35.9741586],[139.0701684,35.9741586],[139.0701032,35.9742211],[139.0701028,35.9742211],[139.0700592,35.9742218],[139.0700556,35.974218],[139.0700223,35.9741833],[139.0699836,35.9741431],[139.0700984,35.9740477],[139.0701648,35.9739666],[139.0700461,35.9739287],[139.0700116,35.9739169],[139.0698675,35.9740223],[139.0697594,35.9739097],[139.0697618,35.9738681],[139.0697617,35.9738421],[139.0697602,35.9738212],[139.0697598,35.973804],[139.0697541,35.9737684],[139.0697509,35.9737476],[139.0697503,35.9737454],[139.0697329,35.973685],[139.0697328,35.9736847],[139.0697295,35.973665],[139.0697255,35.9735971],[139.0697236,35.9735581],[139.0697273,35.9734453],[139.0697281,35.9734393],[139.0705752,35.9741622],[139.0706124,35.9741297],[139.070967,35.9744028],[139.0708901,35.9744764],[139.0708172,35.974548],[139.0706996,35.9746688],[139.0706924,35.9746758],[139.070684,35.974684],[139.0705974,35.9747683]]]},"properties":{"layer":"landuse","class_code":"211","class_label":"住宅用地（住宅、共同住宅、店舗等併用住宅、店舗等併用共同住宅、作業所併用住宅）"}},{"type":"Feature","id":"luse_c463c316-0916-4c91-8e47-552a5f8dae17","geometry":{"type":"Polygon","coordinates":[[[139.0722888,35.9748471],[139.0722799,35.9748595],[139.0721528,35.9747834],[139.0722725,35.9746082],[139.0724573,35.9746995],[139.0723714,35.9747625],[139.0723521,35.9747539],[139.0722888,35.9748471]]]},"properties":{"layer":"landuse","class_code":"211","class_label":"住宅用地（住宅、共同住宅、店舗等併用住宅、店舗等併用共同住宅、作業所併用住宅）"}},{"type":"Feature","id":"luse_d4cc3bfd-3366-462c-8f71-9cae8b09131b","geometry":{"type":"Polygon","coordinates":[[[139.0714554,35.9743721],[139.0715216,35.9744261],[139.0715249,35.9744287],[139.0715783,35.9744712],[139.0717022,35.9745589],[139.0717853,35.9746203],[139.0718597,35.9746765],[139.0718665,35.9746817],[139.0718799,35.974692],[139.0717014,35.9748636],[139.0712784,35.974519],[139.071453,35.9743701],[139.0714554,35.9743721]]]},"properties":{"layer":"landuse","class_code":"211","class_label":"住宅用地（住宅、共同住宅、店舗等併用住宅、店舗等併用共同住宅、作業所併用住宅）"}},{"type":"Feature","id":"luse_e1b67f9c-03c6-4569-9949-d22042d00c67","geometry":{"type":"Polygon","coordinates":[[[139.075,35.97464497567568],[139.0749604,35.9746951],[139.0749,35.9747574],[139.0748497,35.9748047],[139.0748479,35.9748066],[139.0747775,35.9748728],[139.0747639,35.9748859],[139.0747603,35.9748898],[139.0747592,35.9748909],[139.0747586,35.9748916],[139.0747517,35.9748988],[139.0747504,35.9749002],[139.0747495,35.9749012],[139.0747487,35.9749013],[139.0747476,35.9749011],[139.0747468,35.9749009],[139.0747456,35.9749002],[139.0744051,35.9746753],[139.0744039,35.9746744],[139.0744036,35.9746737],[139.0744038,35.974673],[139.0744062,35.9746703],[139.0744082,35.9746683],[139.0744096,35.9746668],[139.0744171,35.974659],[139.0744175,35.9746588],[139.0744179,35.9746577],[139.0744209,35.9746515],[139.0745304,35.9745556],[139.0745328,35.9745535],[139.0746633,35.9746403],[139.0749282,35.9744238],[139.074579,35.9741],[139.0745079,35.974169],[139.0744562,35.9741443],[139.0744567,35.9741387],[139.0744531,35.9741319],[139.074447,35.9741253],[139.0743455,35.9740688],[139.0743406,35.9740634],[139.0743378,35.9740579],[139.0743389,35.9740527],[139.0743421,35.9740461],[139.0744084,35.9739744],[139.0744186,35.9739638],[139.0744241,35.9739602],[139.0744308,35.9739562],[139.0744367,35.973954],[139.0744694,35.9739729],[139.0745392,35.9740095],[139.0745395,35.9740097],[139.0746491,35.9740697],[139.0746576,35.9740743],[139.0746971,35.9740954],[139.0746974,35.9740955],[139.0747014,35.9741017],[139.0747887,35.97415],[139.0747921,35.9741498],[139.0748041,35.9741489],[139.0748143,35.974155],[139.0748565,35.9741782],[139.075,35.97425712025149],[139.075,35.97464497567568]]]},"properties":{"layer":"landuse","class_code":"211","class_label":"住宅用地（住宅、共同住宅、店舗等併用住宅、店舗等併用共同住宅、作業所併用住宅）"}},{"type":"Feature","id":"luse_bce80d6b-ac66-46c8-bacf-04c84ea73a08","geometry":{"type":"Polygon","coordinates":[[[139.0677968,35.9748084],[139.0677599,35.9748909],[139.0677546,35.9748885],[139.0677052,35.9748656],[139.067657,35.9748435],[139.067529,35.9747844],[139.0675263,35.9747882],[139.0674886,35.9747683],[139.067571,35.9746247],[139.067255,35.9743827],[139.0670726,35.9745475],[139.067001,35.9745108],[139.066925,35.9744717],[139.0669032,35.9744605],[139.066837,35.974427],[139.066833,35.9744251],[139.0667915,35.9744049],[139.0667885,35.9744035],[139.066747,35.9743836],[139.0666386,35.97433],[139.0666186,35.9743217],[139.0666104,35.9743182],[139.0666086,35.9743167],[139.0666081,35.9743164],[139.0666237,35.9743102],[139.066775,35.9742512],[139.066863,35.9742194],[139.066915,35.9742006],[139.0670328,35.9741558],[139.0671159,35.9741237],[139.0671335,35.9741167],[139.0671339,35.9741166],[139.0673295,35.9740392],[139.0673729,35.9740452],[139.0673792,35.974046],[139.0673822,35.9740465],[139.0675999,35.9742226],[139.0676002,35.9742481],[139.0674731,35.9743648],[139.0675244,35.9744018],[139.0676693,35.974269],[139.06771,35.9742323],[139.0676683,35.9741992],[139.0674182,35.9739966],[139.0674201,35.9739932],[139.0674863,35.973968],[139.0674867,35.9739679],[139.0675449,35.9739508],[139.0675677,35.9739482],[139.0675681,35.9739482],[139.0675733,35.9739485],[139.0675742,35.9739485],[139.0675819,35.9739488],[139.0676028,35.9739552],[139.0676371,35.9739829],[139.0678373,35.9741449],[139.0678487,35.9741542],[139.0679174,35.9742097],[139.0676437,35.9744965],[139.0678731,35.9746337],[139.0677968,35.9748084]]]},"properties":{"layer":"landuse","class_code":"211","class_label":"住宅用地（住宅、共同住宅、店舗等併用住宅、店舗等併用共同住宅、作業所併用住宅）"}},{"type":"Feature","id":"luse_bed8be92-7d68-45a1-8dca-eef1fe73a254","geometry":{"type":"Polygon","coordinates":[[[139.0700302,35.9745429],[139.0698797,35.9747236],[139.0697627,35.9746456],[139.0696285,35.9747899],[139.0695332,35.9747223],[139.06923235833332,35.975],[139.06921871584362,35.975],[139.0690906,35.9749083],[139.0690133,35.9749689],[139.0689976,35.9749562],[139.0689395,35.9749096],[139.0688657,35.9748502],[139.0690669,35.9746849],[139.0690987,35.9746868],[139.0692253,35.974789],[139.0692231,35.9747999],[139.0692581,35.9747719],[139.0691294,35.9746623],[139.0692809,35.974533],[139.0692563,35.9745127],[139.0691278,35.9746087],[139.0691116,35.9745953],[139.0692349,35.9744913],[139.0690908,35.9743596],[139.0690191,35.9742941],[139.0689311,35.974362],[139.068762,35.9744925],[139.0687922,35.9744594],[139.0687946,35.9744572],[139.0688011,35.974447],[139.068804,35.9744358],[139.0688051,35.9744254],[139.0688004,35.9744092],[139.0687903,35.9743963],[139.0687689,35.9743812],[139.0687526,35.9743705],[139.0687405,35.9743617],[139.0687331,35.9743538],[139.0687285,35.974348],[139.0687252,35.9743429],[139.0687232,35.9743393],[139.0687186,35.9743277],[139.0687136,35.9743138],[139.068707,35.9742946],[139.068763,35.974315],[139.0688238,35.9741794],[139.0688404,35.9741867],[139.0689105,35.9740825],[139.06904,35.9741464],[139.0690485,35.9741326],[139.0689952,35.9741077],[139.0690435,35.9740294],[139.0687732,35.9738949],[139.0687933,35.973877],[139.0689056,35.9737825],[139.0689136,35.9737757],[139.0689297,35.9737624],[139.0692133,35.9739765],[139.0694549,35.9736829],[139.0694719,35.9736984],[139.0694786,35.9737042],[139.0694871,35.9737123],[139.0694969,35.973723],[139.0695047,35.9737306],[139.069533,35.9737587],[139.0696045,35.9738309],[139.0696158,35.9738423],[139.0696279,35.9738545],[139.0696498,35.9738756],[139.0696648,35.9738901],[139.0697169,35.973942],[139.069756,35.973982],[139.0697584,35.9739915],[139.0697616,35.9740091],[139.0697614,35.9740207],[139.0697571,35.974032],[139.0697409,35.9740533],[139.0697333,35.9740606],[139.0696363,35.9741394],[139.069563,35.9742012],[139.0695556,35.9742076],[139.0694215,35.9741284],[139.0693641,35.9741917],[139.0694841,35.9742584],[139.0694982,35.9742575],[139.069472,35.9742803],[139.0693685,35.9743834],[139.0693853,35.9743934],[139.0693873,35.9744019],[139.0693178,35.9744724],[139.0693285,35.9744807],[139.0694008,35.9744057],[139.0693935,35.9743869],[139.0694511,35.9743303],[139.06948,35.9743093],[139.0696363,35.9744214],[139.0696014,35.9744587],[139.0696081,35.974463],[139.0696355,35.9744801],[139.0696426,35.9744846],[139.0696606,35.9744652],[139.0697501,35.974369],[139.0697578,35.9743618],[139.0698367,35.974308],[139.0698545,35.9742959],[139.0698558,35.9742951],[139.0698728,35.9743309],[139.0698884,35.9743635],[139.069907,35.9744051],[139.0699323,35.9744553],[139.069945,35.9744688],[139.0700071,35.9745245],[139.0700197,35.9745351],[139.0700202,35.9745355],[139.0700302,35.9745429]]]},"properties":{"layer":"landuse","class_code":"211","class_label":"住宅用地（住宅、共同住宅、店舗等併用住宅、店舗等併用共同住宅、作業所併用住宅）"}},{"type":"Feature","id":"luse_2965e31f-978c-4442-b313-6590e3e7a536","geometry":{"type":"Polygon","coordinates":[[[139.0730723,35.9746217],[139.0730779,35.9746303],[139.0730799,35.9746393],[139.073078,35.9746491],[139.0730734,35.9746581],[139.0730655,35.9746666],[139.0730455,35.9746828],[139.0729366,35.9747749],[139.072834,35.974862],[139.0727847,35.9749029],[139.072724,35.9749524],[139.0727179,35.9749575],[139.0726695,35.9749969],[139.07266570691056,35.975],[139.07254465195314,35.975],[139.0725016,35.9749693],[139.0726902,35.9747249],[139.0725166,35.9746136],[139.0726001,35.974493],[139.0727204,35.9743718],[139.0727268,35.9743754],[139.0728026,35.9744221],[139.0728384,35.9744442],[139.0728411,35.9744472],[139.0727443,35.974544],[139.0727631,35.9745568],[139.072857,35.9744652],[139.0728627,35.9744713],[139.0728939,35.9745043],[139.0729599,35.9745563],[139.0729633,35.9745589],[139.0729941,35.9745825],[139.0730254,35.9746063],[139.073037,35.9745962],[139.0730723,35.9746217]]]},"properties":{"layer":"landuse","class_code":"211","class_label":"住宅用地（住宅、共同住宅、店舗等併用住宅、店舗等併用共同住宅、作業所併用住宅）"}},{"type":"Feature","id":"luse_eb7f1949-1715-499e-a24f-93bb496474c0","geometry":{"type":"Polygon","coordinates":[[[139.0673086,35.9749814],[139.0673127,35.9749966],[139.06731188195488,35.975],[139.06712843837536,35.975],[139.0670339,35.9749333],[139.067116,35.9748504],[139.0673086,35.9749814]]]},"properties":{"layer":"landuse","class_code":"211","class_label":"住宅用地（住宅、共同住宅、店舗等併用住宅、店舗等併用共同住宅、作業所併用住宅）"}},{"type":"Feature","id":"luse_8337f322-82e8-4d0b-be26-75ed1ec589b7","geometry":{"type":"Polygon","coordinates":[[[139.0745452,35.9747968],[139.0747291,35.9749182],[139.0747307,35.9749199],[139.0747332,35.9749245],[139.0747334,35.9749277],[139.0747336,35.9749292],[139.0747311,35.9749333],[139.0747304,35.974934],[139.0747099,35.9749565],[139.07466997534246,35.975],[139.07430652727274,35.975],[139.0743023,35.9749955],[139.0742689,35.97496],[139.0742347,35.9749255],[139.0741982,35.9748886],[139.0741866,35.9748769],[139.0741767,35.9748657],[139.0741725,35.9748578],[139.0741721,35.9748483],[139.0741756,35.974835],[139.0741758,35.9748345],[139.0743475,35.9746662],[139.0745452,35.9747968]]]},"properties":{"layer":"landuse","class_code":"211","class_label":"住宅用地（住宅、共同住宅、店舗等併用住宅、店舗等併用共同住宅、作業所併用住宅）"}},{"type":"Feature","id":"luse_357570d3-02ee-45ee-b727-7f8f69b04f1d","geometry":{"type":"Polygon","coordinates":[[[139.07231278181817,35.975],[139.0723036231454,35.975],[139.0723074,35.9749963],[139.07231278181817,35.975]]]},"properties":{"layer":"landuse","class_code":"211","class_label":"住宅用地（住宅、共同住宅、店舗等併用住宅、店舗等併用共同住宅、作業所併用住宅）"}},{"type":"Feature","id":"luse_a5636c66-a769-4775-87e7-ca92f85ab6d2","geometry":{"type":"Polygon","coordinates":[[[139.0741369,35.97481],[139.0741316,35.9748261],[139.0741264,35.9748448],[139.0741274,35.9748662],[139.0741369,35.974884],[139.0741503,35.9748993],[139.0741626,35.9749117],[139.0742332,35.9749829],[139.074249274,35.975],[139.0737650262069,35.975],[139.0737274,35.9749748],[139.0738698,35.9748459],[139.0738703,35.974843],[139.0738712,35.9748412],[139.0738688,35.9748365],[139.0738065,35.9747888],[139.0737222,35.974727],[139.0736395,35.9746598],[139.0736555,35.9746466],[139.0736625,35.9746409],[139.0737101,35.9746021],[139.0737219,35.9745923],[139.0737196,35.9745904],[139.0738078,35.9745184],[139.0738185,35.974528],[139.0738294,35.9745198],[139.0738508,35.9745037],[139.0738577,35.9744987],[139.0738633,35.9744947],[139.0739575,35.9744265],[139.0739753,35.9744142],[139.073976,35.9744141],[139.0739788,35.9744138],[139.073981,35.9744145],[139.073984,35.9744162],[139.0739936,35.9744225],[139.0741818,35.9745487],[139.0741998,35.9745606],[139.0741942,35.974565],[139.074203,35.9745708],[139.0740176,35.9747367],[139.0741369,35.97481]]]},"properties":{"layer":"landuse","class_code":"211","class_label":"住宅用地（住宅、共同住宅、店舗等併用住宅、店舗等併用共同住宅、作業所併用住宅）"}},{"type":"Feature","id":"luse_af0d5ffd-4f46-43de-b756-97f4bf3569ca","geometry":{"type":"Polygon","coordinates":[[[139.07272376822877,35.975],[139.0728184,35.9749202],[139.0728323,35.9749393],[139.07293541380753,35.975],[139.0733295085598,35.975],[139.0733729,35.9749398],[139.0734375,35.974854],[139.0734475,35.974841],[139.0735908,35.9749414],[139.0736235,35.974964],[139.07367516666667,35.975],[139.07272376822877,35.975]]]},"properties":{"layer":"landuse","class_code":"211","class_label":"住宅用地（住宅、共同住宅、店舗等併用住宅、店舗等併用共同住宅、作業所併用住宅）"}},{"type":"Feature","id":"luse_0d43d9dc-874c-421f-be5d-0205c77ac720","geometry":{"type":"Polygon","coordinates":[[[139.075,35.975],[139.0748997589404,35.975],[139.0748875,35.9749893],[139.0748768,35.9749799],[139.0748625,35.9749673],[139.0748614,35.9749666],[139.0747981,35.9749227],[139.0747867,35.9749152],[139.0747907,35.9749111],[139.0747921,35.9749096],[139.0747948,35.9749068],[139.0748076,35.9748927],[139.074916,35.9747845],[139.0749235,35.974777],[139.075,35.97483306506848],[139.075,35.975]]]},"properties":{"layer":"landuse","class_code":"211","class_label":"住宅用地（住宅、共同住宅、店舗等併用住宅、店舗等併用共同住宅、作業所併用住宅）"}},{"type":"Feature","id":"luse_1eebd2d0-cf1c-4779-9035-4dc7ac420b87","geometry":{"type":"Polygon","coordinates":[[[139.0680294,35.9746146],[139.0680955,35.9745624],[139.0681565,35.974612],[139.0680981,35.9746593],[139.0680294,35.9746146]]]},"properties":{"layer":"landuse","class_code":"214","class_label":"公益施設用地（官公庁施設、文教厚生施設、供給処理施設）"}},{"type":"Feature","id":"luse_e87971a0-0db2-469f-9fa2-efa79a4522ac","geometry":{"type":"Polygon","coordinates":[[[139.0625871,35.9682802],[139.062645,35.9683006],[139.0627278,35.9683287],[139.0628223,35.9683612],[139.0629172,35.9683939],[139.062922,35.9683956],[139.0629384,35.9684013],[139.0630098,35.9684257],[139.0630505,35.9684405],[139.063056,35.9684418],[139.0630527,35.9684463],[139.0630402,35.9684638],[139.0630283,35.9684788],[139.0630219,35.9684878],[139.0629748,35.9685512],[139.0629233,35.9686199],[139.0628898,35.9686639],[139.0628677,35.9686935],[139.0628365,35.9687357],[139.062835,35.9687373],[139.0628279,35.9687469],[139.0626084,35.9686762],[139.0625,35.968641265032446],[139.0625,35.968380255014324],[139.062583,35.9682788],[139.0625871,35.9682802]]]},"properties":{"layer":"landuse","class_code":"212","class_label":"商業用地（業務施設、商業施設、宿泊施設、商業系複合施設）"}},{"type":"Feature","id":"luse_0412bc4f-3522-4b86-b01d-05f01942c842","geometry":{"type":"Polygon","coordinates":[[[139.0641184,35.9688231],[139.0640889,35.9688486],[139.0639863,35.9689372],[139.0639746,35.9689289],[139.0639396,35.9689034],[139.0638453,35.9688368],[139.0639778,35.9687174],[139.0641184,35.9688231]]]},"properties":{"layer":"landuse","class_code":"212","class_label":"商業用地（業務施設、商業施設、宿泊施設、商業系複合施設）"}},{"type":"Feature","id":"luse_e8c02b3b-5ccb-4bd2-bd64-0e7276ebaa16","geometry":{"type":"Polygon","coordinates":[[[139.0625,35.969089610186266],[139.0625351,35.9691081],[139.0625053,35.9691157],[139.0625,35.96911707232143],[139.0625,35.969089610186266]]]},"properties":{"layer":"landuse","class_code":"212","class_label":"商業用地（業務施設、商業施設、宿泊施設、商業系複合施設）"}},{"type":"Feature","id":"luse_c82b234f-bade-4ba5-a491-14565c70c8eb","geometry":{"type":"Polygon","coordinates":[[[139.0648661,35.9696708],[139.0648545,35.9696571],[139.0648474,35.9696487],[139.0648072,35.9696093],[139.0647909,35.9695919],[139.0647697,35.9695691],[139.0647044,35.9695048],[139.064697,35.9694969],[139.0649482,35.9693307],[139.0650019,35.9693852],[139.065171,35.9692641],[139.0651738,35.9692666],[139.0651821,35.9692613],[139.0652402,35.9693114],[139.0652779,35.9693423],[139.0652834,35.9693471],[139.0652899,35.9693524],[139.0652987,35.9693598],[139.0648661,35.9696708]]]},"properties":{"layer":"landuse","class_code":"212","class_label":"商業用地（業務施設、商業施設、宿泊施設、商業系複合施設）"}},{"type":"Feature","id":"luse_14b214b6-5b37-4144-93ae-da76e68184a2","geometry":{"type":"Polygon","coordinates":[[[139.0636108,35.9699379],[139.0636072,35.9699405],[139.0635996,35.9699474],[139.0635326,35.9700082],[139.0634614,35.9700705],[139.0634026,35.9701352],[139.0632954,35.9702472],[139.0632444,35.9702993],[139.0632247,35.97032],[139.0632206,35.9703168],[139.0632076,35.9703064],[139.0629248,35.9700789],[139.0629157,35.9700715],[139.0628255,35.9699975],[139.062765,35.9699491],[139.0626951,35.9698934],[139.0626117,35.9698266],[139.0625071,35.9697423],[139.0625,35.96973661342592],[139.0625,35.96940824146341],[139.0625374,35.9694355],[139.0625472,35.9694421],[139.0625,35.96949119951219],[139.0625,35.96955106643357],[139.062694,35.969683],[139.0627537,35.9696277],[139.0627753,35.9696077],[139.0627804,35.9696027],[139.0627757,35.9696078],[139.0627979,35.9696174],[139.0628304,35.9696306],[139.0628311,35.9696309],[139.0629083,35.9696635],[139.0629096,35.9696639],[139.0629637,35.9696823],[139.0629647,35.9696826],[139.0629652,35.9696829],[139.0629621,35.9696867],[139.0629613,35.9696877],[139.0629665,35.9696906],[139.0629674,35.9696895],[139.06305,35.9697255],[139.0630766,35.9697365],[139.0630758,35.9697376],[139.063081,35.9697404],[139.063082,35.9697392],[139.0631321,35.9697664],[139.0631575,35.96978],[139.0631569,35.9697808],[139.0631622,35.9697837],[139.0631657,35.9697793],[139.0631672,35.96978],[139.0631695,35.9697769],[139.0632125,35.9697905],[139.0632218,35.9697933],[139.0632721,35.9698077],[139.0632755,35.9698087],[139.0633358,35.969817],[139.0633508,35.9698155],[139.063366,35.9698138],[139.0633781,35.9698089],[139.0633898,35.9698041],[139.0634135,35.9697924],[139.0634149,35.9697917],[139.0636108,35.9699379]]]},"properties":{"layer":"landuse","class_code":"212","class_label":"商業用地（業務施設、商業施設、宿泊施設、商業系複合施設）"}},{"type":"Feature","id":"luse_80fca093-dda2-4b31-b1dc-7e6862443d1d","geometry":{"type":"Polygon","coordinates":[[[139.06746,35.9709577],[139.0674167,35.9709986],[139.0673815,35.9710319],[139.0673688,35.9710438],[139.0672854,35.9711226],[139.0672748,35.9711164],[139.0672732,35.9711156],[139.0672014,35.9710824],[139.0671634,35.9710615],[139.0670761,35.9710134],[139.0670151,35.9709789],[139.0669693,35.9709529],[139.0669548,35.9709452],[139.0669697,35.970929],[139.0671076,35.9709115],[139.0671649,35.9709049],[139.0671735,35.970904],[139.0672092,35.9708966],[139.067235,35.9708713],[139.0672943,35.9707961],[139.0673295,35.9707556],[139.0673324,35.9707571],[139.067373,35.9708203],[139.0674188,35.9708927],[139.0674522,35.9709456],[139.06746,35.9709577]]]},"properties":{"layer":"landuse","class_code":"212","class_label":"商業用地（業務施設、商業施設、宿泊施設、商業系複合施設）"}},{"type":"Feature","id":"luse_894db3e7-4fb5-4275-8158-ad50e0238453","geometry":{"type":"Polygon","coordinates":[[[139.0630545,35.9712696],[139.0630287,35.9712917],[139.0627094,35.970932],[139.0629511,35.9707887],[139.0629984,35.9707607],[139.0630324,35.9708026],[139.0631362,35.9708978],[139.0634792,35.9706517],[139.0635311,35.9706931],[139.0635318,35.9706937],[139.0635343,35.9706956],[139.063535,35.9706962],[139.0635354,35.9706958],[139.0635399,35.9706994],[139.0635395,35.9706997],[139.0636019,35.9707504],[139.0636026,35.9707499],[139.0636071,35.9707534],[139.0636065,35.9707541],[139.0636071,35.9707546],[139.063767,35.9708798],[139.0637681,35.9708807],[139.0636989,35.9709281],[139.063573,35.971012],[139.0635129,35.9710524],[139.0635126,35.9710522],[139.0635067,35.9710562],[139.0634468,35.9710957],[139.0634452,35.9710969],[139.0634449,35.9710966],[139.0634392,35.9711002],[139.0634398,35.9711007],[139.0634388,35.9711014],[139.0633964,35.9711301],[139.0633947,35.9711311],[139.0633943,35.9711307],[139.0633889,35.9711343],[139.0633891,35.9711346],[139.0633689,35.9711469],[139.0632722,35.9712064],[139.0632576,35.9712154],[139.0632009,35.9712534],[139.0631807,35.9712668],[139.0631669,35.9712656],[139.0631637,35.9712654],[139.0631302,35.9712624],[139.0631082,35.971238],[139.0630545,35.9712696]]]},"properties":{"layer":"landuse","class_code":"212","class_label":"商業用地（業務施設、商業施設、宿泊施設、商業系複合施設）"}},{"type":"Feature","id":"luse_b410c090-6493-4fb7-ad48-5602a0ab774e","geometry":{"type":"Polygon","coordinates":[[[139.0662259,35.9712594],[139.0661213,35.9713561],[139.0660128,35.9712829],[139.0661218,35.971184],[139.0661924,35.9712352],[139.0662099,35.9712479],[139.0662259,35.9712594]]]},"properties":{"layer":"landuse","class_code":"212","class_label":"商業用地（業務施設、商業施設、宿泊施設、商業系複合施設）"}},{"type":"Feature","id":"luse_7a21d2e1-2f21-4246-95c7-8f149a57434e","geometry":{"type":"Polygon","coordinates":[[[139.0675509,35.971099],[139.0675583,35.9711104],[139.0676176,35.9712004],[139.0676758,35.9712936],[139.0677214,35.9713634],[139.0677244,35.9713702],[139.067721,35.9713724],[139.0677101,35.9713657],[139.0676609,35.971338],[139.0676232,35.9713181],[139.0675145,35.9712597],[139.0674783,35.9712385],[139.0674649,35.9712281],[139.0674596,35.971224],[139.0674534,35.9712203],[139.067394,35.9711855],[139.0673343,35.9711509],[139.0674074,35.9710805],[139.0674574,35.9710323],[139.0674622,35.9710324],[139.0674599,35.9710299],[139.0674887,35.9710022],[139.0674892,35.9710029],[139.0675509,35.971099]]]},"properties":{"layer":"landuse","class_code":"212","class_label":"商業用地（業務施設、商業施設、宿泊施設、商業系複合施設）"}},{"type":"Feature","id":"luse_b31e149f-0c4a-43f5-b9ac-4b5b1cd23cf2","geometry":{"type":"Polygon","coordinates":[[[139.0672205,35.9711361],[139.0672141,35.9711433],[139.0670708,35.9713027],[139.0671051,35.9713339],[139.0670063,35.9714229],[139.0669041,35.9713744],[139.0667485,35.9715469],[139.0667173,35.9715249],[139.0666888,35.9715049],[139.0666216,35.971459],[139.0666044,35.9714473],[139.0665567,35.9714114],[139.066531,35.9713928],[139.0665214,35.9713859],[139.0665219,35.9713806],[139.0666559,35.9712584],[139.0666996,35.9712147],[139.0667623,35.9711493],[139.0668798,35.9710252],[139.0669249,35.970975],[139.0669427,35.9709807],[139.0669474,35.9709833],[139.0670318,35.9710296],[139.067037,35.9710324],[139.0670991,35.9710671],[139.0671134,35.971075],[139.067163,35.9711032],[139.0671761,35.9711107],[139.0672205,35.9711361]]]},"properties":{"layer":"landuse","class_code":"212","class_label":"商業用地（業務施設、商業施設、宿泊施設、商業系複合施設）"}},{"type":"Feature","id":"luse_0edfc69e-1495-4ace-b56b-39d4e2432928","geometry":{"type":"Polygon","coordinates":[[[139.0676846,35.9713957],[139.0676768,35.9714036],[139.0675339,35.9715525],[139.0674125,35.9714857],[139.0675429,35.9713497],[139.0675702,35.9713433],[139.0675862,35.9713396],[139.0676185,35.9713565],[139.0676846,35.9713957]]]},"properties":{"layer":"landuse","class_code":"212","class_label":"商業用地（業務施設、商業施設、宿泊施設、商業系複合施設）"}},{"type":"Feature","id":"luse_20f1b919-1edc-47b1-add9-7e49819d2047","geometry":{"type":"Polygon","coordinates":[[[139.0662957,35.9716036],[139.0661919,35.971701],[139.0660173,35.9715684],[139.0661568,35.9714398],[139.0661965,35.9714643],[139.0663328,35.9713361],[139.0663919,35.9713783],[139.0664554,35.9714239],[139.0664816,35.9714441],[139.0664857,35.9714402],[139.0665124,35.9714583],[139.0665335,35.9714733],[139.0665292,35.9714771],[139.0665855,35.9715131],[139.0666311,35.9715443],[139.0666469,35.9715548],[139.0665623,35.9716312],[139.0664945,35.9715914],[139.0664428,35.9716368],[139.0663372,35.9715628],[139.0662957,35.9716036]]]},"properties":{"layer":"landuse","class_code":"212","class_label":"商業用地（業務施設、商業施設、宿泊施設、商業系複合施設）"}},{"type":"Feature","id":"luse_6da1f99b-700c-479a-a901-269fc0fe19bb","geometry":{"type":"Polygon","coordinates":[[[139.0641564,35.9722542],[139.0641485,35.9722609],[139.0640884,35.972244],[139.0640687,35.9722286],[139.0636449,35.9717308],[139.0635185,35.9716359],[139.0634114,35.971525],[139.0633321,35.9714084],[139.0632716,35.9712838],[139.0633307,35.9712467],[139.063432,35.9711778],[139.0634332,35.9711791],[139.0634396,35.9711749],[139.0634388,35.9711742],[139.0634439,35.971171],[139.0634832,35.9711455],[139.0634893,35.9711416],[139.0634909,35.9711404],[139.0635511,35.9710997],[139.0635516,35.9711001],[139.0635576,35.9710959],[139.0635572,35.9710956],[139.0638038,35.9709295],[139.0638337,35.9709328],[139.0638352,35.970934],[139.0639568,35.9710316],[139.0639889,35.9710574],[139.0641031,35.971149],[139.0641098,35.9711544],[139.0641445,35.9711824],[139.0642051,35.9712307],[139.0642149,35.9712386],[139.0642189,35.9712418],[139.0642824,35.9712935],[139.0643456,35.9713444],[139.0643459,35.9713441],[139.0643495,35.971347],[139.0643491,35.9713473],[139.0643545,35.9713516],[139.0643797,35.9713708],[139.0644366,35.9714143],[139.0645771,35.9715279],[139.0646308,35.9715708],[139.0647325,35.9716532],[139.064802,35.9717081],[139.0648938,35.9717832],[139.0648995,35.9717878],[139.0649211,35.9718052],[139.0649946,35.9718638],[139.0649994,35.9718676],[139.0649702,35.97188],[139.0649557,35.9718856],[139.0649529,35.9718868],[139.0649245,35.9718979],[139.0647358,35.9719774],[139.0647237,35.9719825],[139.0645059,35.9720719],[139.0644366,35.9721022],[139.0642751,35.9721792],[139.0642236,35.9722047],[139.0641816,35.9722256],[139.0641575,35.9722375],[139.0641472,35.9722409],[139.0641564,35.9722542]]]},"properties":{"layer":"landuse","class_code":"212","class_label":"商業用地（業務施設、商業施設、宿泊施設、商業系複合施設）"}},{"type":"Feature","id":"luse_9f523dd2-4d21-4b5d-bef9-2950f3396120","geometry":{"type":"Polygon","coordinates":[[[139.065792,35.9730051],[139.0655945,35.9730706],[139.0655736,35.9729971],[139.0655733,35.9729972],[139.0655671,35.9729985],[139.0655546,35.972954],[139.0655607,35.9729529],[139.0655611,35.9729529],[139.0655442,35.9728841],[139.0658489,35.9727989],[139.0657571,35.9726132],[139.0654927,35.9726752],[139.0654809,35.9726273],[139.0654746,35.9726],[139.0654449,35.9724703],[139.0654179,35.9723555],[139.0653738,35.9722074],[139.0653718,35.9721985],[139.0653904,35.9721813],[139.0657448,35.9724663],[139.0658029,35.972513],[139.0658809,35.9725758],[139.0661462,35.9727888],[139.0662181,35.9728462],[139.0662245,35.9728515],[139.066076,35.9729208],[139.0660173,35.9729381],[139.065792,35.9730051]]]},"properties":{"layer":"landuse","class_code":"212","class_label":"商業用地（業務施設、商業施設、宿泊施設、商業系複合施設）"}},{"type":"Feature","id":"luse_aa516853-1fff-4b7e-802e-3e88e8a327fd","geometry":{"type":"Polygon","coordinates":[[[139.0690397,35.9728685],[139.0691007,35.9729138],[139.0688769,35.9731071],[139.0688418,35.9730805],[139.0687745,35.973028],[139.0689798,35.9728364],[139.0690397,35.9728685]]]},"properties":{"layer":"landuse","class_code":"212","class_label":"商業用地（業務施設、商業施設、宿泊施設、商業系複合施設）"}},{"type":"Feature","id":"luse_ef679dc9-3753-4732-a927-7388c0cf3c45","geometry":{"type":"Polygon","coordinates":[[[139.0668594,35.9729375],[139.0666997,35.9731074],[139.0666928,35.973102],[139.0666886,35.9730985],[139.0665804,35.9730118],[139.0663831,35.9728545],[139.0663819,35.9728144],[139.0663819,35.9728126],[139.0663857,35.9728092],[139.0664445,35.9727589],[139.0664614,35.9727445],[139.0665301,35.9726862],[139.0665374,35.97268],[139.0668594,35.9729375]]]},"properties":{"layer":"landuse","class_code":"212","class_label":"商業用地（業務施設、商業施設、宿泊施設、商業系複合施設）"}},{"type":"Feature","id":"luse_82db3879-454a-43d9-a481-e86f15970d17","geometry":{"type":"Polygon","coordinates":[[[139.0720254,35.9739728],[139.0719974,35.9739959],[139.0718736,35.9740983],[139.0715951,35.973913],[139.0715552,35.9738871],[139.0716822,35.9737707],[139.0717221,35.9737342],[139.0717272,35.9737391],[139.0717341,35.9737448],[139.0717573,35.9737626],[139.0718717,35.9738543],[139.0719088,35.9738832],[139.0719305,35.973902],[139.0719731,35.973934],[139.0720254,35.9739728]]]},"properties":{"layer":"landuse","class_code":"212","class_label":"商業用地（業務施設、商業施設、宿泊施設、商業系複合施設）"}},{"type":"Feature","id":"luse_050befa3-1543-47a0-9437-7bc1c735eed5","geometry":{"type":"Polygon","coordinates":[[[139.0669897,35.9738061],[139.0670211,35.9738351],[139.0670944,35.973903],[139.067102,35.9739101],[139.0671071,35.9739148],[139.0671356,35.973941],[139.0671794,35.9739813],[139.0672016,35.974001],[139.0671957,35.974022],[139.0671344,35.9740461],[139.0671337,35.9740465],[139.0670826,35.9740667],[139.0670856,35.9740723],[139.0670889,35.9740783],[139.0670845,35.97408],[139.0668472,35.9738317],[139.067061,35.9736688],[139.0668799,35.9735183],[139.0666374,35.9737449],[139.0665087,35.9735905],[139.0664078,35.9734939],[139.0666702,35.9732081],[139.0667132,35.9732432],[139.0667161,35.9732455],[139.0667648,35.9732839],[139.066805,35.9733157],[139.0669165,35.9734037],[139.066953,35.9734334],[139.0670292,35.9734955],[139.0671389,35.9735847],[139.0671585,35.9736007],[139.0671604,35.9736022],[139.0671814,35.9736194],[139.0672428,35.9736688],[139.0674392,35.9738242],[139.0674981,35.9738707],[139.0674943,35.9738846],[139.0674925,35.9738881],[139.0674799,35.9739081],[139.067469,35.9739189],[139.0674601,35.9739222],[139.0673773,35.9739539],[139.0673732,35.9739555],[139.067329,35.9739708],[139.0672957,35.9739824],[139.0672799,35.9739886],[139.0672461,35.973983],[139.0672359,35.9739754],[139.0672139,35.9739559],[139.0671361,35.9738844],[139.0671293,35.973878],[139.0670561,35.9738102],[139.0670249,35.9737815],[139.0669897,35.9738061]]]},"properties":{"layer":"landuse","class_code":"212","class_label":"商業用地（業務施設、商業施設、宿泊施設、商業系複合施設）"}},{"type":"Feature","id":"luse_c1bc72d1-418d-422b-8158-9ae49e5089fe","geometry":{"type":"Polygon","coordinates":[[[139.0681897,35.9743032],[139.0681843,35.9742989],[139.0680232,35.9741702],[139.0677368,35.9739393],[139.0677156,35.9739219],[139.0677165,35.9739217],[139.067907,35.9738758],[139.0679325,35.9738712],[139.0679903,35.9738623],[139.068335,35.9741813],[139.0682203,35.9742785],[139.0681913,35.974303],[139.0681907,35.9743025],[139.0681897,35.9743032]]]},"properties":{"layer":"landuse","class_code":"212","class_label":"商業用地（業務施設、商業施設、宿泊施設、商業系複合施設）"}},{"type":"Feature","id":"luse_af24d5ed-a8c3-457b-a806-8d2ba14e8c6f","geometry":{"type":"Polygon","coordinates":[[[139.0725898,35.9742986],[139.0726486,35.9743309],[139.0726756,35.9743463],[139.0727204,35.9743718],[139.0726001,35.974493],[139.0725166,35.9746136],[139.0724573,35.9746995],[139.0722725,35.9746082],[139.0723596,35.9744807],[139.0725174,35.9742607],[139.0725898,35.9742986]]]},"properties":{"layer":"landuse","class_code":"212","class_label":"商業用地（業務施設、商業施設、宿泊施設、商業系複合施設）"}},{"type":"Feature","id":"luse_8577dfa1-3d5b-4e0f-81de-034f44a023a9","geometry":{"type":"Polygon","coordinates":[[[139.0687722,35.9746384],[139.068918,35.9747586],[139.068837,35.9748269],[139.0688367,35.9748271],[139.0688135,35.9748085],[139.0687546,35.9747611],[139.0687367,35.9747468],[139.0686716,35.9746943],[139.0685953,35.9746337],[139.0686561,35.9745838],[139.0686609,35.9745794],[139.0686724,35.9745695],[139.0687722,35.9746384]]]},"properties":{"layer":"landuse","class_code":"212","class_label":"商業用地（業務施設、商業施設、宿泊施設、商業系複合施設）"}},{"type":"Feature","id":"luse_71e2a8f3-8854-4fac-9c49-e576711cc49f","geometry":{"type":"Polygon","coordinates":[[[139.0628481,35.9675361],[139.0629095,35.9675749],[139.0628646,35.9676226],[139.0629142,35.9676517],[139.0628154,35.9677892],[139.0625,35.967645553706625],[139.0625,35.96732123774598],[139.0625266,35.9673141],[139.0625776,35.9673005],[139.0626118,35.9672913],[139.0626381,35.9672843],[139.0626627,35.9672785],[139.062663,35.9672784],[139.0626742,35.9672767],[139.0626746,35.9672766],[139.0626868,35.9672752],[139.0626999,35.9672768],[139.0627003,35.9672769],[139.062714,35.9672795],[139.0627263,35.9672848],[139.0627443,35.9672951],[139.0627483,35.9672975],[139.0627486,35.9672977],[139.0627554,35.9673015],[139.0627794,35.9673162],[139.0628039,35.9673313],[139.0628408,35.967354],[139.0628771,35.9673765],[139.0629078,35.9673955],[139.0629227,35.9674051],[139.062923,35.9674053],[139.0629317,35.9674093],[139.062938,35.9674103],[139.0629461,35.9674101],[139.0629465,35.96741],[139.0629538,35.9674084],[139.0629579,35.9674067],[139.0629632,35.9674045],[139.0629694,35.9674009],[139.0629738,35.967397],[139.0628481,35.9675361]]]},"properties":{"layer":"landuse","class_code":"213","class_label":"工業用地（工場）"}},{"type":"Feature","id":"luse_382f7394-6be4-45c8-bc70-90dae1299a50","geometry":{"type":"Polygon","coordinates":[[[139.0716666,35.9688157],[139.0716864,35.9688639],[139.0716918,35.9688781],[139.071686,35.9688816],[139.071648,35.9689048],[139.0715248,35.9689932],[139.0715218,35.9689954],[139.0714372,35.9690713],[139.0713756,35.9691485],[139.0713173,35.9692266],[139.0713237,35.969235],[139.071321,35.9692396],[139.0713255,35.9692467],[139.0712307,35.9693184],[139.0712041,35.9693468],[139.0711963,35.9693543],[139.0711555,35.9693866],[139.0711239,35.9694096],[139.0710977,35.9694257],[139.0710933,35.9694281],[139.0710835,35.9694335],[139.0710734,35.9694388],[139.0710548,35.9694488],[139.0710351,35.9694587],[139.0710179,35.9694666],[139.0710175,35.9694668],[139.0709924,35.969474],[139.070992,35.9694741],[139.0709153,35.9694895],[139.0707672,35.9695196],[139.0707668,35.9695196],[139.070637,35.9695416],[139.07059,35.9695498],[139.0705554,35.9695531],[139.0705468,35.9695539],[139.0705464,35.9695539],[139.0705246,35.9695555],[139.0705113,35.9695564],[139.0704797,35.9695587],[139.0703949,35.9695647],[139.0703102,35.9695743],[139.0703098,35.9695744],[139.070271,35.9695791],[139.0702338,35.9695872],[139.0702334,35.9695873],[139.0702226,35.9695909],[139.0704192,35.9694843],[139.0703076,35.9693789],[139.0702979,35.9693694],[139.0702967,35.9693658],[139.0702967,35.9693644],[139.0702974,35.9693629],[139.0701866,35.969256],[139.0701757,35.9692455],[139.0700676,35.9691363],[139.069934,35.9689979],[139.0698785,35.9689367],[139.069867,35.9689223],[139.0698466,35.968898],[139.0698404,35.9688822],[139.0698038,35.9688302],[139.0697824,35.9687873],[139.0697931,35.9687537],[139.0698162,35.9687439],[139.0698922,35.9687587],[139.0699854,35.9687801],[139.0700564,35.968759],[139.0701285,35.9687367],[139.0702096,35.9687018],[139.0702197,35.9686988],[139.070225,35.9686975],[139.0702301,35.9686963],[139.0702352,35.9686953],[139.0702404,35.9686946],[139.0702457,35.968694],[139.070251,35.9686936],[139.0702534,35.9686936],[139.0702588,35.9686937],[139.0702641,35.968694],[139.0702696,35.9686946],[139.0702751,35.9686952],[139.0702805,35.9686962],[139.0702859,35.9686973],[139.0702913,35.9686986],[139.0702968,35.9687],[139.0703022,35.9687015],[139.0703127,35.9687049],[139.0703209,35.9687079],[139.0703308,35.968712],[139.0703457,35.9687186],[139.0704839,35.9687931],[139.0705091,35.9687979],[139.0705408,35.9687878],[139.0705644,35.9687841],[139.0706758,35.9687312],[139.0706853,35.9687307],[139.0707389,35.9687305],[139.0708013,35.9687324],[139.0708592,35.9687344],[139.0709134,35.9687283],[139.0709806,35.9687182],[139.0710344,35.9687046],[139.071106,35.9686743],[139.07113,35.968641],[139.0711481,35.9685942],[139.0711503,35.9685476],[139.0711476,35.9684925],[139.0711358,35.9684387],[139.0711202,35.9683677],[139.0711238,35.9683289],[139.0711324,35.9682964],[139.0712752,35.9682285],[139.0713378,35.9681985],[139.0713931,35.9681652],[139.0714471,35.9681336],[139.0714884,35.9681233],[139.0715159,35.9681249],[139.0715428,35.9681428],[139.0715608,35.9681826],[139.0716802,35.9684418],[139.0717289,35.9685391],[139.0717567,35.9685717],[139.0717709,35.9685777],[139.0719187,35.9685113],[139.0721313,35.9684075],[139.0722087,35.9683708],[139.0723499,35.96833],[139.0724286,35.9682984],[139.0724966,35.9682441],[139.0727377,35.967883],[139.0727739,35.9678167],[139.0727947,35.9678021],[139.0728221,35.9678023],[139.0728586,35.9678173],[139.0728727,35.9678262],[139.072898,35.9678421],[139.0728971,35.9678435],[139.0727989,35.9679906],[139.0727358,35.968083],[139.0725736,35.9683207],[139.0725364,35.9683726],[139.0725005,35.9684117],[139.0724524,35.9684449],[139.0717946,35.9688156],[139.0717154,35.9688636],[139.071713,35.968857],[139.0716933,35.9688092],[139.0716718,35.968744],[139.0716431,35.9686617],[139.0716334,35.9686333],[139.0716123,35.9685709],[139.0715777,35.968485],[139.0715448,35.9684091],[139.0715192,35.9683404],[139.0715188,35.9683404],[139.0714934,35.9683467],[139.0714926,35.9683469],[139.0715185,35.9684162],[139.0715514,35.9684923],[139.0715859,35.9685774],[139.0716165,35.9686678],[139.0716451,35.9687501],[139.0716666,35.9688157]]]},"properties":{"layer":"landuse","class_code":"213","class_label":"工業用地（工場）"}},{"type":"Feature","id":"luse_cd587712-c61c-46cc-8dc9-8f4c1599c8ab","geometry":{"type":"Polygon","coordinates":[[[139.0705711,35.9696522],[139.0705715,35.9696637],[139.0705706,35.969693],[139.0705692,35.969755],[139.0705686,35.9697967],[139.0705683,35.9698084],[139.0705679,35.9698082],[139.0704345,35.9697267],[139.0703386,35.9696564],[139.0703274,35.9696481],[139.0703221,35.9696418],[139.0703214,35.9696401],[139.0703216,35.9696382],[139.0703218,35.9696372],[139.0703224,35.9696361],[139.0703237,35.9696352],[139.0703254,35.9696346],[139.0703277,35.9696337],[139.0703376,35.9696322],[139.0703379,35.9696321],[139.0703991,35.9696261],[139.0704853,35.9696215],[139.0704857,35.9696215],[139.0704934,35.9696219],[139.070516,35.9696231],[139.0705272,35.9696237],[139.0705312,35.9696239],[139.0705316,35.9696239],[139.0705447,35.9696252],[139.0705547,35.9696287],[139.070555,35.9696288],[139.070564,35.9696349],[139.0705693,35.9696433],[139.0705711,35.9696522]]]},"properties":{"layer":"landuse","class_code":"213","class_label":"工業用地（工場）"}},{"type":"Feature","id":"luse_9340b24d-a467-4fe5-833f-e56f74beaf8e","geometry":{"type":"Polygon","coordinates":[[[139.070503,35.9699595],[139.0705052,35.9699604],[139.0705055,35.9699604],[139.0705009,35.9699686],[139.0702953,35.9698925],[139.070369,35.9697009],[139.070426,35.9697359],[139.0705672,35.9698225],[139.0705691,35.9698298],[139.0705526,35.9698642],[139.0705427,35.9698846],[139.0705076,35.9699553],[139.0705056,35.9699549],[139.070503,35.9699595]]]},"properties":{"layer":"landuse","class_code":"213","class_label":"工業用地（工場）"}},{"type":"Feature","id":"luse_6e4d8b38-274e-42b4-9461-57b1e5156c94","geometry":{"type":"Polygon","coordinates":[[[139.0704242,35.970122],[139.0704215,35.9701279],[139.0703753,35.9702169],[139.070342,35.9702801],[139.0703382,35.9702871],[139.069927,35.9701358],[139.0699412,35.9700709],[139.0698926,35.970056],[139.0697507,35.9700124],[139.069798,35.9698816],[139.0698085,35.9697597],[139.0698029,35.9697403],[139.0698341,35.9697459],[139.0698887,35.9697498],[139.0699139,35.9697496],[139.069917,35.9697504],[139.0699188,35.9697542],[139.0699255,35.9697679],[139.0699272,35.9697768],[139.0699259,35.9699087],[139.0699834,35.9699099],[139.0699827,35.9699853],[139.0704242,35.970122]]]},"properties":{"layer":"landuse","class_code":"213","class_label":"工業用地（工場）"}},{"type":"Feature","id":"luse_3540e4ad-899d-4bd8-9c23-3f5f8b2b80e3","geometry":{"type":"Polygon","coordinates":[[[139.0687695,35.970524],[139.0687503,35.9705571],[139.0687192,35.9706116],[139.0685515,35.9705393],[139.0685449,35.9705226],[139.0685413,35.9705109],[139.0685292,35.9704761],[139.0685242,35.9704582],[139.0685312,35.9704494],[139.0685385,35.9704499],[139.0685394,35.9704499],[139.068541,35.97045],[139.0685414,35.9704501],[139.0685869,35.9704551],[139.0685926,35.9704559],[139.0685982,35.9704573],[139.0686124,35.9704628],[139.0686127,35.9704629],[139.0686856,35.9704919],[139.0687695,35.970524]]]},"properties":{"layer":"landuse","class_code":"213","class_label":"工業用地（工場）"}},{"type":"Feature","id":"luse_c4595727-af84-4e4d-b50b-3c8ee6213ef5","geometry":{"type":"Polygon","coordinates":[[[139.0682043,35.9707206],[139.0681456,35.9707473],[139.0680612,35.970783],[139.0680431,35.9707907],[139.0680427,35.9707906],[139.0680279,35.9707878],[139.0679998,35.9707655],[139.0679266,35.9707034],[139.0679253,35.9707028],[139.068058,35.9705964],[139.0682043,35.9707206]]]},"properties":{"layer":"landuse","class_code":"213","class_label":"工業用地（工場）"}},{"type":"Feature","id":"luse_aced1297-3d8a-4c3c-aa3e-1893e5c60718","geometry":{"type":"Polygon","coordinates":[[[139.0722202,35.9700375],[139.0722706,35.96999],[139.0723295,35.9700296],[139.0722815,35.9700697],[139.0722202,35.9700375]]]},"properties":{"layer":"landuse","class_code":"214","class_label":"公益施設用地（官公庁施設、文教厚生施設、供給処理施設）"}},{"type":"Feature","id":"luse_13255aca-4c9b-4484-b036-95434b5bf303","geometry":{"type":"Polygon","coordinates":[[[139.0672065,35.9708682],[139.0671854,35.9708829],[139.0671851,35.9708829],[139.067169,35.9708854],[139.0671651,35.9708859],[139.0669662,35.970913],[139.0669147,35.9709202],[139.0668132,35.9708595],[139.0666991,35.9707877],[139.0667429,35.9707913],[139.0668297,35.9706811],[139.0666912,35.9705893],[139.066747,35.970523],[139.066799,35.9704336],[139.0668586,35.970331],[139.0669277,35.970226],[139.0669878,35.9701404],[139.0672357,35.9704448],[139.0673899,35.9706265],[139.0674016,35.9706463],[139.0673809,35.9706703],[139.0672776,35.9707871],[139.0672065,35.9708682]]]},"properties":{"layer":"landuse","class_code":"213","class_label":"工業用地（工場）"}},{"type":"Feature","id":"luse_88f2cdd1-193b-4516-986f-6517536f0319","geometry":{"type":"Polygon","coordinates":[[[139.0707447,35.9699656],[139.0707706,35.9699916],[139.0708026,35.9700222],[139.0708156,35.9700376],[139.0708431,35.9700696],[139.0708941,35.9701266],[139.07093,35.9701628],[139.0709524,35.9701831],[139.0709808,35.9702045],[139.0710366,35.9702409],[139.071058,35.9702575],[139.0710776,35.9702726],[139.0710954,35.9702893],[139.0711099,35.9703035],[139.0711275,35.9703221],[139.0711934,35.970389],[139.0712123,35.9704078],[139.0712614,35.9704558],[139.0712838,35.9704793],[139.0713183,35.9705156],[139.0713418,35.9705404],[139.0713558,35.9705553],[139.071361,35.9705618],[139.0713732,35.9705776],[139.0713889,35.9706101],[139.0713916,35.9706195],[139.0713969,35.97069],[139.0714742,35.9707746],[139.0715329,35.9708417],[139.0715332,35.9708419],[139.07157,35.9708832],[139.0715934,35.9709336],[139.0715921,35.9709499],[139.0715755,35.9709928],[139.0715233,35.9710516],[139.0713813,35.9711773],[139.0711866,35.9713652],[139.0711408,35.9713998],[139.0709292,35.9715647],[139.0708982,35.971593],[139.0708883,35.9715983],[139.0708789,35.9716002],[139.0708785,35.9716002],[139.0708761,35.9716001],[139.0708704,35.9715998],[139.0708664,35.9715992],[139.0708637,35.9715986],[139.0708538,35.9715917],[139.0708073,35.971557],[139.070805,35.9715549],[139.0707927,35.9715435],[139.0707166,35.971485],[139.0706698,35.9714496],[139.0705598,35.9713661],[139.0705368,35.9713475],[139.0705416,35.9713431],[139.0705243,35.9713311],[139.0705074,35.9713207],[139.0705633,35.971252],[139.0706359,35.9710582],[139.0706379,35.9710526],[139.0706919,35.9709073],[139.0707607,35.9707821],[139.0707835,35.9707273],[139.0707811,35.9706826],[139.0707509,35.9705644],[139.0707116,35.9703194],[139.0707261,35.9702902],[139.0707005,35.970232],[139.0707021,35.9701497],[139.0707265,35.9699919],[139.0707287,35.969949],[139.0707447,35.9699656]]]},"properties":{"layer":"landuse","class_code":"213","class_label":"工業用地（工場）"}},{"type":"Feature","id":"luse_00106d84-1900-4616-adae-1cb4f67ef515","geometry":{"type":"Polygon","coordinates":[[[139.0651025,35.9712843],[139.065097,35.9713248],[139.0650859,35.9713824],[139.0650865,35.9714493],[139.0650876,35.9714632],[139.065095,35.9715049],[139.0651137,35.9715737],[139.065141,35.9716335],[139.0651654,35.9716894],[139.0651791,35.9717202],[139.0652031,35.9717757],[139.0652258,35.9718277],[139.0652257,35.9718314],[139.0652097,35.9718556],[139.0651772,35.9718765],[139.0651693,35.9718816],[139.0650713,35.9718019],[139.0649768,35.9717245],[139.0648782,35.9716468],[139.0648095,35.9715901],[139.0647135,35.9715152],[139.0650356,35.971324],[139.0651025,35.9712843]]]},"properties":{"layer":"landuse","class_code":"213","class_label":"工業用地（工場）"}},{"type":"Feature","id":"luse_7c436c50-38ce-418d-a499-d77d2b452918","geometry":{"type":"Polygon","coordinates":[[[139.0716898,35.9716979],[139.0716191,35.9717473],[139.0715617,35.9717875],[139.071464,35.9718554],[139.0714525,35.9718634],[139.0713767,35.9719163],[139.0713222,35.971921],[139.0712591,35.9718767],[139.0711429,35.9717907],[139.0711423,35.9717831],[139.0711434,35.9717767],[139.071147,35.9717719],[139.0712362,35.9716976],[139.0712129,35.9716731],[139.0711364,35.9717335],[139.071117,35.9717492],[139.0711166,35.9717493],[139.0710999,35.9717558],[139.0710994,35.9717558],[139.0710957,35.9717558],[139.0710663,35.9717341],[139.0710279,35.9717057],[139.0710286,35.9717017],[139.071029,35.9716993],[139.0710371,35.9716888],[139.0711522,35.9715948],[139.0711306,35.9715739],[139.0710542,35.9716389],[139.0710058,35.9716813],[139.0709977,35.9716833],[139.0709929,35.9716798],[139.0709349,35.9716369],[139.0709333,35.97163],[139.0709286,35.9716089],[139.0709452,35.9715836],[139.0710107,35.9715326],[139.0712354,35.9713611],[139.0713146,35.9712882],[139.0713496,35.971256],[139.071426,35.9711841],[139.0714467,35.9711647],[139.0715221,35.9710935],[139.0715499,35.9710673],[139.0716124,35.9710132],[139.0716192,35.9710223],[139.0716299,35.9710368],[139.071646,35.9710682],[139.0716749,35.9711432],[139.0716821,35.9711751],[139.0716853,35.9711947],[139.0716873,35.9712071],[139.0716842,35.9712233],[139.0716819,35.9712351],[139.0716643,35.9712786],[139.0716545,35.9713009],[139.0716406,35.971328],[139.0716916,35.9713453],[139.0717062,35.9713173],[139.0717169,35.9712934],[139.0717304,35.9712599],[139.0717686,35.9713068],[139.0718526,35.9713959],[139.0719278,35.9714637],[139.0720084,35.9715321],[139.0719758,35.9715395],[139.0719754,35.9715396],[139.071898,35.9715536],[139.071867,35.9715749],[139.0717939,35.9716253],[139.0717586,35.9716499],[139.0716898,35.9716979]]]},"properties":{"layer":"landuse","class_code":"213","class_label":"工業用地（工場）"}},{"type":"Feature","id":"luse_41770b9f-1ed8-4b72-9198-7d564992e684","geometry":{"type":"Polygon","coordinates":[[[139.0709668,35.9717096],[139.071241,35.9719181],[139.071236,35.9719472],[139.0712337,35.9719605],[139.0712202,35.9719715],[139.0711745,35.9720075],[139.0711017,35.9720655],[139.0710828,35.9720562],[139.0708619,35.9719466],[139.0708432,35.9719414],[139.0708428,35.9719413],[139.0707556,35.9719167],[139.0707177,35.9719063],[139.0707066,35.9719032],[139.0707138,35.9718929],[139.0707549,35.9718356],[139.070807,35.9717628],[139.0708606,35.971686],[139.0708984,35.9716592],[139.0709668,35.9717096]]]},"properties":{"layer":"landuse","class_code":"213","class_label":"工業用地（工場）"}},{"type":"Feature","id":"luse_ac152993-881f-45c6-b087-341081054357","geometry":{"type":"Polygon","coordinates":[[[139.0690388,35.9718513],[139.0688228,35.9720597],[139.068361,35.9714097],[139.0682445,35.9714045],[139.0679916,35.9710789],[139.0679505,35.9709281],[139.0678874,35.9708273],[139.0679236,35.9708071],[139.0679319,35.9708025],[139.0677392,35.9706118],[139.0676784,35.9705549],[139.0676485,35.9705284],[139.0676388,35.9705168],[139.0676343,35.9705055],[139.0676326,35.9704998],[139.0676325,35.9704995],[139.0676525,35.9705137],[139.0676571,35.9705169],[139.0677348,35.9705744],[139.0677858,35.9706172],[139.0678113,35.9706422],[139.0678614,35.9706808],[139.0678967,35.9707097],[139.0679772,35.970783],[139.0679792,35.9707845],[139.0679991,35.9708014],[139.0680245,35.9708162],[139.0680263,35.9708173],[139.0680477,35.9708166],[139.0680481,35.9708166],[139.0682716,35.9707236],[139.0683483,35.9706901],[139.0684565,35.9706359],[139.0684773,35.9706323],[139.0684959,35.9706292],[139.0685099,35.9706405],[139.0685103,35.9706408],[139.0685586,35.9707175],[139.0686153,35.9708439],[139.0686381,35.9708981],[139.0686736,35.9709823],[139.06869,35.971021],[139.0687061,35.9710658],[139.0687167,35.9710875],[139.0687416,35.9711483],[139.0687423,35.9711502],[139.0687159,35.9712345],[139.0687114,35.9712488],[139.0684607,35.9713951],[139.0684848,35.971421],[139.0685425,35.9713904],[139.0687375,35.9712863],[139.0687521,35.9712786],[139.0687533,35.9712787],[139.0687703,35.9712807],[139.0687807,35.9712819],[139.0687901,35.971287],[139.0687983,35.9712915],[139.0688186,35.9713429],[139.0688697,35.9714734],[139.0688802,35.9714997],[139.0688949,35.9715312],[139.0689043,35.9715515],[139.0689037,35.9715523],[139.0688907,35.9715705],[139.0688734,35.9715801],[139.0686203,35.9717206],[139.068707,35.9718271],[139.0687455,35.9718059],[139.0687229,35.9717787],[139.0689041,35.9716818],[139.069038,35.9718503],[139.0690388,35.9718513]]]},"properties":{"layer":"landuse","class_code":"213","class_label":"工業用地（工場）"}},{"type":"Feature","id":"luse_ab0357c8-8430-4856-90ef-292be585ffc2","geometry":{"type":"Polygon","coordinates":[[[139.0660083,35.9722689],[139.0658395,35.972414],[139.0658224,35.9724004],[139.0657901,35.9723747],[139.0657286,35.9723263],[139.0653987,35.9720635],[139.0653686,35.9720395],[139.0653065,35.9719901],[139.0652697,35.9719609],[139.0652775,35.9719299],[139.0652838,35.9719281],[139.0652842,35.9719281],[139.0652729,35.9718895],[139.0652611,35.9718491],[139.0652591,35.9718421],[139.0652524,35.9718196],[139.0652386,35.9717744],[139.0652271,35.9717508],[139.0652237,35.9717439],[139.0652091,35.9717107],[139.0651685,35.9716152],[139.0651657,35.9716082],[139.065356,35.9714687],[139.0654657,35.9713883],[139.0655182,35.971345],[139.0656293,35.9714388],[139.0657812,35.9713159],[139.0658051,35.9712974],[139.0660325,35.971121],[139.0660997,35.9711684],[139.0661218,35.971184],[139.0660128,35.9712829],[139.0661213,35.9713561],[139.0660822,35.9713902],[139.0661568,35.9714398],[139.0660173,35.9715684],[139.0661919,35.971701],[139.0662957,35.9716036],[139.0663372,35.9715628],[139.0664428,35.9716368],[139.0664945,35.9715914],[139.0665623,35.9716312],[139.0666469,35.9715548],[139.0666825,35.9715783],[139.0666973,35.9715882],[139.0665245,35.971745],[139.0666023,35.971798],[139.0666199,35.971811],[139.0666988,35.9718689],[139.0666044,35.9719566],[139.0662896,35.97221],[139.0662062,35.972263],[139.066158,35.9721988],[139.0660083,35.9722689]]]},"properties":{"layer":"landuse","class_code":"213","class_label":"工業用地（工場）"}},{"type":"Feature","id":"luse_804cf8a2-3da3-400e-b79a-c7d3ea996935","geometry":{"type":"Polygon","coordinates":[[[139.0651027,35.9719503],[139.0652295,35.9720524],[139.0652984,35.9721061],[139.0652633,35.9721351],[139.0653249,35.9722133],[139.0653323,35.9722145],[139.0653326,35.9722145],[139.0653767,35.9723627],[139.0653884,35.9724127],[139.0653887,35.9724137],[139.0654035,35.9724767],[139.0654163,35.9725326],[139.0654298,35.9725917],[139.0654395,35.9726339],[139.0654759,35.9727815],[139.0654998,35.9728713],[139.0655033,35.9728844],[139.0645814,35.9732064],[139.0645045,35.9730362],[139.0643954,35.9729431],[139.0643277,35.97274],[139.0640971,35.9723212],[139.0641194,35.9722855],[139.0641485,35.9722609],[139.0641564,35.9722542],[139.0641666,35.9722499],[139.0641711,35.9722477],[139.0642452,35.9722108],[139.0643846,35.9721434],[139.0644632,35.9721071],[139.0645398,35.9720749],[139.0646609,35.9720258],[139.0647701,35.9719812],[139.0648594,35.9719438],[139.0649482,35.9719078],[139.0649702,35.9718995],[139.064972,35.9718988],[139.065017,35.9718819],[139.0651027,35.9719503]]]},"properties":{"layer":"landuse","class_code":"213","class_label":"工業用地（工場）"}},{"type":"Feature","id":"luse_72b4298e-2ee9-4f49-8fd0-c5c54bb31969","geometry":{"type":"Polygon","coordinates":[[[139.0693014,35.9735338],[139.0693017,35.9735339],[139.0693085,35.9735404],[139.0693612,35.9735905],[139.0694429,35.9736713],[139.0694506,35.973679],[139.0694549,35.9736829],[139.0692133,35.9739765],[139.0689297,35.9737624],[139.0690288,35.9736802],[139.0692262,35.9735168],[139.0693014,35.9735338]]]},"properties":{"layer":"landuse","class_code":"213","class_label":"工業用地（工場）"}},{"type":"Feature","id":"luse_d41678e4-d206-4c0c-9f94-f5397d1dc80a","geometry":{"type":"Polygon","coordinates":[[[139.0749282,35.9744238],[139.0746633,35.9746403],[139.0745328,35.9745535],[139.0746661,35.9744425],[139.0746647,35.9744163],[139.0745397,35.9743326],[139.0744476,35.9742727],[139.0744009,35.9742408],[139.0743969,35.9742346],[139.0743936,35.9742282],[139.0743947,35.9742229],[139.0743971,35.9742161],[139.0744562,35.9741443],[139.0745079,35.974169],[139.074579,35.9741],[139.0749282,35.9744238]]]},"properties":{"layer":"landuse","class_code":"213","class_label":"工業用地（工場）"}},{"type":"Feature","id":"luse_452a60d1-3c33-4b90-9e67-198c967e0e23","geometry":{"type":"Polygon","coordinates":[[[139.068107,35.9743632],[139.0680614,35.974403],[139.0680209,35.9744379],[139.0679796,35.9744775],[139.0679517,35.9745106],[139.0679296,35.9745406],[139.0679184,35.9745591],[139.0679024,35.9745838],[139.0678731,35.9746337],[139.0676437,35.9744965],[139.0679174,35.9742097],[139.068107,35.9743632]]]},"properties":{"layer":"landuse","class_code":"213","class_label":"工業用地（工場）"}},{"type":"Feature","id":"luse_b4924635-ad12-4ba8-83fb-4da22941b7f1","geometry":{"type":"Polygon","coordinates":[[[139.0663305,35.968274],[139.0662531,35.9682452],[139.0662234,35.9682655],[139.0662221,35.9682645],[139.0662037,35.9682517],[139.0661625,35.9682151],[139.0661321,35.9681869],[139.0661227,35.968178],[139.0660853,35.9681431],[139.0660772,35.9681354],[139.0660764,35.9681347],[139.0660704,35.968129],[139.0663461,35.9679271],[139.0664442,35.967896],[139.0665831,35.9677895],[139.066554,35.9677655],[139.0665577,35.9676868],[139.0663588,35.967592],[139.0666081,35.9676323],[139.0668196,35.9675979],[139.0669111,35.9675436],[139.0670742,35.9676687],[139.0669489,35.9678777],[139.0670947,35.9679717],[139.0670817,35.9679828],[139.0667604,35.96826],[139.0664917,35.9680767],[139.0663305,35.968274]]]},"properties":{"layer":"landuse","class_code":"214","class_label":"公益施設用地（官公庁施設、文教厚生施設、供給処理施設）"}},{"type":"Feature","id":"luse_b51d5be1-0f9b-4e2c-a491-31c2cedebf2f","geometry":{"type":"Polygon","coordinates":[[[139.0733294,35.9680673],[139.0733212,35.9680717],[139.0733353,35.9680891],[139.0727021,35.9684235],[139.0726471,35.9684039],[139.0726394,35.9683969],[139.0732427,35.9680535],[139.0732542,35.9680029],[139.0732884,35.9678719],[139.0735615,35.9676918],[139.0736387,35.9676685],[139.0737414,35.9676661],[139.0738361,35.9677353],[139.0735574,35.9681211],[139.0734178,35.9681654],[139.0734114,35.9681588],[139.0733924,35.9681352],[139.073335,35.9680643],[139.0733294,35.9680673]]]},"properties":{"layer":"landuse","class_code":"214","class_label":"公益施設用地（官公庁施設、文教厚生施設、供給処理施設）"}},{"type":"Feature","id":"luse_e848d00a-faf7-49de-b1df-b11ef2f4c64f","geometry":{"type":"Polygon","coordinates":[[[139.0674074,35.9710805],[139.0673343,35.9711509],[139.0672854,35.9711226],[139.0673688,35.9710438],[139.0673815,35.9710319],[139.0674167,35.9709986],[139.06746,35.9709577],[139.0674791,35.9709874],[139.0674887,35.9710022],[139.0674599,35.9710299],[139.0674622,35.9710324],[139.0674574,35.9710323],[139.0674074,35.9710805]]]},"properties":{"layer":"landuse","class_code":"214","class_label":"公益施設用地（官公庁施設、文教厚生施設、供給処理施設）"}},{"type":"Feature","id":"luse_ffdb9954-838e-45db-81e6-c9daa3ed5963","geometry":{"type":"Polygon","coordinates":[[[139.0711017,35.9720655],[139.0710076,35.9721405],[139.0709871,35.9721575],[139.0709462,35.9721952],[139.0709417,35.9721925],[139.0709279,35.9721845],[139.0708091,35.9721142],[139.0708571,35.9719582],[139.0708574,35.9719582],[139.0708619,35.9719466],[139.0710828,35.9720562],[139.0711017,35.9720655]]]},"properties":{"layer":"landuse","class_code":"214","class_label":"公益施設用地（官公庁施設、文教厚生施設、供給処理施設）"}},{"type":"Feature","id":"luse_7766a16e-79c0-41e7-9f91-b0a2c0c744f1","geometry":{"type":"Polygon","coordinates":[[[139.0727437,35.9724802],[139.0727459,35.97263],[139.0727433,35.9726316],[139.0726919,35.9726691],[139.0725747,35.9727541],[139.0724474,35.9726743],[139.0726773,35.9724577],[139.0727437,35.9724802]]]},"properties":{"layer":"landuse","class_code":"214","class_label":"公益施設用地（官公庁施設、文教厚生施設、供給処理施設）"}},{"type":"Feature","id":"luse_1b44e73a-5911-461d-b912-7fa8cd8ef82f","geometry":{"type":"Polygon","coordinates":[[[139.070567,35.9726961],[139.0704345,35.9727062],[139.0703636,35.9727558],[139.0702769,35.972839],[139.0702765,35.9728389],[139.0702533,35.9728333],[139.0702107,35.9728243],[139.0701801,35.9728143],[139.0701161,35.9727913],[139.070098,35.9727856],[139.0700564,35.9727651],[139.0700229,35.9727464],[139.0700203,35.9725803],[139.0700523,35.9724557],[139.0701287,35.9722878],[139.0701581,35.9722233],[139.0701671,35.9721464],[139.0704555,35.9723017],[139.0703366,35.9724509],[139.0706309,35.9726116],[139.0706012,35.9726507],[139.0705794,35.9726801],[139.070567,35.9726961]]]},"properties":{"layer":"landuse","class_code":"214","class_label":"公益施設用地（官公庁施設、文教厚生施設、供給処理施設）"}},{"type":"Feature","id":"luse_9ee87a0b-3043-4cd9-b5ca-447501dbd095","geometry":{"type":"Polygon","coordinates":[[[139.073042,35.973071],[139.0730215,35.9730839],[139.072844,35.9729142],[139.0728662,35.9728976],[139.0726786,35.9727301],[139.0726914,35.9727209],[139.0727738,35.9726611],[139.0728087,35.9726357],[139.0727865,35.9726135],[139.0727779,35.9726048],[139.0727756,35.9725129],[139.0727756,35.9725125],[139.0727759,35.9725041],[139.0727777,35.9724997],[139.0727806,35.9724971],[139.0727847,35.9724941],[139.0727902,35.9724909],[139.0728073,35.972486],[139.0728251,35.9724809],[139.0728163,35.9724578],[139.0728159,35.9724578],[139.0727819,35.9724666],[139.0725877,35.972319],[139.0725896,35.9723174],[139.0726571,35.9722546],[139.072685,35.9722323],[139.0726905,35.9722279],[139.0726924,35.9722271],[139.0726927,35.9722269],[139.0726959,35.9722255],[139.0727021,35.972222],[139.0727081,35.9722208],[139.0727121,35.9722215],[139.0727124,35.9722216],[139.072715,35.9722239],[139.0727193,35.9722277],[139.0727531,35.9722134],[139.0727509,35.9722093],[139.0727504,35.9722073],[139.0727494,35.9722033],[139.0727509,35.9721994],[139.0727533,35.9721961],[139.07276,35.9721909],[139.072764,35.9721894],[139.0727693,35.9721877],[139.072774,35.9721865],[139.0727924,35.9721822],[139.0727927,35.9721821],[139.0727886,35.9721723],[139.0727873,35.9721697],[139.0728814,35.9721412],[139.073097,35.9724206],[139.0731733,35.97252],[139.0731294,35.9725461],[139.0731546,35.9725668],[139.0732259,35.9725088],[139.0733455,35.9726066],[139.0733728,35.9726289],[139.0734666,35.9727035],[139.0734868,35.9727479],[139.0734497,35.9727812],[139.0733433,35.9728427],[139.073326,35.9728528],[139.0732224,35.9729239],[139.0732206,35.9729224],[139.073042,35.973071]]]},"properties":{"layer":"landuse","class_code":"214","class_label":"公益施設用地（官公庁施設、文教厚生施設、供給処理施設）"}},{"type":"Feature","id":"luse_eda68a70-a500-4b37-97d2-defd195b7a8f","geometry":{"type":"Polygon","coordinates":[[[139.073676,35.9733541],[139.0737091,35.973372],[139.0737202,35.9734018],[139.0736887,35.9734256],[139.0736545,35.9734435],[139.0736054,35.97339],[139.0736333,35.9733532],[139.073676,35.9733541]]]},"properties":{"layer":"landuse","class_code":"214","class_label":"公益施設用地（官公庁施設、文教厚生施設、供給処理施設）"}},{"type":"Feature","id":"luse_942aaafd-6628-47ca-9e3a-234c2a6385aa","geometry":{"type":"Polygon","coordinates":[[[139.0689298,35.9736796],[139.0688636,35.9737349],[139.0687332,35.9738409],[139.0686303,35.9739286],[139.0685524,35.9739955],[139.0685259,35.9739972],[139.0684797,35.9739696],[139.0684002,35.9739186],[139.0682043,35.9738071],[139.0679856,35.9736736],[139.0678615,35.973598],[139.0678373,35.973623],[139.0675523,35.9734486],[139.0674026,35.973356],[139.0672517,35.9732668],[139.067099,35.9734289],[139.0670311,35.973374],[139.0669879,35.9733393],[139.0666997,35.9731074],[139.0668594,35.9729375],[139.0665374,35.97268],[139.066586,35.9726387],[139.0666074,35.9726204],[139.0666516,35.9725827],[139.0667397,35.9725073],[139.0668424,35.9724182],[139.0669432,35.9723324],[139.0669438,35.9723327],[139.0669497,35.9723274],[139.0669493,35.9723271],[139.0669523,35.9723244],[139.0669504,35.9723226],[139.0669497,35.9723219],[139.0670212,35.9722603],[139.0670389,35.9722457],[139.0670461,35.9722397],[139.0670608,35.9722269],[139.0671195,35.9721757],[139.0671529,35.9721475],[139.0671771,35.9721271],[139.0672294,35.9720828],[139.0672405,35.9720737],[139.0672608,35.972057],[139.0672753,35.9720442],[139.0673329,35.9720352],[139.0673368,35.9720316],[139.0673582,35.9720465],[139.0673983,35.9720734],[139.0673994,35.9720742],[139.0673957,35.9720778],[139.0672152,35.9722753],[139.067317,35.9723424],[139.067235,35.9724349],[139.0672721,35.9724568],[139.0672426,35.9724871],[139.0679995,35.9728927],[139.0684584,35.973125],[139.0685202,35.9729774],[139.0685321,35.972919],[139.0685323,35.9729192],[139.0686312,35.9730214],[139.0686331,35.9730491],[139.0687213,35.9731176],[139.0687451,35.973111],[139.0688255,35.9731753],[139.0689409,35.9732652],[139.0691224,35.9734137],[139.0691364,35.9734246],[139.0691446,35.9734516],[139.0691484,35.9734735],[139.0691484,35.9734883],[139.0691482,35.973497],[139.0689298,35.9736796]]]},"properties":{"layer":"landuse","class_code":"214","class_label":"公益施設用地（官公庁施設、文教厚生施設、供給処理施設）"}},{"type":"Feature","id":"luse_64cc68af-34e8-4f67-803e-503c995775dd","geometry":{"type":"Polygon","coordinates":[[[139.0684729,35.974369],[139.0684381,35.9743956],[139.0683678,35.9744494],[139.0682555,35.9743575],[139.0682558,35.9743424],[139.0682766,35.9743233],[139.0682792,35.9743211],[139.0683447,35.9742645],[139.0683519,35.9742588],[139.0683547,35.9742566],[139.0684729,35.974369]]]},"properties":{"layer":"landuse","class_code":"214","class_label":"公益施設用地（官公庁施設、文教厚生施設、供給処理施設）"}},{"type":"Feature","id":"luse_02d0b14d-73db-45e3-9037-1d761ed63dc2","geometry":{"type":"Polygon","coordinates":[[[139.07154877456648,35.975],[139.0709992226252,35.975],[139.0711421,35.9748756],[139.071233,35.9749436],[139.0714194,35.9747656],[139.0716279,35.9749176],[139.07154877456648,35.975]]]},"properties":{"layer":"landuse","class_code":"214","class_label":"公益施設用地（官公庁施設、文教厚生施設、供給処理施設）"}},{"type":"Feature","id":"luse_d148aa66-cd29-42f0-b85c-3b3b167a724c","geometry":{"type":"Polygon","coordinates":[[[139.0705704,35.9748378],[139.0706266,35.9748855],[139.07076749720997,35.975],[139.0703897231806,35.975],[139.0704147,35.9749714],[139.070412,35.9749698],[139.0704151,35.9749667],[139.0704409,35.9749344],[139.070489,35.9748862],[139.0705007,35.9748746],[139.0705374,35.9748439],[139.0705386,35.9748429],[139.0705558,35.9748279],[139.0705588,35.9748303],[139.07056,35.9748292],[139.0705704,35.9748378]]]},"properties":{"layer":"landuse","class_code":"214","class_label":"公益施設用地（官公庁施設、文教厚生施設、供給処理施設）"}},{"type":"Feature","id":"luse_7634b2d1-7ead-42d8-93af-942d35577630","geometry":{"type":"Polygon","coordinates":[[[139.0677834551105,35.975],[139.0678055,35.9749534],[139.0678195,35.9749209],[139.0678317,35.9749161],[139.06795746626747,35.975],[139.0677834551105,35.975]]]},"properties":{"layer":"landuse","class_code":"214","class_label":"公益施設用地（官公庁施設、文教厚生施設、供給処理施設）"}},{"type":"Feature","id":"luse_f20801b0-1bfe-4472-8bb3-faaaf9a9dfb4","geometry":{"type":"Polygon","coordinates":[[[139.0669613,35.9722258],[139.0669423,35.9722433],[139.066933,35.9722509],[139.0669236,35.9722588],[139.0669199,35.9722619],[139.0669056,35.9722737],[139.0668865,35.9722902],[139.0667889,35.9723733],[139.0666916,35.9724578],[139.0666531,35.9724906],[139.0666088,35.9725303],[139.0665576,35.9725761],[139.0665357,35.9725941],[139.0664896,35.9726317],[139.0664403,35.9726733],[139.0662062,35.972263],[139.0662896,35.97221],[139.0666044,35.9719566],[139.0669613,35.9722258]]]},"properties":{"layer":"landuse","class_code":"214","class_label":"公益施設用地（官公庁施設、文教厚生施設、供給処理施設）"}},{"type":"Feature","id":"luse_990c4563-2be9-4ae7-8fa2-7e0e4b2998aa","geometry":{"type":"Polygon","coordinates":[[[139.0702481,35.9746674],[139.0702945,35.9746946],[139.0703251,35.9747116],[139.0703497,35.9747253],[139.0704114,35.9747567],[139.0704936,35.9747967],[139.0704948,35.9747973],[139.0704933,35.9748139],[139.07032900774402,35.975],[139.06993570426752,35.975],[139.0699313,35.9749973],[139.0702411,35.9746633],[139.0702481,35.9746674]]]},"properties":{"layer":"landuse","class_code":"214","class_label":"公益施設用地（官公庁施設、文教厚生施設、供給処理施設）"}},{"type":"Feature","id":"luse_6f97d6f8-1d1b-4dca-a501-9e99a8a06b07","geometry":{"type":"Polygon","coordinates":[[[139.0649482,35.9693307],[139.064697,35.9694969],[139.0646925,35.9694922],[139.0646698,35.9694681],[139.0646487,35.9694458],[139.0646373,35.9694345],[139.0645962,35.9693941],[139.0645959,35.9693939],[139.0645858,35.9693839],[139.0645778,35.9693761],[139.064559,35.9693579],[139.0645521,35.9693515],[139.0645511,35.9693505],[139.0645596,35.9693439],[139.0645692,35.9693366],[139.0646803,35.9692571],[139.0647089,35.9692352],[139.0647121,35.969233],[139.0647485,35.9692079],[139.0647687,35.969194],[139.0647804,35.969186],[139.0647837,35.9691838],[139.0648021,35.9691728],[139.0649482,35.9693307]]]},"properties":{"layer":"landuse","class_code":"214","class_label":"公益施設用地（官公庁施設、文教厚生施設、供給処理施設）"}},{"type":"Feature","id":"luse_b61be7b4-2b74-4f1d-affb-31c1443fe4e3","geometry":{"type":"Polygon","coordinates":[[[139.0665853,35.9709836],[139.0665474,35.9710265],[139.0664799,35.971103],[139.066356,35.9710306],[139.0663557,35.9710304],[139.0663483,35.9710252],[139.0663348,35.9710159],[139.0662483,35.9709399],[139.0663605,35.9708363],[139.0664886,35.9709225],[139.0666137,35.9707834],[139.066674,35.970817],[139.06671,35.9708382],[139.0667147,35.9708411],[139.0667199,35.9708442],[139.0665853,35.9709836]]]},"properties":{"layer":"landuse","class_code":"214","class_label":"公益施設用地（官公庁施設、文教厚生施設、供給処理施設）"}},{"type":"Feature","id":"luse_b4b4cfea-0f06-47d1-8319-92499a4b3793","geometry":{"type":"Polygon","coordinates":[[[139.0688904,35.9740734],[139.068892,35.974078],[139.0688238,35.9741794],[139.068763,35.974315],[139.068707,35.9742946],[139.0687007,35.9742763],[139.0686928,35.9742569],[139.0686844,35.9742438],[139.0686732,35.9742347],[139.0686602,35.9742279],[139.0687787,35.9740175],[139.0688904,35.9740734]]]},"properties":{"layer":"landuse","class_code":"214","class_label":"公益施設用地（官公庁施設、文教厚生施設、供給処理施設）"}},{"type":"Feature","id":"luse_6ee1bda5-97bf-4753-83e5-f2e2db5d6f93","geometry":{"type":"Polygon","coordinates":[[[139.06921871584362,35.975],[139.0690520155376,35.975],[139.0690133,35.9749689],[139.0690906,35.9749083],[139.06921871584362,35.975]]]},"properties":{"layer":"landuse","class_code":"214","class_label":"公益施設用地（官公庁施設、文教厚生施設、供給処理施設）"}},{"type":"Feature","id":"luse_47cb2b01-33ff-476d-811b-db1a4fb0668e","geometry":{"type":"Polygon","coordinates":[[[139.0642920871795,35.96666666666667],[139.0643198,35.9667117],[139.0643319,35.9667295],[139.0643532,35.9667554],[139.0643835,35.9667905],[139.0644149,35.9668254],[139.0644526,35.9668632],[139.0644909,35.9668963],[139.0644983,35.9669026],[139.064489,35.966916],[139.0644737,35.9669299],[139.0644577,35.966949],[139.0644568,35.9669483],[139.0644149,35.9669189],[139.0644114,35.9669165],[139.0643942,35.9668971],[139.0643732,35.9668734],[139.0643227,35.9668195],[139.0642637,35.9667455],[139.06422540285996,35.96666666666667],[139.0642920871795,35.96666666666667]]]},"properties":{"layer":"landuse","class_code":"216","class_label":"交通施設用地（運輸倉庫施設）"}},{"type":"Feature","id":"luse_23e80ede-9f85-4822-b1b3-2df311f943d0","geometry":{"type":"Polygon","coordinates":[[[139.063028,35.9669447],[139.0629582,35.966937],[139.0625,35.96694284211085],[139.0625,35.96686792966243],[139.0627588,35.9668675],[139.0629456,35.9668684],[139.0630253,35.9668688],[139.0630316,35.9668601],[139.0630644,35.9668391],[139.0630616,35.9669299],[139.0630614,35.9669327],[139.0630601,35.9669417],[139.0630279,35.9669403],[139.063028,35.9669447]]]},"properties":{"layer":"landuse","class_code":"216","class_label":"交通施設用地（運輸倉庫施設）"}},{"type":"Feature","id":"luse_796f106d-ff5b-4a1e-ab77-a6ca3f444ba5","geometry":{"type":"Polygon","coordinates":[[[139.0643742,35.9670535],[139.064329,35.9671116],[139.0643091,35.9671351],[139.0642848,35.9671658],[139.0642755,35.9671757],[139.06427,35.967181],[139.0642583,35.9671924],[139.0642544,35.9671938],[139.0642491,35.9671944],[139.0642447,35.9671947],[139.0642443,35.9671947],[139.064238,35.967194],[139.0642277,35.9671874],[139.0642166,35.9671814],[139.0642031,35.9671764],[139.0642217,35.9671454],[139.0639511,35.9670146],[139.0638688,35.9669959],[139.0637444,35.9669754],[139.06366,35.9669686],[139.063098,35.9669434],[139.0630981,35.9669353],[139.0630983,35.9669301],[139.0631003,35.9668429],[139.0631322,35.96686],[139.0631332,35.9668712],[139.0632329,35.9668715],[139.0632737,35.9668713],[139.0632996,35.9668707],[139.0633088,35.9668706],[139.0633222,35.9668711],[139.0633754,35.9668728],[139.0635019,35.966877],[139.0636229,35.9668852],[139.0636621,35.9668886],[139.0637281,35.9668957],[139.0637475,35.9668981],[139.0637596,35.9668995],[139.06382,35.9669089],[139.063869,35.9669167],[139.0638913,35.9669205],[139.0640548,35.9669628],[139.0641508,35.9669881],[139.064203,35.9670054],[139.0643742,35.9670535]]]},"properties":{"layer":"landuse","class_code":"216","class_label":"交通施設用地（運輸倉庫施設）"}},{"type":"Feature","id":"luse_48b03fc2-fc96-425b-8d94-343261b2a823","geometry":{"type":"Polygon","coordinates":[[[139.0658184,35.9683944],[139.0657811,35.9684133],[139.0657367,35.9684346],[139.0656805,35.9684619],[139.0656676,35.9684662],[139.0656586,35.9684675],[139.0656525,35.9684658],[139.0656455,35.9684609],[139.065638,35.9684547],[139.065636,35.9684529],[139.0656243,35.9684419],[139.0655867,35.9684015],[139.0655249,35.9683324],[139.0654438,35.9682352],[139.0654349,35.9682292],[139.0654345,35.9682291],[139.0651429,35.9678831],[139.0650875,35.9678172],[139.0650758,35.9678074],[139.0650235,35.9677375],[139.064892,35.9675965],[139.0647471,35.9674633],[139.0646461,35.9674124],[139.064505,35.9673323],[139.0642942,35.9672166],[139.0642823,35.9672097],[139.0642803,35.9672074],[139.0642791,35.9672051],[139.0642783,35.9672027],[139.0642783,35.9672019],[139.0642792,35.9672003],[139.0642902,35.9671881],[139.0643022,35.9671748],[139.0643378,35.9671307],[139.0643699,35.9670909],[139.0643703,35.9670903],[139.0644594,35.9669799],[139.0644924,35.9669407],[139.0644933,35.9669398],[139.0644987,35.9669346],[139.0645052,35.9669307],[139.0645079,35.9669297],[139.0645082,35.9669296],[139.0645118,35.966929],[139.0645122,35.966929],[139.0645177,35.9669288],[139.0645204,35.9669293],[139.0645208,35.9669293],[139.0645293,35.9669355],[139.0645735,35.9669664],[139.064594,35.9669813],[139.0646058,35.9669905],[139.0646748,35.9670452],[139.0646853,35.9670533],[139.0647344,35.9670922],[139.0647798,35.9671312],[139.0648006,35.9671487],[139.0648791,35.9672496],[139.0648806,35.9672512],[139.0649931,35.9673687],[139.0651158,35.9675028],[139.0653537,35.9677971],[139.0654566,35.9679244],[139.0655402,35.9680278],[139.0655419,35.9680299],[139.065705,35.9682403],[139.0657172,35.9682569],[139.0658184,35.9683944]]]},"properties":{"layer":"landuse","class_code":"216","class_label":"交通施設用地（運輸倉庫施設）"}},{"type":"Feature","id":"luse_a50aca00-10b1-4a62-9846-3c2d55f59b04","geometry":{"type":"Polygon","coordinates":[[[139.0666226,35.9694345],[139.0666189,35.9694374],[139.0665766,35.9694671],[139.0665196,35.9695075],[139.0665192,35.9695076],[139.0665153,35.9695088],[139.0665079,35.9695113],[139.0665018,35.9695159],[139.0663792,35.9693494],[139.0658244,35.9686789],[139.0656841,35.9685116],[139.0656681,35.9684926],[139.065676,35.9684875],[139.0656806,35.9684844],[139.0656857,35.9684812],[139.0657665,35.9684433],[139.0657906,35.9684296],[139.0658151,35.9684177],[139.0658354,35.9684093],[139.0658412,35.9684069],[139.0660814,35.9687234],[139.0661278,35.9687776],[139.0663326,35.9690536],[139.066494,35.969267],[139.066499,35.9692736],[139.0666226,35.9694345]]]},"properties":{"layer":"landuse","class_code":"216","class_label":"交通施設用地（運輸倉庫施設）"}},{"type":"Feature","id":"luse_3b086b54-3ba8-4e9d-bb7a-3a0272c2856e","geometry":{"type":"Polygon","coordinates":[[[139.0674978,35.9705322],[139.0674016,35.9706463],[139.0673899,35.9706265],[139.0672357,35.9704448],[139.0669878,35.9701404],[139.0668353,35.9699471],[139.066793,35.9698934],[139.0667936,35.9698937],[139.0667751,35.9698706],[139.0667745,35.9698703],[139.0665074,35.9695368],[139.0665169,35.9695314],[139.0665223,35.9695285],[139.0665309,35.9695203],[139.0665873,35.9694802],[139.0666305,35.9694494],[139.0670115,35.9699347],[139.06706,35.9699996],[139.0671165,35.9700725],[139.0672243,35.9702048],[139.0674086,35.970431],[139.0674978,35.9705322]]]},"properties":{"layer":"landuse","class_code":"216","class_label":"交通施設用地（運輸倉庫施設）"}},{"type":"Feature","id":"luse_106f2a42-6725-4077-81a6-0c2c06396a90","geometry":{"type":"Polygon","coordinates":[[[139.0690103,35.9723885],[139.0690369,35.9724368],[139.0691012,35.9725532],[139.0692015,35.9727351],[139.0695395,35.9730469],[139.0695808,35.973089],[139.0695776,35.9730914],[139.0694932,35.9731538],[139.0694587,35.9731802],[139.0691007,35.9729138],[139.0690397,35.9728685],[139.0689798,35.9728364],[139.0687368,35.9727064],[139.0684093,35.9724754],[139.0682506,35.9723636],[139.0682196,35.9723373],[139.068161,35.9723754],[139.068102,35.972328],[139.0679686,35.9722133],[139.0680201,35.9721689],[139.0680385,35.9720911],[139.0681596,35.9720298],[139.0679232,35.9716384],[139.0678975,35.9715958],[139.0678976,35.9715939],[139.0678951,35.9715844],[139.0678581,35.9715168],[139.0678408,35.9714834],[139.0678275,35.9714667],[139.0677986,35.9714328],[139.0677707,35.9713949],[139.0676954,35.9712856],[139.0676373,35.971192],[139.067578,35.9711021],[139.0674719,35.9709372],[139.0673925,35.9708118],[139.0673565,35.9707555],[139.0673532,35.9707503],[139.067351,35.9707442],[139.06735,35.9707415],[139.0673493,35.9707365],[139.0673498,35.9707353],[139.0673559,35.9707295],[139.0673967,35.9706779],[139.0674668,35.9705945],[139.0675146,35.9705411],[139.0675461,35.9705182],[139.0675504,35.9705171],[139.0675587,35.9705185],[139.0675643,35.9705246],[139.0675745,35.9705368],[139.0675934,35.9705517],[139.0676223,35.9705613],[139.0677031,35.9706372],[139.0677053,35.9706524],[139.0678874,35.9708273],[139.0679505,35.9709281],[139.0679916,35.9710789],[139.0682445,35.9714045],[139.068361,35.9714097],[139.0688228,35.9720597],[139.0688682,35.9721394],[139.0690103,35.9723885]]]},"properties":{"layer":"landuse","class_code":"216","class_label":"交通施設用地（運輸倉庫施設）"}},{"type":"Feature","id":"luse_a1501c0d-039c-4723-b63c-b23518c0a6a9","geometry":{"type":"Polygon","coordinates":[[[139.0697939,35.973282],[139.0697875,35.9733064],[139.0697869,35.973307],[139.0697295,35.9733609],[139.0697177,35.9733764],[139.0697177,35.9733836],[139.069718,35.9733908],[139.0697182,35.9733987],[139.0697146,35.9734239],[139.0697144,35.9734253],[139.069616,35.9733441],[139.0694794,35.973242],[139.0694934,35.9732291],[139.0696173,35.9731363],[139.0696279,35.9731286],[139.0697939,35.973282]]]},"properties":{"layer":"landuse","class_code":"216","class_label":"交通施設用地（運輸倉庫施設）"}},{"type":"Feature","id":"luse_d30acac1-f1ff-4d58-b20e-ef70bc34a0e8","geometry":{"type":"Polygon","coordinates":[[[139.0710283,35.9743389],[139.0710141,35.9743534],[139.0710031,35.9743681],[139.0709811,35.9743894],[139.070967,35.9744028],[139.0706124,35.9741297],[139.0705752,35.9741622],[139.0697281,35.9734393],[139.0697302,35.9734228],[139.0697318,35.9734059],[139.0697337,35.973385],[139.0697424,35.9733701],[139.0697624,35.9733509],[139.0697986,35.9733163],[139.0697992,35.9733157],[139.0698116,35.973292],[139.0698227,35.9733126],[139.0699767,35.9734354],[139.0710283,35.9743389]]]},"properties":{"layer":"landuse","class_code":"216","class_label":"交通施設用地（運輸倉庫施設）"}},{"type":"Feature","id":"luse_136fbc49-b5c9-4661-9c3e-a6ae3ca980b8","geometry":{"type":"Polygon","coordinates":[[[139.0718688401208,35.975],[139.07173774812065,35.975],[139.0716279,35.9749176],[139.0714194,35.9747656],[139.0709806,35.9744184],[139.0709963,35.9744011],[139.071004,35.9743929],[139.0710211,35.9743765],[139.0710533,35.9743482],[139.0712784,35.974519],[139.0717014,35.9748636],[139.0718688401208,35.975]]]},"properties":{"layer":"landuse","class_code":"216","class_label":"交通施設用地（運輸倉庫施設）"}},{"type":"Feature","id":"luse_579ee5ce-74bc-4571-bb18-515fc81aa874","geometry":{"type":"Polygon","coordinates":[[[139.0634997,35.9671442],[139.0635828,35.9671676],[139.0635831,35.9671677],[139.063596,35.9671714],[139.0636078,35.9671756],[139.0636253,35.9671846],[139.0636445,35.9671953],[139.0636584,35.9672044],[139.0636657,35.9672097],[139.0636709,35.9672155],[139.0636759,35.9672223],[139.0636776,35.9672245],[139.0636779,35.9672264],[139.0636781,35.9672268],[139.0636779,35.967227],[139.0636777,35.9672273],[139.0636464,35.967296],[139.0636462,35.9672972],[139.0636454,35.9672979],[139.0636447,35.9672982],[139.063644,35.9672983],[139.0636436,35.9672983],[139.0636424,35.9672984],[139.0636401,35.9672984],[139.0636397,35.9672983],[139.0635815,35.9672935],[139.0635811,35.9672934],[139.0634499,35.9672835],[139.0634111,35.9672806],[139.0634438,35.9671301],[139.0634997,35.9671442]]]},"properties":{"layer":"landuse","class_code":"223","class_label":"その他④（その他①～③以外の用途に供されている都市的土地利用（建物跡地、資材置場、改変工事中の土地）、法面（道路、造成地等の主利用に含まれない法面））"}},{"type":"Feature","id":"luse_ea1d6749-c70d-449b-b591-9e7bc1f97e3b","geometry":{"type":"Polygon","coordinates":[[[139.0625,35.96694284211085],[139.0629582,35.966937],[139.063028,35.9669447],[139.0630285,35.9670265],[139.0630257,35.9671154],[139.062875,35.9670945],[139.0628647,35.967095],[139.0628325,35.9670051],[139.0625775,35.9670181],[139.0625105,35.9671169],[139.0625,35.9671201181208],[139.0625,35.96694284211085]]]},"properties":{"layer":"landuse","class_code":"223","class_label":"その他④（その他①～③以外の用途に供されている都市的土地利用（建物跡地、資材置場、改変工事中の土地）、法面（道路、造成地等の主利用に含まれない法面））"}},{"type":"Feature","id":"luse_896f86c9-fe11-4322-a4fc-45bddb4ad2d6","geometry":{"type":"Polygon","coordinates":[[[139.0643,35.9687066],[139.0643004,35.9687069],[139.0643887,35.9687702],[139.0643605,35.9687963],[139.0641957,35.9689555],[139.0640889,35.9688486],[139.0641184,35.9688231],[139.0642715,35.9686848],[139.0643,35.9687066]]]},"properties":{"layer":"landuse","class_code":"223","class_label":"その他④（その他①～③以外の用途に供されている都市的土地利用（建物跡地、資材置場、改変工事中の土地）、法面（道路、造成地等の主利用に含まれない法面））"}},{"type":"Feature","id":"luse_c76b22bc-d9f8-4ea3-914c-3d364708af8d","geometry":{"type":"Polygon","coordinates":[[[139.0666623,35.9687052],[139.0665458,35.9687869],[139.066459,35.968858],[139.0663326,35.9690536],[139.0661278,35.9687776],[139.0660814,35.9687234],[139.0662192,35.9686542],[139.0662342,35.9686618],[139.0662601,35.9686881],[139.0663554,35.9685996],[139.066447,35.9685229],[139.0664478,35.9685235],[139.066556,35.9686156],[139.0665688,35.9686264],[139.0666623,35.9687052]]]},"properties":{"layer":"landuse","class_code":"223","class_label":"その他④（その他①～③以外の用途に供されている都市的土地利用（建物跡地、資材置場、改変工事中の土地）、法面（道路、造成地等の主利用に含まれない法面））"}},{"type":"Feature","id":"luse_c3185ab3-7746-4c0a-80e5-4118918041cc","geometry":{"type":"Polygon","coordinates":[[[139.0629654,35.9689861],[139.0629332,35.9689951],[139.062926,35.9689971],[139.0628856,35.9690081],[139.0628562,35.9690162],[139.0628504,35.9690179],[139.062801,35.9690324],[139.0627357,35.9690511],[139.0627306,35.9690525],[139.0626865,35.9690657],[139.0626798,35.9690676],[139.0626312,35.9690821],[139.0626212,35.9690849],[139.0626208,35.969085],[139.0626165,35.9690861],[139.0625973,35.9690711],[139.0625989,35.9690689],[139.0626036,35.9690628],[139.0626689,35.9689853],[139.062697,35.9689493],[139.0627061,35.9689376],[139.0627165,35.9689243],[139.0627528,35.9688778],[139.0629654,35.9689861]]]},"properties":{"layer":"landuse","class_code":"223","class_label":"その他④（その他①～③以外の用途に供されている都市的土地利用（建物跡地、資材置場、改変工事中の土地）、法面（道路、造成地等の主利用に含まれない法面））"}},{"type":"Feature","id":"luse_ccda3b28-c6ac-487c-9e2f-5c9dcba4a36e","geometry":{"type":"Polygon","coordinates":[[[139.0654759,35.9705754],[139.0654932,35.9705983],[139.065558,35.9706826],[139.0655806,35.9707117],[139.065643,35.9707937],[139.0656659,35.9708241],[139.0656565,35.9708258],[139.0656435,35.970822],[139.0654607,35.9706815],[139.0653648,35.9706069],[139.06546,35.9705544],[139.0654759,35.9705754]]]},"properties":{"layer":"landuse","class_code":"223","class_label":"その他④（その他①～③以外の用途に供されている都市的土地利用（建物跡地、資材置場、改変工事中の土地）、法面（道路、造成地等の主利用に含まれない法面））"}},{"type":"Feature","id":"luse_9e34dc32-f628-4f2b-afc0-fc1f812c49dd","geometry":{"type":"Polygon","coordinates":[[[139.0654785,35.9707106],[139.065534,35.9707528],[139.0656524,35.9708433],[139.0656559,35.9708455],[139.065681,35.9708612],[139.0654979,35.9710058],[139.0653782,35.9709011],[139.0652189,35.9707644],[139.0653733,35.9706284],[139.0654785,35.9707106]]]},"properties":{"layer":"landuse","class_code":"223","class_label":"その他④（その他①～③以外の用途に供されている都市的土地利用（建物跡地、資材置場、改変工事中の土地）、法面（道路、造成地等の主利用に含まれない法面））"}},{"type":"Feature","id":"luse_22f7e586-e575-4daf-b6aa-663a65b08302","geometry":{"type":"Polygon","coordinates":[[[139.0667782,35.9710944],[139.0666845,35.9711898],[139.066645,35.9712292],[139.0664799,35.971103],[139.0665474,35.9710265],[139.0665853,35.9709836],[139.0666612,35.9710272],[139.0667782,35.9710944]]]},"properties":{"layer":"landuse","class_code":"223","class_label":"その他④（その他①～③以外の用途に供されている都市的土地利用（建物跡地、資材置場、改変工事中の土地）、法面（道路、造成地等の主利用に含まれない法面））"}},{"type":"Feature","id":"luse_42238531-4b1d-4b48-aed9-5998281ec992","geometry":{"type":"Polygon","coordinates":[[[139.066913,35.9719696],[139.0668166,35.9720499],[139.0669982,35.9721939],[139.0669888,35.9722019],[139.0669668,35.9722206],[139.0669613,35.9722258],[139.0666044,35.9719566],[139.0666988,35.9718689],[139.0667428,35.9718346],[139.066913,35.9719696]]]},"properties":{"layer":"landuse","class_code":"223","class_label":"その他④（その他①～③以外の用途に供されている都市的土地利用（建物跡地、資材置場、改変工事中の土地）、法面（道路、造成地等の主利用に含まれない法面））"}},{"type":"Feature","id":"luse_e3483170-159b-4172-9868-368d3085d285","geometry":{"type":"Polygon","coordinates":[[[139.0678466,35.9719347],[139.0679549,35.9720047],[139.0677818,35.9721688],[139.0677145,35.9722325],[139.0676729,35.9722029],[139.0676227,35.972167],[139.0676153,35.9721618],[139.0675998,35.9721506],[139.0675448,35.9721123],[139.0677936,35.9719069],[139.0678123,35.9719148],[139.0678422,35.971899],[139.0678416,35.9718995],[139.0678405,35.9719117],[139.0678466,35.9719347]]]},"properties":{"layer":"landuse","class_code":"223","class_label":"その他④（その他①～③以外の用途に供されている都市的土地利用（建物跡地、資材置場、改変工事中の土地）、法面（道路、造成地等の主利用に含まれない法面））"}},{"type":"Feature","id":"luse_38c66349-ca02-47a9-8440-406cf90af50b","geometry":{"type":"Polygon","coordinates":[[[139.0722009,35.9722254],[139.0721603,35.9722517],[139.0721546,35.9722719],[139.0721533,35.9722867],[139.072159,35.9723053],[139.0721674,35.9723182],[139.072172,35.9723226],[139.0723394,35.9724826],[139.0722329,35.9725762],[139.0722062,35.972599],[139.0721435,35.9726492],[139.072134,35.9726562],[139.0721085,35.9726557],[139.0720644,35.9726178],[139.0721787,35.9725427],[139.0720856,35.9724477],[139.0719417,35.9723009],[139.072067,35.9722024],[139.07192,35.9720675],[139.0719598,35.9720371],[139.0719692,35.9720194],[139.0719724,35.972006],[139.0719705,35.9719968],[139.071901,35.9719199],[139.0718646,35.9718795],[139.0718857,35.9718673],[139.0719,35.97185],[139.0722009,35.9722254]]]},"properties":{"layer":"landuse","class_code":"223","class_label":"その他④（その他①～③以外の用途に供されている都市的土地利用（建物跡地、資材置場、改変工事中の土地）、法面（道路、造成地等の主利用に含まれない法面））"}},{"type":"Feature","id":"luse_3fc56d98-9fab-462f-ad6e-57191ebcd0e0","geometry":{"type":"Polygon","coordinates":[[[139.0662062,35.972263],[139.0664403,35.9726733],[139.066387,35.9727182],[139.0663287,35.972767],[139.0663201,35.972774],[139.0663082,35.9727746],[139.0662936,35.9727754],[139.0658395,35.972414],[139.0660083,35.9722689],[139.066158,35.9721988],[139.0662062,35.972263]]]},"properties":{"layer":"landuse","class_code":"223","class_label":"その他④（その他①～③以外の用途に供されている都市的土地利用（建物跡地、資材置場、改変工事中の土地）、法面（道路、造成地等の主利用に含まれない法面））"}},{"type":"Feature","id":"luse_998daefa-ff94-4bcd-9e4b-fa8d29c90445","geometry":{"type":"Polygon","coordinates":[[[139.071162,35.9730451],[139.0706433,35.9726562],[139.0706785,35.9726142],[139.0707003,35.9725883],[139.0707331,35.9725468],[139.0707564,35.9725145],[139.0707676,35.9725006],[139.0708307,35.9725497],[139.070852,35.9725661],[139.0709303,35.9726251],[139.0710922,35.9727461],[139.0711943,35.9728215],[139.0712249,35.9728296],[139.0712312,35.9728347],[139.0712975,35.9728881],[139.071327,35.9728704],[139.0713455,35.9728807],[139.071162,35.9730451]]]},"properties":{"layer":"landuse","class_code":"223","class_label":"その他④（その他①～③以外の用途に供されている都市的土地利用（建物跡地、資材置場、改変工事中の土地）、法面（道路、造成地等の主利用に含まれない法面））"}},{"type":"Feature","id":"luse_16a02c32-2caf-496f-a1a8-4588493049a6","geometry":{"type":"Polygon","coordinates":[[[139.0700461,35.9739287],[139.0701648,35.9739666],[139.0700984,35.9740477],[139.0699836,35.9741431],[139.0699004,35.9740566],[139.0698675,35.9740223],[139.0700116,35.9739169],[139.0700461,35.9739287]]]},"properties":{"layer":"landuse","class_code":"223","class_label":"その他④（その他①～③以外の用途に供されている都市的土地利用（建物跡地、資材置場、改変工事中の土地）、法面（道路、造成地等の主利用に含まれない法面））"}},{"type":"Feature","id":"luse_0ef57031-b1f1-4f77-9859-b42cd0884b1c","geometry":{"type":"Polygon","coordinates":[[[139.0707748,35.9736758],[139.0706177,35.9738284],[139.0707925,35.9739288],[139.0707538,35.9739977],[139.0708649,35.9740876],[139.0711001,35.9742812],[139.0710959,35.9742831],[139.0710392,35.9743276],[139.0710283,35.9743389],[139.0699767,35.9734354],[139.0701019,35.9732275],[139.0702196,35.9732986],[139.0701624,35.9734027],[139.070517,35.9735813],[139.0705977,35.9735782],[139.0707748,35.9736758]]]},"properties":{"layer":"landuse","class_code":"223","class_label":"その他④（その他①～③以外の用途に供されている都市的土地利用（建物跡地、資材置場、改変工事中の土地）、法面（道路、造成地等の主利用に含まれない法面））"}},{"type":"Feature","id":"luse_f3518efa-9616-45d2-ac21-7d3e4b34041b","geometry":{"type":"Polygon","coordinates":[[[139.0686693,35.9742856],[139.0686715,35.9742919],[139.0686817,35.9743213],[139.0686868,35.9743355],[139.0686921,35.974349],[139.0686954,35.9743549],[139.0686997,35.9743616],[139.0687057,35.9743694],[139.0687163,35.9743802],[139.0687309,35.974391],[139.0687476,35.9744019],[139.0687649,35.9744142],[139.0687693,35.9744198],[139.0687715,35.9744275],[139.068771,35.9744318],[139.0687695,35.9744377],[139.068767,35.9744417],[139.0686415,35.9745564],[139.0684822,35.9744305],[139.0686613,35.9742712],[139.0686693,35.9742856]]]},"properties":{"layer":"landuse","class_code":"223","class_label":"その他④（その他①～③以外の用途に供されている都市的土地利用（建物跡地、資材置場、改変工事中の土地）、法面（道路、造成地等の主利用に含まれない法面））"}},{"type":"Feature","id":"luse_c20a3f03-95ba-4bb1-bd15-d4cc14d29db9","geometry":{"type":"Polygon","coordinates":[[[139.0634503,35.9741601],[139.0634501,35.9741782],[139.0633733,35.9742512],[139.0633314,35.9742902],[139.0632981,35.9743292],[139.0632603,35.974377],[139.0630951,35.9745335],[139.0630559,35.9744881],[139.0628368,35.9743533],[139.0625667,35.9742438],[139.0625,35.974216442867736],[139.0625,35.973370267904905],[139.0625384,35.9733679],[139.062589,35.9733558],[139.062796,35.9732113],[139.0629597,35.9731096],[139.0629606,35.9730112],[139.0628713,35.9727662],[139.0628653,35.9726709],[139.0626752,35.9722417],[139.0625,35.9719703348041],[139.0625,35.97137385954465],[139.0625733,35.9714487],[139.0627429,35.9715708],[139.0627929,35.9715969],[139.0628728,35.9716385],[139.0629518,35.9716949],[139.0630656,35.9717531],[139.06317,35.971787],[139.0632605,35.9718433],[139.0632838,35.9718639],[139.0632609,35.9718583],[139.0632346,35.9718564],[139.0632343,35.9718564],[139.0632038,35.9718568],[139.0632035,35.9718569],[139.0631662,35.9718645],[139.0631345,35.971879],[139.0631305,35.9718809],[139.0631138,35.9718929],[139.0630908,35.9719153],[139.0630782,35.9719399],[139.0630728,35.9719654],[139.0630777,35.9720023],[139.0630983,35.9720709],[139.0631438,35.9722108],[139.0632378,35.972448],[139.0633366,35.9727041],[139.0633948,35.9728559],[139.0633982,35.9728661],[139.0633942,35.9728829],[139.0633751,35.9729171],[139.0633574,35.9729354],[139.0633307,35.9729474],[139.0633303,35.9729476],[139.0632463,35.9729716],[139.0630797,35.973015],[139.0631005,35.9730643],[139.0633564,35.9729981],[139.0633774,35.9729976],[139.0633994,35.9730029],[139.0634123,35.9730074],[139.0634127,35.9730076],[139.063432,35.9730144],[139.0634327,35.9730146],[139.0634587,35.9730253],[139.0634673,35.9730392],[139.0635725,35.9732622],[139.0636455,35.9733934],[139.0636865,35.9734794],[139.0637081,35.9735397],[139.0637224,35.9735836],[139.0637305,35.9736279],[139.0637342,35.9736717],[139.0637336,35.9737118],[139.0637309,35.9737573],[139.0637242,35.9737967],[139.0637113,35.9738427],[139.0636969,35.9738806],[139.0636759,35.9739207],[139.0636489,35.9739656],[139.0636109,35.9740175],[139.0635641,35.974067],[139.0635564,35.9740733],[139.0635407,35.9740809],[139.0635403,35.9740809],[139.0634998,35.974084],[139.0634165,35.9740903],[139.063421,35.9741554],[139.0634349,35.9741547],[139.0634407,35.9741544],[139.0634411,35.9741543],[139.0634503,35.9741601]]]},"properties":{"layer":"landuse","class_code":"223","class_label":"その他④（その他①～③以外の用途に供されている都市的土地利用（建物跡地、資材置場、改変工事中の土地）、法面（道路、造成地等の主利用に含まれない法面））"}},{"type":"Feature","id":"luse_79563eb6-91fc-4f50-954f-dc9867fc60c0","geometry":{"type":"Polygon","coordinates":[[[139.0690908,35.9743596],[139.0687722,35.9746384],[139.0686724,35.9745695],[139.068762,35.9744925],[139.0689311,35.974362],[139.0690191,35.9742941],[139.0690908,35.9743596]]]},"properties":{"layer":"landuse","class_code":"223","class_label":"その他④（その他①～③以外の用途に供されている都市的土地利用（建物跡地、資材置場、改変工事中の土地）、法面（道路、造成地等の主利用に含まれない法面））"}},{"type":"Feature","id":"luse_cb850232-3a33-46d0-84bc-2a5d5b2b1a0e","geometry":{"type":"Polygon","coordinates":[[[139.0747981,35.9749227],[139.0748614,35.9749666],[139.0748625,35.9749673],[139.0748768,35.9749799],[139.0748875,35.9749893],[139.0748997589404,35.975],[139.07470787356323,35.975],[139.0747322,35.974974],[139.0747798,35.9749227],[139.074782,35.9749204],[139.0747834,35.9749189],[139.0747867,35.9749152],[139.0747981,35.9749227]]]},"properties":{"layer":"landuse","class_code":"223","class_label":"その他④（その他①～③以外の用途に供されている都市的土地利用（建物跡地、資材置場、改変工事中の土地）、法面（道路、造成地等の主利用に含まれない法面））"}},{"type":"Feature","id":"luse_ed41a30a-1092-4abe-8043-59ef1946d62e","geometry":{"type":"Polygon","coordinates":[[[139.06356342565863,35.975],[139.0634997,35.9749422],[139.0634839,35.974927],[139.0634582,35.9748871],[139.0633748,35.9747576],[139.0632624,35.9746045],[139.0632162,35.9745549],[139.0632005,35.9745431],[139.063327,35.9744233],[139.0634174,35.9743305],[139.0634934,35.974257],[139.0635495,35.9742043],[139.0636022,35.97415],[139.0636588,35.9740948],[139.0637056,35.9740437],[139.0637318,35.9740048],[139.063756,35.9739679],[139.0637631,35.9739723],[139.0637612,35.973982],[139.0637393,35.9740437],[139.0637214,35.9740921],[139.0637134,35.9741136],[139.0636974,35.9741598],[139.0636664,35.9742721],[139.0637176,35.9743062],[139.0637179,35.9743065],[139.0637878,35.9743073],[139.0637594,35.9743601],[139.0638194,35.974525],[139.0639805,35.9747085],[139.0641288,35.9748418],[139.0643607,35.9749756],[139.0645718,35.9749948],[139.0647087,35.9749421],[139.0647097,35.9748383],[139.0645659,35.9746908],[139.0644221,35.9745467],[139.0642568,35.9743489],[139.0642445,35.9742594],[139.0642638,35.9740807],[139.0642867,35.9739843],[139.0643973,35.9739242],[139.0644989,35.9738926],[139.0646044,35.9739005],[139.0646746,35.973926],[139.0648114,35.9739735],[139.0648827,35.9740184],[139.065011,35.9740937],[139.0650815,35.9741324],[139.06514,35.9741645],[139.0651912,35.9741902],[139.0652575,35.974219],[139.0653238,35.9742427],[139.0653812,35.9742579],[139.0653917,35.97426],[139.0655062,35.9742834],[139.0656407,35.9743108],[139.065654,35.9743136],[139.0657366,35.97449],[139.0658533,35.9745671],[139.0659491,35.974602],[139.066137,35.9745956],[139.0662213,35.9746114],[139.0662492,35.9746345],[139.0663051,35.9746844],[139.0663959,35.9748087],[139.0662799,35.9748535],[139.06612841512288,35.975],[139.06356342565863,35.975]]]},"properties":{"layer":"landuse","class_code":"223","class_label":"その他④（その他①～③以外の用途に供されている都市的土地利用（建物跡地、資材置場、改変工事中の土地）、法面（道路、造成地等の主利用に含まれない法面））"}},{"type":"Feature","id":"luse_adb88182-5bcb-48eb-9233-d3268b3d9de2","geometry":{"type":"Polygon","coordinates":[[[139.0639227,35.9680364],[139.0639332,35.9680828],[139.063863,35.9681903],[139.0633557,35.9679831],[139.0633953,35.9679339],[139.0634381,35.9678811],[139.0635504,35.9679329],[139.0637616,35.9680321],[139.0638176,35.9679818],[139.0639227,35.9680364]]]},"properties":{"layer":"landuse","class_code":"219","class_label":"農林漁業施設用地（農林漁業用施設）"}},{"type":"Feature","id":"luse_500c43a5-f566-4e5d-82f6-2621002b667a","geometry":{"type":"Polygon","coordinates":[[[139.0699555,35.9719129],[139.069859,35.9720715],[139.0698203,35.9721334],[139.0697873,35.9721212],[139.0697347,35.9721019],[139.0697499,35.9720711],[139.0698751,35.9718726],[139.069924,35.9718971],[139.0699555,35.9719129]]]},"properties":{"layer":"landuse","class_code":"219","class_label":"農林漁業施設用地（農林漁業用施設）"}},{"type":"Feature","id":"luse_6211c3e9-73f5-48e4-8986-0aef6a6f0721","geometry":{"type":"Polygon","coordinates":[[[139.0625,35.9719703348041],[139.0626752,35.9722417],[139.0628653,35.9726709],[139.0628713,35.9727662],[139.0629606,35.9730112],[139.0629597,35.9731096],[139.062796,35.9732113],[139.062589,35.9733558],[139.0625384,35.9733679],[139.0625,35.973370267904905],[139.0625,35.9719703348041]]]},"properties":{"layer":"landuse","class_code":"217","class_label":"公共空地（公園・緑地、広場、運動場、墓園）"}},{"type":"Feature","id":"luse_e2660255-035a-4d40-a77f-3ae399df265f","geometry":{"type":"Polygon","coordinates":[[[139.0663588,35.967592],[139.0665577,35.9676868],[139.066554,35.9677655],[139.0665831,35.9677895],[139.0664442,35.967896],[139.0663461,35.9679271],[139.0662877,35.9678504],[139.0662326,35.967786],[139.0660838,35.9677188],[139.0662479,35.9675704],[139.0663588,35.967592]]]},"properties":{"layer":"landuse","class_code":"217","class_label":"公共空地（公園・緑地、広場、運動場、墓園）"}},{"type":"Feature","id":"luse_33037805-b311-4e67-9f68-bb907fa5eaca","geometry":{"type":"Polygon","coordinates":[[[139.0678166,35.9685581],[139.0674306,35.968779],[139.0674315,35.9687735],[139.0674312,35.9687685],[139.0674299,35.968764],[139.0674277,35.9687592],[139.0674191,35.9687439],[139.067413,35.9687329],[139.0673979,35.9687052],[139.0673696,35.9686478],[139.0673581,35.9686298],[139.0673364,35.9686033],[139.0673226,35.968587],[139.0673113,35.9685769],[139.0672908,35.9685621],[139.0672627,35.9685413],[139.0672576,35.9685368],[139.0672571,35.9685357],[139.0672569,35.9685347],[139.0672571,35.9685334],[139.0672587,35.9685311],[139.0672467,35.9685224],[139.0672414,35.9685286],[139.0672402,35.9685291],[139.0672398,35.9685292],[139.0672386,35.9685296],[139.0672364,35.9685298],[139.067236,35.9685298],[139.0672336,35.9685295],[139.0672315,35.9685284],[139.0672162,35.9685185],[139.0671881,35.9685009],[139.0671708,35.9684904],[139.0671591,35.9685035],[139.0671599,35.9685039],[139.0670569,35.9684636],[139.0668989,35.968395],[139.0667521,35.968291],[139.0667604,35.96826],[139.0670817,35.9679828],[139.0672628,35.9681802],[139.0678166,35.9685581]]]},"properties":{"layer":"landuse","class_code":"217","class_label":"公共空地（公園・緑地、広場、運動場、墓園）"}},{"type":"Feature","id":"luse_4433119c-8d45-407b-a6c4-1d93fbc01be9","geometry":{"type":"Polygon","coordinates":[[[139.0628647,35.967095],[139.0628681,35.9671044],[139.0626261,35.9671866],[139.0625,35.96720933827924],[139.0625,35.9671201181208],[139.0625105,35.9671169],[139.0625775,35.9670181],[139.0628325,35.9670051],[139.0628647,35.967095]]]},"properties":{"layer":"landuse","class_code":"221","class_label":"その他②（太陽光発電のシステムを直接整備している土地）"}},{"type":"Feature","id":"luse_17a9e576-95ec-4489-b27f-b4304f654d2b","geometry":{"type":"Polygon","coordinates":[[[139.0691075,35.9710935],[139.0689292,35.971326],[139.0690834,35.9714211],[139.0690773,35.9714244],[139.0689682,35.9714833],[139.0689559,35.97149],[139.0689468,35.9714868],[139.0689418,35.9714738],[139.0689396,35.971468],[139.0688839,35.9713248],[139.068858,35.9712628],[139.0688219,35.9711765],[139.0688163,35.971163],[139.0687952,35.9711134],[139.0687908,35.9711029],[139.0688503,35.9709932],[139.0691075,35.9710935]]]},"properties":{"layer":"landuse","class_code":"221","class_label":"その他②（太陽光発電のシステムを直接整備している土地）"}},{"type":"Feature","id":"luse_8455c42c-1f24-46ac-8f16-ad067dd96bc4","geometry":{"type":"Polygon","coordinates":[[[139.06612841512288,35.975],[139.0662799,35.9748535],[139.0663959,35.9748087],[139.0665356434735,35.975],[139.06612841512288,35.975]]]},"properties":{"layer":"landuse","class_code":"221","class_label":"その他②（太陽光発電のシステムを直接整備している土地）"}},{"type":"Feature","id":"luse_4d8545d5-6ce2-4b60-a20d-b8d0d6b8ce28","geometry":{"type":"Polygon","coordinates":[[[139.0637886,35.9685864],[139.0637782,35.9685972],[139.063764,35.9686113],[139.063695,35.9686815],[139.0636738,35.9687044],[139.063667,35.9687106],[139.0636655,35.9687095],[139.0636511,35.9686991],[139.0636156,35.9686739],[139.0635887,35.9686545],[139.0635138,35.9686005],[139.0636145,35.9685069],[139.0636297,35.9684928],[139.0636377,35.9684975],[139.0637886,35.9685864]]]},"properties":{"layer":"landuse","class_code":"222","class_label":"その他③（平面駐車場）"}},{"type":"Feature","id":"luse_13d25f0b-1787-49f9-8249-099da3510b45","geometry":{"type":"Polygon","coordinates":[[[139.0647596,35.969652],[139.0648072,35.969702],[139.0648271,35.9697254],[139.0646282,35.9698468],[139.0646571,35.9698911],[139.0645283,35.9699794],[139.0644622,35.9699182],[139.0644194,35.9698785],[139.0647563,35.9696485],[139.0647596,35.969652]]]},"properties":{"layer":"landuse","class_code":"222","class_label":"その他③（平面駐車場）"}},{"type":"Feature","id":"luse_ae8ef23e-a0d5-4a8c-a12e-6e7f207b6da3","geometry":{"type":"Polygon","coordinates":[[[139.066044,35.9710491],[139.0659409,35.9709717],[139.0659133,35.9709509],[139.0659095,35.970948],[139.0662022,35.9706782],[139.0663941,35.9708095],[139.0663605,35.9708363],[139.0662483,35.9709399],[139.0661949,35.9709021],[139.066044,35.9710491]]]},"properties":{"layer":"landuse","class_code":"222","class_label":"その他③（平面駐車場）"}},{"type":"Feature","id":"luse_52233d36-2567-47dd-ba6c-a5b7a8dd69a7","geometry":{"type":"Polygon","coordinates":[[[139.0667949,35.971654],[139.0666199,35.971811],[139.0666023,35.971798],[139.0665245,35.971745],[139.0666973,35.9715882],[139.0667615,35.9716311],[139.0667707,35.9716374],[139.0667949,35.971654]]]},"properties":{"layer":"landuse","class_code":"222","class_label":"その他③（平面駐車場）"}},{"type":"Feature","id":"luse_e5dd1083-2ba5-486c-aa44-fc3bfaada870","geometry":{"type":"Polygon","coordinates":[[[139.0721787,35.9725427],[139.0720644,35.9726178],[139.0719683,35.9725288],[139.0720856,35.9724477],[139.0721787,35.9725427]]]},"properties":{"layer":"landuse","class_code":"222","class_label":"その他③（平面駐車場）"}},{"type":"Feature","id":"luse_ad1f2f2b-c891-4ffe-8d87-a8e233c5f5ac","geometry":{"type":"Polygon","coordinates":[[[139.0682506,35.9723636],[139.0684093,35.9724754],[139.0682569,35.9726212],[139.0681538,35.9725475],[139.0680604,35.9724796],[139.0680647,35.9724668],[139.0681629,35.9723767],[139.068161,35.9723754],[139.0682196,35.9723373],[139.0682506,35.9723636]]]},"properties":{"layer":"landuse","class_code":"222","class_label":"その他③（平面駐車場）"}},{"type":"Feature","id":"luse_722314a0-0b96-456c-a8ee-cb9c2566cb21","geometry":{"type":"Polygon","coordinates":[[[139.0679408,35.972464],[139.0679903,35.9724994],[139.0680084,35.9725131],[139.0680273,35.9725275],[139.0678647,35.9726759],[139.0678552,35.9726653],[139.0677953,35.9725624],[139.0677877,35.9725492],[139.0677681,35.9725167],[139.0678717,35.9724153],[139.0679408,35.972464]]]},"properties":{"layer":"landuse","class_code":"222","class_label":"その他③（平面駐車場）"}},{"type":"Feature","id":"luse_6b1b486d-1598-4af6-87a5-216f414b642e","geometry":{"type":"Polygon","coordinates":[[[139.0675523,35.9734486],[139.067349,35.9736292],[139.0672253,35.9735304],[139.0674026,35.973356],[139.0675523,35.9734486]]]},"properties":{"layer":"landuse","class_code":"222","class_label":"その他③（平面駐車場）"}},{"type":"Feature","id":"luse_00bd92fd-24d7-4ded-a332-e25ff238c26c","geometry":{"type":"Polygon","coordinates":[[[139.0651256,35.9740158],[139.0650058,35.9738559],[139.0649284,35.9738035],[139.0651184,35.9737315],[139.0652639,35.973797],[139.065718,35.9735999],[139.0657402,35.9736383],[139.0651256,35.9740158]]]},"properties":{"layer":"landuse","class_code":"222","class_label":"その他③（平面駐車場）"}},{"type":"Feature","id":"luse_dee4ebe6-8fd1-4b2b-b69b-82ca59359fc4","geometry":{"type":"Polygon","coordinates":[[[139.0690435,35.9740294],[139.0689952,35.9741077],[139.0687504,35.9739896],[139.0687002,35.9739642],[139.0686993,35.9739606],[139.0687467,35.9739184],[139.0687732,35.9738949],[139.0690435,35.9740294]]]},"properties":{"layer":"landuse","class_code":"222","class_label":"その他③（平面駐車場）"}},{"type":"Feature","id":"luse_cb02dafe-f73b-4e95-be68-3164fad6d325","geometry":{"type":"Polygon","coordinates":[[[139.0684822,35.9744305],[139.0686415,35.9745564],[139.0686314,35.9745656],[139.0685719,35.9746151],[139.0685286,35.9745808],[139.0683678,35.9744494],[139.0684381,35.9743956],[139.0684822,35.9744305]]]},"properties":{"layer":"landuse","class_code":"222","class_label":"その他③（平面駐車場）"}},{"type":"Feature","id":"luse_d04a7d26-b394-4a4e-9cf0-7732c2a2b142","geometry":{"type":"Polygon","coordinates":[[[139.0692349,35.9744913],[139.0691116,35.9745953],[139.068918,35.9747586],[139.0687722,35.9746384],[139.0690908,35.9743596],[139.0692349,35.9744913]]]},"properties":{"layer":"landuse","class_code":"222","class_label":"その他③（平面駐車場）"}},{"type":"Feature","id":"luse_739ef24b-2d76-43ad-9029-e9b82e08f15e","geometry":{"type":"Polygon","coordinates":[[[139.0743475,35.9746662],[139.0741758,35.9748345],[139.0741807,35.9748196],[139.0741369,35.97481],[139.0740176,35.9747367],[139.074203,35.9745708],[139.0743428,35.9746631],[139.0743475,35.9746662]]]},"properties":{"layer":"landuse","class_code":"222","class_label":"その他③（平面駐車場）"}},{"type":"Feature","id":"luse_a022aa1d-0569-456e-822d-7113e33e69a0","geometry":{"type":"Polygon","coordinates":[[[139.06993570426752,35.975],[139.0699285316456,35.975],[139.0699313,35.9749973],[139.06993570426752,35.975]]]},"properties":{"layer":"landuse","class_code":"222","class_label":"その他③（平面駐車場）"}},{"type":"Feature","id":"luse_7fb82fe0-f710-40c0-af18-ec562675a8ba","geometry":{"type":"Polygon","coordinates":[[[139.0667759,35.9748488],[139.066897,35.9749771],[139.06692415525674,35.975],[139.06665871614825,35.975],[139.0666396,35.9749795],[139.0667759,35.9748488]]]},"properties":{"layer":"landuse","class_code":"223","class_label":"その他④（その他①～③以外の用途に供されている都市的土地利用（建物跡地、資材置場、改変工事中の土地）、法面（道路、造成地等の主利用に含まれない法面））"}},{"type":"Feature","id":"luse_a9d8bf6d-d390-4ce0-8657-c6ef999add5a","geometry":{"type":"Polygon","coordinates":[[[139.0677332,35.9749248],[139.0677389,35.9749344],[139.0677095441156,35.975],[139.0673397195876,35.975],[139.067343,35.9749914],[139.0673457,35.9749858],[139.0673778,35.9749614],[139.0674873,35.9748357],[139.0675022,35.9748186],[139.0676326,35.9748787],[139.0676803,35.9749009],[139.0677332,35.9749248]]]},"properties":{"layer":"landuse","class_code":"211","class_label":"住宅用地（住宅、共同住宅、店舗等併用住宅、店舗等併用共同住宅、作業所併用住宅）"}},{"type":"Feature","id":"luse_9618939a-8709-4988-b869-1c80a7c348f0","geometry":{"type":"Polygon","coordinates":[[[139.0665356434735,35.975],[139.0663959,35.9748087],[139.0663051,35.9746844],[139.0662492,35.9746345],[139.0662213,35.9746114],[139.066137,35.9745956],[139.0659491,35.974602],[139.0658533,35.9745671],[139.0657366,35.97449],[139.065654,35.9743136],[139.0660876,35.9744043],[139.066088,35.9744043],[139.0661208,35.9744106],[139.0661211,35.9744106],[139.0661385,35.974413],[139.0661551,35.9744152],[139.0661555,35.9744153],[139.066176,35.9744178],[139.0661958,35.97442],[139.0662131,35.9744206],[139.0662313,35.9744211],[139.0662317,35.9744211],[139.0662481,35.9744205],[139.0662484,35.9744205],[139.0662717,35.9744197],[139.0662721,35.9744197],[139.0662951,35.9744176],[139.0663124,35.9744152],[139.0663128,35.9744151],[139.066335,35.9744112],[139.0663535,35.9744071],[139.0663722,35.9744026],[139.0663967,35.9743958],[139.066417,35.9743895],[139.066424,35.9743872],[139.0664645,35.9743744],[139.0664841,35.9743665],[139.0665114,35.974355],[139.0665583,35.9743357],[139.0665644,35.9743332],[139.0665815,35.9743419],[139.0666175,35.9743602],[139.0666514,35.9743769],[139.0668572,35.9744784],[139.0668563,35.9744798],[139.0668561,35.9744801],[139.0669087,35.9745061],[139.0669469,35.9745249],[139.066956,35.9745298],[139.0669772,35.9745413],[139.0670005,35.9745522],[139.0670051,35.9745543],[139.0669582,35.9746063],[139.0669383,35.974627],[139.0669267,35.9746392],[139.0668733,35.9746997],[139.0668193,35.9747575],[139.0668054,35.9747726],[139.0668344,35.9747906],[139.0667759,35.9748488],[139.0666396,35.9749795],[139.06665871614825,35.975],[139.0665356434735,35.975]]]},"properties":{"layer":"landuse","class_code":"211","class_label":"住宅用地（住宅、共同住宅、店舗等併用住宅、店舗等併用共同住宅、作業所併用住宅）"}},{"type":"Feature","id":"luse_180d0f40-0a75-4f13-bb27-e79489ae7a55","geometry":{"type":"Polygon","coordinates":[[[139.0654074,35.9741515],[139.0656567,35.9742583],[139.0656559,35.9742582],[139.0653727,35.9741838],[139.065239,35.9741364],[139.0648906,35.9739549],[139.0648252,35.9739137],[139.0647382,35.9738513],[139.0647117,35.9738305],[139.0646675,35.9737944],[139.0646425,35.973767],[139.0646308,35.9737449],[139.0646077,35.9737101],[139.0645978,35.9736925],[139.0645755,35.9736506],[139.0645426,35.9735748],[139.0645045,35.9734901],[139.0644784,35.9734293],[139.0644401,35.9733516],[139.0644148,35.9733136],[139.0642377,35.973074],[139.0638212,35.9725234],[139.0634807,35.9720688],[139.0633209,35.9718881],[139.0632878,35.9718649],[139.0632838,35.9718639],[139.0632605,35.9718433],[139.06317,35.971787],[139.0630656,35.9717531],[139.0629518,35.9716949],[139.0628728,35.9716385],[139.0627929,35.9715969],[139.0627429,35.9715708],[139.0625733,35.9714487],[139.0625,35.97137385954465],[139.0625,35.970561187499996],[139.062515,35.9705565],[139.0625154,35.9705565],[139.0625405,35.9705526],[139.0625475,35.9705515],[139.0625479,35.9705514],[139.0625746,35.9705461],[139.0625956,35.9705396],[139.0626138,35.9705352],[139.0626542,35.9705294],[139.0626545,35.9705294],[139.0626825,35.9705289],[139.0627004,35.9705326],[139.0627295,35.9705412],[139.0627679,35.9705517],[139.0627899,35.9705551],[139.062814,35.9705566],[139.0628347,35.9705592],[139.0629984,35.9707607],[139.0629511,35.9707887],[139.0627094,35.970932],[139.0630287,35.9712917],[139.0630545,35.9712696],[139.0630934,35.9713136],[139.0631064,35.9713213],[139.0631151,35.9713248],[139.0631333,35.9713288],[139.0631563,35.9713309],[139.0631567,35.9713309],[139.0631574,35.9713309],[139.0631828,35.97133],[139.0632088,35.9713232],[139.0632716,35.9712838],[139.0633321,35.9714084],[139.0634114,35.971525],[139.0635185,35.9716359],[139.0636449,35.9717308],[139.0640687,35.9722286],[139.0640884,35.972244],[139.0641485,35.9722609],[139.0641194,35.9722855],[139.0640971,35.9723212],[139.0643277,35.97274],[139.0643954,35.9729431],[139.0645045,35.9730362],[139.0645814,35.9732064],[139.0645543,35.9732159],[139.0646942,35.9734077],[139.0647198,35.9734878],[139.0647532,35.9736175],[139.0648399,35.9737097],[139.0649284,35.9738035],[139.0650058,35.9738559],[139.0651256,35.9740158],[139.0654074,35.9741515]]]},"properties":{"layer":"landuse","class_code":"203","class_label":"山林（樹林地）"}},{"type":"Feature","id":"luse_48b22d98-d98e-402c-832c-85c1ef9f7c59","geometry":{"type":"Polygon","coordinates":[[[139.071873,35.9724827],[139.0718505,35.9725054],[139.0718125,35.972539],[139.0717344,35.972583],[139.071703,35.9725731],[139.0714409,35.9723556],[139.0713867,35.9723836],[139.0712778,35.9723007],[139.0713752,35.972223],[139.0714887,35.9721324],[139.0715072,35.9721489],[139.0715802,35.9722181],[139.0715791,35.9722354],[139.0715404,35.9722686],[139.0715676,35.9722933],[139.0715919,35.9722754],[139.0716192,35.9722555],[139.0717516,35.9723723],[139.0718694,35.9724791],[139.071873,35.9724827]]]},"properties":{"layer":"landuse","class_code":"202","class_label":"畑（畑、樹園地、採草地、養鶏（牛・豚）場）"}},{"type":"Feature","id":"luse_a452a62f-60de-479f-b9e0-18d4ce1c07d0","geometry":{"type":"Polygon","coordinates":[[[139.0714887,35.9721324],[139.0713752,35.972223],[139.0711695,35.9720608],[139.0712489,35.9719966],[139.0712848,35.9719706],[139.071288,35.9719682],[139.0713017,35.9719674],[139.0713545,35.9720128],[139.0714887,35.9721324]]]},"properties":{"layer":"landuse","class_code":"222","class_label":"その他③（平面駐車場）"}},{"type":"Feature","id":"luse_5ef32a1a-cbb9-4278-b923-aff48270c063","geometry":{"type":"Polygon","coordinates":[[[139.071873,35.9724827],[139.0718749,35.972492],[139.0718798,35.9724959],[139.0719635,35.9725716],[139.0720367,35.9726401],[139.0720719,35.9726782],[139.0720809,35.9726911],[139.0720752,35.9726988],[139.0720604,35.9727112],[139.0720374,35.9727272],[139.0720088,35.9727474],[139.0719921,35.9727494],[139.0719917,35.9727495],[139.0719824,35.9727494],[139.0719783,35.9727481],[139.0719527,35.9727402],[139.0719481,35.972738],[139.0719472,35.9727377],[139.0719008,35.9727158],[139.0718883,35.972732],[139.0719136,35.9727453],[139.0719348,35.9727577],[139.0719508,35.9727699],[139.0719549,35.9727768],[139.0719535,35.9727866],[139.071928,35.9728044],[139.0718383,35.972865],[139.0718107,35.972841],[139.0715461,35.9726084],[139.0715894,35.9725564],[139.0716196,35.9725097],[139.0716028,35.9724997],[139.071571,35.9725495],[139.0715304,35.9725921],[139.0714369,35.9726753],[139.0714302,35.9726798],[139.0714298,35.9726798],[139.0714193,35.9726828],[139.0714098,35.9726798],[139.0713394,35.9726185],[139.0712573,35.9725517],[139.0711966,35.9725031],[139.0710838,35.9724013],[139.071026,35.9723543],[139.0709879,35.9723163],[139.070971,35.9722993],[139.0709703,35.9722987],[139.0709533,35.9722812],[139.0709402,35.9722678],[139.0709421,35.9722535],[139.0709424,35.9722513],[139.0709643,35.9722282],[139.0709794,35.9722156],[139.0710451,35.972163],[139.0710741,35.9721386],[139.0711142,35.9721057],[139.071148,35.9720783],[139.0711695,35.9720608],[139.0713752,35.972223],[139.0712778,35.9723007],[139.0713867,35.9723836],[139.0714409,35.9723556],[139.071703,35.9725731],[139.0717344,35.972583],[139.0718125,35.972539],[139.0718505,35.9725054],[139.071873,35.9724827]]]},"properties":{"layer":"landuse","class_code":"211","class_label":"住宅用地（住宅、共同住宅、店舗等併用住宅、店舗等併用共同住宅、作業所併用住宅）"}},{"type":"Feature","id":"luse_45474f9a-b5fe-422b-8ba4-c9ac5c60abb4","geometry":{"type":"Polygon","coordinates":[[[139.0748198,35.9717738],[139.0748018,35.9717138],[139.0748643,35.9717052],[139.0748879,35.9717581],[139.0748198,35.9717738]]]},"properties":{"layer":"landuse","class_code":"214","class_label":"公益施設用地（官公庁施設、文教厚生施設、供給処理施設）"}},{"type":"Feature","id":"luse_48cf804d-34ef-496c-b11a-ecc7d961ed38","geometry":{"type":"Polygon","coordinates":[[[139.0698215,35.9694519],[139.0698439,35.9694069],[139.0699129,35.9694315],[139.0698922,35.969468],[139.0698215,35.9694519]]]},"properties":{"layer":"landuse","class_code":"214","class_label":"公益施設用地（官公庁施設、文教厚生施設、供給処理施設）"}},{"type":"Feature","id":"luse_6e33e747-0fbf-4ad8-92e3-aba615ef86e0","geometry":{"type":"MultiPolygon","coordinates":[[[[139.06803534371772,35.975],[139.0680267,35.974994],[139.0680263,35.9749939],[139.0680241,35.9749829],[139.068079,35.9749391],[139.0681575,35.9748745],[139.0681276,35.9748505],[139.0680491,35.9749151],[139.0679933,35.974961],[139.0679929,35.9749609],[139.0679865,35.9749615],[139.0679804,35.974962],[139.0679078,35.9749122],[139.0678498,35.9748714],[139.0678687,35.9748268],[139.0679338,35.974689],[139.0679534,35.9746488],[139.0679716,35.9746103],[139.0679798,35.974593],[139.0679937,35.9745697],[139.0679967,35.974566],[139.0680182,35.9745392],[139.068039,35.9745183],[139.0680505,35.9745068],[139.0680545,35.9745029],[139.0681337,35.9744375],[139.0681693,35.9744099],[139.0682766,35.9744964],[139.0683341,35.9745429],[139.0683692,35.9745712],[139.0684324,35.9746222],[139.0685691,35.9747324],[139.0685974,35.9747551],[139.0686613,35.9748065],[139.0687396,35.9748695],[139.06890226113742,35.975],[139.06803534371772,35.975]]],[[[139.0680294,35.9746146],[139.0680981,35.9746593],[139.0681565,35.974612],[139.0680955,35.9745624],[139.0680294,35.9746146]]]]},"properties":{"layer":"landuse","class_code":"211","class_label":"住宅用地（住宅、共同住宅、店舗等併用住宅、店舗等併用共同住宅、作業所併用住宅）"}},{"type":"Feature","id":"luse_e9c140cd-2ea3-4eeb-99f1-c7c45d4833cd","geometry":{"type":"Polygon","coordinates":[[[139.069722,35.9743299],[139.0696363,35.9744214],[139.06948,35.9743093],[139.0694953,35.9742981],[139.0695345,35.974264],[139.0695865,35.974219],[139.069722,35.9743299]]]},"properties":{"layer":"landuse","class_code":"223","class_label":"その他④（その他①～③以外の用途に供されている都市的土地利用（建物跡地、資材置場、改変工事中の土地）、法面（道路、造成地等の主利用に含まれない法面））"}},{"type":"Feature","id":"luse_a083fcbb-7578-4d00-ba0d-ddc27232587f","geometry":{"type":"Polygon","coordinates":[[[139.0695865,35.974219],[139.0695824,35.974216],[139.0696564,35.9741552],[139.0697528,35.9740766],[139.0697562,35.9740777],[139.0697641,35.9740974],[139.069776,35.9741302],[139.0697883,35.9741591],[139.0698028,35.9741882],[139.0698276,35.9742358],[139.069838,35.9742577],[139.0698353,35.9742595],[139.0697261,35.9743331],[139.069722,35.9743299],[139.0695865,35.974219]]]},"properties":{"layer":"landuse","class_code":"211","class_label":"住宅用地（住宅、共同住宅、店舗等併用住宅、店舗等併用共同住宅、作業所併用住宅）"}},{"type":"Feature","id":"luse_2a808237-d220-4c0d-9486-4288300b400b","geometry":{"type":"Polygon","coordinates":[[[139.0695556,35.9742076],[139.0694982,35.9742575],[139.0694841,35.9742584],[139.0693641,35.9741917],[139.0694215,35.9741284],[139.0695556,35.9742076]]]},"properties":{"layer":"landuse","class_code":"223","class_label":"その他④（その他①～③以外の用途に供されている都市的土地利用（建物跡地、資材置場、改変工事中の土地）、法面（道路、造成地等の主利用に含まれない法面））"}},{"type":"Feature","id":"luse_5bf3ae92-8a5f-4952-bcb3-e47bec0ac34f","geometry":{"type":"Polygon","coordinates":[[[139.0677835,35.9694586],[139.0677328,35.9695282],[139.0677261,35.9695221],[139.0677249,35.969523],[139.0677242,35.9695223],[139.0676945,35.9694939],[139.0676603,35.9694638],[139.0676854,35.9694186],[139.0677835,35.9694586]]]},"properties":{"layer":"landuse","class_code":"214","class_label":"公益施設用地（官公庁施設、文教厚生施設、供給処理施設）"}},{"type":"Feature","id":"luse_127d6913-fa72-4ca5-9db5-3187399d1789","geometry":{"type":"Polygon","coordinates":[[[139.0732265,35.9708013],[139.0732648,35.9707413],[139.0733308,35.9707613],[139.0732985,35.9708237],[139.0732265,35.9708013]]]},"properties":{"layer":"landuse","class_code":"214","class_label":"公益施設用地（官公庁施設、文教厚生施設、供給処理施設）"}},{"type":"Feature","id":"luse_61a95d37-023b-4479-982d-40d944792327","geometry":{"type":"Polygon","coordinates":[[[139.0746242,35.9698755],[139.0745918,35.9698258],[139.0747291,35.969758],[139.0747652,35.9698098],[139.0746242,35.9698755]]]},"properties":{"layer":"landuse","class_code":"214","class_label":"公益施設用地（官公庁施設、文教厚生施設、供給処理施設）"}},{"type":"Feature","id":"luse_e66dfe50-a479-440d-9e67-ad4da7764411","geometry":{"type":"MultiPolygon","coordinates":[[[[139.075,35.96666666666667],[139.075,35.9739112590389],[139.0749591,35.9739092],[139.0749222,35.9739051],[139.0748769,35.9739158],[139.0748722,35.9739022],[139.0748601,35.9738761],[139.0748463,35.9738567],[139.0748156,35.9738406],[139.0747668,35.9738229],[139.0746758,35.9738013],[139.0746475,35.9737994],[139.0746293,35.9738021],[139.0746069,35.973809],[139.0745867,35.9738196],[139.0745781,35.973827],[139.0745732,35.9738312],[139.0745261,35.9738718],[139.0744846,35.9739395],[139.0744572,35.9739248],[139.0744569,35.9739246],[139.0743773,35.9738818],[139.0743509,35.9738676],[139.0742813,35.9738304],[139.074246,35.9738179],[139.0742028,35.9738018],[139.0742003,35.9738008],[139.0741764,35.9737912],[139.074177,35.97379],[139.0741774,35.9737893],[139.0741693,35.9737864],[139.0741684,35.9737881],[139.074168,35.9737881],[139.0741066,35.9737688],[139.0741063,35.9737687],[139.0740778,35.9737596],[139.0740775,35.9737595],[139.07406,35.973754],[139.0740597,35.9737539],[139.0740385,35.9737509],[139.0740382,35.9737509],[139.0740135,35.9737492],[139.0739696,35.9737486],[139.0739477,35.9737496],[139.0739231,35.9737527],[139.0739013,35.9737584],[139.0739009,35.9737584],[139.0738803,35.9737639],[139.0738799,35.973764],[139.0738396,35.9737736],[139.0738392,35.9737736],[139.0737992,35.9737816],[139.0737381,35.9737938],[139.0737377,35.9737939],[139.0737184,35.9737976],[139.0736885,35.9738033],[139.073655,35.973809],[139.0736012,35.973816],[139.0735971,35.9738161],[139.0735908,35.9738164],[139.0735843,35.9738165],[139.0735796,35.9738162],[139.0735947,35.9738028],[139.0736485,35.9737547],[139.0736779,35.9737324],[139.0736988,35.9736947],[139.0736943,35.9736561],[139.0736667,35.9736176],[139.0736307,35.9735919],[139.0735822,35.9735714],[139.0735483,35.9735611],[139.0734532,35.9734995],[139.0734086,35.9734448],[139.0733998,35.9733916],[139.0734206,35.973347],[139.0734225,35.9733093],[139.0731877,35.9731621],[139.0731117,35.9731348],[139.0730107,35.9731267],[139.0730635,35.9730934],[139.073042,35.973071],[139.0732206,35.9729224],[139.0732224,35.9729239],[139.073326,35.9728528],[139.0733433,35.9728427],[139.0734497,35.9727812],[139.0734868,35.9727479],[139.0734666,35.9727035],[139.0733728,35.9726289],[139.0733455,35.9726066],[139.0732259,35.9725088],[139.0731546,35.9725668],[139.0731294,35.9725461],[139.0731733,35.97252],[139.073097,35.9724206],[139.0728814,35.9721412],[139.0727873,35.9721697],[139.0727532,35.9721776],[139.0727471,35.9721786],[139.0727428,35.9721584],[139.0727011,35.9721248],[139.0726969,35.9721222],[139.0726918,35.9721188],[139.0726774,35.9721064],[139.0726402,35.9720729],[139.0726041,35.9720468],[139.0725847,35.9720336],[139.0725726,35.9720261],[139.0725685,35.9720228],[139.0725628,35.9720183],[139.0725577,35.9720135],[139.0725534,35.9720085],[139.0725478,35.9720018],[139.0725364,35.9719853],[139.0725155,35.9719534],[139.0724715,35.9718968],[139.0724274,35.9718471],[139.0724061,35.9718226],[139.0723803,35.971796],[139.0723622,35.9717728],[139.0723379,35.9717374],[139.0723215,35.971721],[139.0722816,35.9716964],[139.0722197,35.9716543],[139.0721831,35.9716283],[139.0721496,35.9716023],[139.0721175,35.9715688],[139.0720976,35.9715398],[139.0720868,35.9715115],[139.0720771,35.9714937],[139.0720382,35.9714559],[139.0720179,35.9714391],[139.071975,35.9714187],[139.0719564,35.9714112],[139.0719153,35.9713806],[139.0718835,35.9713575],[139.0718294,35.9713167],[139.0717624,35.9712647],[139.0717588,35.9712599],[139.0717532,35.9712452],[139.0717496,35.9712398],[139.0717408,35.9712319],[139.071749,35.9712075],[139.0717423,35.9711673],[139.0717342,35.9711314],[139.0717178,35.9710463],[139.0717043,35.9710061],[139.0716838,35.9709784],[139.0716667,35.9709479],[139.0716745,35.9709041],[139.0716966,35.9708525],[139.07171,35.9708212],[139.0717139,35.9708131],[139.0717201,35.9708022],[139.0717227,35.9707974],[139.0717253,35.9707926],[139.0717321,35.9707804],[139.0717546,35.9707435],[139.0718828,35.9706075],[139.0719377,35.9705602],[139.0720676,35.970554],[139.0722013,35.9705605],[139.0726295,35.9706911],[139.072808,35.9706963],[139.0728184,35.9707026],[139.0729354,35.9706846],[139.0731163,35.9706424],[139.0731287,35.9706395],[139.0731995,35.9706085],[139.0737355,35.970525],[139.0737784,35.9705423],[139.073818,35.9705561],[139.0738442,35.9705652],[139.0739175,35.9705706],[139.0739884,35.9705713],[139.0740374,35.97057],[139.0741191,35.9705679],[139.0741987,35.9705632],[139.074245,35.9705588],[139.0743243,35.9705512],[139.0743891,35.9705387],[139.074438,35.9705219],[139.0745211,35.9704857],[139.0745472,35.9704744],[139.0746159,35.9704327],[139.0747284,35.9703438],[139.0747867,35.9703037],[139.0748301,35.9702804],[139.0748794,35.9702608],[139.0749177,35.9702543],[139.075,35.97025319921322],[139.075,35.969357420551546],[139.0749774,35.9693833],[139.0749095,35.9694608],[139.074798,35.9695487],[139.074772,35.9695602],[139.0746433,35.9696118],[139.0744728,35.9696805],[139.0743203,35.9697126],[139.0741939,35.9697243],[139.073514,35.9697477],[139.0734568,35.9697445],[139.0734322,35.9697169],[139.0734787,35.9696384],[139.0735394,35.9695973],[139.0736417,35.9695533],[139.0738917,35.9694767],[139.0741538,35.9693901],[139.0742893,35.9693602],[139.0744386,35.9693007],[139.074548,35.9692835],[139.0745862,35.9692693],[139.0746034,35.9692467],[139.0745736,35.9691763],[139.0745372,35.9690393],[139.0747822,35.9689796],[139.0747894,35.9689638],[139.0748069,35.9688764],[139.0748238,35.9688719],[139.0748493,35.968865],[139.0749341,35.9688218],[139.0749985,35.9687794],[139.0749689,35.9685807],[139.0748978,35.9685631],[139.0748086,35.9685411],[139.0747174,35.9685254],[139.0745297,35.9685256],[139.0743883,35.9685341],[139.0743887,35.9685354],[139.0743441,35.968531],[139.0741713,35.9685524],[139.0740324,35.9685616],[139.0738939,35.9685627],[139.0738776,35.9685178],[139.0738773,35.9685178],[139.0735261,35.9684921],[139.073411,35.9684837],[139.0728061,35.9684395],[139.0729659,35.9684173],[139.0729662,35.9684172],[139.0731416,35.9683936],[139.0733671,35.9683772],[139.0733674,35.9683771],[139.0735169,35.9683659],[139.0735339,35.9683608],[139.0735451,35.9683475],[139.0735455,35.9683246],[139.0735391,35.9683136],[139.073521,35.968299],[139.0732518,35.9682037],[139.0732465,35.9681995],[139.0732427,35.9681916],[139.0732459,35.9681825],[139.0732525,35.9681772],[139.0732659,35.968177],[139.0732663,35.9681771],[139.0733955,35.9681906],[139.0734093,35.9681894],[139.0734097,35.9681894],[139.0734162,35.9681845],[139.0734189,35.9681743],[139.0734178,35.9681654],[139.0735574,35.9681211],[139.0738361,35.9677353],[139.0737414,35.9676661],[139.0736387,35.9676685],[139.0735615,35.9676918],[139.0732884,35.9678719],[139.0732542,35.9680029],[139.0732427,35.9680535],[139.0726394,35.9683969],[139.0726126,35.9683725],[139.0726007,35.9683573],[139.0725931,35.9683294],[139.0727355,35.9681208],[139.0728183,35.9679993],[139.0729218,35.9678441],[139.0730343,35.9677041],[139.0731694,35.9675826],[139.0731856,35.9675677],[139.073225,35.967528],[139.0733261,35.9674348],[139.0737788,35.967014],[139.07407634399857,35.96666666666667],[139.07405595816803,35.96666666666667],[139.0737657,35.9670056],[139.0733137,35.9674259],[139.0732119,35.9675196],[139.0731687,35.967556],[139.073153,35.9675706],[139.0730166,35.967693],[139.0729276,35.9678039],[139.0729028,35.9678349],[139.072898,35.9678421],[139.0728727,35.9678262],[139.0728586,35.9678173],[139.0728221,35.9678023],[139.0727947,35.9678021],[139.0727739,35.9678167],[139.0727377,35.967883],[139.0724966,35.9682441],[139.0724286,35.9682984],[139.0723499,35.96833],[139.0722087,35.9683708],[139.0721313,35.9684075],[139.0719187,35.9685113],[139.0717709,35.9685777],[139.0717567,35.9685717],[139.0717289,35.9685391],[139.0716802,35.9684418],[139.0715608,35.9681826],[139.0715428,35.9681428],[139.0715159,35.9681249],[139.0714884,35.9681233],[139.0714471,35.9681336],[139.0713931,35.9681652],[139.0713378,35.9681985],[139.0712752,35.9682285],[139.0711324,35.9682964],[139.0711238,35.9683289],[139.0711202,35.9683677],[139.0711358,35.9684387],[139.0711476,35.9684925],[139.0711503,35.9685476],[139.0711481,35.9685942],[139.07113,35.968641],[139.071106,35.9686743],[139.0710344,35.9687046],[139.0709806,35.9687182],[139.0709134,35.9687283],[139.0708592,35.9687344],[139.0708013,35.9687324],[139.0707389,35.9687305],[139.0706853,35.9687307],[139.0706758,35.9687312],[139.0705644,35.9687841],[139.0705408,35.9687878],[139.0705091,35.9687979],[139.0704839,35.9687931],[139.0703457,35.9687186],[139.0703308,35.968712],[139.0703209,35.9687079],[139.0703127,35.9687049],[139.0703022,35.9687015],[139.0702968,35.9687],[139.0702913,35.9686986],[139.0702859,35.9686973],[139.0702805,35.9686962],[139.0702751,35.9686952],[139.0702696,35.9686946],[139.0702641,35.968694],[139.0702588,35.9686937],[139.0702534,35.9686936],[139.070251,35.9686936],[139.0702457,35.968694],[139.0702404,35.9686946],[139.0702352,35.9686953],[139.0702301,35.9686963],[139.070225,35.9686975],[139.0702197,35.9686988],[139.0702096,35.9687018],[139.0701285,35.9687367],[139.0700564,35.968759],[139.0699854,35.9687801],[139.0698922,35.9687587],[139.0698162,35.9687439],[139.0697931,35.9687537],[139.0697824,35.9687873],[139.0698038,35.9688302],[139.0698404,35.9688822],[139.0698466,35.968898],[139.069867,35.9689223],[139.0698785,35.9689367],[139.069934,35.9689979],[139.0700676,35.9691363],[139.0701757,35.9692455],[139.0701866,35.969256],[139.0702974,35.9693629],[139.0702967,35.9693644],[139.0702967,35.9693658],[139.0702979,35.9693694],[139.0703076,35.9693789],[139.0704192,35.9694843],[139.0702226,35.9695909],[139.0701874,35.9696025],[139.0701691,35.9696093],[139.0700836,35.9696416],[139.0700154,35.9696596],[139.0699884,35.9696656],[139.0699516,35.9696703],[139.0699408,35.9696717],[139.0699229,35.969673],[139.0698969,35.9696748],[139.0698965,35.9696748],[139.0698655,35.9696746],[139.0698409,35.9696723],[139.0698406,35.9696722],[139.0698036,35.9696687],[139.0697488,35.9696611],[139.069704,35.9696524],[139.0697036,35.9696523],[139.0696433,35.9696417],[139.069643,35.9696417],[139.0696159,35.9696362],[139.0695792,35.9696286],[139.0695789,35.9696286],[139.0695037,35.9696115],[139.0695033,35.9696114],[139.0694585,35.9696001],[139.0694023,35.9695848],[139.0693648,35.9695737],[139.0693306,35.9695633],[139.0692988,35.9695521],[139.0693374,35.9694517],[139.0692313,35.9693166],[139.0692343,35.9691921],[139.0688754,35.9691798],[139.0687407,35.969374],[139.0687305,35.9693778],[139.0687195,35.9693832],[139.0687022,35.9693926],[139.0687018,35.9693927],[139.0686949,35.9693943],[139.0686822,35.9693962],[139.0686818,35.9693962],[139.0686809,35.9693962],[139.0686802,35.969396],[139.0686708,35.9693844],[139.0686709,35.969371],[139.0686741,35.9693564],[139.0686783,35.9693411],[139.0686602,35.9693388],[139.0685732,35.9693271],[139.0685151,35.9693193],[139.0684577,35.9693131],[139.0684337,35.9693105],[139.0684333,35.9693105],[139.0683585,35.9693076],[139.0682891,35.9693059],[139.0682454,35.9693049],[139.068173,35.9693058],[139.0680814,35.9693095],[139.0680139,35.9693032],[139.0679907,35.9693],[139.0679903,35.9693],[139.067971,35.9692997],[139.0679318,35.9693076],[139.0679043,35.9693155],[139.0679039,35.9693155],[139.0678993,35.9693152],[139.0678984,35.9693152],[139.067894,35.9693149],[139.0678784,35.9693127],[139.0678752,35.9693122],[139.0678151,35.9692986],[139.0677816,35.9692891],[139.0677765,35.9692869],[139.067771,35.9692838],[139.0677649,35.9692767],[139.0677326,35.9692433],[139.0677215,35.9692495],[139.0676979,35.9692049],[139.0676848,35.9691622],[139.0677538,35.9691211],[139.0676758,35.9690005],[139.0675945,35.9690328],[139.0673929,35.9688039],[139.0674111,35.9687974],[139.0674158,35.9687956],[139.0674206,35.9687929],[139.0674244,35.9687893],[139.0674285,35.9687848],[139.0674306,35.968779],[139.0678166,35.9685581],[139.0672628,35.9681802],[139.0670817,35.9679828],[139.0670947,35.9679717],[139.0669489,35.9678777],[139.0670742,35.9676687],[139.0669111,35.9675436],[139.0668196,35.9675979],[139.0666081,35.9676323],[139.0663588,35.967592],[139.0662479,35.9675704],[139.0660838,35.9677188],[139.0660117,35.9676862],[139.0659316,35.9676914],[139.0658702,35.96763],[139.0658707,35.9675747],[139.0656303,35.9674324],[139.065659,35.9674125],[139.0656443,35.967399],[139.0655878,35.9674386],[139.0655824,35.9674312],[139.0654766,35.967361],[139.0654408,35.9673559],[139.0651407,35.9673094],[139.0651165,35.9672956],[139.0650869,35.96728],[139.0650584,35.9672658],[139.0650581,35.9672657],[139.0650117,35.9672414],[139.0649767,35.9672236],[139.0649303,35.9671991],[139.0649042,35.9671824],[139.0648796,35.9671653],[139.0648443,35.967139],[139.0648318,35.967129],[139.06479,35.9670886],[139.0647441,35.9670444],[139.0647163,35.9670168],[139.0646589,35.966961],[139.0646375,35.9669399],[139.0646219,35.9669245],[139.0645758,35.9668701],[139.0645564,35.9668473],[139.0645139,35.9668059],[139.0644968,35.9668175],[139.0645381,35.9668577],[139.0645623,35.9668852],[139.0645835,35.9669101],[139.0645829,35.9669141],[139.0645821,35.9669155],[139.0645802,35.9669174],[139.0645772,35.9669182],[139.0645739,35.9669181],[139.0645713,35.9669168],[139.0645674,35.9669138],[139.0645331,35.9668785],[139.0644928,35.966837],[139.0644558,35.9668008],[139.0644338,35.966779],[139.0644223,35.9667677],[139.0643884,35.966735],[139.0643687,35.9667119],[139.0643585,35.9666956],[139.06434056368562,35.96666666666667],[139.075,35.96666666666667]]],[[[139.0698215,35.9694519],[139.0698922,35.969468],[139.0699129,35.9694315],[139.0698439,35.9694069],[139.0698215,35.9694519]]],[[[139.0748198,35.9717738],[139.0748879,35.9717581],[139.0748643,35.9717052],[139.0748018,35.9717138],[139.0748198,35.9717738]]],[[[139.0732265,35.9708013],[139.0732985,35.9708237],[139.0733308,35.9707613],[139.0732648,35.9707413],[139.0732265,35.9708013]]],[[[139.073676,35.9733541],[139.0736333,35.9733532],[139.0736054,35.97339],[139.0736545,35.9734435],[139.0736887,35.9734256],[139.0737202,35.9734018],[139.0737091,35.973372],[139.073676,35.9733541]]]]},"properties":{"layer":"landuse","class_code":"203","class_label":"山林（樹林地）"}},{"type":"Feature","id":"luse_112d6769-bb6a-4c81-a268-7b2f0b4556c2","geometry":{"type":"MultiPolygon","coordinates":[[[[139.0716979,35.9708145],[139.0716961,35.9708181],[139.0716944,35.9708214],[139.0716626,35.9708853],[139.0716395,35.9708799],[139.071581,35.970814],[139.0715218,35.9707465],[139.0714852,35.9707032],[139.0714804,35.9706976],[139.0714795,35.9706655],[139.0714761,35.9706199],[139.0714674,35.9705901],[139.0714464,35.9705464],[139.0714429,35.970541],[139.071437,35.9705334],[139.0714285,35.9705234],[139.0714104,35.9705034],[139.0713817,35.9704732],[139.0713443,35.9704385],[139.0713194,35.9704165],[139.0712701,35.9703685],[139.0712837,35.9703591],[139.0712866,35.9703589],[139.0712915,35.9703609],[139.0712918,35.970361],[139.0712959,35.9703627],[139.0713362,35.9703828],[139.0713973,35.9704118],[139.0714135,35.9704201],[139.0714845,35.9704718],[139.0715595,35.9705267],[139.0715799,35.9705419],[139.071585,35.9705457],[139.0715944,35.970557],[139.0716144,35.9705806],[139.0716464,35.9705667],[139.0716271,35.9705422],[139.0716215,35.9705351],[139.0716157,35.9705288],[139.0716109,35.9705205],[139.0716099,35.9705177],[139.0716123,35.9705129],[139.0716202,35.9705087],[139.0716205,35.9705086],[139.0717025,35.9704738],[139.0716873,35.9704475],[139.071668,35.9704508],[139.0716612,35.9704513],[139.0716425,35.9704528],[139.0716327,35.9704529],[139.0716244,35.9704513],[139.0716153,35.9704493],[139.071615,35.9704492],[139.0715643,35.9704312],[139.0715396,35.9704239],[139.0715281,35.9704222],[139.0715277,35.9704222],[139.0714989,35.9704241],[139.0714875,35.9704219],[139.0714762,35.9704139],[139.0714637,35.9704015],[139.0714544,35.9703911],[139.0714437,35.970387],[139.0714407,35.9703867],[139.0714308,35.9703858],[139.0714046,35.9703821],[139.0714043,35.9703821],[139.0713859,35.9703765],[139.0713426,35.9703595],[139.0712925,35.9703407],[139.071213,35.9703108],[139.0711867,35.9702843],[139.0711689,35.9702654],[139.0711529,35.9702496],[139.0711322,35.9702303],[139.0711091,35.9702123],[139.0711994,35.9701619],[139.0713253,35.9700889],[139.0713001,35.9700633],[139.0712355,35.9701009],[139.0711696,35.9701386],[139.0710776,35.970189],[139.0710303,35.9701581],[139.0710063,35.97014],[139.0709876,35.9701231],[139.0709532,35.9700885],[139.0708982,35.9700308],[139.0708544,35.9699868],[139.0708228,35.9699564],[139.0707975,35.9699314],[139.0707621,35.9698944],[139.0707128,35.9698419],[139.0706965,35.969825],[139.0706719,35.9697982],[139.0706422,35.9697662],[139.0706395,35.9697609],[139.070637,35.9697554],[139.0706382,35.9696943],[139.0706393,35.9696637],[139.0706402,35.9696499],[139.0706412,35.9696451],[139.0706435,35.9696381],[139.0706489,35.9696314],[139.0706556,35.9696275],[139.0706655,35.9696235],[139.0706898,35.9696186],[139.0706933,35.9696179],[139.0707205,35.9696125],[139.0707208,35.9696124],[139.0708302,35.9695904],[139.0708305,35.9695903],[139.0709848,35.9695606],[139.071049,35.9696361],[139.0710747,35.9696238],[139.0710324,35.9695713],[139.0710279,35.9695656],[139.0710343,35.9695628],[139.0710706,35.969606],[139.0710734,35.9696074],[139.0710757,35.9696066],[139.0711388,35.96957],[139.0711754,35.9695491],[139.0711812,35.9695547],[139.0711893,35.969551],[139.071199,35.9695465],[139.0711991,35.9695457],[139.071202,35.969532],[139.0713009,35.9694737],[139.0713501,35.9693778],[139.0714542,35.9693468],[139.0714503,35.9693244],[139.0714664,35.9692915],[139.0714985,35.9692661],[139.0714702,35.9692002],[139.0714704,35.9691915],[139.0714707,35.9691763],[139.0714906,35.9691445],[139.0715236,35.969116],[139.0715488,35.9691097],[139.0719755,35.9690035],[139.0719696,35.9689716],[139.072086,35.9689516],[139.0724097,35.968878],[139.0723835,35.9688108],[139.0723831,35.9688108],[139.0722771,35.9688321],[139.0721621,35.9688174],[139.0721408,35.9687354],[139.0724385,35.9685667],[139.072441,35.9685654],[139.0727314,35.9685039],[139.0727319,35.9685038],[139.0727385,35.9685025],[139.073511,35.9685589],[139.073554,35.968562],[139.0738136,35.968581],[139.0738139,35.968581],[139.0739652,35.9689955],[139.0740447,35.9689763],[139.0739072,35.9685991],[139.0738939,35.9685627],[139.0740324,35.9685616],[139.0741713,35.9685524],[139.0743441,35.968531],[139.0743887,35.9685354],[139.0743883,35.9685341],[139.0745297,35.9685256],[139.0747174,35.9685254],[139.0748086,35.9685411],[139.0748978,35.9685631],[139.0749689,35.9685807],[139.0749985,35.9687794],[139.0749341,35.9688218],[139.0748493,35.968865],[139.0748238,35.9688719],[139.0748069,35.9688764],[139.0747894,35.9689638],[139.0747822,35.9689796],[139.0745372,35.9690393],[139.0745736,35.9691763],[139.0746034,35.9692467],[139.0745862,35.9692693],[139.074548,35.9692835],[139.0744386,35.9693007],[139.0742893,35.9693602],[139.0741538,35.9693901],[139.0738917,35.9694767],[139.0736417,35.9695533],[139.0735394,35.9695973],[139.0734787,35.9696384],[139.0734322,35.9697169],[139.0734568,35.9697445],[139.073514,35.9697477],[139.0741939,35.9697243],[139.0743203,35.9697126],[139.0744728,35.9696805],[139.0746433,35.9696118],[139.074772,35.9695602],[139.074798,35.9695487],[139.0749095,35.9694608],[139.0749774,35.9693833],[139.075,35.969357420551546],[139.075,35.97025319921322],[139.0749177,35.9702543],[139.0748794,35.9702608],[139.0748301,35.9702804],[139.0747867,35.9703037],[139.0747284,35.9703438],[139.0746159,35.9704327],[139.0745472,35.9704744],[139.0745211,35.9704857],[139.074438,35.9705219],[139.0743891,35.9705387],[139.0743243,35.9705512],[139.074245,35.9705588],[139.0741987,35.9705632],[139.0741191,35.9705679],[139.0740374,35.97057],[139.0739884,35.9705713],[139.0739175,35.9705706],[139.0738442,35.9705652],[139.073818,35.9705561],[139.0737784,35.9705423],[139.0737355,35.970525],[139.0731995,35.9706085],[139.0731287,35.9706395],[139.0731163,35.9706424],[139.0729354,35.9706846],[139.0728184,35.9707026],[139.072808,35.9706963],[139.0726295,35.9706911],[139.0722013,35.9705605],[139.0720676,35.970554],[139.0719377,35.9705602],[139.0718828,35.9706075],[139.0717546,35.9707435],[139.0717542,35.9707434],[139.0717353,35.9707406],[139.0716979,35.9708145]]],[[[139.0722202,35.9700375],[139.0722815,35.9700697],[139.0723295,35.9700296],[139.0722706,35.96999],[139.0722202,35.9700375]]],[[[139.0746242,35.9698755],[139.0747652,35.9698098],[139.0747291,35.969758],[139.0745918,35.9698258],[139.0746242,35.9698755]]]]},"properties":{"layer":"landuse","class_code":"213","class_label":"工業用地（工場）"}},{"type":"Feature","id":"luse_66654b4e-d904-4229-b888-98f7121c4bef","geometry":{"type":"MultiPolygon","coordinates":[[[[139.0626028409943,35.975],[139.0626175,35.9749861],[139.0626504,35.974955],[139.0627968,35.9748163],[139.0630506,35.9745758],[139.0630951,35.9745335],[139.0632603,35.974377],[139.0632981,35.9743292],[139.0633314,35.9742902],[139.0633733,35.9742512],[139.0634501,35.9741782],[139.0634503,35.9741601],[139.0634411,35.9741543],[139.0634407,35.9741544],[139.0634349,35.9741547],[139.063421,35.9741554],[139.0634165,35.9740903],[139.0634998,35.974084],[139.0635403,35.9740809],[139.0635407,35.9740809],[139.0635564,35.9740733],[139.0635641,35.974067],[139.0636109,35.9740175],[139.0636489,35.9739656],[139.0636759,35.9739207],[139.0636969,35.9738806],[139.0637113,35.9738427],[139.0637242,35.9737967],[139.0637309,35.9737573],[139.0637336,35.9737118],[139.0637342,35.9736717],[139.0637305,35.9736279],[139.0637224,35.9735836],[139.0637081,35.9735397],[139.0636865,35.9734794],[139.0636455,35.9733934],[139.0635725,35.9732622],[139.0634673,35.9730392],[139.0634587,35.9730253],[139.0634327,35.9730146],[139.063432,35.9730144],[139.0634127,35.9730076],[139.0634123,35.9730074],[139.0633994,35.9730029],[139.0633774,35.9729976],[139.0633564,35.9729981],[139.0631005,35.9730643],[139.0630797,35.973015],[139.0632463,35.9729716],[139.0633303,35.9729476],[139.0633307,35.9729474],[139.0633574,35.9729354],[139.0633751,35.9729171],[139.0633942,35.9728829],[139.0633982,35.9728661],[139.0633948,35.9728559],[139.0633366,35.9727041],[139.0632378,35.972448],[139.0631438,35.9722108],[139.0630983,35.9720709],[139.0630777,35.9720023],[139.0630728,35.9719654],[139.0630782,35.9719399],[139.0630908,35.9719153],[139.0631138,35.9718929],[139.0631305,35.9718809],[139.0631345,35.971879],[139.0631662,35.9718645],[139.0632035,35.9718569],[139.0632038,35.9718568],[139.0632343,35.9718564],[139.0632346,35.9718564],[139.0632609,35.9718583],[139.0632838,35.9718639],[139.0632878,35.9718649],[139.0633209,35.9718881],[139.0634807,35.9720688],[139.0638212,35.9725234],[139.0642377,35.973074],[139.0644148,35.9733136],[139.0644401,35.9733516],[139.0644784,35.9734293],[139.0645045,35.9734901],[139.0645426,35.9735748],[139.0645755,35.9736506],[139.0645978,35.9736925],[139.0646077,35.9737101],[139.0646308,35.9737449],[139.0646425,35.973767],[139.0646675,35.9737944],[139.0647117,35.9738305],[139.0647382,35.9738513],[139.0648252,35.9739137],[139.0648906,35.9739549],[139.065239,35.9741364],[139.0653727,35.9741838],[139.0656559,35.9742582],[139.0656567,35.9742583],[139.065657,35.9742584],[139.0658981,35.9743088],[139.0660948,35.97435],[139.0660956,35.9743367],[139.0660933,35.9743185],[139.0660879,35.9743009],[139.0660833,35.9742897],[139.0660716,35.9742667],[139.0660543,35.9742404],[139.066032,35.9742098],[139.0660118,35.9741659],[139.0659932,35.9741254],[139.0659745,35.9740848],[139.0659496,35.9740475],[139.0658651,35.9738803],[139.0658248,35.9738003],[139.0658214,35.9737939],[139.0657954,35.9737881],[139.0657615,35.9738099],[139.0655148,35.9739682],[139.0654838,35.9739366],[139.0654881,35.9739339],[139.0657786,35.9737473],[139.0657862,35.973729],[139.0657793,35.9737036],[139.0657527,35.9736593],[139.0657402,35.9736383],[139.065718,35.9735999],[139.0657021,35.9735768],[139.0656919,35.9735517],[139.0656744,35.973509],[139.0656547,35.9734454],[139.0656538,35.9734432],[139.065615,35.9734304],[139.0655587,35.9734526],[139.0655389,35.9734602],[139.0654316,35.9735016],[139.0653337,35.9735388],[139.0653312,35.9735398],[139.0653234,35.9735427],[139.0653112,35.9735474],[139.0652348,35.9735767],[139.0651407,35.9736124],[139.065122,35.9735797],[139.0651242,35.9735788],[139.065215,35.9735425],[139.0652914,35.9735131],[139.065407,35.9734692],[139.0654308,35.9734601],[139.0654329,35.9734593],[139.0654538,35.9734513],[139.0655385,35.9734184],[139.065595,35.9733962],[139.0656051,35.9733923],[139.0656122,35.9733892],[139.0656292,35.973382],[139.0656441,35.9733762],[139.0656228,35.9732998],[139.0655971,35.973206],[139.0655906,35.9731972],[139.0655789,35.9731891],[139.0655694,35.9731855],[139.0655595,35.9731833],[139.065551,35.9731834],[139.0655428,35.9731849],[139.0654344,35.9732302],[139.0653123,35.9732821],[139.0652846,35.9732391],[139.0654066,35.9731871],[139.0655151,35.9731418],[139.0655154,35.9731416],[139.065519,35.9731402],[139.065573,35.9731179],[139.0655618,35.9730756],[139.0655414,35.9730038],[139.0655284,35.9729586],[139.0655247,35.9729434],[139.0655243,35.9729433],[139.0655176,35.9729423],[139.0655042,35.972888],[139.0655033,35.9728844],[139.0654998,35.9728713],[139.0654759,35.9727815],[139.0654395,35.9726339],[139.0654298,35.9725917],[139.0654163,35.9725326],[139.0654035,35.9724767],[139.0653887,35.9724137],[139.0653884,35.9724127],[139.0653767,35.9723627],[139.0653326,35.9722145],[139.0653323,35.9722145],[139.0653249,35.9722133],[139.0652633,35.9721351],[139.0652984,35.9721061],[139.0652295,35.9720524],[139.0651027,35.9719503],[139.065017,35.9718819],[139.064972,35.9718988],[139.0649702,35.9718995],[139.0649482,35.9719078],[139.0648594,35.9719438],[139.0647701,35.9719812],[139.0646609,35.9720258],[139.0645398,35.9720749],[139.0644632,35.9721071],[139.0643846,35.9721434],[139.0642452,35.9722108],[139.0641711,35.9722477],[139.0641666,35.9722499],[139.0641564,35.9722542],[139.0641472,35.9722409],[139.0641575,35.9722375],[139.0641816,35.9722256],[139.0642236,35.9722047],[139.0642751,35.9721792],[139.0644366,35.9721022],[139.0645059,35.9720719],[139.0647237,35.9719825],[139.0647358,35.9719774],[139.0649245,35.9718979],[139.0649529,35.9718868],[139.0649557,35.9718856],[139.0649702,35.97188],[139.0649994,35.9718676],[139.0649946,35.9718638],[139.0649211,35.9718052],[139.0648995,35.9717878],[139.0648938,35.9717832],[139.064802,35.9717081],[139.0647325,35.9716532],[139.0646308,35.9715708],[139.0645771,35.9715279],[139.0644366,35.9714143],[139.0643797,35.9713708],[139.0643545,35.9713516],[139.0643491,35.9713473],[139.0643495,35.971347],[139.0643459,35.9713441],[139.0643456,35.9713444],[139.0642824,35.9712935],[139.0642189,35.9712418],[139.0642149,35.9712386],[139.0642051,35.9712307],[139.0641445,35.9711824],[139.0641098,35.9711544],[139.0641031,35.971149],[139.0639889,35.9710574],[139.0639568,35.9710316],[139.0638352,35.970934],[139.0638337,35.9709328],[139.0638038,35.9709295],[139.0635572,35.9710956],[139.0635576,35.9710959],[139.0635516,35.9711001],[139.0635511,35.9710997],[139.0634909,35.9711404],[139.0634893,35.9711416],[139.0634832,35.9711455],[139.0634439,35.971171],[139.0634388,35.9711742],[139.0634396,35.9711749],[139.0634332,35.9711791],[139.063432,35.9711778],[139.0633307,35.9712467],[139.0632716,35.9712838],[139.0632088,35.9713232],[139.0631828,35.97133],[139.0631574,35.9713309],[139.0631567,35.9713309],[139.0631563,35.9713309],[139.0631333,35.9713288],[139.0631151,35.9713248],[139.0631064,35.9713213],[139.0630934,35.9713136],[139.0630545,35.9712696],[139.0631082,35.971238],[139.0631302,35.9712624],[139.0631637,35.9712654],[139.0631669,35.9712656],[139.0631807,35.9712668],[139.0632009,35.9712534],[139.0632576,35.9712154],[139.0632722,35.9712064],[139.0633689,35.9711469],[139.0633891,35.9711346],[139.0633889,35.9711343],[139.0633943,35.9711307],[139.0633947,35.9711311],[139.0633964,35.9711301],[139.0634388,35.9711014],[139.0634398,35.9711007],[139.0634392,35.9711002],[139.0634449,35.9710966],[139.0634452,35.9710969],[139.0634468,35.9710957],[139.0635067,35.9710562],[139.0635126,35.9710522],[139.0635129,35.9710524],[139.063573,35.971012],[139.0636989,35.9709281],[139.0637681,35.9708807],[139.063767,35.9708798],[139.0636071,35.9707546],[139.0636065,35.9707541],[139.0636071,35.9707534],[139.0636026,35.9707499],[139.0636019,35.9707504],[139.0635395,35.9706997],[139.0635399,35.9706994],[139.0635354,35.9706958],[139.063535,35.9706962],[139.0635343,35.9706956],[139.0635318,35.9706937],[139.0635311,35.9706931],[139.0634792,35.9706517],[139.0634746,35.970648],[139.0634792,35.9706446],[139.0633645,35.970553],[139.0633577,35.9705519],[139.0633572,35.9705522],[139.0633105,35.9705776],[139.0632967,35.9705888],[139.0632699,35.970567],[139.0632895,35.9705489],[139.0633209,35.9705222],[139.0633219,35.9705213],[139.0633046,35.970507],[139.0632815,35.9704889],[139.0632648,35.9704759],[139.063211,35.9704337],[139.0632037,35.9704278],[139.0631796,35.9704083],[139.0631776,35.9704068],[139.0631599,35.9704229],[139.0631198,35.970457],[139.0630857,35.9704876],[139.0630778,35.9704947],[139.0630704,35.9705011],[139.0630441,35.9705238],[139.0630054,35.9705573],[139.0629613,35.9705946],[139.062943,35.9706113],[139.0629356,35.9706061],[139.0629011,35.9705816],[139.0628792,35.9705689],[139.0628656,35.9705646],[139.0628347,35.9705592],[139.062814,35.9705566],[139.0627899,35.9705551],[139.0627679,35.9705517],[139.0627295,35.9705412],[139.0627004,35.9705326],[139.0626825,35.9705289],[139.0626545,35.9705294],[139.0626542,35.9705294],[139.0626138,35.9705352],[139.0625956,35.9705396],[139.0625746,35.9705461],[139.0625479,35.9705514],[139.0625475,35.9705515],[139.0625405,35.9705526],[139.0625154,35.9705565],[139.062515,35.9705565],[139.0625,35.970561187499996],[139.0625,35.97054563803681],[139.062502,35.970545],[139.0625165,35.9705422],[139.0625312,35.970541],[139.062536,35.9705406],[139.0625513,35.9705393],[139.0625516,35.9705392],[139.0625654,35.9705367],[139.0626055,35.9705252],[139.0626264,35.9705208],[139.062651,35.970517],[139.062655,35.9705165],[139.0626693,35.9705148],[139.062689,35.9705153],[139.0627079,35.9705183],[139.0627082,35.9705184],[139.0627451,35.9705289],[139.0627753,35.9705379],[139.0627756,35.970538],[139.0628022,35.9705425],[139.0628241,35.9705444],[139.0628392,35.9705457],[139.0628899,35.9705579],[139.0628926,35.9705595],[139.0629391,35.9705893],[139.0629722,35.970561],[139.0630565,35.9704875],[139.0630845,35.9704629],[139.0631562,35.9703995],[139.0631623,35.9703943],[139.0631599,35.9703922],[139.0631462,35.9703812],[139.0631441,35.9703795],[139.0631069,35.9703495],[139.0630662,35.9703168],[139.0630578,35.9703101],[139.0630325,35.9702897],[139.063002,35.9702652],[139.0629601,35.9702315],[139.0629172,35.970197],[139.0628389,35.970134],[139.0628273,35.9701245],[139.0628233,35.9701212],[139.0627487,35.97006],[139.0626897,35.9700129],[139.0626196,35.9699569],[139.0625837,35.9699281],[139.0625504,35.9699015],[139.0625354,35.9698895],[139.0625,35.96986099173789],[139.0625,35.96820551509971],[139.0625644,35.968229],[139.0625753,35.9682328],[139.0626002,35.9682419],[139.0626061,35.968244],[139.0626066,35.9682442],[139.0626312,35.9682531],[139.0626649,35.9682645],[139.0627459,35.9682939],[139.0627913,35.9683102],[139.0628011,35.9683137],[139.0628332,35.968325],[139.062835,35.9683256],[139.0629161,35.9683522],[139.0630269,35.9683896],[139.0630454,35.9683937],[139.0630439,35.9683972],[139.063084,35.9684068],[139.0630852,35.9684071],[139.0630856,35.9684072],[139.063141,35.9684204],[139.0632007,35.9684367],[139.0632124,35.9684403],[139.0632294,35.9684452],[139.06325,35.9684512],[139.0632591,35.9684524],[139.0632668,35.9684514],[139.0632671,35.9684513],[139.0632741,35.9684507],[139.0632956,35.9684489],[139.063303,35.9684483],[139.0633034,35.9684483],[139.063311,35.9684405],[139.0633368,35.9683725],[139.0633294,35.9683111],[139.0633229,35.968303],[139.0633027,35.968278],[139.0632566,35.9682231],[139.0632484,35.9682078],[139.0632439,35.9681993],[139.0632297,35.9681712],[139.0632213,35.96815],[139.0632177,35.9681403],[139.063215,35.9681144],[139.0632099,35.9681095],[139.0632096,35.9681093],[139.0632066,35.9681073],[139.0632052,35.9681068],[139.063202,35.9681055],[139.063193,35.9681027],[139.0631829,35.9681001],[139.0631051,35.9680871],[139.0630462,35.968082],[139.0630185,35.9680796],[139.0628639,35.9680654],[139.0628669,35.9680439],[139.0628683,35.9680341],[139.0630228,35.9680483],[139.0631111,35.968056],[139.0631908,35.9680692],[139.0632026,35.968071],[139.0632186,35.9680734],[139.0632309,35.9680733],[139.0632313,35.9680732],[139.0632393,35.9680724],[139.063246,35.9680713],[139.0632561,35.9680572],[139.0632635,35.9680452],[139.0632837,35.9680197],[139.0632841,35.9680163],[139.0632878,35.9679884],[139.0628861,35.967825],[139.0628991,35.9677977],[139.0633051,35.9679571],[139.0633371,35.9679509],[139.0633671,35.9679117],[139.0633897,35.9678832],[139.0634036,35.9678658],[139.0634223,35.9678344],[139.0634245,35.967827],[139.0634247,35.9678263],[139.0634371,35.9677836],[139.0634381,35.9677747],[139.0634309,35.9677178],[139.0634139,35.9676386],[139.0634109,35.9676301],[139.0633877,35.9675622],[139.0633667,35.9675015],[139.0633662,35.9674996],[139.0633563,35.9674749],[139.0633496,35.9674569],[139.0633342,35.9674336],[139.0633328,35.9674326],[139.0633207,35.9674242],[139.0633142,35.9674211],[139.0632924,35.9674143],[139.0632839,35.967413],[139.0632763,35.9674097],[139.0631794,35.9673337],[139.0631718,35.9673277],[139.063131,35.9672975],[139.0631301,35.9672969],[139.0631297,35.9672969],[139.0631204,35.967298],[139.0630998,35.9673024],[139.0630994,35.9673025],[139.0630915,35.9673041],[139.0630813,35.9673066],[139.063081,35.9673067],[139.0630704,35.9673102],[139.063063,35.9673145],[139.0630454,35.9673279],[139.0630404,35.9673328],[139.0629757,35.9673953],[139.0629738,35.967397],[139.0629694,35.9674009],[139.0629632,35.9674045],[139.0629579,35.9674067],[139.0629538,35.9674084],[139.0629465,35.96741],[139.0629461,35.9674101],[139.062938,35.9674103],[139.0629317,35.9674093],[139.062923,35.9674053],[139.0629227,35.9674051],[139.0629078,35.9673955],[139.0628771,35.9673765],[139.0628408,35.967354],[139.0628039,35.9673313],[139.0627794,35.9673162],[139.0627554,35.9673015],[139.0627486,35.9672977],[139.0627483,35.9672975],[139.0627443,35.9672951],[139.0627263,35.9672848],[139.062714,35.9672795],[139.0627003,35.9672769],[139.0626999,35.9672768],[139.0626868,35.9672752],[139.0626746,35.9672766],[139.0626742,35.9672767],[139.062663,35.9672784],[139.0626627,35.9672785],[139.0626381,35.9672843],[139.0626118,35.9672913],[139.0625776,35.9673005],[139.0625266,35.9673141],[139.0625,35.96732123774598],[139.0625,35.967302235215314],[139.0625194,35.967297],[139.0625712,35.9672831],[139.0625715,35.967283],[139.0626134,35.967272],[139.0626318,35.9672672],[139.0626576,35.9672609],[139.0626707,35.9672589],[139.0626866,35.967257],[139.062687,35.967257],[139.0626985,35.9672584],[139.0627041,35.9672591],[139.0627045,35.9672591],[139.0627209,35.9672624],[139.0627364,35.9672701],[139.0627539,35.967281],[139.0627552,35.9672818],[139.0627852,35.9673],[139.062835,35.9673299],[139.0628374,35.9673315],[139.0629153,35.9673797],[139.0629183,35.9673805],[139.0629187,35.9673805],[139.0629222,35.967381],[139.0629242,35.9673811],[139.0629263,35.9673812],[139.062931,35.9673809],[139.0629381,35.9673794],[139.0629445,35.9673763],[139.0629856,35.9673324],[139.0630099,35.9673061],[139.0630383,35.9672783],[139.0630479,35.967269],[139.0631083,35.9672101],[139.0631101,35.9672083],[139.0631091,35.9672074],[139.0630858,35.9671714],[139.0630749,35.9671514],[139.0630576,35.9671235],[139.0630496,35.9671125],[139.0630441,35.9670483],[139.0630467,35.9670172],[139.0630537,35.9669806],[139.0630578,35.9669564],[139.0630601,35.9669417],[139.0630614,35.9669327],[139.0630616,35.9669299],[139.0630644,35.9668391],[139.0630634,35.9668214],[139.0630626,35.9668137],[139.0630598,35.9667936],[139.0630576,35.9667826],[139.0630532,35.9667723],[139.0630487,35.9667638],[139.0630433,35.9667587],[139.063038,35.9667546],[139.0630072,35.9667296],[139.0629939,35.966721],[139.0629786,35.966713],[139.0629017,35.9666936],[139.0628667,35.9666712],[139.06285262447554,35.96666666666667],[139.06310521960347,35.96666666666667],[139.0632702,35.9666974],[139.0632705,35.9666975],[139.0633663,35.9667125],[139.0633667,35.9667125],[139.0635194,35.9667364],[139.0635197,35.9667365],[139.0635779,35.966746],[139.063605,35.9667474],[139.0636054,35.9667474],[139.0636143,35.9667459],[139.0636146,35.9667458],[139.063628,35.9667433],[139.063639,35.9667387],[139.0636393,35.9667386],[139.063643,35.9667365],[139.0636472,35.9667328],[139.0636625,35.9667114],[139.0636752,35.9666879],[139.0636845994692,35.96666666666667],[139.06371049751985,35.96666666666667],[139.0636978,35.9666953],[139.0636878,35.9667216],[139.0636864,35.9667277],[139.0636858,35.9667346],[139.0636862,35.9667393],[139.0636875,35.9667441],[139.06369,35.9667475],[139.0636923,35.9667493],[139.0637135,35.966754],[139.063757,35.9667637],[139.063768,35.9667659],[139.0637765,35.9667667],[139.0637844,35.9667662],[139.0637922,35.9667648],[139.0637926,35.9667647],[139.0638132,35.9667599],[139.0638136,35.9667598],[139.0638354,35.9667554],[139.0638581,35.9667514],[139.0638819,35.9667489],[139.063889,35.9667483],[139.0639063,35.9667466],[139.0639441,35.9667446],[139.0639577,35.9667443],[139.063972,35.966744],[139.0639724,35.966744],[139.0640002,35.9667416],[139.0640208,35.966739],[139.0640213,35.9667389],[139.0640341,35.9667375],[139.0640458,35.9667363],[139.0640493,35.966736],[139.0640631,35.966738],[139.0640635,35.9667381],[139.0641005,35.96675],[139.0641008,35.9667501],[139.0641198,35.9667577],[139.0641307,35.9667605],[139.064131,35.9667606],[139.0641577,35.9667627],[139.0641916,35.9667641],[139.0642183,35.966766],[139.0642187,35.966766],[139.0642393,35.9667702],[139.0642403,35.9667707],[139.0642051,35.9667271],[139.06417509100802,35.96666666666667],[139.06422540285996,35.96666666666667],[139.0642637,35.9667455],[139.0643227,35.9668195],[139.0643732,35.9668734],[139.0643942,35.9668971],[139.0644114,35.9669165],[139.0644149,35.9669189],[139.0644568,35.9669483],[139.0644577,35.966949],[139.0644737,35.9669299],[139.064489,35.966916],[139.0644983,35.9669026],[139.0644909,35.9668963],[139.0644526,35.9668632],[139.0644149,35.9668254],[139.0643835,35.9667905],[139.0643532,35.9667554],[139.0643319,35.9667295],[139.0643198,35.9667117],[139.0642920871795,35.96666666666667],[139.06434056368562,35.96666666666667],[139.0643585,35.9666956],[139.0643687,35.9667119],[139.0643884,35.966735],[139.0644223,35.9667677],[139.0644338,35.966779],[139.0644558,35.9668008],[139.0644928,35.966837],[139.0645331,35.9668785],[139.0645674,35.9669138],[139.0645713,35.9669168],[139.0645739,35.9669181],[139.0645772,35.9669182],[139.0645802,35.9669174],[139.0645821,35.9669155],[139.0645829,35.9669141],[139.0645835,35.9669101],[139.0645623,35.9668852],[139.0645381,35.9668577],[139.0644968,35.9668175],[139.0645139,35.9668059],[139.0645564,35.9668473],[139.0645758,35.9668701],[139.0646219,35.9669245],[139.0646375,35.9669399],[139.0646589,35.966961],[139.0647163,35.9670168],[139.0647441,35.9670444],[139.06479,35.9670886],[139.0648318,35.967129],[139.0648443,35.967139],[139.0648796,35.9671653],[139.0649042,35.9671824],[139.0649303,35.9671991],[139.0649767,35.9672236],[139.0650117,35.9672414],[139.0650581,35.9672657],[139.0650584,35.9672658],[139.0650869,35.96728],[139.0651165,35.9672956],[139.0651407,35.9673094],[139.0651541,35.9673171],[139.065155,35.9673178],[139.0651832,35.9673422],[139.0651903,35.9673466],[139.0652299,35.967371],[139.0653104,35.9674187],[139.0653108,35.9674189],[139.0653122,35.9674197],[139.0653492,35.9674565],[139.0653499,35.9674571],[139.0653895,35.9674977],[139.0654341,35.9675437],[139.065439,35.967543],[139.0654394,35.967543],[139.0655878,35.9674386],[139.0656443,35.967399],[139.065659,35.9674125],[139.0656303,35.9674324],[139.0655995,35.9674542],[139.0654539,35.9675566],[139.0654539,35.9675569],[139.0654544,35.967563],[139.0654715,35.9675793],[139.0655548,35.9676585],[139.0655636,35.9676669],[139.0655742,35.9676769],[139.0655978,35.9676974],[139.0656198,35.9677166],[139.0656436,35.9677347],[139.0656562,35.9677448],[139.0656635,35.9677506],[139.0656888,35.9677729],[139.0657143,35.9677976],[139.0657502,35.9678292],[139.0658062,35.9678817],[139.0658814,35.9679524],[139.0659173,35.9679867],[139.0659776,35.9680432],[139.066024,35.968085],[139.0660244,35.9680854],[139.0660704,35.968129],[139.0660764,35.9681347],[139.0660772,35.9681354],[139.0660853,35.9681431],[139.0661227,35.968178],[139.0661321,35.9681869],[139.0661625,35.9682151],[139.0662037,35.9682517],[139.0662221,35.9682645],[139.0662234,35.9682655],[139.0662531,35.9682452],[139.0663305,35.968274],[139.066323,35.9682866],[139.066701,35.968416],[139.0668515,35.9684802],[139.066952,35.9685344],[139.0669524,35.9685345],[139.0669561,35.9685356],[139.0669564,35.9685358],[139.0669793,35.9685425],[139.067009,35.9685603],[139.0670121,35.968562],[139.0670236,35.9685695],[139.0670294,35.9685732],[139.0670921,35.9686175],[139.0671199,35.9686374],[139.0671449,35.9686585],[139.0671718,35.9686837],[139.0671862,35.9686966],[139.0672114,35.9687192],[139.0672575,35.9687584],[139.0672819,35.968782],[139.0672852,35.9687834],[139.0672906,35.9687842],[139.0672935,35.9687842],[139.0672975,35.9687841],[139.0673509,35.968778],[139.0673675,35.9687746],[139.0673748,35.9687717],[139.0673798,35.9687678],[139.0673822,35.9687638],[139.0673819,35.9687574],[139.0673615,35.9686984],[139.067343,35.9686531],[139.0673389,35.9686451],[139.0673309,35.9686339],[139.0673172,35.9686144],[139.0672999,35.9685954],[139.0672753,35.9685768],[139.0672376,35.9685516],[139.0672156,35.9685375],[139.0671879,35.9685208],[139.0671599,35.9685039],[139.0671591,35.9685035],[139.0671708,35.9684904],[139.0671881,35.9685009],[139.0672162,35.9685185],[139.0672315,35.9685284],[139.0672336,35.9685295],[139.067236,35.9685298],[139.0672364,35.9685298],[139.0672386,35.9685296],[139.0672398,35.9685292],[139.0672402,35.9685291],[139.0672414,35.9685286],[139.0672467,35.9685224],[139.0672587,35.9685311],[139.0672571,35.9685334],[139.0672569,35.9685347],[139.0672571,35.9685357],[139.0672576,35.9685368],[139.0672627,35.9685413],[139.0672908,35.9685621],[139.0673113,35.9685769],[139.0673226,35.968587],[139.0673364,35.9686033],[139.0673581,35.9686298],[139.0673696,35.9686478],[139.0673979,35.9687052],[139.067413,35.9687329],[139.0674191,35.9687439],[139.0674277,35.9687592],[139.0674299,35.968764],[139.0674312,35.9687685],[139.0674315,35.9687735],[139.0674306,35.968779],[139.0674285,35.9687848],[139.0674244,35.9687893],[139.0674206,35.9687929],[139.0674158,35.9687956],[139.0674111,35.9687974],[139.0673929,35.9688039],[139.0673669,35.9688084],[139.0673599,35.9688096],[139.0673157,35.9688128],[139.0672779,35.9688144],[139.0672676,35.9688155],[139.0672643,35.9688163],[139.0672425,35.9688354],[139.0672337,35.9688432],[139.0672155,35.9688583],[139.0671967,35.968874],[139.0671844,35.9688838],[139.0671606,35.9689028],[139.0671499,35.9689111],[139.0671311,35.9689273],[139.0671062,35.9689515],[139.0670982,35.9689594],[139.06709,35.9689789],[139.0670923,35.968988],[139.0670972,35.9689922],[139.0671071,35.9690007],[139.0671507,35.9690364],[139.0671769,35.9690592],[139.0671827,35.9690643],[139.0671948,35.9690749],[139.0672262,35.9691006],[139.0672376,35.9691098],[139.0672821,35.9691483],[139.0673041,35.9691677],[139.0673945,35.9690744],[139.0674125,35.9690854],[139.0673202,35.9691817],[139.0673468,35.9692045],[139.0673549,35.9692105],[139.0673742,35.9692242],[139.0674383,35.9692743],[139.0674876,35.9693146],[139.067608,35.9694178],[139.0676603,35.9694638],[139.0676945,35.9694939],[139.0677242,35.9695223],[139.0677249,35.969523],[139.0677261,35.9695221],[139.0677328,35.9695282],[139.0677311,35.9695295],[139.0677339,35.9695324],[139.0677327,35.9695331],[139.0677304,35.9695346],[139.0678243,35.9696146],[139.0678297,35.9696194],[139.0678383,35.9696247],[139.0678481,35.9696178],[139.0678876,35.9695942],[139.0679186,35.9695773],[139.0679655,35.9695529],[139.0680295,35.969524],[139.0680661,35.9695084],[139.068142,35.9694804],[139.0682143,35.9694553],[139.0682709,35.9694396],[139.0683229,35.9694299],[139.0684035,35.9694166],[139.0684486,35.9694098],[139.0685186,35.9694039],[139.068519,35.9694039],[139.0686229,35.9694003],[139.0686507,35.9693986],[139.068651,35.9693985],[139.0686515,35.9693983],[139.0686517,35.9693976],[139.0686488,35.9693814],[139.068652,35.9693815],[139.0686524,35.9693815],[139.0686576,35.9693547],[139.0686584,35.9693488],[139.0685714,35.9693379],[139.068571,35.9693378],[139.0684573,35.9693237],[139.0684407,35.9693223],[139.0684144,35.9693201],[139.0682925,35.9693162],[139.0682631,35.9693155],[139.0682187,35.9693143],[139.0681674,35.969316],[139.0681467,35.9693167],[139.0681303,35.9693172],[139.06813,35.9693173],[139.0680818,35.9693186],[139.0680814,35.9693186],[139.0680036,35.9693113],[139.0680033,35.9693113],[139.0679823,35.9693095],[139.067969,35.9693103],[139.0679506,35.9693139],[139.067944,35.9693161],[139.0679233,35.9693232],[139.067923,35.9693234],[139.0679222,35.9693236],[139.0679179,35.9693252],[139.0679053,35.969327],[139.0678938,35.9693266],[139.0678807,35.9693259],[139.0678803,35.9693258],[139.0678457,35.9693206],[139.0678373,35.9693194],[139.0678289,35.9693187],[139.0678268,35.9693185],[139.0678166,35.9693177],[139.0678047,35.9693154],[139.0677859,35.9693081],[139.0677856,35.9693079],[139.067762,35.9692941],[139.0677514,35.9692862],[139.0677309,35.9692644],[139.0677215,35.9692495],[139.0677326,35.9692433],[139.0677649,35.9692767],[139.067771,35.9692838],[139.0677765,35.9692869],[139.0677816,35.9692891],[139.0678151,35.9692986],[139.0678752,35.9693122],[139.0678784,35.9693127],[139.067894,35.9693149],[139.0678984,35.9693152],[139.0678993,35.9693152],[139.0679039,35.9693155],[139.0679043,35.9693155],[139.0679318,35.9693076],[139.067971,35.9692997],[139.0679903,35.9693],[139.0679907,35.9693],[139.0680139,35.9693032],[139.0680814,35.9693095],[139.068173,35.9693058],[139.0682454,35.9693049],[139.0682891,35.9693059],[139.0683585,35.9693076],[139.0684333,35.9693105],[139.0684337,35.9693105],[139.0684577,35.9693131],[139.0685151,35.9693193],[139.0685732,35.9693271],[139.0686602,35.9693388],[139.0686783,35.9693411],[139.0686741,35.9693564],[139.0686709,35.969371],[139.0686708,35.9693844],[139.0686802,35.969396],[139.0686809,35.9693962],[139.0686818,35.9693962],[139.0686822,35.9693962],[139.0686949,35.9693943],[139.0687018,35.9693927],[139.0687022,35.9693926],[139.0687195,35.9693832],[139.0687305,35.9693778],[139.0687407,35.969374],[139.0687429,35.9693739],[139.0687494,35.9693736],[139.0688307,35.9693707],[139.0689773,35.9693699],[139.0689777,35.9693699],[139.0691203,35.9693682],[139.0691196,35.9694047],[139.0690464,35.9694048],[139.0689837,35.9694035],[139.0689248,35.9694023],[139.0689244,35.9694023],[139.0688826,35.9694022],[139.068822,35.9694021],[139.0688217,35.9694021],[139.0688194,35.9694027],[139.0688177,35.9694037],[139.0688173,35.9694054],[139.0688179,35.969408],[139.0688191,35.9694092],[139.068903,35.9694303],[139.0689806,35.9694501],[139.0690713,35.9694769],[139.0691487,35.9695011],[139.0692226,35.9695255],[139.0692404,35.9695317],[139.069267,35.9695408],[139.0692988,35.9695521],[139.0693306,35.9695633],[139.0693648,35.9695737],[139.0694023,35.9695848],[139.0694585,35.9696001],[139.0695033,35.9696114],[139.0695037,35.9696115],[139.0695789,35.9696286],[139.0695792,35.9696286],[139.0696159,35.9696362],[139.069643,35.9696417],[139.0696433,35.9696417],[139.0697036,35.9696523],[139.069704,35.9696524],[139.0697488,35.9696611],[139.0698036,35.9696687],[139.0698406,35.9696722],[139.0698409,35.9696723],[139.0698655,35.9696746],[139.0698965,35.9696748],[139.0698969,35.9696748],[139.0699229,35.969673],[139.0699408,35.9696717],[139.0699516,35.9696703],[139.0699884,35.9696656],[139.0700154,35.9696596],[139.0700836,35.9696416],[139.0701691,35.9696093],[139.0701874,35.9696025],[139.0702226,35.9695909],[139.0702334,35.9695873],[139.0702338,35.9695872],[139.070271,35.9695791],[139.0703098,35.9695744],[139.0703102,35.9695743],[139.0703949,35.9695647],[139.0704797,35.9695587],[139.0705113,35.9695564],[139.0705246,35.9695555],[139.0705464,35.9695539],[139.0705468,35.9695539],[139.0705554,35.9695531],[139.07059,35.9695498],[139.070637,35.9695416],[139.0707668,35.9695196],[139.0707672,35.9695196],[139.0709153,35.9694895],[139.070992,35.9694741],[139.0709924,35.969474],[139.0710175,35.9694668],[139.0710179,35.9694666],[139.0710351,35.9694587],[139.0710548,35.9694488],[139.0710734,35.9694388],[139.0710835,35.9694335],[139.0710933,35.9694281],[139.0710977,35.9694257],[139.0711239,35.9694096],[139.0711555,35.9693866],[139.0711963,35.9693543],[139.0712041,35.9693468],[139.0712307,35.9693184],[139.0713255,35.9692467],[139.071321,35.9692396],[139.0713237,35.969235],[139.0713173,35.9692266],[139.0713756,35.9691485],[139.0714372,35.9690713],[139.0715218,35.9689954],[139.0715248,35.9689932],[139.071648,35.9689048],[139.071686,35.9688816],[139.0716918,35.9688781],[139.0716864,35.9688639],[139.0716666,35.9688157],[139.0716451,35.9687501],[139.0716165,35.9686678],[139.0715859,35.9685774],[139.0715514,35.9684923],[139.0715185,35.9684162],[139.0714926,35.9683469],[139.0714934,35.9683467],[139.0715188,35.9683404],[139.0715192,35.9683404],[139.0715448,35.9684091],[139.0715777,35.968485],[139.0716123,35.9685709],[139.0716334,35.9686333],[139.0716431,35.9686617],[139.0716718,35.968744],[139.0716933,35.9688092],[139.071713,35.968857],[139.0717154,35.9688636],[139.0717946,35.9688156],[139.0724524,35.9684449],[139.0725005,35.9684117],[139.0725364,35.9683726],[139.0725736,35.9683207],[139.0727358,35.968083],[139.0727989,35.9679906],[139.0728971,35.9678435],[139.072898,35.9678421],[139.0729028,35.9678349],[139.0729276,35.9678039],[139.0730166,35.967693],[139.073153,35.9675706],[139.0731687,35.967556],[139.0732119,35.9675196],[139.0733137,35.9674259],[139.0737657,35.9670056],[139.07405595816803,35.96666666666667],[139.07407634399857,35.96666666666667],[139.0737788,35.967014],[139.0733261,35.9674348],[139.073225,35.967528],[139.0731856,35.9675677],[139.0731694,35.9675826],[139.0730343,35.9677041],[139.0729218,35.9678441],[139.0728183,35.9679993],[139.0727355,35.9681208],[139.0725931,35.9683294],[139.0726007,35.9683573],[139.0726126,35.9683725],[139.0726394,35.9683969],[139.0726471,35.9684039],[139.0727021,35.9684235],[139.0727315,35.968434],[139.0727323,35.9684342],[139.0727374,35.9684345],[139.0727413,35.9684348],[139.072963,35.968404],[139.0729635,35.9684039],[139.0731394,35.9683802],[139.0733657,35.9683637],[139.0735131,35.9683527],[139.0735134,35.9683526],[139.0735232,35.9683497],[139.0735286,35.9683433],[139.0735286,35.9683274],[139.0735255,35.9683214],[139.0735115,35.9683104],[139.0732426,35.9682151],[139.0732323,35.9682072],[139.0732251,35.9681924],[139.0732311,35.9681754],[139.0732454,35.9681639],[139.0732669,35.9681635],[139.0732672,35.9681636],[139.0733957,35.968177],[139.073401,35.9681766],[139.0734014,35.9681766],[139.0734019,35.9681736],[139.0734018,35.9681707],[139.0733978,35.9681666],[139.0733353,35.9680891],[139.0733212,35.9680717],[139.0733294,35.9680673],[139.073335,35.9680643],[139.0733924,35.9681352],[139.0734114,35.9681588],[139.0734178,35.9681654],[139.0734189,35.9681743],[139.0734162,35.9681845],[139.0734097,35.9681894],[139.0734093,35.9681894],[139.0733955,35.9681906],[139.0732663,35.9681771],[139.0732659,35.968177],[139.0732525,35.9681772],[139.0732459,35.9681825],[139.0732427,35.9681916],[139.0732465,35.9681995],[139.0732518,35.9682037],[139.073521,35.968299],[139.0735391,35.9683136],[139.0735455,35.9683246],[139.0735451,35.9683475],[139.0735339,35.9683608],[139.0735169,35.9683659],[139.0733674,35.9683771],[139.0733671,35.9683772],[139.0731416,35.9683936],[139.0729662,35.9684172],[139.0729659,35.9684173],[139.0728061,35.9684395],[139.073411,35.9684837],[139.0735261,35.9684921],[139.0738773,35.9685178],[139.0738776,35.9685178],[139.0738939,35.9685627],[139.0739072,35.9685991],[139.0740447,35.9689763],[139.0739652,35.9689955],[139.0738139,35.968581],[139.0738136,35.968581],[139.073554,35.968562],[139.073511,35.9685589],[139.0727385,35.9685025],[139.0727319,35.9685038],[139.0727314,35.9685039],[139.072441,35.9685654],[139.0724385,35.9685667],[139.0721408,35.9687354],[139.0721621,35.9688174],[139.0722771,35.9688321],[139.0723831,35.9688108],[139.0723835,35.9688108],[139.0724097,35.968878],[139.072086,35.9689516],[139.0719696,35.9689716],[139.0719755,35.9690035],[139.0715488,35.9691097],[139.0715236,35.969116],[139.0714906,35.9691445],[139.0714707,35.9691763],[139.0714704,35.9691915],[139.0714702,35.9692002],[139.0714985,35.9692661],[139.0714664,35.9692915],[139.0714503,35.9693244],[139.0714542,35.9693468],[139.0713501,35.9693778],[139.0713009,35.9694737],[139.071202,35.969532],[139.0711991,35.9695457],[139.071199,35.9695465],[139.0711893,35.969551],[139.0711812,35.9695547],[139.0711754,35.9695491],[139.0711388,35.96957],[139.0710757,35.9696066],[139.0710734,35.9696074],[139.0710706,35.969606],[139.0710343,35.9695628],[139.0710279,35.9695656],[139.0710324,35.9695713],[139.0710747,35.9696238],[139.071049,35.9696361],[139.0709848,35.9695606],[139.0708305,35.9695903],[139.0708302,35.9695904],[139.0707208,35.9696124],[139.0707205,35.9696125],[139.0706933,35.9696179],[139.0706898,35.9696186],[139.0706655,35.9696235],[139.0706556,35.9696275],[139.0706489,35.9696314],[139.0706435,35.9696381],[139.0706412,35.9696451],[139.0706402,35.9696499],[139.0706393,35.9696637],[139.0706382,35.9696943],[139.070637,35.9697554],[139.0706395,35.9697609],[139.0706422,35.9697662],[139.0706719,35.9697982],[139.0706965,35.969825],[139.0707128,35.9698419],[139.0707621,35.9698944],[139.0707975,35.9699314],[139.0708228,35.9699564],[139.0708544,35.9699868],[139.0708982,35.9700308],[139.0709532,35.9700885],[139.0709876,35.9701231],[139.0710063,35.97014],[139.0710303,35.9701581],[139.0710776,35.970189],[139.0711696,35.9701386],[139.0712355,35.9701009],[139.0713001,35.9700633],[139.0713253,35.9700889],[139.0711994,35.9701619],[139.0711091,35.9702123],[139.0711322,35.9702303],[139.0711529,35.9702496],[139.0711689,35.9702654],[139.0711867,35.9702843],[139.071213,35.9703108],[139.0712925,35.9703407],[139.0713426,35.9703595],[139.0713859,35.9703765],[139.0714043,35.9703821],[139.0714046,35.9703821],[139.0714308,35.9703858],[139.0714407,35.9703867],[139.0714437,35.970387],[139.0714544,35.9703911],[139.0714637,35.9704015],[139.0714762,35.9704139],[139.0714875,35.9704219],[139.0714989,35.9704241],[139.0715277,35.9704222],[139.0715281,35.9704222],[139.0715396,35.9704239],[139.0715643,35.9704312],[139.071615,35.9704492],[139.0716153,35.9704493],[139.0716244,35.9704513],[139.0716327,35.9704529],[139.0716425,35.9704528],[139.0716612,35.9704513],[139.071668,35.9704508],[139.0716873,35.9704475],[139.0717025,35.9704738],[139.0716205,35.9705086],[139.0716202,35.9705087],[139.0716123,35.9705129],[139.0716099,35.9705177],[139.0716109,35.9705205],[139.0716157,35.9705288],[139.0716215,35.9705351],[139.0716271,35.9705422],[139.0716464,35.9705667],[139.0716144,35.9705806],[139.0715944,35.970557],[139.071585,35.9705457],[139.0715799,35.9705419],[139.0715595,35.9705267],[139.0714845,35.9704718],[139.0714135,35.9704201],[139.0713973,35.9704118],[139.0713362,35.9703828],[139.0712959,35.9703627],[139.0712918,35.970361],[139.0712915,35.9703609],[139.0712866,35.9703589],[139.0712837,35.9703591],[139.0712701,35.9703685],[139.0713194,35.9704165],[139.0713443,35.9704385],[139.0713817,35.9704732],[139.0714104,35.9705034],[139.0714285,35.9705234],[139.071437,35.9705334],[139.0714429,35.970541],[139.0714464,35.9705464],[139.0714674,35.9705901],[139.0714761,35.9706199],[139.0714795,35.9706655],[139.0714804,35.9706976],[139.0714852,35.9707032],[139.0715218,35.9707465],[139.071581,35.970814],[139.0716395,35.9708799],[139.0716626,35.9708853],[139.0716944,35.9708214],[139.0716961,35.9708181],[139.0716979,35.9708145],[139.0717353,35.9707406],[139.0717542,35.9707434],[139.0717546,35.9707435],[139.0717321,35.9707804],[139.0717253,35.9707926],[139.0717227,35.9707974],[139.0717201,35.9708022],[139.0717139,35.9708131],[139.07171,35.9708212],[139.0716966,35.9708525],[139.0716745,35.9709041],[139.0716667,35.9709479],[139.0716838,35.9709784],[139.0717043,35.9710061],[139.0717178,35.9710463],[139.0717342,35.9711314],[139.0717423,35.9711673],[139.071749,35.9712075],[139.0717408,35.9712319],[139.0717496,35.9712398],[139.0717532,35.9712452],[139.0717588,35.9712599],[139.0717624,35.9712647],[139.0718294,35.9713167],[139.0718835,35.9713575],[139.0719153,35.9713806],[139.0719564,35.9714112],[139.071975,35.9714187],[139.0720179,35.9714391],[139.0720382,35.9714559],[139.0720771,35.9714937],[139.0720868,35.9715115],[139.0720976,35.9715398],[139.0721175,35.9715688],[139.0721496,35.9716023],[139.0721831,35.9716283],[139.0722197,35.9716543],[139.0722816,35.9716964],[139.0723215,35.971721],[139.0723379,35.9717374],[139.0723622,35.9717728],[139.0723803,35.971796],[139.0724061,35.9718226],[139.0724274,35.9718471],[139.0724715,35.9718968],[139.0725155,35.9719534],[139.0725364,35.9719853],[139.0725478,35.9720018],[139.0725534,35.9720085],[139.0725577,35.9720135],[139.0725628,35.9720183],[139.0725685,35.9720228],[139.0725726,35.9720261],[139.0725847,35.9720336],[139.0726041,35.9720468],[139.0726402,35.9720729],[139.0726774,35.9721064],[139.0726918,35.9721188],[139.0726969,35.9721222],[139.0727011,35.9721248],[139.0727428,35.9721584],[139.0727471,35.9721786],[139.0727532,35.9721776],[139.0727873,35.9721697],[139.0727886,35.9721723],[139.0727927,35.9721821],[139.0727924,35.9721822],[139.072774,35.9721865],[139.0727693,35.9721877],[139.072764,35.9721894],[139.07276,35.9721909],[139.0727533,35.9721961],[139.0727509,35.9721994],[139.0727494,35.9722033],[139.0727504,35.9722073],[139.0727509,35.9722093],[139.0727531,35.9722134],[139.0727193,35.9722277],[139.072715,35.9722239],[139.0727124,35.9722216],[139.0727121,35.9722215],[139.0727081,35.9722208],[139.0727021,35.972222],[139.0726959,35.9722255],[139.0726927,35.9722269],[139.0726924,35.9722271],[139.0726905,35.9722279],[139.072685,35.9722323],[139.0726571,35.9722546],[139.0725896,35.9723174],[139.0725877,35.972319],[139.0725459,35.9723577],[139.0724852,35.9723996],[139.0723639,35.9725032],[139.0723269,35.9725337],[139.072176,35.972656],[139.0721511,35.9726765],[139.0721433,35.9726875],[139.0721393,35.9726989],[139.0721389,35.9727092],[139.07214,35.9727182],[139.0721454,35.9727364],[139.0721583,35.9727743],[139.0721927,35.9728847],[139.0722078,35.9729164],[139.0722151,35.9729302],[139.0722264,35.9729462],[139.0722378,35.9729608],[139.0722479,35.9729708],[139.0722735,35.9729715],[139.0722739,35.9729715],[139.0722953,35.9729577],[139.0724386,35.9728523],[139.0725747,35.9727541],[139.0726919,35.9726691],[139.0727433,35.9726316],[139.0727459,35.97263],[139.0727437,35.9724802],[139.072765,35.9724676],[139.0727743,35.9724685],[139.0727819,35.9724666],[139.0728159,35.9724578],[139.0728163,35.9724578],[139.0728251,35.9724809],[139.0728073,35.972486],[139.0727902,35.9724909],[139.0727847,35.9724941],[139.0727806,35.9724971],[139.0727777,35.9724997],[139.0727759,35.9725041],[139.0727756,35.9725125],[139.0727756,35.9725129],[139.0727779,35.9726048],[139.0727865,35.9726135],[139.0728087,35.9726357],[139.0727738,35.9726611],[139.0726914,35.9727209],[139.0726786,35.9727301],[139.0726076,35.9727818],[139.0724895,35.9728648],[139.0725092,35.972884],[139.0725594,35.972926],[139.0725458,35.9729362],[139.0724707,35.9728782],[139.0724612,35.9728852],[139.0723248,35.9729875],[139.0723128,35.9729967],[139.0723134,35.9730057],[139.0723178,35.9730314],[139.0723491,35.9730568],[139.0724961,35.9731709],[139.0725135,35.973184],[139.0726452,35.9732829],[139.0726857,35.9733142],[139.0726895,35.9733173],[139.0726909,35.9733162],[139.0728064,35.9732254],[139.0728768,35.9731768],[139.0729076,35.9731556],[139.07296,35.9731226],[139.0730215,35.9730839],[139.073042,35.973071],[139.0730635,35.9730934],[139.0730107,35.9731267],[139.0729291,35.9731781],[139.0728281,35.973248],[139.0727134,35.9733362],[139.0727529,35.9733664],[139.072914,35.9734897],[139.0729152,35.9734906],[139.0729964,35.9735527],[139.0731438,35.9736517],[139.0732057,35.9736916],[139.073233,35.973707],[139.0732572,35.9737202],[139.0732981,35.9737424],[139.0733122,35.9737506],[139.0733199,35.9737547],[139.0733202,35.9737549],[139.0733226,35.9737562],[139.0733361,35.9737634],[139.0733623,35.9737761],[139.0733942,35.973791],[139.0733957,35.973789],[139.0734044,35.9737929],[139.0734036,35.9737943],[139.0734203,35.9737998],[139.0734278,35.9738012],[139.0734282,35.9738012],[139.0734465,35.9738046],[139.073469,35.9738084],[139.0735037,35.973811],[139.0735359,35.9738133],[139.0735796,35.9738162],[139.0735843,35.9738165],[139.0735908,35.9738164],[139.0735971,35.9738161],[139.0736012,35.973816],[139.073655,35.973809],[139.0736885,35.9738033],[139.0737184,35.9737976],[139.0737377,35.9737939],[139.0737381,35.9737938],[139.0737992,35.9737816],[139.0738392,35.9737736],[139.0738396,35.9737736],[139.0738799,35.973764],[139.0738803,35.9737639],[139.0739009,35.9737584],[139.0739013,35.9737584],[139.0739231,35.9737527],[139.0739477,35.9737496],[139.0739696,35.9737486],[139.0740135,35.9737492],[139.0740382,35.9737509],[139.0740385,35.9737509],[139.0740597,35.9737539],[139.07406,35.973754],[139.0740775,35.9737595],[139.0740778,35.9737596],[139.0741063,35.9737687],[139.0741066,35.9737688],[139.074168,35.9737881],[139.0741684,35.9737881],[139.0741693,35.9737864],[139.0741774,35.9737893],[139.074177,35.97379],[139.0741764,35.9737912],[139.0742003,35.9738008],[139.0742028,35.9738018],[139.074246,35.9738179],[139.0742813,35.9738304],[139.0743509,35.9738676],[139.0743773,35.9738818],[139.0744569,35.9739246],[139.0744572,35.9739248],[139.0744846,35.9739395],[139.0745029,35.9739492],[139.0745454,35.9739727],[139.0746173,35.9740121],[139.0746815,35.9740453],[139.0748072,35.9741121],[139.0749244,35.9741789],[139.0749369,35.9741858],[139.075,35.9742222209481],[139.075,35.975],[139.0626028409943,35.975]]],[[[139.0704857,35.9696215],[139.0704853,35.9696215],[139.0703991,35.9696261],[139.0703379,35.9696321],[139.0703376,35.9696322],[139.0703277,35.9696337],[139.0703254,35.9696346],[139.0703237,35.9696352],[139.0703224,35.9696361],[139.0703218,35.9696372],[139.0703216,35.9696382],[139.0703214,35.9696401],[139.0703221,35.9696418],[139.0703274,35.9696481],[139.0703386,35.9696564],[139.0704345,35.9697267],[139.0705679,35.9698082],[139.0705683,35.9698084],[139.0705686,35.9697967],[139.0705692,35.969755],[139.0705706,35.969693],[139.0705715,35.9696637],[139.0705711,35.9696522],[139.0705693,35.9696433],[139.070564,35.9696349],[139.070555,35.9696288],[139.0705547,35.9696287],[139.0705447,35.9696252],[139.0705316,35.9696239],[139.0705312,35.9696239],[139.0705272,35.9696237],[139.070516,35.9696231],[139.0704934,35.9696219],[139.0704857,35.9696215]]],[[[139.0716629,35.9730512],[139.0716821,35.9730667],[139.0717386,35.9731123],[139.0717514,35.9731127],[139.0717661,35.9731131],[139.0718193,35.9730732],[139.0718568,35.9730451],[139.0720526,35.9728984],[139.0720544,35.9728737],[139.0719906,35.9728184],[139.0719656,35.9728174],[139.0719576,35.9728226],[139.0719533,35.9728255],[139.0719467,35.97283],[139.0718641,35.9728874],[139.0717797,35.9729478],[139.0717772,35.9729496],[139.0717604,35.9729607],[139.0716712,35.9730288],[139.0716647,35.9730337],[139.0716646,35.9730349],[139.0716629,35.9730512]]],[[[139.0664803,35.9743082],[139.0664877,35.9743051],[139.0664882,35.9743058],[139.0664885,35.9743063],[139.0664997,35.9743017],[139.066483,35.9742926],[139.0663058,35.9742186],[139.0663055,35.9742184],[139.0662721,35.9742059],[139.0662652,35.9742101],[139.0661399,35.9741593],[139.0660341,35.9741206],[139.0660367,35.9741264],[139.0660361,35.9741266],[139.0660408,35.9741359],[139.0660576,35.9741689],[139.0660871,35.9742308],[139.0661099,35.974279],[139.0661154,35.9742911],[139.0661227,35.9743203],[139.0661228,35.9743378],[139.0661305,35.974357],[139.0661318,35.9743572],[139.0661322,35.9743573],[139.0661495,35.9743597],[139.0661655,35.9743619],[139.0661659,35.9743619],[139.0661855,35.9743643],[139.0662017,35.9743661],[139.0662153,35.9743665],[139.0662157,35.9743665],[139.0662313,35.974367],[139.0662317,35.974367],[139.0662455,35.9743665],[139.0662459,35.9743665],[139.0662667,35.9743657],[139.0662777,35.9743648],[139.0662856,35.974364],[139.0662859,35.974364],[139.0662889,35.9743636],[139.0662999,35.9743621],[139.0663194,35.9743586],[139.0663354,35.9743552],[139.0663516,35.9743512],[139.066352,35.9743511],[139.0663737,35.9743451],[139.0664142,35.9743321],[139.0664671,35.9743135],[139.0664806,35.9743087],[139.0664803,35.9743082]]],[[[139.0706678,35.9731727],[139.0707046,35.9731394],[139.0707298,35.9731169],[139.0707779,35.9730581],[139.0707499,35.9730406],[139.0707185,35.9730216],[139.0706982,35.9730096],[139.070673,35.973002],[139.0706515,35.9729975],[139.0706085,35.9729881],[139.0705774,35.9729821],[139.0705301,35.9730147],[139.0705068,35.9730367],[139.0704871,35.9730555],[139.0704479,35.9731011],[139.0704229,35.9731317],[139.0704134,35.9731428],[139.0703886,35.9731709],[139.070354,35.9732137],[139.0705283,35.9732969],[139.0705429,35.9732959],[139.070563,35.9732759],[139.0706678,35.9731727]]],[[[139.0717685,35.9743801],[139.0717811,35.9743891],[139.0718528,35.9743194],[139.0718413,35.974286],[139.0716181,35.9741039],[139.0716177,35.9741039],[139.0715953,35.9741044],[139.0715847,35.9741046],[139.0715068,35.9741759],[139.0714131,35.9742557],[139.0714037,35.9742924],[139.0714102,35.9742987],[139.0714467,35.9743314],[139.07149,35.9743683],[139.0715972,35.9744532],[139.0716282,35.9744766],[139.0716622,35.9744785],[139.0716626,35.9744785],[139.0717685,35.9743801]]],[[[139.069937,35.974176],[139.0698001,35.9740275],[139.0697811,35.9740415],[139.0697797,35.9740443],[139.069779,35.9740493],[139.0697853,35.97407],[139.069797,35.9741091],[139.0698092,35.974142],[139.0698266,35.9741791],[139.069871,35.974273],[139.0699477,35.974442],[139.0700207,35.9745114],[139.0700974,35.9745595],[139.0701139,35.9745697],[139.0702058,35.9746132],[139.0702532,35.9746372],[139.0703124,35.9746716],[139.0703594,35.9746997],[139.0703908,35.9746687],[139.0703687,35.9746392],[139.070219,35.9744754],[139.0700593,35.9743095],[139.0699471,35.9741867],[139.069937,35.974176]]],[[[139.0683547,35.9742566],[139.0683519,35.9742588],[139.0683447,35.9742645],[139.0682792,35.9743211],[139.0682766,35.9743233],[139.0682558,35.9743424],[139.0682555,35.9743575],[139.0683678,35.9744494],[139.0685286,35.9745808],[139.0685719,35.9746151],[139.0686314,35.9745656],[139.0686415,35.9745564],[139.068767,35.9744417],[139.0687695,35.9744377],[139.068771,35.9744318],[139.0687715,35.9744275],[139.0687693,35.9744198],[139.0687649,35.9744142],[139.0687476,35.9744019],[139.0687309,35.974391],[139.0687163,35.9743802],[139.0687057,35.9743694],[139.0686997,35.9743616],[139.0686954,35.9743549],[139.0686921,35.974349],[139.0686868,35.9743355],[139.0686817,35.9743213],[139.0686715,35.9742919],[139.0686693,35.9742856],[139.0686613,35.9742712],[139.0686565,35.9742649],[139.0686499,35.97426],[139.0685527,35.974209],[139.0684691,35.9741651],[139.068432,35.9741948],[139.0683547,35.9742566]]],[[[139.0673324,35.9707571],[139.0673295,35.9707556],[139.0672943,35.9707961],[139.067235,35.9708713],[139.0672092,35.9708966],[139.0671735,35.970904],[139.0671649,35.9709049],[139.0671076,35.9709115],[139.0669697,35.970929],[139.0669548,35.9709452],[139.0669693,35.9709529],[139.0670151,35.9709789],[139.0670761,35.9710134],[139.0671634,35.9710615],[139.0672014,35.9710824],[139.0672732,35.9711156],[139.0672748,35.9711164],[139.0672854,35.9711226],[139.0673343,35.9711509],[139.067394,35.9711855],[139.0674534,35.9712203],[139.0674596,35.971224],[139.0674649,35.9712281],[139.0674783,35.9712385],[139.0675145,35.9712597],[139.0676232,35.9713181],[139.0676609,35.971338],[139.0677101,35.9713657],[139.067721,35.9713724],[139.0677244,35.9713702],[139.0677214,35.9713634],[139.0676758,35.9712936],[139.0676176,35.9712004],[139.0675583,35.9711104],[139.0675509,35.971099],[139.0674892,35.9710029],[139.0674887,35.9710022],[139.0674791,35.9709874],[139.06746,35.9709577],[139.0674522,35.9709456],[139.0674188,35.9708927],[139.067373,35.9708203],[139.0673324,35.9707571]]],[[[139.0649978,35.9684706],[139.0649853,35.9684645],[139.064977,35.9684726],[139.0649302,35.9685254],[139.0649288,35.968527],[139.0648771,35.968583],[139.0648512,35.9686118],[139.06484,35.9686243],[139.0648392,35.9686253],[139.0647926,35.968669],[139.0647545,35.9687035],[139.0647593,35.9687287],[139.0648901,35.96884],[139.0649618,35.9688944],[139.064969,35.9688996],[139.0650198,35.9689364],[139.0650568,35.9689644],[139.0650629,35.9689666],[139.0650708,35.9689667],[139.0650757,35.9689653],[139.0650827,35.9689625],[139.0650867,35.9689605],[139.0651076,35.9689385],[139.0651154,35.9689287],[139.06514,35.9688988],[139.0651597,35.9688732],[139.0651651,35.9688665],[139.065173,35.9688573],[139.0652106,35.9688144],[139.0652342,35.9687812],[139.0652574,35.9687551],[139.065272,35.968736],[139.065273,35.9687298],[139.0652723,35.9687246],[139.0652693,35.9687184],[139.0652648,35.9687097],[139.0652516,35.9686938],[139.0652298,35.9686714],[139.065188,35.9686285],[139.0651771,35.9686172],[139.0651055,35.9685422],[139.0650795,35.9685193],[139.0650721,35.9685127],[139.0650636,35.9685065],[139.0650448,35.968496],[139.0649978,35.9684706]]],[[[139.0677332,35.9749248],[139.0676803,35.9749009],[139.0676326,35.9748787],[139.0675022,35.9748186],[139.0674873,35.9748357],[139.0673778,35.9749614],[139.0673457,35.9749858],[139.067343,35.9749914],[139.0673397195876,35.975],[139.0677095441156,35.975],[139.0677389,35.9749344],[139.0677332,35.9749248]]],[[[139.064445,35.9693873],[139.0644453,35.9693875],[139.0644688,35.9693694],[139.0644584,35.9693602],[139.0644464,35.9693495],[139.0643698,35.9692935],[139.0642364,35.9691946],[139.064211,35.9692119],[139.064114,35.96928],[139.0641082,35.9692841],[139.0640873,35.9692989],[139.063964,35.9693845],[139.0639569,35.9693893],[139.0639533,35.9693917],[139.0639015,35.9694269],[139.0638764,35.969444],[139.0638746,35.9694451],[139.0638336,35.9694743],[139.0637534,35.9695259],[139.0637204,35.9695472],[139.0637153,35.9695517],[139.0637184,35.9695549],[139.0637078,35.9695633],[139.0637106,35.9695654],[139.0637979,35.9696294],[139.0639049,35.9697089],[139.0639185,35.9697189],[139.0639811,35.9696877],[139.0640227,35.9696627],[139.0640686,35.9696338],[139.0640956,35.9696142],[139.0641379,35.9695833],[139.0641706,35.969561],[139.064187,35.9695501],[139.0641886,35.9695491],[139.0641915,35.969547],[139.064232,35.9695206],[139.0642803,35.9694912],[139.0642836,35.9694892],[139.0643303,35.9694634],[139.064342,35.9694563],[139.0643786,35.9694341],[139.0644413,35.9693845],[139.0644447,35.9693871],[139.064445,35.9693873]]],[[[139.0669414,35.9688628],[139.0669627,35.9688796],[139.0670165,35.9689243],[139.0670438,35.9689464],[139.0670558,35.9689568],[139.0670582,35.9689588],[139.0670605,35.9689538],[139.0670651,35.9689465],[139.0670816,35.9689316],[139.0670974,35.9689149],[139.0671375,35.9688781],[139.0671569,35.9688603],[139.0671849,35.9688351],[139.0672038,35.9688177],[139.0672475,35.9687788],[139.0672401,35.9687709],[139.067186,35.9687195],[139.0671647,35.9686993],[139.067151,35.968687],[139.0671256,35.9686641],[139.0670662,35.9686203],[139.0669979,35.9685728],[139.0669695,35.9685613],[139.0669611,35.9685578],[139.0669507,35.9685553],[139.0669471,35.9685544],[139.0669074,35.9685449],[139.066828,35.968507],[139.0667356,35.9684629],[139.066704,35.9684564],[139.0666199,35.9684231],[139.0665646,35.9684018],[139.0665008,35.9683774],[139.066456,35.9683577],[139.0663827,35.9683305],[139.0663131,35.9683074],[139.0662911,35.9683278],[139.0662971,35.968333],[139.0663129,35.9683468],[139.0663352,35.9683649],[139.0663792,35.9684004],[139.0664477,35.9684584],[139.0664712,35.968478],[139.0664867,35.9684908],[139.0665946,35.9685796],[139.0666492,35.9686238],[139.0666887,35.9686565],[139.0667215,35.9686854],[139.0667432,35.9687032],[139.0667532,35.9687118],[139.0667591,35.9687167],[139.0667866,35.9687399],[139.0668363,35.9687792],[139.066846,35.9687868],[139.0669019,35.9688317],[139.0669197,35.9688458],[139.0669414,35.9688628]]],[[[139.0679903,35.9738623],[139.0679325,35.9738712],[139.067907,35.9738758],[139.0677165,35.9739217],[139.0677156,35.9739219],[139.0677368,35.9739393],[139.0680232,35.9741702],[139.0681843,35.9742989],[139.0681897,35.9743032],[139.0681907,35.9743025],[139.0681913,35.974303],[139.0682203,35.9742785],[139.068335,35.9741813],[139.0684377,35.9740942],[139.0685047,35.9740367],[139.0685045,35.9740282],[139.0685011,35.9740214],[139.0684683,35.9740002],[139.0683699,35.9739361],[139.0682002,35.9738384],[139.0681873,35.9738307],[139.0681775,35.9738289],[139.0681741,35.9738291],[139.0681659,35.9738299],[139.0681631,35.9738305],[139.0681258,35.9738378],[139.0680714,35.9738499],[139.0679903,35.9738623]]],[[[139.0694794,35.973242],[139.0694789,35.9732425],[139.0694467,35.9732763],[139.0694123,35.9733124],[139.0693735,35.9733559],[139.0693538,35.9733781],[139.0693373,35.9733966],[139.0693271,35.9734139],[139.0693265,35.973415],[139.0693254,35.9734548],[139.0693267,35.97348],[139.0693272,35.9734821],[139.069355,35.9735087],[139.0693939,35.973546],[139.0694436,35.9735938],[139.0694875,35.9736405],[139.069515,35.9736697],[139.0695292,35.973683],[139.0695297,35.9736834],[139.0695699,35.9737232],[139.0695781,35.973731],[139.069604,35.9737555],[139.069635,35.9737867],[139.0696896,35.9738395],[139.0697124,35.9738616],[139.0697266,35.9738754],[139.0697268,35.9738756],[139.0697369,35.9738198],[139.0697358,35.9738133],[139.0697353,35.9738113],[139.0697136,35.9737134],[139.0697078,35.9736846],[139.0696984,35.9736384],[139.0696985,35.9735983],[139.0696984,35.9735669],[139.0697011,35.9735432],[139.0697122,35.9734836],[139.0697111,35.973431],[139.0697144,35.9734253],[139.0697146,35.9734239],[139.0697182,35.9733987],[139.069718,35.9733908],[139.0697177,35.9733836],[139.0697177,35.9733764],[139.0697295,35.9733609],[139.0697869,35.973307],[139.0697875,35.9733064],[139.0697939,35.973282],[139.0697942,35.9732809],[139.0698008,35.9732548],[139.0698119,35.9732326],[139.0699213,35.9730679],[139.0699281,35.9730577],[139.0699669,35.9729992],[139.0700083,35.9729225],[139.0699739,35.9729087],[139.069973,35.9729083],[139.0699713,35.972909],[139.0699053,35.9729364],[139.0698768,35.9729561],[139.0697575,35.9730382],[139.0697523,35.9730417],[139.0696285,35.9731244],[139.0696306,35.9731266],[139.0696279,35.9731286],[139.0696173,35.9731363],[139.0694934,35.9732291],[139.0694794,35.973242]]],[[[139.0744792,35.9743348],[139.0744226,35.9742966],[139.0743373,35.9742392],[139.0743322,35.9742345],[139.0743298,35.97423],[139.074329,35.9742285],[139.0743327,35.9742245],[139.0743964,35.9741545],[139.0743987,35.9741488],[139.0743982,35.974143],[139.0743959,35.9741384],[139.0743906,35.9741326],[139.0743696,35.9741201],[139.0743146,35.9740871],[139.0743036,35.9740791],[139.074299,35.9740742],[139.0742954,35.9740662],[139.0742939,35.9740597],[139.0742942,35.9740541],[139.0743122,35.9740313],[139.0743639,35.9739713],[139.0743718,35.9739625],[139.0743813,35.9739516],[139.0743861,35.9739406],[139.0743873,35.9739346],[139.0743694,35.9739253],[139.0743305,35.9739042],[139.0743302,35.9739041],[139.0743226,35.9739],[139.0742221,35.9738474],[139.0741884,35.9738309],[139.0741615,35.9738225],[139.0741592,35.9738218],[139.0741584,35.9738217],[139.0741562,35.9738212],[139.0741543,35.9738209],[139.0741484,35.9738265],[139.0741474,35.9738276],[139.0741411,35.9738368],[139.0741376,35.9738473],[139.0741301,35.9738712],[139.0741267,35.9738822],[139.0741212,35.9738957],[139.0740558,35.9740202],[139.0740442,35.9740434],[139.074032,35.9740668],[139.0740192,35.9740854],[139.0740063,35.9741074],[139.0739924,35.9741314],[139.0739852,35.9741465],[139.073979,35.974165],[139.0739764,35.9741801],[139.0739736,35.9742158],[139.0739747,35.9742701],[139.0739781,35.9743012],[139.0739843,35.9743289],[139.0739878,35.974339],[139.0739905,35.9743441],[139.0739969,35.9743488],[139.0740045,35.9743505],[139.0740135,35.9743489],[139.0740138,35.9743489],[139.0740253,35.9743447],[139.0740256,35.9743445],[139.0740514,35.9743306],[139.0740555,35.9743338],[139.0740648,35.9743415],[139.0740628,35.9743432],[139.0740237,35.9743758],[139.0740001,35.9743988],[139.0739986,35.9744005],[139.0739985,35.9744025],[139.0739992,35.9744052],[139.0741943,35.9745361],[139.074365,35.9746488],[139.0743661,35.9746491],[139.0743671,35.974649],[139.0743678,35.9746489],[139.0743714,35.9746461],[139.0743719,35.9746455],[139.0743733,35.9746441],[139.0743809,35.9746364],[139.0743821,35.9746349],[139.0743826,35.9746346],[139.0743909,35.9746298],[139.0744846,35.9745491],[139.0744949,35.97454],[139.0745344,35.9745053],[139.0746078,35.9744407],[139.0746065,35.9744187],[139.0745179,35.9743604],[139.0744889,35.9743412],[139.0744792,35.9743348]]],[[[139.0636881,35.9705583],[139.0636665,35.9705737],[139.0636286,35.9706008],[139.0636018,35.9706197],[139.0637014,35.9706983],[139.0638658,35.9708307],[139.0638746,35.9708378],[139.063882,35.9708329],[139.0638825,35.9708329],[139.0640202,35.9707465],[139.06411,35.9706965],[139.0641704,35.970663],[139.0642136,35.9706392],[139.0642341,35.9706278],[139.0642433,35.9706226],[139.0643787,35.9705458],[139.064409,35.97053],[139.0644665,35.9704965],[139.0645391,35.9704541],[139.0645146,35.9704276],[139.0644649,35.9703772],[139.0644235,35.9703306],[139.0643418,35.9702431],[139.0642643,35.9701608],[139.0642607,35.970157],[139.0642597,35.970156],[139.064249,35.9701637],[139.0642483,35.9701642],[139.0641831,35.970211],[139.0640827,35.9702819],[139.0640734,35.9702885],[139.0639981,35.970342],[139.0639967,35.970343],[139.0639356,35.9703855],[139.0639326,35.9703876],[139.0638516,35.9704436],[139.063847,35.9704467],[139.0638416,35.9704507],[139.0637828,35.9704921],[139.0637544,35.9705122],[139.0636881,35.9705583]]],[[[139.063095,35.968452],[139.0630904,35.9684507],[139.0630628,35.9684733],[139.0630481,35.9684873],[139.0630157,35.9685326],[139.0629656,35.9685999],[139.0629518,35.968618],[139.0629487,35.9686222],[139.0629075,35.9686764],[139.0628895,35.9687005],[139.0628522,35.96875],[139.0628038,35.9688124],[139.0627871,35.968834],[139.0627749,35.9688496],[139.0627528,35.9688778],[139.0627165,35.9689243],[139.0627061,35.9689376],[139.062697,35.9689493],[139.0626689,35.9689853],[139.0626036,35.9690628],[139.0625989,35.9690689],[139.0625973,35.9690711],[139.0626165,35.9690861],[139.0626208,35.969085],[139.0626212,35.9690849],[139.0626312,35.9690821],[139.0626798,35.9690676],[139.0626865,35.9690657],[139.0627306,35.9690525],[139.0627357,35.9690511],[139.062801,35.9690324],[139.0628504,35.9690179],[139.0628562,35.9690162],[139.0628856,35.9690081],[139.062926,35.9689971],[139.0629332,35.9689951],[139.0629654,35.9689861],[139.0629919,35.9689787],[139.0629922,35.9689786],[139.0630485,35.9689628],[139.0630488,35.9689627],[139.0630755,35.9689559],[139.06308,35.9689548],[139.0630844,35.9689537],[139.0631118,35.9689467],[139.0631122,35.9689466],[139.0631275,35.9689422],[139.0631278,35.9689421],[139.0631751,35.9689291],[139.0632281,35.9689145],[139.0632427,35.9689105],[139.063243,35.9689104],[139.063332,35.9688859],[139.0633435,35.9688828],[139.0634012,35.9688658],[139.0634206,35.96886],[139.0635607,35.9688207],[139.0635713,35.9688185],[139.0635736,35.968818],[139.0635819,35.9688136],[139.0635934,35.9688077],[139.0635937,35.9688076],[139.0636243,35.968773],[139.0636249,35.9687532],[139.0636119,35.9687347],[139.0634689,35.9686287],[139.0634156,35.9685893],[139.0634144,35.9685886],[139.0634129,35.9685875],[139.0634124,35.9685818],[139.0634047,35.9685764],[139.0633543,35.9685416],[139.063299,35.9685022],[139.0632642,35.9684956],[139.063236,35.9684903],[139.0631492,35.9684677],[139.063095,35.968452]]],[[[139.0685578,35.9699393],[139.0685584,35.9699381],[139.0685597,35.9699353],[139.068579,35.9698873],[139.0685896,35.9698613],[139.0685965,35.9698468],[139.0685979,35.9698437],[139.0686028,35.9698337],[139.0686116,35.9698127],[139.0686133,35.9698022],[139.0686151,35.9697913],[139.0686186,35.9697683],[139.0686226,35.9697424],[139.0686351,35.9696605],[139.0686437,35.9696161],[139.0686514,35.9695777],[139.0686541,35.9695508],[139.0686543,35.9694844],[139.0686533,35.9694716],[139.068653,35.9694671],[139.0686525,35.9694661],[139.0686518,35.9694657],[139.0686457,35.9694655],[139.0686453,35.9694655],[139.0685826,35.9694644],[139.0685822,35.9694644],[139.06854,35.9694664],[139.0684766,35.9694719],[139.0684762,35.9694719],[139.0684463,35.9694745],[139.0684459,35.9694745],[139.0683831,35.9694798],[139.0683595,35.9694838],[139.0683294,35.9694901],[139.0682764,35.9695073],[139.0682212,35.9695289],[139.0681799,35.9695451],[139.0681197,35.9695698],[139.0680951,35.9695822],[139.0680927,35.9695834],[139.0680726,35.9695938],[139.068055,35.969606],[139.0680537,35.9696071],[139.0680439,35.9696153],[139.0680299,35.9696278],[139.0680214,35.9696371],[139.0680125,35.9696493],[139.0679948,35.9696806],[139.0679882,35.9696994],[139.0679854,35.9697082],[139.067984,35.9697161],[139.0679844,35.9697235],[139.0679847,35.9697299],[139.0679862,35.9697344],[139.0680042,35.9697502],[139.068014,35.9697588],[139.0680371,35.9697773],[139.068137,35.9698573],[139.0681765,35.9698886],[139.0682302,35.9699407],[139.0682318,35.9699424],[139.0682809,35.9699982],[139.0683382,35.9700608],[139.0683558,35.9700838],[139.0683566,35.970085],[139.0683581,35.9700874],[139.0683824,35.9701294],[139.0684024,35.9701639],[139.0684388,35.9702553],[139.068469,35.9703306],[139.0684806,35.9703593],[139.068496,35.9703619],[139.0684967,35.9703593],[139.068512,35.9702992],[139.0685217,35.9702324],[139.0685224,35.970228],[139.0685215,35.9702141],[139.0685181,35.9701439],[139.0685199,35.9701195],[139.0685225,35.9701003],[139.0685266,35.9700697],[139.0685375,35.9700087],[139.0685391,35.9699801],[139.0685527,35.9699504],[139.0685558,35.9699437],[139.0685578,35.9699393]]],[[[139.0643832,35.9688121],[139.0641798,35.9690088],[139.0641768,35.9690116],[139.0641484,35.9690374],[139.0641429,35.9690516],[139.0641491,35.9690564],[139.0641544,35.9690603],[139.0642,35.9690928],[139.0642468,35.9691265],[139.0642629,35.9691378],[139.0643137,35.9691743],[139.0643369,35.9691912],[139.0644109,35.9692454],[139.0644945,35.9693088],[139.0645143,35.969322],[139.0645155,35.9693229],[139.0645271,35.9693223],[139.0645374,35.9693219],[139.064545,35.9693162],[139.0645704,35.9692977],[139.0645996,35.9692764],[139.0646948,35.9692068],[139.0647136,35.9691936],[139.0647868,35.9691489],[139.0648043,35.9691398],[139.0648317,35.9691254],[139.0648867,35.9690952],[139.0649384,35.969069],[139.0649618,35.9690571],[139.0649975,35.969037],[139.0650103,35.9690265],[139.0650318,35.9690076],[139.0650348,35.9690049],[139.0650363,35.9690035],[139.0650364,35.969002],[139.0650346,35.9689975],[139.0650324,35.9689933],[139.0650212,35.9689842],[139.0649666,35.9689402],[139.064924,35.968906],[139.0648846,35.9688731],[139.0648727,35.9688623],[139.0648338,35.9688294],[139.0648078,35.9688047],[139.0647485,35.9687492],[139.0647352,35.9687381],[139.064733,35.9687264],[139.064728,35.9687005],[139.0647782,35.9686592],[139.0648165,35.9686245],[139.0648491,35.9685927],[139.0648666,35.9685762],[139.0649053,35.9685296],[139.0649099,35.9685242],[139.064962,35.9684649],[139.0649663,35.9684582],[139.0649343,35.9684397],[139.064934,35.9684396],[139.0648459,35.9683971],[139.0648369,35.968398],[139.0648313,35.9683994],[139.0648247,35.9684017],[139.0648183,35.9684043],[139.0648144,35.9684067],[139.0648101,35.96841],[139.0648049,35.9684146],[139.0647248,35.9684938],[139.064719,35.9684993],[139.0646486,35.9685651],[139.0646104,35.968603],[139.0645922,35.9686161],[139.0645431,35.9686512],[139.0645331,35.9686617],[139.0645211,35.9686749],[139.0645087,35.9686885],[139.0645016,35.9686998],[139.0644963,35.9687063],[139.064493,35.9687105],[139.0644738,35.9687282],[139.0643832,35.9688121]]],[[[139.0640345,35.9690446],[139.0639542,35.9689869],[139.0638963,35.9689457],[139.0638661,35.9689248],[139.0638459,35.9689131],[139.0638302,35.9689062],[139.0638067,35.968897],[139.0638061,35.9688967],[139.0637878,35.9688905],[139.0637875,35.9688904],[139.0637732,35.9688858],[139.063757,35.9688824],[139.0637566,35.9688824],[139.0637506,35.9688815],[139.0637242,35.968878],[139.063684,35.9688732],[139.0636631,35.9688723],[139.0636473,35.9688727],[139.0636116,35.9688759],[139.0635947,35.9688777],[139.0635943,35.9688778],[139.0635779,35.9688807],[139.0635668,35.9688827],[139.0635665,35.9688827],[139.0635316,35.9688894],[139.0635114,35.9688942],[139.0634405,35.9689111],[139.063433,35.9689128],[139.063372,35.9689282],[139.0632245,35.9689672],[139.0631781,35.9689795],[139.0631778,35.9689796],[139.0631356,35.9689915],[139.063134,35.9690077],[139.0631386,35.9690042],[139.0632194,35.9690726],[139.0632426,35.9690917],[139.0632968,35.9691363],[139.0633433,35.9691767],[139.0633493,35.9691821],[139.0633525,35.9691849],[139.0634094,35.9692354],[139.0634139,35.9692394],[139.0634362,35.9692593],[139.0634584,35.9692791],[139.0634636,35.9692847],[139.0634993,35.9693343],[139.0635127,35.969353],[139.0635275,35.9693765],[139.0635537,35.9694106],[139.0636034,35.9694776],[139.0636382,35.9695066],[139.0636662,35.96953],[139.0636795,35.9695421],[139.0637402,35.9695009],[139.063842,35.9694318],[139.0639467,35.9693614],[139.0639865,35.9693337],[139.0640852,35.9692681],[139.0641417,35.9692306],[139.0641738,35.9692065],[139.0641901,35.9691943],[139.064194,35.9691913],[139.0641954,35.9691903],[139.0642129,35.9691771],[139.0641592,35.9691373],[139.0641285,35.9691144],[139.0640945,35.9690892],[139.0640345,35.9690446]]],[[[139.0696959,35.9716575],[139.0696884,35.9716658],[139.0696644,35.9716924],[139.0695141,35.9718582],[139.0693581,35.9720296],[139.0693052,35.9720923],[139.0692695,35.9721347],[139.0692631,35.9721446],[139.0692574,35.9721569],[139.0692562,35.9721693],[139.069258,35.9721795],[139.0692624,35.9721884],[139.0692758,35.9722066],[139.069288,35.9722197],[139.0693195,35.972246],[139.0694006,35.9723052],[139.0694556,35.9723464],[139.0694678,35.9723555],[139.0694949,35.9723739],[139.0695393,35.9724071],[139.0695919,35.972447],[139.0695978,35.9724516],[139.0696061,35.9724505],[139.0696124,35.9724477],[139.0696189,35.9724433],[139.0696256,35.9724355],[139.0697115,35.9723046],[139.0697694,35.9722144],[139.0698203,35.9721334],[139.069859,35.9720715],[139.0699555,35.9719129],[139.0700233,35.9718059],[139.0700263,35.9718014],[139.0700707,35.9717333],[139.0700685,35.9717156],[139.0700622,35.9717073],[139.070047,35.9717004],[139.0700338,35.9716944],[139.0700055,35.9716816],[139.0700187,35.9716635],[139.070021,35.9716643],[139.0700948,35.9716965],[139.0700981,35.9716916],[139.0701251,35.9716502],[139.0701315,35.9716311],[139.0701328,35.9716164],[139.0701261,35.9715957],[139.0701127,35.9715792],[139.0700949,35.9715713],[139.070057,35.9715572],[139.07005,35.9715546],[139.0700496,35.9715545],[139.0700223,35.9715453],[139.0699065,35.9715064],[139.06985,35.9714874],[139.0698463,35.971488],[139.0698334,35.9715029],[139.0698066,35.9715341],[139.0697859,35.971558],[139.0697849,35.9715592],[139.0696959,35.9716575]]],[[[139.0648661,35.9696708],[139.0649085,35.969721],[139.0649114,35.9697247],[139.0649308,35.9697494],[139.064949,35.9697727],[139.0650512,35.969904],[139.0650835,35.9699456],[139.065086,35.9699477],[139.0650878,35.9699487],[139.06509,35.9699495],[139.0650921,35.96995],[139.0650924,35.96995],[139.0650944,35.9699501],[139.0650948,35.9699501],[139.0650969,35.9699502],[139.0651006,35.9699499],[139.0651057,35.9699492],[139.0651061,35.9699491],[139.0651115,35.9699475],[139.0651315,35.969938],[139.0651486,35.9699255],[139.0651658,35.9699113],[139.0651798,35.9698955],[139.0651857,35.9698892],[139.0651879,35.9698869],[139.0652597,35.9698113],[139.0652735,35.9697983],[139.0652798,35.9697866],[139.0652854,35.9697568],[139.0652952,35.9696705],[139.0652973,35.9696376],[139.0653014,35.9696167],[139.065303,35.9696079],[139.0653089,35.9695933],[139.0653169,35.9695788],[139.0653243,35.9695696],[139.0653505,35.9695465],[139.0653731,35.969525],[139.0654125,35.9694899],[139.0654166,35.969485],[139.0654181,35.9694824],[139.0654201,35.9694791],[139.0654211,35.969476],[139.0654219,35.9694726],[139.0654218,35.96947],[139.0654213,35.9694672],[139.0654192,35.9694631],[139.0654167,35.9694599],[139.0653199,35.9693777],[139.0652987,35.9693598],[139.0652899,35.9693524],[139.0652834,35.9693471],[139.0652779,35.9693423],[139.0652402,35.9693114],[139.0651821,35.9692613],[139.0651738,35.9692666],[139.065171,35.9692641],[139.0651314,35.9692259],[139.0651067,35.9691962],[139.0650615,35.9691455],[139.0650238,35.9691048],[139.0650065,35.9690866],[139.0649851,35.9690817],[139.0649838,35.9690814],[139.0649801,35.969077],[139.0649545,35.9690905],[139.0649418,35.9690973],[139.0649054,35.9691165],[139.0648906,35.9691245],[139.064872,35.9691343],[139.0648658,35.9691376],[139.0648192,35.9691625],[139.0648021,35.9691728],[139.0647837,35.9691838],[139.0647804,35.969186],[139.0647687,35.969194],[139.0647485,35.9692079],[139.0647121,35.969233],[139.0647089,35.9692352],[139.0646803,35.9692571],[139.0645692,35.9693366],[139.0645596,35.9693439],[139.0645511,35.9693505],[139.0645521,35.9693515],[139.064559,35.9693579],[139.0645778,35.9693761],[139.0645858,35.9693839],[139.0645959,35.9693939],[139.0645962,35.9693941],[139.0646373,35.9694345],[139.0646487,35.9694458],[139.0646698,35.9694681],[139.0646925,35.9694922],[139.064697,35.9694969],[139.0647044,35.9695048],[139.0647697,35.9695691],[139.0647909,35.9695919],[139.0648072,35.9696093],[139.0648474,35.9696487],[139.0648545,35.9696571],[139.0648661,35.9696708]]],[[[139.0749604,35.9746951],[139.075,35.97464497567568],[139.075,35.97425712025149],[139.0748565,35.9741782],[139.0748143,35.974155],[139.0748041,35.9741489],[139.0747921,35.9741498],[139.0747887,35.97415],[139.0747014,35.9741017],[139.0746974,35.9740955],[139.0746971,35.9740954],[139.0746576,35.9740743],[139.0746491,35.9740697],[139.0745395,35.9740097],[139.0745392,35.9740095],[139.0744694,35.9739729],[139.0744367,35.973954],[139.0744308,35.9739562],[139.0744241,35.9739602],[139.0744186,35.9739638],[139.0744084,35.9739744],[139.0743421,35.9740461],[139.0743389,35.9740527],[139.0743378,35.9740579],[139.0743406,35.9740634],[139.0743455,35.9740688],[139.074447,35.9741253],[139.0744531,35.9741319],[139.0744567,35.9741387],[139.0744562,35.9741443],[139.0743971,35.9742161],[139.0743947,35.9742229],[139.0743936,35.9742282],[139.0743969,35.9742346],[139.0744009,35.9742408],[139.0744476,35.9742727],[139.0745397,35.9743326],[139.0746647,35.9744163],[139.0746661,35.9744425],[139.0745328,35.9745535],[139.0745304,35.9745556],[139.0744209,35.9746515],[139.0744179,35.9746577],[139.0744175,35.9746588],[139.0744171,35.974659],[139.0744096,35.9746668],[139.0744082,35.9746683],[139.0744062,35.9746703],[139.0744038,35.974673],[139.0744036,35.9746737],[139.0744039,35.9746744],[139.0744051,35.9746753],[139.0747456,35.9749002],[139.0747468,35.9749009],[139.0747476,35.9749011],[139.0747487,35.9749013],[139.0747495,35.9749012],[139.0747504,35.9749002],[139.0747517,35.9748988],[139.0747586,35.9748916],[139.0747592,35.9748909],[139.0747603,35.9748898],[139.0747639,35.9748859],[139.0747775,35.9748728],[139.0748479,35.9748066],[139.0748497,35.9748047],[139.0749,35.9747574],[139.0749604,35.9746951]]],[[[139.0687908,35.9711029],[139.0687952,35.9711134],[139.0688163,35.971163],[139.0688219,35.9711765],[139.068858,35.9712628],[139.0688839,35.9713248],[139.0689396,35.971468],[139.0689418,35.9714738],[139.0689468,35.9714868],[139.0689559,35.97149],[139.0689682,35.9714833],[139.0690773,35.9714244],[139.0690834,35.9714211],[139.069106,35.9714106],[139.0691118,35.9714078],[139.0691179,35.9714041],[139.0691364,35.9713824],[139.0691613,35.9713501],[139.0692039,35.9712923],[139.0692378,35.9712401],[139.0692565,35.9712112],[139.0692887,35.9711643],[139.069293,35.9711648],[139.069299,35.9711655],[139.0693034,35.9711608],[139.0693281,35.9711251],[139.069342,35.9710985],[139.0693436,35.9710951],[139.0693319,35.971075],[139.0693266,35.9710723],[139.0692712,35.9710439],[139.0692201,35.9710177],[139.0692004,35.971007],[139.0691661,35.9709884],[139.0691216,35.9709653],[139.0691002,35.9709542],[139.0690945,35.9709333],[139.0691111,35.9709011],[139.0691264,35.9708751],[139.0691328,35.9708639],[139.0691762,35.970792],[139.0692105,35.9707336],[139.0692011,35.9707187],[139.0691821,35.9707108],[139.0690389,35.9706498],[139.068959,35.970615],[139.0689587,35.9706148],[139.068875,35.9705749],[139.0688576,35.9705662],[139.0687854,35.9705302],[139.0687695,35.970524],[139.0686856,35.9704919],[139.0686127,35.9704629],[139.0686124,35.9704628],[139.0685982,35.9704573],[139.0685926,35.9704559],[139.0685869,35.9704551],[139.0685414,35.9704501],[139.068541,35.97045],[139.0685394,35.9704499],[139.0685385,35.9704499],[139.0685312,35.9704494],[139.0685242,35.9704582],[139.0685292,35.9704761],[139.0685413,35.9705109],[139.0685449,35.9705226],[139.0685515,35.9705393],[139.0685559,35.9705505],[139.0686111,35.9706912],[139.0686657,35.9708141],[139.0686844,35.9708569],[139.0686984,35.9708866],[139.0687062,35.9709031],[139.0687768,35.9710701],[139.0687908,35.9711029]]],[[[139.0639189,35.9697672],[139.0639172,35.9697672],[139.06391,35.9697672],[139.0639078,35.9697677],[139.0638981,35.9697696],[139.0638602,35.9697973],[139.0638086,35.9698336],[139.0637885,35.9698489],[139.0637793,35.9698559],[139.0637659,35.969866],[139.0637626,35.9698685],[139.0637316,35.9698911],[139.0636838,35.969926],[139.0636277,35.9699674],[139.06361,35.9699839],[139.0636082,35.9699855],[139.0635951,35.9699972],[139.0635598,35.9700281],[139.0635481,35.9700386],[139.0635092,35.9700732],[139.0634587,35.9701272],[139.0634344,35.9701526],[139.0633697,35.9702205],[139.0633248,35.9702664],[139.0632761,35.9703204],[139.0632707,35.9703261],[139.0632542,35.9703432],[139.0632542,35.970344],[139.0632805,35.9703653],[139.0632863,35.9703701],[139.063296,35.9703777],[139.0633819,35.9704449],[139.0633861,35.9704482],[139.0634386,35.9704899],[139.0635763,35.9705991],[139.0635791,35.9706014],[139.0637343,35.9704918],[139.0637831,35.970457],[139.0637842,35.9704562],[139.0638343,35.9704229],[139.0638467,35.9704144],[139.0639111,35.9703697],[139.0639867,35.9703164],[139.0640402,35.9702772],[139.0640702,35.9702552],[139.064112,35.9702257],[139.0641287,35.9702139],[139.0642315,35.9701345],[139.0642325,35.9701257],[139.0641362,35.9700131],[139.0641203,35.9699946],[139.0641002,35.969971],[139.0640649,35.9699295],[139.064045,35.9699063],[139.0640115,35.9698677],[139.0639895,35.9698421],[139.0639784,35.9698295],[139.0639412,35.9697872],[139.063926,35.9697706],[139.0639189,35.9697672]]],[[[139.0693377,35.9711524],[139.0693365,35.9711545],[139.0693241,35.9711712],[139.0693159,35.9711816],[139.0692348,35.9712827],[139.0692302,35.9712941],[139.0691924,35.9713545],[139.0691612,35.9713961],[139.0691202,35.9714379],[139.0691184,35.9714389],[139.0691179,35.9714392],[139.0690579,35.9714825],[139.06898,35.9715211],[139.0689674,35.9715408],[139.0689711,35.9715505],[139.068976,35.9715635],[139.0690115,35.9716499],[139.0690229,35.9716778],[139.0690758,35.9717986],[139.0690813,35.971811],[139.0690836,35.9718164],[139.0691144,35.9718811],[139.0691432,35.9719497],[139.0691751,35.9720225],[139.0692075,35.9720952],[139.0692144,35.9721031],[139.0692245,35.9721055],[139.0692352,35.9721049],[139.0692485,35.9720989],[139.0693255,35.9720144],[139.0694815,35.9718429],[139.0696318,35.9716771],[139.0696503,35.971656],[139.0696607,35.9716441],[139.0697497,35.9715422],[139.0697869,35.9714919],[139.0696585,35.9714215],[139.0696659,35.9714125],[139.069756,35.9714616],[139.0698002,35.9714856],[139.0698416,35.9714316],[139.0698533,35.9714127],[139.0698931,35.9713496],[139.0698775,35.9713407],[139.0698503,35.9713302],[139.0697478,35.9712905],[139.0697314,35.9712841],[139.0697311,35.971284],[139.069534,35.9711991],[139.0695307,35.9711886],[139.0695047,35.9711739],[139.0694875,35.9711643],[139.0693729,35.9710999],[139.0693666,35.9711015],[139.0693633,35.9711071],[139.0693377,35.9711524]]],[[[139.0716898,35.9716979],[139.0717586,35.9716499],[139.0717939,35.9716253],[139.071867,35.9715749],[139.071898,35.9715536],[139.0719754,35.9715396],[139.0719758,35.9715395],[139.0720084,35.9715321],[139.0720762,35.9715167],[139.0720746,35.9715081],[139.072067,35.9714936],[139.0720413,35.9714734],[139.0720108,35.9714468],[139.0719826,35.9714315],[139.0719501,35.9714189],[139.0718879,35.9713739],[139.0718221,35.9713234],[139.0717685,35.9712815],[139.0717619,35.9712763],[139.0717615,35.9712759],[139.0717475,35.9712645],[139.0717451,35.971259],[139.0717412,35.9712457],[139.0717374,35.9712426],[139.0717304,35.9712599],[139.0717169,35.9712934],[139.0717062,35.9713173],[139.0716916,35.9713453],[139.0716406,35.971328],[139.0716545,35.9713009],[139.0716643,35.9712786],[139.0716819,35.9712351],[139.0716842,35.9712233],[139.0716873,35.9712071],[139.0716853,35.9711947],[139.0716821,35.9711751],[139.0716749,35.9711432],[139.071646,35.9710682],[139.0716299,35.9710368],[139.0716192,35.9710223],[139.0716124,35.9710132],[139.0715499,35.9710673],[139.0715221,35.9710935],[139.0714467,35.9711647],[139.071426,35.9711841],[139.0713496,35.971256],[139.0713146,35.9712882],[139.0712354,35.9713611],[139.0710107,35.9715326],[139.0709452,35.9715836],[139.0709286,35.9716089],[139.0709333,35.97163],[139.0709349,35.9716369],[139.0709929,35.9716798],[139.0709977,35.9716833],[139.0710058,35.9716813],[139.0710542,35.9716389],[139.0711306,35.9715739],[139.0711522,35.9715948],[139.0710371,35.9716888],[139.071029,35.9716993],[139.0710286,35.9717017],[139.0710279,35.9717057],[139.0710663,35.9717341],[139.0710957,35.9717558],[139.0710994,35.9717558],[139.0710999,35.9717558],[139.0711166,35.9717493],[139.071117,35.9717492],[139.0711364,35.9717335],[139.0712129,35.9716731],[139.0712362,35.9716976],[139.071147,35.9717719],[139.0711434,35.9717767],[139.0711423,35.9717831],[139.0711429,35.9717907],[139.0712591,35.9718767],[139.0713222,35.971921],[139.0713767,35.9719163],[139.0714525,35.9718634],[139.071464,35.9718554],[139.0715617,35.9717875],[139.0716191,35.9717473],[139.0716898,35.9716979]]],[[[139.0639863,35.9689372],[139.0640045,35.96895],[139.0640515,35.9689847],[139.0640759,35.9690027],[139.0640842,35.9690087],[139.0641155,35.9690316],[139.0641262,35.9690211],[139.064154,35.9689956],[139.0641563,35.9689933],[139.0641957,35.9689555],[139.0643605,35.9687963],[139.0643887,35.9687702],[139.0643004,35.9687069],[139.0643,35.9687066],[139.0643148,35.9686935],[139.0644031,35.9687566],[139.0644691,35.9686957],[139.0644757,35.9686876],[139.0644799,35.9686808],[139.0644815,35.9686735],[139.0644804,35.968666],[139.0644754,35.9686583],[139.0644986,35.9686311],[139.0645057,35.9686295],[139.0645121,35.9686266],[139.0645794,35.9685781],[139.0646156,35.9685424],[139.0646646,35.9684966],[139.0646762,35.9684858],[139.0646916,35.9684712],[139.0647076,35.9684554],[139.0647715,35.9683923],[139.0647762,35.9683856],[139.0647772,35.968383],[139.064778,35.9683797],[139.0647783,35.9683757],[139.0647779,35.9683735],[139.0647767,35.9683705],[139.0647741,35.968366],[139.0647436,35.9683521],[139.0646699,35.9683214],[139.0646471,35.9683124],[139.0646157,35.9683004],[139.0645651,35.9682799],[139.0645127,35.9682579],[139.0644983,35.9682536],[139.0644726,35.9682427],[139.0644386,35.9682282],[139.0643693,35.9681989],[139.0643425,35.9681875],[139.0643422,35.9681874],[139.0641929,35.9681224],[139.0641925,35.9681224],[139.0641799,35.9681229],[139.0641503,35.968181],[139.0641338,35.9682217],[139.064126,35.9682448],[139.0640923,35.9682953],[139.0640771,35.9683181],[139.064076,35.9683198],[139.0640488,35.9683525],[139.0640322,35.9683712],[139.0639881,35.968421],[139.0639634,35.9684478],[139.0639444,35.9684686],[139.0639348,35.9684793],[139.0638926,35.9685264],[139.0638825,35.9685368],[139.0638503,35.9685703],[139.063847,35.9685737],[139.0638074,35.968615],[139.0637951,35.96863],[139.0637656,35.9686616],[139.0637578,35.9686699],[139.0637055,35.9687258],[139.0636989,35.968733],[139.0637035,35.9687363],[139.0637054,35.9687377],[139.063754,35.9687719],[139.0638453,35.9688368],[139.0639396,35.9689034],[139.0639746,35.9689289],[139.0639863,35.9689372]]],[[[139.0718383,35.972865],[139.071928,35.9728044],[139.0719535,35.9727866],[139.0719549,35.9727768],[139.0719508,35.9727699],[139.0719348,35.9727577],[139.0719136,35.9727453],[139.0718883,35.972732],[139.0719008,35.9727158],[139.0719472,35.9727377],[139.0719481,35.972738],[139.0719527,35.9727402],[139.0719783,35.9727481],[139.0719824,35.9727494],[139.0719917,35.9727495],[139.0719921,35.9727494],[139.0720088,35.9727474],[139.0720374,35.9727272],[139.0720604,35.9727112],[139.0720752,35.9726988],[139.0720809,35.9726911],[139.0720719,35.9726782],[139.0720367,35.9726401],[139.0719635,35.9725716],[139.0718798,35.9724959],[139.0718749,35.972492],[139.071873,35.9724827],[139.0718694,35.9724791],[139.0717516,35.9723723],[139.0716192,35.9722555],[139.0715919,35.9722754],[139.0715676,35.9722933],[139.0715404,35.9722686],[139.0715791,35.9722354],[139.0715802,35.9722181],[139.0715072,35.9721489],[139.0714887,35.9721324],[139.0713545,35.9720128],[139.0713017,35.9719674],[139.071288,35.9719682],[139.0712848,35.9719706],[139.0712489,35.9719966],[139.0711695,35.9720608],[139.071148,35.9720783],[139.0711142,35.9721057],[139.0710741,35.9721386],[139.0710451,35.972163],[139.0709794,35.9722156],[139.0709643,35.9722282],[139.0709424,35.9722513],[139.0709421,35.9722535],[139.0709402,35.9722678],[139.0709533,35.9722812],[139.0709703,35.9722987],[139.070971,35.9722993],[139.0709879,35.9723163],[139.071026,35.9723543],[139.0710838,35.9724013],[139.0711966,35.9725031],[139.0712573,35.9725517],[139.0713394,35.9726185],[139.0714098,35.9726798],[139.0714193,35.9726828],[139.0714298,35.9726798],[139.0714302,35.9726798],[139.0714369,35.9726753],[139.0715304,35.9725921],[139.071571,35.9725495],[139.0716028,35.9724997],[139.0716196,35.9725097],[139.0715894,35.9725564],[139.0715461,35.9726084],[139.0714549,35.9726967],[139.0714522,35.9727028],[139.071451,35.972714],[139.0714565,35.9727234],[139.0714628,35.9727306],[139.0716793,35.9729408],[139.0716985,35.9729594],[139.0717042,35.9729606],[139.071758,35.9729231],[139.0718383,35.972865]]],[[[139.0694734,35.9704958],[139.0695022,35.9704818],[139.0695191,35.9704707],[139.0695279,35.9704619],[139.0695394,35.9704449],[139.0695564,35.9704133],[139.0695677,35.9703819],[139.0695717,35.970367],[139.069599,35.9702943],[139.0696035,35.9702795],[139.0696051,35.9702708],[139.0696034,35.9702702],[139.0696037,35.9702694],[139.069604,35.9702688],[139.0695967,35.9702651],[139.0695379,35.9702402],[139.0694842,35.9702166],[139.069476,35.9702125],[139.0694296,35.9701899],[139.069339,35.9701442],[139.0692176,35.9700832],[139.0691086,35.9700277],[139.0690378,35.9699964],[139.0689775,35.969972],[139.068854,35.9699254],[139.0687561,35.9698903],[139.0687362,35.969884],[139.0687337,35.9698832],[139.0686957,35.9698712],[139.0686473,35.969853],[139.0686429,35.9698514],[139.0686338,35.9698526],[139.0686289,35.9698621],[139.0686239,35.9698715],[139.0686176,35.969885],[139.0686024,35.9699174],[139.0685903,35.9699433],[139.0685726,35.9699832],[139.0685688,35.9699988],[139.068558,35.970058],[139.0685501,35.9701251],[139.068549,35.9701447],[139.068548,35.970163],[139.0685467,35.9701878],[139.0685498,35.9702395],[139.0685483,35.9702677],[139.0685396,35.9703033],[139.0685173,35.970396],[139.0685185,35.9704217],[139.0685435,35.9704249],[139.0685599,35.9704262],[139.0685604,35.9704262],[139.068566,35.9704266],[139.0686032,35.9704352],[139.0686035,35.9704353],[139.0686276,35.9704418],[139.0686984,35.9704696],[139.0687365,35.9704857],[139.0687377,35.9704858],[139.0687417,35.970486],[139.0687948,35.9705105],[139.0688211,35.9705243],[139.0688874,35.9705588],[139.0689713,35.9705969],[139.0690077,35.9706142],[139.0690506,35.9706347],[139.0691669,35.9706833],[139.0691826,35.970689],[139.0691948,35.9706934],[139.0692101,35.9707004],[139.0692277,35.970702],[139.0692354,35.9706969],[139.0692427,35.9706929],[139.0692665,35.9706703],[139.0693054,35.9706308],[139.0693155,35.970621],[139.0693922,35.9705465],[139.0694102,35.9705327],[139.0694178,35.9705281],[139.0694587,35.9705031],[139.0694731,35.970496],[139.0694734,35.9704958]]],[[[139.0625723,35.9691515],[139.0625,35.969171356478405],[139.0625,35.9693835],[139.062527,35.9694033],[139.0625424,35.9694147],[139.0625624,35.9694294],[139.0625979,35.9694541],[139.0626334,35.9694761],[139.0626878,35.9695165],[139.0627366,35.9695521],[139.0627434,35.9695571],[139.062778,35.9695779],[139.0628076,35.9695917],[139.0628464,35.9696069],[139.0629087,35.9696334],[139.0629603,35.9696501],[139.0629607,35.9696502],[139.0629707,35.9696535],[139.0629767,35.9696522],[139.0629808,35.9696506],[139.0629841,35.9696486],[139.0630525,35.9695683],[139.0630594,35.9695576],[139.0630618,35.9695526],[139.0630624,35.9695508],[139.0630627,35.9695478],[139.0630787,35.9695486],[139.0630794,35.9695487],[139.0630846,35.9695489],[139.0630843,35.9695539],[139.0630829,35.9695584],[139.0630797,35.9695648],[139.0630795,35.9695652],[139.0630715,35.9695776],[139.0630286,35.969628],[139.0630025,35.9696588],[139.0630015,35.9696654],[139.0630058,35.9696674],[139.0630545,35.9696899],[139.0630885,35.9697047],[139.0631072,35.9697128],[139.0631605,35.9697401],[139.0631818,35.9697516],[139.0632227,35.9697645],[139.0632546,35.9697745],[139.0632833,35.9697815],[139.0632852,35.969782],[139.0632856,35.969782],[139.0633214,35.9697866],[139.0633296,35.9697876],[139.0633468,35.9697878],[139.0633599,35.9697854],[139.0633603,35.9697854],[139.0633725,35.9697802],[139.0633777,35.9697774],[139.0633851,35.9697629],[139.0633878,35.9697606],[139.0634361,35.9697222],[139.0634717,35.9696936],[139.0634976,35.9696731],[139.0635166,35.969658],[139.0635495,35.9696321],[139.0635671,35.9696182],[139.0635807,35.9696099],[139.0636304,35.969574],[139.0636424,35.9695641],[139.0636431,35.9695549],[139.0636385,35.9695518],[139.0635739,35.9694952],[139.0634817,35.9693735],[139.0634549,35.9693354],[139.0634256,35.9692974],[139.0634,35.9692707],[139.06339,35.9692603],[139.0633847,35.9692549],[139.0633311,35.9692095],[139.0633017,35.9691846],[139.0632684,35.9691566],[139.0632273,35.9691221],[139.0632061,35.9691042],[139.0631669,35.9690708],[139.0631312,35.9690404],[139.0631177,35.9690289],[139.0631174,35.9690286],[139.0631059,35.9690198],[139.0630892,35.9690071],[139.063085,35.9690057],[139.0630728,35.969009],[139.0630692,35.96901],[139.062906,35.9690565],[139.0628933,35.9690601],[139.0628508,35.9690722],[139.0628505,35.9690723],[139.0628369,35.9690763],[139.0628345,35.9690817],[139.0629678,35.9691721],[139.0629543,35.969183],[139.0629473,35.969178],[139.0628215,35.9690853],[139.062815,35.9690826],[139.0627709,35.9690953],[139.0626393,35.9691331],[139.0626372,35.9691337],[139.0625933,35.9691457],[139.0625723,35.9691515]]],[[[139.0648005,35.9683524],[139.0648146,35.9683591],[139.0648758,35.9683893],[139.0648761,35.9683894],[139.0649689,35.9684355],[139.0650093,35.9684542],[139.065066,35.9684819],[139.0650684,35.9684834],[139.0650836,35.9684932],[139.0650883,35.9684965],[139.0650904,35.968498],[139.0650933,35.9685001],[139.0650982,35.9685054],[139.0651258,35.9685349],[139.0651349,35.9685447],[139.0651876,35.9686004],[139.0652075,35.9686206],[139.0652231,35.9686365],[139.0652363,35.96865],[139.0652664,35.9686807],[139.0652925,35.9687085],[139.0652953,35.9687091],[139.0652957,35.9687091],[139.0652985,35.9687094],[139.0652989,35.9687094],[139.0653026,35.968709],[139.0653095,35.9687067],[139.0653406,35.9686848],[139.0654019,35.9686411],[139.0654169,35.9686303],[139.0654531,35.9686041],[139.0654816,35.9685885],[139.0654923,35.9685831],[139.0655033,35.9685777],[139.0655501,35.9685466],[139.0656121,35.9685052],[139.0656314,35.9684939],[139.0656402,35.9684878],[139.0656381,35.9684816],[139.0656352,35.9684772],[139.0656297,35.9684711],[139.065623,35.9684654],[139.0656149,35.968458],[139.0656088,35.9684521],[139.0655704,35.968411],[139.065544,35.9683815],[139.0655289,35.9683644],[139.0655129,35.9683466],[139.0655086,35.9683417],[139.0654737,35.9682999],[139.0654703,35.9682961],[139.0654539,35.9682764],[139.0654273,35.9682443],[139.065422,35.9682402],[139.0653923,35.9682342],[139.0653895,35.968235],[139.0653627,35.968243],[139.0652531,35.9681797],[139.0652478,35.9681771],[139.065249,35.9681756],[139.0651973,35.968147],[139.0651957,35.9681486],[139.0651664,35.968132],[139.0651279,35.96811],[139.0651048,35.9680963],[139.0650859,35.9680839],[139.0650777,35.9680786],[139.0650643,35.96807],[139.0650494,35.9680605],[139.065029,35.9680467],[139.0650039,35.9680298],[139.0650009,35.9680271],[139.0649917,35.9680188],[139.0649879,35.9680152],[139.0649569,35.9679841],[139.0649403,35.9679658],[139.0649282,35.9679524],[139.0649241,35.9679479],[139.0649188,35.9679449],[139.064891,35.9679294],[139.0648399,35.9679018],[139.0648052,35.9678821],[139.0648015,35.9678803],[139.0647324,35.9678459],[139.0646752,35.9678166],[139.0646262,35.9677923],[139.0645709,35.9677663],[139.0645327,35.967747],[139.0644823,35.9677219],[139.0644726,35.967717],[139.0644522,35.9677397],[139.0644364,35.9677604],[139.0644077,35.9677991],[139.0643816,35.9678373],[139.064361,35.9678649],[139.0643421,35.9678943],[139.0642949,35.9679591],[139.0642596,35.9680085],[139.0642338,35.968045],[139.0642063,35.9680832],[139.0642106,35.9680955],[139.0643633,35.9681618],[139.0644102,35.9681822],[139.064411,35.9681826],[139.064456,35.968202],[139.0645228,35.9682304],[139.0645201,35.9682345],[139.0645603,35.9682514],[139.0646482,35.9682883],[139.0646815,35.9682999],[139.0646983,35.968307],[139.0647402,35.9683245],[139.0647574,35.9683324],[139.0647641,35.9683355],[139.0647881,35.9683465],[139.0648005,35.9683524]]],[[[139.0706433,35.9726562],[139.0706341,35.9726671],[139.0704835,35.9728506],[139.0704528,35.9728904],[139.0704535,35.9728905],[139.0704526,35.9728925],[139.0704908,35.9729027],[139.0705783,35.9729252],[139.0706282,35.9729379],[139.0706888,35.9729588],[139.0707293,35.9729753],[139.0707299,35.9729756],[139.0707488,35.9729833],[139.0707825,35.9730017],[139.070838,35.9730319],[139.0709355,35.9730907],[139.071013,35.9731381],[139.0710242,35.9731455],[139.0710543,35.9731671],[139.0710776,35.9731838],[139.0711041,35.9732033],[139.071141,35.9732306],[139.071215,35.9732852],[139.0712161,35.973286],[139.0712287,35.9732849],[139.0712291,35.973285],[139.0712503,35.9732711],[139.0713579,35.9731999],[139.0713632,35.9731965],[139.0714786,35.9731154],[139.071479,35.9731152],[139.0715041,35.9731008],[139.0715766,35.9730507],[139.071685,35.9729728],[139.07148,35.9727726],[139.0713936,35.9726919],[139.071342,35.9726473],[139.0713234,35.972631],[139.0712418,35.9725646],[139.0711513,35.9724922],[139.0710911,35.9724432],[139.0710637,35.9724169],[139.0710054,35.9723694],[139.0709735,35.9723378],[139.0709391,35.9723036],[139.0709366,35.972301],[139.0709195,35.9722843],[139.0709168,35.9722821],[139.0709111,35.9722901],[139.0709048,35.9722987],[139.0708977,35.9723091],[139.0708641,35.9723582],[139.0707936,35.9724607],[139.0707982,35.9724645],[139.0708561,35.9725122],[139.0708724,35.9725256],[139.0709615,35.9725993],[139.0710539,35.9726684],[139.071122,35.9727193],[139.0711245,35.9727212],[139.071217,35.9727895],[139.071327,35.9728704],[139.0712975,35.9728881],[139.0712312,35.9728347],[139.0712249,35.9728296],[139.0711943,35.9728215],[139.0710922,35.9727461],[139.0709303,35.9726251],[139.070852,35.9725661],[139.0708307,35.9725497],[139.0707676,35.9725006],[139.0707564,35.9725145],[139.0707331,35.9725468],[139.0707003,35.9725883],[139.0706785,35.9726142],[139.0706433,35.9726562]]],[[[139.0647563,35.9696485],[139.0647492,35.969641],[139.0647206,35.9696139],[139.0646684,35.9695611],[139.0645908,35.9694856],[139.064581,35.9694755],[139.064523,35.9694156],[139.0645216,35.9694142],[139.0645068,35.9694011],[139.0645042,35.9693987],[139.064471,35.96941],[139.0643983,35.9694595],[139.0643208,35.9695084],[139.0643175,35.9695106],[139.0642482,35.9695559],[139.0642367,35.9695635],[139.0642266,35.9695703],[139.0642086,35.9695825],[139.06413,35.9696351],[139.0641225,35.9696399],[139.0640887,35.9696618],[139.0640782,35.9696686],[139.0640227,35.9697068],[139.0639749,35.9697384],[139.0639718,35.9697405],[139.0639666,35.9697531],[139.0639867,35.969777],[139.0640245,35.9698222],[139.0640281,35.9698264],[139.0640457,35.9698473],[139.0640652,35.9698708],[139.0641093,35.969923],[139.0641418,35.969962],[139.0641462,35.9699673],[139.0641839,35.9700125],[139.0641996,35.9700306],[139.0642235,35.9700582],[139.0642547,35.9700942],[139.0642636,35.9701048],[139.0642814,35.9701259],[139.0642919,35.9701383],[139.0642934,35.9701402],[139.0642952,35.9701424],[139.0643754,35.9702281],[139.0644073,35.9702616],[139.064409,35.9702633],[139.0644547,35.9703114],[139.0644859,35.970345],[139.0645453,35.9704081],[139.0645798,35.9704149],[139.0645845,35.9704159],[139.0645996,35.9704032],[139.0646028,35.9704005],[139.0646091,35.9703942],[139.0646627,35.9703396],[139.0646747,35.9703271],[139.0646753,35.9703266],[139.0647015,35.9703],[139.064727,35.9702744],[139.0647527,35.9702482],[139.0647834,35.9702154],[139.0647837,35.9702152],[139.064784,35.9702149],[139.0648535,35.970139],[139.0648713,35.9701244],[139.0648813,35.9701164],[139.0648831,35.9701149],[139.0649068,35.9700963],[139.0649492,35.9700628],[139.0650108,35.9700146],[139.0650352,35.9699946],[139.0650325,35.9699906],[139.0650316,35.9699892],[139.0650289,35.9699904],[139.0649908,35.9699395],[139.0649867,35.9699342],[139.0649823,35.9699284],[139.0649275,35.9698556],[139.0649123,35.9698354],[139.0648825,35.9697944],[139.064878,35.9697887],[139.0648501,35.9697526],[139.0648322,35.9697315],[139.0648271,35.9697254],[139.0648072,35.969702],[139.0647596,35.969652],[139.0647563,35.9696485]]],[[[139.0625472,35.9694421],[139.0625374,35.9694355],[139.0625,35.96940824146341],[139.0625,35.96973661342592],[139.0625071,35.9697423],[139.0626117,35.9698266],[139.0626951,35.9698934],[139.062765,35.9699491],[139.0628255,35.9699975],[139.0629157,35.9700715],[139.0629248,35.9700789],[139.0632076,35.9703064],[139.0632206,35.9703168],[139.0632247,35.97032],[139.0632444,35.9702993],[139.0632954,35.9702472],[139.0634026,35.9701352],[139.0634614,35.9700705],[139.0635326,35.9700082],[139.0635996,35.9699474],[139.0636072,35.9699405],[139.0636108,35.9699379],[139.0636638,35.9698996],[139.0637255,35.9698549],[139.0637373,35.9698463],[139.0637772,35.9698188],[139.0637873,35.9698111],[139.0638194,35.969787],[139.0638708,35.9697481],[139.063878,35.9697427],[139.06388,35.9697338],[139.0638293,35.9696964],[139.0638104,35.9696821],[139.0638048,35.9696842],[139.0637995,35.9696869],[139.0637814,35.9697013],[139.063769,35.9697112],[139.0637304,35.9697371],[139.0636939,35.9697615],[139.0636764,35.9697442],[139.0637513,35.9696939],[139.0637605,35.9696819],[139.0637644,35.9696713],[139.0637672,35.9696615],[139.0637688,35.9696507],[139.0636811,35.9695875],[139.0636801,35.9695867],[139.0636755,35.9695837],[139.0636597,35.9695873],[139.0636528,35.969592],[139.0635406,35.9696768],[139.0634733,35.9697328],[139.0634541,35.9697485],[139.0634169,35.9697791],[139.063413,35.9697822],[139.0634149,35.9697917],[139.0634135,35.9697924],[139.0633898,35.9698041],[139.0633781,35.9698089],[139.063366,35.9698138],[139.0633508,35.9698155],[139.0633358,35.969817],[139.0632755,35.9698087],[139.0632721,35.9698077],[139.0632218,35.9697933],[139.0632125,35.9697905],[139.0631695,35.9697769],[139.0631672,35.96978],[139.0631657,35.9697793],[139.0631622,35.9697837],[139.0631569,35.9697808],[139.0631575,35.96978],[139.0631321,35.9697664],[139.063082,35.9697392],[139.063081,35.9697404],[139.0630758,35.9697376],[139.0630766,35.9697365],[139.06305,35.9697255],[139.0629674,35.9696895],[139.0629665,35.9696906],[139.0629613,35.9696877],[139.0629621,35.9696867],[139.0629652,35.9696829],[139.0629647,35.9696826],[139.0629637,35.9696823],[139.0629096,35.9696639],[139.0629083,35.9696635],[139.0628311,35.9696309],[139.0628304,35.9696306],[139.0627979,35.9696174],[139.0627757,35.9696078],[139.0627804,35.9696027],[139.0627544,35.9695869],[139.0627523,35.9695856],[139.0627486,35.9695833],[139.0627286,35.9695705],[139.0626171,35.9694908],[139.0625992,35.9694771],[139.0625498,35.9694438],[139.0625472,35.9694421]]],[[[139.0737274,35.9749748],[139.0737650262069,35.975],[139.074249274,35.975],[139.0742332,35.9749829],[139.0741626,35.9749117],[139.0741503,35.9748993],[139.0741369,35.974884],[139.0741274,35.9748662],[139.0741264,35.9748448],[139.0741316,35.9748261],[139.0741369,35.97481],[139.0741807,35.9748196],[139.0741758,35.9748345],[139.0741756,35.974835],[139.0741721,35.9748483],[139.0741725,35.9748578],[139.0741767,35.9748657],[139.0741866,35.9748769],[139.0741982,35.9748886],[139.0742347,35.9749255],[139.0742689,35.97496],[139.0743023,35.9749955],[139.07430652727274,35.975],[139.07466997534246,35.975],[139.0747099,35.9749565],[139.0747304,35.974934],[139.0747311,35.9749333],[139.0747336,35.9749292],[139.0747334,35.9749277],[139.0747332,35.9749245],[139.0747307,35.9749199],[139.0747291,35.9749182],[139.0745452,35.9747968],[139.0743475,35.9746662],[139.0743428,35.9746631],[139.074203,35.9745708],[139.0741942,35.974565],[139.0741998,35.9745606],[139.0741818,35.9745487],[139.0739936,35.9744225],[139.073984,35.9744162],[139.073981,35.9744145],[139.0739788,35.9744138],[139.073976,35.9744141],[139.0739753,35.9744142],[139.0739575,35.9744265],[139.0738633,35.9744947],[139.0738577,35.9744987],[139.0738508,35.9745037],[139.0738294,35.9745198],[139.0738185,35.974528],[139.0738078,35.9745184],[139.0737196,35.9745904],[139.0737219,35.9745923],[139.0737101,35.9746021],[139.0736625,35.9746409],[139.0736555,35.9746466],[139.0736395,35.9746598],[139.0735614,35.9747244],[139.0734705,35.974795],[139.0734838,35.9748036],[139.0734856,35.9748046],[139.0735248,35.9748306],[139.073628,35.9749057],[139.0737055,35.9749601],[139.0737274,35.9749748]]],[[[139.0684312,35.9706105],[139.0684485,35.9705891],[139.0684666,35.9705671],[139.0684824,35.9705425],[139.0684876,35.9705222],[139.0684877,35.9705192],[139.0684866,35.9705106],[139.0684813,35.9704882],[139.0684743,35.9704654],[139.0684543,35.9704056],[139.0684281,35.9703433],[139.0683957,35.9702686],[139.0683803,35.9702354],[139.0683737,35.970223],[139.0683526,35.9701822],[139.0683468,35.9701723],[139.0683115,35.9701133],[139.0682997,35.9700973],[139.0682819,35.9700748],[139.068236,35.9700225],[139.0682331,35.9700196],[139.0682329,35.9700194],[139.0681745,35.9699605],[139.0681233,35.969914],[139.0681159,35.9699081],[139.0681044,35.969892],[139.0681076,35.9698897],[139.0680054,35.9698039],[139.0679706,35.9697747],[139.0679107,35.9697258],[139.0678915,35.9697105],[139.0678877,35.9697096],[139.0678837,35.9697093],[139.0678785,35.9697092],[139.0678782,35.9697092],[139.0678664,35.9697105],[139.0678637,35.9697111],[139.0678615,35.9697116],[139.0678553,35.9697153],[139.0677907,35.9697825],[139.0677683,35.969807],[139.0677522,35.9698279],[139.067715,35.9698917],[139.0676866,35.9699436],[139.067662,35.9699963],[139.0676329,35.9700703],[139.0676204,35.9701075],[139.0676188,35.9701154],[139.0676133,35.9701418],[139.0676099,35.9701745],[139.0676085,35.9702025],[139.0676241,35.9703603],[139.067636,35.9704488],[139.067645,35.9704458],[139.0676568,35.9704396],[139.0676629,35.9704353],[139.0676701,35.9704274],[139.0676751,35.9704198],[139.0676992,35.9703767],[139.0677482,35.9704004],[139.0677268,35.9704223],[139.067702,35.9704446],[139.0676854,35.9704558],[139.0676696,35.9704644],[139.0676397,35.9704767],[139.0676908,35.9705171],[139.0677005,35.9705248],[139.0677997,35.9706056],[139.0678275,35.9706283],[139.0679129,35.9706951],[139.0679253,35.9707028],[139.0679266,35.9707034],[139.0679998,35.9707655],[139.0680279,35.9707878],[139.0680427,35.9707906],[139.0680431,35.9707907],[139.0680612,35.970783],[139.0681456,35.9707473],[139.0682043,35.9707206],[139.0682374,35.9707077],[139.06828,35.9706912],[139.0683695,35.9706569],[139.0684063,35.9706329],[139.0684312,35.9706105]]],[[[139.067037,35.9710324],[139.0670318,35.9710296],[139.0669474,35.9709833],[139.0669427,35.9709807],[139.0669249,35.970975],[139.0668798,35.9710252],[139.0667623,35.9711493],[139.0666996,35.9712147],[139.0666559,35.9712584],[139.0665219,35.9713806],[139.0665214,35.9713859],[139.066531,35.9713928],[139.0665567,35.9714114],[139.0666044,35.9714473],[139.0666216,35.971459],[139.0666888,35.9715049],[139.0667173,35.9715249],[139.0667485,35.9715469],[139.066763,35.971557],[139.0668409,35.9716117],[139.0669463,35.9716865],[139.0669493,35.9716887],[139.0670005,35.9717246],[139.0670099,35.9717312],[139.0670126,35.9717331],[139.0671409,35.9716114],[139.0671512,35.9716183],[139.0670229,35.9717403],[139.0670259,35.9717424],[139.0670312,35.9717461],[139.0670934,35.9717908],[139.067125,35.9718133],[139.0671559,35.9718353],[139.0672013,35.9718675],[139.0672448,35.9718999],[139.0672724,35.9719203],[139.067328,35.9719594],[139.0673373,35.9719528],[139.0673596,35.9719364],[139.0674101,35.9719013],[139.0674554,35.9718673],[139.0675158,35.971824],[139.0675176,35.9718254],[139.0675195,35.9718268],[139.0675623,35.9717984],[139.0675597,35.9717957],[139.0675592,35.9717952],[139.0675834,35.9717789],[139.067611,35.9717585],[139.0676554,35.9717281],[139.0676659,35.9717207],[139.0677157,35.9716891],[139.0677193,35.9716926],[139.0677411,35.9716773],[139.0677384,35.9716742],[139.067826,35.9716169],[139.0678276,35.9715929],[139.0678291,35.9715829],[139.0677956,35.9715357],[139.0677787,35.9715105],[139.0677472,35.9714662],[139.0677431,35.9714605],[139.0676917,35.9713998],[139.0676846,35.9713957],[139.0676185,35.9713565],[139.0675862,35.9713396],[139.067482,35.9712826],[139.0674679,35.9712855],[139.0674455,35.97129],[139.0674387,35.9712988],[139.0672174,35.9715556],[139.0672012,35.9715464],[139.0674014,35.9713138],[139.067422,35.9712899],[139.067444,35.9712615],[139.0674419,35.9712605],[139.067433,35.9712554],[139.0672452,35.9711502],[139.0672205,35.9711361],[139.0671761,35.9711107],[139.067163,35.9711032],[139.0671134,35.971075],[139.0670991,35.9710671],[139.067037,35.9710324]]],[[[139.0675733,35.9739485],[139.0675681,35.9739482],[139.0675677,35.9739482],[139.0675449,35.9739508],[139.0674867,35.9739679],[139.0674863,35.973968],[139.0674201,35.9739932],[139.0674182,35.9739966],[139.0676683,35.9741992],[139.06771,35.9742323],[139.0676693,35.974269],[139.0675244,35.9744018],[139.0674731,35.9743648],[139.0676002,35.9742481],[139.0675999,35.9742226],[139.0673822,35.9740465],[139.0673792,35.974046],[139.0673729,35.9740452],[139.0673295,35.9740392],[139.0671339,35.9741166],[139.0671335,35.9741167],[139.0671159,35.9741237],[139.0670328,35.9741558],[139.066915,35.9742006],[139.066863,35.9742194],[139.066775,35.9742512],[139.0666237,35.9743102],[139.0666081,35.9743164],[139.0666086,35.9743167],[139.0666104,35.9743182],[139.0666186,35.9743217],[139.0666386,35.97433],[139.066747,35.9743836],[139.0667885,35.9744035],[139.0667915,35.9744049],[139.066833,35.9744251],[139.066837,35.974427],[139.0669032,35.9744605],[139.066925,35.9744717],[139.067001,35.9745108],[139.0670726,35.9745475],[139.0670729,35.9745476],[139.0670832,35.9745529],[139.0671156,35.9745691],[139.0671294,35.9745767],[139.0671807,35.9746043],[139.0672586,35.9746462],[139.0672912,35.9746636],[139.0673271,35.9746831],[139.0674733,35.9747603],[139.0674886,35.9747683],[139.0675263,35.9747882],[139.067529,35.9747844],[139.067657,35.9748435],[139.0677052,35.9748656],[139.0677546,35.9748885],[139.0677599,35.9748909],[139.0677968,35.9748084],[139.0678731,35.9746337],[139.0679024,35.9745838],[139.0679184,35.9745591],[139.0679296,35.9745406],[139.0679517,35.9745106],[139.0679796,35.9744775],[139.0680209,35.9744379],[139.0680614,35.974403],[139.068107,35.9743632],[139.0679174,35.9742097],[139.0678487,35.9741542],[139.0678373,35.9741449],[139.0676371,35.9739829],[139.0676028,35.9739552],[139.0675819,35.9739488],[139.0675742,35.9739485],[139.0675733,35.9739485]]],[[[139.0738077,35.9744841],[139.0738187,35.974475],[139.0739262,35.9743972],[139.0739474,35.9743827],[139.0739527,35.9743748],[139.0739563,35.9743673],[139.0739603,35.9743554],[139.0739572,35.974334],[139.0739506,35.9743042],[139.073947,35.9742713],[139.0739458,35.9742153],[139.0739488,35.9741777],[139.0739516,35.9741605],[139.0739523,35.9741585],[139.0739593,35.9741364],[139.073968,35.9741187],[139.0739825,35.9740937],[139.0739959,35.9740708],[139.0740084,35.9740527],[139.0740197,35.9740311],[139.0740847,35.9738846],[139.0740892,35.9738734],[139.0740923,35.9738634],[139.0741,35.9738394],[139.0741048,35.973825],[139.0741035,35.9738182],[139.0740997,35.9738092],[139.0740989,35.9738089],[139.0740879,35.9738049],[139.0740596,35.9737961],[139.0740451,35.9737938],[139.0740278,35.9737909],[139.0740121,35.9737914],[139.0739538,35.9737971],[139.073882,35.9738051],[139.0738817,35.9738052],[139.0738487,35.9738098],[139.07381,35.9738176],[139.0737487,35.9738298],[139.0737483,35.9738299],[139.0737288,35.9738336],[139.0736982,35.9738394],[139.0736624,35.9738455],[139.0736211,35.9738498],[139.0736208,35.9738499],[139.0735916,35.9738506],[139.0735507,35.9738478],[139.0735323,35.9738465],[139.073532,35.9738465],[139.0734453,35.9738403],[139.0734405,35.9738399],[139.0734088,35.9738377],[139.0734003,35.9738392],[139.0734,35.9738393],[139.0733851,35.9738421],[139.0733824,35.9738436],[139.0733739,35.9738481],[139.0733728,35.9738492],[139.0733624,35.9738596],[139.0733213,35.9739101],[139.0732696,35.9739694],[139.0732501,35.97399],[139.0731732,35.9740811],[139.0731691,35.974087],[139.0731784,35.9740961],[139.0731886,35.974105],[139.0732282,35.9741383],[139.073246,35.9741525],[139.0732562,35.974164],[139.0732573,35.9741653],[139.0732616,35.9741702],[139.0732644,35.9741768],[139.0732663,35.9741865],[139.0732654,35.9742009],[139.0732598,35.9742192],[139.0732594,35.9742192],[139.0732435,35.974216],[139.0732489,35.9741989],[139.0732495,35.9741872],[139.0732483,35.9741802],[139.0732466,35.9741765],[139.0732426,35.9741717],[139.0732333,35.9741613],[139.0732164,35.9741479],[139.0731762,35.9741143],[139.0731657,35.974105],[139.0731604,35.9740999],[139.0731587,35.9741026],[139.0731323,35.974131],[139.0730322,35.9742392],[139.0729905,35.9742832],[139.0729868,35.9742871],[139.0729428,35.9743381],[139.0729086,35.9743799],[139.0728907,35.9744045],[139.0729531,35.9744457],[139.073031,35.9744984],[139.0730865,35.9745374],[139.0730956,35.9745449],[139.0731639,35.9744853],[139.0732397,35.9744207],[139.0732566,35.9744012],[139.0732594,35.9743953],[139.0732581,35.9743891],[139.0732531,35.9743789],[139.0732415,35.9743641],[139.0732317,35.9743552],[139.0732603,35.9743362],[139.0732966,35.974351],[139.0733081,35.97436],[139.0733082,35.9743603],[139.0733142,35.9743725],[139.0733147,35.9743848],[139.0733102,35.974395],[139.073304,35.9744022],[139.0732853,35.9744159],[139.0732415,35.9744517],[139.0731762,35.9745059],[139.0731192,35.9745611],[139.0731961,35.9746132],[139.0732712,35.9746638],[139.0733048,35.9746863],[139.0733138,35.9746929],[139.0733242,35.9747004],[139.0733878,35.9747435],[139.0734318,35.9747695],[139.073445,35.9747772],[139.0735381,35.9747052],[139.0736388,35.9746218],[139.0737206,35.9745551],[139.0738029,35.9744879],[139.0738077,35.9744841]]],[[[139.0644323,35.9669793],[139.0643223,35.9668721],[139.0642586,35.9667933],[139.0642583,35.9667928],[139.0642485,35.9667869],[139.0642344,35.9667804],[139.0642163,35.9667767],[139.0641946,35.9667752],[139.0641907,35.966775],[139.0641567,35.9667735],[139.0641564,35.9667735],[139.0641281,35.9667712],[139.064115,35.9667677],[139.0640952,35.9667598],[139.0640605,35.9667489],[139.0640486,35.9667468],[139.0640396,35.9667466],[139.0640358,35.9667465],[139.0640354,35.9667465],[139.0640229,35.9667479],[139.0640226,35.9667479],[139.0640018,35.9667505],[139.0640014,35.9667506],[139.0639805,35.9667524],[139.0639729,35.966753],[139.063958,35.9667533],[139.0639446,35.9667536],[139.0639074,35.9667556],[139.0639071,35.9667556],[139.063883,35.9667579],[139.0638602,35.9667603],[139.0638598,35.9667603],[139.0638379,35.9667642],[139.0638162,35.9667686],[139.0637947,35.9667736],[139.0637861,35.9667749],[139.0637765,35.9667757],[139.0637653,35.9667747],[139.063765,35.9667746],[139.0637545,35.9667725],[139.0637108,35.9667627],[139.0636892,35.9667579],[139.063685,35.9667587],[139.0636801,35.9667614],[139.0636756,35.9667655],[139.06367,35.9667707],[139.0636641,35.966776],[139.0636568,35.9667814],[139.0636434,35.9667882],[139.063638,35.9667897],[139.0636323,35.9667904],[139.0636319,35.9667904],[139.0636264,35.9667903],[139.0636108,35.9667891],[139.0636104,35.9667891],[139.0634737,35.9667734],[139.0634733,35.9667734],[139.0632139,35.9667244],[139.0631472,35.9667134],[139.0631404,35.9667134],[139.0631322,35.9667147],[139.0631318,35.9667147],[139.0631269,35.966716],[139.0631179,35.9667192],[139.0631176,35.9667193],[139.0631126,35.9667219],[139.0631021,35.9667283],[139.0630981,35.9667316],[139.0630952,35.9667506],[139.0630976,35.9667788],[139.0631004,35.9668206],[139.0631004,35.9668401],[139.0631003,35.9668429],[139.0630983,35.9669301],[139.0630981,35.9669353],[139.063098,35.9669434],[139.0630978,35.9669541],[139.0630953,35.9670133],[139.0630939,35.9670832],[139.0631053,35.9671214],[139.0631123,35.9671404],[139.0631171,35.9671509],[139.0631211,35.9671599],[139.0631299,35.9671764],[139.0631411,35.9671907],[139.0632311,35.967274],[139.0632617,35.967301],[139.0633103,35.9673055],[139.063338,35.9672977],[139.0633832,35.9672837],[139.0633956,35.9672822],[139.063396,35.9672822],[139.0634111,35.9672806],[139.0634499,35.9672835],[139.0635811,35.9672934],[139.0635815,35.9672935],[139.0636397,35.9672983],[139.0636401,35.9672984],[139.0636424,35.9672984],[139.0636436,35.9672983],[139.063644,35.9672983],[139.0636447,35.9672982],[139.0636454,35.9672979],[139.0636462,35.9672972],[139.0636464,35.967296],[139.0636777,35.9672273],[139.0636779,35.967227],[139.0636781,35.9672268],[139.0636779,35.9672264],[139.0636776,35.9672245],[139.0636759,35.9672223],[139.0636709,35.9672155],[139.0636657,35.9672097],[139.0636584,35.9672044],[139.0636445,35.9671953],[139.0636253,35.9671846],[139.0636078,35.9671756],[139.063596,35.9671714],[139.0635831,35.9671677],[139.0635828,35.9671676],[139.0634997,35.9671442],[139.063508,35.9671272],[139.0635425,35.9671357],[139.0635429,35.9671358],[139.0635921,35.9671472],[139.0636063,35.9671505],[139.0636209,35.9671557],[139.0636403,35.9671658],[139.0636611,35.9671771],[139.0636762,35.9671873],[139.0636862,35.9671944],[139.0636932,35.9672022],[139.0637016,35.9672111],[139.0637042,35.9672138],[139.0637058,35.967215],[139.0637078,35.9672164],[139.0637091,35.9672168],[139.0637106,35.9672172],[139.0637109,35.9672172],[139.063712,35.9672174],[139.0637125,35.9672174],[139.0637137,35.9672173],[139.063714,35.9672173],[139.0637158,35.9672168],[139.0637161,35.9672167],[139.0637178,35.9672164],[139.0637205,35.9672154],[139.0637226,35.9672147],[139.0637261,35.9672133],[139.0637287,35.9672117],[139.0637326,35.9672091],[139.0637329,35.9672089],[139.0637541,35.9672012],[139.0637559,35.9672006],[139.0637797,35.9672272],[139.0637501,35.967247],[139.0637137,35.967295],[139.0637023,35.9673278],[139.0637153,35.9673354],[139.0637188,35.9673371],[139.0638403,35.9673992],[139.0639928,35.9674713],[139.0640199,35.9674841],[139.0640349,35.9674806],[139.0641451,35.9673399],[139.0641705,35.9673075],[139.064207,35.9672609],[139.0642358,35.9672225],[139.0642316,35.9672172],[139.0642227,35.9672072],[139.0642144,35.967202],[139.0642057,35.9671972],[139.0641955,35.9671933],[139.0641906,35.9671922],[139.0641882,35.9671917],[139.0641783,35.9671901],[139.0641704,35.9671897],[139.0641699,35.9671897],[139.0641572,35.9671895],[139.0641446,35.9671911],[139.0641316,35.9671934],[139.0641274,35.9671757],[139.0641405,35.9671733],[139.0641557,35.9671715],[139.0641704,35.9671717],[139.0641707,35.9671717],[139.0641808,35.9671722],[139.0641811,35.9671722],[139.0641929,35.9671741],[139.0641932,35.9671741],[139.0642027,35.9671763],[139.0642031,35.9671764],[139.0642166,35.9671814],[139.0642277,35.9671874],[139.064238,35.967194],[139.0642443,35.9671947],[139.0642447,35.9671947],[139.0642491,35.9671944],[139.0642544,35.9671938],[139.0642583,35.9671924],[139.06427,35.967181],[139.0642755,35.9671757],[139.0642848,35.9671658],[139.0643091,35.9671351],[139.064329,35.9671116],[139.0643742,35.9670535],[139.0644214,35.9669938],[139.0644325,35.9669795],[139.0644323,35.9669793]]],[[[139.0656129,35.9702332],[139.0656356,35.9702432],[139.0656364,35.9702436],[139.0657116,35.9702767],[139.0657146,35.970278],[139.0657432,35.9702906],[139.0657494,35.9702933],[139.0657504,35.9702937],[139.0657815,35.9703074],[139.065826,35.9703269],[139.0658554,35.9703397],[139.0658616,35.9703424],[139.0660375,35.9704245],[139.0660411,35.9704262],[139.0660663,35.9704197],[139.0660674,35.9704161],[139.0660778,35.9703839],[139.0660879,35.9703577],[139.0660915,35.9703485],[139.066093,35.9703434],[139.0660956,35.9703343],[139.0661012,35.9703153],[139.0661151,35.9702678],[139.0661152,35.9702671],[139.0661154,35.9702661],[139.0661158,35.9702634],[139.0661302,35.9701612],[139.0661358,35.9701359],[139.0661425,35.9701061],[139.0661452,35.9700945],[139.066159,35.9700438],[139.0661602,35.9700393],[139.0661627,35.9700294],[139.0661693,35.970003],[139.0661673,35.970001],[139.0661544,35.9699878],[139.0661665,35.9699453],[139.066179,35.9699413],[139.0661825,35.9699402],[139.0661853,35.9699287],[139.0661814,35.9699287],[139.0661798,35.9699287],[139.0661805,35.9698929],[139.0661805,35.9698769],[139.0661813,35.9698731],[139.066197,35.9698196],[139.0662023,35.9698207],[139.0662153,35.9697989],[139.0662557,35.9697229],[139.0662634,35.9697125],[139.0663067,35.9696648],[139.0662969,35.9696592],[139.0662705,35.9696452],[139.0661949,35.969605],[139.0661235,35.969565],[139.0661171,35.9695616],[139.0661032,35.969554],[139.0660243,35.9695105],[139.065942,35.9694703],[139.0658849,35.9694445],[139.0658192,35.9694178],[139.0657502,35.9694868],[139.0657411,35.9694959],[139.0657409,35.9694981],[139.0657412,35.9695],[139.0657418,35.9695015],[139.0657428,35.9695031],[139.0657437,35.9695041],[139.0657453,35.9695054],[139.065821,35.9695226],[139.0658137,35.9695448],[139.0657954,35.9695407],[139.0657379,35.9695276],[139.0657319,35.9695295],[139.0657276,35.9695329],[139.0656968,35.9695798],[139.0656677,35.9696261],[139.0656474,35.9696582],[139.0656408,35.9696682],[139.0656332,35.9696783],[139.0656142,35.9696691],[139.0656215,35.9696594],[139.0656278,35.9696499],[139.0656339,35.9696402],[139.0656483,35.9696173],[139.0656771,35.9695715],[139.0657038,35.9695309],[139.0657039,35.9695291],[139.0657037,35.9695278],[139.0657022,35.9695254],[139.0657015,35.969524],[139.0657005,35.9695226],[139.0656982,35.9695203],[139.0656884,35.9695178],[139.0656026,35.969492],[139.0656022,35.9694919],[139.0655659,35.9694824],[139.0655348,35.9694776],[139.0655134,35.9694775],[139.065513,35.9694775],[139.0654834,35.9694782],[139.0654595,35.9694841],[139.065417,35.9695256],[139.0653923,35.9695495],[139.0653775,35.9695639],[139.0653701,35.9695711],[139.0653685,35.9695727],[139.0653578,35.9695832],[139.0653404,35.9696004],[139.0653329,35.9696111],[139.0653281,35.9696228],[139.0653258,35.9696404],[139.0653217,35.9696803],[139.0653188,35.9697047],[139.0653128,35.969755],[139.065311,35.9697699],[139.065309,35.9697842],[139.065308,35.9697918],[139.0653067,35.9698008],[139.0653059,35.9698059],[139.0653026,35.9698152],[139.0652968,35.9698236],[139.0652867,35.9698345],[139.065263,35.9698603],[139.0652425,35.9698789],[139.0651887,35.9699269],[139.0651618,35.9699513],[139.0651689,35.9699573],[139.0652013,35.969983],[139.0652301,35.9700067],[139.0652317,35.9700056],[139.0652569,35.9700237],[139.0652573,35.9700239],[139.0652679,35.9700316],[139.0652715,35.9700341],[139.0652759,35.9700372],[139.0653724,35.9701035],[139.0654152,35.970132],[139.0654422,35.9701479],[139.0654427,35.9701482],[139.0654617,35.9701594],[139.0654928,35.9701768],[139.0655342,35.9701975],[139.0655573,35.9702087],[139.0655946,35.9702251],[139.0656129,35.9702332]]],[[[139.0695493,35.9711771],[139.0695531,35.9711858],[139.0697419,35.9712671],[139.0698625,35.9713139],[139.0699025,35.9713293],[139.0699234,35.9713219],[139.0699562,35.9712681],[139.0700016,35.9711946],[139.0700149,35.9711726],[139.0700235,35.9711582],[139.0700688,35.9710718],[139.0700877,35.971038],[139.0701287,35.9709644],[139.0701542,35.9709202],[139.0701595,35.9709104],[139.0701701,35.9708834],[139.0701768,35.9708538],[139.0701816,35.9708185],[139.0701811,35.9708065],[139.0701806,35.9707928],[139.0701706,35.9707688],[139.0701714,35.9707459],[139.0701559,35.9707375],[139.070156,35.9707301],[139.0701561,35.9707243],[139.0701772,35.9706534],[139.0701844,35.9706279],[139.070205,35.9705716],[139.0702109,35.9705561],[139.0702164,35.9705332],[139.070217,35.970531],[139.0702186,35.9705233],[139.0702182,35.9705233],[139.0702176,35.9705231],[139.070218,35.9705216],[139.0701901,35.9705096],[139.0700782,35.9704619],[139.0700779,35.9704618],[139.0700069,35.9704328],[139.0699445,35.9704072],[139.0698268,35.970358],[139.0696807,35.9702974],[139.0696314,35.9702788],[139.0696306,35.9702797],[139.0696259,35.9702845],[139.0696182,35.9702986],[139.069617,35.9703019],[139.0695911,35.9703712],[139.0695869,35.970386],[139.0695788,35.9704086],[139.0695752,35.9704188],[139.0695692,35.9704301],[139.0695574,35.9704521],[139.0695446,35.9704711],[139.0695332,35.9704822],[139.0695138,35.9704951],[139.0694837,35.9705098],[139.0694834,35.9705099],[139.0694732,35.9705155],[139.0694515,35.9705284],[139.0694485,35.97053],[139.0694068,35.9705587],[139.0693613,35.9706046],[139.0693575,35.9706087],[139.0693361,35.9706317],[139.0692849,35.970687],[139.0692575,35.9707111],[139.0692307,35.9707397],[139.0692255,35.9707505],[139.0692048,35.9707928],[139.0691665,35.9708579],[139.0691436,35.9708949],[139.0691331,35.9709118],[139.0691235,35.9709319],[139.0691323,35.9709446],[139.0691782,35.9709706],[139.0692222,35.9709957],[139.0692357,35.9709863],[139.0692382,35.9709845],[139.0692493,35.9709725],[139.0692812,35.9709194],[139.0693207,35.9709324],[139.0692762,35.9710098],[139.0692739,35.9710244],[139.0693129,35.9710441],[139.0693373,35.9710564],[139.0693382,35.971057],[139.069374,35.9710784],[139.0695493,35.9711771]]],[[[139.0667782,35.9710944],[139.0668547,35.9710105],[139.066895,35.9709656],[139.0668943,35.9709653],[139.0668947,35.9709647],[139.0668885,35.9709475],[139.0668752,35.9709386],[139.066873,35.9709373],[139.0667888,35.970885],[139.0667199,35.9708442],[139.0667147,35.9708411],[139.06671,35.9708382],[139.066674,35.970817],[139.0666137,35.9707834],[139.0666044,35.9707782],[139.0665501,35.970748],[139.0665333,35.9707386],[139.0664864,35.970712],[139.0664163,35.9706738],[139.0663247,35.970624],[139.0662531,35.9705831],[139.0662485,35.9705805],[139.0661966,35.9705508],[139.0661836,35.9705435],[139.0661402,35.9705186],[139.06612,35.9705071],[139.0660941,35.9704923],[139.0660344,35.9704612],[139.066017,35.9704521],[139.0660093,35.9704485],[139.0659554,35.9704233],[139.0659077,35.970401],[139.0658855,35.9703906],[139.0658402,35.9703695],[139.0658345,35.9703669],[139.0657826,35.9703436],[139.0657694,35.9703378],[139.0657691,35.9703376],[139.0657183,35.9703149],[139.0656935,35.9703039],[139.0656895,35.9703021],[139.0656892,35.9703019],[139.0656523,35.9702835],[139.0656002,35.9702576],[139.0655018,35.9702098],[139.065431,35.9701723],[139.0654241,35.9701686],[139.0654186,35.9701657],[139.0654072,35.9701583],[139.065345,35.970118],[139.0653316,35.9701093],[139.0653176,35.9701002],[139.0653154,35.9700986],[139.0653062,35.9700923],[139.0652623,35.9700621],[139.0652511,35.970054],[139.0652363,35.9700433],[139.0652104,35.9700246],[139.0651896,35.9700095],[139.0651801,35.9700026],[139.0651764,35.9699987],[139.0651472,35.9700145],[139.0651449,35.9700157],[139.0651391,35.970019],[139.0651517,35.9700368],[139.0651627,35.9700512],[139.0651807,35.9700745],[139.0652452,35.9701581],[139.0652726,35.9701935],[139.0653409,35.9702849],[139.0654068,35.970372],[139.0654841,35.9704725],[139.065498,35.9704908],[139.0655074,35.9705032],[139.065533,35.9705368],[139.0655439,35.970551],[139.0655802,35.9705984],[139.0656082,35.9706349],[139.0658052,35.9705114],[139.0658155,35.9705221],[139.065617,35.9706466],[139.0656623,35.9707062],[139.0657066,35.9707611],[139.0657515,35.9708163],[139.0657688,35.9708332],[139.0658726,35.97076],[139.0658837,35.9707701],[139.0657795,35.9708436],[139.0657857,35.9708497],[139.0658202,35.9708806],[139.0659095,35.970948],[139.0659133,35.9709509],[139.0659409,35.9709717],[139.066044,35.9710491],[139.0660805,35.9710747],[139.0660872,35.9710795],[139.0661844,35.9711477],[139.0661907,35.9711523],[139.0663348,35.9710159],[139.0663483,35.9710252],[139.0663557,35.9710304],[139.066356,35.9710306],[139.066233,35.971147],[139.0662112,35.9711677],[139.0662165,35.9711716],[139.0662749,35.9712152],[139.066405,35.9713061],[139.0664897,35.9713632],[139.0664951,35.9713668],[139.0665344,35.9713313],[139.066534,35.971331],[139.0665391,35.9713262],[139.0665396,35.9713265],[139.0666322,35.971242],[139.066645,35.9712292],[139.0666845,35.9711898],[139.0667782,35.9710944]]],[[[139.07367516666667,35.975],[139.0736235,35.974964],[139.0735908,35.9749414],[139.0734475,35.974841],[139.0734261,35.9748269],[139.0734207,35.9748236],[139.0733609,35.9747867],[139.0733498,35.97478],[139.0733253,35.9747635],[139.0733147,35.9747548],[139.0732834,35.9747319],[139.0732801,35.9747296],[139.0732124,35.9746835],[139.0732001,35.9746753],[139.0731636,35.9746514],[139.0731551,35.9746463],[139.0731507,35.9746451],[139.0731466,35.9746453],[139.0731457,35.9746457],[139.0731441,35.9746464],[139.0731335,35.9746549],[139.073125,35.9746616],[139.0730947,35.9746875],[139.0730734,35.9747049],[139.0729938,35.9747721],[139.0729647,35.9747967],[139.072862,35.974884],[139.0728184,35.9749202],[139.07272376822877,35.975],[139.07367516666667,35.975]]],[[[139.0720644,35.9726178],[139.0721085,35.9726557],[139.072134,35.9726562],[139.0721435,35.9726492],[139.0722062,35.972599],[139.0722329,35.9725762],[139.0723394,35.9724826],[139.0723718,35.972454],[139.0724118,35.9724149],[139.0724371,35.9723932],[139.0724019,35.9723542],[139.0724395,35.9723359],[139.072441,35.9723368],[139.0724801,35.9723701],[139.0724922,35.972365],[139.0725132,35.9723517],[139.0725778,35.972284],[139.0725902,35.9722731],[139.0725962,35.972268],[139.0726477,35.9722236],[139.0726535,35.9722199],[139.0726699,35.9722089],[139.0726962,35.9721982],[139.0727057,35.9721953],[139.0727187,35.9721889],[139.0727259,35.9721842],[139.0727337,35.9721792],[139.0727299,35.9721612],[139.0727165,35.9721491],[139.0727143,35.9721471],[139.0726992,35.9721373],[139.072697,35.9721355],[139.0726841,35.9721259],[139.0726693,35.9721109],[139.0726527,35.9720961],[139.0726273,35.9720771],[139.0726058,35.9720594],[139.0725794,35.9720394],[139.0725668,35.9720315],[139.0725624,35.972028],[139.0725562,35.9720233],[139.0725508,35.9720179],[139.072546,35.9720126],[139.0725401,35.9720057],[139.0725287,35.9719888],[139.0725238,35.9719811],[139.0724975,35.9719468],[139.0724635,35.9719019],[139.0724309,35.9718659],[139.0724168,35.9718489],[139.0723871,35.9718175],[139.0723613,35.9717893],[139.0723444,35.9717654],[139.0723205,35.9717337],[139.0723116,35.971725],[139.0722758,35.9717038],[139.0722455,35.9716856],[139.0721771,35.9716362],[139.072141,35.9716081],[139.0721095,35.9715732],[139.0721067,35.9715699],[139.0720934,35.9715536],[139.0719715,35.9715775],[139.0719695,35.9715778],[139.0719692,35.9715779],[139.0719207,35.971589],[139.0719091,35.9715971],[139.0718388,35.9716455],[139.0717917,35.9716779],[139.0716479,35.9717786],[139.0713672,35.9719814],[139.0713943,35.9720044],[139.0715034,35.9721014],[139.0715791,35.9720546],[139.0715964,35.9720719],[139.0715203,35.9721178],[139.0715309,35.9721283],[139.0715337,35.972131],[139.0715828,35.9721787],[139.0716251,35.9722191],[139.0716466,35.9722395],[139.0717509,35.9723323],[139.0718921,35.9724593],[139.0719081,35.9724731],[139.0719683,35.9725288],[139.0720644,35.9726178]]],[[[139.0642854,35.9679156],[139.0643113,35.9678801],[139.0643512,35.9678225],[139.0643592,35.9678117],[139.0644071,35.9677474],[139.0644138,35.9677392],[139.0643937,35.9676917],[139.0643162,35.9676531],[139.0642556,35.9676219],[139.0641085,35.9675452],[139.0640743,35.9675274],[139.0640581,35.9675188],[139.0640458,35.9675118],[139.0640417,35.9675105],[139.0640314,35.9675069],[139.064031,35.9675068],[139.0639974,35.9675026],[139.0639971,35.9675025],[139.063977,35.967493],[139.0639738,35.9674915],[139.0639399,35.9674755],[139.063933,35.9674721],[139.0639158,35.967464],[139.0638903,35.9674519],[139.0638764,35.9674453],[139.0638245,35.9674208],[139.0638087,35.9674129],[139.0637912,35.9674039],[139.0637509,35.9673833],[139.0637018,35.9673583],[139.0636794,35.9673469],[139.0636791,35.9673468],[139.0636633,35.9673368],[139.0636597,35.9673346],[139.0636568,35.9673328],[139.0636308,35.9673271],[139.0636149,35.9673237],[139.06361,35.9673226],[139.0635784,35.9673177],[139.0634884,35.967306],[139.0634636,35.9673049],[139.0634506,35.9673043],[139.0634382,35.9673042],[139.0633978,35.9673038],[139.0633859,35.9673049],[139.0633531,35.9673177],[139.0633404,35.9673267],[139.0633393,35.9673279],[139.0633356,35.967333],[139.0633344,35.9673347],[139.0633301,35.9673409],[139.0633288,35.9673619],[139.0633348,35.967369],[139.0633768,35.967423],[139.0633911,35.9674437],[139.0634054,35.9674727],[139.0634112,35.9674845],[139.0634251,35.9675253],[139.0634576,35.9676284],[139.0634664,35.9676896],[139.0634723,35.9677133],[139.0634806,35.9677628],[139.0634802,35.967766],[139.0634789,35.9677775],[139.0634784,35.9677824],[139.0634738,35.9678025],[139.06347,35.9678195],[139.0634556,35.967849],[139.0634488,35.9678614],[139.0634381,35.9678811],[139.0633953,35.9679339],[139.0633557,35.9679831],[139.0633514,35.9679885],[139.0633292,35.9680159],[139.0633242,35.9680228],[139.0632879,35.9680741],[139.0632809,35.9680846],[139.0632754,35.968093],[139.0632747,35.9680942],[139.0632702,35.9681045],[139.063269,35.9681072],[139.0632672,35.9681113],[139.0632633,35.9681276],[139.0632632,35.9681342],[139.0632632,35.9681457],[139.0632658,35.9681636],[139.0632766,35.9681875],[139.0633346,35.9682597],[139.0633354,35.9682607],[139.0633628,35.9682949],[139.063399,35.9683382],[139.063388,35.9683647],[139.0633808,35.9683825],[139.0633719,35.9684055],[139.0633548,35.9684503],[139.0633497,35.9684673],[139.0633535,35.9684864],[139.0634209,35.9685349],[139.063437,35.9685464],[139.0634512,35.9685573],[139.0634565,35.9685609],[139.063466,35.9685675],[139.0635138,35.9686005],[139.0635887,35.9686545],[139.0636156,35.9686739],[139.0636511,35.9686991],[139.0636655,35.9687095],[139.063667,35.9687106],[139.0636738,35.9687044],[139.063695,35.9686815],[139.063764,35.9686113],[139.0637782,35.9685972],[139.0637886,35.9685864],[139.0638381,35.9685353],[139.0638689,35.9685021],[139.063876,35.9684942],[139.0639146,35.9684534],[139.0639502,35.9684146],[139.0639555,35.9684087],[139.0639883,35.9683717],[139.0640122,35.9683446],[139.0640196,35.9683362],[139.0640329,35.968319],[139.0640553,35.9682878],[139.0640898,35.9682333],[139.0640937,35.9682262],[139.0641099,35.9681955],[139.0641103,35.9681947],[139.0641313,35.9681327],[139.0641414,35.9680979],[139.0641516,35.9680768],[139.0641552,35.9680695],[139.0641695,35.9680746],[139.0641963,35.9680383],[139.0642574,35.9679539],[139.0642854,35.9679156]]],[[[139.070503,35.9699595],[139.0705056,35.9699549],[139.0705076,35.9699553],[139.0705427,35.9698846],[139.0705526,35.9698642],[139.0705691,35.9698298],[139.0705672,35.9698225],[139.070426,35.9697359],[139.070369,35.9697009],[139.0703335,35.9696769],[139.0702975,35.9696509],[139.0702892,35.9696449],[139.0702876,35.969644],[139.0702856,35.9696433],[139.0702852,35.9696432],[139.0702834,35.9696429],[139.0702736,35.9696456],[139.0701998,35.9696712],[139.0702032,35.9696756],[139.0702084,35.9696823],[139.0701897,35.9696884],[139.0701838,35.9696826],[139.0701793,35.9696783],[139.0700811,35.9697084],[139.0699966,35.9697377],[139.0699922,35.96974],[139.0699906,35.9697446],[139.0699931,35.9697699],[139.0699895,35.9698382],[139.0699853,35.96991],[139.069985,35.9699099],[139.0699834,35.9699099],[139.0699259,35.9699087],[139.0699272,35.9697768],[139.0699255,35.9697679],[139.0699188,35.9697542],[139.069917,35.9697504],[139.0699139,35.9697496],[139.0698887,35.9697498],[139.0698341,35.9697459],[139.0698029,35.9697403],[139.0697433,35.9697307],[139.0697174,35.9697264],[139.0696693,35.9698372],[139.0696689,35.9698371],[139.0696401,35.9698282],[139.0696765,35.9697513],[139.0696906,35.969722],[139.0695816,35.9697016],[139.0695813,35.9697016],[139.0695199,35.969691],[139.0694766,35.9696809],[139.0693629,35.9696497],[139.0692828,35.9696327],[139.0692754,35.9696345],[139.0692662,35.9696495],[139.0692355,35.9697034],[139.0691956,35.969759],[139.0691952,35.9697589],[139.06916,35.9697416],[139.0692013,35.969687],[139.0692348,35.9696311],[139.0692342,35.9696266],[139.069232,35.9696226],[139.0692317,35.9696225],[139.0692058,35.9696158],[139.0691006,35.9695885],[139.0690599,35.9695779],[139.0690018,35.9695362],[139.0689434,35.9695163],[139.0689431,35.9695162],[139.068912,35.9695056],[139.0688836,35.9694963],[139.0688731,35.9694928],[139.0688354,35.9694838],[139.068796,35.9694767],[139.0687612,35.9694725],[139.0687057,35.9694672],[139.0687054,35.9694672],[139.0686901,35.9694668],[139.0686892,35.9694674],[139.0686888,35.9694686],[139.0686885,35.9694705],[139.0686884,35.9694755],[139.0686879,35.9694833],[139.0686874,35.9694922],[139.0686849,35.969508],[139.0686839,35.9695271],[139.0686851,35.9695513],[139.068686,35.969589],[139.0686862,35.9695973],[139.0686827,35.9696226],[139.0686678,35.9697092],[139.0686636,35.9697566],[139.0686555,35.9697969],[139.0686535,35.9698089],[139.0686583,35.9698164],[139.0686705,35.9698205],[139.0686708,35.9698206],[139.0687143,35.9698353],[139.0688238,35.9698734],[139.0688726,35.969891],[139.0689049,35.9699026],[139.0689192,35.9699077],[139.0689848,35.9699344],[139.0690587,35.9699639],[139.0691303,35.9699956],[139.0691527,35.9700073],[139.0692003,35.9700319],[139.0692423,35.9700535],[139.0693469,35.9701073],[139.0694009,35.9701322],[139.0694414,35.970151],[139.0694766,35.9701658],[139.0695097,35.9701796],[139.0695797,35.970212],[139.06958,35.9702122],[139.0696187,35.9702301],[139.0696404,35.9702391],[139.0697027,35.9702645],[139.0698424,35.9703217],[139.0698715,35.9703353],[139.0699175,35.9703516],[139.0699872,35.9703804],[139.0700783,35.9704189],[139.0700786,35.970419],[139.0701979,35.97047],[139.070209,35.9704748],[139.0702231,35.9704806],[139.0702434,35.9704711],[139.070251,35.9704569],[139.0702648,35.9704294],[139.0702977,35.9703656],[139.0703197,35.9703228],[139.0703266,35.9703096],[139.0703382,35.9702871],[139.070342,35.9702801],[139.0703753,35.9702169],[139.0704215,35.9701279],[139.0704242,35.970122],[139.0704932,35.9699858],[139.0705009,35.9699686],[139.0705055,35.9699604],[139.0705052,35.9699604],[139.070503,35.9699595]]],[[[139.06890226113742,35.975],[139.0687396,35.9748695],[139.0686613,35.9748065],[139.0685974,35.9747551],[139.0685691,35.9747324],[139.0684324,35.9746222],[139.0683692,35.9745712],[139.0683341,35.9745429],[139.0682766,35.9744964],[139.0681693,35.9744099],[139.0681337,35.9744375],[139.0680545,35.9745029],[139.0680505,35.9745068],[139.068039,35.9745183],[139.0680182,35.9745392],[139.0679967,35.974566],[139.0679937,35.9745697],[139.0679798,35.974593],[139.0679716,35.9746103],[139.0679534,35.9746488],[139.0679338,35.974689],[139.0678687,35.9748268],[139.0678498,35.9748714],[139.0679078,35.9749122],[139.0679804,35.974962],[139.0679865,35.9749615],[139.0679929,35.9749609],[139.0679933,35.974961],[139.0680491,35.9749151],[139.0681276,35.9748505],[139.0681575,35.9748745],[139.068079,35.9749391],[139.0680241,35.9749829],[139.0680263,35.9749939],[139.0680267,35.974994],[139.06803534371772,35.975],[139.06890226113742,35.975]]],[[[139.0648411,35.9702012],[139.0648274,35.9702172],[139.0647988,35.9702507],[139.0647968,35.9702529],[139.0647328,35.9703257],[139.0647317,35.970327],[139.0647062,35.9703474],[139.0647048,35.9703485],[139.0646994,35.9703629],[139.0646865,35.9703769],[139.0646829,35.9703801],[139.0646617,35.970399],[139.0646518,35.9704077],[139.0646304,35.9704252],[139.0646125,35.9704398],[139.0645708,35.9704799],[139.0645432,35.970497],[139.0644851,35.9705327],[139.0643978,35.9705804],[139.0642649,35.9706487],[139.0642104,35.9706787],[139.0641381,35.9707168],[139.0640945,35.9707412],[139.0640875,35.9707486],[139.0640786,35.9707552],[139.064033,35.9707816],[139.0639706,35.9708179],[139.0639022,35.9708603],[139.0639028,35.9708612],[139.0639042,35.9708624],[139.0640638,35.9709908],[139.0641881,35.9710907],[139.0643446,35.9712168],[139.0643616,35.9712306],[139.0644329,35.9712878],[139.0645399,35.9713746],[139.0645636,35.9713941],[139.0645797,35.9714074],[139.0646501,35.971464],[139.0647135,35.9715152],[139.0648095,35.9715901],[139.0648782,35.9716468],[139.0649768,35.9717245],[139.0650713,35.9718019],[139.0651693,35.9718816],[139.0651772,35.9718765],[139.0652097,35.9718556],[139.0652257,35.9718314],[139.0652258,35.9718277],[139.0652031,35.9717757],[139.0651791,35.9717202],[139.0651654,35.9716894],[139.065141,35.9716335],[139.0651137,35.9715737],[139.065095,35.9715049],[139.0650876,35.9714632],[139.0650865,35.9714493],[139.0650859,35.9713824],[139.065097,35.9713248],[139.0651025,35.9712843],[139.0651163,35.9711784],[139.0651204,35.9710992],[139.0651244,35.971022],[139.0651288,35.9709324],[139.0651314,35.9708694],[139.0651332,35.9708221],[139.065133,35.9707506],[139.0651258,35.9706711],[139.0651177,35.9706041],[139.0651072,35.9705143],[139.0651054,35.9705006],[139.0650911,35.970385],[139.0650833,35.9703293],[139.0650669,35.9702419],[139.0650548,35.9701932],[139.0650532,35.9701873],[139.065039,35.9701396],[139.0650364,35.9701308],[139.0650333,35.9701203],[139.0650238,35.9700872],[139.0650189,35.9700801],[139.0650121,35.970076],[139.0650053,35.9700744],[139.0649966,35.9700748],[139.0649901,35.9700775],[139.064985,35.9700797],[139.0649743,35.9700842],[139.0649583,35.970096],[139.0649206,35.9701244],[139.0649017,35.9701387],[139.0648784,35.9701589],[139.0648428,35.9701992],[139.0648411,35.9702012]]],[[[139.0658184,35.9683944],[139.065822,35.9683926],[139.0658231,35.968392],[139.0658406,35.9683819],[139.065843,35.9683805],[139.065845,35.9683794],[139.0659239,35.9683371],[139.0659666,35.9683111],[139.0659784,35.9683047],[139.0660091,35.9682881],[139.0660215,35.9682816],[139.0660814,35.968234],[139.066084,35.9682319],[139.0660882,35.9682218],[139.0660874,35.9682115],[139.0660828,35.9682076],[139.0660383,35.9681649],[139.0660355,35.9681621],[139.0659872,35.9681137],[139.0659514,35.9680785],[139.0659471,35.9680742],[139.0659038,35.9680314],[139.0657843,35.9679204],[139.0657406,35.9678797],[139.0656968,35.967839],[139.0656437,35.9677974],[139.0656349,35.9677887],[139.0656138,35.9677679],[139.0655519,35.9677162],[139.0655449,35.9677104],[139.0654492,35.9676141],[139.0654327,35.9675974],[139.0653977,35.967568],[139.0653918,35.967563],[139.0653548,35.9675267],[139.0653521,35.967524],[139.0653109,35.9674897],[139.0652663,35.9674576],[139.0651975,35.9674041],[139.0651082,35.9673461],[139.0650912,35.9673365],[139.0650118,35.9672921],[139.0649602,35.9672573],[139.0648616,35.9671926],[139.0648066,35.9671538],[139.0648014,35.9671493],[139.0648006,35.9671487],[139.0647798,35.9671312],[139.0647344,35.9670922],[139.0646853,35.9670533],[139.0646748,35.9670452],[139.0646058,35.9669905],[139.064594,35.9669813],[139.0645735,35.9669664],[139.0645293,35.9669355],[139.0645208,35.9669293],[139.0645204,35.9669293],[139.0645177,35.9669288],[139.0645122,35.966929],[139.0645118,35.966929],[139.0645082,35.9669296],[139.0645079,35.9669297],[139.0645052,35.9669307],[139.0644987,35.9669346],[139.0644933,35.9669398],[139.0644924,35.9669407],[139.0644594,35.9669799],[139.0643703,35.9670903],[139.0643699,35.9670909],[139.0643378,35.9671307],[139.0643022,35.9671748],[139.0642902,35.9671881],[139.0642792,35.9672003],[139.0642783,35.9672019],[139.0642783,35.9672027],[139.0642791,35.9672051],[139.0642803,35.9672074],[139.0642823,35.9672097],[139.0642942,35.9672166],[139.0642888,35.967223],[139.064274,35.9672408],[139.064245,35.9672796],[139.064208,35.9673269],[139.0641976,35.9673402],[139.0640868,35.9674816],[139.0640922,35.9675047],[139.064267,35.9675956],[139.0642876,35.9675912],[139.064293,35.9675901],[139.064297,35.9675892],[139.0643627,35.9675051],[139.0643659,35.9675013],[139.0644406,35.9674054],[139.0644802,35.9674256],[139.0644049,35.9675219],[139.0644019,35.9675257],[139.0643366,35.9676095],[139.0643386,35.9676161],[139.06434,35.9676204],[139.0643409,35.9676231],[139.0643448,35.9676356],[139.0644029,35.9676647],[139.0644032,35.9676648],[139.0644114,35.9676668],[139.0644193,35.9676676],[139.0644196,35.9676676],[139.0644233,35.9676676],[139.0644284,35.9676676],[139.0644288,35.9676676],[139.0644355,35.9676665],[139.0644401,35.967665],[139.0644437,35.9676637],[139.0644506,35.9676597],[139.0644558,35.967655],[139.0644991,35.9676757],[139.0644916,35.9676866],[139.0645665,35.9677228],[139.0646767,35.9677763],[139.0646901,35.9677828],[139.0647069,35.9677908],[139.0647358,35.9677628],[139.0647556,35.9677734],[139.064746,35.9677851],[139.0647391,35.9677944],[139.0647358,35.9677992],[139.0647331,35.9678054],[139.064733,35.9678112],[139.0647343,35.9678151],[139.0647496,35.9678237],[139.0648568,35.9678832],[139.0649066,35.9679111],[139.0649152,35.9679052],[139.0649521,35.9679044],[139.0649525,35.9679044],[139.0649568,35.967902],[139.0650312,35.9678429],[139.0650549,35.967824],[139.0650758,35.9678074],[139.0650875,35.9678172],[139.0649684,35.9679117],[139.0649566,35.9679211],[139.064946,35.9679271],[139.0649405,35.9679297],[139.0649416,35.96794],[139.0649423,35.9679411],[139.0649506,35.9679535],[139.0649561,35.9679594],[139.0649751,35.9679792],[139.0649975,35.9679989],[139.0650037,35.9680044],[139.0650127,35.9680124],[139.0650467,35.9680358],[139.0650706,35.9680524],[139.0650803,35.9680592],[139.0651161,35.9680839],[139.06522,35.9681431],[139.0652637,35.9681681],[139.0652933,35.9681844],[139.0653347,35.9682072],[139.0653405,35.9682097],[139.0653409,35.9682098],[139.0653974,35.9682208],[139.065404,35.9682219],[139.0654051,35.9682221],[139.0654261,35.9682258],[139.0654345,35.9682291],[139.0654349,35.9682292],[139.0654438,35.9682352],[139.0655249,35.9683324],[139.0655867,35.9684015],[139.0656243,35.9684419],[139.065636,35.9684529],[139.065638,35.9684547],[139.0656455,35.9684609],[139.0656525,35.9684658],[139.0656586,35.9684675],[139.0656676,35.9684662],[139.0656805,35.9684619],[139.0657367,35.9684346],[139.0657811,35.9684133],[139.0658184,35.9683944]]],[[[139.075,35.975],[139.075,35.97470071250001],[139.0749907,35.9747104],[139.0749313,35.9747693],[139.0749235,35.974777],[139.074916,35.9747845],[139.0748076,35.9748927],[139.0747948,35.9749068],[139.0747921,35.9749096],[139.0747907,35.9749111],[139.0747867,35.9749152],[139.0747834,35.9749189],[139.074782,35.9749204],[139.0747798,35.9749227],[139.0747322,35.974974],[139.07470787356323,35.975],[139.075,35.975]]],[[[139.07266570691056,35.975],[139.0726695,35.9749969],[139.0727179,35.9749575],[139.072724,35.9749524],[139.0727847,35.9749029],[139.072834,35.974862],[139.0729366,35.9747749],[139.0730455,35.9746828],[139.0730655,35.9746666],[139.0730734,35.9746581],[139.073078,35.9746491],[139.0730799,35.9746393],[139.0730779,35.9746303],[139.0730723,35.9746217],[139.073037,35.9745962],[139.0730254,35.9746063],[139.0729941,35.9745825],[139.0729633,35.9745589],[139.0729599,35.9745563],[139.0728939,35.9745043],[139.0728627,35.9744713],[139.072857,35.9744652],[139.0727631,35.9745568],[139.0727443,35.974544],[139.0728411,35.9744472],[139.0728384,35.9744442],[139.0728026,35.9744221],[139.0727268,35.9743754],[139.0727204,35.9743718],[139.0726756,35.9743463],[139.0726486,35.9743309],[139.0725898,35.9742986],[139.0725174,35.9742607],[139.0724399,35.97422],[139.072344,35.9741677],[139.0723353,35.9741631],[139.0723029,35.974145],[139.0722604,35.9741214],[139.0721424,35.9740562],[139.0721227,35.9740445],[139.0720951,35.9740256],[139.0720455,35.9739919],[139.0720221,35.9739758],[139.0720254,35.9739728],[139.0719731,35.973934],[139.0719305,35.973902],[139.0719088,35.9738832],[139.0718717,35.9738543],[139.0717573,35.9737626],[139.0717341,35.9737448],[139.0717272,35.9737391],[139.0717221,35.9737342],[139.0717176,35.9737255],[139.0717096,35.9737173],[139.071684,35.9736971],[139.0716035,35.9736332],[139.0714411,35.9735067],[139.071422,35.9734918],[139.0714156,35.9734968],[139.0713199,35.973422],[139.0712956,35.9734041],[139.0712261,35.9733527],[139.0712034,35.973335],[139.0711882,35.9733412],[139.0710189,35.9735171],[139.0710055,35.9735342],[139.0709977,35.9735483],[139.0709931,35.9735627],[139.0709917,35.973572],[139.0709967,35.9736242],[139.0709981,35.9736374],[139.0710032,35.9736576],[139.0710142,35.9736896],[139.0710145,35.9736903],[139.0710156,35.9736929],[139.0710217,35.9737072],[139.0710266,35.9737167],[139.0710464,35.9737551],[139.0710664,35.973794],[139.0710713,35.9738034],[139.0710804,35.9738244],[139.0710819,35.9738278],[139.0710984,35.9738663],[139.0711129,35.973895],[139.0711353,35.9739377],[139.0712267,35.9741007],[139.0712326,35.9741113],[139.0712613,35.9741607],[139.0712676,35.9741681],[139.0713194,35.9742125],[139.0713387,35.974229],[139.0713788,35.9742316],[139.0713792,35.9742317],[139.0715983,35.9740389],[139.0717729,35.9741801],[139.0719232,35.9743018],[139.0718695,35.9743553],[139.0717715,35.9744529],[139.0717603,35.9744451],[139.071702,35.9745003],[139.0716992,35.9745299],[139.0717183,35.974544],[139.0717868,35.9745952],[139.071903,35.9746819],[139.0719307,35.9747023],[139.0719588,35.9747227],[139.0720014,35.9747555],[139.0720762,35.974813],[139.0721003,35.9748297],[139.0721041,35.9748324],[139.0721399,35.9748571],[139.072224,35.9749149],[139.0722408,35.9749131],[139.0722799,35.9748595],[139.0722888,35.9748471],[139.0723521,35.9747539],[139.0723714,35.9747625],[139.0723083,35.9748561],[139.0722601,35.9749222],[139.0722612,35.9749321],[139.0722623,35.9749419],[139.0723086,35.9749752],[139.072335,35.9749926],[139.07234623162057,35.975],[139.07266570691056,35.975]]],[[[139.0628279,35.9687469],[139.062835,35.9687373],[139.0628365,35.9687357],[139.0628677,35.9686935],[139.0628898,35.9686639],[139.0629233,35.9686199],[139.0629748,35.9685512],[139.0630219,35.9684878],[139.0630283,35.9684788],[139.0630402,35.9684638],[139.0630527,35.9684463],[139.063056,35.9684418],[139.0630505,35.9684405],[139.0630098,35.9684257],[139.0629384,35.9684013],[139.062922,35.9683956],[139.0629172,35.9683939],[139.0628223,35.9683612],[139.0627278,35.9683287],[139.062645,35.9683006],[139.0625871,35.9682802],[139.062583,35.9682788],[139.0625756,35.9682762],[139.0625439,35.9682651],[139.0625106,35.9682538],[139.0625,35.968250231333336],[139.0625,35.96911707232143],[139.0625053,35.9691157],[139.0625351,35.9691081],[139.0625459,35.9691054],[139.0625481,35.9691049],[139.0625615,35.9690868],[139.0625856,35.9690544],[139.0626498,35.9689754],[139.0626525,35.968972],[139.0626641,35.9689574],[139.0626955,35.9689183],[139.0627156,35.9688934],[139.0627373,35.968865],[139.0627686,35.9688241],[139.0628279,35.9687469]]],[[[139.0709806,35.9744184],[139.0709227,35.9744826],[139.0707325,35.9746682],[139.070735,35.97467],[139.0706592,35.9747424],[139.0706057,35.9747935],[139.0706126,35.9747989],[139.0706156,35.9748011],[139.0707302,35.9748874],[139.0708256,35.9749593],[139.07087893103449,35.975],[139.07231278181817,35.975],[139.0723074,35.9749963],[139.0722816,35.9749783],[139.0721259,35.9748699],[139.0719935,35.9747759],[139.0719,35.9747073],[139.0718799,35.974692],[139.0718665,35.9746817],[139.0718597,35.9746765],[139.0717853,35.9746203],[139.0717022,35.9745589],[139.0715783,35.9744712],[139.0715249,35.9744287],[139.0715216,35.9744261],[139.0714554,35.9743721],[139.071453,35.9743701],[139.0714039,35.9743237],[139.0712657,35.9741906],[139.0712555,35.9741816],[139.071251,35.9741822],[139.0712485,35.9741825],[139.0711788,35.9742396],[139.0711561,35.9742591],[139.0711183,35.9742912],[139.0710533,35.9743482],[139.0710211,35.9743765],[139.071004,35.9743929],[139.0709963,35.9744011],[139.0709806,35.9744184]]],[[[139.0730212,35.9741921],[139.0730658,35.9741428],[139.0731066,35.9740975],[139.0731774,35.9740211],[139.0732209,35.973972],[139.0732403,35.9739514],[139.0732905,35.973894],[139.0733218,35.9738556],[139.0733235,35.9738439],[139.0733259,35.9738098],[139.0733259,35.9738032],[139.0733203,35.9737959],[139.0733033,35.9737847],[139.0732328,35.9737456],[139.0732045,35.9737299],[139.0731784,35.9737155],[139.0731653,35.9737065],[139.072961,35.9735671],[139.0729278,35.9735416],[139.0728019,35.9734448],[139.0727841,35.9734308],[139.0726902,35.9733572],[139.0726853,35.9733533],[139.0726589,35.9733328],[139.0726561,35.9733329],[139.0726523,35.9733331],[139.0726519,35.9733331],[139.0726498,35.9733332],[139.0726429,35.9733334],[139.0726181,35.9733483],[139.0726138,35.9734438],[139.0725,35.9735742],[139.0724626,35.9735513],[139.0725673,35.97343],[139.072574,35.9732665],[139.0725431,35.9732424],[139.0724997,35.9732087],[139.0724759,35.9731902],[139.0724499,35.9731698],[139.0724382,35.9731608],[139.0723063,35.9730617],[139.0722679,35.9730328],[139.0722573,35.9730237],[139.0722353,35.9730047],[139.072212,35.9729847],[139.0721865,35.9729826],[139.0721143,35.9729247],[139.0721139,35.9729247],[139.0720871,35.9729243],[139.0720156,35.9729783],[139.071878,35.9730819],[139.0717502,35.9731781],[139.071629,35.9730775],[139.0716286,35.9730774],[139.0716083,35.9730773],[139.0715982,35.9730772],[139.0715972,35.9730772],[139.0715738,35.9730947],[139.0715702,35.9730973],[139.0715102,35.9731408],[139.0714103,35.9732115],[139.0713569,35.973247],[139.0712814,35.973297],[139.0712721,35.9733032],[139.0712708,35.9733276],[139.0713549,35.9733921],[139.0714535,35.9734663],[139.0715522,35.9735408],[139.0716069,35.9735844],[139.0717466,35.9734809],[139.0717499,35.9734678],[139.0719397,35.9733145],[139.071961,35.973326],[139.0719349,35.973348],[139.0717682,35.973494],[139.0716303,35.9736029],[139.0716362,35.9736076],[139.0717113,35.9736646],[139.0717503,35.9736975],[139.0717535,35.9737004],[139.0717625,35.9737079],[139.0717937,35.973733],[139.0718038,35.9737404],[139.0718096,35.9737452],[139.0719043,35.973825],[139.0719256,35.973841],[139.0719635,35.9738694],[139.071988,35.9738884],[139.0720599,35.9739439],[139.0720854,35.9739637],[139.0721765,35.9740179],[139.0722192,35.9740418],[139.0722196,35.9740419],[139.0722959,35.9740799],[139.072356,35.9741119],[139.0723812,35.974125],[139.0724285,35.9741493],[139.0724881,35.9741823],[139.07249,35.9741804],[139.0725745,35.974074],[139.0726102,35.9740257],[139.0726278,35.9740019],[139.072678,35.973936],[139.0726797,35.973934],[139.0727389,35.9738645],[139.072831,35.97377],[139.0728501,35.9737823],[139.0727732,35.9738612],[139.0727583,35.9738765],[139.0727049,35.9739385],[139.0726979,35.9739466],[139.0726794,35.9739713],[139.0726489,35.9740119],[139.0726306,35.9740365],[139.0725951,35.9740845],[139.0725098,35.974192],[139.0725086,35.9741936],[139.0726018,35.9742436],[139.0726763,35.9742846],[139.0726816,35.9742875],[139.0726846,35.9742891],[139.0727788,35.9743409],[139.0728311,35.9743703],[139.0728416,35.9743761],[139.0728701,35.9743571],[139.0728762,35.9743526],[139.0729091,35.9743176],[139.0729313,35.9742902],[139.0729736,35.9742448],[139.0730212,35.9741921]]],[[[139.0706309,35.9726116],[139.0706989,35.9725224],[139.070719,35.9724964],[139.0707565,35.9724434],[139.070829,35.972342],[139.0708695,35.9722814],[139.0709417,35.9721925],[139.0709462,35.9721952],[139.0709871,35.9721575],[139.0710076,35.9721405],[139.0711017,35.9720655],[139.0711745,35.9720075],[139.0712202,35.9719715],[139.0712337,35.9719605],[139.071236,35.9719472],[139.071241,35.9719181],[139.0709668,35.9717096],[139.0708984,35.9716592],[139.0708606,35.971686],[139.070807,35.9717628],[139.0707549,35.9718356],[139.0707138,35.9718929],[139.0707066,35.9719032],[139.0707014,35.9719107],[139.0706705,35.9719549],[139.0706372,35.9720079],[139.0705918,35.9720733],[139.0705609,35.9721235],[139.0705284,35.9721759],[139.0705245,35.9721741],[139.0704884,35.9721564],[139.0705304,35.9720987],[139.070559,35.9720603],[139.0706071,35.9719943],[139.0706603,35.9719228],[139.0707106,35.9718566],[139.0707563,35.9717848],[139.0707667,35.9717694],[139.0707544,35.9717545],[139.0706461,35.9717056],[139.0706608,35.9716809],[139.0707685,35.9717321],[139.0707733,35.9717344],[139.0707923,35.9717317],[139.0708507,35.9716499],[139.070849,35.9716229],[139.0708322,35.9716103],[139.0708302,35.9716088],[139.0707673,35.9715625],[139.0707523,35.9715496],[139.0707374,35.9715367],[139.07071,35.971516],[139.0706687,35.9714848],[139.0706499,35.9714714],[139.070647,35.9714693],[139.0706092,35.9714393],[139.0705367,35.9713856],[139.0705255,35.9713786],[139.0704991,35.9713621],[139.0704938,35.9713583],[139.0704913,35.9713566],[139.0704656,35.9713349],[139.0704265,35.9713065],[139.0704028,35.9712926],[139.0703678,35.9712734],[139.0703334,35.9712589],[139.0702718,35.9712408],[139.0702361,35.9712286],[139.0701949,35.9712148],[139.0701802,35.9712098],[139.0700722,35.9711694],[139.0700627,35.9711658],[139.0700498,35.9711865],[139.0700496,35.9711868],[139.0700474,35.9711901],[139.070017,35.9712375],[139.0699836,35.9712895],[139.0699579,35.9713293],[139.0699238,35.9713816],[139.0698736,35.9714607],[139.0698765,35.971468],[139.0701195,35.9715536],[139.070124,35.9715564],[139.0701338,35.9715625],[139.0701453,35.9715749],[139.0701552,35.9715875],[139.0701628,35.9716073],[139.0701624,35.9716352],[139.0700847,35.9717566],[139.0700447,35.9718189],[139.0700386,35.9718285],[139.0700369,35.9718311],[139.0700138,35.9718682],[139.069991,35.971905],[139.0699725,35.9719345],[139.0698534,35.9721228],[139.0697465,35.972291],[139.0696585,35.9724271],[139.0696552,35.9724321],[139.0696351,35.9724763],[139.0696354,35.9724775],[139.0696487,35.9724869],[139.0696819,35.9725113],[139.0697218,35.9725412],[139.069754,35.9725653],[139.0698089,35.9726042],[139.0698749,35.9726517],[139.0698925,35.9726643],[139.0698987,35.9726688],[139.0699181,35.9726825],[139.069975,35.9727194],[139.0699966,35.9727315],[139.0700229,35.9727464],[139.0700564,35.9727651],[139.070098,35.9727856],[139.0701161,35.9727913],[139.0701801,35.9728143],[139.0702107,35.9728243],[139.0702533,35.9728333],[139.0702765,35.9728389],[139.0702769,35.972839],[139.0703072,35.9728492],[139.0703123,35.9728509],[139.0703126,35.972851],[139.0703157,35.9728521],[139.0703252,35.9728552],[139.07038,35.9728735],[139.0704025,35.9728804],[139.0704087,35.9728824],[139.070417,35.9728843],[139.0704554,35.9728362],[139.0705271,35.9727481],[139.070567,35.9726961],[139.0705794,35.9726801],[139.0706012,35.9726507],[139.0706309,35.9726116]]],[[[139.0705074,35.9713207],[139.0705243,35.9713311],[139.0705416,35.9713431],[139.0705368,35.9713475],[139.0705598,35.9713661],[139.0706698,35.9714496],[139.0707166,35.971485],[139.0707927,35.9715435],[139.070805,35.9715549],[139.0708073,35.971557],[139.0708538,35.9715917],[139.0708637,35.9715986],[139.0708664,35.9715992],[139.0708704,35.9715998],[139.0708761,35.9716001],[139.0708785,35.9716002],[139.0708789,35.9716002],[139.0708883,35.9715983],[139.0708982,35.971593],[139.0709292,35.9715647],[139.0711408,35.9713998],[139.0711866,35.9713652],[139.0713813,35.9711773],[139.0715233,35.9710516],[139.0715755,35.9709928],[139.0715921,35.9709499],[139.0715934,35.9709336],[139.07157,35.9708832],[139.0715332,35.9708419],[139.0715329,35.9708417],[139.0714742,35.9707746],[139.0713969,35.97069],[139.0713916,35.9706195],[139.0713889,35.9706101],[139.0713732,35.9705776],[139.071361,35.9705618],[139.0713558,35.9705553],[139.0713418,35.9705404],[139.0713183,35.9705156],[139.0712838,35.9704793],[139.0712614,35.9704558],[139.0712123,35.9704078],[139.0711934,35.970389],[139.0711275,35.9703221],[139.0711099,35.9703035],[139.0710954,35.9702893],[139.0710776,35.9702726],[139.071058,35.9702575],[139.0710366,35.9702409],[139.0709808,35.9702045],[139.0709524,35.9701831],[139.07093,35.9701628],[139.0708941,35.9701266],[139.0708431,35.9700696],[139.0708156,35.9700376],[139.0708026,35.9700222],[139.0707706,35.9699916],[139.0707447,35.9699656],[139.0707287,35.969949],[139.0707083,35.9699281],[139.0706591,35.9698756],[139.0706425,35.9698583],[139.0706347,35.9698497],[139.0706328,35.9698488],[139.0706298,35.9698485],[139.0706279,35.9698482],[139.0706217,35.9698483],[139.0706139,35.9698499],[139.0706062,35.9698538],[139.0706004,35.969859],[139.0705928,35.9698739],[139.0705916,35.9698764],[139.0705443,35.9699727],[139.07054,35.9699714],[139.0705362,35.9699798],[139.0704948,35.9700634],[139.0704753,35.9701026],[139.0704569,35.9701398],[139.0704328,35.970187],[139.0703788,35.9703008],[139.0703685,35.9703217],[139.0703677,35.9703236],[139.0703386,35.9703795],[139.0703059,35.9704433],[139.0702917,35.9704716],[139.0702907,35.9704757],[139.0702905,35.9704786],[139.0702916,35.9704814],[139.0702939,35.9704839],[139.070297,35.9704861],[139.0703113,35.9704927],[139.0704229,35.9705345],[139.0704232,35.9705346],[139.0704493,35.9705444],[139.0704496,35.9705445],[139.0705778,35.9705917],[139.0705579,35.970622],[139.0704098,35.9705593],[139.0704095,35.9705592],[139.0703468,35.9705341],[139.0703465,35.970534],[139.0703107,35.9705197],[139.0702853,35.9705102],[139.0702779,35.9705086],[139.0702775,35.9705085],[139.0702726,35.9705083],[139.0702623,35.9705335],[139.0702411,35.9705813],[139.0702356,35.9706074],[139.0702174,35.9706566],[139.0702215,35.9706572],[139.0702218,35.9706572],[139.0702208,35.9706616],[139.0702143,35.9706944],[139.0702144,35.9707045],[139.0702148,35.9707309],[139.0702156,35.9707465],[139.0702163,35.9707721],[139.0702159,35.9707721],[139.070215,35.9707721],[139.0702147,35.9707864],[139.0702171,35.9708192],[139.0702176,35.970831],[139.0702182,35.9708443],[139.0702166,35.9708686],[139.0702138,35.9708833],[139.0702083,35.9709001],[139.0702036,35.9709105],[139.0701954,35.9709267],[139.0701941,35.9709295],[139.0701688,35.9709731],[139.0701656,35.9709786],[139.0701628,35.9709835],[139.0701407,35.9710234],[139.0701192,35.971062],[139.0700788,35.9711306],[139.0700915,35.9711364],[139.0701255,35.9711482],[139.07017,35.9711661],[139.0701824,35.9711708],[139.0702416,35.9711936],[139.0702419,35.9711937],[139.0703833,35.9712439],[139.0703884,35.9712457],[139.0704202,35.9712717],[139.0704805,35.971304],[139.0705074,35.9713207]]],[[[139.0669995,35.9690647],[139.0670298,35.9690237],[139.0670351,35.9690161],[139.0670366,35.969014],[139.0670416,35.9690066],[139.0670165,35.9689857],[139.0669759,35.9689542],[139.0669159,35.9689057],[139.066911,35.9689017],[139.0669064,35.968898],[139.0668895,35.9688841],[139.0668322,35.9688337],[139.0668097,35.9688152],[139.0668057,35.9688184],[139.0668023,35.9688211],[139.066734,35.9687662],[139.0667308,35.9687636],[139.066713,35.9687771],[139.0666265,35.9688643],[139.0666231,35.9688677],[139.0666215,35.9688694],[139.0666335,35.9689117],[139.0665879,35.9689654],[139.0665216,35.9690433],[139.0664852,35.9690228],[139.0665858,35.9689043],[139.0665734,35.9688604],[139.066601,35.9688327],[139.0666785,35.9687546],[139.0666757,35.9687164],[139.0666623,35.9687052],[139.0665688,35.9686264],[139.066556,35.9686156],[139.0664478,35.9685235],[139.066447,35.9685229],[139.0664403,35.9685182],[139.0664321,35.9685122],[139.0664075,35.9684945],[139.066358,35.9684514],[139.0662727,35.9683791],[139.0662607,35.96837],[139.0662367,35.9683422],[139.0661893,35.9683023],[139.0661607,35.9682799],[139.0661601,35.9682795],[139.0661267,35.9682583],[139.0661263,35.9682584],[139.0660854,35.9682691],[139.0660491,35.9682895],[139.0660155,35.968312],[139.0659587,35.9683446],[139.0658508,35.9684024],[139.0658462,35.9684048],[139.0658412,35.9684069],[139.0658354,35.9684093],[139.0658151,35.9684177],[139.0657906,35.9684296],[139.0657665,35.9684433],[139.0656857,35.9684812],[139.0656806,35.9684844],[139.065676,35.9684875],[139.0656681,35.9684926],[139.0656507,35.968504],[139.0656326,35.968516],[139.0655814,35.9685498],[139.0655006,35.9686058],[139.0654318,35.9686534],[139.0653388,35.96872],[139.0653276,35.9687298],[139.0653025,35.9687517],[139.0653007,35.9687541],[139.0652936,35.9687635],[139.0652579,35.968811],[139.0652213,35.9688533],[139.0651698,35.9689145],[139.0651148,35.9689736],[139.0651095,35.9689792],[139.0650757,35.9690133],[139.0650731,35.969016],[139.0650615,35.9690281],[139.065037,35.9690455],[139.0650313,35.9690487],[139.0650509,35.9690891],[139.0650633,35.9691024],[139.0650663,35.9691056],[139.0650783,35.9691189],[139.065132,35.9691775],[139.065148,35.9691964],[139.0651588,35.9692077],[139.0651595,35.9692084],[139.0651832,35.9692302],[139.0652459,35.9692838],[139.065298,35.9693284],[139.0653128,35.9693411],[139.0653334,35.969346],[139.0653678,35.969371],[139.0653748,35.9693895],[139.0654164,35.9694228],[139.0654539,35.9694529],[139.065493,35.9694532],[139.0654989,35.9694532],[139.0655408,35.9694536],[139.0655622,35.9694543],[139.0655626,35.9694544],[139.0657142,35.9695017],[139.0657201,35.9694972],[139.0657376,35.9694792],[139.0657617,35.9694541],[139.0657693,35.969446],[139.0658095,35.9694032],[139.0658138,35.9694007],[139.0658171,35.9693994],[139.065821,35.969398],[139.0658248,35.9693972],[139.0658251,35.9693971],[139.065826,35.9693971],[139.0658293,35.969397],[139.0658333,35.9693977],[139.0658337,35.9693978],[139.065836,35.9693987],[139.0658959,35.9694289],[139.0659554,35.9694585],[139.0660347,35.9694992],[139.0661091,35.9695341],[139.0661125,35.969536],[139.0661808,35.9695698],[139.0663164,35.9696517],[139.0663179,35.9696526],[139.0663184,35.9696528],[139.0663223,35.9696502],[139.0663269,35.9696473],[139.0663581,35.9696252],[139.0663794,35.9696088],[139.06642,35.9695773],[139.0664614,35.9695463],[139.0665018,35.9695159],[139.0665079,35.9695113],[139.0665153,35.9695088],[139.0665192,35.9695076],[139.0665196,35.9695075],[139.0665766,35.9694671],[139.0666189,35.9694374],[139.0666226,35.9694345],[139.0666359,35.9694242],[139.0666732,35.9693955],[139.0667249,35.9693536],[139.0667788,35.9693118],[139.0668247,35.9692735],[139.0668633,35.9692373],[139.0668762,35.9692251],[139.06692,35.9691739],[139.0669703,35.9691015],[139.0669735,35.9690974],[139.0669995,35.9690647]]],[[[139.0709758,35.9736399],[139.0709696,35.9735734],[139.0709683,35.9735544],[139.070969,35.9735439],[139.0709734,35.9735349],[139.0709797,35.9735259],[139.0709924,35.9735098],[139.0710605,35.9734448],[139.0711334,35.9733645],[139.0711604,35.9733348],[139.0711753,35.9733183],[139.0710375,35.973225],[139.0710316,35.9732211],[139.0709829,35.9731877],[139.0708968,35.9731322],[139.0708043,35.9730748],[139.0707488,35.9731281],[139.0706858,35.9731846],[139.0705828,35.9732889],[139.0705424,35.9733296],[139.0705397,35.9733319],[139.070506,35.9733602],[139.0704563,35.9734146],[139.0704367,35.9734028],[139.0704863,35.9733485],[139.0704676,35.9733359],[139.0704861,35.973319],[139.0704903,35.973306],[139.0703699,35.9732462],[139.0703253,35.9732311],[139.0703006,35.9732141],[139.0703209,35.9731971],[139.0703322,35.9732054],[139.0703428,35.9732049],[139.0703431,35.9732049],[139.0703795,35.9731671],[139.0704053,35.9731381],[139.0704138,35.9731282],[139.0704409,35.9730983],[139.0704812,35.9730513],[139.0704975,35.9730305],[139.0705215,35.9730077],[139.0705442,35.9729756],[139.0704679,35.9729559],[139.0704675,35.9729558],[139.0703881,35.9729328],[139.0703725,35.9729278],[139.0703605,35.97292],[139.0703491,35.9729161],[139.070294,35.9728973],[139.0701904,35.9728633],[139.0700939,35.9728306],[139.0700712,35.9728724],[139.0700301,35.9729531],[139.0700028,35.9730008],[139.0699749,35.9730424],[139.0699574,35.9730686],[139.0699433,35.973088],[139.0699179,35.9731241],[139.0698446,35.9732305],[139.0698406,35.9732341],[139.0698215,35.9732515],[139.0698136,35.9732739],[139.0698108,35.9732816],[139.0698105,35.9732826],[139.0698117,35.9732917],[139.0698116,35.973292],[139.0697992,35.9733157],[139.0697986,35.9733163],[139.0697624,35.9733509],[139.0697424,35.9733701],[139.0697337,35.973385],[139.0697318,35.9734059],[139.0697302,35.9734228],[139.0697281,35.9734393],[139.0697273,35.9734453],[139.0697236,35.9735581],[139.0697255,35.9735971],[139.0697295,35.973665],[139.0697328,35.9736847],[139.0697329,35.973685],[139.0697503,35.9737454],[139.0697509,35.9737476],[139.0697541,35.9737684],[139.0697598,35.973804],[139.0697602,35.9738212],[139.0697617,35.9738421],[139.0697618,35.9738681],[139.0697594,35.9739097],[139.0698675,35.9740223],[139.0699004,35.9740566],[139.0699836,35.9741431],[139.0700223,35.9741833],[139.0700556,35.974218],[139.0700592,35.9742218],[139.0701028,35.9742211],[139.0701032,35.9742211],[139.0701684,35.9741586],[139.0701884,35.9741586],[139.0702082,35.9741587],[139.0702086,35.9741587],[139.0703085,35.9742393],[139.0702725,35.9742643],[139.0702715,35.9742635],[139.0702054,35.9742079],[139.0701756,35.9742097],[139.0701749,35.9742097],[139.0701736,35.974211],[139.0701069,35.974272],[139.0702683,35.9744421],[139.0702876,35.9744628],[139.0703276,35.9745058],[139.0704111,35.9745956],[139.0704137,35.9745945],[139.0704703,35.9745357],[139.070488,35.9745194],[139.0705252,35.9744831],[139.070532,35.9744761],[139.070559,35.9744366],[139.0705762,35.9744434],[139.0705441,35.9744826],[139.0705366,35.9744905],[139.0704941,35.9745361],[139.0704286,35.974604],[139.0704238,35.9746091],[139.0704973,35.9746882],[139.070527,35.9747207],[139.0705318,35.974726],[139.070553,35.9747496],[139.0705541,35.9747489],[139.070561,35.974756],[139.0705601,35.9747566],[139.0705658,35.9747625],[139.0705838,35.9747764],[139.0705974,35.9747683],[139.070684,35.974684],[139.0706924,35.9746758],[139.0706996,35.9746688],[139.0708172,35.974548],[139.0708901,35.9744764],[139.070967,35.9744028],[139.0709811,35.9743894],[139.0710031,35.9743681],[139.0710141,35.9743534],[139.0710283,35.9743389],[139.0710392,35.9743276],[139.0710959,35.9742831],[139.0711001,35.9742812],[139.0711167,35.9742733],[139.0711208,35.9742707],[139.0711491,35.9742446],[139.0712119,35.9741807],[139.0712266,35.9741645],[139.0712331,35.9741555],[139.0712334,35.9741551],[139.0712294,35.9741483],[139.0712124,35.9741188],[139.0711265,35.9739656],[139.071115,35.973945],[139.0710924,35.973902],[139.0710776,35.9738727],[139.0710582,35.9738275],[139.0710567,35.973824],[139.0710506,35.9738098],[139.0710007,35.9737136],[139.0709998,35.973711],[139.0709931,35.973695],[139.0709923,35.9736927],[139.0709816,35.9736618],[139.0709758,35.9736399]]],[[[139.0662245,35.9728515],[139.0662181,35.9728462],[139.0661462,35.9727888],[139.0658809,35.9725758],[139.0658029,35.972513],[139.0657448,35.9724663],[139.0653904,35.9721813],[139.0653718,35.9721985],[139.0653738,35.9722074],[139.0654179,35.9723555],[139.0654449,35.9724703],[139.0654746,35.9726],[139.0654809,35.9726273],[139.0654927,35.9726752],[139.0655121,35.9727541],[139.0655172,35.9727745],[139.0655432,35.9728801],[139.0655442,35.9728841],[139.0655611,35.9729529],[139.0655607,35.9729529],[139.0655546,35.972954],[139.0655671,35.9729985],[139.0655733,35.9729972],[139.0655736,35.9729971],[139.0655945,35.9730706],[139.065792,35.9730051],[139.0657947,35.9730103],[139.0658076,35.9730359],[139.0658089,35.9730385],[139.0658027,35.9730405],[139.0656813,35.9730808],[139.0656379,35.9730952],[139.065612,35.9731349],[139.0656129,35.9731379],[139.0656296,35.973196],[139.0656351,35.9732162],[139.0656353,35.9732168],[139.0656531,35.9732812],[139.0656776,35.9733673],[139.0656787,35.9733711],[139.0656894,35.9734085],[139.0657149,35.973492],[139.0657232,35.9735197],[139.0657343,35.9735445],[139.0657556,35.9735898],[139.0657558,35.9735903],[139.0657582,35.9735953],[139.0657722,35.9736196],[139.0657943,35.9736596],[139.0658026,35.9736745],[139.0658163,35.9737032],[139.0658186,35.9737071],[139.0658351,35.9737355],[139.0658475,35.9737583],[139.0658497,35.9737625],[139.0658974,35.9737413],[139.0659194,35.9737327],[139.0659305,35.9737276],[139.0659986,35.973697],[139.0660786,35.9736614],[139.0662062,35.9736051],[139.0662068,35.973606],[139.066221,35.9736273],[139.0661629,35.9736531],[139.0661586,35.973655],[139.0661634,35.9736619],[139.066165,35.9736642],[139.0660649,35.9737091],[139.0660206,35.9737294],[139.0659558,35.9737585],[139.0659418,35.9737649],[139.0658822,35.973792],[139.0658724,35.9738047],[139.0658752,35.9738099],[139.0659167,35.9738872],[139.0659204,35.9738947],[139.0659635,35.9739812],[139.0659826,35.9740194],[139.0659856,35.9740254],[139.0659905,35.9740333],[139.0660001,35.9740489],[139.0660081,35.974058],[139.066018,35.9740696],[139.0660136,35.974072],[139.066035,35.9740872],[139.0660524,35.9740952],[139.0660605,35.9740987],[139.0661021,35.9741149],[139.0661546,35.974134],[139.0663171,35.9741999],[139.0663737,35.9742224],[139.0664949,35.9742742],[139.0665236,35.9742841],[139.0665263,35.9742846],[139.066535,35.9742864],[139.0665434,35.974286],[139.0665483,35.9742857],[139.0665486,35.9742857],[139.0665713,35.9742798],[139.0665782,35.9742769],[139.0667482,35.9742042],[139.0668359,35.9741734],[139.0668896,35.9741545],[139.0670066,35.9741101],[139.0670533,35.974092],[139.0670845,35.97408],[139.0670889,35.9740783],[139.0670856,35.9740723],[139.0670826,35.9740667],[139.0671337,35.9740465],[139.0671344,35.9740461],[139.0671957,35.974022],[139.0672016,35.974001],[139.0671794,35.9739813],[139.0671356,35.973941],[139.0671071,35.9739148],[139.067102,35.9739101],[139.0670944,35.973903],[139.0670211,35.9738351],[139.0669897,35.9738061],[139.0670249,35.9737815],[139.0670561,35.9738102],[139.0671293,35.973878],[139.0671361,35.9738844],[139.0672139,35.9739559],[139.0672359,35.9739754],[139.0672461,35.973983],[139.0672799,35.9739886],[139.0672957,35.9739824],[139.067329,35.9739708],[139.0673732,35.9739555],[139.0673773,35.9739539],[139.0674601,35.9739222],[139.067469,35.9739189],[139.0674799,35.9739081],[139.0674925,35.9738881],[139.0674943,35.9738846],[139.0674981,35.9738707],[139.0674392,35.9738242],[139.0672428,35.9736688],[139.0671814,35.9736194],[139.0671604,35.9736022],[139.0671585,35.9736007],[139.0671389,35.9735847],[139.0670292,35.9734955],[139.066953,35.9734334],[139.0669165,35.9734037],[139.066805,35.9733157],[139.0667648,35.9732839],[139.0667161,35.9732455],[139.0667132,35.9732432],[139.0666702,35.9732081],[139.0666528,35.9731939],[139.0666157,35.9731639],[139.0665037,35.973074],[139.0664896,35.973062],[139.0664385,35.9730908],[139.0664065,35.9731152],[139.0663942,35.9731275],[139.0663863,35.9731395],[139.0663579,35.9731239],[139.0663669,35.9731115],[139.0663818,35.9730971],[139.0664145,35.9730698],[139.0664594,35.9730375],[139.0664489,35.9730291],[139.066433,35.9730166],[139.0663008,35.9729136],[139.0662245,35.9728515]]],[[[139.0675185,35.9701652],[139.0675203,35.9701366],[139.0675338,35.9700341],[139.0675529,35.9699572],[139.0675747,35.9699103],[139.0676018,35.969862],[139.0676838,35.9697562],[139.0677213,35.9697146],[139.0677893,35.969648],[139.0677904,35.9696471],[139.0677955,35.969643],[139.067704,35.9695639],[139.0676981,35.9695586],[139.0676567,35.9695224],[139.0675829,35.9694579],[139.067581,35.9694575],[139.067577,35.9694574],[139.0675767,35.9694574],[139.0675707,35.9694579],[139.0675647,35.9694591],[139.0675576,35.9694618],[139.0675479,35.9694754],[139.0675347,35.9694938],[139.0675332,35.969496],[139.0675328,35.9694966],[139.0675253,35.969493],[139.067518,35.9694894],[139.0675174,35.9694892],[139.0675365,35.9694624],[139.0675464,35.9694484],[139.0675474,35.9694424],[139.0675474,35.9694359],[139.0675465,35.9694267],[139.0674687,35.9693615],[139.0674477,35.9693441],[139.0674321,35.9693309],[139.0673684,35.9692775],[139.0673582,35.9692687],[139.0673465,35.9692586],[139.0673382,35.969251],[139.0672806,35.9692101],[139.0672555,35.9691931],[139.0672497,35.9691881],[139.0671804,35.9693052],[139.0671791,35.9693047],[139.067177,35.9693037],[139.0671615,35.9692969],[139.0671808,35.969263],[139.0672272,35.9691844],[139.0672334,35.9691738],[139.0671965,35.9691421],[139.0671821,35.9691296],[139.0671747,35.9691232],[139.0670942,35.9690546],[139.0670737,35.9690358],[139.0670685,35.969031],[139.0670576,35.9690217],[139.0670465,35.9690325],[139.0669915,35.9691038],[139.0669838,35.9691149],[139.0669661,35.9691382],[139.0669392,35.9691729],[139.0669176,35.9691996],[139.0668975,35.9692257],[139.0668894,35.9692341],[139.0668773,35.9692461],[139.0668404,35.9692813],[139.0668384,35.9692832],[139.0668063,35.9693116],[139.0667921,35.969323],[139.066726,35.9693752],[139.0666764,35.9694145],[139.066641,35.9694415],[139.0666305,35.9694494],[139.0665873,35.9694802],[139.0665309,35.9695203],[139.0665223,35.9695285],[139.0665169,35.9695314],[139.0665074,35.9695368],[139.0663993,35.9696215],[139.0663462,35.9696655],[139.0663405,35.9696708],[139.066342,35.9696715],[139.0664302,35.9697197],[139.0664808,35.9697429],[139.0665067,35.9697547],[139.0665251,35.9697627],[139.0666381,35.9698115],[139.0666724,35.9698257],[139.0667676,35.9698673],[139.0667745,35.9698703],[139.0667751,35.9698706],[139.0667936,35.9698937],[139.066793,35.9698934],[139.0667788,35.9698875],[139.0667764,35.9698867],[139.0666916,35.9698534],[139.066663,35.9698421],[139.0666268,35.9698236],[139.066563,35.9697961],[139.0665259,35.9697801],[139.0665208,35.9697779],[139.0665062,35.9697716],[139.066461,35.9697512],[139.0664215,35.9697334],[139.0663762,35.9697135],[139.066326,35.969687],[139.0663224,35.9696852],[139.0663045,35.9697037],[139.0662894,35.9697218],[139.0662722,35.9697455],[139.0662579,35.9697693],[139.0662531,35.9697798],[139.0662402,35.9698079],[139.0662312,35.969829],[139.0662199,35.9698595],[139.0662194,35.969862],[139.066213,35.9698922],[139.0662117,35.969937],[139.0662116,35.9699411],[139.066211,35.9699445],[139.0662168,35.9699492],[139.066256,35.9699611],[139.0662678,35.9699654],[139.0663514,35.9699949],[139.0663406,35.9700163],[139.0662936,35.9700005],[139.0662563,35.9699878],[139.0662462,35.9699851],[139.0662182,35.9699854],[139.0662187,35.9699881],[139.0661928,35.9700942],[139.0661429,35.970299],[139.0661095,35.9704355],[139.0661167,35.9704694],[139.0661175,35.9704728],[139.0661249,35.970477],[139.0661779,35.9705075],[139.066238,35.9705421],[139.0662388,35.9705426],[139.0662546,35.9705516],[139.066357,35.9706085],[139.0664976,35.9706844],[139.0665046,35.9706883],[139.0665135,35.9706913],[139.0665582,35.9707068],[139.0665585,35.9707069],[139.0665667,35.9707086],[139.0665746,35.9707103],[139.066578,35.9707111],[139.0666141,35.9707317],[139.0666267,35.9707456],[139.0666991,35.9707877],[139.0668132,35.9708595],[139.0669147,35.9709202],[139.0669662,35.970913],[139.0671651,35.9708859],[139.067169,35.9708854],[139.0671851,35.9708829],[139.0671854,35.9708829],[139.0672065,35.9708682],[139.0672776,35.9707871],[139.0673809,35.9706703],[139.0674016,35.9706463],[139.0674978,35.9705322],[139.0675111,35.970516],[139.0675404,35.9704849],[139.0675424,35.9704822],[139.0675456,35.9704729],[139.0675467,35.9704617],[139.0675451,35.9704477],[139.067539,35.9704159],[139.0675215,35.9703494],[139.0675178,35.9703337],[139.0675154,35.9703181],[139.0675142,35.9702901],[139.067515,35.9702194],[139.0675185,35.9701652]]],[[[139.0686724,35.9745695],[139.0686609,35.9745794],[139.0686561,35.9745838],[139.0685953,35.9746337],[139.0686716,35.9746943],[139.0687367,35.9747468],[139.0687546,35.9747611],[139.0688135,35.9748085],[139.0688367,35.9748271],[139.068837,35.9748269],[139.068918,35.9747586],[139.0691116,35.9745953],[139.0691278,35.9746087],[139.0692563,35.9745127],[139.0692809,35.974533],[139.0691294,35.9746623],[139.0692581,35.9747719],[139.0692231,35.9747999],[139.0692253,35.974789],[139.0690987,35.9746868],[139.0690669,35.9746849],[139.0688657,35.9748502],[139.0689395,35.9749096],[139.0689976,35.9749562],[139.0690133,35.9749689],[139.0690520155376,35.975],[139.07032900774402,35.975],[139.0704933,35.9748139],[139.0704948,35.9747973],[139.0704936,35.9747967],[139.0704114,35.9747567],[139.0703497,35.9747253],[139.0703251,35.9747116],[139.0702945,35.9746946],[139.0702481,35.9746674],[139.0702411,35.9746633],[139.0702374,35.9746612],[139.0701622,35.9746202],[139.0700814,35.9745768],[139.070066,35.9745679],[139.0700577,35.974563],[139.0700388,35.9745491],[139.0700302,35.9745429],[139.0700202,35.9745355],[139.0700197,35.9745351],[139.0700071,35.9745245],[139.069945,35.9744688],[139.0699323,35.9744553],[139.069907,35.9744051],[139.0698884,35.9743635],[139.0698728,35.9743309],[139.0698558,35.9742951],[139.0698545,35.9742959],[139.0698367,35.974308],[139.0697578,35.9743618],[139.0697501,35.974369],[139.0696606,35.9744652],[139.0696426,35.9744846],[139.0696355,35.9744801],[139.0696081,35.974463],[139.0696014,35.9744587],[139.0696363,35.9744214],[139.069722,35.9743299],[139.0697261,35.9743331],[139.0698353,35.9742595],[139.069838,35.9742577],[139.0698276,35.9742358],[139.0698028,35.9741882],[139.0697883,35.9741591],[139.069776,35.9741302],[139.0697641,35.9740974],[139.0697562,35.9740777],[139.0697528,35.9740766],[139.0696564,35.9741552],[139.0695824,35.974216],[139.0695865,35.974219],[139.0695345,35.974264],[139.0694953,35.9742981],[139.06948,35.9743093],[139.0694511,35.9743303],[139.0693935,35.9743869],[139.0694008,35.9744057],[139.0693285,35.9744807],[139.0693178,35.9744724],[139.0693873,35.9744019],[139.0693853,35.9743934],[139.0693685,35.9743834],[139.069472,35.9742803],[139.0694982,35.9742575],[139.0695556,35.9742076],[139.069563,35.9742012],[139.0696363,35.9741394],[139.0697333,35.9740606],[139.0697409,35.9740533],[139.0697571,35.974032],[139.0697614,35.9740207],[139.0697616,35.9740091],[139.0697584,35.9739915],[139.069756,35.973982],[139.0697169,35.973942],[139.0696648,35.9738901],[139.0696498,35.9738756],[139.0696279,35.9738545],[139.0696158,35.9738423],[139.0696045,35.9738309],[139.069533,35.9737587],[139.0695047,35.9737306],[139.0694969,35.973723],[139.0694871,35.9737123],[139.0694786,35.9737042],[139.0694719,35.9736984],[139.0694549,35.9736829],[139.0694506,35.973679],[139.0694429,35.9736713],[139.0693612,35.9735905],[139.0693085,35.9735404],[139.0693017,35.9735339],[139.0693014,35.9735338],[139.0692262,35.9735168],[139.0690288,35.9736802],[139.0689297,35.9737624],[139.0689136,35.9737757],[139.0689056,35.9737825],[139.0687933,35.973877],[139.0687732,35.9738949],[139.0687467,35.9739184],[139.0686993,35.9739606],[139.0687002,35.9739642],[139.0687504,35.9739896],[139.0689952,35.9741077],[139.0690485,35.9741326],[139.06904,35.9741464],[139.0689105,35.9740825],[139.0688404,35.9741867],[139.0688238,35.9741794],[139.068892,35.974078],[139.0688904,35.9740734],[139.0687787,35.9740175],[139.068743,35.9739996],[139.0686835,35.9739696],[139.068491,35.974135],[139.0684887,35.9741375],[139.068574,35.9741828],[139.0686602,35.9742279],[139.0686732,35.9742347],[139.0686844,35.9742438],[139.0686928,35.9742569],[139.0687007,35.9742763],[139.068707,35.9742946],[139.0687136,35.9743138],[139.0687186,35.9743277],[139.0687232,35.9743393],[139.0687252,35.9743429],[139.0687285,35.974348],[139.0687331,35.9743538],[139.0687405,35.9743617],[139.0687526,35.9743705],[139.0687689,35.9743812],[139.0687903,35.9743963],[139.0688004,35.9744092],[139.0688051,35.9744254],[139.068804,35.9744358],[139.0688011,35.974447],[139.0687946,35.9744572],[139.0687922,35.9744594],[139.068762,35.9744925],[139.0686724,35.9745695]]],[[[139.0652591,35.9718421],[139.0652611,35.9718491],[139.0652729,35.9718895],[139.0652842,35.9719281],[139.0652838,35.9719281],[139.0652775,35.9719299],[139.0652697,35.9719609],[139.0653065,35.9719901],[139.0653686,35.9720395],[139.0653987,35.9720635],[139.0657286,35.9723263],[139.0657901,35.9723747],[139.0658224,35.9724004],[139.0658395,35.972414],[139.0662936,35.9727754],[139.0663082,35.9727746],[139.0663201,35.972774],[139.0663287,35.972767],[139.066387,35.9727182],[139.0664403,35.9726733],[139.0664896,35.9726317],[139.0665357,35.9725941],[139.0665576,35.9725761],[139.0666088,35.9725303],[139.0666531,35.9724906],[139.0666916,35.9724578],[139.0667889,35.9723733],[139.0668865,35.9722902],[139.0669056,35.9722737],[139.0669199,35.9722619],[139.0669236,35.9722588],[139.066933,35.9722509],[139.0669423,35.9722433],[139.0669613,35.9722258],[139.0669668,35.9722206],[139.0669888,35.9722019],[139.0669982,35.9721939],[139.067019,35.9721762],[139.0670716,35.9721316],[139.0671243,35.9720871],[139.0671537,35.9720624],[139.0672072,35.9720176],[139.0672105,35.9720148],[139.0672157,35.9720107],[139.0672324,35.9719695],[139.0672244,35.9719636],[139.0671552,35.9719121],[139.0670683,35.9718474],[139.0669561,35.9717652],[139.0668739,35.9717083],[139.0667949,35.971654],[139.0667707,35.9716374],[139.0667615,35.9716311],[139.0666973,35.9715882],[139.0666825,35.9715783],[139.0666469,35.9715548],[139.0666311,35.9715443],[139.0665855,35.9715131],[139.0665292,35.9714771],[139.0665335,35.9714733],[139.0665124,35.9714583],[139.0664857,35.9714402],[139.0664816,35.9714441],[139.0664554,35.9714239],[139.0663919,35.9713783],[139.0663328,35.9713361],[139.0663204,35.9713272],[139.0662383,35.9712685],[139.0662259,35.9712594],[139.0662099,35.9712479],[139.0661924,35.9712352],[139.0661218,35.971184],[139.0660997,35.9711684],[139.0660325,35.971121],[139.0660293,35.9711187],[139.0659951,35.9710946],[139.0659013,35.9710284],[139.0658166,35.9709631],[139.065811,35.9709589],[139.0657219,35.9708907],[139.0657088,35.9708753],[139.0657078,35.9708748],[139.0656821,35.9708618],[139.065681,35.9708612],[139.0656559,35.9708455],[139.0656524,35.9708433],[139.065534,35.9707528],[139.0654785,35.9707106],[139.0653733,35.9706284],[139.0653558,35.9706147],[139.0653648,35.9706069],[139.0654607,35.9706815],[139.0656435,35.970822],[139.0656565,35.9708258],[139.0656659,35.9708241],[139.065643,35.9707937],[139.0655806,35.9707117],[139.065558,35.9706826],[139.0654932,35.9705983],[139.0654759,35.9705754],[139.06546,35.9705544],[139.0654208,35.9705026],[139.0653754,35.9704423],[139.0653347,35.9703887],[139.0652808,35.9703157],[139.0652473,35.9702735],[139.0651531,35.9701489],[139.0651089,35.9700892],[139.0650916,35.9700658],[139.0650795,35.970052],[139.0650784,35.9700508],[139.0650681,35.9700566],[139.0650556,35.9700639],[139.0650553,35.9700639],[139.0650482,35.9700654],[139.0650485,35.9700664],[139.0650589,35.9700969],[139.065064,35.970112],[139.0650648,35.9701141],[139.0650691,35.970127],[139.0650916,35.9702267],[139.0651123,35.9703101],[139.0651143,35.9703236],[139.0651194,35.9703577],[139.065123,35.970382],[139.0651403,35.9705008],[139.0651542,35.9705953],[139.0651623,35.970669],[139.0651643,35.9707176],[139.0651669,35.9707813],[139.0651687,35.9708819],[139.0651665,35.9709332],[139.0651652,35.9709538],[139.0651625,35.9709958],[139.0651574,35.9710748],[139.0651495,35.9711795],[139.0651494,35.9711804],[139.0651389,35.9712429],[139.0651328,35.9712764],[139.0651236,35.9713262],[139.0651178,35.9713989],[139.0651196,35.9714436],[139.0651195,35.9714495],[139.0651194,35.9714597],[139.0651199,35.9714628],[139.0651208,35.9714685],[139.0651292,35.9715041],[139.0651373,35.9715385],[139.0651569,35.9715858],[139.0651657,35.9716082],[139.0651685,35.9716152],[139.0652091,35.9717107],[139.0652237,35.9717439],[139.0652271,35.9717508],[139.0652386,35.9717744],[139.0652524,35.9718196],[139.0652591,35.9718421]]],[[[139.06795746626747,35.975],[139.0678317,35.9749161],[139.0678195,35.9749209],[139.0678055,35.9749534],[139.0677834551105,35.975],[139.06795746626747,35.975]]],[[[139.0673957,35.9720778],[139.0673994,35.9720742],[139.0673983,35.9720734],[139.0673582,35.9720465],[139.0673368,35.9720316],[139.0673329,35.9720352],[139.0672753,35.9720442],[139.0672608,35.972057],[139.0672405,35.9720737],[139.0672294,35.9720828],[139.0671771,35.9721271],[139.0671529,35.9721475],[139.0671195,35.9721757],[139.0670608,35.9722269],[139.0670461,35.9722397],[139.0670389,35.9722457],[139.0670212,35.9722603],[139.0669497,35.9723219],[139.0669504,35.9723226],[139.0669523,35.9723244],[139.0669493,35.9723271],[139.0669497,35.9723274],[139.0669438,35.9723327],[139.0669432,35.9723324],[139.0668424,35.9724182],[139.0667397,35.9725073],[139.0666516,35.9725827],[139.0666074,35.9726204],[139.066586,35.9726387],[139.0665374,35.97268],[139.0665301,35.9726862],[139.0664614,35.9727445],[139.0664445,35.9727589],[139.0663857,35.9728092],[139.0663819,35.9728126],[139.0663819,35.9728144],[139.0663831,35.9728545],[139.0665804,35.9730118],[139.0666886,35.9730985],[139.0666928,35.973102],[139.0666997,35.9731074],[139.0669879,35.9733393],[139.0670311,35.973374],[139.067099,35.9734289],[139.0671401,35.9734619],[139.0672253,35.9735304],[139.067349,35.9736292],[139.0674001,35.9736698],[139.0676878,35.9738995],[139.0676884,35.9738994],[139.0678248,35.9738649],[139.0678487,35.9738521],[139.0678799,35.9738517],[139.0678956,35.9738509],[139.067912,35.9738502],[139.0680672,35.9738292],[139.0680774,35.9738279],[139.0681203,35.9738208],[139.0681232,35.9738203],[139.0681306,35.9738173],[139.068135,35.9738131],[139.0681339,35.9738074],[139.0679138,35.9736731],[139.0678353,35.9736251],[139.0678373,35.973623],[139.0678615,35.973598],[139.0679856,35.9736736],[139.0682043,35.9738071],[139.0684002,35.9739186],[139.0684797,35.9739696],[139.0685259,35.9739972],[139.0685524,35.9739955],[139.0686303,35.9739286],[139.0687332,35.9738409],[139.0688636,35.9737349],[139.0689298,35.9736796],[139.0691482,35.973497],[139.0691484,35.9734883],[139.0691484,35.9734735],[139.0691446,35.9734516],[139.0691364,35.9734246],[139.0691224,35.9734137],[139.0689409,35.9732652],[139.0688255,35.9731753],[139.0687451,35.973111],[139.0687213,35.9731176],[139.0686331,35.9730491],[139.0686312,35.9730214],[139.0685323,35.9729192],[139.0685321,35.972919],[139.0684129,35.9728208],[139.0683447,35.972771],[139.0682348,35.9726846],[139.0680273,35.9725275],[139.0680084,35.9725131],[139.0679903,35.9724994],[139.0679408,35.972464],[139.0678717,35.9724153],[139.0676592,35.9722655],[139.0676344,35.972287],[139.0676351,35.9722956],[139.0677681,35.9725167],[139.0677877,35.9725492],[139.0677953,35.9725624],[139.0678552,35.9726653],[139.0678647,35.9726759],[139.0678735,35.9726858],[139.0678956,35.9727312],[139.0679086,35.972758],[139.0679346,35.9728234],[139.0679343,35.9728234],[139.0679177,35.9728277],[139.067892,35.9727628],[139.0678673,35.9727126],[139.0678577,35.9726929],[139.0678428,35.9726714],[139.0677747,35.9725543],[139.0677122,35.9724568],[139.0676813,35.9724051],[139.0676288,35.9723177],[139.0676234,35.9723205],[139.067616,35.9723244],[139.067594,35.9722915],[139.0676296,35.9722535],[139.0676348,35.972248],[139.0675692,35.9722015],[139.0675689,35.9722017],[139.0675618,35.9722063],[139.0675438,35.9722431],[139.0675145,35.9723195],[139.0675129,35.9723236],[139.0675115,35.9723276],[139.0674669,35.9724933],[139.0674358,35.9724877],[139.0674593,35.9724044],[139.067483,35.9723204],[139.0675207,35.9722099],[139.0675278,35.9721998],[139.0675327,35.9721842],[139.0675325,35.9721763],[139.0673957,35.9720778]]],[[[139.0687375,35.9712863],[139.0685425,35.9713904],[139.0684848,35.971421],[139.0684607,35.9713951],[139.0687114,35.9712488],[139.0687159,35.9712345],[139.0687423,35.9711502],[139.0687416,35.9711483],[139.0687167,35.9710875],[139.0687061,35.9710658],[139.06869,35.971021],[139.0686736,35.9709823],[139.0686381,35.9708981],[139.0686153,35.9708439],[139.0685586,35.9707175],[139.0685103,35.9706408],[139.0685099,35.9706405],[139.0684959,35.9706292],[139.0684773,35.9706323],[139.0684565,35.9706359],[139.0683483,35.9706901],[139.0682716,35.9707236],[139.0680481,35.9708166],[139.0680477,35.9708166],[139.0680263,35.9708173],[139.0680245,35.9708162],[139.0679991,35.9708014],[139.0679792,35.9707845],[139.0679772,35.970783],[139.0678967,35.9707097],[139.0678614,35.9706808],[139.0678113,35.9706422],[139.0677858,35.9706172],[139.0677348,35.9705744],[139.0676571,35.9705169],[139.0676525,35.9705137],[139.0676325,35.9704995],[139.0676326,35.9704998],[139.0676343,35.9705055],[139.0676388,35.9705168],[139.0676485,35.9705284],[139.0676784,35.9705549],[139.0677392,35.9706118],[139.0679319,35.9708025],[139.0679236,35.9708071],[139.0678874,35.9708273],[139.0677053,35.9706524],[139.0677031,35.9706372],[139.0676223,35.9705613],[139.0675934,35.9705517],[139.0675745,35.9705368],[139.0675643,35.9705246],[139.0675587,35.9705185],[139.0675504,35.9705171],[139.0675461,35.9705182],[139.0675146,35.9705411],[139.0674668,35.9705945],[139.0673967,35.9706779],[139.0673559,35.9707295],[139.0673498,35.9707353],[139.0673493,35.9707365],[139.06735,35.9707415],[139.067351,35.9707442],[139.0673532,35.9707503],[139.0673565,35.9707555],[139.0673925,35.9708118],[139.0674719,35.9709372],[139.067578,35.9711021],[139.0676373,35.971192],[139.0676954,35.9712856],[139.0677707,35.9713949],[139.0677986,35.9714328],[139.0678275,35.9714667],[139.0678408,35.9714834],[139.0678581,35.9715168],[139.0678951,35.9715844],[139.0678976,35.9715939],[139.0678975,35.9715958],[139.0678975,35.9715986],[139.0678967,35.9716254],[139.067872,35.9716501],[139.0678712,35.9716507],[139.0678741,35.9716537],[139.0677922,35.9717058],[139.0677895,35.9717075],[139.0677792,35.9717141],[139.067743,35.971737],[139.0677406,35.9717385],[139.0677437,35.9717416],[139.0678904,35.971884],[139.0678958,35.9718898],[139.0678611,35.9719113],[139.0678647,35.9719267],[139.0679693,35.9719944],[139.0679912,35.972023],[139.068043,35.9720575],[139.0680311,35.9720693],[139.0679921,35.9720433],[139.067977,35.9720332],[139.0679565,35.9720066],[139.0679549,35.9720047],[139.0678466,35.9719347],[139.0678405,35.9719117],[139.0678416,35.9718995],[139.0678422,35.971899],[139.0678617,35.971883],[139.0677209,35.9717463],[139.0676809,35.9717722],[139.0676488,35.9717921],[139.0676515,35.9717949],[139.0675883,35.9718381],[139.0675481,35.9718667],[139.067494,35.9719063],[139.0674441,35.9719401],[139.0674074,35.9719756],[139.0673844,35.9719957],[139.0673826,35.9719973],[139.0673982,35.9720089],[139.0674696,35.9720577],[139.0675448,35.9721123],[139.0675998,35.9721506],[139.0676153,35.9721618],[139.0676227,35.972167],[139.0676729,35.9722029],[139.0677145,35.9722325],[139.0678931,35.9723595],[139.0679406,35.9723943],[139.0679827,35.972425],[139.0679972,35.9724204],[139.068102,35.972328],[139.068161,35.9723754],[139.0681629,35.9723767],[139.0680647,35.9724668],[139.0680604,35.9724796],[139.0681538,35.9725475],[139.0682569,35.9726212],[139.0682835,35.9726402],[139.0684675,35.9727746],[139.0685921,35.9728785],[139.0686046,35.9728888],[139.0686546,35.9728632],[139.0686917,35.9728178],[139.068714,35.9727881],[139.0687517,35.9728071],[139.0687291,35.9728372],[139.0686863,35.9728896],[139.0686627,35.9729358],[139.068708,35.9729726],[139.0687745,35.973028],[139.0688418,35.9730805],[139.0688769,35.9731071],[139.0689442,35.9731577],[139.0690097,35.9732086],[139.0691965,35.9733555],[139.0692121,35.9733671],[139.0692757,35.9733687],[139.069277,35.9733688],[139.0693015,35.9733461],[139.0693613,35.9732818],[139.0693703,35.9732719],[139.069377,35.9732645],[139.0694006,35.973237],[139.0694274,35.9732058],[139.0694314,35.9732024],[139.0694419,35.9731935],[139.0694468,35.9731893],[139.0694475,35.9731887],[139.0694587,35.9731802],[139.0694932,35.9731538],[139.0695776,35.9730914],[139.0695808,35.973089],[139.0695876,35.9730841],[139.0697182,35.9729974],[139.0698425,35.9729146],[139.0698492,35.9729101],[139.069869,35.972897],[139.0699301,35.9728537],[139.0699412,35.972844],[139.0699503,35.9728345],[139.0699553,35.9728293],[139.0699619,35.9728063],[139.0699578,35.9727779],[139.0699411,35.9727557],[139.0698838,35.9727116],[139.0697982,35.9726483],[139.0697219,35.9725927],[139.0696892,35.9725676],[139.0696759,35.9725575],[139.0696185,35.972515],[139.0695332,35.9724566],[139.0695216,35.972447],[139.069482,35.9724207],[139.0694609,35.9724092],[139.069455,35.9724058],[139.0693738,35.9723582],[139.069339,35.9723412],[139.0693058,35.9723177],[139.0692879,35.9723065],[139.0692354,35.9722657],[139.0692241,35.9722566],[139.0692156,35.9722542],[139.0692065,35.9722528],[139.0691963,35.9722557],[139.0691879,35.9722588],[139.0691815,35.9722621],[139.0691784,35.972264],[139.0691664,35.9722713],[139.0691557,35.9722846],[139.0690369,35.9724368],[139.0690103,35.9723885],[139.0690136,35.9723843],[139.0691232,35.9722426],[139.0691234,35.9722423],[139.0691322,35.9722313],[139.0691451,35.9722256],[139.0691493,35.9722222],[139.0691786,35.9721816],[139.0691827,35.9721649],[139.0691789,35.9721479],[139.0691761,35.972137],[139.0691608,35.9721105],[139.0691486,35.9720902],[139.0691344,35.9720619],[139.0691178,35.9720272],[139.0690909,35.9719659],[139.0690739,35.9719264],[139.0690599,35.971894],[139.0690388,35.9718513],[139.069038,35.9718503],[139.0689041,35.9716818],[139.0687229,35.9717787],[139.0687455,35.9718059],[139.068707,35.9718271],[139.0686203,35.9717206],[139.0688734,35.9715801],[139.0688907,35.9715705],[139.0689037,35.9715523],[139.0689043,35.9715515],[139.0688949,35.9715312],[139.0688802,35.9714997],[139.0688697,35.9714734],[139.0688186,35.9713429],[139.0687983,35.9712915],[139.0687901,35.971287],[139.0687807,35.9712819],[139.0687703,35.9712807],[139.0687533,35.9712787],[139.0687521,35.9712786],[139.0687375,35.9712863]]],[[[139.0705704,35.9748378],[139.07056,35.9748292],[139.0705588,35.9748303],[139.0705558,35.9748279],[139.0705386,35.9748429],[139.0705374,35.9748439],[139.0705007,35.9748746],[139.070489,35.9748862],[139.0704409,35.9749344],[139.0704151,35.9749667],[139.070412,35.9749698],[139.0704147,35.9749714],[139.0703897231806,35.975],[139.07076749720997,35.975],[139.0706266,35.9748855],[139.0705704,35.9748378]]],[[[139.06731188195488,35.975],[139.0673127,35.9749966],[139.0673149,35.9749876],[139.0673179,35.9749793],[139.0673192,35.9749774],[139.0673222,35.9749731],[139.0673271,35.9749681],[139.0673507,35.9749457],[139.0673678,35.9749283],[139.0674323,35.974863],[139.0674401,35.974854],[139.0674706,35.9748003],[139.0671291,35.9746153],[139.067099,35.9745982],[139.0670675,35.9745836],[139.0670515,35.9745762],[139.0670371,35.9745842],[139.0670196,35.974595],[139.0670156,35.974598],[139.0669874,35.9746241],[139.0669674,35.9746453],[139.0669561,35.9746571],[139.0669028,35.9747174],[139.0668344,35.9747906],[139.0668054,35.9747726],[139.0668193,35.9747575],[139.0668733,35.9746997],[139.0669267,35.9746392],[139.0669383,35.974627],[139.0669582,35.9746063],[139.0670051,35.9745543],[139.0670005,35.9745522],[139.0669772,35.9745413],[139.066956,35.9745298],[139.0669469,35.9745249],[139.0669087,35.9745061],[139.0668561,35.9744801],[139.0668563,35.9744798],[139.0668572,35.9744784],[139.0666514,35.9743769],[139.0666175,35.9743602],[139.0665815,35.9743419],[139.0665644,35.9743332],[139.0665583,35.9743357],[139.0665114,35.974355],[139.0664841,35.9743665],[139.0664645,35.9743744],[139.066424,35.9743872],[139.066417,35.9743895],[139.0663967,35.9743958],[139.0663722,35.9744026],[139.0663535,35.9744071],[139.066335,35.9744112],[139.0663128,35.9744151],[139.0663124,35.9744152],[139.0662951,35.9744176],[139.0662721,35.9744197],[139.0662717,35.9744197],[139.0662484,35.9744205],[139.0662481,35.9744205],[139.0662317,35.9744211],[139.0662313,35.9744211],[139.0662131,35.9744206],[139.0661958,35.97442],[139.066176,35.9744178],[139.0661555,35.9744153],[139.0661551,35.9744152],[139.0661385,35.974413],[139.0661211,35.9744106],[139.0661208,35.9744106],[139.066088,35.9744043],[139.0660876,35.9744043],[139.065654,35.9743136],[139.0656407,35.9743108],[139.0655062,35.9742834],[139.0653917,35.97426],[139.0653812,35.9742579],[139.0653238,35.9742427],[139.0652575,35.974219],[139.0651912,35.9741902],[139.06514,35.9741645],[139.0650815,35.9741324],[139.065011,35.9740937],[139.0648827,35.9740184],[139.0648114,35.9739735],[139.0647828,35.9739555],[139.064693,35.973891],[139.064665,35.973869],[139.0646169,35.9738298],[139.0645921,35.9738025],[139.0645845,35.9737942],[139.0645744,35.9737753],[139.0645708,35.9737685],[139.0645481,35.9737342],[139.064537,35.9737146],[139.0645135,35.9736703],[139.0644799,35.9735931],[139.0644418,35.9735082],[139.0644161,35.9734483],[139.0643798,35.9733747],[139.064357,35.9733404],[139.0641809,35.9731021],[139.0637645,35.9725516],[139.0634252,35.9720987],[139.0632715,35.9719248],[139.0632553,35.9719133],[139.0632485,35.9719117],[139.0632323,35.9719106],[139.0632126,35.9719109],[139.0631912,35.9719153],[139.0631692,35.9719252],[139.0631617,35.9719307],[139.0631484,35.9719436],[139.0631426,35.971955],[139.0631401,35.9719672],[139.0631434,35.971993],[139.0631445,35.9719968],[139.0631627,35.9720576],[139.0632077,35.9721955],[139.0633011,35.9724317],[139.0634001,35.972688],[139.0634587,35.9728407],[139.0635002,35.9729275],[139.0635345,35.9729947],[139.0635449,35.973015],[139.0636492,35.9732361],[139.0637221,35.9733672],[139.0637653,35.9734576],[139.0637884,35.9735126],[139.0638097,35.9735702],[139.0638278,35.9736463],[139.0638413,35.9737269],[139.0638419,35.9737499],[139.0638335,35.9738382],[139.0638311,35.9738592],[139.0638282,35.9738841],[139.0638275,35.9738901],[139.0638193,35.9739356],[139.0638021,35.9740054],[139.0637731,35.9740801],[139.0637441,35.9741643],[139.0637179,35.9743065],[139.0637176,35.9743062],[139.0636664,35.9742721],[139.0636974,35.9741598],[139.0637134,35.9741136],[139.0637214,35.9740921],[139.0637393,35.9740437],[139.0637612,35.973982],[139.0637631,35.9739723],[139.063756,35.9739679],[139.0637318,35.9740048],[139.0637056,35.9740437],[139.0636588,35.9740948],[139.0636022,35.97415],[139.0635495,35.9742043],[139.0634934,35.974257],[139.0634174,35.9743305],[139.063327,35.9744233],[139.0632005,35.9745431],[139.062861,35.9748649],[139.062721,35.9749976],[139.06271846628076,35.975],[139.06731188195488,35.975]]]]},"properties":{"layer":"landuse","class_code":"215","class_label":"道路用地（道路、駅前広場、私有地内に存在する沿道用途の「私道」または、私有地の一部分であるものの公共の通行に供されている土地の部分）"}}]}