{"type":"FeatureCollection","properties":{"mesh_code":"54390004","source":"PLATEAU秩父市2025","layer":"landuse"},"features":[{"type":"Feature","id":"luse_9fcdb281-a408-40ad-b20d-976d55599d67","geometry":{"type":"Polygon","coordinates":[[[139.0505539,36.0063594],[139.0505389,36.0063738],[139.0505262,36.0063819],[139.0505259,36.0063819],[139.0505116,36.0063847],[139.0504934,36.0063846],[139.0504896,36.0063845],[139.0504605,36.0063821],[139.0504602,36.0063821],[139.0503943,36.0063675],[139.0503194,36.0063508],[139.0502883,36.0063373],[139.0502805,36.0063357],[139.0502618,36.0063321],[139.0502341,36.0063306],[139.0502242,36.0063314],[139.0502239,36.0063314],[139.050211,36.0063341],[139.0501834,36.0063363],[139.0501746,36.0063261],[139.0501711,36.006322],[139.0501582,36.0063041],[139.0501501,36.0062868],[139.0501489,36.0062844],[139.0501485,36.0062845],[139.0501161,36.0062912],[139.0501263,36.0063078],[139.0501428,36.0063237],[139.0501606,36.0063388],[139.050179,36.0063539],[139.0501599,36.006347],[139.0501203,36.0063324],[139.0500562,36.0062909],[139.050034,36.0062716],[139.0500313,36.0062692],[139.0500295,36.0062689],[139.0500188,36.0062666],[139.05,36.00625443916085],[139.05,36.00603524875],[139.0500196,36.0060456],[139.0500488,36.0060529],[139.0500749,36.0060745],[139.0501139,36.0060736],[139.0501063,36.0060817],[139.0501282,36.0060953],[139.0501351,36.0060882],[139.0502075,36.0060256],[139.0502688,36.0059719],[139.0502883,36.0059466],[139.0502982,36.0059161],[139.0503089,36.0058952],[139.0503736,36.0058471],[139.0504583,36.0058133],[139.0505208,36.005789],[139.0505211,36.0057889],[139.050568,36.0057753],[139.050606,36.0057666],[139.0506526,36.0057561],[139.0507028,36.0057473],[139.0507657,36.005745],[139.0508137,36.0057561],[139.0508148,36.0057601],[139.0508286,36.0057937],[139.0508488,36.0058215],[139.0508751,36.0058486],[139.0509081,36.0058725],[139.0509355,36.0058923],[139.0509535,36.0059096],[139.0509636,36.0059271],[139.0509649,36.0059437],[139.0509622,36.0059508],[139.0509345,36.005974],[139.0508927,36.006011],[139.0507546,36.0061145],[139.0506587,36.0061787],[139.0506208,36.0062045],[139.050592,36.0062356],[139.0505749,36.0062687],[139.0505653,36.0063292],[139.0505539,36.0063594]]]},"properties":{"layer":"landuse","class_code":"201","class_label":"田（水田）"}},{"type":"Feature","id":"luse_86605865-44e9-4956-b9b5-3d0432a2753f","geometry":{"type":"Polygon","coordinates":[[[139.0514647,36.0070744],[139.0515321,36.0071901],[139.0515812,36.00729],[139.051589,36.0073008],[139.0514859,36.0073374],[139.0513928,36.0073891],[139.0513332,36.0074021],[139.0512564,36.0074129],[139.0511741,36.0074279],[139.0511738,36.007428],[139.0510966,36.0074512],[139.0510538,36.0074712],[139.051007,36.0074952],[139.0509555,36.0075263],[139.0509052,36.0075583],[139.0508939,36.0075341],[139.050848,36.007446],[139.0507921,36.0073576],[139.0507405,36.0072851],[139.0506792,36.0072132],[139.0504274,36.0069227],[139.0503261,36.0068101],[139.0502023,36.0066725],[139.050125,36.0065835],[139.0501054,36.0065609],[139.0500888,36.0065409],[139.0500919,36.0065148],[139.0500951,36.0065119],[139.0501281,36.0064833],[139.0501679,36.0064497],[139.0502208,36.0064708],[139.0502528,36.0064917],[139.0503,36.0065225],[139.0504227,36.0066191],[139.0504104,36.0066277],[139.0503972,36.0066368],[139.0504415,36.006655],[139.0504676,36.0066657],[139.0505122,36.0067011],[139.0505288,36.0067143],[139.0505689,36.0067462],[139.0506039,36.0067644],[139.0506147,36.0067681],[139.0506196,36.0067697],[139.0506412,36.006777],[139.050677,36.0067816],[139.0510229,36.0070324],[139.0510609,36.0069869],[139.051073,36.006945],[139.0511108,36.0069243],[139.0511625,36.0069246],[139.0512259,36.0069231],[139.0512561,36.0069519],[139.0513028,36.006977],[139.0513562,36.0069007],[139.0514647,36.0070744]]]},"properties":{"layer":"landuse","class_code":"201","class_label":"田（水田）"}},{"type":"Feature","id":"luse_c2b5afb5-95c8-41b9-8cdb-431f80281d70","geometry":{"type":"Polygon","coordinates":[[[139.052291,36.0080155],[139.0522432,36.0080227],[139.0522376,36.007912],[139.0522293,36.0078667],[139.0521738,36.0078377],[139.0520857,36.0078443],[139.0519536,36.0078458],[139.0518694,36.0078611],[139.0518249,36.0078262],[139.0518161,36.0078178],[139.0517771,36.0077804],[139.0517692,36.0077709],[139.0517924,36.0077584],[139.0517839,36.0077481],[139.0517629,36.0077149],[139.0517493,36.0076892],[139.0517445,36.0076719],[139.0517428,36.0076454],[139.0517451,36.0076191],[139.0517457,36.0076097],[139.0517801,36.007517],[139.0517949,36.0074619],[139.0517996,36.0074259],[139.0517968,36.0073818],[139.051787,36.0073379],[139.051773,36.007305],[139.0517568,36.0072717],[139.0517639,36.007269],[139.0517874,36.0072639],[139.0518769,36.0072524],[139.0518893,36.0072503],[139.0519444,36.0073016],[139.0521251,36.0073123],[139.0524605,36.0073545],[139.0524856,36.0073816],[139.0524942,36.007406],[139.0524869,36.0074317],[139.052476,36.0074617],[139.0524722,36.0074888],[139.0524702,36.0075103],[139.0524612,36.0075303],[139.0524134,36.0075543],[139.0523589,36.0075539],[139.0523096,36.0075479],[139.0522963,36.0075407],[139.0522986,36.0076052],[139.0523625,36.0076795],[139.0524675,36.0077398],[139.0525171,36.0077759],[139.0525484,36.0078739],[139.0525809,36.0079618],[139.0525704,36.0079608],[139.0525196,36.0079609],[139.0524769,36.0079645],[139.052463,36.0079657],[139.0523994,36.0079788],[139.052386,36.0079834],[139.0523251,36.0080041],[139.052291,36.0080155]]]},"properties":{"layer":"landuse","class_code":"201","class_label":"田（水田）"}},{"type":"Feature","id":"luse_e0d56f01-2214-4726-8c73-9b48d25e9ed8","geometry":{"type":"Polygon","coordinates":[[[139.05803414827108,36.00833333333333],[139.058058,36.0083152],[139.0580828,36.0082989],[139.0581012,36.0082899],[139.0581134,36.0082875],[139.0581137,36.0082874],[139.0581259,36.0082872],[139.0581527,36.0082897],[139.058153,36.0082898],[139.0581645,36.0083099],[139.0581854,36.0083328],[139.05818608700565,36.00833333333333],[139.05803414827108,36.00833333333333]]]},"properties":{"layer":"landuse","class_code":"201","class_label":"田（水田）"}},{"type":"Feature","id":"luse_d4fd1ba1-b511-4835-a841-b064e6d2b3aa","geometry":{"type":"Polygon","coordinates":[[[139.05242792892497,36.00833333333333],[139.0524077,36.0082998],[139.0523609,36.0082852],[139.0523022,36.0082848],[139.0522066,36.0083013],[139.0521997,36.0082749],[139.0521994,36.0082749],[139.0519814,36.0083117],[139.0518211,36.0081092],[139.0514307,36.0081715],[139.051416,36.008104],[139.0513563,36.0080449],[139.0511741,36.0078463],[139.0510089,36.0079549],[139.0509975,36.0078796],[139.0509857,36.0078058],[139.050969,36.0077402],[139.0509509,36.00768],[139.0509202,36.0075904],[139.0509177,36.007585],[139.0509743,36.0075487],[139.0509758,36.0075478],[139.0510255,36.0075175],[139.0510709,36.0074944],[139.0511107,36.0074757],[139.0511834,36.0074539],[139.0512629,36.0074394],[139.0513403,36.0074285],[139.0514068,36.0074141],[139.0515022,36.0073612],[139.0516061,36.0073242],[139.0516211,36.0073489],[139.0516402,36.0073827],[139.0516444,36.0074011],[139.0516466,36.0074247],[139.0516458,36.0074459],[139.051635,36.0074865],[139.0515972,36.0075886],[139.0515956,36.0076117],[139.0515929,36.0076444],[139.0515955,36.0076881],[139.051606,36.0077267],[139.0516275,36.007767],[139.0516548,36.00781],[139.0516796,36.0078402],[139.0517198,36.0078787],[139.0517275,36.0078862],[139.0517317,36.0078902],[139.0519042,36.0080251],[139.0519267,36.0080427],[139.0519323,36.0080472],[139.0519778,36.0080748],[139.0520159,36.0080943],[139.0520609,36.0081093],[139.0520612,36.0081094],[139.0520857,36.008118],[139.0521367,36.0081312],[139.0521709,36.0081357],[139.0521713,36.0081357],[139.0521974,36.0081363],[139.0521978,36.0081363],[139.0522252,36.0081361],[139.0522492,36.0081349],[139.0523121,36.0081281],[139.0524292,36.0080819],[139.0524696,36.0080695],[139.0524942,36.0080635],[139.0525312,36.0080603],[139.0525315,36.0080603],[139.0525637,36.0080607],[139.0525885,36.0080619],[139.0526142,36.0080669],[139.0526456,36.0080744],[139.0526744,36.0080868],[139.052717,36.0081129],[139.0528625,36.0082571],[139.05293357668526,36.00833333333333],[139.05242792892497,36.00833333333333]]]},"properties":{"layer":"landuse","class_code":"201","class_label":"田（水田）"}},{"type":"Feature","id":"luse_8ca7989d-1b48-4180-9a1d-4485a51830f1","geometry":{"type":"Polygon","coordinates":[[[139.0537001,36.0002341],[139.0537227,36.0002911],[139.0537486,36.0003402],[139.0536065,36.0004735],[139.0535758,36.0004509],[139.0535018,36.0003899],[139.0536952,36.0002153],[139.0537001,36.0002341]]]},"properties":{"layer":"landuse","class_code":"202","class_label":"畑（畑、樹園地、採草地、養鶏（牛・豚）場）"}},{"type":"Feature","id":"luse_5ef941c2-6898-4ce6-a8f8-084c4b6eb08d","geometry":{"type":"Polygon","coordinates":[[[139.0529014,36.0007486],[139.0528927,36.0007713],[139.0528723,36.0007815],[139.05264,36.0008674],[139.0526896,36.0009292],[139.0526299,36.0009358],[139.0522408,36.0008802],[139.0520427,36.0007942],[139.0520898,36.0004441],[139.0521185,36.0004198],[139.0521455,36.0004019],[139.0521888,36.0003772],[139.0521934,36.0001842],[139.0522864,36.0003166],[139.0524307,36.0005347],[139.0527003,36.0004358],[139.0529014,36.0007486]]]},"properties":{"layer":"landuse","class_code":"202","class_label":"畑（畑、樹園地、採草地、養鶏（牛・豚）場）"}},{"type":"Feature","id":"luse_bd6daf3b-5cc2-4781-8570-d7895ff734db","geometry":{"type":"Polygon","coordinates":[[[139.0553126,36.0014668],[139.0553247,36.0014891],[139.055338,36.0015237],[139.0553592,36.0016008],[139.0553843,36.0016918],[139.0553918,36.0017185],[139.0553742,36.001718],[139.0553393,36.0017055],[139.0552715,36.0016634],[139.0552134,36.001629],[139.0551785,36.0016055],[139.0551393,36.0015902],[139.0551146,36.0015806],[139.0551139,36.0015803],[139.0550565,36.0015524],[139.0549462,36.0015199],[139.0549055,36.0015067],[139.0548433,36.001429],[139.0547443,36.0013271],[139.0547413,36.0013215],[139.0548173,36.0013606],[139.0549339,36.0014219],[139.0549611,36.0014341],[139.0549903,36.0014445],[139.0550176,36.0014493],[139.0550468,36.0014521],[139.0550857,36.0014486],[139.0551254,36.0014423],[139.0552031,36.0014234],[139.0552035,36.0014233],[139.0552414,36.0014174],[139.0552683,36.0014181],[139.0552761,36.0014195],[139.0552765,36.0014195],[139.0553126,36.0014668]]]},"properties":{"layer":"landuse","class_code":"202","class_label":"畑（畑、樹園地、採草地、養鶏（牛・豚）場）"}},{"type":"Feature","id":"luse_9b7ab62d-26b9-43ff-bcd2-90e6870b5295","geometry":{"type":"Polygon","coordinates":[[[139.0556234,36.0016492],[139.0555828,36.0016636],[139.0555289,36.0016922],[139.0554805,36.0017113],[139.0554226,36.0017194],[139.0554205,36.0017193],[139.0554114,36.0016869],[139.0553862,36.0015959],[139.0553648,36.0015179],[139.0553506,36.0014812],[139.0553372,36.0014563],[139.0553149,36.0014272],[139.0553584,36.0014362],[139.0553588,36.0014363],[139.0554574,36.0014735],[139.055676,36.0015501],[139.0558309,36.0016065],[139.0557993,36.001625],[139.0557298,36.001652],[139.0556931,36.0016569],[139.0556621,36.0016491],[139.0556234,36.0016492]]]},"properties":{"layer":"landuse","class_code":"202","class_label":"畑（畑、樹園地、採草地、養鶏（牛・豚）場）"}},{"type":"Feature","id":"luse_fc0986f9-32b6-47e0-ae2c-e7d0a9017040","geometry":{"type":"Polygon","coordinates":[[[139.0571315,36.0022891],[139.0571486,36.0023113],[139.0571581,36.0023381],[139.0571595,36.0023672],[139.0571534,36.0023961],[139.0571307,36.0024193],[139.0570959,36.0024315],[139.0570695,36.0024396],[139.0570337,36.0024561],[139.0570152,36.0024687],[139.0569818,36.0025058],[139.0569375,36.0025437],[139.0569222,36.0025519],[139.0568626,36.002584],[139.0568154,36.0025776],[139.0568077,36.0025403],[139.0567782,36.0024538],[139.0567792,36.0024394],[139.0567736,36.0023888],[139.0567877,36.0023131],[139.0567681,36.0022853],[139.0566621,36.0023192],[139.0565592,36.0023532],[139.0565277,36.002317],[139.056435,36.0021934],[139.0564689,36.0021478],[139.0565207,36.0020777],[139.0565361,36.0020473],[139.0565629,36.0020752],[139.0565876,36.0020594],[139.0566129,36.0020857],[139.0566723,36.0020478],[139.0566986,36.002031],[139.056672,36.002009],[139.0566428,36.0019731],[139.0566167,36.0019896],[139.0565959,36.0019835],[139.0565317,36.0019687],[139.0564907,36.0019601],[139.0565221,36.0019054],[139.0565047,36.0018767],[139.0565361,36.0018149],[139.0566328,36.0018395],[139.0566966,36.0019407],[139.0567448,36.0019921],[139.0567723,36.0020155],[139.0567976,36.002037],[139.0568979,36.0021189],[139.0569734,36.002174],[139.0570318,36.0022073],[139.0570997,36.0022546],[139.0571315,36.0022891]]]},"properties":{"layer":"landuse","class_code":"202","class_label":"畑（畑、樹園地、採草地、養鶏（牛・豚）場）"}},{"type":"Feature","id":"luse_183acf4e-1a04-4779-826c-7c79bc31a406","geometry":{"type":"Polygon","coordinates":[[[139.0560487,36.0026739],[139.0559981,36.0026812],[139.0559775,36.002691],[139.0560504,36.0028306],[139.0559969,36.0028584],[139.0559954,36.0028557],[139.0559103,36.0027043],[139.0558476,36.0026981],[139.0557775,36.0025104],[139.055756,36.0024458],[139.0560114,36.0024207],[139.0560608,36.0024088],[139.056155,36.0023685],[139.0561954,36.0023461],[139.0561236,36.0022381],[139.0561904,36.0022155],[139.0562133,36.0022106],[139.0562136,36.0022106],[139.056231,36.0022101],[139.0562471,36.0022107],[139.0562475,36.0022107],[139.0562537,36.0022227],[139.0562768,36.0022585],[139.0563039,36.0022973],[139.0563366,36.0023369],[139.0563415,36.0023429],[139.0563782,36.0023894],[139.0564466,36.0024597],[139.0564715,36.0024895],[139.0564725,36.002491],[139.0564754,36.0025007],[139.0564761,36.0025071],[139.0564728,36.0025272],[139.0564687,36.0025431],[139.0564601,36.0025609],[139.056449,36.0025789],[139.0564354,36.0025965],[139.0564199,36.0026119],[139.0563456,36.0026482],[139.0562932,36.0026739],[139.056288,36.0026829],[139.0561898,36.0026253],[139.0560487,36.0026739]]]},"properties":{"layer":"landuse","class_code":"202","class_label":"畑（畑、樹園地、採草地、養鶏（牛・豚）場）"}},{"type":"Feature","id":"luse_9ca3c295-2bbd-4090-8b05-a4ef74493327","geometry":{"type":"Polygon","coordinates":[[[139.0546094,36.0019425],[139.0545703,36.0020225],[139.0544441,36.0020691],[139.0545558,36.0022581],[139.0543582,36.002357],[139.0546558,36.0026186],[139.0545554,36.0027369],[139.054736,36.0029366],[139.0546442,36.0030016],[139.0546298,36.002992],[139.0546289,36.0029913],[139.0545432,36.0029155],[139.054468,36.0028191],[139.0544129,36.0027626],[139.0543242,36.0026493],[139.0541948,36.0025011],[139.0540891,36.0023651],[139.0540559,36.0023403],[139.0540523,36.0023284],[139.0540077,36.002181],[139.0539512,36.0018786],[139.0540115,36.0018622],[139.0540578,36.0018384],[139.0541157,36.001813],[139.0542857,36.0017635],[139.0543707,36.0017364],[139.0545202,36.0017153],[139.0546094,36.0019425]]]},"properties":{"layer":"landuse","class_code":"202","class_label":"畑（畑、樹園地、採草地、養鶏（牛・豚）場）"}},{"type":"Feature","id":"luse_a6432814-0f9f-4f91-bb1d-87255d60680b","geometry":{"type":"Polygon","coordinates":[[[139.0566393,36.0033721],[139.0566095,36.0033854],[139.0565881,36.0033871],[139.0565752,36.0033805],[139.0565668,36.0033609],[139.0565486,36.0033182],[139.0565413,36.0033096],[139.0565206,36.0033012],[139.0565011,36.003304],[139.0564689,36.0033086],[139.0564483,36.0031833],[139.0564801,36.0031654],[139.0565107,36.003158],[139.05653,36.0031553],[139.0566351,36.0032079],[139.0566601,36.0032269],[139.0566891,36.0032497],[139.0567096,36.0032751],[139.0567396,36.003312],[139.0567508,36.0033258],[139.0566692,36.0033597],[139.0566393,36.0033721]]]},"properties":{"layer":"landuse","class_code":"202","class_label":"畑（畑、樹園地、採草地、養鶏（牛・豚）場）"}},{"type":"Feature","id":"luse_4c81477e-7c2a-4eb3-8c51-6dfea8739f57","geometry":{"type":"Polygon","coordinates":[[[139.0567917,36.0033874],[139.0568046,36.0034265],[139.0568075,36.0034442],[139.0568069,36.0034617],[139.0567989,36.0034888],[139.0567897,36.0035182],[139.05678,36.003536],[139.0566995,36.003536],[139.0566751,36.0033927],[139.0566868,36.0033878],[139.0567717,36.0033525],[139.0567917,36.0033874]]]},"properties":{"layer":"landuse","class_code":"202","class_label":"畑（畑、樹園地、採草地、養鶏（牛・豚）場）"}},{"type":"Feature","id":"luse_bb97b227-3a3d-4cd0-9e34-d0c2ed0dc0ec","geometry":{"type":"Polygon","coordinates":[[[139.0563953,36.0033184],[139.0564536,36.0035923],[139.0564359,36.0035931],[139.056426,36.0035945],[139.0563733,36.0036018],[139.0563143,36.0036101],[139.0562284,36.0036264],[139.0562253,36.0036274],[139.0561635,36.0033227],[139.0562031,36.0033083],[139.0562184,36.0032997],[139.0562362,36.0032897],[139.0562584,36.0032747],[139.0563953,36.0033184]]]},"properties":{"layer":"landuse","class_code":"202","class_label":"畑（畑、樹園地、採草地、養鶏（牛・豚）場）"}},{"type":"Feature","id":"luse_e70a207f-981c-43cb-886e-59a432e0fbbe","geometry":{"type":"Polygon","coordinates":[[[139.0520914,36.0030439],[139.0521166,36.0030964],[139.0521276,36.0031454],[139.0521231,36.0032121],[139.0521025,36.0032618],[139.0520765,36.0033103],[139.0520613,36.0033568],[139.0520594,36.0034389],[139.0520271,36.003465],[139.0518949,36.0035328],[139.0517983,36.0035722],[139.0516923,36.00362],[139.0516911,36.0035557],[139.0516525,36.0034644],[139.0515879,36.003403],[139.0515027,36.0033733],[139.0514954,36.0033542],[139.0513426,36.0033167],[139.051374,36.0032504],[139.0512855,36.0031924],[139.0511882,36.0031441],[139.0511987,36.0030948],[139.0512346,36.0030652],[139.0513466,36.0030394],[139.0514853,36.0030264],[139.0516123,36.00302],[139.0517554,36.0030222],[139.0519097,36.0030185],[139.0519943,36.0030144],[139.0520682,36.0030215],[139.0520914,36.0030439]]]},"properties":{"layer":"landuse","class_code":"202","class_label":"畑（畑、樹園地、採草地、養鶏（牛・豚）場）"}},{"type":"Feature","id":"luse_29816893-7b86-49ca-9b3e-ae56c5e3684d","geometry":{"type":"Polygon","coordinates":[[[139.0566486,36.0037927],[139.0566635,36.0038354],[139.0566864,36.0038822],[139.0567894,36.004092],[139.0568092,36.0041571],[139.0568193,36.0041894],[139.0568232,36.0042211],[139.0568253,36.0042455],[139.0568247,36.0042669],[139.0568158,36.0043106],[139.0567683,36.0044092],[139.0566043,36.0044111],[139.0564985,36.0044146],[139.0564805,36.0044166],[139.0564024,36.0044286],[139.0564019,36.0044286],[139.0563479,36.0044279],[139.056287,36.0044187],[139.0562419,36.004406],[139.0562243,36.0043869],[139.0561916,36.0043183],[139.0561711,36.0042875],[139.0561296,36.004242],[139.0561142,36.0042252],[139.0560224,36.00413],[139.0559778,36.0040795],[139.0560603,36.0040362],[139.0560648,36.0040127],[139.056065,36.0039769],[139.0560447,36.0039155],[139.0560274,36.0038202],[139.0560216,36.0037314],[139.0560524,36.0037121],[139.0561233,36.0036821],[139.0561334,36.0036791],[139.0562363,36.003648],[139.0563198,36.0036322],[139.056439,36.0036155],[139.0564493,36.003615],[139.0564204,36.0036532],[139.0564253,36.0037011],[139.0564491,36.0037525],[139.0564656,36.0037739],[139.0566424,36.0037338],[139.0566422,36.0037517],[139.0566421,36.0037574],[139.0566486,36.0037927]]]},"properties":{"layer":"landuse","class_code":"202","class_label":"畑（畑、樹園地、採草地、養鶏（牛・豚）場）"}},{"type":"Feature","id":"luse_eb25b773-1e04-4e96-a547-3f24d851dde1","geometry":{"type":"Polygon","coordinates":[[[139.0567942,36.0053009],[139.0568152,36.0054029],[139.0568312,36.0054595],[139.0568491,36.0055103],[139.0568671,36.0055536],[139.0568995,36.0056121],[139.0566526,36.0056528],[139.0566185,36.0055381],[139.0566663,36.0054468],[139.0567333,36.0053252],[139.0567892,36.0052701],[139.0567942,36.0053009]]]},"properties":{"layer":"landuse","class_code":"202","class_label":"畑（畑、樹園地、採草地、養鶏（牛・豚）場）"}},{"type":"Feature","id":"luse_26bc8ccf-10be-4672-af57-529dc9dd1085","geometry":{"type":"Polygon","coordinates":[[[139.0569372,36.0046296],[139.056994,36.0046657],[139.0570632,36.0047985],[139.0571277,36.0049563],[139.0570435,36.0050058],[139.056942,36.0050374],[139.0569217,36.0050418],[139.0569368,36.0051605],[139.0570204,36.0052564],[139.0570268,36.0053194],[139.0570362,36.0055618],[139.0570064,36.0056682],[139.0570032,36.0056622],[139.0569653,36.0055992],[139.0569291,36.0055338],[139.0569126,36.0054942],[139.0568957,36.005446],[139.0568806,36.0053924],[139.0568601,36.0052929],[139.0568349,36.0051374],[139.0568105,36.0049986],[139.0567825,36.0048396],[139.0567603,36.0047115],[139.0567557,36.004674],[139.0567561,36.0046488],[139.05676,36.0046136],[139.0569372,36.0046296]]]},"properties":{"layer":"landuse","class_code":"202","class_label":"畑（畑、樹園地、採草地、養鶏（牛・豚）場）"}},{"type":"Feature","id":"luse_0a0c04fe-81d9-4a40-8a6a-2255f0c5891e","geometry":{"type":"Polygon","coordinates":[[[139.0509895,36.0052583],[139.0509785,36.0052824],[139.0509499,36.0053456],[139.050939,36.0053722],[139.0509324,36.0053994],[139.050931,36.0054292],[139.0509296,36.0054575],[139.0509289,36.0054838],[139.0509197,36.0055019],[139.0509006,36.0055272],[139.0508421,36.0055969],[139.0508161,36.0056474],[139.0508083,36.0056788],[139.0508066,36.005701],[139.0507735,36.0056892],[139.0507625,36.0056128],[139.0506839,36.0055432],[139.050705,36.0054932],[139.0506848,36.0054597],[139.0506703,36.0054334],[139.050777,36.0053339],[139.0508452,36.0052652],[139.0509073,36.0052155],[139.0509895,36.0052583]]]},"properties":{"layer":"landuse","class_code":"202","class_label":"畑（畑、樹園地、採草地、養鶏（牛・豚）場）"}},{"type":"Feature","id":"luse_0e8b8288-b2ad-4596-9566-94308fc056c9","geometry":{"type":"Polygon","coordinates":[[[139.0501181,36.0064181],[139.0500457,36.0064888],[139.05,36.00643340000001],[139.05,36.00633462394366],[139.0500019,36.0063354],[139.0500929,36.0063881],[139.0501181,36.0064181]]]},"properties":{"layer":"landuse","class_code":"202","class_label":"畑（畑、樹園地、採草地、養鶏（牛・豚）場）"}},{"type":"Feature","id":"luse_30cdfa60-ea00-47d2-a477-017eb2311e86","geometry":{"type":"Polygon","coordinates":[[[139.0507454,36.0066014],[139.050719,36.0066584],[139.0506974,36.0067022],[139.0506871,36.006719],[139.0506625,36.0067159],[139.05064,36.0067083],[139.0506184,36.006697],[139.0506175,36.0066966],[139.050615,36.0066946],[139.0505421,36.0066367],[139.0505219,36.0066206],[139.0505198,36.0066159],[139.0504989,36.0065664],[139.0504806,36.0065791],[139.0504727,36.0065845],[139.0503757,36.0065032],[139.0503602,36.0064903],[139.0503286,36.0064696],[139.0502909,36.0064448],[139.0502491,36.0064163],[139.0502329,36.006391],[139.0502294,36.0063856],[139.0502489,36.0063754],[139.0502811,36.0063741],[139.0502815,36.0063741],[139.0503128,36.0063774],[139.0503854,36.0063936],[139.0503858,36.0063936],[139.0504543,36.0064087],[139.0504875,36.0064116],[139.0504879,36.0064116],[139.0505154,36.0064118],[139.0505407,36.0064068],[139.0505411,36.0064068],[139.0505623,36.0063933],[139.0505838,36.0063726],[139.050598,36.0063349],[139.0506074,36.0062758],[139.050621,36.0062491],[139.050645,36.0062232],[139.0506801,36.0061996],[139.0507155,36.0061757],[139.0507765,36.0061349],[139.0509163,36.0060301],[139.0509587,36.0059926],[139.0509857,36.0059699],[139.0510069,36.0059552],[139.0510332,36.0059852],[139.0511078,36.0060372],[139.0511732,36.00607],[139.05122,36.0060932],[139.0512689,36.0061298],[139.0512732,36.0061699],[139.0512769,36.0062691],[139.0512859,36.0063149],[139.0512903,36.0063455],[139.0512971,36.0063665],[139.0514285,36.0063712],[139.0516211,36.0063648],[139.051661,36.0063727],[139.0516605,36.0064242],[139.0516552,36.0064776],[139.051634,36.0064927],[139.051575,36.0065171],[139.0515207,36.0065492],[139.0514876,36.0065757],[139.0514428,36.0065926],[139.0514052,36.0065962],[139.0513395,36.0065957],[139.051255,36.0065856],[139.051206,36.0065605],[139.0511171,36.0065237],[139.051068,36.0065062],[139.0509813,36.0064846],[139.0509461,36.0064825],[139.0509015,36.0064822],[139.0508521,36.0064953],[139.0507767,36.0065196],[139.0507742,36.0065348],[139.0507454,36.0066014]]]},"properties":{"layer":"landuse","class_code":"202","class_label":"畑（畑、樹園地、採草地、養鶏（牛・豚）場）"}},{"type":"Feature","id":"luse_9eb62ce3-10cc-4b46-a4cc-9541564fd259","geometry":{"type":"Polygon","coordinates":[[[139.05,36.00666022451823],[139.0500563,36.0067372],[139.0500948,36.0067723],[139.0501208,36.0067946],[139.0501367,36.0068083],[139.05,36.00690313888182],[139.05,36.00666022451823]]]},"properties":{"layer":"landuse","class_code":"202","class_label":"畑（畑、樹園地、採草地、養鶏（牛・豚）場）"}},{"type":"Feature","id":"luse_004bcee1-9dee-41a1-a32a-e7586e1139a4","geometry":{"type":"Polygon","coordinates":[[[139.051073,36.006945],[139.0510609,36.0069869],[139.0510229,36.0070324],[139.050677,36.0067816],[139.050682,36.0067823],[139.0506923,36.006782],[139.0507266,36.0067813],[139.0507345,36.0067812],[139.0507371,36.0067807],[139.050778,36.0067732],[139.0507966,36.0067675],[139.0508074,36.0067642],[139.0508467,36.0067521],[139.0509913,36.0067016],[139.0510035,36.0067267],[139.0510711,36.0067051],[139.0511128,36.0066949],[139.0511409,36.0066896],[139.051171,36.0066904],[139.0511713,36.0066904],[139.0511999,36.0067005],[139.0512335,36.006721],[139.0513093,36.0068256],[139.0513282,36.0068558],[139.0513562,36.0069007],[139.0513028,36.006977],[139.0512561,36.0069519],[139.0512259,36.0069231],[139.0511625,36.0069246],[139.0511108,36.0069243],[139.051073,36.006945]]]},"properties":{"layer":"landuse","class_code":"202","class_label":"畑（畑、樹園地、採草地、養鶏（牛・豚）場）"}},{"type":"Feature","id":"luse_97d0089c-24bd-4264-81e0-6ee6c7df4e2d","geometry":{"type":"Polygon","coordinates":[[[139.0520868,36.0071441],[139.0520279,36.0071666],[139.0520229,36.0071762],[139.0520225,36.0071763],[139.0519229,36.007103],[139.0518955,36.0070501],[139.0518898,36.0070294],[139.0518841,36.0069869],[139.0518837,36.0069443],[139.0519026,36.0068905],[139.0519561,36.0068255],[139.0522185,36.0065862],[139.0522251,36.0065989],[139.0522553,36.0066326],[139.052309,36.0066861],[139.0523572,36.0067154],[139.0523867,36.0067359],[139.0523909,36.0067246],[139.0524161,36.0066952],[139.0524821,36.0066494],[139.0525287,36.0066173],[139.0525723,36.0065681],[139.0525925,36.0066196],[139.0526047,36.0066791],[139.052606,36.0066892],[139.052613,36.0067417],[139.0526183,36.0068269],[139.0526047,36.0068746],[139.0525825,36.0069305],[139.0525706,36.0069856],[139.0525596,36.0070551],[139.052548,36.0070955],[139.0525348,36.0071195],[139.0525186,36.0071312],[139.0524737,36.0071431],[139.052472,36.007139],[139.0523006,36.0071341],[139.0522137,36.0071392],[139.0521433,36.0071311],[139.0520868,36.0071441]]]},"properties":{"layer":"landuse","class_code":"202","class_label":"畑（畑、樹園地、採草地、養鶏（牛・豚）場）"}},{"type":"Feature","id":"luse_776b7bf1-032c-4193-8ad0-28c39d629437","geometry":{"type":"Polygon","coordinates":[[[139.0578852,36.0075456],[139.0578415,36.0075626],[139.0578299,36.0075687],[139.0577898,36.00759],[139.0577719,36.0076005],[139.0577445,36.0076166],[139.0576944,36.0075509],[139.0576726,36.0074732],[139.0576751,36.007462],[139.0576863,36.0074332],[139.0577045,36.0073965],[139.0577179,36.0073189],[139.0577182,36.007294],[139.0577173,36.0072493],[139.0577131,36.0072326],[139.0576974,36.0071697],[139.057691,36.0071346],[139.0576912,36.0070883],[139.0577032,36.0070195],[139.0577213,36.0069508],[139.0577297,36.0069338],[139.0577554,36.0069117],[139.0578216,36.0068794],[139.057923,36.0068324],[139.0579209,36.0068358],[139.0578961,36.006889],[139.0578838,36.0069483],[139.0578841,36.0069959],[139.0578886,36.007043],[139.0579128,36.0070956],[139.0579508,36.0071652],[139.0579919,36.0072405],[139.0579935,36.0072704],[139.0579992,36.0073421],[139.0580027,36.007401],[139.0580016,36.0074088],[139.0579977,36.0074384],[139.0579875,36.0074597],[139.0579694,36.0074893],[139.0579507,36.0075087],[139.057928,36.0075258],[139.0579171,36.0075334],[139.0579125,36.0075351],[139.0578852,36.0075456]]]},"properties":{"layer":"landuse","class_code":"202","class_label":"畑（畑、樹園地、採草地、養鶏（牛・豚）場）"}},{"type":"Feature","id":"luse_4e437c10-cb57-4ecc-9b35-1f96fce42791","geometry":{"type":"Polygon","coordinates":[[[139.0507985,36.0076079],[139.050801,36.007614],[139.0507978,36.0076155],[139.0506793,36.0076714],[139.0506834,36.007677],[139.0506836,36.0076773],[139.0505324,36.0077449],[139.0504543,36.0076689],[139.0504082,36.0075899],[139.0503621,36.0075013],[139.0503628,36.0074274],[139.0503749,36.007387],[139.0503259,36.0073032],[139.0502245,36.0071714],[139.0502329,36.0071642],[139.0504346,36.0070923],[139.0506304,36.0073251],[139.0506335,36.0073292],[139.050484,36.0073839],[139.050568,36.0075475],[139.0507326,36.0074694],[139.0507479,36.0075003],[139.0507509,36.0075063],[139.0507985,36.0076079]]]},"properties":{"layer":"landuse","class_code":"202","class_label":"畑（畑、樹園地、採草地、養鶏（牛・豚）場）"}},{"type":"Feature","id":"luse_025d7124-a68f-423b-a860-044f4f18c437","geometry":{"type":"Polygon","coordinates":[[[139.0585526,36.0080696],[139.0585522,36.0080868],[139.0585478,36.0081029],[139.058538,36.0081183],[139.0585275,36.0081354],[139.0585135,36.0081535],[139.058493,36.0081709],[139.0584562,36.0081982],[139.0584282,36.008222],[139.0584076,36.0082465],[139.0583809,36.0082743],[139.0583807,36.0082745],[139.0583404,36.0083076],[139.05830808372093,36.00833333333333],[139.0582263861751,36.00833333333333],[139.0582062,36.0083178],[139.0581885,36.0082984],[139.0581722,36.00827],[139.05816,36.0082412],[139.058366,36.0081736],[139.0583204,36.0080397],[139.058099,36.0080862],[139.0580797,36.0080372],[139.0580493,36.0079367],[139.0580127,36.0078106],[139.0579731,36.0077248],[139.0579408,36.0076631],[139.0579374,36.0076443],[139.0579369,36.007626],[139.0579429,36.0076104],[139.0579608,36.007592],[139.0579831,36.0075763],[139.0580121,36.0075547],[139.0580402,36.0075255],[139.0580636,36.0074871],[139.0580792,36.0074547],[139.0580842,36.0074173],[139.0580861,36.0074031],[139.0580823,36.0073383],[139.0580766,36.0072667],[139.0580732,36.0072023],[139.0580693,36.0071638],[139.0580514,36.0071142],[139.0580279,36.0070494],[139.0580142,36.0070005],[139.0580117,36.0069609],[139.0580132,36.0069287],[139.0580195,36.0069003],[139.0583307,36.0068685],[139.0584358,36.0071629],[139.0584482,36.0073792],[139.0583723,36.0073835],[139.0583798,36.0075197],[139.0583646,36.0075685],[139.0583656,36.0076184],[139.058372,36.0076891],[139.0583973,36.0077426],[139.0584201,36.0078038],[139.0584034,36.0078323],[139.0583844,36.0078608],[139.0583561,36.0078721],[139.0583808,36.007981],[139.0585297,36.007959],[139.058547,36.0080338],[139.0585526,36.0080696]]]},"properties":{"layer":"landuse","class_code":"202","class_label":"畑（畑、樹園地、採草地、養鶏（牛・豚）場）"}},{"type":"Feature","id":"luse_8f820f5c-4f19-4903-bec8-30e002fb4876","geometry":{"type":"Polygon","coordinates":[[[139.0509082,36.0083199],[139.0509062,36.0083198],[139.0509021,36.0083197],[139.0509017,36.0083197],[139.0508706,36.0083196],[139.0508612,36.0083195],[139.0508608,36.0083195],[139.0508442,36.0083189],[139.0508136,36.0083178],[139.0508132,36.0083178],[139.0507507,36.0080986],[139.050714,36.0080244],[139.0508858,36.0079458],[139.0508859,36.0079466],[139.0509088,36.0081296],[139.050911,36.0081479],[139.050925,36.0083072],[139.0509082,36.0083199]]]},"properties":{"layer":"landuse","class_code":"202","class_label":"畑（畑、樹園地、採草地、養鶏（牛・豚）場）"}},{"type":"Feature","id":"luse_8e3497d6-5f2d-4092-a81c-120474c09c9c","geometry":{"type":"Polygon","coordinates":[[[139.0581101,36.008265],[139.0581097,36.0082651],[139.0580907,36.0082687],[139.0580903,36.0082688],[139.0580667,36.0082805],[139.0580398,36.0082981],[139.0580064,36.0083234],[139.05799523406324,36.00833333333333],[139.05771084123455,36.00833333333333],[139.0577161,36.0083179],[139.0577244,36.0082753],[139.0577224,36.0082552],[139.0577209,36.0082404],[139.057711,36.0081895],[139.0577157,36.0081712],[139.0577371,36.0081458],[139.0577659,36.0081264],[139.0577672,36.0081256],[139.057807,36.008103],[139.0578359,36.0080801],[139.0578626,36.0080448],[139.0578696,36.0080317],[139.0578726,36.008021],[139.0578735,36.0080032],[139.0578713,36.0079862],[139.0578606,36.0079665],[139.0578484,36.0079516],[139.0578418,36.0079476],[139.0578001,36.0079223],[139.0576981,36.0078699],[139.0576559,36.0078464],[139.0576301,36.007817],[139.0576278,36.0078105],[139.0576262,36.0077991],[139.0576279,36.0077802],[139.0576364,36.0077597],[139.0576664,36.0077261],[139.0576943,36.007706],[139.0577262,36.0076829],[139.0577422,36.0077023],[139.0577537,36.0076958],[139.0578465,36.0076484],[139.0578509,36.0076484],[139.0578524,36.0076484],[139.05786,36.0076483],[139.0578674,36.0076486],[139.0578717,36.0076488],[139.0578877,36.0076547],[139.057888,36.0076548],[139.0579195,36.0076804],[139.0579473,36.0077331],[139.0579862,36.0078172],[139.0580223,36.0079419],[139.0580531,36.0080433],[139.0581334,36.0082484],[139.0581412,36.008266],[139.0581408,36.008266],[139.0581272,36.0082646],[139.0581101,36.008265]]]},"properties":{"layer":"landuse","class_code":"202","class_label":"畑（畑、樹園地、採草地、養鶏（牛・豚）場）"}},{"type":"Feature","id":"luse_4d4e2e50-be5c-4de4-8686-5dd3b2b840f2","geometry":{"type":"Polygon","coordinates":[[[139.0580316,36.0019834],[139.0579624,36.0022531],[139.0579949,36.0023555],[139.0580389,36.0025152],[139.0579812,36.0025234],[139.0579747,36.0025109],[139.0579248,36.0024044],[139.0579035,36.0023591],[139.0578664,36.0022917],[139.0578266,36.0022196],[139.0577853,36.0021359],[139.0577284,36.0019984],[139.0577188,36.001975],[139.0576758,36.0018902],[139.0576094,36.0018001],[139.0575342,36.0017284],[139.0574014,36.0016349],[139.0572938,36.001565],[139.0572477,36.0015397],[139.0571883,36.0015172],[139.0571348,36.0014952],[139.0570773,36.0014787],[139.0569205,36.0014059],[139.0568232,36.0013462],[139.0567941,36.0013258],[139.0567373,36.0012978],[139.0566941,36.0012784],[139.0566855,36.0012877],[139.0565811,36.0012586],[139.0567773,36.0010296],[139.0570939,36.0009641],[139.0573112,36.0008439],[139.057324,36.0012358],[139.0573716,36.0014658],[139.0575194,36.0016558],[139.0577165,36.0019003],[139.0579503,36.0017937],[139.0580316,36.0019834]]]},"properties":{"layer":"landuse","class_code":"203","class_label":"山林（樹林地）"}},{"type":"Feature","id":"luse_8830e75f-cbc3-41f2-bf01-2d10985d098c","geometry":{"type":"Polygon","coordinates":[[[139.058282,36.0046849],[139.0582279,36.0047839],[139.0581908,36.0048472],[139.0581718,36.004889],[139.0581659,36.0049185],[139.0581678,36.0049335],[139.0581712,36.0049495],[139.058179,36.0049689],[139.0581991,36.0049969],[139.0582325,36.0050224],[139.0583157,36.005077],[139.0583462,36.0051016],[139.0583643,36.0051298],[139.0583659,36.0051674],[139.0583603,36.0051906],[139.0583553,36.0052094],[139.058353,36.0052294],[139.0583526,36.0052458],[139.0583527,36.0052593],[139.0583524,36.0052705],[139.0583518,36.0052904],[139.058347,36.0053114],[139.058335,36.0053374],[139.0583226,36.0053507],[139.0582942,36.0053706],[139.0582579,36.0053817],[139.0582475,36.0053834],[139.0582216,36.0053875],[139.058101,36.0053896],[139.0580332,36.0053909],[139.0580019,36.0053971],[139.0579718,36.0054157],[139.0579517,36.0054362],[139.0579278,36.0054766],[139.0579078,36.0055464],[139.0578983,36.0056177],[139.0578976,36.0056226],[139.0578959,36.0056309],[139.0578771,36.0057209],[139.0578622,36.0057855],[139.0578441,36.0058457],[139.0578224,36.0059088],[139.0578029,36.0059561],[139.0577945,36.0059882],[139.0577936,36.0060115],[139.0577869,36.0059953],[139.0577816,36.0059609],[139.0577795,36.0059192],[139.0577809,36.005877],[139.0577887,36.0058336],[139.0578023,36.0057811],[139.0578252,36.0057151],[139.057837,36.0056781],[139.0578597,36.005607],[139.0578718,36.0055697],[139.0578709,36.005542],[139.0578675,36.0055038],[139.0578706,36.0054877],[139.0578762,36.0054681],[139.0579436,36.0053317],[139.0579747,36.0052755],[139.0579906,36.0052182],[139.058003,36.0051609],[139.0580132,36.0051174],[139.0580195,36.0050572],[139.0580199,36.005005],[139.0580193,36.0049768],[139.0580189,36.0049602],[139.0580172,36.0049064],[139.0580165,36.0048665],[139.0580176,36.0048381],[139.0580223,36.0048175],[139.0580237,36.0048116],[139.058036,36.0047819],[139.058056,36.0047545],[139.0580747,36.0047327],[139.058086,36.004713],[139.058086,36.0047095],[139.0580825,36.0046961],[139.0580792,36.0046929],[139.0580707,36.0046845],[139.0580545,36.0046769],[139.0580541,36.0046769],[139.0580436,36.0046765],[139.0580433,36.0046765],[139.0580368,36.0046765],[139.058019,36.0046765],[139.0580516,36.0046699],[139.0580791,36.0046564],[139.0581293,36.0046273],[139.0581943,36.0045939],[139.0582336,36.0045802],[139.0582528,36.0045758],[139.0582627,36.0045751],[139.0582669,36.0045748],[139.0582837,36.0045754],[139.0582906,36.0045765],[139.0583025,36.0045823],[139.058309,36.004589],[139.0583103,36.0045943],[139.0583104,36.0046059],[139.0583082,36.0046177],[139.0583036,36.0046335],[139.058282,36.0046849]]]},"properties":{"layer":"landuse","class_code":"203","class_label":"山林（樹林地）"}},{"type":"Feature","id":"luse_c9a535b9-2df4-4fe4-a6cc-9bd95218cbc4","geometry":{"type":"Polygon","coordinates":[[[139.0625,36.006766543125],[139.0624153,36.0067583],[139.0624149,36.0067582],[139.0623106,36.0067455],[139.0622766,36.0067407],[139.0622569,36.0067379],[139.062203,36.0067298],[139.0622027,36.0067297],[139.0621793,36.0067259],[139.062168,36.0067241],[139.0621485,36.0067209],[139.0621313,36.0067181],[139.0620085,36.0065644],[139.0617525,36.0062286],[139.0621095,36.0061587],[139.0623085,36.0059807],[139.0623134,36.005954],[139.0623137,36.0059235],[139.0623281,36.0058968],[139.0623728,36.0058895],[139.0623768,36.0059525],[139.0623877,36.0060422],[139.0624151,36.0061206],[139.0624331,36.0062047],[139.0624513,36.0062601],[139.0624673,36.006306],[139.0624883,36.0063233],[139.0625,36.006324848680734],[139.0625,36.006766543125]]]},"properties":{"layer":"landuse","class_code":"203","class_label":"山林（樹林地）"}},{"type":"Feature","id":"luse_acc1c6c7-a80b-4488-9483-1a603bb8f849","geometry":{"type":"Polygon","coordinates":[[[139.05048889554746,36.00833333333333],[139.05,36.00833333333333],[139.05,36.00693310939336],[139.0501326,36.0070331],[139.0502329,36.0071642],[139.0502245,36.0071714],[139.0503259,36.0073032],[139.0503749,36.007387],[139.0503628,36.0074274],[139.0503621,36.0075013],[139.0504082,36.0075899],[139.0504543,36.0076689],[139.0505324,36.0077449],[139.050714,36.0080244],[139.0507507,36.0080986],[139.0504306,36.0081863],[139.05048889554746,36.00833333333333]]]},"properties":{"layer":"landuse","class_code":"203","class_label":"山林（樹林地）"}},{"type":"Feature","id":"luse_4dc0a22b-a169-4133-8094-c43dddec3c8d","geometry":{"type":"Polygon","coordinates":[[[139.05701481545253,36.00833333333333],[139.0570176,36.0083254],[139.0570159,36.008311],[139.0570076,36.0083037],[139.0569978,36.0083],[139.0569915,36.008299],[139.0569772,36.0082968],[139.0569769,36.0082967],[139.0569591,36.0082985],[139.0569625,36.0083209],[139.0569761,36.0083196],[139.056989,36.0083216],[139.0569893,36.0083216],[139.0569895,36.0083233],[139.0569869,36.0083309],[139.05698485720166,36.00833333333333],[139.05677447057332,36.00833333333333],[139.0568258,36.0082082],[139.0568462,36.0081581],[139.0568605,36.0081295],[139.0568788,36.0080924],[139.056924,36.0080112],[139.0569466,36.0079796],[139.0569654,36.0079532],[139.057004,36.007894],[139.0570389,36.0078419],[139.0570757,36.0077793],[139.0570931,36.007725],[139.0571032,36.0076681],[139.0571252,36.0074568],[139.0571254,36.0073816],[139.0571255,36.0073647],[139.0571241,36.0073149],[139.0571193,36.0072634],[139.0571089,36.0072185],[139.0570967,36.0071762],[139.0570708,36.0071139],[139.0570646,36.0070985],[139.0570632,36.0070248],[139.0570318,36.006948],[139.056972,36.0068694],[139.0569697,36.0068637],[139.0569403,36.0067876],[139.0569119,36.0067156],[139.0569071,36.0066887],[139.0569087,36.0066556],[139.0569128,36.0066213],[139.0570164,36.0062662],[139.0570801,36.0060286],[139.0570896,36.0059811],[139.0570902,36.0059292],[139.0570846,36.0058799],[139.0570752,36.005822],[139.0570634,36.0057768],[139.0570513,36.0057531],[139.057039,36.0057289],[139.0570064,36.0056682],[139.0570362,36.0055618],[139.0570268,36.0053194],[139.0570204,36.0052564],[139.0569368,36.0051605],[139.0569217,36.0050418],[139.056942,36.0050374],[139.0570435,36.0050058],[139.0571277,36.0049563],[139.0570632,36.0047985],[139.056994,36.0046657],[139.0569372,36.0046296],[139.05676,36.0046136],[139.0567709,36.004574],[139.0567865,36.0045209],[139.0568111,36.0044688],[139.0568804,36.0043251],[139.0568911,36.0042718],[139.0568918,36.0042442],[139.0568894,36.0042165],[139.0568849,36.0041801],[139.0568531,36.0040755],[139.0567482,36.0038622],[139.0567266,36.003818],[139.0567139,36.0037813],[139.0567088,36.0037537],[139.056709,36.003733],[139.0567159,36.0037128],[139.0567322,36.0036889],[139.0567555,36.0036686],[139.0567846,36.0036403],[139.0568161,36.0036049],[139.056841,36.0035576],[139.0568527,36.0035361],[139.0568528,36.0035357],[139.0568637,36.0035018],[139.0568688,36.0034841],[139.0569054,36.0034685],[139.0569192,36.0034609],[139.0569303,36.0034549],[139.0569684,36.0034188],[139.0569841,36.0033943],[139.0569937,36.0033708],[139.0569947,36.0033682],[139.0570019,36.0033337],[139.0569981,36.0033135],[139.0569665,36.0032586],[139.0569039,36.0031816],[139.0568533,36.0031274],[139.0568142,36.0031093],[139.0568029,36.0030975],[139.0567895,36.003047],[139.0566416,36.002998],[139.0566262,36.0029895],[139.0565922,36.0029683],[139.0565365,36.0029095],[139.0565087,36.0028641],[139.0564795,36.002865],[139.0564247,36.0028797],[139.0563731,36.0027812],[139.0563683,36.0027655],[139.0563672,36.0027617],[139.0563687,36.0027393],[139.0563761,36.0027198],[139.0563791,36.0027121],[139.0563967,36.0026863],[139.0564404,36.002665],[139.0565071,36.0027234],[139.0565391,36.0027417],[139.0565936,36.0027559],[139.0566605,36.0027683],[139.0567291,36.0027676],[139.0567846,36.0027576],[139.0568505,36.0027441],[139.0568985,36.0027308],[139.0569821,36.0026921],[139.0569222,36.0025519],[139.0569375,36.0025437],[139.0569818,36.0025058],[139.0570152,36.0024687],[139.0570337,36.0024561],[139.0570695,36.0024396],[139.0570959,36.0024315],[139.0571307,36.0024193],[139.0571534,36.0023961],[139.0571595,36.0023672],[139.0571581,36.0023381],[139.0571486,36.0023113],[139.0571315,36.0022891],[139.0570997,36.0022546],[139.0570318,36.0022073],[139.0569734,36.002174],[139.0568979,36.0021189],[139.0567976,36.002037],[139.0567723,36.0020155],[139.0567448,36.0019921],[139.0566966,36.0019407],[139.0566328,36.0018395],[139.0565361,36.0018149],[139.0564295,36.0017689],[139.0563927,36.0017758],[139.0561552,36.0018396],[139.0561278,36.0017747],[139.0561039,36.0017181],[139.0560938,36.0016949],[139.0560842,36.0016784],[139.0560709,36.0016618],[139.0560478,36.0016457],[139.0559688,36.0016045],[139.0559148,36.0015778],[139.0557029,36.0015005],[139.0554845,36.0014241],[139.0553812,36.0013852],[139.0553809,36.0013851],[139.0553066,36.0013696],[139.0552766,36.0013642],[139.0552361,36.0013632],[139.0551876,36.0013707],[139.0551873,36.0013708],[139.0551694,36.0013752],[139.0551097,36.0013897],[139.0551093,36.0013897],[139.0550756,36.0013951],[139.0550471,36.0013977],[139.0550288,36.0013959],[139.0550284,36.0013959],[139.055011,36.0013928],[139.0550107,36.0013927],[139.0549908,36.0013856],[139.0549682,36.0013755],[139.0549182,36.0013493],[139.0548531,36.0013151],[139.0547464,36.0012598],[139.054693,36.0012317],[139.0546559,36.0012087],[139.0546218,36.0011857],[139.0545884,36.0011575],[139.0545582,36.0011236],[139.0545298,36.001091],[139.0545045,36.0010507],[139.0545026,36.0010469],[139.0545502,36.0010075],[139.0545509,36.0010089],[139.054552,36.0010061],[139.0545599,36.0009854],[139.054568,36.0009642],[139.05457,36.0007964],[139.0545497,36.0006652],[139.0545196,36.0005966],[139.0544872,36.0005442],[139.0544274,36.0004838],[139.0543975,36.0004577],[139.0543652,36.0004497],[139.0543502,36.0004255],[139.0543327,36.0003893],[139.0543177,36.0003388],[139.0543001,36.0003086],[139.0542652,36.0002723],[139.054218,36.0002341],[139.0541508,36.0001939],[139.054106,36.0001639],[139.0540762,36.0001478],[139.0540463,36.0001237],[139.0540388,36.0000975],[139.0540392,36.0000874],[139.0543096,36.0000679],[139.054523,36.0001273],[139.0545953,36.0002019],[139.0546802,36.0002827],[139.0547233,36.0003087],[139.0547367,36.0005976],[139.0551975,36.0010734],[139.0555802,36.0010354],[139.0559287,36.0011052],[139.056021,36.0011133],[139.0561533,36.0011623],[139.0563066,36.0012037],[139.0563588,36.0012178],[139.0565544,36.0012703],[139.0565679,36.0012741],[139.0566784,36.0013047],[139.0566699,36.0013139],[139.0567123,36.0013329],[139.0567647,36.0013588],[139.0567919,36.0013777],[139.0568929,36.0014398],[139.0570564,36.0015158],[139.0571152,36.0015325],[139.0571665,36.0015537],[139.0572231,36.0015751],[139.0572642,36.0015977],[139.0573695,36.001666],[139.0574987,36.0017571],[139.0575687,36.0018238],[139.0576311,36.0019085],[139.057672,36.0019891],[139.0576756,36.0019981],[139.0577371,36.0021466],[139.0577807,36.0022354],[139.0577892,36.0022508],[139.0578548,36.0023699],[139.0578574,36.0023746],[139.0579283,36.0025259],[139.05793,36.002529],[139.0579875,36.0026411],[139.0579946,36.0026676],[139.0579967,36.0026895],[139.0579919,36.0027072],[139.0579846,36.0027161],[139.0579699,36.0027257],[139.0579244,36.0027473],[139.0577735,36.0027993],[139.0576696,36.0028425],[139.0576213,36.0028673],[139.0575912,36.0028934],[139.0575638,36.0029259],[139.0575409,36.0029626],[139.0575366,36.0030067],[139.0575506,36.003052],[139.05759,36.003119],[139.0576318,36.0031606],[139.057693,36.0032038],[139.0578072,36.0032803],[139.0579201,36.0033328],[139.0579218,36.0033339],[139.0579007,36.0033602],[139.0578443,36.0034275],[139.0577522,36.0035703],[139.0577573,36.0036485],[139.0577622,36.0037248],[139.0577612,36.0037247],[139.0577124,36.0037131],[139.0576748,36.0037042],[139.0575943,36.0036699],[139.0575485,36.0036534],[139.0575404,36.0036504],[139.0574822,36.0036402],[139.0574298,36.0036396],[139.0573802,36.0036526],[139.0573433,36.0036762],[139.057339,36.0036789],[139.057314,36.0037194],[139.0573154,36.0037648],[139.0573281,36.0038051],[139.0573505,36.0038438],[139.0573852,36.0038832],[139.0574246,36.0039249],[139.0574674,36.0039806],[139.0574967,36.0040264],[139.0575209,36.0040822],[139.0575334,36.0041343],[139.0575419,36.0041938],[139.0575634,36.004231],[139.0575937,36.0042627],[139.0576323,36.0042855],[139.0576813,36.0042961],[139.057727,36.0042945],[139.057716,36.004339],[139.0576862,36.0043865],[139.0576563,36.0044412],[139.0576412,36.0044912],[139.0576346,36.0045674],[139.0576723,36.0046058],[139.0577188,36.0046538],[139.0578037,36.0046758],[139.0578624,36.0046679],[139.0578972,36.0046815],[139.0579241,36.0046887],[139.0579245,36.0046887],[139.057962,36.0046942],[139.0579748,36.004696],[139.0580173,36.004699],[139.0580215,36.004699],[139.0580232,36.004699],[139.058038,36.004703],[139.0580427,36.0047081],[139.0580437,36.004715],[139.0580429,36.0047227],[139.0580394,36.0047343],[139.0580324,36.0047423],[139.0580106,36.0047725],[139.0579968,36.0048059],[139.0579964,36.0048076],[139.0579898,36.0048356],[139.0579887,36.0048662],[139.0579895,36.0049069],[139.057991,36.0049607],[139.0579914,36.004977],[139.0579922,36.0050051],[139.0579916,36.0050562],[139.0579858,36.0051143],[139.0579756,36.0051569],[139.0579635,36.0052138],[139.0579483,36.0052683],[139.0579179,36.0053229],[139.057871,36.0054178],[139.0577924,36.0054054],[139.0577632,36.0053873],[139.0577305,36.0053603],[139.0576832,36.0053212],[139.0576357,36.0053],[139.0575663,36.0052698],[139.0575189,36.0052367],[139.0574235,36.0052361],[139.0573757,36.0052566],[139.0573713,36.0053221],[139.0574184,36.0053821],[139.0574877,36.0054272],[139.0575094,36.0054602],[139.0575014,36.0055287],[139.057497,36.0056002],[139.0575221,36.005657],[139.0575843,36.0056783],[139.0576092,36.0057529],[139.0576234,36.0058067],[139.0576041,36.0059079],[139.0575843,36.0060509],[139.0575758,36.00617],[139.0575456,36.0062593],[139.057545,36.0063218],[139.0575371,36.0063755],[139.0575585,36.0064352],[139.0575507,36.0064858],[139.0575501,36.0065514],[139.0575716,36.0066022],[139.0575562,36.0066707],[139.0575261,36.006751],[139.0574739,36.0068371],[139.057547,36.0068614],[139.0576238,36.0068917],[139.0577297,36.0069338],[139.0577213,36.0069508],[139.0577032,36.0070195],[139.0576912,36.0070883],[139.057691,36.0071346],[139.0576974,36.0071697],[139.0577131,36.0072326],[139.0577173,36.0072493],[139.0577182,36.007294],[139.0577179,36.0073189],[139.0577045,36.0073965],[139.0576863,36.0074332],[139.0576751,36.007462],[139.0576726,36.0074732],[139.0576944,36.0075509],[139.0577445,36.0076166],[139.0576939,36.0076463],[139.0576249,36.0076956],[139.0575866,36.0077388],[139.0575731,36.0077711],[139.0575705,36.0078002],[139.0575733,36.0078193],[139.0575793,36.0078367],[139.0576165,36.0078792],[139.0576677,36.0079075],[139.0577687,36.0079595],[139.0578075,36.007983],[139.0578117,36.0079881],[139.057817,36.007998],[139.0578179,36.0080047],[139.0578174,36.008015],[139.0578166,36.0080176],[139.0578133,36.0080239],[139.0577923,36.0080517],[139.0577715,36.0080682],[139.0577335,36.0080897],[139.0576957,36.0081151],[139.0576637,36.0081531],[139.0576545,36.0081884],[139.0576658,36.0082458],[139.0576687,36.0082736],[139.0576619,36.0083083],[139.05765329721362,36.00833333333333],[139.05701481545253,36.00833333333333]]]},"properties":{"layer":"landuse","class_code":"203","class_label":"山林（樹林地）"}},{"type":"Feature","id":"luse_716ec25a-4ba9-440c-b75f-e0e5b31274aa","geometry":{"type":"MultiPolygon","coordinates":[[[[139.05307276908505,36.00833333333333],[139.0530073,36.0082632],[139.0529496,36.0082013],[139.0529232,36.0081752],[139.0527947,36.0080475],[139.0527375,36.0080057],[139.0527173,36.0079963],[139.052678,36.0079781],[139.0526304,36.0079666],[139.0525809,36.0079618],[139.0525484,36.0078739],[139.0525171,36.0077759],[139.0524675,36.0077398],[139.0523625,36.0076795],[139.0522986,36.0076052],[139.0522963,36.0075407],[139.0523096,36.0075479],[139.0523589,36.0075539],[139.0524134,36.0075543],[139.0524612,36.0075303],[139.0524702,36.0075103],[139.0524722,36.0074888],[139.052476,36.0074617],[139.0524869,36.0074317],[139.0524942,36.007406],[139.0524856,36.0073816],[139.0524605,36.0073545],[139.0524972,36.0071983],[139.0524737,36.0071431],[139.0525186,36.0071312],[139.0525348,36.0071195],[139.052548,36.0070955],[139.0525596,36.0070551],[139.0525706,36.0069856],[139.0525825,36.0069305],[139.0526047,36.0068746],[139.0526183,36.0068269],[139.052613,36.0067417],[139.052606,36.0066892],[139.0526047,36.0066791],[139.0525925,36.0066196],[139.0525723,36.0065681],[139.0525287,36.0066173],[139.0524821,36.0066494],[139.0524161,36.0066952],[139.0523909,36.0067246],[139.0523867,36.0067359],[139.0523572,36.0067154],[139.052309,36.0066861],[139.0522553,36.0066326],[139.0522251,36.0065989],[139.0522185,36.0065862],[139.0519561,36.0068255],[139.0519026,36.0068905],[139.0518837,36.0069443],[139.0518841,36.0069869],[139.0518898,36.0070294],[139.0518955,36.0070501],[139.0519229,36.007103],[139.0518845,36.0071848],[139.0519477,36.007209],[139.0519249,36.0072164],[139.0518708,36.0072259],[139.0517805,36.0072375],[139.0517527,36.0072434],[139.0517523,36.0072435],[139.051716,36.0072524],[139.0516413,36.0071483],[139.0515981,36.0070846],[139.0515643,36.0070348],[139.0515079,36.0069445],[139.0514267,36.0068144],[139.0514067,36.0067823],[139.0513356,36.006684],[139.0513256,36.0066701],[139.0513181,36.0066599],[139.0512934,36.0066447],[139.0512562,36.0066219],[139.0512222,36.0066101],[139.0511958,36.0066009],[139.0511908,36.0066008],[139.0511303,36.0065991],[139.0510844,36.0066078],[139.0510348,36.0066199],[139.0509629,36.0066429],[139.0508176,36.0066936],[139.0507948,36.0067006],[139.0507557,36.0067127],[139.0507328,36.0067168],[139.050725,36.0067182],[139.0507132,36.0067184],[139.0506871,36.006719],[139.0506974,36.0067022],[139.050719,36.0066584],[139.0507454,36.0066014],[139.0507742,36.0065348],[139.0507767,36.0065196],[139.0508521,36.0064953],[139.0509015,36.0064822],[139.0509461,36.0064825],[139.0509813,36.0064846],[139.051068,36.0065062],[139.0511171,36.0065237],[139.051206,36.0065605],[139.051255,36.0065856],[139.0513395,36.0065957],[139.0514052,36.0065962],[139.0514428,36.0065926],[139.0514876,36.0065757],[139.0515207,36.0065492],[139.051575,36.0065171],[139.051634,36.0064927],[139.0516552,36.0064776],[139.0516605,36.0064242],[139.051661,36.0063727],[139.0516211,36.0063648],[139.0514285,36.0063712],[139.0512971,36.0063665],[139.0512903,36.0063455],[139.0512859,36.0063149],[139.0512769,36.0062691],[139.0512732,36.0061699],[139.0512689,36.0061298],[139.05122,36.0060932],[139.0511732,36.00607],[139.0511078,36.0060372],[139.0510332,36.0059852],[139.0510069,36.0059552],[139.0510216,36.005945],[139.0511043,36.0058971],[139.0512265,36.0058264],[139.0513778,36.0057367],[139.0515853,36.0056131],[139.0517203,36.0055494],[139.0518782,36.0054934],[139.0518785,36.0054933],[139.0520074,36.0054597],[139.0521588,36.0054236],[139.0523196,36.0053766],[139.0523933,36.0053431],[139.0526718,36.005226],[139.0528064,36.0051566],[139.052897,36.0050779],[139.0529512,36.0049835],[139.0529642,36.0049292],[139.0529598,36.0048657],[139.0529415,36.0047877],[139.0528773,36.0045597],[139.0528685,36.0044921],[139.0528712,36.0044138],[139.0528766,36.0043213],[139.0528819,36.0042673],[139.0528756,36.0041909],[139.0528375,36.0041109],[139.0528725,36.0040671],[139.0530106,36.0039368],[139.0527073,36.0036354],[139.0524811,36.003786],[139.0524502,36.0037728],[139.0524246,36.0037676],[139.0523893,36.0037051],[139.0523856,36.0036904],[139.0523845,36.0036702],[139.0523884,36.0036461],[139.0524557,36.0036257],[139.0524921,36.0036061],[139.0525044,36.003582],[139.0525075,36.0035634],[139.0524924,36.0034403],[139.0524829,36.0034135],[139.0524605,36.0034032],[139.0523473,36.0034055],[139.05231,36.0034128],[139.0522961,36.0034188],[139.0522801,36.003447],[139.0522929,36.0035621],[139.0523311,36.00361],[139.0523613,36.0036407],[139.0523566,36.0036691],[139.0523579,36.0036933],[139.0523629,36.0037122],[139.0523839,36.0037509],[139.0523782,36.0037582],[139.0523624,36.003755],[139.0521732,36.0037132],[139.0521308,36.0036641],[139.0520569,36.0035377],[139.0520594,36.0034389],[139.0520613,36.0033568],[139.0520765,36.0033103],[139.0521025,36.0032618],[139.0521231,36.0032121],[139.0521276,36.0031454],[139.0521166,36.0030964],[139.0520914,36.0030439],[139.0520682,36.0030215],[139.0519943,36.0030144],[139.0519097,36.0030185],[139.0517554,36.0030222],[139.0516123,36.00302],[139.0514853,36.0030264],[139.0513466,36.0030394],[139.0512346,36.0030652],[139.0511987,36.0030948],[139.0511882,36.0031441],[139.0511578,36.0032605],[139.0511532,36.003306],[139.0511518,36.0033618],[139.0511542,36.003398],[139.0511712,36.0034426],[139.0511909,36.0034765],[139.0512262,36.0035095],[139.0515443,36.0036406],[139.0516867,36.0036397],[139.0516861,36.0036418],[139.0516579,36.0037503],[139.0516633,36.0038352],[139.0516893,36.0039179],[139.0517163,36.0039498],[139.0517886,36.0039597],[139.0518786,36.0039445],[139.0519446,36.0039239],[139.0520153,36.0038776],[139.0520574,36.0038458],[139.0520891,36.0038218],[139.0521818,36.0037787],[139.0522407,36.0037514],[139.0523501,36.0037757],[139.0524523,36.0038195],[139.0524915,36.0038485],[139.0527943,36.0041322],[139.0528532,36.0042564],[139.0528541,36.0042672],[139.0528489,36.0043198],[139.0528435,36.0044129],[139.0528407,36.0044929],[139.0528499,36.0045634],[139.0529143,36.0047923],[139.0529322,36.0048684],[139.0529363,36.0049277],[139.0529246,36.0049765],[139.0528737,36.0050651],[139.0527886,36.0051391],[139.0527883,36.0051392],[139.0526578,36.0052064],[139.0523804,36.0053232],[139.0523081,36.005356],[139.0521502,36.0054022],[139.0519993,36.0054382],[139.0518685,36.0054723],[139.0517079,36.0055293],[139.0515704,36.0055943],[139.0513615,36.0057185],[139.05121,36.0058082],[139.0510302,36.0059124],[139.0510299,36.0059124],[139.0510153,36.0059125],[139.0510149,36.0059125],[139.0510032,36.0059114],[139.0509788,36.0059002],[139.050977,36.0058972],[139.0509551,36.0058765],[139.0509265,36.0058557],[139.0508954,36.0058332],[139.0508718,36.0058087],[139.050854,36.0057843],[139.0508416,36.0057543],[139.050836,36.0057306],[139.0508339,36.005708],[139.0508358,36.0056817],[139.0508428,36.0056541],[139.0508668,36.0056076],[139.0509239,36.0055394],[139.0509445,36.0055122],[139.0509564,36.0054884],[139.0509573,36.0054583],[139.0509586,36.0054301],[139.0509602,36.0054021],[139.0509659,36.0053779],[139.0509761,36.005353],[139.050989,36.0053554],[139.0510589,36.0053891],[139.0511291,36.0053991],[139.0511755,36.0053883],[139.0511878,36.0053823],[139.0512074,36.0053704],[139.0512366,36.0053526],[139.0512737,36.0053228],[139.0513041,36.0053057],[139.0513383,36.0052838],[139.0513744,36.005254],[139.0513938,36.0052225],[139.0514049,36.0051868],[139.0514106,36.0051685],[139.0514198,36.0051475],[139.0514355,36.0051286],[139.0515611,36.0050746],[139.0515649,36.0050603],[139.0514873,36.0050112],[139.0513543,36.0049294],[139.0512803,36.0048964],[139.0512545,36.0049001],[139.0512122,36.0049468],[139.0511818,36.0049212],[139.0511154,36.0049178],[139.0509782,36.0049701],[139.0508899,36.0050242],[139.0508251,36.0050714],[139.0507396,36.0051374],[139.050657,36.0052058],[139.0505745,36.0052576],[139.0505359,36.0053215],[139.0505061,36.0053689],[139.0504851,36.0054234],[139.0504346,36.0054991],[139.0503814,36.0055535],[139.0502993,36.0055743],[139.0502055,36.0055904],[139.050112,36.0055731],[139.0500305,36.0055322],[139.05,36.00552325403088],[139.05,36.005267456575055],[139.0500589,36.0053019],[139.0501087,36.0052545],[139.0501371,36.0052261],[139.050175,36.0051958],[139.0502293,36.0051714],[139.0502677,36.0050839],[139.0501764,36.0050546],[139.0501286,36.0051383],[139.0501073,36.0051534],[139.05,36.005098157106765],[139.05,36.00470350147299],[139.0500373,36.0046463],[139.0500404,36.0046416],[139.0500817,36.0045438],[139.050122,36.0044482],[139.0501976,36.0042693],[139.050203,36.0042531],[139.0502091,36.0042366],[139.0502116,36.0042037],[139.0501917,36.0041683],[139.0501455,36.0041448],[139.050052,36.0041135],[139.0500309,36.0041066],[139.0500046,36.0040978],[139.0500743,36.0039086],[139.0500766,36.0036067],[139.0500159,36.0033679],[139.05,36.003331925482634],[139.05,36.004130428031814],[139.050008,36.0041331],[139.05,36.00415393720925],[139.05,36.00447191463845],[139.050062,36.0044928],[139.0500045,36.0046289],[139.05,36.00463580624998],[139.05,36.0],[139.05320432687748,36.0],[139.0532627,36.0000248],[139.0534132,36.0000823],[139.0534357,36.0000909],[139.053436,36.0000911],[139.0535025,36.0001148],[139.0535073,36.0001165],[139.0535487,36.0001256],[139.0535738,36.0001245],[139.0535812,36.0001242],[139.0535816,36.0001242],[139.0536129,36.0001169],[139.0536701,36.0000985],[139.0536795,36.0001551],[139.0536952,36.0002153],[139.0535018,36.0003899],[139.0535758,36.0004509],[139.0535695,36.0004463],[139.0534857,36.0005467],[139.053477,36.0005938],[139.0536415,36.0007059],[139.0538987,36.0005088],[139.05393,36.0005293],[139.0539632,36.000549],[139.0540242,36.0005746],[139.0540921,36.0006053],[139.0541231,36.0006209],[139.0541279,36.0006232],[139.05415,36.0006396],[139.0541817,36.0006672],[139.0542231,36.0007083],[139.0542643,36.0007562],[139.0542995,36.0008003],[139.0542893,36.0009918],[139.054245,36.001023],[139.0541883,36.0010555],[139.0541263,36.001088],[139.0540768,36.0011149],[139.0540391,36.0011862],[139.0540389,36.0012105],[139.0540841,36.0012637],[139.0541331,36.0012912],[139.0541682,36.0013086],[139.0542525,36.0013335],[139.0543262,36.0013515],[139.0544232,36.0013418],[139.0544678,36.0012834],[139.0544944,36.0012635],[139.0545173,36.001258],[139.0545473,36.0012538],[139.0545772,36.0012583],[139.0546345,36.0012634],[139.0546547,36.0012759],[139.0547101,36.0013053],[139.0547413,36.0013215],[139.0547443,36.0013271],[139.0548433,36.001429],[139.0549055,36.0015067],[139.0549462,36.0015199],[139.0550565,36.0015524],[139.0551139,36.0015803],[139.05491,36.0018941],[139.0551516,36.0020331],[139.0552805,36.002285],[139.0553137,36.0022948],[139.0553443,36.0022904],[139.05538,36.0022852],[139.0554809,36.0022706],[139.0554839,36.0022954],[139.0554979,36.00232],[139.0555236,36.0023379],[139.0555469,36.0023439],[139.0555712,36.0023433],[139.0555981,36.0023337],[139.055665,36.0025284],[139.0557775,36.0025104],[139.0558476,36.0026981],[139.0558113,36.0027075],[139.0557495,36.0027262],[139.0557374,36.0027619],[139.0557369,36.002812],[139.0557687,36.0028694],[139.055806,36.0029507],[139.0558057,36.0029793],[139.0558052,36.0030366],[139.0558134,36.0030891],[139.0558275,36.003156],[139.0558423,36.0032256],[139.0560352,36.0036944],[139.0560144,36.0037073],[139.0559936,36.0037203],[139.0559798,36.0037289],[139.0559665,36.0037373],[139.0559361,36.0037081],[139.0557686,36.0037356],[139.0557738,36.0038048],[139.0558171,36.0038742],[139.0558633,36.0039532],[139.0559778,36.0040795],[139.0560224,36.00413],[139.0561142,36.0042252],[139.0561296,36.004242],[139.0561711,36.0042875],[139.0561916,36.0043183],[139.0562243,36.0043869],[139.0562419,36.004406],[139.056287,36.0044187],[139.0563479,36.0044279],[139.0564019,36.0044286],[139.0564024,36.0044286],[139.0564805,36.0044166],[139.0564985,36.0044146],[139.0566043,36.0044111],[139.0567683,36.0044092],[139.0567491,36.0044492],[139.0567228,36.0045049],[139.0567061,36.0045618],[139.0566942,36.0046051],[139.0566894,36.004646],[139.056689,36.004674],[139.056689,36.0046764],[139.056694,36.004718],[139.0567166,36.0048472],[139.0567389,36.0049737],[139.056769,36.0051448],[139.0567892,36.0052701],[139.0567333,36.0053252],[139.0566663,36.0054468],[139.0566185,36.0055381],[139.0566526,36.0056528],[139.0568995,36.0056121],[139.0569051,36.0056221],[139.0569426,36.0056849],[139.0569775,36.0057501],[139.0569994,36.0057928],[139.0570073,36.0058226],[139.0570096,36.0058311],[139.0570185,36.0058859],[139.0570235,36.0059314],[139.0570231,36.0059764],[139.0570148,36.0060185],[139.0569516,36.0062542],[139.0568471,36.0066123],[139.056842,36.0066519],[139.0568403,36.0066916],[139.0568469,36.0067278],[139.0568767,36.006804],[139.0569064,36.0068803],[139.0570077,36.0071309],[139.0570327,36.0071911],[139.0570437,36.0072297],[139.0570532,36.0072705],[139.0570576,36.0073176],[139.0570589,36.0073652],[139.0570584,36.0074545],[139.057037,36.007662],[139.0570276,36.0077143],[139.0570129,36.0077607],[139.0569796,36.0078173],[139.0569452,36.0078684],[139.0569072,36.0079269],[139.0568648,36.0079865],[139.0568406,36.0080295],[139.0567689,36.0080119],[139.0566228,36.0079027],[139.0567353,36.0078527],[139.0566196,36.0076515],[139.0563956,36.0072369],[139.0561684,36.0073132],[139.056097,36.0073563],[139.0559188,36.0073445],[139.0556608,36.007319],[139.0550778,36.0072103],[139.0548874,36.0071685],[139.0548088,36.0071036],[139.0547242,36.0070554],[139.0545685,36.0070687],[139.0543834,36.0070961],[139.0542852,36.007229],[139.0542133,36.0073811],[139.0541327,36.0075189],[139.0545153,36.0077026],[139.0542253,36.007992],[139.0538757,36.0082779],[139.0538195081718,36.00833333333333],[139.05533183064517,36.00833333333333],[139.0554021,36.0082569],[139.055435,36.0081998],[139.0554941,36.0081525],[139.0555737,36.0081173],[139.0556182,36.0080699],[139.055616,36.0080007],[139.0555811,36.00796],[139.0555317,36.0079119],[139.055506,36.0078426],[139.0555151,36.0078093],[139.0555418,36.0077761],[139.0555594,36.0077647],[139.0557476,36.0077428],[139.0559298,36.0077225],[139.0560473,36.007709],[139.0561734,36.0077218],[139.0562873,36.0077797],[139.0563656,36.0078756],[139.0564354,36.0079381],[139.0565224,36.0080436],[139.0566357,36.0081635],[139.0566967,36.0082355],[139.0567079,36.0082904],[139.0567123,36.0083129],[139.0567067,36.0083265],[139.05670378911097,36.00833333333333],[139.05307276908505,36.00833333333333]]],[[[139.0522408,36.0008802],[139.0526299,36.0009358],[139.0526896,36.0009292],[139.05264,36.0008674],[139.0528723,36.0007815],[139.0528927,36.0007713],[139.0529014,36.0007486],[139.0527003,36.0004358],[139.0524307,36.0005347],[139.0522864,36.0003166],[139.052624,36.0001641],[139.0525681,36.0000784],[139.0525244,36.0000113],[139.0521721,36.0001539],[139.0521934,36.0001842],[139.0521888,36.0003772],[139.0521455,36.0004019],[139.0521185,36.0004198],[139.0520898,36.0004441],[139.0520427,36.0007942],[139.0522408,36.0008802]]],[[[139.054468,36.0028191],[139.0545432,36.0029155],[139.0546289,36.0029913],[139.0546298,36.002992],[139.0546442,36.0030016],[139.054736,36.0029366],[139.0545554,36.0027369],[139.0546558,36.0026186],[139.0543582,36.002357],[139.0545558,36.0022581],[139.0544441,36.0020691],[139.0545703,36.0020225],[139.0546094,36.0019425],[139.0545202,36.0017153],[139.0543707,36.0017364],[139.05434,36.0016492],[139.0538417,36.0015227],[139.0538471,36.0015807],[139.0539048,36.0017599],[139.0539095,36.001888],[139.0537961,36.0022255],[139.0537637,36.0028052],[139.054237,36.0027649],[139.0544129,36.0027626],[139.054468,36.0028191]]]]},"properties":{"layer":"landuse","class_code":"203","class_label":"山林（樹林地）"}},{"type":"Feature","id":"luse_be72b483-9c06-483e-9fd6-5514af988f67","geometry":{"type":"Polygon","coordinates":[[[139.0625,36.00833333333333],[139.0583475299517,36.00833333333333],[139.0583599,36.0083235],[139.0584017,36.0082892],[139.05843,36.0082598],[139.05845,36.0082362],[139.0584757,36.0082142],[139.0585123,36.008187],[139.0585354,36.0081675],[139.0585516,36.0081466],[139.058566,36.0081237],[139.058574,36.0081106],[139.0585801,36.0080896],[139.0585805,36.0080684],[139.0585746,36.0080303],[139.0585336,36.0078538],[139.0585312,36.0078434],[139.0585939,36.0078443],[139.0586058,36.0078447],[139.0586126,36.0078443],[139.0586219,36.0078438],[139.058638,36.0078363],[139.0586399,36.0078343],[139.0586428,36.007831],[139.058648,36.0078206],[139.0586496,36.0078111],[139.0586487,36.007797],[139.0586484,36.0077931],[139.0586472,36.0077774],[139.0586547,36.0077341],[139.058659,36.0077194],[139.0586656,36.0076974],[139.0586717,36.0076767],[139.058686,36.0076769],[139.0586864,36.0076617],[139.0586824,36.0076404],[139.0586733,36.0076184],[139.0586506,36.0075901],[139.0586278,36.007578],[139.0585876,36.0075616],[139.0585509,36.0075452],[139.058517,36.007508],[139.058502,36.0074881],[139.0584904,36.0074587],[139.0584857,36.0074313],[139.0584856,36.0073852],[139.058469,36.0073781],[139.0584482,36.0073792],[139.0584358,36.0071629],[139.0583307,36.0068685],[139.0580195,36.0069003],[139.0580219,36.0068895],[139.0580332,36.0068533],[139.0580341,36.0068209],[139.0580307,36.0067971],[139.0580279,36.0067886],[139.0580232,36.0067745],[139.0580637,36.0067149],[139.0580691,36.0067027],[139.058073,36.0066939],[139.0580936,36.0066553],[139.0581182,36.006608],[139.0581295,36.0065841],[139.05872,36.0063585],[139.0595109,36.0060703],[139.0599127,36.0059406],[139.0601517,36.0058169],[139.0608172,36.0057389],[139.0608856,36.0059433],[139.0609685,36.0060225],[139.0610286,36.0061803],[139.0612354,36.0066466],[139.0610927,36.0068353],[139.0611821,36.0071435],[139.0611732,36.0071506],[139.0611897,36.0072687],[139.06132,36.0074484],[139.0613857,36.007481],[139.0614255,36.007467],[139.0615105,36.0073244],[139.0615418,36.0072817],[139.0615566,36.0071101],[139.061562,36.0065557],[139.0617468,36.0065748],[139.0618697,36.0066042],[139.0619352,36.0066583],[139.0619744,36.006705],[139.0621176,36.0067344],[139.0621841,36.0068174],[139.0622815,36.0069543],[139.0625,36.00716974987311],[139.0625,36.00833333333333]]]},"properties":{"layer":"landuse","class_code":"203","class_label":"山林（樹林地）"}},{"type":"Feature","id":"luse_31adc174-2785-49f5-a79a-ab2df67d3f7d","geometry":{"type":"Polygon","coordinates":[[[139.0625,36.00193087142856],[139.0624742,36.0019665],[139.0624579,36.0020289],[139.0624562,36.0020358],[139.0624483,36.0020754],[139.0624448,36.0021443],[139.062445,36.0021665],[139.0624454,36.0021786],[139.0624396,36.0021846],[139.062415,36.0022023],[139.0624028,36.0022209],[139.062397,36.0022249],[139.0623833,36.002225],[139.0623595,36.0022147],[139.0622743,36.0021671],[139.0622615,36.0021548],[139.0622553,36.0021431],[139.0622543,36.0021241],[139.0622634,36.0021047],[139.0622926,36.0020615],[139.0622978,36.0020279],[139.0622981,36.0020266],[139.062296,36.0020111],[139.0622893,36.0019952],[139.0622714,36.0019647],[139.0622533,36.0019407],[139.0622384,36.0019198],[139.0622253,36.0018951],[139.0622186,36.0018693],[139.0622407,36.001866],[139.0622623,36.0018687],[139.0622993,36.0018782],[139.0623361,36.0018791],[139.0623833,36.0018707],[139.0624297,36.0018581],[139.0624514,36.0018491],[139.0624827,36.0018435],[139.0625,36.001842122611464],[139.0625,36.00193087142856]]]},"properties":{"layer":"landuse","class_code":"204","class_label":"水面（河川水面、湖沼、ため池、用水路、濠、運河水面）"}},{"type":"Feature","id":"luse_51ea7f52-8a82-460c-93e3-5dffce28cafa","geometry":{"type":"Polygon","coordinates":[[[139.050179,36.0063539],[139.0501795,36.0063541],[139.0501181,36.0064181],[139.0500929,36.0063881],[139.0500019,36.0063354],[139.05,36.00633462394366],[139.05,36.0057044853659],[139.0500117,36.0057315],[139.0500185,36.0057678],[139.0500165,36.0058074],[139.0500044,36.005847],[139.05,36.00585690871631],[139.05,36.00625443916085],[139.0500188,36.0062666],[139.0500295,36.0062689],[139.0500313,36.0062692],[139.050034,36.0062716],[139.0500562,36.0062909],[139.0501203,36.0063324],[139.0501599,36.006347],[139.050179,36.0063539]]]},"properties":{"layer":"landuse","class_code":"204","class_label":"水面（河川水面、湖沼、ため池、用水路、濠、運河水面）"}},{"type":"Feature","id":"luse_f7d7d734-664d-47e8-9e89-aa80c9db33c5","geometry":{"type":"Polygon","coordinates":[[[139.0581295,36.0065841],[139.0581182,36.006608],[139.0580936,36.0066553],[139.058073,36.0066939],[139.0580691,36.0067027],[139.0580637,36.0067149],[139.0580232,36.0067745],[139.0580197,36.0067639],[139.0580031,36.0067132],[139.0580215,36.0066774],[139.0580426,36.0066376],[139.0580668,36.0065911],[139.0580896,36.0065426],[139.0581071,36.006498],[139.0581216,36.0064625],[139.0581227,36.0064428],[139.058112,36.0064123],[139.05809,36.0063738],[139.0580094,36.0062826],[139.0579324,36.0062022],[139.0578824,36.0061523],[139.0578445,36.0061079],[139.0578191,36.0060668],[139.0578015,36.0060304],[139.0577936,36.0060115],[139.0577945,36.0059882],[139.0578029,36.0059561],[139.0578224,36.0059088],[139.0578441,36.0058457],[139.0578622,36.0057855],[139.0578771,36.0057209],[139.0578959,36.0056309],[139.0578976,36.0056226],[139.0578983,36.0056177],[139.0579078,36.0055464],[139.0579278,36.0054766],[139.0579517,36.0054362],[139.0579718,36.0054157],[139.0580019,36.0053971],[139.0580332,36.0053909],[139.058101,36.0053896],[139.0582216,36.0053875],[139.0582475,36.0053834],[139.0582579,36.0053817],[139.0582942,36.0053706],[139.0583226,36.0053507],[139.058335,36.0053374],[139.058347,36.0053114],[139.0583518,36.0052904],[139.0583524,36.0052705],[139.0583527,36.0052593],[139.0583526,36.0052458],[139.058353,36.0052294],[139.0583553,36.0052094],[139.0583603,36.0051906],[139.0583659,36.0051674],[139.0583643,36.0051298],[139.0583462,36.0051016],[139.0583157,36.005077],[139.0582325,36.0050224],[139.0581991,36.0049969],[139.058179,36.0049689],[139.0581712,36.0049495],[139.0581678,36.0049335],[139.0581659,36.0049185],[139.0581718,36.004889],[139.0581908,36.0048472],[139.0582279,36.0047839],[139.058282,36.0046849],[139.0583036,36.0046335],[139.0583082,36.0046177],[139.0583104,36.0046059],[139.0583103,36.0045943],[139.058309,36.004589],[139.0583025,36.0045823],[139.0582906,36.0045765],[139.0582837,36.0045754],[139.0582669,36.0045748],[139.0582627,36.0045751],[139.0582528,36.0045758],[139.0582336,36.0045802],[139.0581943,36.0045939],[139.0581293,36.0046273],[139.0580791,36.0046564],[139.0580516,36.0046699],[139.058019,36.0046765],[139.0580186,36.0046765],[139.0580115,36.004676],[139.0580044,36.0046755],[139.0579785,36.0046736],[139.0579311,36.0046667],[139.0579076,36.0046606],[139.0578795,36.0046495],[139.0578767,36.0046294],[139.0578821,36.0046081],[139.0579007,36.0045714],[139.0579313,36.0045089],[139.0579629,36.0044629],[139.0579781,36.0044295],[139.0579849,36.004388],[139.0579834,36.0043392],[139.0579739,36.0043107],[139.0579569,36.0042924],[139.0579332,36.0042808],[139.0578962,36.0042781],[139.0577504,36.0042923],[139.057727,36.0042945],[139.0576813,36.0042961],[139.0576323,36.0042855],[139.0575937,36.0042627],[139.0575634,36.004231],[139.0575419,36.0041938],[139.0575334,36.0041343],[139.0575209,36.0040822],[139.0574967,36.0040264],[139.0574674,36.0039806],[139.0574246,36.0039249],[139.0573852,36.0038832],[139.0573505,36.0038438],[139.0573281,36.0038051],[139.0573154,36.0037648],[139.057314,36.0037194],[139.057339,36.0036789],[139.0573433,36.0036762],[139.0573802,36.0036526],[139.0574298,36.0036396],[139.0574822,36.0036402],[139.0575404,36.0036504],[139.0575485,36.0036534],[139.0575943,36.0036699],[139.0576748,36.0037042],[139.0577124,36.0037131],[139.0577612,36.0037247],[139.0577622,36.0037248],[139.0578379,36.0037324],[139.0578754,36.0037322],[139.0579028,36.0037275],[139.0579333,36.0037078],[139.0579618,36.0036753],[139.0579631,36.0036726],[139.0580214,36.0035501],[139.058041,36.0035084],[139.0580418,36.0034703],[139.0580299,36.003436],[139.0579945,36.00339],[139.0579633,36.0033595],[139.0579218,36.0033339],[139.0579201,36.0033328],[139.0578072,36.0032803],[139.057693,36.0032038],[139.0576318,36.0031606],[139.05759,36.003119],[139.0575506,36.003052],[139.0575366,36.0030067],[139.0575409,36.0029626],[139.0575638,36.0029259],[139.0575912,36.0028934],[139.0576213,36.0028673],[139.0576696,36.0028425],[139.0577735,36.0027993],[139.0579244,36.0027473],[139.0579699,36.0027257],[139.0579846,36.0027161],[139.0579919,36.0027072],[139.0579967,36.0026895],[139.0579946,36.0026676],[139.0579875,36.0026411],[139.05793,36.002529],[139.0579283,36.0025259],[139.0578574,36.0023746],[139.0578548,36.0023699],[139.0577892,36.0022508],[139.0577807,36.0022354],[139.0577371,36.0021466],[139.0576756,36.0019981],[139.057672,36.0019891],[139.0576311,36.0019085],[139.0575687,36.0018238],[139.0574987,36.0017571],[139.0573695,36.001666],[139.0572642,36.0015977],[139.0572231,36.0015751],[139.0571665,36.0015537],[139.0571152,36.0015325],[139.0570564,36.0015158],[139.0568929,36.0014398],[139.0567919,36.0013777],[139.0567647,36.0013588],[139.0567123,36.0013329],[139.0566699,36.0013139],[139.0566784,36.0013047],[139.0565679,36.0012741],[139.0565544,36.0012703],[139.0563588,36.0012178],[139.0563066,36.0012037],[139.0561533,36.0011623],[139.056021,36.0011133],[139.0559564,36.0010893],[139.0557038,36.0009997],[139.0555759,36.000958],[139.0555088,36.0009382],[139.0554583,36.0009095],[139.0553623,36.000855],[139.0553462,36.0008425],[139.055259,36.000769],[139.0551024,36.0006313],[139.0550201,36.0005541],[139.0548905,36.0004298],[139.0548078,36.0003592],[139.054772,36.0003381],[139.0547233,36.0003087],[139.0546802,36.0002827],[139.0545953,36.0002019],[139.054523,36.0001273],[139.0545005,36.0001041],[139.05442030954632,36.0],[139.0544466039085,36.0],[139.0545187,36.0000936],[139.0545617,36.000138],[139.0546125,36.0001905],[139.0546954,36.0002694],[139.0547026,36.0002737],[139.0547851,36.0003236],[139.0548225,36.0003456],[139.0549071,36.0004177],[139.0550369,36.0005423],[139.0551189,36.0006194],[139.0552751,36.0007566],[139.0553632,36.0008308],[139.0553798,36.000843],[139.0554709,36.0008948],[139.0555191,36.0009221],[139.0555838,36.0009412],[139.0557124,36.0009831],[139.0559654,36.0010729],[139.056091,36.0011194],[139.0561614,36.0011455],[139.0562914,36.0011806],[139.0563658,36.0012007],[139.0565614,36.0012531],[139.0565811,36.0012586],[139.0566855,36.0012877],[139.0566941,36.0012784],[139.0567373,36.0012978],[139.0567941,36.0013258],[139.0568232,36.0013462],[139.0569205,36.0014059],[139.0570773,36.0014787],[139.0571348,36.0014952],[139.0571883,36.0015172],[139.0572477,36.0015397],[139.0572938,36.001565],[139.0574014,36.0016349],[139.0575342,36.0017284],[139.0576094,36.0018001],[139.0576758,36.0018902],[139.0577188,36.001975],[139.0577284,36.0019984],[139.0577853,36.0021359],[139.0578266,36.0022196],[139.0578664,36.0022917],[139.0579035,36.0023591],[139.0579248,36.0024044],[139.0579747,36.0025109],[139.0579812,36.0025234],[139.0580352,36.0026288],[139.0580442,36.0026615],[139.0580448,36.0026679],[139.0580472,36.0026924],[139.0580386,36.0027234],[139.058022,36.0027438],[139.0579983,36.0027592],[139.0579468,36.0027836],[139.0577947,36.0028361],[139.0577782,36.0028429],[139.0576943,36.0028779],[139.0576534,36.0028989],[139.0576302,36.0029189],[139.0576068,36.0029466],[139.0575899,36.0029737],[139.057587,36.0030032],[139.0575978,36.0030382],[139.0576325,36.0030972],[139.0576677,36.0031323],[139.0577253,36.0031729],[139.0578357,36.0032468],[139.0578609,36.0032585],[139.0579479,36.003299],[139.0579981,36.0033301],[139.0580351,36.0033662],[139.0580761,36.0034195],[139.0580918,36.003465],[139.0580908,36.0035162],[139.0580882,36.0035216],[139.0580679,36.0035646],[139.0580298,36.0036448],[139.0580061,36.0036946],[139.0579699,36.0037359],[139.0579484,36.0037498],[139.0579394,36.0037557],[139.0579248,36.0037652],[139.0578808,36.0037727],[139.0578351,36.003773],[139.0577512,36.0037646],[139.0576608,36.0037431],[139.0575701,36.0037105],[139.0575232,36.0036935],[139.0574759,36.0036852],[139.0574383,36.0036847],[139.057432,36.0036864],[139.0574067,36.0036931],[139.0573831,36.0037082],[139.0573698,36.0037296],[139.0573707,36.0037586],[139.0573805,36.0037897],[139.0573943,36.0038136],[139.0573986,36.0038209],[139.0574297,36.0038565],[139.0574702,36.0038992],[139.0575157,36.0039583],[139.0575477,36.0040085],[139.0575746,36.0040703],[139.0575882,36.0041273],[139.0575959,36.0041813],[139.057611,36.0042074],[139.0576327,36.00423],[139.0576565,36.0042441],[139.0576874,36.0042507],[139.057711,36.0042499],[139.0577226,36.0042495],[139.0578897,36.0042333],[139.057951,36.004237],[139.0579946,36.0042583],[139.0579969,36.0042608],[139.0580247,36.0042904],[139.0580386,36.0043327],[139.0580404,36.0043904],[139.0580335,36.0044325],[139.0580322,36.0044404],[139.0580134,36.0044817],[139.0579815,36.0045284],[139.0579606,36.004571],[139.0579521,36.0045883],[139.0579358,36.0046205],[139.0579448,36.0046229],[139.057966,36.0046261],[139.0579859,36.004629],[139.0580142,36.004631],[139.0580302,36.0046277],[139.0580486,36.0046187],[139.0580658,36.0046088],[139.0580984,36.0045899],[139.0581683,36.0045539],[139.0581824,36.004549],[139.0582151,36.0045376],[139.0582429,36.0045313],[139.0582657,36.0045297],[139.0582903,36.0045305],[139.0583108,36.0045338],[139.0583248,36.0045406],[139.0583394,36.0045477],[139.058361,36.0045697],[139.0583657,36.0045899],[139.058366,36.0046091],[139.0583628,36.0046263],[139.058357,36.004646],[139.0583338,36.0047013],[139.058287,36.0047869],[139.0582783,36.0048027],[139.058242,36.0048648],[139.0582257,36.0049006],[139.0582218,36.0049198],[139.0582228,36.0049276],[139.0582251,36.0049387],[139.0582299,36.0049503],[139.058243,36.0049685],[139.058269,36.0049884],[139.0583527,36.0050433],[139.0583914,36.0050746],[139.0584192,36.005118],[139.0584217,36.0051711],[139.0584146,36.0051997],[139.0584103,36.0052162],[139.0584085,36.0052319],[139.0584081,36.005246],[139.0584082,36.0052596],[139.0584072,36.0052951],[139.0584007,36.0053236],[139.058384,36.0053595],[139.0583632,36.0053816],[139.058323,36.0054099],[139.0582732,36.0054251],[139.0582277,36.0054325],[139.0581314,36.0054341],[139.0581022,36.0054346],[139.0580405,36.0054358],[139.0580263,36.0054386],[139.058011,36.0054481],[139.057999,36.0054603],[139.057987,36.0054806],[139.0579804,36.0054917],[139.0579625,36.005554],[139.0579601,36.0055721],[139.0579601,36.0055726],[139.0579526,36.0056288],[139.0579317,36.0057287],[139.0579164,36.0057951],[139.0578977,36.0058571],[139.0578754,36.0059221],[139.0578565,36.005968],[139.0578498,36.0059935],[139.0578494,36.0060047],[139.0578537,36.0060149],[139.0578697,36.0060484],[139.0578922,36.0060848],[139.0579267,36.0061252],[139.0579757,36.0061741],[139.0580538,36.0062556],[139.0581381,36.006351],[139.058164,36.0063965],[139.0581714,36.0064172],[139.0581786,36.0064375],[139.0581766,36.0064707],[139.0581672,36.006494],[139.0581599,36.0065119],[139.058142,36.0065575],[139.0581295,36.0065841]]]},"properties":{"layer":"landuse","class_code":"204","class_label":"水面（河川水面、湖沼、ため池、用水路、濠、運河水面）"}},{"type":"Feature","id":"luse_95423350-44a1-4265-9617-cabc469128dd","geometry":{"type":"Polygon","coordinates":[[[139.051716,36.0072524],[139.0517132,36.0072534],[139.0516183,36.0072876],[139.0516111,36.0072779],[139.0515627,36.0071794],[139.0514945,36.0070626],[139.0513385,36.0068126],[139.051259,36.0067028],[139.0512169,36.0066769],[139.0511785,36.0066636],[139.0511377,36.0066624],[139.0511044,36.0066687],[139.051104,36.0066688],[139.0510956,36.0066709],[139.0510602,36.0066795],[139.0510068,36.0066966],[139.0509913,36.0067016],[139.0508467,36.0067521],[139.0508074,36.0067642],[139.0507966,36.0067675],[139.050778,36.0067732],[139.0507371,36.0067807],[139.0507345,36.0067812],[139.0507266,36.0067813],[139.0506923,36.006782],[139.050682,36.0067823],[139.050677,36.0067816],[139.0506412,36.006777],[139.0506196,36.0067697],[139.0506147,36.0067681],[139.0506039,36.0067644],[139.0505689,36.0067462],[139.0505288,36.0067143],[139.0505122,36.0067011],[139.0504676,36.0066657],[139.0504415,36.006655],[139.0503972,36.0066368],[139.0504104,36.0066277],[139.0504227,36.0066191],[139.0503,36.0065225],[139.0502528,36.0064917],[139.0502208,36.0064708],[139.0501679,36.0064497],[139.0501947,36.006422],[139.0502284,36.0063867],[139.0502294,36.0063856],[139.0502329,36.006391],[139.0502491,36.0064163],[139.0502909,36.0064448],[139.0503286,36.0064696],[139.0503602,36.0064903],[139.0503757,36.0065032],[139.0504727,36.0065845],[139.0504806,36.0065791],[139.0504989,36.0065664],[139.0505198,36.0066159],[139.0505219,36.0066206],[139.0505421,36.0066367],[139.050615,36.0066946],[139.0506175,36.0066966],[139.0506184,36.006697],[139.05064,36.0067083],[139.0506625,36.0067159],[139.0506871,36.006719],[139.0507132,36.0067184],[139.050725,36.0067182],[139.0507328,36.0067168],[139.0507557,36.0067127],[139.0507948,36.0067006],[139.0508176,36.0066936],[139.0509629,36.0066429],[139.0510348,36.0066199],[139.0510844,36.0066078],[139.0511303,36.0065991],[139.0511908,36.0066008],[139.0511958,36.0066009],[139.0512222,36.0066101],[139.0512562,36.0066219],[139.0512934,36.0066447],[139.0513181,36.0066599],[139.0513256,36.0066701],[139.0513356,36.006684],[139.0514067,36.0067823],[139.0514267,36.0068144],[139.0515079,36.0069445],[139.0515643,36.0070348],[139.0515981,36.0070846],[139.0516413,36.0071483],[139.051716,36.0072524]]]},"properties":{"layer":"landuse","class_code":"204","class_label":"水面（河川水面、湖沼、ため池、用水路、濠、運河水面）"}},{"type":"Feature","id":"luse_78db2db8-a60e-4ef1-aced-9a4267335130","geometry":{"type":"Polygon","coordinates":[[[139.0580469,36.00723],[139.0580488,36.007268],[139.0580546,36.0073396],[139.0580582,36.0074023],[139.0580521,36.0074493],[139.0580382,36.0074779],[139.0580165,36.0075134],[139.0579917,36.0075394],[139.0579648,36.0075595],[139.0579475,36.0075715],[139.057932,36.0075774],[139.0579145,36.0075842],[139.0579125,36.0075351],[139.0579171,36.0075334],[139.057928,36.0075258],[139.0579507,36.0075087],[139.0579694,36.0074893],[139.0579875,36.0074597],[139.0579977,36.0074384],[139.0580016,36.0074088],[139.0580027,36.007401],[139.0579992,36.0073421],[139.0579935,36.0072704],[139.0579919,36.0072405],[139.0579508,36.0071652],[139.0579128,36.0070956],[139.0578886,36.007043],[139.0578841,36.0069959],[139.0578838,36.0069483],[139.0578961,36.006889],[139.0579209,36.0068358],[139.057923,36.0068324],[139.0579549,36.0067817],[139.0579833,36.0067413],[139.0579835,36.006741],[139.0580038,36.0068031],[139.0579716,36.0068542],[139.0579624,36.0068741],[139.0579499,36.0069009],[139.0579393,36.0069519],[139.0579395,36.0069941],[139.0579433,36.0070332],[139.0579641,36.0070786],[139.0579772,36.0071025],[139.0580015,36.0071469],[139.0580466,36.0072294],[139.0580469,36.00723]]]},"properties":{"layer":"landuse","class_code":"204","class_label":"水面（河川水面、湖沼、ため池、用水路、濠、運河水面）"}},{"type":"Feature","id":"luse_b4ec25db-d38e-45a0-8860-7039bead4246","geometry":{"type":"Polygon","coordinates":[[[139.0522342,36.0080241],[139.0522351,36.0080278],[139.0522543,36.0081096],[139.0522539,36.0081096],[139.0522241,36.0081091],[139.0521979,36.0081093],[139.0521743,36.0081088],[139.0521739,36.0081087],[139.0521447,36.0081049],[139.0521444,36.0081049],[139.0520975,36.0080927],[139.052074,36.0080843],[139.0520313,36.0080702],[139.052031,36.0080701],[139.0519967,36.0080525],[139.0519522,36.0080255],[139.0519477,36.0080221],[139.0519455,36.0080203],[139.0519416,36.0080173],[139.0519106,36.007993],[139.0517572,36.0078728],[139.0517062,36.0078239],[139.0516834,36.0077963],[139.0516576,36.0077555],[139.0516378,36.0077184],[139.0516287,36.0076845],[139.0516262,36.0076446],[139.0516289,36.0076134],[139.0516302,36.0075933],[139.0516673,36.0074933],[139.051679,36.0074493],[139.0516801,36.0074242],[139.0516776,36.0073976],[139.0516724,36.0073745],[139.0516511,36.0073373],[139.0516379,36.0073151],[139.0517315,36.0072813],[139.0517319,36.0072813],[139.0517469,36.0073128],[139.0517601,36.0073437],[139.0517692,36.0073843],[139.0517717,36.0074253],[139.0517674,36.0074583],[139.0517532,36.0075114],[139.0517182,36.0076058],[139.0517175,36.0076177],[139.0517151,36.0076452],[139.051717,36.0076749],[139.0517227,36.0076962],[139.0517378,36.0077246],[139.05176,36.0077596],[139.0517692,36.0077709],[139.0517771,36.0077804],[139.0518161,36.0078178],[139.0518249,36.0078262],[139.0518694,36.0078611],[139.0519022,36.0078868],[139.051936,36.0079133],[139.0520054,36.0079677],[139.0520291,36.0079821],[139.0520471,36.007993],[139.0520523,36.0079957],[139.052072,36.0080058],[139.0521086,36.008018],[139.052126,36.0080213],[139.0521314,36.008022],[139.0521642,36.0080264],[139.0521702,36.0080265],[139.0521919,36.0080268],[139.0521964,36.0080269],[139.0521999,36.0080266],[139.0522342,36.0080241]]]},"properties":{"layer":"landuse","class_code":"204","class_label":"水面（河川水面、湖沼、ため池、用水路、濠、運河水面）"}},{"type":"Feature","id":"luse_8431295d-0d1f-49b7-8c28-e5fa98013164","geometry":{"type":"Polygon","coordinates":[[[139.0577262,36.0076829],[139.0576943,36.007706],[139.0576664,36.0077261],[139.0576364,36.0077597],[139.0576279,36.0077802],[139.0576262,36.0077991],[139.0576278,36.0078105],[139.0576301,36.007817],[139.0576559,36.0078464],[139.0576981,36.0078699],[139.0578001,36.0079223],[139.0578418,36.0079476],[139.0578484,36.0079516],[139.0578606,36.0079665],[139.0578713,36.0079862],[139.0578735,36.0080032],[139.0578726,36.008021],[139.0578696,36.0080317],[139.0578626,36.0080448],[139.0578359,36.0080801],[139.057807,36.008103],[139.0577672,36.0081256],[139.0577659,36.0081264],[139.0577371,36.0081458],[139.0577157,36.0081712],[139.057711,36.0081895],[139.0577209,36.0082404],[139.0577224,36.0082552],[139.0577244,36.0082753],[139.0577161,36.0083179],[139.05771084123455,36.00833333333333],[139.05765329721362,36.00833333333333],[139.0576619,36.0083083],[139.0576687,36.0082736],[139.0576658,36.0082458],[139.0576545,36.0081884],[139.0576637,36.0081531],[139.0576957,36.0081151],[139.0577335,36.0080897],[139.0577715,36.0080682],[139.0577923,36.0080517],[139.0578133,36.0080239],[139.0578166,36.0080176],[139.0578174,36.008015],[139.0578179,36.0080047],[139.057817,36.007998],[139.0578117,36.0079881],[139.0578075,36.007983],[139.0577687,36.0079595],[139.0576677,36.0079075],[139.0576165,36.0078792],[139.0575793,36.0078367],[139.0575733,36.0078193],[139.0575705,36.0078002],[139.0575731,36.0077711],[139.0575866,36.0077388],[139.0576249,36.0076956],[139.0576939,36.0076463],[139.0577445,36.0076166],[139.0577719,36.0076005],[139.0577898,36.00759],[139.0578299,36.0075687],[139.0578415,36.0075626],[139.0578852,36.0075456],[139.0578873,36.0075948],[139.0578869,36.0075948],[139.0578705,36.0076013],[139.0578454,36.0076168],[139.0578194,36.0076282],[139.0577262,36.0076829]]]},"properties":{"layer":"landuse","class_code":"204","class_label":"水面（河川水面、湖沼、ため池、用水路、濠、運河水面）"}},{"type":"Feature","id":"luse_23477362-79c9-44b1-be10-41f1cf6d599a","geometry":{"type":"Polygon","coordinates":[[[139.0529682821727,36.00833333333333],[139.0528843,36.0082432],[139.0527364,36.0080966],[139.0526895,36.0080677],[139.0526561,36.0080535],[139.0526558,36.0080534],[139.0526214,36.0080452],[139.0525926,36.0080396],[139.052565,36.0080382],[139.0525646,36.0080382],[139.0525302,36.0080377],[139.0525047,36.0080399],[139.0524886,36.0080413],[139.0524608,36.0080481],[139.0524604,36.0080482],[139.0524189,36.008061],[139.0524186,36.0080611],[139.0523108,36.0081009],[139.0522923,36.0080205],[139.052291,36.0080155],[139.0523251,36.0080041],[139.052386,36.0079834],[139.0523994,36.0079788],[139.052463,36.0079657],[139.0524769,36.0079645],[139.0525196,36.0079609],[139.0525704,36.0079608],[139.0525809,36.0079618],[139.0526304,36.0079666],[139.052678,36.0079781],[139.0527173,36.0079963],[139.0527375,36.0080057],[139.0527947,36.0080475],[139.0529232,36.0081752],[139.0529496,36.0082013],[139.0530073,36.0082632],[139.05307276908505,36.00833333333333],[139.0529682821727,36.00833333333333]]]},"properties":{"layer":"landuse","class_code":"204","class_label":"水面（河川水面、湖沼、ため池、用水路、濠、運河水面）"}},{"type":"Feature","id":"luse_8cbc6359-c1f0-4437-ac96-fd4276e21e4d","geometry":{"type":"Polygon","coordinates":[[[139.0562599,36.0031892],[139.0562576,36.0032243],[139.0562485,36.003246],[139.0562376,36.0032595],[139.0562193,36.0032717],[139.0561893,36.0032885],[139.0561741,36.0032941],[139.0561732,36.0032944],[139.056141,36.0032311],[139.0561401,36.0032293],[139.0561362,36.0032216],[139.056117,36.0031838],[139.0560791,36.003193],[139.0559929,36.0031809],[139.05594,36.0031992],[139.0558423,36.0032256],[139.0558275,36.003156],[139.0558134,36.0030891],[139.0558052,36.0030366],[139.0558057,36.0029793],[139.055806,36.0029507],[139.0557687,36.0028694],[139.0557369,36.002812],[139.0557374,36.0027619],[139.0557495,36.0027262],[139.0558113,36.0027075],[139.0558476,36.0026981],[139.0559103,36.0027043],[139.0559954,36.0028557],[139.0559583,36.0029146],[139.0560285,36.0030417],[139.0560398,36.0030622],[139.0560633,36.0030682],[139.0561123,36.0030592],[139.0561535,36.0030395],[139.0561797,36.0030121],[139.0562511,36.0029109],[139.0562488,36.0029603],[139.0562473,36.0029917],[139.0562553,36.0031134],[139.0562599,36.0031892]]]},"properties":{"layer":"landuse","class_code":"205","class_label":"その他自然地（原野・牧野、荒れ地（耕作放棄地等自然的状況のもの）、低湿地、河川敷・河原、海浜、湖岸）"}},{"type":"Feature","id":"luse_aa72eba5-6dce-4329-b264-5e35a04009f2","geometry":{"type":"Polygon","coordinates":[[[139.0563118,36.0029388],[139.0563259,36.0029729],[139.0563404,36.0029975],[139.0563653,36.0030278],[139.0564516,36.0031028],[139.0564842,36.0031324],[139.05653,36.0031553],[139.0565107,36.003158],[139.0564801,36.0031654],[139.0564483,36.0031833],[139.0564689,36.0033086],[139.0564537,36.0033108],[139.0563953,36.0033184],[139.0562584,36.0032747],[139.0562736,36.0032559],[139.056285,36.0032286],[139.0562876,36.0031892],[139.0562832,36.0031123],[139.0562752,36.0029915],[139.0562808,36.00287],[139.0562819,36.002846],[139.0562822,36.0028443],[139.0562825,36.002842],[139.0562826,36.0028414],[139.0563118,36.0029388]]]},"properties":{"layer":"landuse","class_code":"205","class_label":"その他自然地（原野・牧野、荒れ地（耕作放棄地等自然的状況のもの）、低湿地、河川敷・河原、海浜、湖岸）"}},{"type":"Feature","id":"luse_9880dccf-6649-4067-8010-29d8c9dede2a","geometry":{"type":"Polygon","coordinates":[[[139.0579633,36.0033595],[139.0579945,36.00339],[139.0580299,36.003436],[139.0580418,36.0034703],[139.058041,36.0035084],[139.0580214,36.0035501],[139.0579631,36.0036726],[139.0579618,36.0036753],[139.0579333,36.0037078],[139.0579028,36.0037275],[139.0578754,36.0037322],[139.0578379,36.0037324],[139.0577622,36.0037248],[139.0577573,36.0036485],[139.0577522,36.0035703],[139.0578443,36.0034275],[139.0579007,36.0033602],[139.0579218,36.0033339],[139.0579633,36.0033595]]]},"properties":{"layer":"landuse","class_code":"205","class_label":"その他自然地（原野・牧野、荒れ地（耕作放棄地等自然的状況のもの）、低湿地、河川敷・河原、海浜、湖岸）"}},{"type":"Feature","id":"luse_585b940d-6371-409e-b877-3df9cb9e821e","geometry":{"type":"Polygon","coordinates":[[[139.0520569,36.0035377],[139.0521308,36.0036641],[139.0521732,36.0037132],[139.0517236,36.003626],[139.0516923,36.00362],[139.0517983,36.0035722],[139.0518949,36.0035328],[139.0520271,36.003465],[139.0520594,36.0034389],[139.0520569,36.0035377]]]},"properties":{"layer":"landuse","class_code":"205","class_label":"その他自然地（原野・牧野、荒れ地（耕作放棄地等自然的状況のもの）、低湿地、河川敷・河原、海浜、湖岸）"}},{"type":"Feature","id":"luse_580f6a0f-d526-4fcc-b8af-5228ab405671","geometry":{"type":"Polygon","coordinates":[[[139.0522407,36.0037514],[139.0521818,36.0037787],[139.0520891,36.0038218],[139.0520574,36.0038458],[139.0520153,36.0038776],[139.0519446,36.0039239],[139.0518786,36.0039445],[139.0517886,36.0039597],[139.0517163,36.0039498],[139.0516893,36.0039179],[139.0516633,36.0038352],[139.0516579,36.0037503],[139.0516861,36.0036418],[139.0516911,36.0036428],[139.0521664,36.003735],[139.0522407,36.0037514]]]},"properties":{"layer":"landuse","class_code":"205","class_label":"その他自然地（原野・牧野、荒れ地（耕作放棄地等自然的状況のもの）、低湿地、河川敷・河原、海浜、湖岸）"}},{"type":"Feature","id":"luse_de230017-562e-4d2b-a459-69485cdf0e51","geometry":{"type":"Polygon","coordinates":[[[139.0577226,36.0042495],[139.057711,36.0042499],[139.0576874,36.0042507],[139.0576565,36.0042441],[139.0576327,36.00423],[139.057611,36.0042074],[139.0575959,36.0041813],[139.0575882,36.0041273],[139.0575746,36.0040703],[139.0575477,36.0040085],[139.0575157,36.0039583],[139.0574702,36.0038992],[139.0574297,36.0038565],[139.0573986,36.0038209],[139.0573943,36.0038136],[139.0573805,36.0037897],[139.0573707,36.0037586],[139.0573698,36.0037296],[139.0573831,36.0037082],[139.0574067,36.0036931],[139.057432,36.0036864],[139.0574383,36.0036847],[139.0574759,36.0036852],[139.0575232,36.0036935],[139.0575701,36.0037105],[139.0576608,36.0037431],[139.0577512,36.0037646],[139.0578351,36.003773],[139.0578808,36.0037727],[139.0579248,36.0037652],[139.0579394,36.0037557],[139.0579466,36.003866],[139.0579112,36.0038896],[139.0578407,36.0038987],[139.0577935,36.0039198],[139.0577697,36.0039578],[139.0577692,36.0040055],[139.0578068,36.004063],[139.0578651,36.0041015],[139.0579262,36.0041592],[139.057951,36.004237],[139.0578897,36.0042333],[139.0577226,36.0042495]]]},"properties":{"layer":"landuse","class_code":"205","class_label":"その他自然地（原野・牧野、荒れ地（耕作放棄地等自然的状況のもの）、低湿地、河川敷・河原、海浜、湖岸）"}},{"type":"Feature","id":"luse_b2bdc771-96a0-4acd-9135-e547a81f2d75","geometry":{"type":"Polygon","coordinates":[[[139.0578624,36.0046679],[139.0578037,36.0046758],[139.0577188,36.0046538],[139.0576723,36.0046058],[139.0576346,36.0045674],[139.0576412,36.0044912],[139.0576563,36.0044412],[139.0576862,36.0043865],[139.057716,36.004339],[139.057727,36.0042945],[139.0577504,36.0042923],[139.0578962,36.0042781],[139.0579332,36.0042808],[139.0579569,36.0042924],[139.0579739,36.0043107],[139.0579834,36.0043392],[139.0579849,36.004388],[139.0579781,36.0044295],[139.0579629,36.0044629],[139.0579313,36.0045089],[139.0579007,36.0045714],[139.0578821,36.0046081],[139.0578767,36.0046294],[139.0578795,36.0046495],[139.0578746,36.0046476],[139.0578624,36.0046679]]]},"properties":{"layer":"landuse","class_code":"205","class_label":"その他自然地（原野・牧野、荒れ地（耕作放棄地等自然的状況のもの）、低湿地、河川敷・河原、海浜、湖岸）"}},{"type":"Feature","id":"luse_28e79371-2ca3-48f5-81fd-b15d5fd172b7","geometry":{"type":"Polygon","coordinates":[[[139.0501139,36.0060736],[139.0500749,36.0060745],[139.0500488,36.0060529],[139.0500196,36.0060456],[139.05,36.00603524875],[139.05,36.00585690871631],[139.0500044,36.005847],[139.0500165,36.0058074],[139.0500185,36.0057678],[139.0500117,36.0057315],[139.05,36.0057044853659],[139.05,36.00552325403088],[139.0500305,36.0055322],[139.050112,36.0055731],[139.0502055,36.0055904],[139.0502993,36.0055743],[139.0503814,36.0055535],[139.0504346,36.0054991],[139.0504851,36.0054234],[139.0505061,36.0053689],[139.0505359,36.0053215],[139.0505745,36.0052576],[139.050657,36.0052058],[139.0507396,36.0051374],[139.0508251,36.0050714],[139.0508899,36.0050242],[139.0509782,36.0049701],[139.0511154,36.0049178],[139.0511818,36.0049212],[139.0512122,36.0049468],[139.0511738,36.0049893],[139.0511203,36.0050693],[139.0510895,36.0050843],[139.0510689,36.005104],[139.0510381,36.0051415],[139.051022,36.0051776],[139.0510029,36.0052286],[139.0509895,36.0052583],[139.0509073,36.0052155],[139.0508452,36.0052652],[139.050777,36.0053339],[139.0506703,36.0054334],[139.0506848,36.0054597],[139.050705,36.0054932],[139.0506839,36.0055432],[139.0507625,36.0056128],[139.0507735,36.0056892],[139.0508066,36.005701],[139.0508061,36.0057074],[139.0508031,36.005711],[139.050789,36.0057175],[139.050769,36.0057224],[139.0506992,36.0057249],[139.0506459,36.0057342],[139.0505596,36.0057538],[139.0505592,36.0057539],[139.0505104,36.005768],[139.0505101,36.0057682],[139.0504464,36.005793],[139.0504461,36.0057931],[139.0503581,36.0058283],[139.0502858,36.005882],[139.0502719,36.0059089],[139.0502625,36.0059376],[139.0502468,36.0059582],[139.0501872,36.0060102],[139.050176,36.00602],[139.0501139,36.0060736]]]},"properties":{"layer":"landuse","class_code":"205","class_label":"その他自然地（原野・牧野、荒れ地（耕作放棄地等自然的状況のもの）、低湿地、河川敷・河原、海浜、湖岸）"}},{"type":"Feature","id":"luse_1b1ee728-0ac9-4e12-ace1-ff12c58bd6e0","geometry":{"type":"Polygon","coordinates":[[[139.0575189,36.0052367],[139.0575663,36.0052698],[139.0576357,36.0053],[139.0576832,36.0053212],[139.0577305,36.0053603],[139.0577632,36.0053873],[139.0577924,36.0054054],[139.057871,36.0054178],[139.0578495,36.0054613],[139.0578434,36.0054835],[139.0578397,36.0055028],[139.0578431,36.005543],[139.057844,36.0055671],[139.0578329,36.0056013],[139.0578012,36.0057003],[139.0577984,36.0057091],[139.0577754,36.0057757],[139.0577615,36.0058296],[139.0577531,36.005875],[139.0577518,36.0059194],[139.057754,36.0059628],[139.0577595,36.0060004],[139.0577755,36.0060381],[139.0577937,36.0060759],[139.0578204,36.0061194],[139.0578601,36.0061659],[139.0579105,36.0062162],[139.0579872,36.0062961],[139.058066,36.0063852],[139.0580859,36.0064202],[139.0580947,36.0064454],[139.0580941,36.0064583],[139.0580808,36.006491],[139.0580635,36.0065352],[139.0580411,36.0065827],[139.058017,36.0066288],[139.0579957,36.006669],[139.0579826,36.0066986],[139.0579763,36.0067191],[139.0579835,36.006741],[139.0579833,36.0067413],[139.0579549,36.0067817],[139.057923,36.0068324],[139.0578216,36.0068794],[139.0577554,36.0069117],[139.0577297,36.0069338],[139.0576238,36.0068917],[139.057547,36.0068614],[139.0574739,36.0068371],[139.0575261,36.006751],[139.0575562,36.0066707],[139.0575716,36.0066022],[139.0575501,36.0065514],[139.0575507,36.0064858],[139.0575585,36.0064352],[139.0575371,36.0063755],[139.057545,36.0063218],[139.0575456,36.0062593],[139.0575758,36.00617],[139.0575843,36.0060509],[139.0576041,36.0059079],[139.0576234,36.0058067],[139.0576092,36.0057529],[139.0575843,36.0056783],[139.0575221,36.005657],[139.057497,36.0056002],[139.0575014,36.0055287],[139.0575094,36.0054602],[139.0574877,36.0054272],[139.0574184,36.0053821],[139.0573713,36.0053221],[139.0573757,36.0052566],[139.0574235,36.0052361],[139.0575189,36.0052367]]]},"properties":{"layer":"landuse","class_code":"205","class_label":"その他自然地（原野・牧野、荒れ地（耕作放棄地等自然的状況のもの）、低湿地、河川敷・河原、海浜、湖岸）"}},{"type":"Feature","id":"luse_54f232ab-1e6f-4e22-81c0-b24ce0a4d52f","geometry":{"type":"Polygon","coordinates":[[[139.0580038,36.0068031],[139.0580061,36.0068219],[139.0580054,36.0068502],[139.0579947,36.0068847],[139.0579853,36.0069263],[139.057984,36.0069611],[139.0579867,36.0070035],[139.058001,36.007055],[139.0580248,36.0071205],[139.058042,36.0071679],[139.0580453,36.0072037],[139.0580469,36.00723],[139.0580466,36.0072294],[139.0580015,36.0071469],[139.0579772,36.0071025],[139.0579641,36.0070786],[139.0579433,36.0070332],[139.0579395,36.0069941],[139.0579393,36.0069519],[139.0579499,36.0069009],[139.0579624,36.0068741],[139.0579716,36.0068542],[139.0580038,36.0068031]]]},"properties":{"layer":"landuse","class_code":"205","class_label":"その他自然地（原野・牧野、荒れ地（耕作放棄地等自然的状況のもの）、低湿地、河川敷・河原、海浜、湖岸）"}},{"type":"Feature","id":"luse_78ff7fc1-6966-4af5-8f2b-aef1fca09f68","geometry":{"type":"Polygon","coordinates":[[[139.0522293,36.0078667],[139.0522376,36.007912],[139.0522432,36.0080227],[139.0522342,36.0080241],[139.0521999,36.0080266],[139.0521964,36.0080269],[139.0521919,36.0080268],[139.0521702,36.0080265],[139.0521642,36.0080264],[139.0521314,36.008022],[139.052126,36.0080213],[139.0521086,36.008018],[139.052072,36.0080058],[139.0520523,36.0079957],[139.0520471,36.007993],[139.0520291,36.0079821],[139.0520054,36.0079677],[139.051936,36.0079133],[139.0519022,36.0078868],[139.0518694,36.0078611],[139.0519536,36.0078458],[139.0520857,36.0078443],[139.0521738,36.0078377],[139.0522293,36.0078667]]]},"properties":{"layer":"landuse","class_code":"205","class_label":"その他自然地（原野・牧野、荒れ地（耕作放棄地等自然的状況のもの）、低湿地、河川敷・河原、海浜、湖岸）"}},{"type":"Feature","id":"luse_262e7c3c-5bc0-4253-826a-9aa00a468d4c","geometry":{"type":"Polygon","coordinates":[[[139.0525681,36.0000784],[139.052624,36.0001641],[139.0522864,36.0003166],[139.0521934,36.0001842],[139.0521721,36.0001539],[139.0525244,36.0000113],[139.0525681,36.0000784]]]},"properties":{"layer":"landuse","class_code":"211","class_label":"住宅用地（住宅、共同住宅、店舗等併用住宅、店舗等併用共同住宅、作業所併用住宅）"}},{"type":"Feature","id":"luse_cb3e3d78-9450-40c5-8095-6894ae6936b4","geometry":{"type":"Polygon","coordinates":[[[139.0543994,36.0005877],[139.0544407,36.0006364],[139.054468,36.0006755],[139.0544654,36.0006893],[139.0544123,36.0007196],[139.0543646,36.000747],[139.0543555,36.0007712],[139.0543195,36.000726],[139.0542764,36.0006756],[139.0542671,36.0006665],[139.0542304,36.0006303],[139.0541969,36.0006012],[139.0541683,36.0005799],[139.0541644,36.000578],[139.054126,36.0005587],[139.0540589,36.0005283],[139.0540647,36.0005294],[139.0541046,36.0005308],[139.054105,36.0005308],[139.054115,36.0005304],[139.0541479,36.0005289],[139.0541877,36.0005184],[139.0541954,36.0005149],[139.0542244,36.0005017],[139.0542027,36.0004702],[139.0541699,36.0004852],[139.0541571,36.0004886],[139.0541399,36.0004931],[139.0541395,36.0004931],[139.0541047,36.0004948],[139.0541043,36.0004948],[139.0540708,36.0004936],[139.0540579,36.0004911],[139.0540438,36.0004884],[139.0540099,36.0004759],[139.0539549,36.0004521],[139.0538874,36.0004171],[139.0538726,36.0004005],[139.0538405,36.0003622],[139.0538115,36.0003221],[139.053785,36.0002721],[139.0537644,36.0002201],[139.0537542,36.0001814],[139.0537454,36.0001481],[139.0537351,36.0000844],[139.0538108,36.0001018],[139.0539788,36.0000524],[139.0539614,36.0002046],[139.0539681,36.000239],[139.0539914,36.0002525],[139.0540354,36.000262],[139.0540724,36.0002819],[139.0541269,36.0003114],[139.0541576,36.0003336],[139.0541864,36.0003545],[139.0542036,36.0003709],[139.054211,36.0003821],[139.0542192,36.0003995],[139.0542272,36.0004144],[139.0542425,36.0004216],[139.0542576,36.0004311],[139.0542872,36.0004495],[139.0543247,36.0004895],[139.0543482,36.0005154],[139.0543994,36.0005877]]]},"properties":{"layer":"landuse","class_code":"211","class_label":"住宅用地（住宅、共同住宅、店舗等併用住宅、店舗等併用共同住宅、作業所併用住宅）"}},{"type":"Feature","id":"luse_f4cd289d-18a8-49be-8d14-caf6d2622a08","geometry":{"type":"Polygon","coordinates":[[[139.0565361,36.0018149],[139.0565047,36.0018767],[139.0565221,36.0019054],[139.0564907,36.0019601],[139.0564553,36.0019753],[139.0563701,36.0019891],[139.0562688,36.0019896],[139.0562179,36.0019886],[139.0562064,36.0019611],[139.056191,36.0019245],[139.0561552,36.0018396],[139.0563927,36.0017758],[139.0564295,36.0017689],[139.0565361,36.0018149]]]},"properties":{"layer":"landuse","class_code":"211","class_label":"住宅用地（住宅、共同住宅、店舗等併用住宅、店舗等併用共同住宅、作業所併用住宅）"}},{"type":"Feature","id":"luse_b85db0c0-bc31-4792-91eb-51ca389c07ba","geometry":{"type":"Polygon","coordinates":[[[139.0557775,36.0025104],[139.055665,36.0025284],[139.0555981,36.0023337],[139.0555712,36.0023433],[139.0555469,36.0023439],[139.0555236,36.0023379],[139.0554979,36.00232],[139.0554839,36.0022954],[139.0554809,36.0022706],[139.05538,36.0022852],[139.0553443,36.0022904],[139.0553137,36.0022948],[139.0552805,36.002285],[139.0551516,36.0020331],[139.05491,36.0018941],[139.0551139,36.0015803],[139.0551146,36.0015806],[139.0551393,36.0015902],[139.0551785,36.0016055],[139.0552134,36.001629],[139.0552715,36.0016634],[139.0553393,36.0017055],[139.0553742,36.001718],[139.0553918,36.0017185],[139.0554078,36.0017752],[139.0554184,36.0018363],[139.0554267,36.0018914],[139.0554321,36.0019835],[139.0554332,36.002004],[139.0554405,36.0020037],[139.0554607,36.0020029],[139.0554611,36.0020029],[139.0554597,36.0019837],[139.0554543,36.0018896],[139.0554461,36.0018334],[139.055435,36.0017711],[139.0554205,36.0017193],[139.0554226,36.0017194],[139.0554805,36.0017113],[139.0555289,36.0016922],[139.0555828,36.0016636],[139.0556234,36.0016492],[139.0556621,36.0016491],[139.0556931,36.0016569],[139.0557298,36.001652],[139.0557993,36.001625],[139.0557658,36.0018058],[139.0557609,36.001999],[139.0559421,36.0020196],[139.0561435,36.0019786],[139.0561475,36.0019882],[139.0562034,36.0021219],[139.0562287,36.0021725],[139.0562068,36.0021747],[139.0561761,36.0021813],[139.0561065,36.0022049],[139.0561236,36.0022381],[139.0561954,36.0023461],[139.056155,36.0023685],[139.0560608,36.0024088],[139.0560114,36.0024207],[139.055756,36.0024458],[139.0557775,36.0025104]]]},"properties":{"layer":"landuse","class_code":"211","class_label":"住宅用地（住宅、共同住宅、店舗等併用住宅、店舗等併用共同住宅、作業所併用住宅）"}},{"type":"Feature","id":"luse_e6edbdf0-ac31-4f9b-a8fd-db424bec60b6","geometry":{"type":"Polygon","coordinates":[[[139.0569821,36.0026921],[139.0568985,36.0027308],[139.0568505,36.0027441],[139.0567846,36.0027576],[139.0567291,36.0027676],[139.0566605,36.0027683],[139.0565936,36.0027559],[139.0565391,36.0027417],[139.0565071,36.0027234],[139.0564404,36.002665],[139.056462,36.0026544],[139.0564641,36.0026534],[139.0564821,36.0026355],[139.0564895,36.0026282],[139.0565071,36.0026054],[139.056521,36.0025828],[139.0565326,36.0025588],[139.0565385,36.0025365],[139.056543,36.0025087],[139.0565415,36.0024923],[139.0565345,36.0024686],[139.0565263,36.0024589],[139.056499,36.0024261],[139.0564547,36.0023807],[139.056447,36.0023728],[139.0564326,36.0023579],[139.0563971,36.0023133],[139.0563606,36.0022688],[139.0563353,36.0022327],[139.0563139,36.0021993],[139.0563036,36.0021804],[139.0562997,36.0021719],[139.0562907,36.0021524],[139.0562658,36.002103],[139.0562447,36.0020527],[139.0562289,36.0020149],[139.0563244,36.0020067],[139.0564125,36.0020025],[139.0564906,36.0019755],[139.0565652,36.0019915],[139.0565915,36.0020036],[139.0565541,36.0020294],[139.0565361,36.0020473],[139.0565207,36.0020777],[139.0564689,36.0021478],[139.056435,36.0021934],[139.0565277,36.002317],[139.0565592,36.0023532],[139.0566621,36.0023192],[139.0567681,36.0022853],[139.0567877,36.0023131],[139.0567736,36.0023888],[139.0567792,36.0024394],[139.0567782,36.0024538],[139.0568077,36.0025403],[139.0568154,36.0025776],[139.0568626,36.002584],[139.0569222,36.0025519],[139.0569821,36.0026921]]]},"properties":{"layer":"landuse","class_code":"211","class_label":"住宅用地（住宅、共同住宅、店舗等併用住宅、店舗等併用共同住宅、作業所併用住宅）"}},{"type":"Feature","id":"luse_e57fc800-0aad-42f3-9cdc-09decb99a5eb","geometry":{"type":"Polygon","coordinates":[[[139.0562511,36.0029109],[139.0561797,36.0030121],[139.0561535,36.0030395],[139.0561123,36.0030592],[139.0560633,36.0030682],[139.0560398,36.0030622],[139.0560285,36.0030417],[139.0559583,36.0029146],[139.0559954,36.0028557],[139.0559969,36.0028584],[139.0560504,36.0028306],[139.0559775,36.002691],[139.0559981,36.0026812],[139.0560487,36.0026739],[139.0561898,36.0026253],[139.056288,36.0026829],[139.0562705,36.0027132],[139.0562592,36.0027517],[139.0562646,36.0027811],[139.0562542,36.0028441],[139.0562511,36.0029109]]]},"properties":{"layer":"landuse","class_code":"211","class_label":"住宅用地（住宅、共同住宅、店舗等併用住宅、店舗等併用共同住宅、作業所併用住宅）"}},{"type":"Feature","id":"luse_938c41dc-ae6c-4c86-b064-66245574bee7","geometry":{"type":"Polygon","coordinates":[[[139.0569467,36.003388],[139.056933,36.003407],[139.0569237,36.0034157],[139.0569152,36.0034238],[139.056896,36.0034363],[139.0568825,36.0034385],[139.0568732,36.0034357],[139.0568703,36.0034162],[139.0568546,36.0033688],[139.0568283,36.0033228],[139.0567951,36.0032822],[139.0567654,36.0032453],[139.0567406,36.0032151],[139.0567062,36.0031878],[139.0566759,36.0031647],[139.0565275,36.0030905],[139.0565009,36.0030663],[139.0564176,36.0029941],[139.0563984,36.0029707],[139.0563877,36.0029526],[139.056376,36.0029239],[139.0563451,36.0028214],[139.05633,36.0027707],[139.056327,36.002754],[139.0563336,36.0027312],[139.0563448,36.0027118],[139.0563411,36.0027354],[139.0563392,36.0027639],[139.0563467,36.0027884],[139.0563992,36.0028886],[139.0564001,36.0028883],[139.0564247,36.0028797],[139.0564795,36.002865],[139.0565087,36.0028641],[139.0565365,36.0029095],[139.0565922,36.0029683],[139.0566262,36.0029895],[139.0566416,36.002998],[139.0567895,36.003047],[139.0568029,36.0030975],[139.0568142,36.0031093],[139.0568533,36.0031274],[139.0569039,36.0031816],[139.0569665,36.0032586],[139.0569981,36.0033135],[139.0570019,36.0033337],[139.0569947,36.0033682],[139.0569552,36.0033658],[139.0569467,36.003388]]]},"properties":{"layer":"landuse","class_code":"211","class_label":"住宅用地（住宅、共同住宅、店舗等併用住宅、店舗等併用共同住宅、作業所併用住宅）"}},{"type":"Feature","id":"luse_f45a392d-e03f-4ebd-bd34-78c68470db45","geometry":{"type":"Polygon","coordinates":[[[139.0567578,36.0035781],[139.0567521,36.0035846],[139.0567475,36.0035898],[139.0567443,36.0035899],[139.0567232,36.0035914],[139.0566534,36.003591],[139.0565047,36.0035901],[139.0564546,36.0035922],[139.0564536,36.0035923],[139.0563953,36.0033184],[139.0564537,36.0033108],[139.0564689,36.0033086],[139.0565011,36.003304],[139.0565206,36.0033012],[139.0565413,36.0033096],[139.0565486,36.0033182],[139.0565668,36.0033609],[139.0565752,36.0033805],[139.0565881,36.0033871],[139.0566095,36.0033854],[139.0566393,36.0033721],[139.056657,36.0034001],[139.0566751,36.0033927],[139.0566995,36.003536],[139.05678,36.003536],[139.0567578,36.0035781]]]},"properties":{"layer":"landuse","class_code":"211","class_label":"住宅用地（住宅、共同住宅、店舗等併用住宅、店舗等併用共同住宅、作業所併用住宅）"}},{"type":"Feature","id":"luse_1a816cf5-6bec-4b89-ae7f-3adb6454fa17","geometry":{"type":"Polygon","coordinates":[[[139.0512855,36.0031924],[139.051374,36.0032504],[139.0513426,36.0033167],[139.0514954,36.0033542],[139.0515027,36.0033733],[139.0515879,36.003403],[139.0516525,36.0034644],[139.0516911,36.0035557],[139.0516923,36.00362],[139.0516867,36.0036397],[139.0515443,36.0036406],[139.0512262,36.0035095],[139.0511909,36.0034765],[139.0511712,36.0034426],[139.0511542,36.003398],[139.0511518,36.0033618],[139.0511532,36.003306],[139.0511578,36.0032605],[139.0511882,36.0031441],[139.0512855,36.0031924]]]},"properties":{"layer":"landuse","class_code":"211","class_label":"住宅用地（住宅、共同住宅、店舗等併用住宅、店舗等併用共同住宅、作業所併用住宅）"}},{"type":"Feature","id":"luse_c857ba56-5124-4562-acf2-d7a0aaef3098","geometry":{"type":"Polygon","coordinates":[[[139.0562253,36.0036274],[139.0561121,36.0036615],[139.0560373,36.0036931],[139.0560352,36.0036944],[139.0558423,36.0032256],[139.05594,36.0031992],[139.0559929,36.0031809],[139.0560791,36.003193],[139.056117,36.0031838],[139.0561362,36.0032216],[139.0561401,36.0032293],[139.056141,36.0032311],[139.0561732,36.0032944],[139.0560789,36.0033289],[139.0560901,36.0033493],[139.0561635,36.0033227],[139.0562253,36.0036274]]]},"properties":{"layer":"landuse","class_code":"211","class_label":"住宅用地（住宅、共同住宅、店舗等併用住宅、店舗等併用共同住宅、作業所併用住宅）"}},{"type":"Feature","id":"luse_b1d45910-d663-400b-b348-f6161b095206","geometry":{"type":"Polygon","coordinates":[[[139.0560274,36.0038202],[139.0560447,36.0039155],[139.056065,36.0039769],[139.0560648,36.0040127],[139.0560603,36.0040362],[139.0559778,36.0040795],[139.0558633,36.0039532],[139.0558171,36.0038742],[139.0557738,36.0038048],[139.0557686,36.0037356],[139.0559361,36.0037081],[139.0559665,36.0037373],[139.0559488,36.0037484],[139.0559657,36.0037661],[139.0560216,36.0037314],[139.0560274,36.0038202]]]},"properties":{"layer":"landuse","class_code":"211","class_label":"住宅用地（住宅、共同住宅、店舗等併用住宅、店舗等併用共同住宅、作業所併用住宅）"}},{"type":"Feature","id":"luse_2d9d7f69-0361-490a-8317-eca6c0da2bc9","geometry":{"type":"Polygon","coordinates":[[[139.0530106,36.0039368],[139.0528725,36.0040671],[139.0528375,36.0041109],[139.0525273,36.0038201],[139.0524811,36.003786],[139.0527073,36.0036354],[139.0530106,36.0039368]]]},"properties":{"layer":"landuse","class_code":"211","class_label":"住宅用地（住宅、共同住宅、店舗等併用住宅、店舗等併用共同住宅、作業所併用住宅）"}},{"type":"Feature","id":"luse_b3c457a2-24a6-44aa-b788-8e2b1541a575","geometry":{"type":"Polygon","coordinates":[[[139.05,36.003331925482634],[139.0500159,36.0033679],[139.0500766,36.0036067],[139.0500743,36.0039086],[139.0500046,36.0040978],[139.05,36.00409627166124],[139.05,36.003331925482634]]]},"properties":{"layer":"landuse","class_code":"211","class_label":"住宅用地（住宅、共同住宅、店舗等併用住宅、店舗等併用共同住宅、作業所併用住宅）"}},{"type":"Feature","id":"luse_0a82e024-f92f-4e7a-818a-f32588d27285","geometry":{"type":"Polygon","coordinates":[[[139.0500373,36.0041427],[139.0501279,36.0041729],[139.0501613,36.00419],[139.0501723,36.0042095],[139.0501707,36.0042311],[139.0501656,36.0042444],[139.0501605,36.0042598],[139.05008,36.0044503],[139.050062,36.0044928],[139.05,36.00447191463845],[139.05,36.00415393720925],[139.050008,36.0041331],[139.0500373,36.0041427]]]},"properties":{"layer":"landuse","class_code":"211","class_label":"住宅用地（住宅、共同住宅、店舗等併用住宅、店舗等併用共同住宅、作業所併用住宅）"}},{"type":"Feature","id":"luse_8de7f430-2293-44f6-9274-f8457ce4ebda","geometry":{"type":"Polygon","coordinates":[[[139.0502293,36.0051714],[139.050175,36.0051958],[139.0501371,36.0052261],[139.0501087,36.0052545],[139.0500589,36.0053019],[139.05,36.005267456575055],[139.05,36.005098157106765],[139.0501073,36.0051534],[139.0501286,36.0051383],[139.0501764,36.0050546],[139.0502677,36.0050839],[139.0502293,36.0051714]]]},"properties":{"layer":"landuse","class_code":"211","class_label":"住宅用地（住宅、共同住宅、店舗等併用住宅、店舗等併用共同住宅、作業所併用住宅）"}},{"type":"Feature","id":"luse_a114d5bc-3682-4deb-b846-f2fba1950037","geometry":{"type":"Polygon","coordinates":[[[139.0514355,36.0051286],[139.0514198,36.0051475],[139.0514106,36.0051685],[139.0514049,36.0051868],[139.0513938,36.0052225],[139.0513744,36.005254],[139.0513383,36.0052838],[139.0513041,36.0053057],[139.0512737,36.0053228],[139.0512366,36.0053526],[139.0512074,36.0053704],[139.0511878,36.0053823],[139.0511755,36.0053883],[139.0511291,36.0053991],[139.0510589,36.0053891],[139.050989,36.0053554],[139.0509761,36.005353],[139.0510293,36.0052358],[139.0510483,36.0051847],[139.0510631,36.0051518],[139.051091,36.0051176],[139.0511077,36.0051017],[139.0511319,36.0050898],[139.0511724,36.0050786],[139.0511844,36.0050779],[139.0511899,36.0050776],[139.05121,36.0050766],[139.0512104,36.0050766],[139.051243,36.0050774],[139.0512434,36.0050774],[139.0513013,36.0050801],[139.0513031,36.0050576],[139.0513027,36.0050577],[139.0512446,36.0050549],[139.0512442,36.0050549],[139.0512383,36.0050547],[139.05121,36.005054],[139.0512096,36.005054],[139.0512044,36.0050543],[139.0511669,36.0050562],[139.0511203,36.0050693],[139.0511738,36.0049893],[139.0512122,36.0049468],[139.0512545,36.0049001],[139.0512803,36.0048964],[139.0513543,36.0049294],[139.0514873,36.0050112],[139.0515649,36.0050603],[139.0515611,36.0050746],[139.0514355,36.0051286]]]},"properties":{"layer":"landuse","class_code":"211","class_label":"住宅用地（住宅、共同住宅、店舗等併用住宅、店舗等併用共同住宅、作業所併用住宅）"}},{"type":"Feature","id":"luse_8ec4d53b-29aa-4ae0-a59f-9842399cd387","geometry":{"type":"Polygon","coordinates":[[[139.0625,36.006324848680734],[139.0624883,36.0063233],[139.0624673,36.006306],[139.0624513,36.0062601],[139.0624331,36.0062047],[139.0625,36.00618976311721],[139.0625,36.006324848680734]]]},"properties":{"layer":"landuse","class_code":"211","class_label":"住宅用地（住宅、共同住宅、店舗等併用住宅、店舗等併用共同住宅、作業所併用住宅）"}},{"type":"Feature","id":"luse_231398e2-5b06-4959-9964-73b6a937ec2f","geometry":{"type":"Polygon","coordinates":[[[139.0502554,36.0069102],[139.050311,36.0069579],[139.050326,36.0069708],[139.0503992,36.0070502],[139.0504346,36.0070923],[139.0502329,36.0071642],[139.0501326,36.0070331],[139.05,36.00693310939336],[139.05,36.00690313888182],[139.0501367,36.0068083],[139.0502554,36.0069102]]]},"properties":{"layer":"landuse","class_code":"211","class_label":"住宅用地（住宅、共同住宅、店舗等併用住宅、店舗等併用共同住宅、作業所併用住宅）"}},{"type":"Feature","id":"luse_adc59407-a27b-4ed1-a8d2-a40ed571402b","geometry":{"type":"Polygon","coordinates":[[[139.0520225,36.0071763],[139.0519905,36.0071907],[139.0519722,36.0071991],[139.0519569,36.0072061],[139.0519565,36.0072061],[139.0519477,36.007209],[139.0518845,36.0071848],[139.0519229,36.007103],[139.0520225,36.0071763]]]},"properties":{"layer":"landuse","class_code":"211","class_label":"住宅用地（住宅、共同住宅、店舗等併用住宅、店舗等併用共同住宅、作業所併用住宅）"}},{"type":"Feature","id":"luse_690a1ac1-62c7-4b3a-a5de-db8049fbd6a7","geometry":{"type":"Polygon","coordinates":[[[139.0621965,36.0067517],[139.0621976,36.0067519],[139.0622518,36.00676],[139.0622522,36.0067601],[139.0622891,36.0067653],[139.0623061,36.0067677],[139.0624112,36.0067806],[139.0624115,36.0067806],[139.0625,36.0067892438172],[139.0625,36.00714119605096],[139.0622999,36.0069439],[139.0622208,36.0068328],[139.0622032,36.006808],[139.0621609,36.0067551],[139.0621709,36.0067475],[139.0621965,36.0067517]]]},"properties":{"layer":"landuse","class_code":"211","class_label":"住宅用地（住宅、共同住宅、店舗等併用住宅、店舗等併用共同住宅、作業所併用住宅）"}},{"type":"Feature","id":"luse_ae5fd612-941b-4980-b569-6bd6389777ed","geometry":{"type":"Polygon","coordinates":[[[139.0524737,36.0071431],[139.0524972,36.0071983],[139.0524605,36.0073545],[139.0521251,36.0073123],[139.0519444,36.0073016],[139.0518893,36.0072503],[139.0519346,36.0072424],[139.0519349,36.0072423],[139.051971,36.0072305],[139.0519847,36.0072243],[139.0520069,36.0072143],[139.0520367,36.0072009],[139.0520229,36.0071762],[139.0520279,36.0071666],[139.0520868,36.0071441],[139.0521433,36.0071311],[139.0522137,36.0071392],[139.0523006,36.0071341],[139.052472,36.007139],[139.0524737,36.0071431]]]},"properties":{"layer":"landuse","class_code":"211","class_label":"住宅用地（住宅、共同住宅、店舗等併用住宅、店舗等併用共同住宅、作業所併用住宅）"}},{"type":"Feature","id":"luse_b6a840b7-3d35-42f2-bd29-b956d3c3155c","geometry":{"type":"Polygon","coordinates":[[[139.0506885,36.007399],[139.0507236,36.0074517],[139.0507253,36.0074547],[139.0507326,36.0074694],[139.050568,36.0075475],[139.050484,36.0073839],[139.0506335,36.0073292],[139.0506885,36.007399]]]},"properties":{"layer":"landuse","class_code":"211","class_label":"住宅用地（住宅、共同住宅、店舗等併用住宅、店舗等併用共同住宅、作業所併用住宅）"}},{"type":"Feature","id":"luse_0f8b6b44-bea0-4400-8098-b7114435daf7","geometry":{"type":"Polygon","coordinates":[[[139.0567353,36.0078527],[139.0566228,36.0079027],[139.056522,36.0078274],[139.0564549,36.0077298],[139.0566196,36.0076515],[139.0567353,36.0078527]]]},"properties":{"layer":"landuse","class_code":"211","class_label":"住宅用地（住宅、共同住宅、店舗等併用住宅、店舗等併用共同住宅、作業所併用住宅）"}},{"type":"Feature","id":"luse_cefea759-6fb8-4011-8fcf-b1649c26454d","geometry":{"type":"Polygon","coordinates":[[[139.0585256,36.0078442],[139.0585091,36.0078467],[139.0585039,36.0078475],[139.0585297,36.007959],[139.0583808,36.007981],[139.0583561,36.0078721],[139.0583844,36.0078608],[139.0584034,36.0078323],[139.0584201,36.0078038],[139.0583973,36.0077426],[139.058372,36.0076891],[139.0583656,36.0076184],[139.0583646,36.0075685],[139.0583798,36.0075197],[139.0583723,36.0073835],[139.0584482,36.0073792],[139.058469,36.0073781],[139.0584856,36.0073852],[139.0584857,36.0074313],[139.0584904,36.0074587],[139.058502,36.0074881],[139.058517,36.007508],[139.0585509,36.0075452],[139.0585876,36.0075616],[139.0586278,36.007578],[139.0586506,36.0075901],[139.0586733,36.0076184],[139.0586824,36.0076404],[139.0586864,36.0076617],[139.058686,36.0076769],[139.0586717,36.0076767],[139.0586656,36.0076974],[139.058659,36.0077194],[139.0586547,36.0077341],[139.0586472,36.0077774],[139.0586484,36.0077931],[139.0586487,36.007797],[139.0586496,36.0078111],[139.058648,36.0078206],[139.0586428,36.007831],[139.0586399,36.0078343],[139.058638,36.0078363],[139.0586219,36.0078438],[139.0586126,36.0078443],[139.0586058,36.0078447],[139.0585939,36.0078443],[139.0585312,36.0078434],[139.0585309,36.0078434],[139.0585256,36.0078442]]]},"properties":{"layer":"landuse","class_code":"211","class_label":"住宅用地（住宅、共同住宅、店舗等併用住宅、店舗等併用共同住宅、作業所併用住宅）"}},{"type":"Feature","id":"luse_24a8d003-4d10-441f-942b-64f2c40f2858","geometry":{"type":"Polygon","coordinates":[[[139.050853,36.0077621],[139.0508704,36.007844],[139.0508722,36.0078558],[139.0508858,36.0079458],[139.050714,36.0080244],[139.0505324,36.0077449],[139.0506836,36.0076773],[139.0507065,36.0077087],[139.0508007,36.0076669],[139.0508237,36.0076698],[139.0508304,36.0076858],[139.050853,36.0077621]]]},"properties":{"layer":"landuse","class_code":"211","class_label":"住宅用地（住宅、共同住宅、店舗等併用住宅、店舗等併用共同住宅、作業所併用住宅）"}},{"type":"Feature","id":"luse_6de02162-beae-45c7-adbe-9e3a638a8dfd","geometry":{"type":"Polygon","coordinates":[[[139.0513563,36.0080449],[139.051416,36.008104],[139.0513516,36.0081086],[139.0510744,36.0081308],[139.0510256,36.0081347],[139.0510166,36.0080451],[139.051016,36.0080377],[139.0510097,36.0079602],[139.0510089,36.0079549],[139.0511741,36.0078463],[139.0513563,36.0080449]]]},"properties":{"layer":"landuse","class_code":"211","class_label":"住宅用地（住宅、共同住宅、店舗等併用住宅、店舗等併用共同住宅、作業所併用住宅）"}},{"type":"Feature","id":"luse_6f228aa1-4afb-4d95-a035-6c90885d5950","geometry":{"type":"Polygon","coordinates":[[[139.058366,36.0081736],[139.05816,36.0082412],[139.058099,36.0080862],[139.0583204,36.0080397],[139.058366,36.0081736]]]},"properties":{"layer":"landuse","class_code":"211","class_label":"住宅用地（住宅、共同住宅、店舗等併用住宅、店舗等併用共同住宅、作業所併用住宅）"}},{"type":"Feature","id":"luse_564ccdf6-74d7-407a-b5f3-0a0d9b025e42","geometry":{"type":"Polygon","coordinates":[[[139.0508132,36.0083178],[139.0507483,36.0083234],[139.0506706,36.0083305],[139.0506702,36.0083305],[139.05064352446811,36.00833333333333],[139.05048889554746,36.00833333333333],[139.0504306,36.0081863],[139.0507507,36.0080986],[139.0508132,36.0083178]]]},"properties":{"layer":"landuse","class_code":"211","class_label":"住宅用地（住宅、共同住宅、店舗等併用住宅、店舗等併用共同住宅、作業所併用住宅）"}},{"type":"Feature","id":"luse_2d8c380c-8639-4d49-b084-ac0ded9c462f","geometry":{"type":"Polygon","coordinates":[[[139.0523609,36.0082852],[139.0524077,36.0082998],[139.05242792892497,36.00833333333333],[139.05202832736674,36.00833333333333],[139.0520575,36.008327],[139.0520667,36.0083249],[139.0522062,36.0083014],[139.0522066,36.0083013],[139.0523022,36.0082848],[139.0523609,36.0082852]]]},"properties":{"layer":"landuse","class_code":"211","class_label":"住宅用地（住宅、共同住宅、店舗等併用住宅、店舗等併用共同住宅、作業所併用住宅）"}},{"type":"Feature","id":"luse_ccfc8f2c-4109-4cd1-beb6-e856162fda5a","geometry":{"type":"Polygon","coordinates":[[[139.0558837,36.0016257],[139.055933,36.0016502],[139.0559334,36.0016504],[139.056008,36.0016892],[139.0560204,36.0016979],[139.0560258,36.0017048],[139.0560321,36.0017154],[139.0560411,36.0017359],[139.0561026,36.0018816],[139.0559196,36.0018889],[139.0559084,36.0018212],[139.0557658,36.0018058],[139.0557993,36.001625],[139.0558309,36.0016065],[139.0558837,36.0016257]]]},"properties":{"layer":"landuse","class_code":"212","class_label":"商業用地（業務施設、商業施設、宿泊施設、商業系複合施設）"}},{"type":"Feature","id":"luse_78c74996-d0b2-4393-a25d-c145c5476d79","geometry":{"type":"Polygon","coordinates":[[[139.0524829,36.0034135],[139.0524924,36.0034403],[139.0525075,36.0035634],[139.0525044,36.003582],[139.0524921,36.0036061],[139.0524557,36.0036257],[139.0523884,36.0036461],[139.0523613,36.0036407],[139.0523311,36.00361],[139.0522929,36.0035621],[139.0522801,36.003447],[139.0522961,36.0034188],[139.05231,36.0034128],[139.0523473,36.0034055],[139.0524605,36.0034032],[139.0524829,36.0034135]]]},"properties":{"layer":"landuse","class_code":"212","class_label":"商業用地（業務施設、商業施設、宿泊施設、商業系複合施設）"}},{"type":"Feature","id":"luse_c58b49d1-0d3d-40d5-987f-9899a07b553b","geometry":{"type":"Polygon","coordinates":[[[139.0566129,36.0020857],[139.0565876,36.0020594],[139.0565629,36.0020752],[139.0565361,36.0020473],[139.0565541,36.0020294],[139.0565915,36.0020036],[139.0565652,36.0019915],[139.0564906,36.0019755],[139.0564125,36.0020025],[139.0563244,36.0020067],[139.0562289,36.0020149],[139.0562179,36.0019886],[139.0562688,36.0019896],[139.0563701,36.0019891],[139.0564553,36.0019753],[139.0564907,36.0019601],[139.0565317,36.0019687],[139.0565959,36.0019835],[139.0566167,36.0019896],[139.0566428,36.0019731],[139.056672,36.002009],[139.0566986,36.002031],[139.0566723,36.0020478],[139.0566129,36.0020857]]]},"properties":{"layer":"landuse","class_code":"214","class_label":"公益施設用地（官公庁施設、文教厚生施設、供給処理施設）"}},{"type":"Feature","id":"luse_0f2f696c-f99f-4e78-932e-431a4ff3645d","geometry":{"type":"Polygon","coordinates":[[[139.0623281,36.0058968],[139.0623137,36.0059235],[139.0623134,36.005954],[139.0623085,36.0059807],[139.0621095,36.0061587],[139.0617525,36.0062286],[139.0617246,36.006192],[139.0616917,36.0061424],[139.0616756,36.0060889],[139.0616731,36.0060657],[139.0616734,36.0060584],[139.0620877,36.0057465],[139.0621845,36.005688],[139.0622149,36.0057015],[139.0622287,36.0057322],[139.0622378,36.0057608],[139.0622961,36.0058013],[139.0624141,36.0057429],[139.0624216,36.0056971],[139.0625,36.00561532068965],[139.0625,36.00618976311721],[139.0624331,36.0062047],[139.0624151,36.0061206],[139.0623877,36.0060422],[139.0623768,36.0059525],[139.0623728,36.0058895],[139.0623281,36.0058968]]]},"properties":{"layer":"landuse","class_code":"214","class_label":"公益施設用地（官公庁施設、文教厚生施設、供給処理施設）"}},{"type":"Feature","id":"luse_27858abb-db12-43c5-9746-85684dde69d5","geometry":{"type":"Polygon","coordinates":[[[139.0561435,36.0019786],[139.0559421,36.0020196],[139.0557609,36.001999],[139.0557658,36.0018058],[139.0559084,36.0018212],[139.0559196,36.0018889],[139.0561026,36.0018816],[139.0561435,36.0019786]]]},"properties":{"layer":"landuse","class_code":"214","class_label":"公益施設用地（官公庁施設、文教厚生施設、供給処理施設）"}},{"type":"Feature","id":"luse_969a432b-9a79-482f-a18a-c51ec3904e05","geometry":{"type":"Polygon","coordinates":[[[139.0566922,36.0036138],[139.0567108,36.0036275],[139.0567056,36.0036328],[139.0566778,36.0036569],[139.0566539,36.0036923],[139.0566427,36.0037254],[139.0566424,36.0037338],[139.0564656,36.0037739],[139.0564491,36.0037525],[139.0564253,36.0037011],[139.0564204,36.0036532],[139.0564493,36.003615],[139.0564935,36.0036131],[139.056505,36.0036126],[139.0565053,36.0036126],[139.0565434,36.0036128],[139.0566625,36.0036136],[139.0566922,36.0036138]]]},"properties":{"layer":"landuse","class_code":"214","class_label":"公益施設用地（官公庁施設、文教厚生施設、供給処理施設）"}},{"type":"Feature","id":"luse_ddf5c7d0-eb26-4be4-88f7-c59c38b90c54","geometry":{"type":"Polygon","coordinates":[[[139.0566196,36.0076515],[139.0564549,36.0077298],[139.0563337,36.0075535],[139.0561684,36.0073132],[139.0563956,36.0072369],[139.0566196,36.0076515]]]},"properties":{"layer":"landuse","class_code":"223","class_label":"その他④（その他①～③以外の用途に供されている都市的土地利用（建物跡地、資材置場、改変工事中の土地）、法面（道路、造成地等の主利用に含まれない法面））"}},{"type":"Feature","id":"luse_5a940c62-cb62-4732-b501-1cf1d48234ae","geometry":{"type":"Polygon","coordinates":[[[139.0519814,36.0083117],[139.051969,36.0083138],[139.05185302594143,36.00833333333333],[139.05118495833332,36.00833333333333],[139.05109,36.0083245],[139.0510896,36.0083244],[139.0510845,36.0083243],[139.0510421,36.0082986],[139.0510256,36.0081347],[139.0510744,36.0081308],[139.0513516,36.0081086],[139.051416,36.008104],[139.0514307,36.0081715],[139.0518211,36.0081092],[139.0519814,36.0083117]]]},"properties":{"layer":"landuse","class_code":"223","class_label":"その他④（その他①～③以外の用途に供されている都市的土地利用（建物跡地、資材置場、改変工事中の土地）、法面（道路、造成地等の主利用に含まれない法面））"}},{"type":"Feature","id":"luse_8204f837-9906-47f1-8bdd-c35786da83a2","geometry":{"type":"Polygon","coordinates":[[[139.0538195081718,36.00833333333333],[139.0538757,36.0082779],[139.0542253,36.007992],[139.0545153,36.0077026],[139.0541327,36.0075189],[139.0542133,36.0073811],[139.0542852,36.007229],[139.0543834,36.0070961],[139.0545685,36.0070687],[139.0547242,36.0070554],[139.0548088,36.0071036],[139.0548874,36.0071685],[139.0550778,36.0072103],[139.0556608,36.007319],[139.0559188,36.0073445],[139.056097,36.0073563],[139.0564682,36.0078606],[139.0567176,36.008047],[139.0567862,36.0081339],[139.0567835,36.0081394],[139.0567623,36.0081911],[139.0567123,36.0083129],[139.0567079,36.0082904],[139.0566967,36.0082355],[139.0566357,36.0081635],[139.0565224,36.0080436],[139.0564354,36.0079381],[139.0563656,36.0078756],[139.0562873,36.0077797],[139.0561734,36.0077218],[139.0560473,36.007709],[139.0559298,36.0077225],[139.0557476,36.0077428],[139.0555594,36.0077647],[139.0555418,36.0077761],[139.0555151,36.0078093],[139.055506,36.0078426],[139.0555317,36.0079119],[139.0555811,36.00796],[139.055616,36.0080007],[139.0556182,36.0080699],[139.0555737,36.0081173],[139.0554941,36.0081525],[139.055435,36.0081998],[139.0554021,36.0082569],[139.05533183064517,36.00833333333333],[139.0538195081718,36.00833333333333]]]},"properties":{"layer":"landuse","class_code":"223","class_label":"その他④（その他①～③以外の用途に供されている都市的土地利用（建物跡地、資材置場、改変工事中の土地）、法面（道路、造成地等の主利用に含まれない法面））"}},{"type":"Feature","id":"luse_9d67b411-22f3-4bef-bee6-b3b52fe1fa65","geometry":{"type":"Polygon","coordinates":[[[139.0559564,36.0010893],[139.056021,36.0011133],[139.0559287,36.0011052],[139.0555802,36.0010354],[139.0551975,36.0010734],[139.0547367,36.0005976],[139.0547233,36.0003087],[139.054772,36.0003381],[139.0548078,36.0003592],[139.0548905,36.0004298],[139.0550201,36.0005541],[139.0551024,36.0006313],[139.055259,36.000769],[139.0553462,36.0008425],[139.0553623,36.000855],[139.0554583,36.0009095],[139.0555088,36.0009382],[139.0555759,36.000958],[139.0557038,36.0009997],[139.0559564,36.0010893]]]},"properties":{"layer":"landuse","class_code":"217","class_label":"公共空地（公園・緑地、広場、運動場、墓園）"}},{"type":"Feature","id":"luse_ca18ccac-3d01-44b6-935c-1a274163e757","geometry":{"type":"MultiPolygon","coordinates":[[[[139.0625,36.0],[139.0625,36.00332903340564],[139.0624639,36.0033241],[139.0624636,36.003324],[139.062402,36.0033226],[139.0624016,36.0033226],[139.0623055,36.0033304],[139.0622438,36.0033458],[139.0622026,36.0033611],[139.0622005,36.0033619],[139.0621608,36.0033904],[139.0621024,36.0033461],[139.0619549,36.0030353],[139.0619136,36.002993],[139.0619043,36.0029839],[139.0618925,36.0029729],[139.0618805,36.0029632],[139.061862,36.0029547],[139.0618616,36.0029547],[139.0618481,36.0029509],[139.0618279,36.0029467],[139.0618147,36.0029454],[139.0618093,36.002945],[139.0617942,36.0029443],[139.0617921,36.0029443],[139.0617767,36.0029436],[139.0617763,36.0029436],[139.0617524,36.0029435],[139.0616962,36.0029483],[139.0616959,36.0029484],[139.0615829,36.0029728],[139.0613945,36.0029934],[139.0613941,36.0029934],[139.0613369,36.0029923],[139.0613345,36.0029923],[139.0612771,36.0029912],[139.0612374,36.0029844],[139.0612371,36.0029843],[139.0612058,36.0029722],[139.0611823,36.0029562],[139.0611702,36.0029393],[139.0611653,36.0029089],[139.0611658,36.0028843],[139.0611694,36.0028589],[139.0611951,36.0028158],[139.0612761,36.0026828],[139.0613317,36.0025915],[139.0613799,36.0025222],[139.0614739,36.0023948],[139.061534,36.0023015],[139.0615492,36.0022703],[139.0615554,36.0022427],[139.0615527,36.0022101],[139.061542,36.0021766],[139.0615269,36.0021465],[139.0615098,36.002127],[139.0614769,36.0021022],[139.0613532,36.0020286],[139.0613418,36.0020218],[139.061284,36.0019872],[139.0612637,36.0019696],[139.0612402,36.0019386],[139.061217,36.0018957],[139.0612114,36.001865],[139.0612076,36.0017284],[139.0612109,36.0015956],[139.0612111,36.00159],[139.0612141,36.0015769],[139.061219,36.0015561],[139.0612353,36.0015295],[139.0612626,36.0015108],[139.061293,36.0014979],[139.0613265,36.0014942],[139.0613586,36.0014987],[139.0613903,36.0015123],[139.0614186,36.0015344],[139.0614612,36.0015781],[139.0615136,36.0016396],[139.0615999,36.0017233],[139.0616733,36.0018036],[139.0617466,36.0018828],[139.0617773,36.0019195],[139.0618334,36.0020031],[139.0618484,36.002025],[139.0619317,36.0021481],[139.0620441,36.0023123],[139.0620783,36.0022881],[139.0619705,36.0021305],[139.0618992,36.0020254],[139.0618724,36.0019858],[139.0618404,36.0019381],[139.0618401,36.0019376],[139.0619017,36.0019839],[139.0619458,36.0020127],[139.061969,36.0020258],[139.0619763,36.0020301],[139.0620167,36.0020462],[139.062017,36.0020464],[139.0620709,36.0020662],[139.0621472,36.0020895],[139.0621476,36.0020896],[139.0621632,36.0020558],[139.0620881,36.0020329],[139.0620706,36.0020265],[139.0620419,36.002016],[139.0620316,36.0019996],[139.062026,36.0019832],[139.0620276,36.001967],[139.0620272,36.0019669],[139.0620089,36.0019563],[139.0619937,36.0019637],[139.0619933,36.0019637],[139.0619756,36.001966],[139.0619437,36.0019651],[139.0619305,36.0019566],[139.0618577,36.0019017],[139.0618048,36.001847],[139.0617792,36.0018581],[139.0617089,36.001782],[139.0616348,36.0017009],[139.061549,36.0016177],[139.0614968,36.0015565],[139.0614514,36.0015101],[139.0614165,36.0014828],[139.0613733,36.0014642],[139.061373,36.0014641],[139.0613274,36.0014578],[139.0613091,36.0014598],[139.0612796,36.001463],[139.0612376,36.0014806],[139.0612348,36.0014826],[139.0611997,36.0015067],[139.0611973,36.0015107],[139.0611969,36.001511],[139.0611765,36.0015445],[139.0611669,36.0015862],[139.0611602,36.0016312],[139.0611568,36.0017222],[139.0611583,36.0018072],[139.0611542,36.0018388],[139.0611448,36.0018672],[139.0611374,36.0018879],[139.0611359,36.0019055],[139.0611376,36.0019247],[139.0611507,36.0019438],[139.061174,36.0019682],[139.0612058,36.0019914],[139.0612575,36.0020163],[139.061266,36.0020213],[139.061327,36.0020577],[139.0614485,36.0021301],[139.0614763,36.002151],[139.0614876,36.0021641],[139.0614999,36.0021879],[139.0615087,36.0022159],[139.0615108,36.0022407],[139.0615064,36.0022604],[139.0614937,36.0022865],[139.0614351,36.0023771],[139.0613416,36.002504],[139.0612924,36.0025747],[139.0612363,36.0026669],[139.0611553,36.0028],[139.061081,36.0029242],[139.0610867,36.0029776],[139.0611048,36.0030093],[139.0611517,36.0030411],[139.0612163,36.0030538],[139.0615925,36.0030127],[139.0615929,36.0030126],[139.061705,36.0029884],[139.0617054,36.0029883],[139.0617547,36.0029841],[139.0617551,36.0029841],[139.0617748,36.0029842],[139.0617752,36.0029842],[139.0617921,36.0029849],[139.0617925,36.0029849],[139.0618053,36.0029854],[139.0618086,36.0029857],[139.0618188,36.0029866],[139.0618335,36.0029897],[139.0618339,36.0029898],[139.0618412,36.0029919],[139.0618502,36.0029958],[139.061856,36.0030006],[139.0618663,36.0030103],[139.061875,36.0030187],[139.0619109,36.0030556],[139.0619124,36.0030591],[139.0618973,36.0030639],[139.0619834,36.0032879],[139.0619603,36.0033212],[139.0620767,36.0034144],[139.0621244,36.0034386],[139.0621211,36.0034442],[139.062109,36.0034649],[139.0620977,36.0034942],[139.0620894,36.0035251],[139.0620751,36.0035838],[139.062044,36.0038045],[139.06197,36.0043034],[139.0619342,36.0044281],[139.0618939,36.0045615],[139.0618297,36.0047747],[139.0617232,36.0050765],[139.061715,36.0050917],[139.0616788,36.0050939],[139.0616506,36.0051577],[139.061675,36.0051683],[139.0616345,36.005246],[139.0616041,36.0053061],[139.061587,36.0053238],[139.0615674,36.0053394],[139.0615516,36.0053489],[139.0615394,36.0053537],[139.0615283,36.0053581],[139.0615046,36.0053622],[139.0614782,36.0053631],[139.0614523,36.0053594],[139.0614333,36.0053543],[139.0614148,36.005346],[139.0613986,36.005336],[139.0613848,36.0053237],[139.0613568,36.0052858],[139.0612855,36.0051894],[139.0612569,36.0051406],[139.0612047,36.005062],[139.0611605,36.0049953],[139.0611164,36.0049416],[139.0610312,36.0048457],[139.0609411,36.004752],[139.0609321,36.0047422],[139.0608698,36.004675],[139.0608308,36.0046273],[139.0608065,36.0045938],[139.0607897,36.0045668],[139.0607716,36.0045342],[139.0607572,36.0045],[139.0607439,36.0044629],[139.0607303,36.0044087],[139.0607039,36.0042789],[139.0606604,36.0040624],[139.0606436,36.004064],[139.0606354,36.0040328],[139.0606323,36.0040089],[139.0606333,36.0039835],[139.0606365,36.0039527],[139.0606436,36.0039179],[139.0606545,36.0038845],[139.0606635,36.0038554],[139.0606647,36.0038528],[139.0606773,36.003825],[139.0607001,36.0037897],[139.0607183,36.0037618],[139.0607309,36.0037382],[139.060742,36.0037094],[139.06075,36.0036755],[139.0607552,36.0036384],[139.0607512,36.0035976],[139.0607433,36.0035563],[139.0607266,36.0035105],[139.0607064,36.0034759],[139.0606859,36.0034447],[139.0606567,36.003415],[139.0606245,36.0033881],[139.0605859,36.0033549],[139.0605463,36.0033226],[139.0605103,36.0032859],[139.0604856,36.0032575],[139.0604657,36.0032272],[139.0604479,36.0031979],[139.0604374,36.0031781],[139.0604273,36.003152],[139.0604213,36.0031298],[139.0604147,36.0030991],[139.0604118,36.0030723],[139.0604103,36.003044],[139.0604105,36.0030234],[139.0604126,36.0030012],[139.0604171,36.0029763],[139.0604247,36.0029417],[139.0604331,36.0029085],[139.0604886,36.0027553],[139.0604983,36.0027145],[139.060505,36.0026618],[139.060505,36.0026148],[139.0604963,36.002562],[139.060425,36.0024035],[139.0603984,36.0023704],[139.0603694,36.002338],[139.0603294,36.0023025],[139.060271,36.0022564],[139.0602282,36.0022206],[139.0601987,36.0021913],[139.0601769,36.002164],[139.0601491,36.0021218],[139.0601291,36.0020835],[139.0601149,36.0020434],[139.0601076,36.0020138],[139.0601043,36.0020002],[139.0600993,36.0019519],[139.0601017,36.0019139],[139.0601095,36.0018758],[139.0601233,36.0018322],[139.0601458,36.0017819],[139.0601788,36.0017263],[139.0601994,36.0016804],[139.0602136,36.0016357],[139.0602177,36.0016132],[139.0602213,36.0015732],[139.0602221,36.001537],[139.0602212,36.0015031],[139.0602191,36.0014732],[139.0602136,36.0014429],[139.0602037,36.0014097],[139.0601925,36.0013762],[139.0601754,36.0013418],[139.0601544,36.0013044],[139.0601303,36.00127],[139.0600916,36.0012276],[139.0599822,36.0011288],[139.0598425,36.0009941],[139.0596451,36.000803],[139.0595089,36.0006701],[139.0593353,36.0004962],[139.0592942,36.0004548],[139.059263,36.0004178],[139.0592333,36.0003807],[139.0592088,36.0003448],[139.0591898,36.0003099],[139.0591721,36.000272],[139.0591574,36.0002312],[139.0591458,36.0001871],[139.0591385,36.0001499],[139.0591345,36.0001055],[139.0591347,36.0000632],[139.0591379,36.0000187],[139.059141140099,36.0],[139.0625,36.0]]],[[[139.0622634,36.0021047],[139.0622543,36.0021241],[139.0622553,36.0021431],[139.0622615,36.0021548],[139.0622743,36.0021671],[139.0623595,36.0022147],[139.0623833,36.002225],[139.062397,36.0022249],[139.0624028,36.0022209],[139.062415,36.0022023],[139.0624396,36.0021846],[139.0624454,36.0021786],[139.062445,36.0021665],[139.0624448,36.0021443],[139.0624483,36.0020754],[139.0624562,36.0020358],[139.0624579,36.0020289],[139.0624742,36.0019665],[139.0625,36.00193087142856],[139.0625,36.001842122611464],[139.0624827,36.0018435],[139.0624514,36.0018491],[139.0624297,36.0018581],[139.0623833,36.0018707],[139.0623361,36.0018791],[139.0622993,36.0018782],[139.0622623,36.0018687],[139.0622407,36.001866],[139.0622186,36.0018693],[139.0622253,36.0018951],[139.0622384,36.0019198],[139.0622533,36.0019407],[139.0622714,36.0019647],[139.0622893,36.0019952],[139.062296,36.0020111],[139.0622981,36.0020266],[139.0622978,36.0020279],[139.0622926,36.0020615],[139.0622634,36.0021047]]]]},"properties":{"layer":"landuse","class_code":"217","class_label":"公共空地（公園・緑地、広場、運動場、墓園）"}},{"type":"Feature","id":"luse_72f278d9-5956-45c1-9eff-8648c7ae3768","geometry":{"type":"Polygon","coordinates":[[[139.0625,36.00545321442156],[139.0623827,36.005326],[139.0623101,36.0052663],[139.0621993,36.0052022],[139.0620886,36.0051485],[139.0620146,36.0051185],[139.0619752,36.0051118],[139.0619664,36.0051104],[139.06194,36.005106],[139.0619021,36.005105],[139.0618922,36.0051081],[139.0618388,36.0051249],[139.0618828,36.0050005],[139.0619079,36.0049296],[139.0620026,36.0047951],[139.0620398,36.0046718],[139.0620468,36.0045479],[139.0620481,36.004524],[139.0620559,36.0044948],[139.0620415,36.0044886],[139.0620266,36.0044819],[139.0620525,36.0044437],[139.0620622,36.0044294],[139.0620894,36.0043782],[139.0621056,36.0043601],[139.0621227,36.0043522],[139.0621323,36.0043516],[139.0621378,36.0043512],[139.0622212,36.0044081],[139.0622801,36.0044492],[139.0623171,36.0044746],[139.0623408,36.0044997],[139.0623596,36.0045281],[139.0623682,36.0045522],[139.0623707,36.0045801],[139.0623621,36.0046182],[139.0623447,36.0046673],[139.0623217,36.0047193],[139.0623216,36.0047196],[139.0624637,36.0046231],[139.0624758,36.0045739],[139.0624724,36.0045369],[139.062464,36.0045135],[139.0624576,36.0044957],[139.0624299,36.0044533],[139.062394,36.0044151],[139.0623485,36.004384],[139.0622894,36.0043428],[139.0622058,36.0042857],[139.0622017,36.0042829],[139.0621569,36.0042511],[139.0621384,36.004231],[139.0621234,36.0042129],[139.0621105,36.0041907],[139.0621065,36.004182],[139.0620971,36.0041614],[139.0621487,36.0038146],[139.0621795,36.0035969],[139.0621979,36.0035468],[139.06221,36.0035225],[139.0622238,36.0035051],[139.06223,36.0034973],[139.062253,36.0034747],[139.0622768,36.0034574],[139.0622931,36.0034513],[139.062333,36.0034414],[139.0624067,36.0034354],[139.0624501,36.0034365],[139.0624789,36.0034404],[139.0624793,36.0034405],[139.0625,36.00344532727273],[139.0625,36.00545321442156]]]},"properties":{"layer":"landuse","class_code":"217","class_label":"公共空地（公園・緑地、広場、運動場、墓園）"}},{"type":"Feature","id":"luse_9e4ef53b-2e2a-4e11-a6ce-edec9abebecc","geometry":{"type":"Polygon","coordinates":[[[139.0620877,36.0057465],[139.0616734,36.0060584],[139.0616747,36.0060269],[139.0616779,36.0059682],[139.0616711,36.0058678],[139.0616623,36.0057271],[139.0616571,36.0056469],[139.0616581,36.005607],[139.0616612,36.0055804],[139.061667,36.0055569],[139.0616762,36.0055281],[139.0616881,36.0055024],[139.0617163,36.0054413],[139.0618311,36.0051467],[139.0618718,36.0051338],[139.061906,36.0051231],[139.0619375,36.0051239],[139.0619604,36.0051278],[139.0620073,36.0051357],[139.0620782,36.0051643],[139.0621872,36.0052173],[139.0622959,36.00528],[139.0623661,36.0053378],[139.0625,36.00548343682523],[139.0625,36.00561532068965],[139.0624216,36.0056971],[139.0624141,36.0057429],[139.0622961,36.0058013],[139.0622378,36.0057608],[139.0622287,36.0057322],[139.0622149,36.0057015],[139.0621845,36.005688],[139.0620877,36.0057465]]]},"properties":{"layer":"landuse","class_code":"217","class_label":"公共空地（公園・緑地、広場、運動場、墓園）"}},{"type":"Feature","id":"luse_d20fc69d-c971-4f87-8f05-876a0c46fbb9","geometry":{"type":"Polygon","coordinates":[[[139.053891,36.0005037],[139.0538987,36.0005088],[139.0536415,36.0007059],[139.053477,36.0005938],[139.0534857,36.0005467],[139.0535695,36.0004463],[139.0535758,36.0004509],[139.0536065,36.0004735],[139.0537486,36.0003402],[139.053752,36.0003466],[139.0537526,36.0003474],[139.053784,36.0003911],[139.0538179,36.0004316],[139.0538489,36.0004664],[139.053891,36.0005037]]]},"properties":{"layer":"landuse","class_code":"221","class_label":"その他②（太陽光発電のシステムを直接整備している土地）"}},{"type":"Feature","id":"luse_bfa27dd0-d589-442e-86d0-acd6efac2699","geometry":{"type":"Polygon","coordinates":[[[139.0545173,36.001258],[139.0544944,36.0012635],[139.0544678,36.0012834],[139.0544232,36.0013418],[139.0543262,36.0013515],[139.0542525,36.0013335],[139.0541682,36.0013086],[139.0541331,36.0012912],[139.0540841,36.0012637],[139.0540389,36.0012105],[139.0540391,36.0011862],[139.0540768,36.0011149],[139.0541263,36.001088],[139.0541883,36.0010555],[139.054245,36.001023],[139.0542893,36.0009918],[139.0542995,36.0008003],[139.0543344,36.0008455],[139.0543535,36.0008789],[139.0543692,36.0009122],[139.0543902,36.0009573],[139.054415,36.0010164],[139.054444,36.0010734],[139.0544728,36.001119],[139.0545041,36.0011551],[139.0545374,36.0011923],[139.0545762,36.0012253],[139.0546146,36.0012511],[139.0546345,36.0012634],[139.0545772,36.0012583],[139.0545473,36.0012538],[139.0545173,36.001258]]]},"properties":{"layer":"landuse","class_code":"221","class_label":"その他②（太陽光発電のシステムを直接整備している土地）"}},{"type":"Feature","id":"luse_f2eb6387-c03b-4c5d-a045-ee36f3ecf21a","geometry":{"type":"Polygon","coordinates":[[[139.05434,36.0016492],[139.0543707,36.0017364],[139.0542857,36.0017635],[139.0541157,36.001813],[139.0540578,36.0018384],[139.0540115,36.0018622],[139.0539512,36.0018786],[139.0540077,36.002181],[139.0540523,36.0023284],[139.0540559,36.0023403],[139.0540891,36.0023651],[139.0541948,36.0025011],[139.0543242,36.0026493],[139.0544129,36.0027626],[139.054237,36.0027649],[139.0537637,36.0028052],[139.0537961,36.0022255],[139.0539095,36.001888],[139.0539048,36.0017599],[139.0538471,36.0015807],[139.0538417,36.0015227],[139.05434,36.0016492]]]},"properties":{"layer":"landuse","class_code":"221","class_label":"その他②（太陽光発電のシステムを直接整備している土地）"}},{"type":"Feature","id":"luse_144bbcca-16c1-447a-bf29-1c22ed7d93ca","geometry":{"type":"MultiPolygon","coordinates":[[[[139.0625,36.0],[139.0625,36.00833333333333],[139.05064352446811,36.00833333333333],[139.0506702,36.0083305],[139.0506706,36.0083305],[139.0507483,36.0083234],[139.0508132,36.0083178],[139.0508136,36.0083178],[139.0508442,36.0083189],[139.0508608,36.0083195],[139.0508612,36.0083195],[139.0508706,36.0083196],[139.0509017,36.0083197],[139.0509021,36.0083197],[139.0509062,36.0083198],[139.0509082,36.0083199],[139.050925,36.0083072],[139.050911,36.0081479],[139.0509088,36.0081296],[139.0508859,36.0079466],[139.0508858,36.0079458],[139.0508722,36.0078558],[139.0508704,36.007844],[139.050853,36.0077621],[139.0508304,36.0076858],[139.0508237,36.0076698],[139.0508007,36.0076669],[139.0507065,36.0077087],[139.0506836,36.0076773],[139.0506834,36.007677],[139.0506793,36.0076714],[139.0507978,36.0076155],[139.050801,36.007614],[139.0507985,36.0076079],[139.0507509,36.0075063],[139.0507479,36.0075003],[139.0507326,36.0074694],[139.0507253,36.0074547],[139.0507236,36.0074517],[139.0506885,36.007399],[139.0506335,36.0073292],[139.0506304,36.0073251],[139.0504346,36.0070923],[139.0503992,36.0070502],[139.050326,36.0069708],[139.050311,36.0069579],[139.0502554,36.0069102],[139.0501367,36.0068083],[139.0501208,36.0067946],[139.0500948,36.0067723],[139.0500563,36.0067372],[139.05,36.00666022451823],[139.05,36.0],[139.05369539565217,36.0],[139.0537104,36.0000301],[139.0537131,36.0000355],[139.0537235,36.0000586],[139.0537342,36.0000825],[139.0537351,36.0000844],[139.0537454,36.0001481],[139.0537542,36.0001814],[139.0537644,36.0002201],[139.053785,36.0002721],[139.0538115,36.0003221],[139.0538405,36.0003622],[139.0538726,36.0004005],[139.0538874,36.0004171],[139.0539549,36.0004521],[139.0540099,36.0004759],[139.0540438,36.0004884],[139.0540579,36.0004911],[139.0540708,36.0004936],[139.0541043,36.0004948],[139.0541047,36.0004948],[139.0541395,36.0004931],[139.0541399,36.0004931],[139.0541571,36.0004886],[139.0541699,36.0004852],[139.0542027,36.0004702],[139.0542244,36.0005017],[139.0541954,36.0005149],[139.0541877,36.0005184],[139.0541479,36.0005289],[139.054115,36.0005304],[139.054105,36.0005308],[139.0541046,36.0005308],[139.0540647,36.0005294],[139.0540589,36.0005283],[139.054126,36.0005587],[139.0541644,36.000578],[139.0541683,36.0005799],[139.0541969,36.0006012],[139.0542304,36.0006303],[139.0542671,36.0006665],[139.0542764,36.0006756],[139.0543195,36.000726],[139.0543555,36.0007712],[139.0543931,36.0008196],[139.0544148,36.0008579],[139.0544313,36.0008929],[139.0544528,36.000939],[139.0544774,36.0009974],[139.0545026,36.0010469],[139.0545045,36.0010507],[139.0545298,36.001091],[139.0545582,36.0011236],[139.0545884,36.0011575],[139.0546218,36.0011857],[139.0546559,36.0012087],[139.054693,36.0012317],[139.0547464,36.0012598],[139.0548531,36.0013151],[139.0549182,36.0013493],[139.0549682,36.0013755],[139.0549908,36.0013856],[139.0550107,36.0013927],[139.055011,36.0013928],[139.0550284,36.0013959],[139.0550288,36.0013959],[139.0550471,36.0013977],[139.0550756,36.0013951],[139.0551093,36.0013897],[139.0551097,36.0013897],[139.0551694,36.0013752],[139.0551873,36.0013708],[139.0551876,36.0013707],[139.0552361,36.0013632],[139.0552766,36.0013642],[139.0553066,36.0013696],[139.0553809,36.0013851],[139.0553812,36.0013852],[139.0554845,36.0014241],[139.0557029,36.0015005],[139.0559148,36.0015778],[139.0559688,36.0016045],[139.0560478,36.0016457],[139.0560709,36.0016618],[139.0560842,36.0016784],[139.0560938,36.0016949],[139.0561039,36.0017181],[139.0561278,36.0017747],[139.0561552,36.0018396],[139.056191,36.0019245],[139.0562064,36.0019611],[139.0562179,36.0019886],[139.0562289,36.0020149],[139.0562447,36.0020527],[139.0562658,36.002103],[139.0562907,36.0021524],[139.0562997,36.0021719],[139.0563036,36.0021804],[139.0563139,36.0021993],[139.0563353,36.0022327],[139.0563606,36.0022688],[139.0563971,36.0023133],[139.0564326,36.0023579],[139.056447,36.0023728],[139.0564547,36.0023807],[139.056499,36.0024261],[139.0565263,36.0024589],[139.0565345,36.0024686],[139.0565415,36.0024923],[139.056543,36.0025087],[139.0565385,36.0025365],[139.0565326,36.0025588],[139.056521,36.0025828],[139.0565071,36.0026054],[139.0564895,36.0026282],[139.0564821,36.0026355],[139.0564641,36.0026534],[139.056462,36.0026544],[139.0564404,36.002665],[139.0563967,36.0026863],[139.0563791,36.0027121],[139.0563761,36.0027198],[139.0563687,36.0027393],[139.0563672,36.0027617],[139.0563683,36.0027655],[139.0563731,36.0027812],[139.0564247,36.0028797],[139.0564001,36.0028883],[139.0563992,36.0028886],[139.0563467,36.0027884],[139.0563392,36.0027639],[139.0563411,36.0027354],[139.0563448,36.0027118],[139.0563336,36.0027312],[139.056327,36.002754],[139.05633,36.0027707],[139.0563451,36.0028214],[139.056376,36.0029239],[139.0563877,36.0029526],[139.0563984,36.0029707],[139.0564176,36.0029941],[139.0565009,36.0030663],[139.0565275,36.0030905],[139.0566759,36.0031647],[139.0567062,36.0031878],[139.0567406,36.0032151],[139.0567654,36.0032453],[139.0567951,36.0032822],[139.0568283,36.0033228],[139.0568546,36.0033688],[139.0568703,36.0034162],[139.0568732,36.0034357],[139.0568825,36.0034385],[139.056896,36.0034363],[139.0569152,36.0034238],[139.0569237,36.0034157],[139.056933,36.003407],[139.0569467,36.003388],[139.0569552,36.0033658],[139.0569947,36.0033682],[139.0569937,36.0033708],[139.0569841,36.0033943],[139.0569684,36.0034188],[139.0569303,36.0034549],[139.0569192,36.0034609],[139.0569054,36.0034685],[139.0568688,36.0034841],[139.0568637,36.0035018],[139.0568528,36.0035357],[139.0568527,36.0035361],[139.056841,36.0035576],[139.0568161,36.0036049],[139.0567846,36.0036403],[139.0567555,36.0036686],[139.0567322,36.0036889],[139.0567159,36.0037128],[139.056709,36.003733],[139.0567088,36.0037537],[139.0567139,36.0037813],[139.0567266,36.003818],[139.0567482,36.0038622],[139.0568531,36.0040755],[139.0568849,36.0041801],[139.0568894,36.0042165],[139.0568918,36.0042442],[139.0568911,36.0042718],[139.0568804,36.0043251],[139.0568111,36.0044688],[139.0567865,36.0045209],[139.0567709,36.004574],[139.05676,36.0046136],[139.0567561,36.0046488],[139.0567557,36.004674],[139.0567603,36.0047115],[139.0567825,36.0048396],[139.0568105,36.0049986],[139.0568349,36.0051374],[139.0568601,36.0052929],[139.0568806,36.0053924],[139.0568957,36.005446],[139.0569126,36.0054942],[139.0569291,36.0055338],[139.0569653,36.0055992],[139.0570032,36.0056622],[139.0570064,36.0056682],[139.057039,36.0057289],[139.0570513,36.0057531],[139.0570634,36.0057768],[139.0570752,36.005822],[139.0570846,36.0058799],[139.0570902,36.0059292],[139.0570896,36.0059811],[139.0570801,36.0060286],[139.0570164,36.0062662],[139.0569128,36.0066213],[139.0569087,36.0066556],[139.0569071,36.0066887],[139.0569119,36.0067156],[139.0569403,36.0067876],[139.0569697,36.0068637],[139.056972,36.0068694],[139.0570318,36.006948],[139.0570632,36.0070248],[139.0570646,36.0070985],[139.0570708,36.0071139],[139.0570967,36.0071762],[139.0571089,36.0072185],[139.0571193,36.0072634],[139.0571241,36.0073149],[139.0571255,36.0073647],[139.0571254,36.0073816],[139.0571252,36.0074568],[139.0571032,36.0076681],[139.0570931,36.007725],[139.0570757,36.0077793],[139.0570389,36.0078419],[139.057004,36.007894],[139.0569654,36.0079532],[139.0569466,36.0079796],[139.056924,36.0080112],[139.0568788,36.0080924],[139.0568605,36.0081295],[139.0568462,36.0081581],[139.0568258,36.0082082],[139.05677447057332,36.00833333333333],[139.05698485720166,36.00833333333333],[139.0569869,36.0083309],[139.0569895,36.0083233],[139.0569893,36.0083216],[139.056989,36.0083216],[139.0569761,36.0083196],[139.0569625,36.0083209],[139.0569591,36.0082985],[139.0569769,36.0082967],[139.0569772,36.0082968],[139.0569915,36.008299],[139.0569978,36.0083],[139.0570076,36.0083037],[139.0570159,36.008311],[139.0570176,36.0083254],[139.05701481545253,36.00833333333333],[139.05818608700565,36.00833333333333],[139.0581854,36.0083328],[139.0581645,36.0083099],[139.058153,36.0082898],[139.0581527,36.0082897],[139.0581259,36.0082872],[139.0581137,36.0082874],[139.0581134,36.0082875],[139.0581012,36.0082899],[139.0580828,36.0082989],[139.058058,36.0083152],[139.05803414827108,36.00833333333333],[139.05799523406324,36.00833333333333],[139.0580064,36.0083234],[139.0580398,36.0082981],[139.0580667,36.0082805],[139.0580903,36.0082688],[139.0580907,36.0082687],[139.0581097,36.0082651],[139.0581101,36.008265],[139.0581272,36.0082646],[139.0581408,36.008266],[139.0581412,36.008266],[139.0581334,36.0082484],[139.0580531,36.0080433],[139.0580223,36.0079419],[139.0579862,36.0078172],[139.0579473,36.0077331],[139.0579195,36.0076804],[139.057888,36.0076548],[139.0578877,36.0076547],[139.0578717,36.0076488],[139.0578674,36.0076486],[139.05786,36.0076483],[139.0578524,36.0076484],[139.0578509,36.0076484],[139.0578465,36.0076484],[139.0577537,36.0076958],[139.0577422,36.0077023],[139.0577262,36.0076829],[139.0578194,36.0076282],[139.0578454,36.0076168],[139.0578705,36.0076013],[139.0578869,36.0075948],[139.0578873,36.0075948],[139.0578852,36.0075456],[139.0579125,36.0075351],[139.0579145,36.0075842],[139.057932,36.0075774],[139.0579475,36.0075715],[139.0579648,36.0075595],[139.0579917,36.0075394],[139.0580165,36.0075134],[139.0580382,36.0074779],[139.0580521,36.0074493],[139.0580582,36.0074023],[139.0580546,36.0073396],[139.0580488,36.007268],[139.0580469,36.00723],[139.0580453,36.0072037],[139.058042,36.0071679],[139.0580248,36.0071205],[139.058001,36.007055],[139.0579867,36.0070035],[139.057984,36.0069611],[139.0579853,36.0069263],[139.0579947,36.0068847],[139.0580054,36.0068502],[139.0580061,36.0068219],[139.0580038,36.0068031],[139.0579835,36.006741],[139.0579763,36.0067191],[139.0579826,36.0066986],[139.0579957,36.006669],[139.058017,36.0066288],[139.0580411,36.0065827],[139.0580635,36.0065352],[139.0580808,36.006491],[139.0580941,36.0064583],[139.0580947,36.0064454],[139.0580859,36.0064202],[139.058066,36.0063852],[139.0579872,36.0062961],[139.0579105,36.0062162],[139.0578601,36.0061659],[139.0578204,36.0061194],[139.0577937,36.0060759],[139.0577755,36.0060381],[139.0577595,36.0060004],[139.057754,36.0059628],[139.0577518,36.0059194],[139.0577531,36.005875],[139.0577615,36.0058296],[139.0577754,36.0057757],[139.0577984,36.0057091],[139.0578012,36.0057003],[139.0578329,36.0056013],[139.057844,36.0055671],[139.0578431,36.005543],[139.0578397,36.0055028],[139.0578434,36.0054835],[139.0578495,36.0054613],[139.057871,36.0054178],[139.0579179,36.0053229],[139.0579483,36.0052683],[139.0579635,36.0052138],[139.0579756,36.0051569],[139.0579858,36.0051143],[139.0579916,36.0050562],[139.0579922,36.0050051],[139.0579914,36.004977],[139.057991,36.0049607],[139.0579895,36.0049069],[139.0579887,36.0048662],[139.0579898,36.0048356],[139.0579964,36.0048076],[139.0579968,36.0048059],[139.0580106,36.0047725],[139.0580324,36.0047423],[139.0580394,36.0047343],[139.0580429,36.0047227],[139.0580437,36.004715],[139.0580427,36.0047081],[139.058038,36.004703],[139.0580232,36.004699],[139.0580215,36.004699],[139.0580173,36.004699],[139.0579748,36.004696],[139.057962,36.0046942],[139.0579245,36.0046887],[139.0579241,36.0046887],[139.0578972,36.0046815],[139.0578624,36.0046679],[139.0578746,36.0046476],[139.0578795,36.0046495],[139.0579076,36.0046606],[139.0579311,36.0046667],[139.0579785,36.0046736],[139.0580044,36.0046755],[139.0580115,36.004676],[139.0580186,36.0046765],[139.058019,36.0046765],[139.0580368,36.0046765],[139.0580433,36.0046765],[139.0580436,36.0046765],[139.0580541,36.0046769],[139.0580545,36.0046769],[139.0580707,36.0046845],[139.0580792,36.0046929],[139.0580825,36.0046961],[139.058086,36.0047095],[139.058086,36.004713],[139.0580747,36.0047327],[139.058056,36.0047545],[139.058036,36.0047819],[139.0580237,36.0048116],[139.0580223,36.0048175],[139.0580176,36.0048381],[139.0580165,36.0048665],[139.0580172,36.0049064],[139.0580189,36.0049602],[139.0580193,36.0049768],[139.0580199,36.005005],[139.0580195,36.0050572],[139.0580132,36.0051174],[139.058003,36.0051609],[139.0579906,36.0052182],[139.0579747,36.0052755],[139.0579436,36.0053317],[139.0578762,36.0054681],[139.0578706,36.0054877],[139.0578675,36.0055038],[139.0578709,36.005542],[139.0578718,36.0055697],[139.0578597,36.005607],[139.057837,36.0056781],[139.0578252,36.0057151],[139.0578023,36.0057811],[139.0577887,36.0058336],[139.0577809,36.005877],[139.0577795,36.0059192],[139.0577816,36.0059609],[139.0577869,36.0059953],[139.0577936,36.0060115],[139.0578015,36.0060304],[139.0578191,36.0060668],[139.0578445,36.0061079],[139.0578824,36.0061523],[139.0579324,36.0062022],[139.0580094,36.0062826],[139.05809,36.0063738],[139.058112,36.0064123],[139.0581227,36.0064428],[139.0581216,36.0064625],[139.0581071,36.006498],[139.0580896,36.0065426],[139.0580668,36.0065911],[139.0580426,36.0066376],[139.0580215,36.0066774],[139.0580031,36.0067132],[139.0580197,36.0067639],[139.0580232,36.0067745],[139.0580279,36.0067886],[139.0580307,36.0067971],[139.0580341,36.0068209],[139.0580332,36.0068533],[139.0580219,36.0068895],[139.0580195,36.0069003],[139.0580132,36.0069287],[139.0580117,36.0069609],[139.0580142,36.0070005],[139.0580279,36.0070494],[139.0580514,36.0071142],[139.0580693,36.0071638],[139.0580732,36.0072023],[139.0580766,36.0072667],[139.0580823,36.0073383],[139.0580861,36.0074031],[139.0580842,36.0074173],[139.0580792,36.0074547],[139.0580636,36.0074871],[139.0580402,36.0075255],[139.0580121,36.0075547],[139.0579831,36.0075763],[139.0579608,36.007592],[139.0579429,36.0076104],[139.0579369,36.007626],[139.0579374,36.0076443],[139.0579408,36.0076631],[139.0579731,36.0077248],[139.0580127,36.0078106],[139.0580493,36.0079367],[139.0580797,36.0080372],[139.058099,36.0080862],[139.05816,36.0082412],[139.0581722,36.00827],[139.0581885,36.0082984],[139.0582062,36.0083178],[139.0582263861751,36.00833333333333],[139.05830808372093,36.00833333333333],[139.0583404,36.0083076],[139.0583807,36.0082745],[139.0583809,36.0082743],[139.0584076,36.0082465],[139.0584282,36.008222],[139.0584562,36.0081982],[139.058493,36.0081709],[139.0585135,36.0081535],[139.0585275,36.0081354],[139.058538,36.0081183],[139.0585478,36.0081029],[139.0585522,36.0080868],[139.0585526,36.0080696],[139.058547,36.0080338],[139.0585297,36.007959],[139.0585039,36.0078475],[139.0585091,36.0078467],[139.0585256,36.0078442],[139.0585309,36.0078434],[139.0585312,36.0078434],[139.0585336,36.0078538],[139.0585746,36.0080303],[139.0585805,36.0080684],[139.0585801,36.0080896],[139.058574,36.0081106],[139.058566,36.0081237],[139.0585516,36.0081466],[139.0585354,36.0081675],[139.0585123,36.008187],[139.0584757,36.0082142],[139.05845,36.0082362],[139.05843,36.0082598],[139.0584017,36.0082892],[139.0583599,36.0083235],[139.0583475299517,36.00833333333333],[139.0625,36.00833333333333],[139.0625,36.0067892438172],[139.0624115,36.0067806],[139.0624112,36.0067806],[139.0623061,36.0067677],[139.0622891,36.0067653],[139.0622522,36.0067601],[139.0622518,36.00676],[139.0621976,36.0067519],[139.0621965,36.0067517],[139.0621709,36.0067475],[139.0621609,36.0067551],[139.0622032,36.006808],[139.0622208,36.0068328],[139.0622999,36.0069439],[139.0625,36.00714119605096],[139.0625,36.00716974987311],[139.0622815,36.0069543],[139.0621841,36.0068174],[139.0621176,36.0067344],[139.0621129,36.0067285],[139.0621081,36.0067225],[139.0620774,36.0066841],[139.0619895,36.006574],[139.0617052,36.006201],[139.0616708,36.0061489],[139.0616535,36.0060919],[139.0616507,36.0060662],[139.0616525,36.0060262],[139.0616556,36.0059683],[139.0616489,36.0058687],[139.0616399,36.0057281],[139.0616349,36.0056472],[139.061636,36.0056059],[139.0616392,36.0055778],[139.0616454,36.0055529],[139.061655,36.0055226],[139.0616672,36.005496],[139.0616954,36.005435],[139.0618097,36.0051417],[139.0617447,36.0052967],[139.0617198,36.0053558],[139.0616994,36.0053881],[139.0616638,36.0054224],[139.0616261,36.0054454],[139.0615862,36.005463],[139.0615406,36.0054739],[139.0615049,36.0054769],[139.0614733,36.0054764],[139.0614729,36.0054763],[139.0614311,36.0054709],[139.0614307,36.0054708],[139.0613845,36.0054607],[139.0613373,36.005442],[139.0613053,36.005415],[139.0612775,36.0053834],[139.0612519,36.0053462],[139.0612104,36.0052706],[139.0611898,36.005236],[139.061158,36.0051814],[139.0611071,36.0051048],[139.0610653,36.0050418],[139.0610253,36.004993],[139.0609423,36.0048998],[139.0608532,36.0048069],[139.0607793,36.0047272],[139.0607366,36.0046752],[139.0607088,36.0046369],[139.0606895,36.0046056],[139.0606684,36.0045675],[139.0606512,36.0045271],[139.060636,36.0044846],[139.0606292,36.0044569],[139.0606212,36.0044251],[139.0605945,36.0042935],[139.0605571,36.0041087],[139.0605475,36.0041095],[139.0605316,36.0041108],[139.0605126,36.0040542],[139.0604863,36.0039904],[139.0604824,36.0039645],[139.0604813,36.0039461],[139.0604814,36.0039229],[139.0604848,36.0038942],[139.0604943,36.0038606],[139.06053,36.0038094],[139.0605442,36.0037893],[139.0605704,36.003762],[139.0606143,36.0037163],[139.0606338,36.0036657],[139.0606411,36.0036315],[139.0606405,36.0036055],[139.0606346,36.0035762],[139.0606226,36.0035427],[139.0606074,36.0035165],[139.0605929,36.0034945],[139.0605733,36.0034746],[139.0605442,36.0034504],[139.0605064,36.0034176],[139.0604635,36.0033827],[139.0604215,36.00334],[139.060391,36.0033047],[139.0603669,36.0032683],[139.0603473,36.0032359],[139.0603331,36.0032097],[139.0603198,36.0031751],[139.0603124,36.0031472],[139.0603047,36.0031109],[139.0603009,36.0030782],[139.0602993,36.0030455],[139.0602996,36.0030197],[139.0603023,36.0029912],[139.0603077,36.0029618],[139.0603157,36.0029248],[139.0603254,36.0028866],[139.0603805,36.0027339],[139.0603885,36.0027012],[139.0603942,36.0026572],[139.0603941,36.0026209],[139.0603863,36.0025739],[139.0603731,36.002533],[139.060355,36.0024927],[139.0603313,36.0024526],[139.0603072,36.0024201],[139.0602784,36.0023897],[139.0602245,36.002343],[139.060174,36.002304],[139.0601386,36.0022728],[139.0600936,36.0022258],[139.0600611,36.00218],[139.0600344,36.0021361],[139.0600152,36.0020922],[139.0600003,36.0020361],[139.0599974,36.0020131],[139.0599928,36.0019797],[139.0599912,36.0019319],[139.0599987,36.0018748],[139.0600121,36.0018272],[139.0600351,36.0017735],[139.0600684,36.0017156],[139.0600904,36.0016744],[139.0601018,36.0016451],[139.0601109,36.0016111],[139.0601159,36.0015727],[139.0601191,36.0015318],[139.0601144,36.0014866],[139.060106,36.0014443],[139.0600894,36.0013967],[139.0600693,36.001357],[139.060041,36.0013126],[139.0600085,36.0012737],[139.0599141,36.0011753],[139.0597746,36.0010404],[139.0595773,36.0008493],[139.0594408,36.0007164],[139.0593025,36.0005827],[139.0592339,36.0005163],[139.0592277,36.0005102],[139.0592257,36.0005082],[139.0592064,36.0004884],[139.0591894,36.0004709],[139.0591877,36.0004687],[139.059155,36.0004293],[139.0591288,36.0003942],[139.0591056,36.0003579],[139.0590879,36.0003232],[139.0590714,36.0002857],[139.0590588,36.000245],[139.0590506,36.0002121],[139.059043,36.0001644],[139.0590389,36.0001309],[139.0590373,36.0000931],[139.0590371,36.0000487],[139.0590398,36.0000106],[139.05904157354084,36.0],[139.05891777218721,36.0],[139.0589124,36.0000115],[139.0588991,36.000115],[139.0589133,36.0003074],[139.0589379,36.0003939],[139.0589785,36.0004697],[139.0590944,36.0006051],[139.059197,36.0007219],[139.0593313,36.0008851],[139.0594897,36.0010952],[139.0596299,36.0012962],[139.059708,36.0014985],[139.0597719,36.0017602],[139.0600135,36.0028521],[139.0601885,36.0034814],[139.0603469,36.0035728],[139.0601572,36.0035435],[139.0600905,36.0035326],[139.0600446,36.0034865],[139.0598978,36.003135],[139.0598446,36.002974],[139.0597299,36.0025784],[139.0597184,36.0025333],[139.0596118,36.0018404],[139.0595684,36.0016652],[139.0595437,36.001531],[139.0594767,36.0013475],[139.0593932,36.0011573],[139.0593114,36.0010542],[139.0591937,36.0009164],[139.0588453,36.0005235],[139.05879,36.0004082],[139.0587377,36.0001886],[139.0587427,36.0001097],[139.05876083812274,36.0],[139.0625,36.0]]],[[[139.0625,36.00548343682523],[139.0623661,36.0053378],[139.0622959,36.00528],[139.0621872,36.0052173],[139.0620782,36.0051643],[139.0620073,36.0051357],[139.0619604,36.0051278],[139.0619375,36.0051239],[139.061906,36.0051231],[139.0618718,36.0051338],[139.0618311,36.0051467],[139.0617163,36.0054413],[139.0616881,36.0055024],[139.0616762,36.0055281],[139.061667,36.0055569],[139.0616612,36.0055804],[139.0616581,36.005607],[139.0616571,36.0056469],[139.0616623,36.0057271],[139.0616711,36.0058678],[139.0616779,36.0059682],[139.0616747,36.0060269],[139.0616734,36.0060584],[139.0616731,36.0060657],[139.0616756,36.0060889],[139.0616917,36.0061424],[139.0617246,36.006192],[139.0617525,36.0062286],[139.0620085,36.0065644],[139.0621313,36.0067181],[139.0621485,36.0067209],[139.062168,36.0067241],[139.0621793,36.0067259],[139.0622027,36.0067297],[139.062203,36.0067298],[139.0622569,36.0067379],[139.0622766,36.0067407],[139.0623106,36.0067455],[139.0624149,36.0067582],[139.0624153,36.0067583],[139.0625,36.006766543125],[139.0625,36.00548343682523]]],[[[139.0520857,36.008118],[139.0520612,36.0081094],[139.0520609,36.0081093],[139.0520159,36.0080943],[139.0519778,36.0080748],[139.0519323,36.0080472],[139.0519267,36.0080427],[139.0519042,36.0080251],[139.0517317,36.0078902],[139.0517275,36.0078862],[139.0517198,36.0078787],[139.0516796,36.0078402],[139.0516548,36.00781],[139.0516275,36.007767],[139.051606,36.0077267],[139.0515955,36.0076881],[139.0515929,36.0076444],[139.0515956,36.0076117],[139.0515972,36.0075886],[139.051635,36.0074865],[139.0516458,36.0074459],[139.0516466,36.0074247],[139.0516444,36.0074011],[139.0516402,36.0073827],[139.0516211,36.0073489],[139.0516061,36.0073242],[139.0515022,36.0073612],[139.0514068,36.0074141],[139.0513403,36.0074285],[139.0512629,36.0074394],[139.0511834,36.0074539],[139.0511107,36.0074757],[139.0510709,36.0074944],[139.0510255,36.0075175],[139.0509758,36.0075478],[139.0509743,36.0075487],[139.0509177,36.007585],[139.0509202,36.0075904],[139.0509509,36.00768],[139.050969,36.0077402],[139.0509857,36.0078058],[139.0509975,36.0078796],[139.0510089,36.0079549],[139.0510097,36.0079602],[139.051016,36.0080377],[139.0510166,36.0080451],[139.0510256,36.0081347],[139.0510421,36.0082986],[139.0510845,36.0083243],[139.0510896,36.0083244],[139.05109,36.0083245],[139.05118495833332,36.00833333333333],[139.05185302594143,36.00833333333333],[139.051969,36.0083138],[139.0519814,36.0083117],[139.0521994,36.0082749],[139.0521997,36.0082749],[139.0522066,36.0083013],[139.0522062,36.0083014],[139.0520667,36.0083249],[139.0520575,36.008327],[139.05202832736674,36.00833333333333],[139.05293357668526,36.00833333333333],[139.0528625,36.0082571],[139.052717,36.0081129],[139.0526744,36.0080868],[139.0526456,36.0080744],[139.0526142,36.0080669],[139.0525885,36.0080619],[139.0525637,36.0080607],[139.0525315,36.0080603],[139.0525312,36.0080603],[139.0524942,36.0080635],[139.0524696,36.0080695],[139.0524292,36.0080819],[139.0523121,36.0081281],[139.0522492,36.0081349],[139.0522252,36.0081361],[139.0521978,36.0081363],[139.0521974,36.0081363],[139.0521713,36.0081357],[139.0521709,36.0081357],[139.0521367,36.0081312],[139.0520857,36.008118]]],[[[139.0618922,36.0051081],[139.0619021,36.005105],[139.06194,36.005106],[139.0619664,36.0051104],[139.0619752,36.0051118],[139.0620146,36.0051185],[139.0620886,36.0051485],[139.0621993,36.0052022],[139.0623101,36.0052663],[139.0623827,36.005326],[139.0625,36.00545321442156],[139.0625,36.00344532727273],[139.0624793,36.0034405],[139.0624789,36.0034404],[139.0624501,36.0034365],[139.0624067,36.0034354],[139.062333,36.0034414],[139.0622931,36.0034513],[139.0622768,36.0034574],[139.062253,36.0034747],[139.06223,36.0034973],[139.0622238,36.0035051],[139.06221,36.0035225],[139.0621979,36.0035468],[139.0621795,36.0035969],[139.0621487,36.0038146],[139.0620971,36.0041614],[139.0621065,36.004182],[139.0621105,36.0041907],[139.0621234,36.0042129],[139.0621384,36.004231],[139.0621569,36.0042511],[139.0622017,36.0042829],[139.0622058,36.0042857],[139.0622894,36.0043428],[139.0623485,36.004384],[139.062394,36.0044151],[139.0624299,36.0044533],[139.0624576,36.0044957],[139.062464,36.0045135],[139.0624724,36.0045369],[139.0624758,36.0045739],[139.0624637,36.0046231],[139.0623216,36.0047196],[139.0623217,36.0047193],[139.0623447,36.0046673],[139.0623621,36.0046182],[139.0623707,36.0045801],[139.0623682,36.0045522],[139.0623596,36.0045281],[139.0623408,36.0044997],[139.0623171,36.0044746],[139.0622801,36.0044492],[139.0622212,36.0044081],[139.0621378,36.0043512],[139.0621323,36.0043516],[139.0621227,36.0043522],[139.0621056,36.0043601],[139.0620894,36.0043782],[139.0620622,36.0044294],[139.0620525,36.0044437],[139.0620266,36.0044819],[139.0620415,36.0044886],[139.0620559,36.0044948],[139.0620481,36.004524],[139.0620468,36.0045479],[139.0620398,36.0046718],[139.0620026,36.0047951],[139.0619079,36.0049296],[139.0618828,36.0050005],[139.0618388,36.0051249],[139.0618922,36.0051081]]],[[[139.0625,36.0],[139.059141140099,36.0],[139.0591379,36.0000187],[139.0591347,36.0000632],[139.0591345,36.0001055],[139.0591385,36.0001499],[139.0591458,36.0001871],[139.0591574,36.0002312],[139.0591721,36.000272],[139.0591898,36.0003099],[139.0592088,36.0003448],[139.0592333,36.0003807],[139.059263,36.0004178],[139.0592942,36.0004548],[139.0593353,36.0004962],[139.0595089,36.0006701],[139.0596451,36.000803],[139.0598425,36.0009941],[139.0599822,36.0011288],[139.0600916,36.0012276],[139.0601303,36.00127],[139.0601544,36.0013044],[139.0601754,36.0013418],[139.0601925,36.0013762],[139.0602037,36.0014097],[139.0602136,36.0014429],[139.0602191,36.0014732],[139.0602212,36.0015031],[139.0602221,36.001537],[139.0602213,36.0015732],[139.0602177,36.0016132],[139.0602136,36.0016357],[139.0601994,36.0016804],[139.0601788,36.0017263],[139.0601458,36.0017819],[139.0601233,36.0018322],[139.0601095,36.0018758],[139.0601017,36.0019139],[139.0600993,36.0019519],[139.0601043,36.0020002],[139.0601076,36.0020138],[139.0601149,36.0020434],[139.0601291,36.0020835],[139.0601491,36.0021218],[139.0601769,36.002164],[139.0601987,36.0021913],[139.0602282,36.0022206],[139.060271,36.0022564],[139.0603294,36.0023025],[139.0603694,36.002338],[139.0603984,36.0023704],[139.060425,36.0024035],[139.0604963,36.002562],[139.060505,36.0026148],[139.060505,36.0026618],[139.0604983,36.0027145],[139.0604886,36.0027553],[139.0604331,36.0029085],[139.0604247,36.0029417],[139.0604171,36.0029763],[139.0604126,36.0030012],[139.0604105,36.0030234],[139.0604103,36.003044],[139.0604118,36.0030723],[139.0604147,36.0030991],[139.0604213,36.0031298],[139.0604273,36.003152],[139.0604374,36.0031781],[139.0604479,36.0031979],[139.0604657,36.0032272],[139.0604856,36.0032575],[139.0605103,36.0032859],[139.0605463,36.0033226],[139.0605859,36.0033549],[139.0606245,36.0033881],[139.0606567,36.003415],[139.0606859,36.0034447],[139.0607064,36.0034759],[139.0607266,36.0035105],[139.0607433,36.0035563],[139.0607512,36.0035976],[139.0607552,36.0036384],[139.06075,36.0036755],[139.060742,36.0037094],[139.0607309,36.0037382],[139.0607183,36.0037618],[139.0607001,36.0037897],[139.0606773,36.003825],[139.0606647,36.0038528],[139.0606635,36.0038554],[139.0606545,36.0038845],[139.0606436,36.0039179],[139.0606365,36.0039527],[139.0606333,36.0039835],[139.0606323,36.0040089],[139.0606354,36.0040328],[139.0606436,36.004064],[139.0606604,36.0040624],[139.0607039,36.0042789],[139.0607303,36.0044087],[139.0607439,36.0044629],[139.0607572,36.0045],[139.0607716,36.0045342],[139.0607897,36.0045668],[139.0608065,36.0045938],[139.0608308,36.0046273],[139.0608698,36.004675],[139.0609321,36.0047422],[139.0609411,36.004752],[139.0610312,36.0048457],[139.0611164,36.0049416],[139.0611605,36.0049953],[139.0612047,36.005062],[139.0612569,36.0051406],[139.0612855,36.0051894],[139.0613568,36.0052858],[139.0613848,36.0053237],[139.0613986,36.005336],[139.0614148,36.005346],[139.0614333,36.0053543],[139.0614523,36.0053594],[139.0614782,36.0053631],[139.0615046,36.0053622],[139.0615283,36.0053581],[139.0615394,36.0053537],[139.0615516,36.0053489],[139.0615674,36.0053394],[139.061587,36.0053238],[139.0616041,36.0053061],[139.0616345,36.005246],[139.061675,36.0051683],[139.0616506,36.0051577],[139.0616788,36.0050939],[139.061715,36.0050917],[139.0617232,36.0050765],[139.0618297,36.0047747],[139.0618939,36.0045615],[139.0619342,36.0044281],[139.06197,36.0043034],[139.062044,36.0038045],[139.0620751,36.0035838],[139.0620894,36.0035251],[139.0620977,36.0034942],[139.062109,36.0034649],[139.0621211,36.0034442],[139.0621244,36.0034386],[139.0620767,36.0034144],[139.0619603,36.0033212],[139.0619834,36.0032879],[139.0618973,36.0030639],[139.0619124,36.0030591],[139.0619109,36.0030556],[139.061875,36.0030187],[139.0618663,36.0030103],[139.061856,36.0030006],[139.0618502,36.0029958],[139.0618412,36.0029919],[139.0618339,36.0029898],[139.0618335,36.0029897],[139.0618188,36.0029866],[139.0618086,36.0029857],[139.0618053,36.0029854],[139.0617925,36.0029849],[139.0617921,36.0029849],[139.0617752,36.0029842],[139.0617748,36.0029842],[139.0617551,36.0029841],[139.0617547,36.0029841],[139.0617054,36.0029883],[139.061705,36.0029884],[139.0615929,36.0030126],[139.0615925,36.0030127],[139.0612163,36.0030538],[139.0611517,36.0030411],[139.0611048,36.0030093],[139.0610867,36.0029776],[139.061081,36.0029242],[139.0611553,36.0028],[139.0612363,36.0026669],[139.0612924,36.0025747],[139.0613416,36.002504],[139.0614351,36.0023771],[139.0614937,36.0022865],[139.0615064,36.0022604],[139.0615108,36.0022407],[139.0615087,36.0022159],[139.0614999,36.0021879],[139.0614876,36.0021641],[139.0614763,36.002151],[139.0614485,36.0021301],[139.061327,36.0020577],[139.061266,36.0020213],[139.0612575,36.0020163],[139.0612058,36.0019914],[139.061174,36.0019682],[139.0611507,36.0019438],[139.0611376,36.0019247],[139.0611359,36.0019055],[139.0611374,36.0018879],[139.0611448,36.0018672],[139.0611542,36.0018388],[139.0611583,36.0018072],[139.0611568,36.0017222],[139.0611602,36.0016312],[139.0611669,36.0015862],[139.0611765,36.0015445],[139.0611969,36.001511],[139.0611973,36.0015107],[139.0611997,36.0015067],[139.0612348,36.0014826],[139.0612376,36.0014806],[139.0612796,36.001463],[139.0613091,36.0014598],[139.0613274,36.0014578],[139.061373,36.0014641],[139.0613733,36.0014642],[139.0614165,36.0014828],[139.0614514,36.0015101],[139.0614968,36.0015565],[139.061549,36.0016177],[139.0616348,36.0017009],[139.0617089,36.001782],[139.0617792,36.0018581],[139.0618048,36.001847],[139.0618577,36.0019017],[139.0619305,36.0019566],[139.0619437,36.0019651],[139.0619756,36.001966],[139.0619933,36.0019637],[139.0619937,36.0019637],[139.0620089,36.0019563],[139.0620272,36.0019669],[139.0620276,36.001967],[139.062026,36.0019832],[139.0620316,36.0019996],[139.0620419,36.002016],[139.0620706,36.0020265],[139.0620881,36.0020329],[139.0621632,36.0020558],[139.0621476,36.0020896],[139.0621472,36.0020895],[139.0620709,36.0020662],[139.062017,36.0020464],[139.0620167,36.0020462],[139.0619763,36.0020301],[139.061969,36.0020258],[139.0619458,36.0020127],[139.0619017,36.0019839],[139.0618401,36.0019376],[139.0618404,36.0019381],[139.0618724,36.0019858],[139.0618992,36.0020254],[139.0619705,36.0021305],[139.0620783,36.0022881],[139.0620441,36.0023123],[139.0619317,36.0021481],[139.0618484,36.002025],[139.0618334,36.0020031],[139.0617773,36.0019195],[139.0617466,36.0018828],[139.0616733,36.0018036],[139.0615999,36.0017233],[139.0615136,36.0016396],[139.0614612,36.0015781],[139.0614186,36.0015344],[139.0613903,36.0015123],[139.0613586,36.0014987],[139.0613265,36.0014942],[139.061293,36.0014979],[139.0612626,36.0015108],[139.0612353,36.0015295],[139.061219,36.0015561],[139.0612141,36.0015769],[139.0612111,36.00159],[139.0612109,36.0015956],[139.0612076,36.0017284],[139.0612114,36.001865],[139.061217,36.0018957],[139.0612402,36.0019386],[139.0612637,36.0019696],[139.061284,36.0019872],[139.0613418,36.0020218],[139.0613532,36.0020286],[139.0614769,36.0021022],[139.0615098,36.002127],[139.0615269,36.0021465],[139.061542,36.0021766],[139.0615527,36.0022101],[139.0615554,36.0022427],[139.0615492,36.0022703],[139.061534,36.0023015],[139.0614739,36.0023948],[139.0613799,36.0025222],[139.0613317,36.0025915],[139.0612761,36.0026828],[139.0611951,36.0028158],[139.0611694,36.0028589],[139.0611658,36.0028843],[139.0611653,36.0029089],[139.0611702,36.0029393],[139.0611823,36.0029562],[139.0612058,36.0029722],[139.0612371,36.0029843],[139.0612374,36.0029844],[139.0612771,36.0029912],[139.0613345,36.0029923],[139.0613369,36.0029923],[139.0613941,36.0029934],[139.0613945,36.0029934],[139.0615829,36.0029728],[139.0616959,36.0029484],[139.0616962,36.0029483],[139.0617524,36.0029435],[139.0617763,36.0029436],[139.0617767,36.0029436],[139.0617921,36.0029443],[139.0617942,36.0029443],[139.0618093,36.002945],[139.0618147,36.0029454],[139.0618279,36.0029467],[139.0618481,36.0029509],[139.0618616,36.0029547],[139.061862,36.0029547],[139.0618805,36.0029632],[139.0618925,36.0029729],[139.0619043,36.0029839],[139.0619136,36.002993],[139.0619549,36.0030353],[139.0621024,36.0033461],[139.0621608,36.0033904],[139.0622005,36.0033619],[139.0622026,36.0033611],[139.0622438,36.0033458],[139.0623055,36.0033304],[139.0624016,36.0033226],[139.062402,36.0033226],[139.0624636,36.003324],[139.0624639,36.0033241],[139.0625,36.00332903340564],[139.0625,36.0]]],[[[139.05670378911097,36.00833333333333],[139.0567067,36.0083265],[139.0567123,36.0083129],[139.0567623,36.0081911],[139.0567835,36.0081394],[139.0567862,36.0081339],[139.0567176,36.008047],[139.0564682,36.0078606],[139.056097,36.0073563],[139.0561684,36.0073132],[139.0563337,36.0075535],[139.0564549,36.0077298],[139.056522,36.0078274],[139.0566228,36.0079027],[139.0567689,36.0080119],[139.0568406,36.0080295],[139.0568648,36.0079865],[139.0569072,36.0079269],[139.0569452,36.0078684],[139.0569796,36.0078173],[139.0570129,36.0077607],[139.0570276,36.0077143],[139.057037,36.007662],[139.0570584,36.0074545],[139.0570589,36.0073652],[139.0570576,36.0073176],[139.0570532,36.0072705],[139.0570437,36.0072297],[139.0570327,36.0071911],[139.0570077,36.0071309],[139.0569064,36.0068803],[139.0568767,36.006804],[139.0568469,36.0067278],[139.0568403,36.0066916],[139.056842,36.0066519],[139.0568471,36.0066123],[139.0569516,36.0062542],[139.0570148,36.0060185],[139.0570231,36.0059764],[139.0570235,36.0059314],[139.0570185,36.0058859],[139.0570096,36.0058311],[139.0570073,36.0058226],[139.0569994,36.0057928],[139.0569775,36.0057501],[139.0569426,36.0056849],[139.0569051,36.0056221],[139.0568995,36.0056121],[139.0568671,36.0055536],[139.0568491,36.0055103],[139.0568312,36.0054595],[139.0568152,36.0054029],[139.0567942,36.0053009],[139.0567892,36.0052701],[139.056769,36.0051448],[139.0567389,36.0049737],[139.0567166,36.0048472],[139.056694,36.004718],[139.056689,36.0046764],[139.056689,36.004674],[139.0566894,36.004646],[139.0566942,36.0046051],[139.0567061,36.0045618],[139.0567228,36.0045049],[139.0567491,36.0044492],[139.0567683,36.0044092],[139.0568158,36.0043106],[139.0568247,36.0042669],[139.0568253,36.0042455],[139.0568232,36.0042211],[139.0568193,36.0041894],[139.0568092,36.0041571],[139.0567894,36.004092],[139.0566864,36.0038822],[139.0566635,36.0038354],[139.0566486,36.0037927],[139.0566421,36.0037574],[139.0566422,36.0037517],[139.0566424,36.0037338],[139.0566427,36.0037254],[139.0566539,36.0036923],[139.0566778,36.0036569],[139.0567056,36.0036328],[139.0567108,36.0036275],[139.0566922,36.0036138],[139.0566625,36.0036136],[139.0565434,36.0036128],[139.0565053,36.0036126],[139.056505,36.0036126],[139.0564935,36.0036131],[139.0564493,36.003615],[139.056439,36.0036155],[139.0563198,36.0036322],[139.0562363,36.003648],[139.0561334,36.0036791],[139.0561233,36.0036821],[139.0560524,36.0037121],[139.0560216,36.0037314],[139.0559657,36.0037661],[139.0559488,36.0037484],[139.0559665,36.0037373],[139.0559798,36.0037289],[139.0559936,36.0037203],[139.0560144,36.0037073],[139.0560352,36.0036944],[139.0560373,36.0036931],[139.0561121,36.0036615],[139.0562253,36.0036274],[139.0562284,36.0036264],[139.0563143,36.0036101],[139.0563733,36.0036018],[139.056426,36.0035945],[139.0564359,36.0035931],[139.0564536,36.0035923],[139.0564546,36.0035922],[139.0565047,36.0035901],[139.0566534,36.003591],[139.0567232,36.0035914],[139.0567443,36.0035899],[139.0567475,36.0035898],[139.0567521,36.0035846],[139.0567578,36.0035781],[139.05678,36.003536],[139.0567897,36.0035182],[139.0567989,36.0034888],[139.0568069,36.0034617],[139.0568075,36.0034442],[139.0568046,36.0034265],[139.0567917,36.0033874],[139.0567717,36.0033525],[139.0566868,36.0033878],[139.0566751,36.0033927],[139.056657,36.0034001],[139.0566393,36.0033721],[139.0566692,36.0033597],[139.0567508,36.0033258],[139.0567396,36.003312],[139.0567096,36.0032751],[139.0566891,36.0032497],[139.0566601,36.0032269],[139.0566351,36.0032079],[139.05653,36.0031553],[139.0564842,36.0031324],[139.0564516,36.0031028],[139.0563653,36.0030278],[139.0563404,36.0029975],[139.0563259,36.0029729],[139.0563118,36.0029388],[139.0562826,36.0028414],[139.0562825,36.002842],[139.0562822,36.0028443],[139.0562819,36.002846],[139.0562808,36.00287],[139.0562752,36.0029915],[139.0562832,36.0031123],[139.0562876,36.0031892],[139.056285,36.0032286],[139.0562736,36.0032559],[139.0562584,36.0032747],[139.0562362,36.0032897],[139.0562184,36.0032997],[139.0562031,36.0033083],[139.0561635,36.0033227],[139.0560901,36.0033493],[139.0560789,36.0033289],[139.0561732,36.0032944],[139.0561741,36.0032941],[139.0561893,36.0032885],[139.0562193,36.0032717],[139.0562376,36.0032595],[139.0562485,36.003246],[139.0562576,36.0032243],[139.0562599,36.0031892],[139.0562553,36.0031134],[139.0562473,36.0029917],[139.0562488,36.0029603],[139.0562511,36.0029109],[139.0562542,36.0028441],[139.0562646,36.0027811],[139.0562592,36.0027517],[139.0562705,36.0027132],[139.056288,36.0026829],[139.0562932,36.0026739],[139.0563456,36.0026482],[139.0564199,36.0026119],[139.0564354,36.0025965],[139.056449,36.0025789],[139.0564601,36.0025609],[139.0564687,36.0025431],[139.0564728,36.0025272],[139.0564761,36.0025071],[139.0564754,36.0025007],[139.0564725,36.002491],[139.0564715,36.0024895],[139.0564466,36.0024597],[139.0563782,36.0023894],[139.0563415,36.0023429],[139.0563366,36.0023369],[139.0563039,36.0022973],[139.0562768,36.0022585],[139.0562537,36.0022227],[139.0562475,36.0022107],[139.0562471,36.0022107],[139.056231,36.0022101],[139.0562136,36.0022106],[139.0562133,36.0022106],[139.0561904,36.0022155],[139.0561236,36.0022381],[139.0561065,36.0022049],[139.0561761,36.0021813],[139.0562068,36.0021747],[139.0562287,36.0021725],[139.0562034,36.0021219],[139.0561475,36.0019882],[139.0561435,36.0019786],[139.0561026,36.0018816],[139.0560411,36.0017359],[139.0560321,36.0017154],[139.0560258,36.0017048],[139.0560204,36.0016979],[139.056008,36.0016892],[139.0559334,36.0016504],[139.055933,36.0016502],[139.0558837,36.0016257],[139.0558309,36.0016065],[139.055676,36.0015501],[139.0554574,36.0014735],[139.0553588,36.0014363],[139.0553584,36.0014362],[139.0553149,36.0014272],[139.0553372,36.0014563],[139.0553506,36.0014812],[139.0553648,36.0015179],[139.0553862,36.0015959],[139.0554114,36.0016869],[139.0554205,36.0017193],[139.055435,36.0017711],[139.0554461,36.0018334],[139.0554543,36.0018896],[139.0554597,36.0019837],[139.0554611,36.0020029],[139.0554607,36.0020029],[139.0554405,36.0020037],[139.0554332,36.002004],[139.0554321,36.0019835],[139.0554267,36.0018914],[139.0554184,36.0018363],[139.0554078,36.0017752],[139.0553918,36.0017185],[139.0553843,36.0016918],[139.0553592,36.0016008],[139.055338,36.0015237],[139.0553247,36.0014891],[139.0553126,36.0014668],[139.0552765,36.0014195],[139.0552761,36.0014195],[139.0552683,36.0014181],[139.0552414,36.0014174],[139.0552035,36.0014233],[139.0552031,36.0014234],[139.0551254,36.0014423],[139.0550857,36.0014486],[139.0550468,36.0014521],[139.0550176,36.0014493],[139.0549903,36.0014445],[139.0549611,36.0014341],[139.0549339,36.0014219],[139.0548173,36.0013606],[139.0547413,36.0013215],[139.0547101,36.0013053],[139.0546547,36.0012759],[139.0546345,36.0012634],[139.0546146,36.0012511],[139.0545762,36.0012253],[139.0545374,36.0011923],[139.0545041,36.0011551],[139.0544728,36.001119],[139.054444,36.0010734],[139.054415,36.0010164],[139.0543902,36.0009573],[139.0543692,36.0009122],[139.0543535,36.0008789],[139.0543344,36.0008455],[139.0542995,36.0008003],[139.0542643,36.0007562],[139.0542231,36.0007083],[139.0541817,36.0006672],[139.05415,36.0006396],[139.0541279,36.0006232],[139.0541231,36.0006209],[139.0540921,36.0006053],[139.0540242,36.0005746],[139.0539632,36.000549],[139.05393,36.0005293],[139.0538987,36.0005088],[139.053891,36.0005037],[139.0538489,36.0004664],[139.0538179,36.0004316],[139.053784,36.0003911],[139.0537526,36.0003474],[139.053752,36.0003466],[139.0537486,36.0003402],[139.0537227,36.0002911],[139.0537001,36.0002341],[139.0536952,36.0002153],[139.0536795,36.0001551],[139.0536701,36.0000985],[139.0536129,36.0001169],[139.0535816,36.0001242],[139.0535812,36.0001242],[139.0535738,36.0001245],[139.0535487,36.0001256],[139.0535073,36.0001165],[139.0535025,36.0001148],[139.053436,36.0000911],[139.0534357,36.0000909],[139.0534132,36.0000823],[139.0532627,36.0000248],[139.05320432687748,36.0],[139.0533541454824,36.0],[139.0534636,36.0000417],[139.05351,36.0000584],[139.0535293,36.0000653],[139.0535297,36.0000654],[139.0535559,36.0000711],[139.0535701,36.0000705],[139.0535705,36.0000705],[139.0535732,36.0000699],[139.0535911,36.0000657],[139.0535914,36.0000656],[139.0536472,36.0000477],[139.0536426,36.0000385],[139.05362349988874,36.0],[139.05,36.0],[139.05,36.00463580624998],[139.0500045,36.0046289],[139.050062,36.0044928],[139.05008,36.0044503],[139.0501605,36.0042598],[139.0501656,36.0042444],[139.0501707,36.0042311],[139.0501723,36.0042095],[139.0501613,36.00419],[139.0501279,36.0041729],[139.0500373,36.0041427],[139.050008,36.0041331],[139.05,36.004130428031814],[139.05,36.00409627166124],[139.0500046,36.0040978],[139.0500309,36.0041066],[139.050052,36.0041135],[139.0501455,36.0041448],[139.0501917,36.0041683],[139.0502116,36.0042037],[139.0502091,36.0042366],[139.050203,36.0042531],[139.0501976,36.0042693],[139.050122,36.0044482],[139.0500817,36.0045438],[139.0500404,36.0046416],[139.0500373,36.0046463],[139.05,36.00470350147299],[139.05,36.00643340000001],[139.0500457,36.0064888],[139.0501181,36.0064181],[139.0501795,36.0063541],[139.050179,36.0063539],[139.0501606,36.0063388],[139.0501428,36.0063237],[139.0501263,36.0063078],[139.0501161,36.0062912],[139.0501485,36.0062845],[139.0501489,36.0062844],[139.0501501,36.0062868],[139.0501582,36.0063041],[139.0501711,36.006322],[139.0501746,36.0063261],[139.0501834,36.0063363],[139.050211,36.0063341],[139.0502239,36.0063314],[139.0502242,36.0063314],[139.0502341,36.0063306],[139.0502618,36.0063321],[139.0502805,36.0063357],[139.0502883,36.0063373],[139.0503194,36.0063508],[139.0503943,36.0063675],[139.0504602,36.0063821],[139.0504605,36.0063821],[139.0504896,36.0063845],[139.0504934,36.0063846],[139.0505116,36.0063847],[139.0505259,36.0063819],[139.0505262,36.0063819],[139.0505389,36.0063738],[139.0505539,36.0063594],[139.0505653,36.0063292],[139.0505749,36.0062687],[139.050592,36.0062356],[139.0506208,36.0062045],[139.0506587,36.0061787],[139.0507546,36.0061145],[139.0508927,36.006011],[139.0509345,36.005974],[139.0509622,36.0059508],[139.0509649,36.0059437],[139.0509636,36.0059271],[139.0509535,36.0059096],[139.0509355,36.0058923],[139.0509081,36.0058725],[139.0508751,36.0058486],[139.0508488,36.0058215],[139.0508286,36.0057937],[139.0508148,36.0057601],[139.0508137,36.0057561],[139.0507657,36.005745],[139.0507028,36.0057473],[139.0506526,36.0057561],[139.050606,36.0057666],[139.050568,36.0057753],[139.0505211,36.0057889],[139.0505208,36.005789],[139.0504583,36.0058133],[139.0503736,36.0058471],[139.0503089,36.0058952],[139.0502982,36.0059161],[139.0502883,36.0059466],[139.0502688,36.0059719],[139.0502075,36.0060256],[139.0501351,36.0060882],[139.0501282,36.0060953],[139.0501063,36.0060817],[139.0501139,36.0060736],[139.050176,36.00602],[139.0501872,36.0060102],[139.0502468,36.0059582],[139.0502625,36.0059376],[139.0502719,36.0059089],[139.0502858,36.005882],[139.0503581,36.0058283],[139.0504461,36.0057931],[139.0504464,36.005793],[139.0505101,36.0057682],[139.0505104,36.005768],[139.0505592,36.0057539],[139.0505596,36.0057538],[139.0506459,36.0057342],[139.0506992,36.0057249],[139.050769,36.0057224],[139.050789,36.0057175],[139.0508031,36.005711],[139.0508061,36.0057074],[139.0508066,36.005701],[139.0508083,36.0056788],[139.0508161,36.0056474],[139.0508421,36.0055969],[139.0509006,36.0055272],[139.0509197,36.0055019],[139.0509289,36.0054838],[139.0509296,36.0054575],[139.050931,36.0054292],[139.0509324,36.0053994],[139.050939,36.0053722],[139.0509499,36.0053456],[139.0509785,36.0052824],[139.0509895,36.0052583],[139.0510029,36.0052286],[139.051022,36.0051776],[139.0510381,36.0051415],[139.0510689,36.005104],[139.0510895,36.0050843],[139.0511203,36.0050693],[139.0511669,36.0050562],[139.0512044,36.0050543],[139.0512096,36.005054],[139.05121,36.005054],[139.0512383,36.0050547],[139.0512442,36.0050549],[139.0512446,36.0050549],[139.0513027,36.0050577],[139.0513031,36.0050576],[139.0513013,36.0050801],[139.0512434,36.0050774],[139.051243,36.0050774],[139.0512104,36.0050766],[139.05121,36.0050766],[139.0511899,36.0050776],[139.0511844,36.0050779],[139.0511724,36.0050786],[139.0511319,36.0050898],[139.0511077,36.0051017],[139.051091,36.0051176],[139.0510631,36.0051518],[139.0510483,36.0051847],[139.0510293,36.0052358],[139.0509761,36.005353],[139.0509659,36.0053779],[139.0509602,36.0054021],[139.0509586,36.0054301],[139.0509573,36.0054583],[139.0509564,36.0054884],[139.0509445,36.0055122],[139.0509239,36.0055394],[139.0508668,36.0056076],[139.0508428,36.0056541],[139.0508358,36.0056817],[139.0508339,36.005708],[139.050836,36.0057306],[139.0508416,36.0057543],[139.050854,36.0057843],[139.0508718,36.0058087],[139.0508954,36.0058332],[139.0509265,36.0058557],[139.0509551,36.0058765],[139.050977,36.0058972],[139.0509788,36.0059002],[139.0510032,36.0059114],[139.0510149,36.0059125],[139.0510153,36.0059125],[139.0510299,36.0059124],[139.0510302,36.0059124],[139.05121,36.0058082],[139.0513615,36.0057185],[139.0515704,36.0055943],[139.0517079,36.0055293],[139.0518685,36.0054723],[139.0519993,36.0054382],[139.0521502,36.0054022],[139.0523081,36.005356],[139.0523804,36.0053232],[139.0526578,36.0052064],[139.0527883,36.0051392],[139.0527886,36.0051391],[139.0528737,36.0050651],[139.0529246,36.0049765],[139.0529363,36.0049277],[139.0529322,36.0048684],[139.0529143,36.0047923],[139.0528499,36.0045634],[139.0528407,36.0044929],[139.0528435,36.0044129],[139.0528489,36.0043198],[139.0528541,36.0042672],[139.0528532,36.0042564],[139.0527943,36.0041322],[139.0524915,36.0038485],[139.0524523,36.0038195],[139.0523501,36.0037757],[139.0522407,36.0037514],[139.0521664,36.003735],[139.0516911,36.0036428],[139.0516861,36.0036418],[139.0516867,36.0036397],[139.0516923,36.00362],[139.0517236,36.003626],[139.0521732,36.0037132],[139.0523624,36.003755],[139.0523782,36.0037582],[139.0523839,36.0037509],[139.0523629,36.0037122],[139.0523579,36.0036933],[139.0523566,36.0036691],[139.0523613,36.0036407],[139.0523884,36.0036461],[139.0523845,36.0036702],[139.0523856,36.0036904],[139.0523893,36.0037051],[139.0524246,36.0037676],[139.0524502,36.0037728],[139.0524811,36.003786],[139.0525273,36.0038201],[139.0528375,36.0041109],[139.0528756,36.0041909],[139.0528819,36.0042673],[139.0528766,36.0043213],[139.0528712,36.0044138],[139.0528685,36.0044921],[139.0528773,36.0045597],[139.0529415,36.0047877],[139.0529598,36.0048657],[139.0529642,36.0049292],[139.0529512,36.0049835],[139.052897,36.0050779],[139.0528064,36.0051566],[139.0526718,36.005226],[139.0523933,36.0053431],[139.0523196,36.0053766],[139.0521588,36.0054236],[139.0520074,36.0054597],[139.0518785,36.0054933],[139.0518782,36.0054934],[139.0517203,36.0055494],[139.0515853,36.0056131],[139.0513778,36.0057367],[139.0512265,36.0058264],[139.0511043,36.0058971],[139.0510216,36.005945],[139.0510069,36.0059552],[139.0509857,36.0059699],[139.0509587,36.0059926],[139.0509163,36.0060301],[139.0507765,36.0061349],[139.0507155,36.0061757],[139.0506801,36.0061996],[139.050645,36.0062232],[139.050621,36.0062491],[139.0506074,36.0062758],[139.050598,36.0063349],[139.0505838,36.0063726],[139.0505623,36.0063933],[139.0505411,36.0064068],[139.0505407,36.0064068],[139.0505154,36.0064118],[139.0504879,36.0064116],[139.0504875,36.0064116],[139.0504543,36.0064087],[139.0503858,36.0063936],[139.0503854,36.0063936],[139.0503128,36.0063774],[139.0502815,36.0063741],[139.0502811,36.0063741],[139.0502489,36.0063754],[139.0502294,36.0063856],[139.0502284,36.0063867],[139.0501947,36.006422],[139.0501679,36.0064497],[139.0501281,36.0064833],[139.0500951,36.0065119],[139.0500919,36.0065148],[139.0500888,36.0065409],[139.0501054,36.0065609],[139.050125,36.0065835],[139.0502023,36.0066725],[139.0503261,36.0068101],[139.0504274,36.0069227],[139.0506792,36.0072132],[139.0507405,36.0072851],[139.0507921,36.0073576],[139.050848,36.007446],[139.0508939,36.0075341],[139.0509052,36.0075583],[139.0509555,36.0075263],[139.051007,36.0074952],[139.0510538,36.0074712],[139.0510966,36.0074512],[139.0511738,36.007428],[139.0511741,36.0074279],[139.0512564,36.0074129],[139.0513332,36.0074021],[139.0513928,36.0073891],[139.0514859,36.0073374],[139.051589,36.0073008],[139.0515812,36.00729],[139.0515321,36.0071901],[139.0514647,36.0070744],[139.0513562,36.0069007],[139.0513282,36.0068558],[139.0513093,36.0068256],[139.0512335,36.006721],[139.0511999,36.0067005],[139.0511713,36.0066904],[139.051171,36.0066904],[139.0511409,36.0066896],[139.0511128,36.0066949],[139.0510711,36.0067051],[139.0510035,36.0067267],[139.0509913,36.0067016],[139.0510068,36.0066966],[139.0510602,36.0066795],[139.0510956,36.0066709],[139.051104,36.0066688],[139.0511044,36.0066687],[139.0511377,36.0066624],[139.0511785,36.0066636],[139.0512169,36.0066769],[139.051259,36.0067028],[139.0513385,36.0068126],[139.0514945,36.0070626],[139.0515627,36.0071794],[139.0516111,36.0072779],[139.0516183,36.0072876],[139.0517132,36.0072534],[139.051716,36.0072524],[139.0517523,36.0072435],[139.0517527,36.0072434],[139.0517805,36.0072375],[139.0518708,36.0072259],[139.0519249,36.0072164],[139.0519477,36.007209],[139.0519565,36.0072061],[139.0519569,36.0072061],[139.0519722,36.0071991],[139.0519905,36.0071907],[139.0520225,36.0071763],[139.0520229,36.0071762],[139.0520367,36.0072009],[139.0520069,36.0072143],[139.0519847,36.0072243],[139.051971,36.0072305],[139.0519349,36.0072423],[139.0519346,36.0072424],[139.0518893,36.0072503],[139.0518769,36.0072524],[139.0517874,36.0072639],[139.0517639,36.007269],[139.0517568,36.0072717],[139.051773,36.007305],[139.051787,36.0073379],[139.0517968,36.0073818],[139.0517996,36.0074259],[139.0517949,36.0074619],[139.0517801,36.007517],[139.0517457,36.0076097],[139.0517451,36.0076191],[139.0517428,36.0076454],[139.0517445,36.0076719],[139.0517493,36.0076892],[139.0517629,36.0077149],[139.0517839,36.0077481],[139.0517924,36.0077584],[139.0517692,36.0077709],[139.05176,36.0077596],[139.0517378,36.0077246],[139.0517227,36.0076962],[139.051717,36.0076749],[139.0517151,36.0076452],[139.0517175,36.0076177],[139.0517182,36.0076058],[139.0517532,36.0075114],[139.0517674,36.0074583],[139.0517717,36.0074253],[139.0517692,36.0073843],[139.0517601,36.0073437],[139.0517469,36.0073128],[139.0517319,36.0072813],[139.0517315,36.0072813],[139.0516379,36.0073151],[139.0516511,36.0073373],[139.0516724,36.0073745],[139.0516776,36.0073976],[139.0516801,36.0074242],[139.051679,36.0074493],[139.0516673,36.0074933],[139.0516302,36.0075933],[139.0516289,36.0076134],[139.0516262,36.0076446],[139.0516287,36.0076845],[139.0516378,36.0077184],[139.0516576,36.0077555],[139.0516834,36.0077963],[139.0517062,36.0078239],[139.0517572,36.0078728],[139.0519106,36.007993],[139.0519416,36.0080173],[139.0519455,36.0080203],[139.0519477,36.0080221],[139.0519522,36.0080255],[139.0519967,36.0080525],[139.052031,36.0080701],[139.0520313,36.0080702],[139.052074,36.0080843],[139.0520975,36.0080927],[139.0521444,36.0081049],[139.0521447,36.0081049],[139.0521739,36.0081087],[139.0521743,36.0081088],[139.0521979,36.0081093],[139.0522241,36.0081091],[139.0522539,36.0081096],[139.0522543,36.0081096],[139.0522351,36.0080278],[139.0522342,36.0080241],[139.0522432,36.0080227],[139.052291,36.0080155],[139.0522923,36.0080205],[139.0523108,36.0081009],[139.0524186,36.0080611],[139.0524189,36.008061],[139.0524604,36.0080482],[139.0524608,36.0080481],[139.0524886,36.0080413],[139.0525047,36.0080399],[139.0525302,36.0080377],[139.0525646,36.0080382],[139.052565,36.0080382],[139.0525926,36.0080396],[139.0526214,36.0080452],[139.0526558,36.0080534],[139.0526561,36.0080535],[139.0526895,36.0080677],[139.0527364,36.0080966],[139.0528843,36.0082432],[139.0529682821727,36.00833333333333],[139.05670378911097,36.00833333333333]]]]},"properties":{"layer":"landuse","class_code":"215","class_label":"道路用地（道路、駅前広場、私有地内に存在する沿道用途の「私道」または、私有地の一部分であるものの公共の通行に供されている土地の部分）"}}]}