{"type":"FeatureCollection","properties":{"mesh_code":"54390029","source":"PLATEAU秩父市2025","layer":"landuse"},"features":[{"type":"Feature","id":"luse_a06b4819-db5d-4fa8-a61d-fdb3c54bcced","geometry":{"type":"Polygon","coordinates":[[[139.1138587,36.0180157],[139.1138869,36.0181491],[139.1138336,36.0182094],[139.1135582,36.01835],[139.1133772,36.0184397],[139.1133131,36.0182453],[139.1134876,36.0181787],[139.1134256,36.0179815],[139.113199,36.0180344],[139.1131574,36.0180306],[139.1131156,36.0180436],[139.1130304,36.017938],[139.1128069,36.01794],[139.1128409,36.0177685],[139.1130872,36.017739],[139.1131346,36.0177345],[139.1133025,36.017716],[139.1133567,36.0177112],[139.1134176,36.0177068],[139.113461,36.0177033],[139.113497,36.0176979],[139.1135328,36.017689],[139.1135666,36.017678],[139.1136008,36.0176624],[139.113636,36.0176439],[139.1136617,36.0176315],[139.1136831,36.0176241],[139.1137088,36.0176188],[139.1137469,36.017613],[139.1138024,36.0176067],[139.1138119,36.0176044],[139.1138031,36.0177017],[139.1138015,36.0178204],[139.1138379,36.0178937],[139.1138587,36.0180157]]]},"properties":{"layer":"landuse","class_code":"201","class_label":"田（水田）"}},{"type":"Feature","id":"luse_c5d194f4-2c8a-4b4a-a920-458b26addf1b","geometry":{"type":"Polygon","coordinates":[[[139.1156197,36.0212826],[139.1157239,36.0213383],[139.1157998,36.0213789],[139.115767,36.0214199],[139.1156837,36.0215149],[139.1156351,36.0215701],[139.1156043,36.0215519],[139.1152627,36.0213496],[139.1152954,36.0213128],[139.115331,36.0212511],[139.1153432,36.0212068],[139.1154285,36.021167],[139.1156197,36.0212826]]]},"properties":{"layer":"landuse","class_code":"201","class_label":"田（水田）"}},{"type":"Feature","id":"luse_8921a140-d20b-49bd-a66f-580c866d65a2","geometry":{"type":"Polygon","coordinates":[[[139.1213901,36.0230632],[139.1213226,36.0230998],[139.1212421,36.0231502],[139.1211513,36.0232085],[139.1210484,36.0232768],[139.1209506,36.0233445],[139.120852,36.0233513],[139.1208516,36.0233514],[139.1207587,36.023352],[139.1207042,36.0233486],[139.1206417,36.0233366],[139.1203203,36.0232719],[139.1203138,36.0232706],[139.1202998,36.0232374],[139.1203054,36.0232302],[139.1203079,36.0232264],[139.120342,36.0231745],[139.1203885,36.0230947],[139.120425,36.0230471],[139.1204452,36.023025],[139.1204825,36.0230037],[139.1206,36.0229461],[139.1206016,36.0229453],[139.1206457,36.0229199],[139.1206721,36.022903],[139.1207881,36.0230453],[139.120952,36.0229393],[139.1212136,36.0227684],[139.1212307,36.0227554],[139.1214372,36.0225806],[139.1215458,36.0224886],[139.1217109,36.0223269],[139.1218166,36.0222437],[139.1220387,36.0224197],[139.1219606,36.0225491],[139.1219376,36.0225878],[139.121923,36.02262],[139.1219221,36.0226224],[139.1218673,36.022653],[139.1218284,36.0226806],[139.1217662,36.0227365],[139.1216814,36.0228206],[139.1215949,36.0229086],[139.1215568,36.022961],[139.1215361,36.0229917],[139.1214833,36.0230162],[139.1213901,36.0230632]]]},"properties":{"layer":"landuse","class_code":"201","class_label":"田（水田）"}},{"type":"Feature","id":"luse_dee3c916-12b1-48d8-8cc6-ba18234a4440","geometry":{"type":"Polygon","coordinates":[[[139.1210843,36.0236207],[139.1209562,36.0233526],[139.1209642,36.0233471],[139.1210557,36.0232837],[139.1211582,36.0232155],[139.1212489,36.0231573],[139.1213293,36.0231072],[139.1213958,36.0230708],[139.1213961,36.0230706],[139.1214891,36.023024],[139.1215464,36.0229972],[139.1217318,36.023139],[139.121877,36.0232533],[139.121867,36.0233324],[139.1216237,36.0234502],[139.1215076,36.0233064],[139.1210843,36.0236207]]]},"properties":{"layer":"landuse","class_code":"201","class_label":"田（水田）"}},{"type":"Feature","id":"luse_65f0643a-13fc-4c76-86e5-5423576e21dd","geometry":{"type":"Polygon","coordinates":[[[139.1224896,36.0234901],[139.1224521,36.0235273],[139.1223871,36.0235961],[139.1223447,36.0236544],[139.122315,36.0236941],[139.1222852,36.0237136],[139.1222785,36.023708],[139.1221745,36.0236247],[139.1222741,36.0234644],[139.1222779,36.0230992],[139.1225328,36.0230967],[139.1225332,36.0230967],[139.1225941,36.0230961],[139.1225945,36.0230961],[139.1227467,36.0230937],[139.1227656,36.0230922],[139.1228417,36.0231767],[139.1228348,36.0233687],[139.1228094,36.0234105],[139.1227533,36.0235028],[139.1227529,36.0235028],[139.1227064,36.0234966],[139.1226512,36.0234893],[139.1226426,36.0234884],[139.1226293,36.0234871],[139.1225792,36.0234819],[139.1225027,36.0234771],[139.1224896,36.0234901]]]},"properties":{"layer":"landuse","class_code":"201","class_label":"田（水田）"}},{"type":"Feature","id":"luse_7056311c-9459-460a-8fcf-f08f86949c98","geometry":{"type":"Polygon","coordinates":[[[139.1162917,36.0242789],[139.1163722,36.0246883],[139.1159942,36.0247357],[139.1159937,36.0247358],[139.1159183,36.0245246],[139.1158679,36.0243883],[139.1160636,36.0243409],[139.1162892,36.0242649],[139.1162917,36.0242789]]]},"properties":{"layer":"landuse","class_code":"201","class_label":"田（水田）"}},{"type":"Feature","id":"luse_e3390acb-994c-40de-9ce4-63e367e57b0b","geometry":{"type":"Polygon","coordinates":[[[139.11498034296875,36.025],[139.1149813,36.0249951],[139.1149781,36.0249563],[139.114973,36.0249329],[139.1152895,36.0249158],[139.115219,36.024706],[139.1152333,36.0247036],[139.1153874,36.0246767],[139.1153893,36.0246764],[139.1154233,36.0246705],[139.1154277,36.0246868],[139.1154286,36.0246908],[139.115461,36.0248295],[139.1154786,36.0249034],[139.115487,36.0249388],[139.11549152286375,36.025],[139.11498034296875,36.025]]]},"properties":{"layer":"landuse","class_code":"201","class_label":"田（水田）"}},{"type":"Feature","id":"luse_b6849715-1f16-41ad-82da-91d86e6be0b0","geometry":{"type":"Polygon","coordinates":[[[139.116042264,36.025],[139.1160358,36.0249616],[139.1157704,36.0249987],[139.1157689,36.0249903],[139.1157521,36.0248917],[139.1157366,36.0247888],[139.115737,36.0247888],[139.1157376,36.0247887],[139.1159908,36.0247544],[139.1159977,36.0247535],[139.116374,36.0247063],[139.1163755,36.024706],[139.1163759,36.024706],[139.116427,36.024972],[139.11643232298738,36.025],[139.116042264,36.025]]]},"properties":{"layer":"landuse","class_code":"201","class_label":"田（水田）"}},{"type":"Feature","id":"luse_907ab20a-713b-4d31-8cf3-a5173f501c4a","geometry":{"type":"Polygon","coordinates":[[[139.1126494,36.0166796],[139.1126475389383,36.016666666666666],[139.11270514923078,36.016666666666666],[139.1126944,36.0166758],[139.112694,36.0166758],[139.1126494,36.0166796]]]},"properties":{"layer":"landuse","class_code":"202","class_label":"畑（畑、樹園地、採草地、養鶏（牛・豚）場）"}},{"type":"Feature","id":"luse_04ef3be3-dea6-4d69-9a04-a15b7124f217","geometry":{"type":"Polygon","coordinates":[[[139.1137916,36.0175352],[139.1137326,36.0175418],[139.1136943,36.0175477],[139.1136896,36.0175484],[139.1136547,36.0175556],[139.113633,36.0175671],[139.1136278,36.0175457],[139.1135931,36.0174089],[139.1135849,36.0173775],[139.1135825,36.0173633],[139.1135759,36.0173239],[139.1135412,36.0172065],[139.1127329,36.0172982],[139.1127198,36.0172013],[139.1127178,36.0171863],[139.112714,36.0171539],[139.113206,36.0171155],[139.1131799,36.0169787],[139.1132222,36.0169718],[139.1132003,36.0168488],[139.1133982,36.0168281],[139.1133713,36.0166683],[139.11338819980733,36.016666666666666],[139.11404521013606,36.016666666666666],[139.1141119,36.0167603],[139.1141664,36.0168825],[139.1142358,36.0170201],[139.1142459,36.0170963],[139.1142296,36.0171874],[139.1141947,36.0172814],[139.1141557,36.0173876],[139.1141094,36.0174577],[139.1141805,36.0174607],[139.1142086,36.0175192],[139.1141418,36.0175169],[139.1140694,36.0175161],[139.1139988,36.0175188],[139.11393,36.0175239],[139.1138586,36.0175294],[139.1138582,36.0175294],[139.1137916,36.0175352]]]},"properties":{"layer":"landuse","class_code":"202","class_label":"畑（畑、樹園地、採草地、養鶏（牛・豚）場）"}},{"type":"Feature","id":"luse_cd44973c-8bc1-4bef-9701-370957e2cd9a","geometry":{"type":"Polygon","coordinates":[[[139.1126526,36.0176804],[139.1125,36.01771756902207],[139.1125,36.01716514869565],[139.1125426,36.017162],[139.1125811,36.0171642],[139.1125814,36.0171642],[139.1125853,36.0171973],[139.1126004,36.0173099],[139.1126019,36.0173213],[139.1125,36.017322017376],[139.1125,36.017486945732955],[139.1125491,36.0174846],[139.1126242,36.0174809],[139.1126398,36.0175859],[139.1126526,36.0176804]]]},"properties":{"layer":"landuse","class_code":"202","class_label":"畑（畑、樹園地、採草地、養鶏（牛・豚）場）"}},{"type":"Feature","id":"luse_f687d393-ed94-45cd-a17d-590255ecdb3c","geometry":{"type":"Polygon","coordinates":[[[139.1141394,36.017589],[139.11418,36.0178078],[139.1142126,36.0178903],[139.1139885,36.0181135],[139.1138869,36.0181491],[139.1138587,36.0180157],[139.1138379,36.0178937],[139.1138015,36.0178204],[139.1138031,36.0177017],[139.1138119,36.0176044],[139.113887,36.0175996],[139.1139382,36.0175957],[139.1140048,36.0175907],[139.1140708,36.0175884],[139.1141394,36.017589]]]},"properties":{"layer":"landuse","class_code":"202","class_label":"畑（畑、樹園地、採草地、養鶏（牛・豚）場）"}},{"type":"Feature","id":"luse_28181be0-1ba6-4fbe-98b3-7caa07e4e816","geometry":{"type":"Polygon","coordinates":[[[139.1143526,36.0198082],[139.114277,36.0198133],[139.1140865,36.0198085],[139.1140726,36.0198081],[139.1140266,36.0198056],[139.1139167,36.0197996],[139.1138641,36.0198018],[139.1138506,36.0198038],[139.1138143,36.0198092],[139.1137297,36.0195309],[139.1136679,36.0195482],[139.1136558,36.0193931],[139.1138837,36.0193735],[139.1138704,36.0192894],[139.1141987,36.0192685],[139.1141946,36.0191336],[139.1142853,36.0191745],[139.114277,36.0191929],[139.1142664,36.0191796],[139.1142569,36.0191843],[139.1143281,36.0192753],[139.1143224,36.019307],[139.1143215,36.0193453],[139.1143208,36.0194027],[139.1143219,36.019419],[139.1143257,36.0194629],[139.1143301,36.0195052],[139.1143405,36.0195601],[139.114353,36.0196136],[139.1143848,36.0197196],[139.1144025,36.0197848],[139.1143849,36.0198061],[139.1143845,36.019806],[139.1143526,36.0198082]]]},"properties":{"layer":"landuse","class_code":"202","class_label":"畑（畑、樹園地、採草地、養鶏（牛・豚）場）"}},{"type":"Feature","id":"luse_9162adad-a26b-4c3a-95ef-b1bc772b5e94","geometry":{"type":"Polygon","coordinates":[[[139.1126962,36.0196993],[139.1125,36.019754199267396],[139.1125,36.01922927893129],[139.1125996,36.0192087],[139.1126214,36.0192028],[139.1126448,36.0192225],[139.112652,36.0192668],[139.1126835,36.0194061],[139.1126962,36.0196993]]]},"properties":{"layer":"landuse","class_code":"202","class_label":"畑（畑、樹園地、採草地、養鶏（牛・豚）場）"}},{"type":"Feature","id":"luse_9601b31d-7106-421d-af7d-0552ca52b1ae","geometry":{"type":"Polygon","coordinates":[[[139.125,36.02002593236263],[139.1249816,36.0200313],[139.1247896,36.0201118],[139.1247003,36.0200946],[139.1246926,36.0200932],[139.1245567,36.0200318],[139.1244871,36.0199712],[139.1245069,36.0199594],[139.1245685,36.0199169],[139.1246045,36.019891],[139.1246379,36.019869],[139.1246703,36.0198501],[139.1247074,36.0198313],[139.1247441,36.0198143],[139.1247834,36.0198011],[139.1248275,36.0197906],[139.1248705,36.0197831],[139.1249135,36.0197768],[139.1249139,36.0197768],[139.1249617,36.0197717],[139.1249621,36.0197717],[139.125,36.019769313056834],[139.125,36.02002593236263]]]},"properties":{"layer":"landuse","class_code":"202","class_label":"畑（畑、樹園地、採草地、養鶏（牛・豚）場）"}},{"type":"Feature","id":"luse_6e9a605a-99fe-4474-8220-7dc53ce7fd81","geometry":{"type":"Polygon","coordinates":[[[139.1134146,36.0202551],[139.1134057,36.0202639],[139.1132445,36.020248],[139.1132408,36.0202568],[139.1132406,36.0202213],[139.1132403,36.0201702],[139.1132396,36.0200482],[139.1132325,36.0199613],[139.1132336,36.0199585],[139.1132935,36.0199463],[139.113592,36.0198869],[139.1135924,36.0198868],[139.1135928,36.0198868],[139.1136214,36.0199161],[139.1136232,36.0199475],[139.1136166,36.0200323],[139.1136119,36.0200539],[139.1136058,36.0200675],[139.1135971,36.0200802],[139.1135787,36.0200986],[139.1135127,36.0201586],[139.1134793,36.0201889],[139.1134146,36.0202551]]]},"properties":{"layer":"landuse","class_code":"202","class_label":"畑（畑、樹園地、採草地、養鶏（牛・豚）場）"}},{"type":"Feature","id":"luse_66570242-ae88-4476-b878-085d02ff3aef","geometry":{"type":"Polygon","coordinates":[[[139.1142327,36.0204502],[139.1136921,36.0205127],[139.1136823,36.020514],[139.1136278,36.0205213],[139.1135776,36.0205281],[139.1136762,36.0204674],[139.1136938,36.0204502],[139.1137179,36.0203956],[139.113731,36.0203522],[139.1137304,36.0203359],[139.1137202,36.0203055],[139.1137363,36.0201163],[139.1137373,36.0201093],[139.1136104,36.0201027],[139.1136203,36.0200928],[139.113631,36.0200769],[139.1136389,36.0200599],[139.1136411,36.0200498],[139.1136442,36.0200349],[139.113651,36.0199477],[139.1136466,36.0198753],[139.1136996,36.0198639],[139.1137628,36.019849],[139.1138095,36.019842],[139.1138098,36.0198419],[139.1138624,36.019836],[139.1138628,36.019836],[139.1139139,36.0198356],[139.1139264,36.0198363],[139.1139944,36.01984],[139.1140674,36.0198439],[139.1140693,36.0198907],[139.1140169,36.0198916],[139.1140247,36.0199775],[139.1140249,36.0199781],[139.1140262,36.0199922],[139.1140442,36.0200821],[139.1140036,36.0200924],[139.114038,36.0201681],[139.1141184,36.0201541],[139.1140962,36.0201023],[139.1144323,36.0200715],[139.1144449,36.0201341],[139.1144621,36.0201964],[139.1144849,36.020269],[139.1144922,36.020305],[139.1142156,36.0203274],[139.1142327,36.0204502]]]},"properties":{"layer":"landuse","class_code":"202","class_label":"畑（畑、樹園地、採草地、養鶏（牛・豚）場）"}},{"type":"Feature","id":"luse_adeea2b8-ea72-425e-b086-e4eab8428122","geometry":{"type":"Polygon","coordinates":[[[139.1161969,36.0208054],[139.1162279,36.0209487],[139.1162912,36.0210565],[139.116247,36.0210883],[139.1161691,36.0211413],[139.1160872,36.0211901],[139.116047,36.0212131],[139.1159761,36.02124],[139.1159758,36.0212401],[139.1159388,36.0212566],[139.1159385,36.0212568],[139.115921,36.0212666],[139.1158961,36.0212819],[139.1158635,36.0213073],[139.115856,36.0213149],[139.11583,36.0213413],[139.1157998,36.0213789],[139.1157239,36.0213383],[139.1156197,36.0212826],[139.1154285,36.021167],[139.1155931,36.0210307],[139.1158556,36.020894],[139.1161771,36.0207194],[139.1161969,36.0208054]]]},"properties":{"layer":"landuse","class_code":"202","class_label":"畑（畑、樹園地、採草地、養鶏（牛・豚）場）"}},{"type":"Feature","id":"luse_d385d20a-e658-4768-81c6-24fb258aa877","geometry":{"type":"Polygon","coordinates":[[[139.122365,36.0215132],[139.1222536,36.021609],[139.1221994,36.0216521],[139.1220997,36.0217057],[139.1220331,36.021642],[139.1219867,36.0216054],[139.1219561,36.0215817],[139.1219397,36.0215605],[139.1219368,36.0215424],[139.1219413,36.0215233],[139.1219569,36.0214953],[139.1219757,36.0214568],[139.1219862,36.0214254],[139.1219869,36.0214087],[139.1219874,36.0213948],[139.1220772,36.0214519],[139.1221356,36.0214891],[139.1221454,36.0214895],[139.1221517,36.0214883],[139.1221677,36.0214852],[139.1221837,36.0214822],[139.122214,36.0214661],[139.1222246,36.0214554],[139.1222396,36.0214404],[139.1222438,36.021432],[139.122248,36.0214239],[139.1222568,36.0214065],[139.1222633,36.0213938],[139.1222683,36.0213839],[139.1222729,36.0213749],[139.122276,36.0213674],[139.1222871,36.0213404],[139.122298,36.0213139],[139.1223038,36.0212998],[139.1223073,36.0212914],[139.1223091,36.0212883],[139.122316,36.0212766],[139.1223189,36.0212717],[139.1223299,36.0212529],[139.1223581,36.021205],[139.1223586,36.0212044],[139.1223811,36.0211796],[139.1223972,36.0211619],[139.1224046,36.0211538],[139.1224075,36.0211512],[139.1224188,36.021141],[139.1224427,36.0211194],[139.1224823,36.0210837],[139.1224965,36.0210709],[139.1225,36.0210677],[139.1225103,36.021057],[139.1225238,36.021043],[139.1225373,36.021029],[139.1225508,36.0210149],[139.1225582,36.0210072],[139.1225633,36.0209998],[139.1225676,36.0209934],[139.1227928,36.0211019],[139.1227414,36.0211461],[139.1225747,36.0213096],[139.122365,36.0215132]]]},"properties":{"layer":"landuse","class_code":"202","class_label":"畑（畑、樹園地、採草地、養鶏（牛・豚）場）"}},{"type":"Feature","id":"luse_b86e6fb2-b380-4a17-b8bb-92c8e225a394","geometry":{"type":"Polygon","coordinates":[[[139.1126046,36.0217089],[139.1126034,36.0217059],[139.1126025,36.0217038],[139.1125894,36.021707],[139.1125695,36.0216648],[139.1125496,36.0216315],[139.1125221,36.0215952],[139.1125045,36.0215735],[139.1125,36.02156555194807],[139.1125,36.02151015925925],[139.1125158,36.0214809],[139.1125368,36.0214405],[139.1125496,36.0214081],[139.1125559,36.0213792],[139.112559,36.0213532],[139.1125615,36.0213403],[139.1125654,36.0213261],[139.1125746,36.021312],[139.1125928,36.0212952],[139.1126176,36.0212758],[139.1126316,36.0212631],[139.1126424,36.0212482],[139.1126462,36.021236],[139.1126457,36.0212168],[139.1126446,36.0212135],[139.1126951,36.0211983],[139.1126968,36.021204],[139.1127572,36.021358],[139.1126197,36.021371],[139.1126269,36.02166],[139.1126712,36.0216929],[139.1126656,36.0216942],[139.1126046,36.0217089]]]},"properties":{"layer":"landuse","class_code":"202","class_label":"畑（畑、樹園地、採草地、養鶏（牛・豚）場）"}},{"type":"Feature","id":"luse_e54aeeed-8d2f-4871-b441-4d4ebf099b77","geometry":{"type":"Polygon","coordinates":[[[139.1228678,36.0218244],[139.1228624,36.0218292],[139.1226232,36.022048],[139.1226228,36.0220479],[139.1225567,36.0220329],[139.1225563,36.0220328],[139.1225083,36.0220185],[139.1224612,36.0220007],[139.1224172,36.0219815],[139.1223787,36.0219594],[139.122357,36.0219426],[139.1223458,36.0219315],[139.1223403,36.0219262],[139.1223461,36.0219119],[139.1223532,36.0218859],[139.1223488,36.0218555],[139.1223356,36.0218275],[139.1225137,36.0216645],[139.1223531,36.0215559],[139.1223759,36.0215361],[139.1223875,36.0215262],[139.1224231,36.0214919],[139.1225264,36.0213916],[139.1225978,36.0214009],[139.1226455,36.021407],[139.1226703,36.0214136],[139.1228372,36.0214884],[139.1228231,36.021795],[139.1228537,36.0217976],[139.1228678,36.0218244]]]},"properties":{"layer":"landuse","class_code":"202","class_label":"畑（畑、樹園地、採草地、養鶏（牛・豚）場）"}},{"type":"Feature","id":"luse_7f3671b3-c6f4-4087-8835-ddcdea5de1a4","geometry":{"type":"Polygon","coordinates":[[[139.1135635,36.0219028],[139.1133107,36.021905],[139.1132477,36.0220584],[139.1132027,36.0220457],[139.1131824,36.0220115],[139.1131524,36.0219481],[139.1131302,36.0218947],[139.1131235,36.0218761],[139.1131116,36.0218428],[139.1130921,36.0217835],[139.1130919,36.0217826],[139.1130757,36.0217277],[139.1130636,36.0216651],[139.1130573,36.021592],[139.1130527,36.0215356],[139.1130988,36.0215337],[139.1131759,36.0215703],[139.1131776,36.0216191],[139.1133271,36.0216504],[139.1135239,36.0216174],[139.1135635,36.0219028]]]},"properties":{"layer":"landuse","class_code":"202","class_label":"畑（畑、樹園地、採草地、養鶏（牛・豚）場）"}},{"type":"Feature","id":"luse_29c6751d-ef39-4539-809b-b0e2e5ab307c","geometry":{"type":"Polygon","coordinates":[[[139.1129105,36.0221803],[139.1128644,36.0220969],[139.112862,36.0220538],[139.1128815,36.0219207],[139.1128088,36.0219176],[139.1126064,36.021931],[139.1126015,36.0219307],[139.1126283,36.0218986],[139.1126533,36.0218604],[139.1126766,36.0218153],[139.112698,36.0217664],[139.1127159,36.0217103],[139.1127613,36.0216995],[139.1128631,36.0216701],[139.1129596,36.0216423],[139.1129691,36.0216396],[139.1129733,36.0216384],[139.113007,36.0216287],[139.1130103,36.0216278],[139.113012,36.0216473],[139.113014,36.0216697],[139.1130304,36.0217549],[139.1130306,36.021756],[139.1130054,36.021762],[139.1129983,36.0217636],[139.1129946,36.0217646],[139.1129791,36.0217683],[139.1129612,36.0218441],[139.1129465,36.021907],[139.1129372,36.0219506],[139.1129299,36.0219855],[139.1129257,36.0220053],[139.1129154,36.0220467],[139.1129138,36.0220531],[139.1129327,36.0220562],[139.1129518,36.0220593],[139.1129638,36.0220111],[139.1129847,36.0219127],[139.1130053,36.0218246],[139.1130067,36.0218246],[139.1130259,36.0218234],[139.1130415,36.0218225],[139.1130526,36.021856],[139.1130673,36.0218971],[139.113072,36.0219095],[139.1130949,36.0219649],[139.1131263,36.0220312],[139.1131664,36.0220988],[139.1131709,36.022106],[139.1131391,36.0221473],[139.1129492,36.022176],[139.1129105,36.0221803]]]},"properties":{"layer":"landuse","class_code":"202","class_label":"畑（畑、樹園地、採草地、養鶏（牛・豚）場）"}},{"type":"Feature","id":"luse_91848e6b-31f2-4b19-96db-05f5401b7387","geometry":{"type":"Polygon","coordinates":[[[139.1212886,36.0222705],[139.1211603,36.0223958],[139.1210489,36.0223283],[139.1211629,36.0221981],[139.1212886,36.0222705]]]},"properties":{"layer":"landuse","class_code":"202","class_label":"畑（畑、樹園地、採草地、養鶏（牛・豚）場）"}},{"type":"Feature","id":"luse_7f3e60ac-525d-406b-9af0-edf27749ee31","geometry":{"type":"Polygon","coordinates":[[[139.1129105,36.0221803],[139.1129234,36.0222892],[139.1128819,36.0223727],[139.1125,36.02237489184413],[139.1125,36.022203274455954],[139.1126739,36.0221994],[139.1128705,36.0222057],[139.1129105,36.0221803]]]},"properties":{"layer":"landuse","class_code":"202","class_label":"畑（畑、樹園地、採草地、養鶏（牛・豚）場）"}},{"type":"Feature","id":"luse_8f1a6a99-a9df-485a-a373-36e5aeeaeba9","geometry":{"type":"Polygon","coordinates":[[[139.1218166,36.0222437],[139.1217109,36.0223269],[139.1215458,36.0224886],[139.1214606,36.0224183],[139.1213049,36.0222899],[139.1213102,36.0222846],[139.1213867,36.0222037],[139.1214528,36.0221172],[139.1214923,36.0220732],[139.1215216,36.0220457],[139.1215718,36.0220155],[139.1218536,36.0218644],[139.1219865,36.0217952],[139.1220043,36.021786],[139.1221179,36.0217318],[139.1221182,36.0217316],[139.1221314,36.0217287],[139.1221487,36.0217289],[139.1221491,36.021729],[139.1221628,36.021731],[139.1221632,36.0217312],[139.12218,36.0217373],[139.1222254,36.0217668],[139.1222731,36.0218036],[139.1223046,36.0218372],[139.1223161,36.021862],[139.1223195,36.0218845],[139.122314,36.0219047],[139.122303,36.0219318],[139.1222687,36.0219866],[139.1222586,36.0220074],[139.1221773,36.0219682],[139.1218825,36.0221985],[139.1218166,36.0222437]]]},"properties":{"layer":"landuse","class_code":"202","class_label":"畑（畑、樹園地、採草地、養鶏（牛・豚）場）"}},{"type":"Feature","id":"luse_3b3f1ef3-9f45-41e2-b674-1545134cff5f","geometry":{"type":"Polygon","coordinates":[[[139.1214372,36.0225806],[139.1212307,36.0227554],[139.1212136,36.0227684],[139.1210803,36.0226554],[139.1210038,36.0225862],[139.1210444,36.0225478],[139.1211837,36.0224082],[139.1212044,36.0223879],[139.1214372,36.0225806]]]},"properties":{"layer":"landuse","class_code":"202","class_label":"畑（畑、樹園地、採草地、養鶏（牛・豚）場）"}},{"type":"Feature","id":"luse_ba9b8ab5-b89e-40cb-8821-4bb481a0a998","geometry":{"type":"Polygon","coordinates":[[[139.1151243,36.0224632],[139.115194,36.0225019],[139.1152589,36.0225396],[139.1153142,36.0225763],[139.1153177,36.0225786],[139.1153823,36.022621],[139.115384,36.0226224],[139.115363,36.0226459],[139.1152891,36.0226817],[139.1151302,36.0227702],[139.1150274,36.0228209],[139.1150024,36.0228339],[139.1145556,36.022947],[139.1145486,36.0229134],[139.1145254,36.0228454],[139.1144974,36.0227802],[139.1144865,36.0227594],[139.1144739,36.0227357],[139.1144669,36.022714],[139.1144667,36.0227056],[139.1144667,36.022704],[139.1144667,36.0227014],[139.1144716,36.0226872],[139.1144749,36.0226823],[139.1144798,36.022675],[139.1144927,36.0226663],[139.1145276,36.0226534],[139.1147275,36.0225907],[139.1149266,36.0225159],[139.1150108,36.0224792],[139.1150887,36.0224435],[139.1151243,36.0224632]]]},"properties":{"layer":"landuse","class_code":"202","class_label":"畑（畑、樹園地、採草地、養鶏（牛・豚）場）"}},{"type":"Feature","id":"luse_8b3620ff-8c48-4743-a245-e5e6dd264528","geometry":{"type":"Polygon","coordinates":[[[139.1209295,36.0226224],[139.1208456,36.0227183],[139.1207906,36.0227772],[139.1207344,36.0228253],[139.120677,36.0228712],[139.1206291,36.0229018],[139.1205856,36.0229268],[139.1204675,36.0229849],[139.1204672,36.0229851],[139.1204485,36.0229956],[139.1204257,36.0230086],[139.1204021,36.0230343],[139.1203641,36.023084],[139.1203181,36.0231434],[139.1202717,36.0232144],[139.1202534,36.0232384],[139.1201731,36.0232065],[139.1201139,36.023183],[139.1200278,36.0231309],[139.1199397,36.0230526],[139.1199627,36.0230333],[139.1200029,36.0229994],[139.1200461,36.0229682],[139.1200871,36.0229429],[139.1201254,36.0229192],[139.1202364,36.0228927],[139.1202538,36.0228818],[139.1202554,36.0228809],[139.1203036,36.0228528],[139.1203512,36.022836],[139.1204222,36.0228241],[139.1204664,36.0228146],[139.1204832,36.0228039],[139.1205171,36.0227696],[139.1205647,36.0227037],[139.1206163,36.0226102],[139.1206431,36.0225697],[139.1206813,36.0225319],[139.1207165,36.022505],[139.1207301,36.0224955],[139.1209295,36.0226224]]]},"properties":{"layer":"landuse","class_code":"202","class_label":"畑（畑、樹園地、採草地、養鶏（牛・豚）場）"}},{"type":"Feature","id":"luse_4970807f-1f9a-4bed-bd2f-372f524bdef3","geometry":{"type":"Polygon","coordinates":[[[139.1149062,36.0233488],[139.1146468,36.0233869],[139.1146369,36.0233426],[139.1146196,36.023266],[139.1150051,36.0231584],[139.1151002,36.0229904],[139.1150027,36.0228657],[139.1150038,36.0228651],[139.115045,36.0228438],[139.1151143,36.0228096],[139.1151482,36.022793],[139.1153054,36.0227055],[139.1154293,36.02266],[139.1154465,36.0226741],[139.1155083,36.0227278],[139.1155505,36.0227689],[139.1155486,36.022802],[139.1155373,36.0228098],[139.1154281,36.0228843],[139.1154296,36.0228857],[139.1152473,36.0229934],[139.1150989,36.0231011],[139.1150896,36.0231159],[139.1151008,36.0232126],[139.1150931,36.023238],[139.1149202,36.0233286],[139.1149062,36.0233488]]]},"properties":{"layer":"landuse","class_code":"202","class_label":"畑（畑、樹園地、採草地、養鶏（牛・豚）場）"}},{"type":"Feature","id":"luse_60694924-804c-4e55-8e31-6a10bbc70113","geometry":{"type":"Polygon","coordinates":[[[139.1225767,36.0235044],[139.1226283,36.0235096],[139.1226459,36.0235115],[139.1226937,36.0235215],[139.1227216,36.0235274],[139.1227333,36.02354],[139.1226015,36.0237211],[139.1224299,36.0235878],[139.1224736,36.0235415],[139.1224965,36.0235201],[139.122514,36.0235113],[139.1225362,36.023505],[139.1225567,36.0235037],[139.1225767,36.0235044]]]},"properties":{"layer":"landuse","class_code":"202","class_label":"畑（畑、樹園地、採草地、養鶏（牛・豚）場）"}},{"type":"Feature","id":"luse_33a2a44f-71e7-4810-a656-f6b0aef5daa6","geometry":{"type":"Polygon","coordinates":[[[139.1180902,36.0236292],[139.1181138,36.0236391],[139.1180097,36.0237852],[139.1179843,36.0237943],[139.117974,36.0238088],[139.1178756,36.0239476],[139.1177117,36.0239065],[139.1177284,36.0238834],[139.1178332,36.0237375],[139.1179014,36.023628],[139.11794,36.023566],[139.1180902,36.0236292]]]},"properties":{"layer":"landuse","class_code":"202","class_label":"畑（畑、樹園地、採草地、養鶏（牛・豚）場）"}},{"type":"Feature","id":"luse_c87f4166-c4d6-41f5-9a52-e1bde4b8c092","geometry":{"type":"Polygon","coordinates":[[[139.1175727,36.0235886],[139.1175531,36.023626],[139.1178091,36.0237263],[139.1177046,36.023872],[139.1176177,36.0239922],[139.1176138,36.0239906],[139.1175796,36.0239758],[139.1174708,36.0239264],[139.1173506,36.0238738],[139.1172122,36.023812],[139.1171671,36.0237924],[139.1172797,36.0235434],[139.1172884,36.0235232],[139.1175727,36.0235886]]]},"properties":{"layer":"landuse","class_code":"202","class_label":"畑（畑、樹園地、採草地、養鶏（牛・豚）場）"}},{"type":"Feature","id":"luse_a210d56e-84af-472a-ae5c-1a320b12ae42","geometry":{"type":"Polygon","coordinates":[[[139.121334,36.0239846],[139.1212817,36.0240158],[139.1212604,36.023959],[139.1212401,36.0239058],[139.1212359,36.0238951],[139.1212011,36.0238284],[139.1210843,36.0236207],[139.1215076,36.0233064],[139.1216237,36.0234502],[139.121867,36.0233324],[139.121877,36.0232533],[139.1219361,36.0232997],[139.1219335,36.0233291],[139.1219308,36.0233868],[139.1219371,36.0234327],[139.1218042,36.023539],[139.1219157,36.0236632],[139.1220687,36.0235843],[139.1221591,36.0236567],[139.1221371,36.0236708],[139.1219527,36.0237884],[139.1220189,36.0238772],[139.1219603,36.0238843],[139.1218187,36.0238901],[139.1217539,36.0238952],[139.1215772,36.0239276],[139.1215433,36.0239193],[139.121334,36.0239846]]]},"properties":{"layer":"landuse","class_code":"202","class_label":"畑（畑、樹園地、採草地、養鶏（牛・豚）場）"}},{"type":"Feature","id":"luse_3f495553-7053-44d2-8400-04887b011bd0","geometry":{"type":"Polygon","coordinates":[[[139.1226306,36.0241456],[139.1225782,36.0241576],[139.1223106,36.0242158],[139.1222403,36.0240796],[139.1222116,36.0239841],[139.1223101,36.0239689],[139.1224659,36.023908],[139.1225263,36.0239624],[139.1226819,36.0241035],[139.1226843,36.0241319],[139.122684,36.0241319],[139.1226306,36.0241456]]]},"properties":{"layer":"landuse","class_code":"202","class_label":"畑（畑、樹園地、採草地、養鶏（牛・豚）場）"}},{"type":"Feature","id":"luse_b7a5a41a-a70a-4d75-9605-374be957b488","geometry":{"type":"Polygon","coordinates":[[[139.1191928,36.023882],[139.1193913,36.0240972],[139.1193436,36.0242563],[139.1193326,36.0242562],[139.1193102,36.024256],[139.119229,36.0242154],[139.1191444,36.0241702],[139.1189893,36.0240026],[139.1190921,36.0239537],[139.1191708,36.0239134],[139.1191849,36.0238869],[139.1191928,36.023882]]]},"properties":{"layer":"landuse","class_code":"202","class_label":"畑（畑、樹園地、採草地、養鶏（牛・豚）場）"}},{"type":"Feature","id":"luse_2ad5bad2-9955-4b32-9be1-ba075fa22f2f","geometry":{"type":"Polygon","coordinates":[[[139.1238744,36.0243488],[139.1236703,36.024316],[139.1237042,36.0240635],[139.123712,36.0240645],[139.1239115,36.0241086],[139.1238897,36.0241875],[139.1237793,36.0241717],[139.1237562,36.0242952],[139.1238781,36.0243096],[139.1238744,36.0243488]]]},"properties":{"layer":"landuse","class_code":"202","class_label":"畑（畑、樹園地、採草地、養鶏（牛・豚）場）"}},{"type":"Feature","id":"luse_57e75e30-9c11-49ac-9abc-dfb909d7611b","geometry":{"type":"Polygon","coordinates":[[[139.1244139,36.0243979],[139.1243957,36.0244045],[139.1242226,36.0243627],[139.1243115,36.0242005],[139.1244643,36.0242347],[139.12444,36.0243178],[139.1244139,36.0243979]]]},"properties":{"layer":"landuse","class_code":"202","class_label":"畑（畑、樹園地、採草地、養鶏（牛・豚）場）"}},{"type":"Feature","id":"luse_ca93490d-719f-4d51-87e8-b2529a62fe3f","geometry":{"type":"Polygon","coordinates":[[[139.1205204,36.0243826],[139.1205174,36.0243828],[139.1204107,36.0243885],[139.1203409,36.0243913],[139.1202762,36.0243934],[139.1201216,36.0243982],[139.1201212,36.0243982],[139.1200493,36.0244],[139.1200616,36.0243568],[139.1200796,36.0243057],[139.1200948,36.0242676],[139.1201157,36.0242231],[139.1201434,36.0241699],[139.120143,36.0241698],[139.1201228,36.0241629],[139.1200949,36.0242164],[139.1200739,36.0242617],[139.1200583,36.0243004],[139.1200401,36.0243523],[139.1200263,36.0244006],[139.1200092,36.0244011],[139.1200022,36.0241783],[139.1199467,36.0241813],[139.119948,36.0240392],[139.1199194,36.0239789],[139.1199751,36.0239563],[139.1199325,36.0238492],[139.1200435,36.0238188],[139.1202052,36.023753],[139.1203969,36.0236708],[139.1204346,36.0236546],[139.1204349,36.0236545],[139.1204531,36.0237035],[139.1205068,36.0238547],[139.1205545,36.0239839],[139.1205843,36.0240713],[139.1205869,36.0240831],[139.1204919,36.0240922],[139.1204196,36.0241635],[139.1204304,36.0242479],[139.1202565,36.0242541],[139.120263,36.0243244],[139.1205166,36.0243162],[139.1205204,36.0243826]]]},"properties":{"layer":"landuse","class_code":"202","class_label":"畑（畑、樹園地、採草地、養鶏（牛・豚）場）"}},{"type":"Feature","id":"luse_bc2e4feb-a6d4-4231-b113-16f7b5e4d855","geometry":{"type":"Polygon","coordinates":[[[139.1176972,36.0241274],[139.1176976,36.0241275],[139.1177407,36.0241443],[139.1178739,36.0241959],[139.1179422,36.0242188],[139.1180008,36.0242339],[139.1180335,36.0242404],[139.1180628,36.0242463],[139.1178759,36.0244987],[139.1178013,36.0244969],[139.1177814,36.0244439],[139.1177589,36.0244069],[139.1177161,36.024339],[139.1176491,36.0242678],[139.1176501,36.0242604],[139.1176501,36.0242601],[139.1176547,36.0242421],[139.1176855,36.0241229],[139.1176972,36.0241274]]]},"properties":{"layer":"landuse","class_code":"202","class_label":"畑（畑、樹園地、採草地、養鶏（牛・豚）場）"}},{"type":"Feature","id":"luse_93f6334a-f6a3-4342-b547-2547ee3de32d","geometry":{"type":"Polygon","coordinates":[[[139.1125,36.024125873269014],[139.1126353,36.0241238],[139.1127727,36.0241217],[139.1129073,36.0241197],[139.1129033,36.0239712],[139.112929,36.0239781],[139.113008,36.024003],[139.1130346,36.0240134],[139.1130475,36.0240808],[139.1130288,36.0240825],[139.1130581,36.0242404],[139.1129985,36.0242505],[139.1129982,36.0242505],[139.1129808,36.0242534],[139.1129072,36.0242658],[139.1129068,36.0242659],[139.1128951,36.0242679],[139.1128296,36.0242789],[139.1125,36.02433444745668],[139.1125,36.024125873269014]]]},"properties":{"layer":"landuse","class_code":"202","class_label":"畑（畑、樹園地、採草地、養鶏（牛・豚）場）"}},{"type":"Feature","id":"luse_fd9ad996-99dc-4662-ac35-d204ea4a0693","geometry":{"type":"Polygon","coordinates":[[[139.1171653,36.0240419],[139.1170761,36.0241573],[139.1172139,36.0242297],[139.1171276,36.0243271],[139.1171881,36.0243784],[139.117145,36.0245419],[139.1169052,36.0245229],[139.1168522,36.0244208],[139.1168357,36.0243836],[139.1169877,36.0242621],[139.1167529,36.0240526],[139.1167607,36.0240407],[139.1167737,36.0240207],[139.1168856,36.0239178],[139.1171653,36.0240419]]]},"properties":{"layer":"landuse","class_code":"202","class_label":"畑（畑、樹園地、採草地、養鶏（牛・豚）場）"}},{"type":"Feature","id":"luse_ce7aef0b-e98c-4a46-8f34-0d208c0d55ab","geometry":{"type":"Polygon","coordinates":[[[139.1185703,36.0243362],[139.1185707,36.0243362],[139.118622,36.0243456],[139.1186445,36.0243505],[139.1187099,36.0243646],[139.1187103,36.0243647],[139.1187119,36.0243652],[139.1187384,36.024373],[139.118742,36.0243815],[139.1186495,36.0245027],[139.1186296,36.0245285],[139.1185019,36.0246654],[139.1185,36.0246674],[139.1183302,36.0245975],[139.1184422,36.0244709],[139.118562,36.0243354],[139.1185703,36.0243362]]]},"properties":{"layer":"landuse","class_code":"223","class_label":"その他④（その他①～③以外の用途に供されている都市的土地利用（建物跡地、資材置場、改変工事中の土地）、法面（道路、造成地等の主利用に含まれない法面））"}},{"type":"Feature","id":"luse_72a43ebe-eb8e-4b97-bdfb-abd3787a6d56","geometry":{"type":"Polygon","coordinates":[[[139.1238744,36.0243488],[139.1241071,36.0243577],[139.1241009,36.0243935],[139.1240639,36.0245852],[139.1240528,36.0247058],[139.1239927,36.0246963],[139.1239062,36.0246698],[139.1238354,36.024648],[139.1238437,36.0245785],[139.1238605,36.0244581],[139.1238744,36.0243488]]]},"properties":{"layer":"landuse","class_code":"202","class_label":"畑（畑、樹園地、採草地、養鶏（牛・豚）場）"}},{"type":"Feature","id":"luse_e0193b05-6c71-4495-a605-f1c0708d9d33","geometry":{"type":"Polygon","coordinates":[[[139.1134344,36.0242265],[139.1134661,36.0243613],[139.1134855,36.0244541],[139.1135,36.0245586],[139.1135074,36.0246488],[139.1135098,36.0246873],[139.1133915,36.0247181],[139.1132808,36.02472],[139.1132603,36.024591],[139.1132327,36.0244434],[139.1132313,36.0244336],[139.1132094,36.02429],[139.1132107,36.0242856],[139.1132228,36.0242447],[139.1132682,36.024237],[139.1132686,36.024237],[139.1133998,36.0242179],[139.1134175,36.0242154],[139.1134344,36.0242265]]]},"properties":{"layer":"landuse","class_code":"202","class_label":"畑（畑、樹園地、採草地、養鶏（牛・豚）場）"}},{"type":"Feature","id":"luse_96cc484d-f365-49b8-ad66-bd95366da0e9","geometry":{"type":"Polygon","coordinates":[[[139.1158679,36.0243883],[139.1159183,36.0245246],[139.1159937,36.0247358],[139.1157378,36.0247704],[139.1157372,36.0247705],[139.1156844,36.0244906],[139.1156715,36.0244196],[139.1155924,36.0241722],[139.1156002,36.0241701],[139.1156838,36.0241376],[139.1157507,36.0241054],[139.1158679,36.0243883]]]},"properties":{"layer":"landuse","class_code":"202","class_label":"畑（畑、樹園地、採草地、養鶏（牛・豚）場）"}},{"type":"Feature","id":"luse_12140bd0-b189-47dc-8096-1725d481d0eb","geometry":{"type":"Polygon","coordinates":[[[139.1151889,36.024701],[139.1150607,36.0247303],[139.1150568,36.0247313],[139.1150059,36.024739],[139.1150055,36.0247391],[139.1149584,36.0247431],[139.1149209,36.0247446],[139.1149111,36.024745],[139.1149107,36.024745],[139.1148917,36.0247469],[139.1148331,36.0247528],[139.1148284,36.0247533],[139.1147834,36.0247586],[139.1147108,36.0247671],[139.1147104,36.0247671],[139.1147043,36.0247673],[139.1146874,36.0247678],[139.1146669,36.0247628],[139.1146523,36.0247535],[139.114641,36.0247413],[139.114637,36.0247286],[139.1146366,36.0247273],[139.1146134,36.0246252],[139.1145897,36.0245289],[139.1146738,36.0245201],[139.1147002,36.0246253],[139.1147583,36.0246232],[139.1148849,36.0246185],[139.1148715,36.0245539],[139.1148718,36.0244734],[139.1148951,36.0244737],[139.1148974,36.0243368],[139.1148977,36.0243245],[139.1149181,36.0243265],[139.1149185,36.0243265],[139.1150073,36.0243331],[139.1150077,36.0243332],[139.1150386,36.0243342],[139.1150736,36.0243327],[139.115074,36.0243326],[139.115106,36.0243257],[139.1151492,36.0243114],[139.1152774,36.0242602],[139.1153069,36.0242485],[139.1153428,36.0243687],[139.1153687,36.0244614],[139.1153698,36.0244652],[139.1151383,36.0245057],[139.1151889,36.024701]]]},"properties":{"layer":"landuse","class_code":"202","class_label":"畑（畑、樹園地、採草地、養鶏（牛・豚）場）"}},{"type":"Feature","id":"luse_48331562-7200-4866-9b4d-ceab1269d4d3","geometry":{"type":"Polygon","coordinates":[[[139.1199036,36.0248427],[139.1198471,36.0248282],[139.1197797,36.024811],[139.1197794,36.0248109],[139.1197135,36.0247938],[139.1197701,36.0246569],[139.1198113,36.0246578],[139.1199821,36.0246584],[139.1199805,36.0247384],[139.1199144,36.024738],[139.1199036,36.0248427]]]},"properties":{"layer":"landuse","class_code":"202","class_label":"畑（畑、樹園地、採草地、養鶏（牛・豚）場）"}},{"type":"Feature","id":"luse_34e3168e-1441-4480-aaef-e030e4d577e7","geometry":{"type":"Polygon","coordinates":[[[139.1193599,36.0247332],[139.1195094,36.0247742],[139.1195097,36.0247743],[139.1195183,36.0247765],[139.1195303,36.0248034],[139.1194678,36.0249222],[139.1192293,36.0248847],[139.1192322,36.0248552],[139.1192396,36.0247002],[139.1193599,36.0247332]]]},"properties":{"layer":"landuse","class_code":"202","class_label":"畑（畑、樹園地、採草地、養鶏（牛・豚）場）"}},{"type":"Feature","id":"luse_11285616-85a8-44f3-a5f2-345cdf293c88","geometry":{"type":"Polygon","coordinates":[[[139.125,36.024714949625924],[139.1249802,36.0246971],[139.1249268,36.0246631],[139.1249162,36.024659],[139.1248695,36.0246406],[139.124806,36.0246292],[139.1247415,36.0246353],[139.1246688,36.0246547],[139.1246246,36.0246756],[139.1245804,36.0246964],[139.1244764,36.0247515],[139.1244689,36.0247555],[139.1244548,36.0247567],[139.1243207,36.0247384],[139.1243703,36.0245888],[139.1244544,36.024609],[139.1244904,36.0245353],[139.1245666,36.0245551],[139.1246112,36.024458],[139.1246447,36.0243928],[139.1245751,36.0243687],[139.1244705,36.0243307],[139.1244724,36.0243249],[139.1244726,36.0243244],[139.1244968,36.0242415],[139.1245283,36.0242156],[139.1246319,36.0242585],[139.1247096,36.0242963],[139.1248097,36.024349],[139.1249098,36.0244073],[139.125,36.024462527719294],[139.125,36.024714949625924]]]},"properties":{"layer":"landuse","class_code":"202","class_label":"畑（畑、樹園地、採草地、養鶏（牛・豚）場）"}},{"type":"Feature","id":"luse_d79aafc4-28cf-4344-aaad-76804beb2eac","geometry":{"type":"Polygon","coordinates":[[[139.1157521,36.0248917],[139.1155169,36.024922],[139.1154938,36.0248245],[139.1154932,36.024822],[139.1154928,36.0248205],[139.115513,36.0248179],[139.1155139,36.0248177],[139.1157366,36.0247888],[139.1157521,36.0248917]]]},"properties":{"layer":"landuse","class_code":"202","class_label":"畑（畑、樹園地、採草地、養鶏（牛・豚）場）"}},{"type":"Feature","id":"luse_898daaf1-5110-4cc6-9e77-ce00c58b16d5","geometry":{"type":"Polygon","coordinates":[[[139.1207108,36.0249145],[139.1207055,36.0249153],[139.1205173,36.0249373],[139.1203063,36.0249473],[139.1203065,36.0249909],[139.1202655,36.0249673],[139.120205,36.0249378],[139.1201498,36.0249155],[139.1201379,36.0249114],[139.1201418,36.0247189],[139.1203036,36.0247203],[139.1203091,36.0244825],[139.1203457,36.0244814],[139.1203461,36.0244814],[139.120417,36.0244785],[139.1205252,36.0244727],[139.1205256,36.0244727],[139.1205924,36.0244684],[139.1205936,36.0244683],[139.120633,36.0244643],[139.1206334,36.0244643],[139.1206635,36.024626],[139.1206996,36.0248317],[139.1207108,36.0249145]]]},"properties":{"layer":"landuse","class_code":"202","class_label":"畑（畑、樹園地、採草地、養鶏（牛・豚）場）"}},{"type":"Feature","id":"luse_3b740371-9cc0-4014-9c31-ee3f55879964","geometry":{"type":"Polygon","coordinates":[[[139.11349321921398,36.025],[139.1135163,36.0249318],[139.1135316,36.0248515],[139.1135368,36.0247599],[139.1135296,36.0246478],[139.1135221,36.024557],[139.1135075,36.0244515],[139.1134898,36.0243672],[139.1137007,36.0243561],[139.1137092,36.0245211],[139.1139062,36.0245193],[139.1139208,36.024675],[139.1141898,36.0246583],[139.1141959,36.0246938],[139.1142143,36.0248393],[139.1142339,36.0249794],[139.1142335,36.0249957],[139.11423247431193,36.025],[139.11349321921398,36.025]]]},"properties":{"layer":"landuse","class_code":"202","class_label":"畑（畑、樹園地、採草地、養鶏（牛・豚）場）"}},{"type":"Feature","id":"luse_c0e191fb-6ae9-4e3e-8ef5-ba6b739bc738","geometry":{"type":"Polygon","coordinates":[[[139.11254348510639,36.025],[139.1125449,36.0249867],[139.112549,36.0249704],[139.1125579,36.0249564],[139.1125681,36.0249434],[139.1128797,36.0249108],[139.1129437,36.0249041],[139.1129868,36.0248996],[139.1129872,36.0248996],[139.1129916,36.0249297],[139.11299725427486,36.025],[139.11254348510639,36.025]]]},"properties":{"layer":"landuse","class_code":"202","class_label":"畑（畑、樹園地、採草地、養鶏（牛・豚）場）"}},{"type":"Feature","id":"luse_0424eabd-2621-45e5-9797-82d940558f1f","geometry":{"type":"Polygon","coordinates":[[[139.11577061750972,36.025],[139.1157704,36.0249987],[139.1160358,36.0249616],[139.116042264,36.025],[139.11577061750972,36.025]]]},"properties":{"layer":"landuse","class_code":"202","class_label":"畑（畑、樹園地、採草地、養鶏（牛・豚）場）"}},{"type":"Feature","id":"luse_da9ad3ca-8f58-46a7-b5fe-6a30b39bbea8","geometry":{"type":"Polygon","coordinates":[[[139.1125,36.025],[139.1125,36.02496185],[139.1125261,36.0249569],[139.1125226,36.0249629],[139.1125174,36.0249835],[139.11251565,36.025],[139.1125,36.025]]]},"properties":{"layer":"landuse","class_code":"202","class_label":"畑（畑、樹園地、採草地、養鶏（牛・豚）場）"}},{"type":"Feature","id":"luse_bf677af7-b9d0-4c8b-873c-0632655f84cf","geometry":{"type":"Polygon","coordinates":[[[139.1209263,36.0244252],[139.1209774,36.0247588],[139.1208779,36.0247684],[139.1207857,36.0248108],[139.1207307,36.024854],[139.1207273,36.0248288],[139.1207052,36.0247034],[139.120691,36.0246228],[139.1206609,36.0244614],[139.1206899,36.0244584],[139.1206902,36.0244584],[139.120804,36.0244438],[139.1208245,36.0244406],[139.1208865,36.0244312],[139.1209263,36.0244252]]]},"properties":{"layer":"landuse","class_code":"214","class_label":"公益施設用地（官公庁施設、文教厚生施設、供給処理施設）"}},{"type":"Feature","id":"luse_cb5f0589-624c-49a7-9eec-e254872590db","geometry":{"type":"Polygon","coordinates":[[[139.11847899131354,36.025],[139.1183605,36.0249267],[139.1183764,36.0249052],[139.1184381,36.0248224],[139.1185954,36.024918],[139.1186781,36.024807],[139.1188313,36.0246461],[139.1190448,36.0247547],[139.1191303,36.0246644],[139.119123,36.024816],[139.1191214,36.0248499],[139.1191154,36.0249128],[139.1191135,36.0249325],[139.118981,36.0248729],[139.1189338,36.0249217],[139.1188628,36.0248952],[139.11877001196015,36.025],[139.11847899131354,36.025]]]},"properties":{"layer":"landuse","class_code":"202","class_label":"畑（畑、樹園地、採草地、養鶏（牛・豚）場）"}},{"type":"Feature","id":"luse_212755d9-4117-469e-bedb-85e2a9156827","geometry":{"type":"Polygon","coordinates":[[[139.1195334749488,36.025],[139.1195355,36.0249969],[139.1194863,36.0249503],[139.1194933,36.024931],[139.119568,36.0247893],[139.1195741,36.024791],[139.1197678,36.024841],[139.1198979,36.0248743],[139.1199948,36.0248991],[139.1199951,36.0248992],[139.1200962,36.0249313],[139.12005772903348,36.025],[139.1195334749488,36.025]]]},"properties":{"layer":"landuse","class_code":"202","class_label":"畑（畑、樹園地、採草地、養鶏（牛・豚）場）"}},{"type":"Feature","id":"luse_cd680b68-8082-41b7-a487-965565e4f36b","geometry":{"type":"Polygon","coordinates":[[[139.1128751,36.0224602],[139.1128623,36.0224627],[139.1128209,36.0224664],[139.1127533,36.0224666],[139.1126129,36.0224537],[139.1125041,36.0224461],[139.1125,36.02244608376238],[139.1125,36.02237489184413],[139.1128819,36.0223727],[139.1129234,36.0222892],[139.1129105,36.0221803],[139.1129492,36.022176],[139.1131391,36.0221473],[139.1131551,36.0222098],[139.1131037,36.0222687],[139.11303,36.0223182],[139.1130366,36.0223853],[139.1128916,36.0224432],[139.1128751,36.0224602]]]},"properties":{"layer":"landuse","class_code":"203","class_label":"山林（樹林地）"}},{"type":"Feature","id":"luse_b40d540b-1ee9-408b-8c51-7f795b5ddc88","geometry":{"type":"Polygon","coordinates":[[[139.1159957,36.0226538],[139.1159708,36.0226572],[139.115683,36.0227349],[139.1155902,36.0226722],[139.1155577,36.0226503],[139.1155268,36.0226292],[139.1153704,36.0225261],[139.1153093,36.0224859],[139.1152416,36.0224466],[139.1151713,36.0224075],[139.1150289,36.0223279],[139.1151672,36.0222051],[139.1153085,36.022082],[139.1153505,36.022034],[139.1153669,36.0220061],[139.1153682,36.0220038],[139.1153812,36.021972],[139.1153849,36.0219557],[139.1153935,36.0219181],[139.1153986,36.0218947],[139.1155259,36.0219484],[139.1157877,36.021826],[139.1158598,36.0216451],[139.115704,36.0215227],[139.1157853,36.02143],[139.115848,36.0213519],[139.1158619,36.0213378],[139.1158667,36.021334],[139.1158991,36.0213093],[139.1159205,36.021297],[139.1159466,36.0212849],[139.1159934,36.0212683],[139.1159938,36.0212681],[139.1160665,36.0212405],[139.1161099,36.0212158],[139.1161931,36.0211662],[139.1162723,36.0211123],[139.11632,36.0210782],[139.1163493,36.0210467],[139.1163988,36.0209915],[139.1164212,36.020957],[139.1168132,36.0211449],[139.1167965,36.0212116],[139.1168283,36.0212595],[139.1168885,36.0212658],[139.1169311,36.0212637],[139.1170412,36.0211615],[139.1170377,36.0211614],[139.1172451,36.0209424],[139.1173489,36.0210657],[139.1173327,36.0210669],[139.1173073,36.0210787],[139.1172299,36.021141],[139.1172164,36.0211526],[139.1171933,36.0211725],[139.1171317,36.0212254],[139.1170463,36.0212922],[139.1170006,36.0213278],[139.1169935,36.0213383],[139.1169921,36.0213524],[139.1170014,36.0213695],[139.1170838,36.0214717],[139.1170843,36.0214724],[139.1171764,36.0215906],[139.1172176,36.0216206],[139.1172621,36.0216493],[139.1173088,36.0216689],[139.1173779,36.0216934],[139.1171176,36.0218886],[139.1171871,36.0219963],[139.117356,36.0220011],[139.1173133,36.0220615],[139.117203,36.0221229],[139.1172022,36.0221233],[139.1171234,36.0221785],[139.1170293,36.0222442],[139.1169756,36.0222959],[139.1169018,36.0223825],[139.116826,36.0224641],[139.116748,36.0225562],[139.1167357,36.0225691],[139.1166723,36.0226187],[139.1166337,36.0226415],[139.1165964,36.0226554],[139.1165669,36.0226633],[139.1165154,36.022671],[139.1164572,36.0226707],[139.1164183,36.0226699],[139.1160332,36.0226533],[139.1159957,36.0226538]]]},"properties":{"layer":"landuse","class_code":"203","class_label":"山林（樹林地）"}},{"type":"Feature","id":"luse_b41ff0cc-510d-4e09-9d30-0717b4c4740b","geometry":{"type":"MultiPolygon","coordinates":[[[[139.1185024,36.024196],[139.1184751,36.0242026],[139.1184703,36.0242037],[139.1183893,36.0241925],[139.118315,36.0241821],[139.1182637,36.024175],[139.11826,36.024179],[139.1182596,36.024179],[139.1182465,36.0241772],[139.1182051,36.0241715],[139.1181994,36.0241705],[139.1181857,36.0241682],[139.1181725,36.024166],[139.1181862,36.0241256],[139.1183647,36.0238995],[139.118389,36.0238684],[139.118428,36.0238154],[139.1184505,36.0238829],[139.1185593,36.0238636],[139.1186213,36.0238525],[139.1186518,36.0238471],[139.1186243,36.0237428],[139.1187741,36.0237151],[139.118852,36.0236904],[139.1189137,36.0236645],[139.1189459,36.0236343],[139.1189589,36.0236221],[139.1189593,36.023621],[139.1189611,36.0236175],[139.1189015,36.023503],[139.1188993,36.0234989],[139.1189352,36.0234585],[139.1189974,36.0234168],[139.1190568,36.023371],[139.1190978,36.0233181],[139.1191259,36.0232826],[139.1191394,36.0232655],[139.1191471,36.0232559],[139.1191715,36.0232309],[139.1192504,36.0231792],[139.1193898,36.0230788],[139.1193925,36.0230724],[139.1193942,36.0230684],[139.1193627,36.0230365],[139.1193526,36.0230263],[139.1193623,36.022936],[139.1194256,36.0227722],[139.1194407,36.0227331],[139.1193933,36.0226496],[139.119055,36.0227626],[139.1189974,36.0227645],[139.1189694,36.0227654],[139.1189413,36.0227663],[139.1189155,36.0227672],[139.1189127,36.0227675],[139.1188865,36.0227703],[139.1188598,36.0227731],[139.1188343,36.0227763],[139.1188094,36.0227809],[139.1187774,36.0227868],[139.1186584,36.0228167],[139.1186485,36.0228191],[139.1186314,36.0228184],[139.1185795,36.0227414],[139.118566,36.0227308],[139.1185243,36.0227312],[139.1184727,36.0227382],[139.1184462,36.0227572],[139.1184117,36.0228072],[139.1183898,36.0228448],[139.1183686,36.0228832],[139.1183154,36.0229486],[139.1182561,36.0230304],[139.1181781,36.0231829],[139.1180882,36.0231925],[139.1181077,36.023303],[139.1181168,36.0233547],[139.1181564,36.0234435],[139.1182308,36.0235801],[139.1181562,36.0235996],[139.118135,36.0236193],[139.1181242,36.0236294],[139.1181138,36.0236391],[139.1180902,36.0236292],[139.11794,36.023566],[139.1179014,36.023628],[139.1178332,36.0237375],[139.1178091,36.0237263],[139.1175531,36.023626],[139.1175727,36.0235886],[139.1172884,36.0235232],[139.1172501,36.023492],[139.117199,36.0234754],[139.1169982,36.0234295],[139.1169865,36.0233785],[139.1169756,36.0233802],[139.1169876,36.0234325],[139.1169895,36.0234636],[139.1169867,36.0234852],[139.1169786,36.0235108],[139.1169639,36.0235415],[139.1168873,36.0236703],[139.1168806,36.0236672],[139.1167647,36.0236212],[139.1166809,36.0235899],[139.1166765,36.0235882],[139.1167726,36.02341],[139.1166294,36.0233196],[139.1165238,36.0232528],[139.1164603,36.0231615],[139.1165004,36.0231578],[139.1165096,36.0231569],[139.1165284,36.0231552],[139.1165268,36.0231327],[139.1166053,36.0231291],[139.1165429,36.0227991],[139.1165967,36.0227629],[139.1166742,36.0227077],[139.1167393,36.0226448],[139.1168493,36.0225396],[139.1169822,36.0224101],[139.1171024,36.0222823],[139.1171533,36.0222449],[139.1172425,36.0221901],[139.1173181,36.0221333],[139.1173672,36.0221049],[139.1174171,36.0220888],[139.11751,36.0220663],[139.1176601,36.0220437],[139.1179727,36.0220838],[139.1181038,36.022189],[139.1181971,36.022419],[139.1182919,36.0224911],[139.1184929,36.0223148],[139.1189134,36.0220601],[139.119057,36.0221752],[139.1186739,36.0225766],[139.1187115,36.0225934],[139.1191373,36.0221777],[139.1193567,36.0220146],[139.1195095,36.0219099],[139.1197792,36.0216275],[139.1201187,36.0214741],[139.1203827,36.0215319],[139.1206702,36.0217199],[139.1209382,36.0216097],[139.1212345,36.0212954],[139.1214801,36.0213267],[139.1217015,36.0211915],[139.1220196,36.0209126],[139.1222199,36.0206408],[139.1222678,36.0205485],[139.1222696,36.0205435],[139.122258,36.0204848],[139.1222478,36.0204203],[139.1222559,36.0203668],[139.1222489,36.0202894],[139.1222333,36.0202216],[139.1222314,36.0202082],[139.1222236,36.0201554],[139.1222179,36.0201153],[139.122193,36.0200722],[139.1221618,36.0200388],[139.1221093,36.0200132],[139.1220453,36.0199952],[139.1219701,36.0199828],[139.1219154,36.0199709],[139.1218854,36.0199588],[139.1218674,36.0199516],[139.1218335,36.0199235],[139.1217919,36.0198837],[139.1217592,36.0198524],[139.1217088,36.0197936],[139.1216902,36.0197719],[139.1216642,36.0197262],[139.1215859,36.0195442],[139.121573,36.0195113],[139.1215541,36.0194848],[139.121526,36.0194669],[139.1214914,36.0194449],[139.1213569,36.0193921],[139.1211553,36.0192961],[139.1210781,36.0192517],[139.121041,36.019245],[139.121014,36.0192401],[139.1209429,36.0192501],[139.120837,36.0192599],[139.1208139,36.0192551],[139.1207679,36.0192456],[139.1206817,36.0192056],[139.1206707,36.0192006],[139.12059,36.019152],[139.1205214,36.0191108],[139.1205177,36.0191086],[139.1204583,36.0190589],[139.1204135,36.0190214],[139.1203477,36.0189829],[139.1203366,36.0189812],[139.1202821,36.0189728],[139.120146,36.0189791],[139.1200947,36.0189839],[139.1200281,36.0189901],[139.1199663,36.0189958],[139.1199389,36.0189984],[139.1199087,36.0189985],[139.1198734,36.0189987],[139.1194666,36.0189728],[139.1192216,36.0191406],[139.1188308,36.0194104],[139.1185216,36.0195182],[139.1185343,36.0195794],[139.1185282,36.0195795],[139.1185115,36.0195807],[139.1184598,36.0195845],[139.1184157,36.0195909],[139.118377,36.0196022],[139.1183299,36.0196249],[139.118265,36.019655],[139.1182257,36.0196666],[139.1181929,36.0196714],[139.118176,36.0196759],[139.1181686,36.0196852],[139.1181633,36.0196988],[139.1181397,36.0197117],[139.1180981,36.0197196],[139.1180615,36.019721],[139.1180203,36.0197156],[139.1180154,36.0197152],[139.1180134,36.0197151],[139.1179778,36.0197126],[139.1179419,36.0197238],[139.1179073,36.0197472],[139.1178747,36.0197861],[139.1178666,36.019812],[139.1178679,36.0198355],[139.1178781,36.0198659],[139.1178777,36.0198793],[139.1178694,36.0198889],[139.1178471,36.0198967],[139.1178,36.0199152],[139.1177758,36.0199309],[139.1177428,36.0199705],[139.117728,36.0200037],[139.1177214,36.0200388],[139.1177262,36.0200848],[139.1177463,36.0201483],[139.1177617,36.020196],[139.117774,36.0202138],[139.1178775,36.020282],[139.1179412,36.0203188],[139.1179434,36.0203265],[139.1179475,36.0203557],[139.1179515,36.020385],[139.1179555,36.0203956],[139.1179593,36.0204063],[139.1180059,36.0204502],[139.1180258,36.0204779],[139.1180697,36.0205547],[139.1179738,36.0206281],[139.1178471,36.0205814],[139.1177729,36.0205198],[139.1176194,36.0205154],[139.1176048,36.020491],[139.117673,36.0204367],[139.1176734,36.0204063],[139.1176364,36.0203664],[139.117555,36.0202957],[139.1174777,36.0201945],[139.1173777,36.0201115],[139.1172851,36.0200193],[139.11719,36.0199643],[139.1172196,36.0198932],[139.117272,36.0198036],[139.1173349,36.0197354],[139.1173329,36.0197318],[139.1173276,36.0197224],[139.1173249,36.0197117],[139.1173252,36.0197001],[139.1173329,36.0196822],[139.117353,36.0196547],[139.1173741,36.019635],[139.1173988,36.0196195],[139.1174544,36.0195858],[139.1174886,36.019558],[139.1175113,36.0195292],[139.1175219,36.0195079],[139.1175278,36.019483],[139.11753,36.0194606],[139.1175293,36.0194255],[139.1175289,36.0193961],[139.1175287,36.0193822],[139.1175286,36.0193609],[139.1175325,36.0193321],[139.1175335,36.0193288],[139.1175362,36.0193207],[139.1175423,36.0193023],[139.1175483,36.0192891],[139.1175542,36.0192761],[139.1175695,36.0192535],[139.1175825,36.0192396],[139.1175895,36.0192322],[139.1176172,36.0192018],[139.1176188,36.0191999],[139.1176338,36.0191818],[139.1176407,36.0191652],[139.1176586,36.0190932],[139.1176798,36.0190054],[139.1177036,36.0189072],[139.1177114,36.0188753],[139.1176643,36.0188767],[139.117629,36.0188757],[139.1175809,36.0188698],[139.1175434,36.0188613],[139.117504,36.0188498],[139.1174694,36.0188376],[139.117438,36.0188197],[139.1174034,36.0187981],[139.1173698,36.0187721],[139.1173253,36.0188439],[139.1172845,36.0188291],[139.1172378,36.0189044],[139.1171711,36.0190118],[139.117127,36.0190958],[139.1170981,36.0191623],[139.1170979,36.0191625],[139.117083,36.0191967],[139.1170417,36.0193185],[139.1169938,36.0194545],[139.1169543,36.019528],[139.1169309,36.0195713],[139.1169284,36.0195753],[139.1168734,36.0196624],[139.1169311,36.0196935],[139.1168688,36.0197896],[139.1168366,36.0198601],[139.1166238,36.0200162],[139.1164967,36.020118],[139.1163627,36.0203271],[139.116264,36.0205244],[139.1161771,36.0207194],[139.1158556,36.020894],[139.1155931,36.0210307],[139.1154285,36.021167],[139.1151909,36.0211356],[139.114974,36.0211124],[139.114746,36.0210708],[139.1145405,36.0210263],[139.1144872,36.0208249],[139.114394,36.0205137],[139.1143837,36.0204646],[139.1144613,36.0204556],[139.1144618,36.0204555],[139.1144814,36.0204533],[139.1144918,36.0204521],[139.1145096,36.0204415],[139.1145228,36.0204283],[139.11453,36.0204137],[139.1145306,36.0203997],[139.1145245,36.0203253],[139.1145171,36.0202894],[139.1147069,36.0202731],[139.1146581,36.0199581],[139.114921,36.0199673],[139.1152161,36.0198031],[139.1152433,36.0196487],[139.1151525,36.0195642],[139.1147275,36.0197998],[139.114641,36.0197974],[139.1146264,36.0197872],[139.1146102,36.0197637],[139.1146096,36.0197617],[139.1146054,36.019747],[139.1146049,36.0197189],[139.1146044,36.01969],[139.114602,36.019633],[139.1145898,36.0195565],[139.1145851,36.0195252],[139.1148153,36.0194573],[139.1147024,36.0192181],[139.1143602,36.0193534],[139.1143603,36.0193458],[139.1143613,36.0193096],[139.1143684,36.0192689],[139.1143753,36.0192463],[139.1143933,36.0191892],[139.1144088,36.0191353],[139.1144261,36.019068],[139.1144276,36.01905],[139.1144193,36.0190111],[139.1144164,36.0189964],[139.1144078,36.018953],[139.1144035,36.0189208],[139.114401,36.018903],[139.1144,36.0188774],[139.1144029,36.0188581],[139.1144099,36.0188392],[139.1144264,36.0188088],[139.1144603,36.0187669],[139.1144841,36.0187424],[139.1144578,36.0187258],[139.1144333,36.0187512],[139.1144212,36.0187661],[139.1143971,36.0187958],[139.1143964,36.0187971],[139.1143784,36.0188299],[139.1143703,36.0188525],[139.1143666,36.0188762],[139.1143678,36.018905],[139.1143747,36.0189566],[139.1143864,36.0190156],[139.1143941,36.0190514],[139.1143931,36.0190644],[139.1143763,36.0191295],[139.114361,36.0191828],[139.1143428,36.0192397],[139.1143348,36.0192669],[139.1143345,36.0192666],[139.114277,36.0191929],[139.1142853,36.0191745],[139.1141946,36.0191336],[139.1141888,36.0189411],[139.1137068,36.0189454],[139.1136739,36.0187709],[139.1136735,36.0187709],[139.1133823,36.0187997],[139.1133783,36.0186375],[139.1133772,36.0184397],[139.1135582,36.01835],[139.1138336,36.0182094],[139.1138869,36.0181491],[139.1139885,36.0181135],[139.1142126,36.0178903],[139.1142622,36.0178861],[139.1143274,36.0177056],[139.1144491,36.0176143],[139.114718,36.0176317],[139.1147884,36.0176336],[139.1148654,36.0176348],[139.1149488,36.0176321],[139.1150227,36.0176282],[139.1150982,36.0176216],[139.1151923,36.0176109],[139.1152115,36.0176077],[139.1153525,36.017582],[139.1154378,36.0175628],[139.115517,36.017543],[139.1156533,36.0175029],[139.1158078,36.0174495],[139.1159022,36.0174096],[139.1159984,36.0173639],[139.1160534,36.0173353],[139.1160916,36.0173205],[139.1161258,36.0173122],[139.1161633,36.0173104],[139.1162012,36.017298],[139.1162793,36.017277],[139.1163276,36.01733],[139.1163902,36.017452],[139.1164385,36.0176637],[139.1164878,36.0178412],[139.1165145,36.017944],[139.1165685,36.0180147],[139.116944,36.0182822],[139.1174073,36.0185641],[139.117555,36.0186433],[139.1176104,36.0186545],[139.1176993,36.0186564],[139.1178217,36.0186113],[139.1178278,36.0186066],[139.1179644,36.0186853],[139.1179639,36.0187437],[139.1179682,36.0187983],[139.1180008,36.0189076],[139.1180624,36.0189859],[139.1181007,36.0190095],[139.1182538,36.0190416],[139.1185869,36.0188175],[139.1186211,36.0187476],[139.1187666,36.018577],[139.1190993,36.018388],[139.1196628,36.0181342],[139.1208157,36.0177061],[139.1208563,36.0176641],[139.1206267,36.0172676],[139.1204887,36.0173092],[139.1202584,36.0173688],[139.120143,36.0174014],[139.1199497,36.0174553],[139.1198653,36.0174448],[139.1198277,36.0173745],[139.1197881,36.0172878],[139.1197796,36.0172586],[139.1197492,36.0171368],[139.1197641,36.0171039],[139.1199468,36.01702],[139.1200342,36.0169619],[139.1200747,36.0169343],[139.1201689,36.0168112],[139.1201795,36.0167829],[139.1202012,36.0166964],[139.1201979378001,36.016666666666666],[139.11661723333333,36.016666666666666],[139.1165281,36.0167848],[139.116387,36.0169501],[139.1162725,36.0170662],[139.1162599,36.0170736],[139.1162503,36.017162],[139.1162429,36.0172299],[139.1161947,36.0172126],[139.1161214,36.0172207],[139.1160519,36.01725],[139.116042,36.0172557],[139.1159521,36.0173024],[139.1158593,36.0173464],[139.1157694,36.0173845],[139.1156595,36.0174237],[139.1155664,36.0174529],[139.1154736,36.0174789],[139.1153754,36.0175026],[139.1152794,36.017523],[139.115177,36.0175398],[139.1150995,36.017549],[139.1150152,36.0175563],[139.1149442,36.0175601],[139.1148645,36.0175626],[139.1147906,36.0175615],[139.1147219,36.0175596],[139.1146336,36.0175557],[139.1144711,36.0175427],[139.1144746,36.0175275],[139.114467,36.0174731],[139.1144312,36.0172807],[139.1143011,36.0168788],[139.1142052,36.0167804],[139.114168,36.0167874],[139.1142844,36.0170757],[139.1142937,36.0172359],[139.1141987,36.0173625],[139.1141796,36.0174589],[139.1141805,36.0174607],[139.1141094,36.0174577],[139.1141557,36.0173876],[139.1141947,36.0172814],[139.1142296,36.0171874],[139.1142459,36.0170963],[139.1142358,36.0170201],[139.1141664,36.0168825],[139.1141119,36.0167603],[139.11404521013606,36.016666666666666],[139.125,36.016666666666666],[139.125,36.01974671927711],[139.1249592,36.0197493],[139.1249588,36.0197494],[139.1249095,36.0197546],[139.1248652,36.019761],[139.1248207,36.0197687],[139.1247741,36.0197799],[139.1247319,36.019794],[139.1246932,36.0198119],[139.1246548,36.0198315],[139.1246433,36.0198382],[139.1246438,36.0198378],[139.1247402,36.0197398],[139.1248879,36.0195983],[139.1248708,36.0195867],[139.1247728,36.0196805],[139.124723,36.0197283],[139.1245639,36.0198901],[139.1245502,36.0198998],[139.1244896,36.0199417],[139.1244562,36.0199617],[139.1244128,36.0199812],[139.1243692,36.019997],[139.1243114,36.0200129],[139.1243067,36.0200143],[139.1242425,36.0200074],[139.1241783,36.0200005],[139.1240951,36.0199941],[139.1239839,36.0199992],[139.123903,36.0200134],[139.1237646,36.0200502],[139.123688,36.0200772],[139.1236547,36.0201036],[139.1236245,36.0201492],[139.1235857,36.0202212],[139.1235646,36.0202494],[139.1235422,36.0202672],[139.1234592,36.0201815],[139.1234336,36.020192],[139.123392,36.0202147],[139.12336,36.0202438],[139.1233403,36.0202895],[139.1233328,36.0203556],[139.1233157,36.0203763],[139.1233009,36.0204186],[139.1232673,36.0205483],[139.1233072,36.0205738],[139.1232697,36.0206087],[139.123002,36.0206739],[139.1229435,36.0206473],[139.1225676,36.0209934],[139.1225633,36.0209998],[139.1225582,36.0210072],[139.1225508,36.0210149],[139.1225373,36.021029],[139.1225238,36.021043],[139.1225103,36.021057],[139.1225,36.0210677],[139.1224965,36.0210709],[139.1224823,36.0210837],[139.1224427,36.0211194],[139.1224188,36.021141],[139.1224075,36.0211512],[139.1224046,36.0211538],[139.1223972,36.0211619],[139.1223811,36.0211796],[139.1223586,36.0212044],[139.1223581,36.021205],[139.1223299,36.0212529],[139.1223189,36.0212717],[139.122316,36.0212766],[139.1223091,36.0212883],[139.1223073,36.0212914],[139.1223038,36.0212998],[139.122298,36.0213139],[139.1222871,36.0213404],[139.122276,36.0213674],[139.1222729,36.0213749],[139.1222683,36.0213839],[139.1222633,36.0213938],[139.1222568,36.0214065],[139.122248,36.0214239],[139.1222438,36.021432],[139.1222396,36.0214404],[139.1222246,36.0214554],[139.122214,36.0214661],[139.1221837,36.0214822],[139.1221677,36.0214852],[139.1221517,36.0214883],[139.1221454,36.0214895],[139.1221356,36.0214891],[139.1220772,36.0214519],[139.1219874,36.0213948],[139.1219875,36.0213909],[139.1219871,36.0213909],[139.1219764,36.0213907],[139.1219758,36.0214063],[139.1219751,36.0214251],[139.1219654,36.0214534],[139.1219464,36.0214918],[139.121937,36.0215089],[139.1218869,36.0214863],[139.1218783,36.0214824],[139.1218461,36.0214757],[139.1218452,36.0214755],[139.1218302,36.0214772],[139.121817,36.0214839],[139.1218163,36.0214846],[139.1217999,36.0214993],[139.1217946,36.0215065],[139.1217739,36.0215351],[139.1217479,36.0215822],[139.1217459,36.0215849],[139.1217238,36.0216139],[139.1216957,36.0216372],[139.1216712,36.0216483],[139.1216537,36.0216562],[139.1216046,36.0216665],[139.1215987,36.0216677],[139.1215765,36.021671],[139.1215495,36.0216751],[139.1215416,36.0216763],[139.12152,36.021685],[139.1215085,36.0216973],[139.1215069,36.0217105],[139.1215077,36.0217121],[139.121515,36.0217276],[139.1215165,36.02173],[139.1215269,36.0217467],[139.1215374,36.0217634],[139.1215493,36.0217825],[139.1215599,36.0218021],[139.1215617,36.0218056],[139.1215644,36.0218213],[139.1215613,36.0218342],[139.1215609,36.0218357],[139.1215489,36.0218608],[139.1215467,36.0218655],[139.1215396,36.021876],[139.1215304,36.0218895],[139.1215046,36.0219275],[139.1214988,36.0219361],[139.1214961,36.0219396],[139.1214873,36.021951],[139.1214789,36.0219619],[139.1214709,36.0219723],[139.1214632,36.0219822],[139.1214566,36.0219909],[139.1214565,36.0219912],[139.1214496,36.0220106],[139.1214448,36.0220242],[139.1214454,36.0220433],[139.1214456,36.022049],[139.1214458,36.0220537],[139.1214458,36.0220544],[139.1214469,36.0220562],[139.121449,36.0220598],[139.1214497,36.0220611],[139.1214504,36.0220622],[139.1214519,36.0220648],[139.1214604,36.0220705],[139.1214297,36.0221046],[139.1213638,36.0221908],[139.1212886,36.0222705],[139.1211629,36.0221981],[139.1210489,36.0223283],[139.1209376,36.0222608],[139.1208145,36.0224084],[139.1207301,36.0224955],[139.1207165,36.022505],[139.1206813,36.0225319],[139.1206431,36.0225697],[139.1206163,36.0226102],[139.1205647,36.0227037],[139.1205171,36.0227696],[139.1204832,36.0228039],[139.1204664,36.0228146],[139.1204222,36.0228241],[139.1203512,36.022836],[139.1203036,36.0228528],[139.1202554,36.0228809],[139.1202538,36.0228818],[139.1202364,36.0228927],[139.1201254,36.0229192],[139.1200871,36.0229429],[139.1200461,36.0229682],[139.1200029,36.0229994],[139.1199627,36.0230333],[139.1199397,36.0230526],[139.1200278,36.0231309],[139.1201139,36.023183],[139.1201731,36.0232065],[139.1201653,36.0232154],[139.1200677,36.0233266],[139.1200571,36.0233284],[139.1199885,36.0232793],[139.1199727,36.0232763],[139.1199037,36.0232954],[139.1198314,36.023332],[139.1198278,36.0233336],[139.1197848,36.0233527],[139.1196163,36.0234279],[139.1195292,36.0233521],[139.1193691,36.0234221],[139.1193518,36.0234297],[139.1192517,36.0234735],[139.1191961,36.0234978],[139.119195,36.023497],[139.1190936,36.0235763],[139.1190954,36.0235777],[139.1191704,36.0236356],[139.1191953,36.0236548],[139.1190569,36.0237666],[139.1190747,36.023781],[139.1191679,36.0238564],[139.1190604,36.0239113],[139.1190097,36.0239355],[139.118956,36.0238929],[139.1189452,36.0238843],[139.1189334,36.0238835],[139.1187687,36.0239715],[139.1187008,36.0240092],[139.1186765,36.0240195],[139.1186197,36.0240435],[139.1185984,36.0240481],[139.1185805,36.0240373],[139.1185434,36.0239937],[139.1185302,36.0239924],[139.1184718,36.0240163],[139.1185623,36.0241488],[139.11856,36.0241506],[139.1185298,36.0241747],[139.1185024,36.024196]]],[[[139.1176527,36.0224786],[139.1176031,36.0225329],[139.1176433,36.0226094],[139.1177369,36.0226194],[139.1177861,36.0225832],[139.1177906,36.0225224],[139.1177799,36.0224859],[139.1177202,36.022467],[139.1176527,36.0224786]]],[[[139.1170179,36.0226858],[139.1169481,36.0226829],[139.1168083,36.0228806],[139.1167879,36.0229491],[139.1168608,36.023197],[139.1169565,36.0232079],[139.1170941,36.0231413],[139.1170326,36.022962],[139.117117,36.0229114],[139.1171211,36.022711],[139.1170179,36.0226858]]]]},"properties":{"layer":"landuse","class_code":"203","class_label":"山林（樹林地）"}},{"type":"Feature","id":"luse_d200cc6a-df1e-4f95-9266-fd01b6a815b6","geometry":{"type":"Polygon","coordinates":[[[139.12173656744187,36.025],[139.1217571,36.0249703],[139.1217515,36.0248544],[139.1219402,36.0248491],[139.1219938,36.0247613],[139.122027,36.0246986],[139.1220435,36.0246331],[139.1221776,36.0246294],[139.1221967,36.0246236],[139.1223865,36.02452],[139.122381,36.024565],[139.12238,36.0245743],[139.1223874,36.0245883],[139.1224155,36.0245987],[139.1224508,36.0246017],[139.1224512,36.0246017],[139.122607,36.0245989],[139.122634,36.0245984],[139.1224528,36.0246292],[139.1224013,36.024641],[139.1223574,36.0246584],[139.122299,36.0246973],[139.1221998,36.0247724],[139.1221195,36.0248335],[139.1220701,36.0248698],[139.122047,36.0248874],[139.1220194,36.0249143],[139.1219915,36.0249413],[139.1219757,36.0249767],[139.12196942339028,36.025],[139.12173656744187,36.025]]]},"properties":{"layer":"landuse","class_code":"203","class_label":"山林（樹林地）"}},{"type":"Feature","id":"luse_d3f4b0a9-8194-4e38-bf97-48bab921b513","geometry":{"type":"Polygon","coordinates":[[[139.1244765735,36.025],[139.1244953,36.0249799],[139.1245511,36.0249371],[139.1246101,36.024908],[139.1246725,36.0248868],[139.1246729,36.0248867],[139.1247388,36.0248701],[139.1247944,36.024865],[139.1248141,36.0248668],[139.1248465,36.0248696],[139.1249068,36.0248911],[139.1249427,36.0249121],[139.1249753,36.0249499],[139.1249785,36.0249536],[139.12499902461275,36.025],[139.1244765735,36.025]]]},"properties":{"layer":"landuse","class_code":"203","class_label":"山林（樹林地）"}},{"type":"Feature","id":"luse_07f2b068-7a1e-467e-b4ea-a6ca587d89f8","geometry":{"type":"Polygon","coordinates":[[[139.125,36.0249065073286],[139.1249881,36.0248905],[139.1249504,36.0248576],[139.1249019,36.0248265],[139.1248969,36.0248252],[139.1248526,36.0248135],[139.124839,36.0248118],[139.1248009,36.0248073],[139.1247281,36.0248149],[139.1247215,36.0248163],[139.1246487,36.0248317],[139.1245847,36.0248479],[139.1245367,36.02486],[139.1244683,36.0248791],[139.1244337,36.0248957],[139.124419,36.0249169],[139.1244174,36.0249387],[139.1244168,36.024946],[139.1244176,36.0249661],[139.12441,36.0249844],[139.1243932,36.0249984],[139.12439050553746,36.025],[139.12295284530202,36.025],[139.1229657,36.0249548],[139.1229726,36.0249329],[139.1230313,36.0248049],[139.1230455,36.0247536],[139.123039,36.0246983],[139.1230327,36.0246408],[139.1230359,36.0245746],[139.122876,36.0245853],[139.1226338,36.0245849],[139.1225948,36.0245856],[139.1225074,36.0245872],[139.1224519,36.0245882],[139.1224515,36.0245882],[139.12242,36.0245855],[139.1224197,36.0245854],[139.1224003,36.0245781],[139.1223973,36.0245725],[139.1224062,36.0244969],[139.1224135,36.0244612],[139.1224302,36.0244676],[139.1224952,36.024472],[139.1225656,36.0244765],[139.1225959,36.0244774],[139.122729,36.0244668],[139.1227766,36.0244597],[139.1229119,36.0244394],[139.122926,36.0244355],[139.1229315,36.0244271],[139.1229148,36.0243839],[139.1228834,36.0242907],[139.1228772,36.0242434],[139.1228757,36.0241767],[139.1229476,36.0241547],[139.1229479,36.0241546],[139.1230233,36.0241291],[139.1230782,36.0241086],[139.1231019,36.0240999],[139.1231759,36.024073],[139.1232191,36.0240582],[139.1232194,36.0240581],[139.1232474,36.0240503],[139.123249,36.0240499],[139.123274,36.0240743],[139.1232616,36.0242833],[139.1232458,36.0242958],[139.1232454,36.0242958],[139.1232011,36.0242962],[139.123202,36.0243502],[139.1232657,36.0245445],[139.1233023,36.0245943],[139.1233097,36.0245975],[139.1234929,36.024613],[139.1235134,36.0246147],[139.1237597,36.0246378],[139.1237639,36.0246384],[139.1238354,36.024648],[139.1239062,36.0246698],[139.1239927,36.0246963],[139.1240528,36.0247058],[139.1240532,36.0247058],[139.1241544,36.0247168],[139.1241896,36.0247206],[139.1243207,36.0247384],[139.1244548,36.0247567],[139.1244689,36.0247555],[139.1244764,36.0247515],[139.1245804,36.0246964],[139.1246246,36.0246756],[139.1246688,36.0246547],[139.1247415,36.0246353],[139.124806,36.0246292],[139.1248695,36.0246406],[139.1249162,36.024659],[139.1249268,36.0246631],[139.1249802,36.0246971],[139.125,36.024714949625924],[139.125,36.0249065073286]]]},"properties":{"layer":"landuse","class_code":"203","class_label":"山林（樹林地）"}},{"type":"Feature","id":"luse_d9964f53-ba4e-4c9b-93c8-23d7f6921f16","geometry":{"type":"Polygon","coordinates":[[[139.11716715,36.025],[139.1171645,36.0249956],[139.1171522,36.0249679],[139.1171469,36.0249418],[139.1171469,36.0249251],[139.1171468,36.0249139],[139.1171524,36.0248846],[139.117165,36.0248541],[139.1171785,36.0248347],[139.1172511,36.0247538],[139.1172958,36.0247089],[139.1173381,36.0246695],[139.1173896,36.0246318],[139.1174329,36.0245983],[139.1174478,36.0245776],[139.1174506,36.0245701],[139.1175022,36.0245684],[139.1175254,36.0245766],[139.1175524,36.0245985],[139.1176053,36.024646],[139.1176504,36.0246741],[139.1176951,36.0246851],[139.117777,36.0246882],[139.1178097,36.0246804],[139.1178348,36.0246636],[139.1178499,36.0246421],[139.1178604,36.0246154],[139.1178639,36.0245718],[139.1178659,36.0245209],[139.1178759,36.0244987],[139.1180628,36.0242463],[139.1180644,36.0242466],[139.1180648,36.0242466],[139.118105,36.0242531],[139.1181071,36.0242534],[139.1181556,36.0242613],[139.1182255,36.0242725],[139.1182752,36.0243042],[139.1182901,36.0243067],[139.1182905,36.0243067],[139.118224,36.0243724],[139.1181603,36.0244467],[139.1181459,36.0244686],[139.1181442,36.0244842],[139.1181058,36.0245334],[139.1181039,36.0245505],[139.1180923,36.0246575],[139.1180895,36.0246832],[139.1180851,36.0246914],[139.1180761,36.0246965],[139.1180326,36.0247208],[139.1180115,36.0247322],[139.1178277,36.0248263],[139.1178123,36.0248342],[139.1178645,36.0249715],[139.11787529184102,36.025],[139.11716715,36.025]]]},"properties":{"layer":"landuse","class_code":"203","class_label":"山林（樹林地）"}},{"type":"Feature","id":"luse_2ba64c6b-1fd0-4408-8860-9335e8c9c4a2","geometry":{"type":"Polygon","coordinates":[[[139.1177036,36.0189072],[139.1176798,36.0190054],[139.1176586,36.0190932],[139.1176407,36.0191652],[139.1176338,36.0191818],[139.1176188,36.0191999],[139.1176172,36.0192018],[139.1175895,36.0192322],[139.1175825,36.0192396],[139.1175695,36.0192535],[139.1175542,36.0192761],[139.1175483,36.0192891],[139.1175423,36.0193023],[139.1175362,36.0193207],[139.1175335,36.0193288],[139.1175325,36.0193321],[139.1175286,36.0193609],[139.1175287,36.0193822],[139.1175289,36.0193961],[139.1175293,36.0194255],[139.11753,36.0194606],[139.1175278,36.019483],[139.1175219,36.0195079],[139.1175113,36.0195292],[139.1174886,36.019558],[139.1174544,36.0195858],[139.1173988,36.0196195],[139.1173741,36.019635],[139.117353,36.0196547],[139.1173329,36.0196822],[139.1173252,36.0197001],[139.1173249,36.0197117],[139.1173276,36.0197224],[139.1173329,36.0197318],[139.1173349,36.0197354],[139.117272,36.0198036],[139.1172322,36.0198467],[139.1172216,36.0198498],[139.1169311,36.0196935],[139.1168734,36.0196624],[139.1169284,36.0195753],[139.1169309,36.0195713],[139.1169543,36.019528],[139.1169938,36.0194545],[139.1170417,36.0193185],[139.117083,36.0191967],[139.1170979,36.0191625],[139.1170981,36.0191623],[139.117127,36.0190958],[139.1171711,36.0190118],[139.1172378,36.0189044],[139.1172845,36.0188291],[139.1173253,36.0188439],[139.1173698,36.0187721],[139.1174034,36.0187981],[139.117438,36.0188197],[139.1174694,36.0188376],[139.117504,36.0188498],[139.1175434,36.0188613],[139.1175809,36.0188698],[139.117629,36.0188757],[139.1176643,36.0188767],[139.1177114,36.0188753],[139.1177036,36.0189072]]]},"properties":{"layer":"landuse","class_code":"204","class_label":"水面（河川水面、湖沼、ため池、用水路、濠、運河水面）"}},{"type":"Feature","id":"luse_96e74a64-fd0c-4cc5-b598-57251cb1c061","geometry":{"type":"Polygon","coordinates":[[[139.118628,36.0206998],[139.1185715,36.0207064],[139.1185376,36.0207086],[139.1184984,36.0207188],[139.1184397,36.0207343],[139.1184276,36.020734],[139.1184154,36.0207337],[139.1184123,36.0207331],[139.1183329,36.0207165],[139.118236,36.0206896],[139.1182202,36.0206853],[139.1181804,36.0206666],[139.1181372,36.020631],[139.1180728,36.0205601],[139.1180697,36.0205547],[139.1180258,36.0204779],[139.1180059,36.0204502],[139.1179593,36.0204063],[139.1179555,36.0203956],[139.1179515,36.020385],[139.1179475,36.0203557],[139.1179434,36.0203265],[139.1179412,36.0203188],[139.1178775,36.020282],[139.117774,36.0202138],[139.1177617,36.020196],[139.1177463,36.0201483],[139.1177262,36.0200848],[139.1177214,36.0200388],[139.117728,36.0200037],[139.1177428,36.0199705],[139.1177758,36.0199309],[139.1178,36.0199152],[139.1178471,36.0198967],[139.1178694,36.0198889],[139.1178777,36.0198793],[139.1178781,36.0198659],[139.1178679,36.0198355],[139.1178666,36.019812],[139.1178747,36.0197861],[139.1179073,36.0197472],[139.1179419,36.0197238],[139.1179778,36.0197126],[139.1180134,36.0197151],[139.1180154,36.0197152],[139.1180203,36.0197156],[139.1180615,36.019721],[139.1180981,36.0197196],[139.1181397,36.0197117],[139.1181633,36.0196988],[139.1181686,36.0196852],[139.118176,36.0196759],[139.1181929,36.0196714],[139.1182257,36.0196666],[139.118265,36.019655],[139.1183299,36.0196249],[139.118377,36.0196022],[139.1184157,36.0195909],[139.1184598,36.0195845],[139.1185115,36.0195807],[139.1185282,36.0195795],[139.1185343,36.0195794],[139.11861,36.0195785],[139.1186632,36.0195812],[139.118711,36.0195928],[139.1187651,36.0196142],[139.1188126,36.019643],[139.1188182,36.0196569],[139.1188135,36.0196632],[139.1187906,36.0196695],[139.1187791,36.0196726],[139.1187202,36.0197015],[139.1187051,36.0197175],[139.1187024,36.0197328],[139.11871,36.0197765],[139.1187378,36.0198318],[139.1187554,36.0198437],[139.1188148,36.0198622],[139.118867,36.0198765],[139.1188977,36.0198849],[139.1189309,36.0199026],[139.1189615,36.0199377],[139.1189971,36.0200143],[139.1190391,36.0201382],[139.119049,36.020207],[139.11904,36.0202538],[139.11901,36.0202997],[139.1189935,36.0203171],[139.118992,36.0203375],[139.1189989,36.0203738],[139.1189923,36.020386],[139.1189739,36.0203976],[139.1189564,36.020404],[139.1189493,36.0204092],[139.1189462,36.0204982],[139.11894,36.0205269],[139.1189369,36.0205415],[139.1189212,36.0205797],[139.118892,36.020626],[139.1188625,36.0206631],[139.118847,36.0206752],[139.1188185,36.0206872],[139.1187827,36.0206992],[139.1187586,36.0207006],[139.1187379,36.0206953],[139.1187142,36.0206833],[139.1187053,36.0206832],[139.118628,36.0206998]]]},"properties":{"layer":"landuse","class_code":"204","class_label":"水面（河川水面、湖沼、ため池、用水路、濠、運河水面）"}},{"type":"Feature","id":"luse_d8ea09a8-963e-48a6-b8b0-1017b9c071d1","geometry":{"type":"Polygon","coordinates":[[[139.1125,36.02094259753748],[139.1125029,36.0209485],[139.1125529,36.0210392],[139.1126187,36.0211588],[139.1126393,36.0211981],[139.1126446,36.0212135],[139.1126457,36.0212168],[139.1126462,36.021236],[139.1126424,36.0212482],[139.1126316,36.0212631],[139.1126176,36.0212758],[139.1125928,36.0212952],[139.1125746,36.021312],[139.1125654,36.0213261],[139.1125615,36.0213403],[139.112559,36.0213532],[139.1125559,36.0213792],[139.1125496,36.0214081],[139.1125368,36.0214405],[139.1125158,36.0214809],[139.1125,36.02151015925925],[139.1125,36.02156555194807],[139.1125045,36.0215735],[139.1125221,36.0215952],[139.1125496,36.0216315],[139.1125695,36.0216648],[139.1125894,36.021707],[139.1125848,36.0217081],[139.112583,36.0217085],[139.1125627,36.0217135],[139.112544,36.0216737],[139.1125252,36.0216423],[139.1125,36.02160889090911],[139.1125,36.02145340439021],[139.1125108,36.0214327],[139.1125225,36.0214026],[139.1125284,36.0213761],[139.1125316,36.0213504],[139.1125341,36.0213361],[139.1125391,36.0213182],[139.1125517,36.0212991],[139.1125726,36.0212796],[139.1125976,36.0212601],[139.1126091,36.0212497],[139.1126164,36.0212395],[139.1126184,36.0212334],[139.1126181,36.0212201],[139.1126131,36.0212055],[139.1125934,36.0211678],[139.1125,36.0209984571921],[139.1125,36.02094259753748]]]},"properties":{"layer":"landuse","class_code":"204","class_label":"水面（河川水面、湖沼、ため池、用水路、濠、運河水面）"}},{"type":"Feature","id":"luse_fa553e0b-4a91-4e8f-af84-58754311b3ad","geometry":{"type":"Polygon","coordinates":[[[139.1173782,36.021069],[139.1175544,36.0211555],[139.1178172,36.0212854],[139.118051,36.0213842],[139.1180921,36.0214029],[139.1181419,36.0214256],[139.1181651,36.0214446],[139.1181694,36.021464],[139.1181595,36.021483],[139.1181202,36.0215157],[139.1180871,36.0215564],[139.118015,36.0216126],[139.1179227,36.0216817],[139.1178594,36.0217291],[139.1177589,36.0217933],[139.1176851,36.021837],[139.1176621,36.0218442],[139.1176433,36.0218411],[139.1175084,36.0217992],[139.1174951,36.0217897],[139.1174597,36.0217421],[139.1174507,36.0217299],[139.1174421,36.0217189],[139.1173934,36.0216989],[139.1173779,36.0216934],[139.1173088,36.0216689],[139.1172621,36.0216493],[139.1172176,36.0216206],[139.1171764,36.0215906],[139.1170843,36.0214724],[139.1170838,36.0214717],[139.1170014,36.0213695],[139.1169921,36.0213524],[139.1169935,36.0213383],[139.1170006,36.0213278],[139.1170463,36.0212922],[139.1171317,36.0212254],[139.1171933,36.0211725],[139.1172164,36.0211526],[139.1172299,36.021141],[139.1173073,36.0210787],[139.1173327,36.0210669],[139.1173489,36.0210657],[139.1173554,36.0210652],[139.1173782,36.021069]]]},"properties":{"layer":"landuse","class_code":"204","class_label":"水面（河川水面、湖沼、ため池、用水路、濠、運河水面）"}},{"type":"Feature","id":"luse_6945e5ec-4051-403d-8c0a-a2313f3f71ce","geometry":{"type":"Polygon","coordinates":[[[139.1125,36.022473189847716],[139.1125,36.02189309746834],[139.1125168,36.0218797],[139.1125405,36.0218526],[139.1125653,36.021812],[139.1125779,36.0217775],[139.1125764,36.0217492],[139.1126039,36.0217435],[139.1126059,36.0217803],[139.1125913,36.0218203],[139.1125644,36.0218642],[139.1125379,36.0218945],[139.1125095,36.021917],[139.1125,36.02192107570977],[139.1125,36.02244608376238],[139.1125041,36.0224461],[139.1126129,36.0224537],[139.1127533,36.0224666],[139.1128209,36.0224664],[139.1128623,36.0224627],[139.1128751,36.0224602],[139.1129071,36.0224539],[139.1129498,36.0224408],[139.1129978,36.0224199],[139.1130356,36.0223986],[139.1130857,36.0223589],[139.1131503,36.0222945],[139.1132305,36.0222076],[139.1132503,36.0222312],[139.1131765,36.0223112],[139.1131103,36.0223771],[139.1130568,36.0224195],[139.1130152,36.022443],[139.1129637,36.0224655],[139.1129169,36.0224798],[139.112868,36.0224893],[139.1128448,36.0224914],[139.1128227,36.0224934],[139.1127515,36.0224936],[139.1126097,36.0224806],[139.1125025,36.0224732],[139.1125,36.022473189847716]]]},"properties":{"layer":"landuse","class_code":"204","class_label":"水面（河川水面、湖沼、ため池、用水路、濠、運河水面）"}},{"type":"Feature","id":"luse_b9efb1a9-0e48-40ed-87bf-56257b4244b9","geometry":{"type":"Polygon","coordinates":[[[139.125,36.025],[139.12499902461275,36.025],[139.1249785,36.0249536],[139.1249753,36.0249499],[139.1249427,36.0249121],[139.1249068,36.0248911],[139.1248465,36.0248696],[139.1248141,36.0248668],[139.1247944,36.024865],[139.1247388,36.0248701],[139.1246729,36.0248867],[139.1246725,36.0248868],[139.1246101,36.024908],[139.1245511,36.0249371],[139.1244953,36.0249799],[139.1244765735,36.025],[139.12439050553746,36.025],[139.1243932,36.0249984],[139.12441,36.0249844],[139.1244176,36.0249661],[139.1244168,36.024946],[139.1244174,36.0249387],[139.124419,36.0249169],[139.1244337,36.0248957],[139.1244683,36.0248791],[139.1245367,36.02486],[139.1245847,36.0248479],[139.1246487,36.0248317],[139.1247215,36.0248163],[139.1247281,36.0248149],[139.1248009,36.0248073],[139.124839,36.0248118],[139.1248526,36.0248135],[139.1248969,36.0248252],[139.1249019,36.0248265],[139.1249504,36.0248576],[139.1249881,36.0248905],[139.125,36.0249065073286],[139.125,36.025]]]},"properties":{"layer":"landuse","class_code":"204","class_label":"水面（河川水面、湖沼、ため池、用水路、濠、運河水面）"}},{"type":"Feature","id":"luse_71049e00-f65f-4f27-a161-c13592a16098","geometry":{"type":"Polygon","coordinates":[[[139.1125,36.022672422482195],[139.1125,36.02258554675325],[139.1125512,36.0225651],[139.1125847,36.0226408],[139.1125,36.022672422482195]]]},"properties":{"layer":"landuse","class_code":"214","class_label":"公益施設用地（官公庁施設、文教厚生施設、供給処理施設）"}},{"type":"Feature","id":"luse_d34a7345-9e79-4846-b7f5-02ee728da53b","geometry":{"type":"Polygon","coordinates":[[[139.1232157,36.0232568],[139.1232419,36.0232866],[139.1232611,36.0233144],[139.1232639,36.0233184],[139.123279,36.0233533],[139.1232837,36.0233772],[139.123286,36.0234034],[139.1232843,36.0234169],[139.123228,36.0233801],[139.122962,36.0232189],[139.1228348,36.0233687],[139.1228417,36.0231767],[139.1227656,36.0230922],[139.1227742,36.0230914],[139.1228492,36.023117],[139.1229035,36.0231282],[139.1229175,36.0231287],[139.1229557,36.0231301],[139.122956,36.0231301],[139.1229776,36.0231298],[139.1230004,36.0231295],[139.1230262,36.0231292],[139.1230266,36.0231292],[139.1230738,36.0231267],[139.1230742,36.0231267],[139.1231148,36.0231226],[139.1231266,36.0231559],[139.1231442,36.0231823],[139.1231722,36.0232153],[139.1232157,36.0232568]]]},"properties":{"layer":"landuse","class_code":"205","class_label":"その他自然地（原野・牧野、荒れ地（耕作放棄地等自然的状況のもの）、低湿地、河川敷・河原、海浜、湖岸）"}},{"type":"Feature","id":"luse_a911694d-5706-4b78-a560-ddd7054de08c","geometry":{"type":"Polygon","coordinates":[[[139.1200107,36.0234404],[139.1199629,36.0234565],[139.1199352,36.023466],[139.1197674,36.023519],[139.1196416,36.0235572],[139.1196413,36.0235573],[139.1196012,36.0235737],[139.1194779,36.023645],[139.1194321,36.0236759],[139.1191961,36.0234978],[139.1192517,36.0234735],[139.1193518,36.0234297],[139.1193691,36.0234221],[139.1195292,36.0233521],[139.1196163,36.0234279],[139.1197848,36.0233527],[139.1198278,36.0233336],[139.1198314,36.023332],[139.1199037,36.0232954],[139.1199727,36.0232763],[139.1199885,36.0232793],[139.1200571,36.0233284],[139.1200677,36.0233266],[139.1201653,36.0232154],[139.1201731,36.0232065],[139.1202534,36.0232384],[139.1202082,36.0232975],[139.1201374,36.0233676],[139.1201085,36.0233945],[139.1200674,36.023418],[139.1200107,36.0234404]]]},"properties":{"layer":"landuse","class_code":"205","class_label":"その他自然地（原野・牧野、荒れ地（耕作放棄地等自然的状況のもの）、低湿地、河川敷・河原、海浜、湖岸）"}},{"type":"Feature","id":"luse_cc9418ed-a25d-4568-9adf-7a69695b3cb4","geometry":{"type":"Polygon","coordinates":[[[139.1125,36.016666666666666],[139.11251357071305,36.016666666666666],[139.112519,36.0167039],[139.1125,36.01670072295082],[139.1125,36.016666666666666]]]},"properties":{"layer":"landuse","class_code":"211","class_label":"住宅用地（住宅、共同住宅、店舗等併用住宅、店舗等併用共同住宅、作業所併用住宅）"}},{"type":"Feature","id":"luse_d8325dd4-f835-4876-b807-a63c20c285c5","geometry":{"type":"Polygon","coordinates":[[[139.11338819980733,36.016666666666666],[139.1133713,36.0166683],[139.1133982,36.0168281],[139.1132003,36.0168488],[139.1132222,36.0169718],[139.1131799,36.0169787],[139.113206,36.0171155],[139.112714,36.0171539],[139.1127073,36.0170974],[139.112677,36.0168801],[139.1126618,36.0167691],[139.1126932,36.0167347],[139.1127772,36.0167277],[139.11278157859434,36.016666666666666],[139.11338819980733,36.016666666666666]]]},"properties":{"layer":"landuse","class_code":"211","class_label":"住宅用地（住宅、共同住宅、店舗等併用住宅、店舗等併用共同住宅、作業所併用住宅）"}},{"type":"Feature","id":"luse_521fbb7a-21ef-4b55-ada0-6b794d325580","geometry":{"type":"Polygon","coordinates":[[[139.1135759,36.0173239],[139.1135755,36.0173239],[139.1127725,36.0174154],[139.1127461,36.0173989],[139.1127457,36.0173967],[139.1127329,36.0172982],[139.1135412,36.0172065],[139.1135759,36.0173239]]]},"properties":{"layer":"landuse","class_code":"211","class_label":"住宅用地（住宅、共同住宅、店舗等併用住宅、店舗等併用共同住宅、作業所併用住宅）"}},{"type":"Feature","id":"luse_b70b953b-e67c-4ee2-abde-a79af9e6fdd2","geometry":{"type":"Polygon","coordinates":[[[139.1126132,36.017406],[139.1126135,36.0174088],[139.1126242,36.0174809],[139.1125491,36.0174846],[139.1125,36.017486945732955],[139.1125,36.017322017376],[139.1126019,36.0173213],[139.1126132,36.017406]]]},"properties":{"layer":"landuse","class_code":"211","class_label":"住宅用地（住宅、共同住宅、店舗等併用住宅、店舗等併用共同住宅、作業所併用住宅）"}},{"type":"Feature","id":"luse_9cbaf4f0-92c2-4184-93ef-568a342a6fdd","geometry":{"type":"Polygon","coordinates":[[[139.1135931,36.0174089],[139.1136278,36.0175457],[139.113633,36.0175671],[139.113627,36.0175703],[139.1135613,36.0175926],[139.1133605,36.0176372],[139.1130037,36.0176782],[139.1127885,36.0176948],[139.1127721,36.0175736],[139.1127597,36.0174906],[139.1127799,36.0174692],[139.1135849,36.0173775],[139.1135931,36.0174089]]]},"properties":{"layer":"landuse","class_code":"211","class_label":"住宅用地（住宅、共同住宅、店舗等併用住宅、店舗等併用共同住宅、作業所併用住宅）"}},{"type":"Feature","id":"luse_374a9317-e166-4274-b97b-8aca8c4aa6ce","geometry":{"type":"Polygon","coordinates":[[[139.1131156,36.0180436],[139.1131804,36.0182868],[139.1128605,36.0183181],[139.1128472,36.0182254],[139.1128316,36.018115],[139.1128069,36.01794],[139.1130304,36.017938],[139.1131156,36.0180436]]]},"properties":{"layer":"landuse","class_code":"211","class_label":"住宅用地（住宅、共同住宅、店舗等併用住宅、店舗等併用共同住宅、作業所併用住宅）"}},{"type":"Feature","id":"luse_92cc6216-85f5-48f1-8e9e-5f09e6891428","geometry":{"type":"Polygon","coordinates":[[[139.1144724,36.0197955],[139.1144408,36.0197795],[139.1144227,36.0197124],[139.1143909,36.0196069],[139.1143789,36.0195549],[139.1143764,36.0195419],[139.1143738,36.0195278],[139.114369,36.0195014],[139.1143688,36.0195],[139.1143644,36.0194604],[139.1143596,36.0194019],[139.1143602,36.0193534],[139.1147024,36.0192181],[139.1148153,36.0194573],[139.1145851,36.0195252],[139.1145812,36.019499],[139.1145807,36.0194991],[139.114573,36.0194999],[139.114559,36.0195012],[139.1145677,36.0195587],[139.1145798,36.0196345],[139.1145822,36.0196904],[139.1145839,36.0197858],[139.1145835,36.0197858],[139.1145797,36.0197856],[139.1145784,36.0197856],[139.1144724,36.0197955]]]},"properties":{"layer":"landuse","class_code":"211","class_label":"住宅用地（住宅、共同住宅、店舗等併用住宅、店舗等併用共同住宅、作業所併用住宅）"}},{"type":"Feature","id":"luse_040e3841-9e95-400c-a508-ba23b6cea595","geometry":{"type":"Polygon","coordinates":[[[139.1138143,36.0198092],[139.1138033,36.0198108],[139.1137536,36.0198183],[139.113689,36.0198336],[139.1135824,36.0198564],[139.1132853,36.01992],[139.1132456,36.0199282],[139.1130853,36.0199509],[139.113088,36.0198083],[139.1134466,36.0197617],[139.113406,36.0196017],[139.1134877,36.019586],[139.1134408,36.019405],[139.1134791,36.0194013],[139.1134795,36.0194012],[139.1134494,36.019198],[139.1134246,36.0192009],[139.1134144,36.0191105],[139.1133836,36.0188541],[139.1134444,36.0188481],[139.1134448,36.018848],[139.1135913,36.0188335],[139.1135945,36.0188332],[139.1135948,36.0188332],[139.1136214,36.0188495],[139.113672,36.0191186],[139.1136784,36.0191529],[139.113678,36.019153],[139.1135876,36.0191628],[139.1134772,36.0191748],[139.113473,36.0191753],[139.1134727,36.0191753],[139.1134704,36.0191756],[139.1134726,36.019189],[139.1134807,36.0191881],[139.1135886,36.0191763],[139.1136807,36.0191664],[139.1136821,36.019173],[139.1137476,36.0191649],[139.113748,36.0191649],[139.1137068,36.0189454],[139.1141888,36.0189411],[139.1141946,36.0191336],[139.1141987,36.0192685],[139.1138704,36.0192894],[139.1138837,36.0193735],[139.1136558,36.0193931],[139.1136679,36.0195482],[139.1137297,36.0195309],[139.1138143,36.0198092]]]},"properties":{"layer":"landuse","class_code":"211","class_label":"住宅用地（住宅、共同住宅、店舗等併用住宅、店舗等併用共同住宅、作業所併用住宅）"}},{"type":"Feature","id":"luse_e65d8af3-e3e7-4824-824f-cc5c2a148838","geometry":{"type":"Polygon","coordinates":[[[139.1143951,36.0198675],[139.1143944,36.019886],[139.1143965,36.0199209],[139.1144295,36.0200578],[139.1144323,36.0200715],[139.1140962,36.0201023],[139.1141184,36.0201541],[139.114038,36.0201681],[139.1140036,36.0200924],[139.1140442,36.0200821],[139.1140262,36.0199922],[139.1140249,36.0199781],[139.1140247,36.0199775],[139.1140169,36.0198916],[139.1140693,36.0198907],[139.1140674,36.0198439],[139.1140704,36.0198441],[139.1141177,36.0198453],[139.114278,36.0198494],[139.1142783,36.0198494],[139.1143604,36.0198438],[139.1143804,36.0198425],[139.1143808,36.0198425],[139.1143951,36.0198675]]]},"properties":{"layer":"landuse","class_code":"211","class_label":"住宅用地（住宅、共同住宅、店舗等併用住宅、店舗等併用共同住宅、作業所併用住宅）"}},{"type":"Feature","id":"luse_ac5dc426-6592-4cfb-b704-e6c3a5d265e8","geometry":{"type":"Polygon","coordinates":[[[139.1126837,36.0198134],[139.1127171,36.0200573],[139.1127167,36.0200574],[139.1126697,36.020069],[139.1125373,36.0201743],[139.1125059,36.0201993],[139.1125,36.020191693728236],[139.1125,36.019754199267396],[139.1126962,36.0196993],[139.1127196,36.0197842],[139.1128516,36.0197458],[139.1129112,36.0197247],[139.1129231,36.0200071],[139.1127435,36.0200509],[139.1127386,36.0200521],[139.1127057,36.0198113],[139.1126837,36.0198134]]]},"properties":{"layer":"landuse","class_code":"211","class_label":"住宅用地（住宅、共同住宅、店舗等併用住宅、店舗等併用共同住宅、作業所併用住宅）"}},{"type":"Feature","id":"luse_6a448cb3-06fc-4009-b9ba-cc82a52d6585","geometry":{"type":"Polygon","coordinates":[[[139.1147069,36.0202731],[139.1145171,36.0202894],[139.114512,36.0202644],[139.1144891,36.0201911],[139.1144788,36.0201538],[139.1144721,36.0201297],[139.114457,36.0200538],[139.1144243,36.0199182],[139.1144223,36.0198858],[139.1144243,36.0198319],[139.1144254,36.0198317],[139.1145797,36.0198172],[139.114599,36.019818],[139.114656,36.0198203],[139.1147268,36.0198223],[139.1147445,36.0198228],[139.1147915,36.0198221],[139.1147919,36.019822],[139.1148383,36.0198155],[139.1148853,36.0198037],[139.1149147,36.0197924],[139.1149029,36.0197721],[139.1149025,36.0197721],[139.114875,36.0197826],[139.114853,36.0197882],[139.1148318,36.0197935],[139.1147892,36.0197995],[139.1147889,36.0197995],[139.1147447,36.0198002],[139.1147275,36.0197998],[139.1151525,36.0195642],[139.1152433,36.0196487],[139.1152161,36.0198031],[139.114921,36.0199673],[139.1146581,36.0199581],[139.1147069,36.0202731]]]},"properties":{"layer":"landuse","class_code":"211","class_label":"住宅用地（住宅、共同住宅、店舗等併用住宅、店舗等併用共同住宅、作業所併用住宅）"}},{"type":"Feature","id":"luse_247032f7-a936-4cf7-8d3a-b791f43b1de0","geometry":{"type":"Polygon","coordinates":[[[139.1243067,36.0200143],[139.1242776,36.0200223],[139.1242773,36.0200224],[139.1241975,36.0200472],[139.1241341,36.0200695],[139.1241337,36.0200696],[139.124075,36.0200928],[139.1240079,36.0201246],[139.123961,36.0201509],[139.123887,36.0201884],[139.1237836,36.0202489],[139.1237179,36.0202966],[139.1236459,36.0203503],[139.1235465,36.0202716],[139.1235422,36.0202672],[139.1235646,36.0202494],[139.1235857,36.0202212],[139.1236245,36.0201492],[139.1236547,36.0201036],[139.123688,36.0200772],[139.1237646,36.0200502],[139.123903,36.0200134],[139.1239839,36.0199992],[139.1240951,36.0199941],[139.1241783,36.0200005],[139.1242425,36.0200074],[139.1243067,36.0200143]]]},"properties":{"layer":"landuse","class_code":"211","class_label":"住宅用地（住宅、共同住宅、店舗等併用住宅、店舗等併用共同住宅、作業所併用住宅）"}},{"type":"Feature","id":"luse_248d0131-3243-410d-ad8b-ec6f8994674a","geometry":{"type":"Polygon","coordinates":[[[139.1247003,36.0200946],[139.1246807,36.0200954],[139.1246551,36.0201072],[139.1246149,36.0201351],[139.1245679,36.0201713],[139.1245293,36.0202048],[139.1244908,36.0202416],[139.1244431,36.0203019],[139.1243952,36.0203602],[139.1243679,36.020386],[139.1243612,36.0203902],[139.1243253,36.0204088],[139.1243217,36.0204042],[139.1240958,36.0201097],[139.1241455,36.02009],[139.1242079,36.0200681],[139.1242867,36.0200436],[139.1242871,36.0200435],[139.1243216,36.0200339],[139.1243791,36.0200179],[139.124425,36.0200013],[139.1244712,36.0199807],[139.1244871,36.0199712],[139.1245567,36.0200318],[139.1246926,36.0200932],[139.1247003,36.0200946]]]},"properties":{"layer":"landuse","class_code":"211","class_label":"住宅用地（住宅、共同住宅、店舗等併用住宅、店舗等併用共同住宅、作業所併用住宅）"}},{"type":"Feature","id":"luse_ad4dca76-12fb-48d4-826f-1310bfa90c07","geometry":{"type":"Polygon","coordinates":[[[139.1129669,36.0200182],[139.1129564,36.020188],[139.1129452,36.0203557],[139.1127287,36.0203967],[139.1126877,36.0204096],[139.1126637,36.0203847],[139.1126585,36.0203793],[139.1125496,36.0202488],[139.1125181,36.0202151],[139.1126813,36.0200849],[139.1129484,36.0200197],[139.112967,36.0200153],[139.1129669,36.0200182]]]},"properties":{"layer":"landuse","class_code":"211","class_label":"住宅用地（住宅、共同住宅、店舗等併用住宅、店舗等併用共同住宅、作業所併用住宅）"}},{"type":"Feature","id":"luse_b799ff3f-24a3-49cd-85fb-d502410b203d","geometry":{"type":"Polygon","coordinates":[[[139.1169674,36.0202749],[139.1169294,36.0202962],[139.1168949,36.0203273],[139.1168886,36.0203345],[139.1168502,36.0203759],[139.1167918,36.0204483],[139.1166975,36.0204135],[139.1166093,36.020381],[139.1166254,36.0203096],[139.1166402,36.0202641],[139.116664,36.0202117],[139.116705,36.0201356],[139.1168891,36.0202334],[139.1169674,36.0202749]]]},"properties":{"layer":"landuse","class_code":"211","class_label":"住宅用地（住宅、共同住宅、店舗等併用住宅、店舗等併用共同住宅、作業所併用住宅）"}},{"type":"Feature","id":"luse_f149d045-8d79-4ec0-95ce-99055d070f1c","geometry":{"type":"Polygon","coordinates":[[[139.1143771,36.0204335],[139.1142327,36.0204502],[139.1142156,36.0203274],[139.1144922,36.020305],[139.1144969,36.0203279],[139.1145027,36.0204],[139.1145026,36.020409],[139.1144987,36.0204167],[139.1144884,36.0204207],[139.114488,36.0204207],[139.1143771,36.0204335]]]},"properties":{"layer":"landuse","class_code":"211","class_label":"住宅用地（住宅、共同住宅、店舗等併用住宅、店舗等併用共同住宅、作業所併用住宅）"}},{"type":"Feature","id":"luse_cfc4088a-69a2-4dca-9a27-a1c7a118e385","geometry":{"type":"Polygon","coordinates":[[[139.1176048,36.020491],[139.1174848,36.0205335],[139.1172019,36.0202442],[139.1172212,36.0202206],[139.117238,36.0201894],[139.1172581,36.0201581],[139.1172739,36.0201145],[139.1172818,36.0200909],[139.1172851,36.0200193],[139.1173777,36.0201115],[139.1174777,36.0201945],[139.117555,36.0202957],[139.1176364,36.0203664],[139.1176734,36.0204063],[139.117673,36.0204367],[139.1176048,36.020491]]]},"properties":{"layer":"landuse","class_code":"211","class_label":"住宅用地（住宅、共同住宅、店舗等併用住宅、店舗等併用共同住宅、作業所併用住宅）"}},{"type":"Feature","id":"luse_358825aa-c696-4290-afe8-df53059ff7d3","geometry":{"type":"Polygon","coordinates":[[[139.1135776,36.0205281],[139.1134519,36.0205448],[139.1134147,36.0205498],[139.1133613,36.0205569],[139.113361,36.020557],[139.1133023,36.0205622],[139.1132718,36.0205633],[139.1132373,36.020561],[139.1132369,36.020561],[139.1131936,36.020553],[139.1131172,36.0205342],[139.1131258,36.0205186],[139.1132154,36.020359],[139.1132558,36.0202628],[139.1134257,36.0202795],[139.1134261,36.0202796],[139.1134328,36.0202727],[139.1135006,36.0202035],[139.1135772,36.0201339],[139.1135999,36.0201132],[139.1136104,36.0201027],[139.1137373,36.0201093],[139.1137363,36.0201163],[139.1137202,36.0203055],[139.1137304,36.0203359],[139.113731,36.0203522],[139.1137179,36.0203956],[139.1136938,36.0204502],[139.1136762,36.0204674],[139.1135776,36.0205281]]]},"properties":{"layer":"landuse","class_code":"211","class_label":"住宅用地（住宅、共同住宅、店舗等併用住宅、店舗等併用共同住宅、作業所併用住宅）"}},{"type":"Feature","id":"luse_5befd35e-a9f9-4b9c-a613-98256d3bfc99","geometry":{"type":"Polygon","coordinates":[[[139.1126508,36.0204452],[139.1125035,36.0205429],[139.1125,36.02055091171873],[139.1125,36.020255388871725],[139.1125131,36.0202694],[139.1126508,36.0204452]]]},"properties":{"layer":"landuse","class_code":"211","class_label":"住宅用地（住宅、共同住宅、店舗等併用住宅、店舗等併用共同住宅、作業所併用住宅）"}},{"type":"Feature","id":"luse_88522eaf-c782-4e36-9e5d-b012458e6d2a","geometry":{"type":"Polygon","coordinates":[[[139.1241065,36.0207369],[139.1239601,36.0206884],[139.1238681,36.0206308],[139.1235988,36.0204196],[139.1236396,36.0203855],[139.1237365,36.0203133],[139.1237458,36.0203065],[139.1237506,36.0203068],[139.1237733,36.0203085],[139.1237737,36.0203085],[139.1238136,36.0203428],[139.1238353,36.0203689],[139.1238931,36.0204391],[139.123898,36.0204449],[139.1239571,36.0205103],[139.1239991,36.0205488],[139.1240574,36.0205952],[139.124073,36.0205823],[139.1240153,36.0205364],[139.1239744,36.020499],[139.1239163,36.0204346],[139.1239016,36.0204169],[139.1238537,36.0203589],[139.123831,36.0203315],[139.123791,36.0202971],[139.1237909,36.0202737],[139.1237995,36.0202674],[139.1238009,36.0202665],[139.1239024,36.0202072],[139.1239762,36.0201698],[139.1240226,36.0201436],[139.1240511,36.0201303],[139.1240769,36.0201384],[139.1241016,36.0201515],[139.1243064,36.0204182],[139.1243129,36.0204367],[139.1243153,36.0204571],[139.1243094,36.0204811],[139.1242948,36.0205097],[139.1242604,36.0205459],[139.1242078,36.0205839],[139.1242224,36.0205974],[139.1242767,36.0205583],[139.1243299,36.0205023],[139.1243379,36.0204889],[139.1243387,36.0204813],[139.1243481,36.0204903],[139.1243536,36.0205184],[139.1243513,36.0205535],[139.1243572,36.0205821],[139.1243627,36.0205965],[139.1243819,36.0206202],[139.1243828,36.0206213],[139.1243907,36.0206407],[139.1243903,36.020655],[139.1243669,36.0206852],[139.1243372,36.020728],[139.124157,36.020668],[139.1241065,36.0207369]]]},"properties":{"layer":"landuse","class_code":"211","class_label":"住宅用地（住宅、共同住宅、店舗等併用住宅、店舗等併用共同住宅、作業所併用住宅）"}},{"type":"Feature","id":"luse_4d8e1f4c-f3a0-425d-aaaf-fd5d1699cb76","geometry":{"type":"Polygon","coordinates":[[[139.1235777,36.0207767],[139.1233183,36.0208558],[139.1232209,36.0207566],[139.1232653,36.0207153],[139.1233013,36.0206821],[139.123405,36.0205882],[139.1235777,36.0207767]]]},"properties":{"layer":"landuse","class_code":"211","class_label":"住宅用地（住宅、共同住宅、店舗等併用住宅、店舗等併用共同住宅、作業所併用住宅）"}},{"type":"Feature","id":"luse_3bd22ccf-1a10-403d-b5d3-2719da0150e6","geometry":{"type":"Polygon","coordinates":[[[139.1231372,36.0207998],[139.1231245,36.020811],[139.123122,36.0208133],[139.1229248,36.0209885],[139.1227928,36.0211019],[139.1225676,36.0209934],[139.1229435,36.0206473],[139.123002,36.0206739],[139.1232697,36.0206087],[139.1233072,36.0205738],[139.1232673,36.0205483],[139.1233009,36.0204186],[139.1233157,36.0203763],[139.1233328,36.0203556],[139.1235028,36.0204677],[139.1234788,36.0204879],[139.123352,36.0206026],[139.1232806,36.0206672],[139.1231372,36.0207998]]]},"properties":{"layer":"landuse","class_code":"211","class_label":"住宅用地（住宅、共同住宅、店舗等併用住宅、店舗等併用共同住宅、作業所併用住宅）"}},{"type":"Feature","id":"luse_c141b800-4925-4fc6-aab3-b12d40a2a650","geometry":{"type":"Polygon","coordinates":[[[139.1170377,36.0211614],[139.1170412,36.0211615],[139.1169311,36.0212637],[139.1168885,36.0212658],[139.1168283,36.0212595],[139.1167965,36.0212116],[139.1168132,36.0211449],[139.1164212,36.020957],[139.1164542,36.0209062],[139.1165012,36.0208242],[139.1165332,36.0208169],[139.1166712,36.0208892],[139.1168193,36.0209591],[139.1168905,36.0210041],[139.1169253,36.021026],[139.1169527,36.0209976],[139.1168444,36.0209292],[139.1166944,36.0208585],[139.1165501,36.0207827],[139.1165412,36.0207567],[139.1165553,36.0207329],[139.1165808,36.0206807],[139.1166072,36.0206645],[139.1166628,36.0206289],[139.1167669,36.0206721],[139.117031,36.0208114],[139.1172451,36.0209424],[139.1170377,36.0211614]]]},"properties":{"layer":"landuse","class_code":"211","class_label":"住宅用地（住宅、共同住宅、店舗等併用住宅、店舗等併用共同住宅、作業所併用住宅）"}},{"type":"Feature","id":"luse_ddae3ce0-9aa0-4054-a4e2-82a8aafcadc5","geometry":{"type":"Polygon","coordinates":[[[139.1129926,36.0213436],[139.1127572,36.021358],[139.1126968,36.021204],[139.1127036,36.0211981],[139.1129464,36.0211209],[139.1129463,36.0211203],[139.1129637,36.0211233],[139.1129645,36.0211331],[139.112968,36.0211329],[139.1129756,36.0211325],[139.1129926,36.0213436]]]},"properties":{"layer":"landuse","class_code":"211","class_label":"住宅用地（住宅、共同住宅、店舗等併用住宅、店舗等併用共同住宅、作業所併用住宅）"}},{"type":"Feature","id":"luse_2b598be7-e1b1-49db-bfb4-5f8635b4f28b","geometry":{"type":"Polygon","coordinates":[[[139.1231726,36.0208666],[139.1233395,36.0210401],[139.1233685,36.0210783],[139.1233492,36.0210945],[139.1228981,36.0214849],[139.1228376,36.0214783],[139.1226748,36.0214052],[139.1226483,36.0213982],[139.1226479,36.0213982],[139.1225933,36.0213912],[139.1225346,36.0213836],[139.1225961,36.0213241],[139.1227621,36.021161],[139.122945,36.0210038],[139.1231127,36.0208551],[139.1231538,36.0208545],[139.1231726,36.0208666]]]},"properties":{"layer":"landuse","class_code":"211","class_label":"住宅用地（住宅、共同住宅、店舗等併用住宅、店舗等併用共同住宅、作業所併用住宅）"}},{"type":"Feature","id":"luse_08620dee-a749-462f-b54d-40910709ea24","geometry":{"type":"Polygon","coordinates":[[[139.1125,36.0209984571921],[139.1125934,36.0211678],[139.1126131,36.0212055],[139.1126181,36.0212201],[139.1126184,36.0212334],[139.1126164,36.0212395],[139.1126091,36.0212497],[139.1125976,36.0212601],[139.1125726,36.0212796],[139.1125517,36.0212991],[139.1125391,36.0213182],[139.1125341,36.0213361],[139.1125316,36.0213504],[139.1125284,36.0213761],[139.1125225,36.0214026],[139.1125108,36.0214327],[139.1125,36.02145340439021],[139.1125,36.02160889090911],[139.1125252,36.0216423],[139.112544,36.0216737],[139.1125627,36.0217135],[139.1125565,36.021715],[139.1125579,36.0217177],[139.1125575,36.0217177],[139.1125,36.02173194399337],[139.1125,36.0209984571921]]]},"properties":{"layer":"landuse","class_code":"211","class_label":"住宅用地（住宅、共同住宅、店舗等併用住宅、店舗等併用共同住宅、作業所併用住宅）"}},{"type":"Feature","id":"luse_30bc41b3-dace-45d8-ae99-2966cbbe8bb2","geometry":{"type":"Polygon","coordinates":[[[139.1157877,36.021826],[139.1155259,36.0219484],[139.1153986,36.0218947],[139.1154062,36.0218599],[139.1155318,36.0217679],[139.1155132,36.0217513],[139.1154154,36.0218228],[139.1154163,36.0218219],[139.1155215,36.021718],[139.1156114,36.021628],[139.1157017,36.0215254],[139.115704,36.0215227],[139.1158598,36.0216451],[139.1157877,36.021826]]]},"properties":{"layer":"landuse","class_code":"211","class_label":"住宅用地（住宅、共同住宅、店舗等併用住宅、店舗等併用共同住宅、作業所併用住宅）"}},{"type":"Feature","id":"luse_079e2969-4037-4830-a936-546546d1f3ea","geometry":{"type":"Polygon","coordinates":[[[139.1218461,36.0214757],[139.1218783,36.0214824],[139.1218869,36.0214863],[139.121937,36.0215089],[139.1219307,36.0215205],[139.1219253,36.0215422],[139.1219289,36.0215636],[139.1219475,36.0215874],[139.121979,36.0216118],[139.1220249,36.0216481],[139.1220905,36.0217107],[139.1219669,36.021778],[139.1219419,36.0217917],[139.1218384,36.0218456],[139.1215559,36.021997],[139.1215026,36.022029],[139.1214706,36.0220591],[139.1214604,36.0220705],[139.1214519,36.0220648],[139.1214504,36.0220622],[139.1214497,36.0220611],[139.121449,36.0220598],[139.1214469,36.0220562],[139.1214458,36.0220544],[139.1214458,36.0220537],[139.1214456,36.022049],[139.1214454,36.0220433],[139.1214448,36.0220242],[139.1214496,36.0220106],[139.1214565,36.0219912],[139.1214566,36.0219909],[139.1214632,36.0219822],[139.1214709,36.0219723],[139.1214789,36.0219619],[139.1214873,36.021951],[139.1214961,36.0219396],[139.1214988,36.0219361],[139.1215046,36.0219275],[139.1215304,36.0218895],[139.1215396,36.021876],[139.1215467,36.0218655],[139.1215489,36.0218608],[139.1215609,36.0218357],[139.1215613,36.0218342],[139.1215644,36.0218213],[139.1215617,36.0218056],[139.1215599,36.0218021],[139.1215493,36.0217825],[139.1215374,36.0217634],[139.1215269,36.0217467],[139.1215165,36.02173],[139.121515,36.0217276],[139.1215077,36.0217121],[139.1215069,36.0217105],[139.1215085,36.0216973],[139.12152,36.021685],[139.1215416,36.0216763],[139.1215495,36.0216751],[139.1215765,36.021671],[139.1215987,36.0216677],[139.1216046,36.0216665],[139.1216537,36.0216562],[139.1216712,36.0216483],[139.1216957,36.0216372],[139.1217238,36.0216139],[139.1217459,36.0215849],[139.1217479,36.0215822],[139.1217739,36.0215351],[139.1217946,36.0215065],[139.1217999,36.0214993],[139.1218163,36.0214846],[139.121817,36.0214839],[139.1218302,36.0214772],[139.1218452,36.0214755],[139.1218461,36.0214757]]]},"properties":{"layer":"landuse","class_code":"211","class_label":"住宅用地（住宅、共同住宅、店舗等併用住宅、店舗等併用共同住宅、作業所併用住宅）"}},{"type":"Feature","id":"luse_8b1a2d26-273c-4190-bca5-699f0e482db8","geometry":{"type":"Polygon","coordinates":[[[139.1129105,36.0221803],[139.1128705,36.0222057],[139.1126739,36.0221994],[139.1125,36.022203274455954],[139.1125,36.02192107570977],[139.1125095,36.021917],[139.1125379,36.0218945],[139.1125644,36.0218642],[139.1125913,36.0218203],[139.1126059,36.0217803],[139.1126039,36.0217435],[139.1126177,36.0217406],[139.1126154,36.0217345],[139.1126479,36.0217267],[139.1126508,36.021726],[139.1126529,36.0217753],[139.1126404,36.0218039],[139.112618,36.0218469],[139.1125948,36.0218823],[139.1125701,36.0219124],[139.1125241,36.0219581],[139.1125541,36.021978],[139.1126012,36.0219312],[139.1126015,36.0219307],[139.1126064,36.021931],[139.1128088,36.0219176],[139.1128815,36.0219207],[139.112862,36.0220538],[139.1128644,36.0220969],[139.1129105,36.0221803]]]},"properties":{"layer":"landuse","class_code":"211","class_label":"住宅用地（住宅、共同住宅、店舗等併用住宅、店舗等併用共同住宅、作業所併用住宅）"}},{"type":"Feature","id":"luse_9bc98e24-2220-411b-bf1a-429e636bfdf0","geometry":{"type":"Polygon","coordinates":[[[139.113555,36.0221126],[139.1133191,36.0222116],[139.1132959,36.0221788],[139.1132908,36.0221717],[139.1132491,36.0221206],[139.1132377,36.0221028],[139.1132211,36.0220766],[139.1132027,36.0220457],[139.1132477,36.0220584],[139.1133107,36.021905],[139.1135635,36.0219028],[139.1135239,36.0216174],[139.1133271,36.0216504],[139.1131776,36.0216191],[139.1131759,36.0215703],[139.1130988,36.0215337],[139.1130527,36.0215356],[139.1130418,36.021401],[139.1130416,36.0213988],[139.1130357,36.0213255],[139.1130241,36.0211834],[139.1130187,36.0211161],[139.1130162,36.0210637],[139.1131903,36.0210164],[139.113197,36.0210224],[139.1133618,36.0211744],[139.1135744,36.0213657],[139.1136707,36.0214513],[139.1138919,36.0216633],[139.1139141,36.0216836],[139.1140264,36.0217875],[139.1140396,36.0217993],[139.1139072,36.0218842],[139.1135589,36.0220153],[139.113555,36.0221126]]]},"properties":{"layer":"landuse","class_code":"211","class_label":"住宅用地（住宅、共同住宅、店舗等併用住宅、店舗等併用共同住宅、作業所併用住宅）"}},{"type":"Feature","id":"luse_939b5af0-06b3-4e07-9a12-7d3396374372","geometry":{"type":"Polygon","coordinates":[[[139.1125,36.02176022390584],[139.1125651,36.0217441],[139.11257,36.0217429],[139.1125736,36.0217497],[139.1125764,36.0217492],[139.1125779,36.0217775],[139.1125653,36.021812],[139.1125405,36.0218526],[139.1125168,36.0218797],[139.1125,36.02189309746834],[139.1125,36.02176022390584]]]},"properties":{"layer":"landuse","class_code":"211","class_label":"住宅用地（住宅、共同住宅、店舗等併用住宅、店舗等併用共同住宅、作業所併用住宅）"}},{"type":"Feature","id":"luse_89b66a1a-5921-4aa5-a129-6904a721168d","geometry":{"type":"Polygon","coordinates":[[[139.1152627,36.0213496],[139.1156043,36.0215519],[139.1156351,36.0215701],[139.1155937,36.0216171],[139.1155043,36.0217066],[139.1153982,36.0218114],[139.1153839,36.0218355],[139.1153771,36.0218562],[139.1153718,36.0219147],[139.1153596,36.0219676],[139.1153475,36.021997],[139.1153312,36.0220249],[139.1152913,36.0220705],[139.115151,36.0221928],[139.115048,36.022284],[139.1150141,36.0223142],[139.115004,36.0223085],[139.1150029,36.0223079],[139.1148018,36.022197],[139.1147394,36.0221597],[139.114637,36.0220985],[139.1146272,36.0220927],[139.1146211,36.0220891],[139.1145872,36.0220714],[139.1147365,36.0219997],[139.1147532,36.0219873],[139.1147591,36.0219791],[139.1148201,36.0218126],[139.1148454,36.0217664],[139.1148634,36.0217397],[139.1149291,36.0216732],[139.1150964,36.021519],[139.1152067,36.0214015],[139.1152592,36.0213519],[139.1152619,36.0213491],[139.1152627,36.0213496]]]},"properties":{"layer":"landuse","class_code":"211","class_label":"住宅用地（住宅、共同住宅、店舗等併用住宅、店舗等併用共同住宅、作業所併用住宅）"}},{"type":"Feature","id":"luse_84164614-b3b1-4fcc-9e95-d5257d7e55c6","geometry":{"type":"Polygon","coordinates":[[[139.1215458,36.0224886],[139.1214372,36.0225806],[139.1212044,36.0223879],[139.1212946,36.0222999],[139.1213049,36.0222899],[139.1214606,36.0224183],[139.1215458,36.0224886]]]},"properties":{"layer":"landuse","class_code":"211","class_label":"住宅用地（住宅、共同住宅、店舗等併用住宅、店舗等併用共同住宅、作業所併用住宅）"}},{"type":"Feature","id":"luse_5e6c41c7-ecac-4d55-be51-fd1ba87edf4a","geometry":{"type":"Polygon","coordinates":[[[139.1211603,36.0223958],[139.1211601,36.022396],[139.1210231,36.0225333],[139.1209306,36.0226211],[139.1209295,36.0226224],[139.1207301,36.0224955],[139.1208145,36.0224084],[139.1209376,36.0222608],[139.1210489,36.0223283],[139.1211603,36.0223958]]]},"properties":{"layer":"landuse","class_code":"211","class_label":"住宅用地（住宅、共同住宅、店舗等併用住宅、店舗等併用共同住宅、作業所併用住宅）"}},{"type":"Feature","id":"luse_e0dd51d1-ddae-4717-ba6b-7a515c96265b","geometry":{"type":"Polygon","coordinates":[[[139.122406,36.0224224],[139.1223078,36.0225606],[139.1222154,36.0226587],[139.1220255,36.0228164],[139.1219656,36.0228187],[139.121965,36.0228155],[139.1219434,36.0227077],[139.1219438,36.022664],[139.1219549,36.0226281],[139.1219685,36.0225983],[139.1219902,36.0225614],[139.1220569,36.0224626],[139.1221285,36.0223574],[139.1221913,36.0222442],[139.1222322,36.02215],[139.1222431,36.0221233],[139.1222487,36.0221233],[139.1222547,36.0221233],[139.122268,36.0221233],[139.1223723,36.0222367],[139.1223947,36.0222232],[139.1223648,36.0221909],[139.1222614,36.0220786],[139.1222677,36.0220628],[139.1222695,36.022059],[139.1222993,36.0219977],[139.1223112,36.0219785],[139.122332,36.0219795],[139.1223572,36.0219808],[139.1224484,36.0220208],[139.1224487,36.0220209],[139.1224977,36.0220394],[139.1225482,36.0220543],[139.1226154,36.0220696],[139.1226158,36.0220697],[139.1226232,36.022048],[139.1228624,36.0218292],[139.1228678,36.0218244],[139.1229341,36.021766],[139.1230118,36.0218336],[139.1229834,36.0218606],[139.1229408,36.021899],[139.1230456,36.0219983],[139.1230418,36.0220269],[139.122406,36.0224224]]]},"properties":{"layer":"landuse","class_code":"211","class_label":"住宅用地（住宅、共同住宅、店舗等併用住宅、店舗等併用共同住宅、作業所併用住宅）"}},{"type":"Feature","id":"luse_79cef914-dc80-463b-8a68-2b70b0af4531","geometry":{"type":"Polygon","coordinates":[[[139.1210803,36.0226554],[139.1212136,36.0227684],[139.120952,36.0229393],[139.1207881,36.0230453],[139.1206721,36.022903],[139.1206954,36.0228881],[139.1207542,36.022841],[139.1208117,36.0227918],[139.120868,36.0227316],[139.1209524,36.022635],[139.1210038,36.0225862],[139.1210803,36.0226554]]]},"properties":{"layer":"landuse","class_code":"211","class_label":"住宅用地（住宅、共同住宅、店舗等併用住宅、店舗等併用共同住宅、作業所併用住宅）"}},{"type":"Feature","id":"luse_4dce20a2-e9c1-4608-aa11-5a6015483b99","geometry":{"type":"Polygon","coordinates":[[[139.1246802,36.022867],[139.1246962,36.0229008],[139.1245355,36.0229645],[139.1244949,36.0229121],[139.1243288,36.022985],[139.1240609,36.0231437],[139.1240046,36.0230849],[139.1238938,36.0230105],[139.1237674,36.0229843],[139.1237711,36.0229629],[139.1237884,36.0228801],[139.1238015,36.0228349],[139.1238131,36.0228119],[139.1238253,36.0227968],[139.1238423,36.0227809],[139.123857,36.0227723],[139.1238733,36.0227677],[139.1239204,36.02276],[139.1239207,36.0227599],[139.1239653,36.0227516],[139.124,36.0227407],[139.1240355,36.0227268],[139.124043,36.0227238],[139.1241634,36.022663],[139.1241961,36.0226574],[139.1241965,36.0226574],[139.1242207,36.0226574],[139.1242211,36.0226574],[139.1242333,36.0226588],[139.1242436,36.02266],[139.1242457,36.0226607],[139.1242568,36.0226646],[139.1242572,36.0226647],[139.1242796,36.0226803],[139.1243026,36.0227053],[139.1243484,36.0227678],[139.1243704,36.0227842],[139.1243951,36.022789],[139.1244207,36.0227885],[139.1244615,36.0227791],[139.1246225,36.0227252],[139.124628,36.022723],[139.1246324,36.0227238],[139.1246453,36.0227264],[139.1246456,36.0227265],[139.1246643,36.0227407],[139.1246873,36.0227663],[139.1247015,36.0227907],[139.1247007,36.0228047],[139.1246983,36.0228117],[139.1246954,36.0228201],[139.1246772,36.0228422],[139.1246635,36.0228554],[139.1246802,36.022867]]]},"properties":{"layer":"landuse","class_code":"211","class_label":"住宅用地（住宅、共同住宅、店舗等併用住宅、店舗等併用共同住宅、作業所併用住宅）"}},{"type":"Feature","id":"luse_8dfef48d-9c0c-4881-8b9b-667b062775ae","geometry":{"type":"Polygon","coordinates":[[[139.1134256,36.0228508],[139.1134013,36.0228514],[139.1131337,36.0228585],[139.1129625,36.0228631],[139.112918,36.0228655],[139.1127577,36.0228742],[139.1127196,36.0228771],[139.1127057,36.0228782],[139.1126868,36.0228796],[139.1126397,36.0228871],[139.1125,36.02290942974971],[139.1125,36.022764171356776],[139.1125412,36.02274],[139.1126331,36.0227148],[139.112865,36.0225845],[139.1128585,36.0227118],[139.1130559,36.0227297],[139.1131034,36.0225101],[139.1131129,36.0224343],[139.1134203,36.0224686],[139.1134371,36.0225014],[139.1134374,36.0225144],[139.1134381,36.0225572],[139.1134302,36.0226864],[139.1134281,36.0227524],[139.1134279,36.0227574],[139.1134256,36.0228508]]]},"properties":{"layer":"landuse","class_code":"211","class_label":"住宅用地（住宅、共同住宅、店舗等併用住宅、店舗等併用共同住宅、作業所併用住宅）"}},{"type":"Feature","id":"luse_e7d7aa44-307e-41ac-924e-ba981f757a17","geometry":{"type":"Polygon","coordinates":[[[139.1218962,36.0226767],[139.1219103,36.0226887],[139.1219101,36.0227098],[139.1219321,36.0228199],[139.1219542,36.02295],[139.1217318,36.023139],[139.1215464,36.0229972],[139.1215534,36.0229939],[139.1215709,36.0229682],[139.1215713,36.0229676],[139.1216085,36.0229162],[139.1216944,36.0228291],[139.1217789,36.0227454],[139.12184,36.0226902],[139.1218568,36.0226783],[139.1218623,36.0226781],[139.1218643,36.022678],[139.1218958,36.0226766],[139.1218962,36.0226767]]]},"properties":{"layer":"landuse","class_code":"211","class_label":"住宅用地（住宅、共同住宅、店舗等併用住宅、店舗等併用共同住宅、作業所併用住宅）"}},{"type":"Feature","id":"luse_e74610cd-930d-40ff-a22b-7216e31cadd6","geometry":{"type":"Polygon","coordinates":[[[139.1237141,36.0230631],[139.1237027,36.0231211],[139.1236944,36.0231848],[139.123691,36.0232232],[139.1236162,36.0232208],[139.12362,36.0231445],[139.1236019,36.0231431],[139.1236089,36.0230443],[139.1237183,36.0230395],[139.1237141,36.0230631]]]},"properties":{"layer":"landuse","class_code":"211","class_label":"住宅用地（住宅、共同住宅、店舗等併用住宅、店舗等併用共同住宅、作業所併用住宅）"}},{"type":"Feature","id":"luse_38f72279-25b0-48e9-b415-a5d12d536ed9","geometry":{"type":"Polygon","coordinates":[[[139.1164932,36.0231222],[139.1164926,36.0231222],[139.1164917,36.0231223],[139.1161967,36.0231497],[139.1161897,36.0231503],[139.116185,36.0231508],[139.1161846,36.0231508],[139.1160471,36.0231698],[139.1159596,36.0231819],[139.1159549,36.0231826],[139.1159289,36.0231495],[139.1159167,36.0231337],[139.1158358,36.0229962],[139.1158165,36.02296],[139.1158012,36.0229269],[139.1157899,36.0228916],[139.1157801,36.0228608],[139.1157761,36.0228363],[139.1157748,36.0228127],[139.1158715,36.0227785],[139.1159027,36.02277],[139.1159182,36.0227658],[139.1159748,36.0227539],[139.1160178,36.0227472],[139.1160445,36.022746],[139.1160706,36.0227471],[139.1160907,36.0227509],[139.1162583,36.0227993],[139.1164157,36.0228459],[139.1164368,36.0228493],[139.1164518,36.0228486],[139.1164615,36.0228466],[139.1165119,36.0228201],[139.1165429,36.0227991],[139.1166053,36.0231291],[139.1165268,36.0231327],[139.116512,36.0231334],[139.1165117,36.0231332],[139.1164936,36.0231222],[139.1164932,36.0231222]]]},"properties":{"layer":"landuse","class_code":"211","class_label":"住宅用地（住宅、共同住宅、店舗等併用住宅、店舗等併用共同住宅、作業所併用住宅）"}},{"type":"Feature","id":"luse_ffbc0a35-1c6c-4bfe-a44c-c1e50b82e8a0","geometry":{"type":"Polygon","coordinates":[[[139.1144027,36.0226498],[139.1144231,36.0227072],[139.1141817,36.0227272],[139.1141109,36.022733],[139.1139485,36.0227464],[139.1139575,36.0227797],[139.1139937,36.022914],[139.1140205,36.0230136],[139.1140231,36.023023],[139.1140425,36.0230952],[139.1137963,36.0231294],[139.1137124,36.0231411],[139.1134828,36.0231731],[139.113483,36.0231363],[139.1134833,36.0230808],[139.1134843,36.0229509],[139.1134846,36.0226893],[139.1135008,36.0225636],[139.1135032,36.022525],[139.1135925,36.0225001],[139.1138267,36.0224349],[139.1138561,36.0224268],[139.1139203,36.0225916],[139.1139521,36.0225836],[139.1139466,36.0225693],[139.1138872,36.0224164],[139.1140195,36.0223582],[139.114097,36.0223242],[139.1141045,36.0223209],[139.1141856,36.0222854],[139.1144336,36.022177],[139.1145313,36.0221387],[139.1147522,36.0222568],[139.1149539,36.022368],[139.114967,36.0223753],[139.1150079,36.0223982],[139.1150063,36.0224001],[139.1149701,36.0224466],[139.1146443,36.0225765],[139.1144027,36.0226498]]]},"properties":{"layer":"landuse","class_code":"211","class_label":"住宅用地（住宅、共同住宅、店舗等併用住宅、店舗等併用共同住宅、作業所併用住宅）"}},{"type":"Feature","id":"luse_de6dae9e-f237-4323-90c1-2d1fba0ff234","geometry":{"type":"Polygon","coordinates":[[[139.1157058,36.0229627],[139.11576,36.023044],[139.115761,36.0230457],[139.1155543,36.0231385],[139.1155165,36.0231555],[139.1153995,36.0232035],[139.1152473,36.0229934],[139.1154296,36.0228857],[139.1154492,36.0229047],[139.1154602,36.0229154],[139.1155877,36.0228283],[139.1156129,36.022829],[139.1156133,36.022829],[139.1156614,36.0228958],[139.1157058,36.0229627]]]},"properties":{"layer":"landuse","class_code":"211","class_label":"住宅用地（住宅、共同住宅、店舗等併用住宅、店舗等併用共同住宅、作業所併用住宅）"}},{"type":"Feature","id":"luse_2397bde7-d7bf-43b3-9ebf-6ff8ec350c10","geometry":{"type":"Polygon","coordinates":[[[139.1145138,36.0229629],[139.1145522,36.0231282],[139.1145354,36.0231497],[139.1141641,36.0232015],[139.1141369,36.023088],[139.1141041,36.0230743],[139.1140337,36.0228213],[139.1140586,36.0227918],[139.1141994,36.0227813],[139.1142021,36.0227811],[139.1144429,36.0227631],[139.1145138,36.0229629]]]},"properties":{"layer":"landuse","class_code":"211","class_label":"住宅用地（住宅、共同住宅、店舗等併用住宅、店舗等併用共同住宅、作業所併用住宅）"}},{"type":"Feature","id":"luse_a27d522a-5a0b-4337-ae1e-f6d638e1a2a6","geometry":{"type":"Polygon","coordinates":[[[139.1151002,36.0229904],[139.1150051,36.0231584],[139.1146196,36.023266],[139.1146159,36.0232496],[139.1146035,36.0231368],[139.1146017,36.0231201],[139.1145613,36.0229741],[139.1145556,36.022947],[139.1150024,36.0228339],[139.1149936,36.0228385],[139.1149517,36.0228602],[139.1149336,36.0228753],[139.1149574,36.0228941],[139.1149728,36.0228812],[139.1150027,36.0228657],[139.1151002,36.0229904]]]},"properties":{"layer":"landuse","class_code":"211","class_label":"住宅用地（住宅、共同住宅、店舗等併用住宅、店舗等併用共同住宅、作業所併用住宅）"}},{"type":"Feature","id":"luse_d5845ece-cc4c-42cf-9f66-19773c94e7cc","geometry":{"type":"Polygon","coordinates":[[[139.1161056,36.0233209],[139.1160375,36.0232656],[139.1160348,36.0232631],[139.1159946,36.0232258],[139.1159807,36.023211],[139.1159845,36.0232105],[139.1160551,36.0232007],[139.116184,36.0231829],[139.1161844,36.0231829],[139.1161861,36.023187],[139.1162165,36.0232852],[139.1161056,36.0233209]]]},"properties":{"layer":"landuse","class_code":"223","class_label":"その他④（その他①～③以外の用途に供されている都市的土地利用（建物跡地、資材置場、改変工事中の土地）、法面（道路、造成地等の主利用に含まれない法面））"}},{"type":"Feature","id":"luse_28f259b9-5e26-45c5-9b36-9a0ea27c79c6","geometry":{"type":"Polygon","coordinates":[[[139.1136574,36.0233386],[139.1136642,36.0233701],[139.1136766,36.0235354],[139.1134755,36.0235513],[139.1134757,36.0235382],[139.1134777,36.0234314],[139.1134779,36.0234246],[139.113482,36.0232934],[139.1134825,36.0232074],[139.1139715,36.0231404],[139.1140323,36.0231321],[139.1140517,36.0231294],[139.1140879,36.0231257],[139.1141172,36.0232353],[139.1141228,36.0232561],[139.1141758,36.0232483],[139.1142586,36.0232362],[139.1142867,36.0232321],[139.1144767,36.0232042],[139.114561,36.0231919],[139.1145773,36.0233174],[139.1145872,36.0233594],[139.1146339,36.02343],[139.1146391,36.0234537],[139.1142726,36.0234949],[139.1142491,36.0233809],[139.1141548,36.023371],[139.1139283,36.0233327],[139.1138807,36.0233225],[139.1136574,36.0233386]]]},"properties":{"layer":"landuse","class_code":"211","class_label":"住宅用地（住宅、共同住宅、店舗等併用住宅、店舗等併用共同住宅、作業所併用住宅）"}},{"type":"Feature","id":"luse_73988811-6fe7-45f6-89c3-228b9524a337","geometry":{"type":"Polygon","coordinates":[[[139.1222741,36.0234644],[139.1221745,36.0236247],[139.1220582,36.0235315],[139.1220554,36.0235285],[139.1220156,36.0234857],[139.1220091,36.0234777],[139.1219874,36.0234512],[139.1219792,36.0234338],[139.1219751,36.0234252],[139.1219738,36.0234153],[139.1219717,36.0234004],[139.1219696,36.0233856],[139.1219722,36.0233308],[139.1219789,36.0232551],[139.1219918,36.023155],[139.1219978,36.0231168],[139.1220361,36.0231025],[139.1220365,36.0231025],[139.1221019,36.0231013],[139.1221676,36.0231001],[139.122168,36.0231001],[139.1222311,36.0230996],[139.1222779,36.0230992],[139.1222741,36.0234644]]]},"properties":{"layer":"landuse","class_code":"211","class_label":"住宅用地（住宅、共同住宅、店舗等併用住宅、店舗等併用共同住宅、作業所併用住宅）"}},{"type":"Feature","id":"luse_8bec83a5-0f08-424b-9dde-b32f0ce04425","geometry":{"type":"Polygon","coordinates":[[[139.1219527,36.0234658],[139.1219838,36.0235039],[139.1220286,36.0235523],[139.1220687,36.0235843],[139.1219157,36.0236632],[139.1218042,36.023539],[139.1219371,36.0234327],[139.1219527,36.0234658]]]},"properties":{"layer":"landuse","class_code":"211","class_label":"住宅用地（住宅、共同住宅、店舗等併用住宅、店舗等併用共同住宅、作業所併用住宅）"}},{"type":"Feature","id":"luse_3a551c56-ba77-4907-9948-ed682a4e78ec","geometry":{"type":"Polygon","coordinates":[[[139.1125678,36.0234264],[139.1127143,36.0234382],[139.1127371,36.02344],[139.112766,36.0235033],[139.1127837,36.0235492],[139.1127951,36.0235904],[139.1127977,36.0236275],[139.1127975,36.0236299],[139.112507,36.023601],[139.1125,36.02359933122363],[139.1125,36.02294620247748],[139.1126501,36.0229222],[139.112693,36.0229154],[139.1126934,36.0229153],[139.1127066,36.0229144],[139.1127552,36.0231969],[139.1127666,36.0232575],[139.1127653,36.0233141],[139.1127542,36.0233745],[139.1127369,36.0233856],[139.1127366,36.0233856],[139.1127001,36.0233827],[139.1125744,36.0233725],[139.1125678,36.0234264]]]},"properties":{"layer":"landuse","class_code":"211","class_label":"住宅用地（住宅、共同住宅、店舗等併用住宅、店舗等併用共同住宅、作業所併用住宅）"}},{"type":"Feature","id":"luse_1921b2c5-ab83-4e11-8efb-ca0c33f9976b","geometry":{"type":"Polygon","coordinates":[[[139.117199,36.0234754],[139.1172501,36.023492],[139.1172884,36.0235232],[139.1172797,36.0235434],[139.1171671,36.0237924],[139.1171631,36.0237907],[139.1171488,36.0237845],[139.1170619,36.0237468],[139.1169947,36.0237177],[139.116897,36.0236745],[139.1169023,36.0236655],[139.116974,36.0235451],[139.1169891,36.0235136],[139.1169977,36.0234868],[139.1170007,36.0234638],[139.1169986,36.0234314],[139.1169984,36.0234304],[139.1169982,36.0234295],[139.117199,36.0234754]]]},"properties":{"layer":"landuse","class_code":"211","class_label":"住宅用地（住宅、共同住宅、店舗等併用住宅、店舗等併用共同住宅、作業所併用住宅）"}},{"type":"Feature","id":"luse_ecf56150-1437-4936-baff-24d0f9fd3b8f","geometry":{"type":"Polygon","coordinates":[[[139.1163709,36.0235725],[139.1165293,36.0236325],[139.1166095,36.0236625],[139.1166789,36.0236885],[139.1167162,36.0237023],[139.1165696,36.0237716],[139.1165657,36.0237734],[139.1164924,36.0237823],[139.116404,36.023793],[139.116368,36.0235715],[139.1163709,36.0235725]]]},"properties":{"layer":"landuse","class_code":"211","class_label":"住宅用地（住宅、共同住宅、店舗等併用住宅、店舗等併用共同住宅、作業所併用住宅）"}},{"type":"Feature","id":"luse_15d9d717-b1ef-4670-8233-4490dbd82a31","geometry":{"type":"Polygon","coordinates":[[[139.1152025,36.0232727],[139.1152137,36.0232881],[139.1152301,36.0233107],[139.1153261,36.0234589],[139.1151442,36.023538],[139.1150057,36.0235667],[139.1150617,36.0237561],[139.1147821,36.0238087],[139.1147645,36.0237982],[139.1147147,36.0236259],[139.1149727,36.0235735],[139.1149062,36.0233488],[139.1149202,36.0233286],[139.1150931,36.023238],[139.1151008,36.0232126],[139.1150896,36.0231159],[139.1150989,36.0231011],[139.1152025,36.0232727]]]},"properties":{"layer":"landuse","class_code":"211","class_label":"住宅用地（住宅、共同住宅、店舗等併用住宅、店舗等併用共同住宅、作業所併用住宅）"}},{"type":"Feature","id":"luse_bf348abc-2cac-4641-9274-cdcf3fe160e4","geometry":{"type":"Polygon","coordinates":[[[139.1226015,36.0237211],[139.1226001,36.0237228],[139.1224835,36.0238712],[139.1224807,36.0238748],[139.1224742,36.0238693],[139.122352,36.0237688],[139.1223148,36.023738],[139.1223684,36.0236659],[139.1224101,36.0236088],[139.1224299,36.0235878],[139.1226015,36.0237211]]]},"properties":{"layer":"landuse","class_code":"211","class_label":"住宅用地（住宅、共同住宅、店舗等併用住宅、店舗等併用共同住宅、作業所併用住宅）"}},{"type":"Feature","id":"luse_1895c339-3593-409d-9ba7-36df23145f5d","geometry":{"type":"Polygon","coordinates":[[[139.1194321,36.0236759],[139.1194182,36.0236853],[139.1193249,36.023752],[139.1192147,36.0238285],[139.1191799,36.0238502],[139.1191679,36.0238564],[139.1190747,36.023781],[139.1190569,36.0237666],[139.1191953,36.0236548],[139.1191704,36.0236356],[139.1190954,36.0235777],[139.1190936,36.0235763],[139.119195,36.023497],[139.1191961,36.0234978],[139.1194321,36.0236759]]]},"properties":{"layer":"landuse","class_code":"211","class_label":"住宅用地（住宅、共同住宅、店舗等併用住宅、店舗等併用共同住宅、作業所併用住宅）"}},{"type":"Feature","id":"luse_8e3ed324-69f5-4b94-bab9-9b468074a0cf","geometry":{"type":"Polygon","coordinates":[[[139.1185262,36.0236343],[139.1185588,36.0236381],[139.1186243,36.0237428],[139.1186518,36.0238471],[139.1186213,36.0238525],[139.1185593,36.0238636],[139.1184505,36.0238829],[139.118428,36.0238154],[139.1184121,36.0237677],[139.1184636,36.0237606],[139.11843,36.0236532],[139.1184561,36.023641],[139.1185045,36.0236342],[139.1185262,36.0236343]]]},"properties":{"layer":"landuse","class_code":"211","class_label":"住宅用地（住宅、共同住宅、店舗等併用住宅、店舗等併用共同住宅、作業所併用住宅）"}},{"type":"Feature","id":"luse_7bb852af-bec9-4ba4-89c0-bbe803ca474a","geometry":{"type":"Polygon","coordinates":[[[139.1224607,36.0239033],[139.1224659,36.023908],[139.1223101,36.0239689],[139.1222116,36.0239841],[139.122185,36.0238702],[139.1220189,36.0238772],[139.1219527,36.0237884],[139.1221371,36.0236708],[139.1221591,36.0236567],[139.122179,36.0236726],[139.1224607,36.0239033]]]},"properties":{"layer":"landuse","class_code":"211","class_label":"住宅用地（住宅、共同住宅、店舗等併用住宅、店舗等併用共同住宅、作業所併用住宅）"}},{"type":"Feature","id":"luse_dbb726fd-dad6-46ab-8ec6-b3e73b54b6ef","geometry":{"type":"Polygon","coordinates":[[[139.1162297,36.0239357],[139.1162364,36.0239718],[139.1159421,36.0240612],[139.1159205,36.0240136],[139.1159184,36.024009],[139.1160118,36.0239542],[139.1160485,36.0239336],[139.1160978,36.0239143],[139.1161482,36.0239002],[139.1162192,36.0238863],[139.1162206,36.0238861],[139.1162297,36.0239357]]]},"properties":{"layer":"landuse","class_code":"211","class_label":"住宅用地（住宅、共同住宅、店舗等併用住宅、店舗等併用共同住宅、作業所併用住宅）"}},{"type":"Feature","id":"luse_905bed68-3143-425b-b525-5bf1c66532d7","geometry":{"type":"Polygon","coordinates":[[[139.1178756,36.0239476],[139.1179232,36.0239634],[139.1178496,36.0240853],[139.117816,36.024073],[139.1178157,36.0240729],[139.1177464,36.0240465],[139.1176508,36.0240066],[139.1176423,36.0240028],[139.1177117,36.0239065],[139.1178756,36.0239476]]]},"properties":{"layer":"landuse","class_code":"211","class_label":"住宅用地（住宅、共同住宅、店舗等併用住宅、店舗等併用共同住宅、作業所併用住宅）"}},{"type":"Feature","id":"luse_2ace84c4-4bd2-4cb9-92c2-31a8b740babc","geometry":{"type":"Polygon","coordinates":[[[139.1229764,36.0240423],[139.1229048,36.0240666],[139.1228167,36.0240936],[139.1227464,36.0241148],[139.1227299,36.0240996],[139.122675,36.0240499],[139.1226198,36.0239999],[139.1225552,36.0239414],[139.1224965,36.0238886],[139.1224989,36.0238856],[139.1226192,36.0237322],[139.1227516,36.0235503],[139.1227533,36.0235028],[139.1228094,36.0234105],[139.1229569,36.0235016],[139.1230719,36.0233938],[139.1232068,36.0234622],[139.1232561,36.0234829],[139.1232434,36.0235028],[139.1232431,36.0235032],[139.1231869,36.0235678],[139.1231797,36.0235748],[139.1235119,36.0237024],[139.1234167,36.0238653],[139.1233743,36.0238542],[139.123373,36.0238538],[139.1233428,36.0238457],[139.1233328,36.0238715],[139.1233225,36.0239003],[139.1233175,36.0239279],[139.1232871,36.023925],[139.1231962,36.0239604],[139.1231295,36.0239863],[139.1230279,36.0238796],[139.122887,36.0239641],[139.1229764,36.0240423]]]},"properties":{"layer":"landuse","class_code":"211","class_label":"住宅用地（住宅、共同住宅、店舗等併用住宅、店舗等併用共同住宅、作業所併用住宅）"}},{"type":"Feature","id":"luse_e74c09bf-85ee-4672-bbb3-d6e1e5c608b3","geometry":{"type":"Polygon","coordinates":[[[139.1134063,36.0240246],[139.1134053,36.0240891],[139.1133666,36.024113],[139.1133663,36.024113],[139.1132527,36.0240717],[139.113083,36.0239974],[139.1130233,36.0239741],[139.1129423,36.0239485],[139.1129419,36.0239484],[139.1128034,36.0239112],[139.1127949,36.023909],[139.1127949,36.0239084],[139.1128338,36.0236709],[139.1128366,36.0236275],[139.1128336,36.023586],[139.1128213,36.0235411],[139.1128102,36.0235123],[139.1128029,36.0234931],[139.1127728,36.0234273],[139.1127747,36.0234172],[139.112793,36.023316],[139.1127944,36.0232561],[139.1127826,36.0231937],[139.1127344,36.0229122],[139.1127611,36.0229102],[139.1127615,36.0229102],[139.1128051,36.0229078],[139.1129645,36.0228991],[139.1129648,36.0228991],[139.113177,36.0228934],[139.1131759,36.0230175],[139.1134026,36.0230189],[139.1134232,36.0230183],[139.113423,36.0230448],[139.1134225,36.0231171],[139.1134211,36.0232926],[139.1134137,36.0235328],[139.1134119,36.0237156],[139.113411,36.0237615],[139.1133869,36.0237803],[139.1133826,36.0237803],[139.1133292,36.0237796],[139.1132365,36.0237784],[139.113236,36.0238144],[139.1132344,36.0239419],[139.1134079,36.0239318],[139.1134063,36.0240246]]]},"properties":{"layer":"landuse","class_code":"211","class_label":"住宅用地（住宅、共同住宅、店舗等併用住宅、店舗等併用共同住宅、作業所併用住宅）"}},{"type":"Feature","id":"luse_99a13e32-dcd5-4914-a755-21c3c13855d1","geometry":{"type":"Polygon","coordinates":[[[139.1186456,36.0241024],[139.1186,36.024125],[139.1185623,36.0241488],[139.1184718,36.0240163],[139.1185302,36.0239924],[139.1185434,36.0239937],[139.1185805,36.0240373],[139.1185984,36.0240481],[139.1186197,36.0240435],[139.1186765,36.0240195],[139.1187008,36.0240092],[139.1187687,36.0239715],[139.1189334,36.0238835],[139.1189452,36.0238843],[139.118956,36.0238929],[139.1190097,36.0239355],[139.1189314,36.0239727],[139.1189122,36.0239814],[139.1186456,36.0241024]]]},"properties":{"layer":"landuse","class_code":"211","class_label":"住宅用地（住宅、共同住宅、店舗等併用住宅、店舗等併用共同住宅、作業所併用住宅）"}},{"type":"Feature","id":"luse_6f63b443-9c5e-421f-8184-9da1ab93636e","geometry":{"type":"Polygon","coordinates":[[[139.1129033,36.0239712],[139.1129073,36.0241197],[139.1127727,36.0241217],[139.1127799,36.0239381],[139.1129033,36.0239712]]]},"properties":{"layer":"landuse","class_code":"211","class_label":"住宅用地（住宅、共同住宅、店舗等併用住宅、店舗等併用共同住宅、作業所併用住宅）"}},{"type":"Feature","id":"luse_8dbcf783-f4b2-41ec-93d3-a12605777827","geometry":{"type":"Polygon","coordinates":[[[139.1126353,36.0241238],[139.1125,36.024125873269014],[139.1125,36.02399251895113],[139.1126421,36.0239976],[139.1126353,36.0241238]]]},"properties":{"layer":"landuse","class_code":"211","class_label":"住宅用地（住宅、共同住宅、店舗等併用住宅、店舗等併用共同住宅、作業所併用住宅）"}},{"type":"Feature","id":"luse_63c19627-9081-4eba-8b3d-c046627dd4a4","geometry":{"type":"Polygon","coordinates":[[[139.1139048,36.0241711],[139.1139003,36.0241705],[139.1138901,36.0241692],[139.1138101,36.0241646],[139.1137978,36.0241639],[139.1137845,36.0241632],[139.1134644,36.0241476],[139.1134667,36.0240312],[139.1138983,36.0240059],[139.1139048,36.0241711]]]},"properties":{"layer":"landuse","class_code":"211","class_label":"住宅用地（住宅、共同住宅、店舗等併用住宅、店舗等併用共同住宅、作業所併用住宅）"}},{"type":"Feature","id":"luse_cb6d4050-7523-4194-b591-63631c24812c","geometry":{"type":"Polygon","coordinates":[[[139.1249769,36.0240374],[139.125,36.02412880505618],[139.125,36.0242434286927],[139.1249112,36.0242279],[139.1247645,36.0242022],[139.1247993,36.0240316],[139.1249769,36.0240374]]]},"properties":{"layer":"landuse","class_code":"211","class_label":"住宅用地（住宅、共同住宅、店舗等併用住宅、店舗等併用共同住宅、作業所併用住宅）"}},{"type":"Feature","id":"luse_1bc4ac58-6c0a-4531-a003-382f50964d57","geometry":{"type":"Polygon","coordinates":[[[139.1130398,36.0240154],[139.1130653,36.0240254],[139.1131437,36.0240614],[139.1131974,36.0240862],[139.1132409,36.0241061],[139.1132575,36.0242067],[139.1132571,36.0242067],[139.1132472,36.0242084],[139.1132119,36.0242143],[139.1131416,36.0242262],[139.1130581,36.0242404],[139.1130288,36.0240825],[139.1130475,36.0240808],[139.1130346,36.0240134],[139.1130398,36.0240154]]]},"properties":{"layer":"landuse","class_code":"211","class_label":"住宅用地（住宅、共同住宅、店舗等併用住宅、店舗等併用共同住宅、作業所併用住宅）"}},{"type":"Feature","id":"luse_9ff1151f-21cb-46f7-b0ea-5888a7c85c3d","geometry":{"type":"Polygon","coordinates":[[[139.1215972,36.0241067],[139.1216157,36.0243106],[139.12158,36.0243043],[139.1215743,36.0243033],[139.1215123,36.0242925],[139.1214329,36.0242751],[139.1214325,36.024275],[139.1213625,36.0242625],[139.1213621,36.0242624],[139.1213491,36.0242609],[139.1213224,36.0241406],[139.1212929,36.0240477],[139.1212886,36.0240342],[139.1212817,36.0240158],[139.121334,36.0239846],[139.1215433,36.0239193],[139.1215772,36.0239276],[139.1215913,36.0240146],[139.1215972,36.0241067]]]},"properties":{"layer":"landuse","class_code":"211","class_label":"住宅用地（住宅、共同住宅、店舗等併用住宅、店舗等併用共同住宅、作業所併用住宅）"}},{"type":"Feature","id":"luse_793ee53a-3f11-4dcb-aaf9-879d24ef9352","geometry":{"type":"Polygon","coordinates":[[[139.1152135,36.0242381],[139.1151488,36.0242575],[139.1150897,36.0242727],[139.1150893,36.0242728],[139.1150776,36.0242746],[139.115049,36.024279],[139.1150036,36.0242797],[139.1149521,36.0242775],[139.114903,36.0242728],[139.1148588,36.0241252],[139.1148291,36.0240492],[139.1148195,36.0240264],[139.114841,36.0240261],[139.1147816,36.023891],[139.1148018,36.0238565],[139.1150811,36.023805],[139.1151283,36.0239561],[139.1153034,36.023924],[139.1155744,36.0238179],[139.1155383,36.0237311],[139.1156496,36.0236978],[139.115693,36.0237606],[139.115654,36.0239069],[139.1154668,36.0239699],[139.1155078,36.0240638],[139.1155307,36.0241161],[139.1155311,36.024117],[139.1155125,36.0241471],[139.1154885,36.0241543],[139.1153298,36.0242026],[139.1152667,36.0242219],[139.1152135,36.0242381]]]},"properties":{"layer":"landuse","class_code":"211","class_label":"住宅用地（住宅、共同住宅、店舗等併用住宅、店舗等併用共同住宅、作業所併用住宅）"}},{"type":"Feature","id":"luse_68b736de-4702-408d-bb50-d2a55d090ba6","geometry":{"type":"Polygon","coordinates":[[[139.1238744,36.0243488],[139.1238781,36.0243096],[139.1237562,36.0242952],[139.1237793,36.0241717],[139.1238897,36.0241875],[139.1239115,36.0241086],[139.1239413,36.0241151],[139.1241726,36.0241644],[139.1241071,36.0243577],[139.1238744,36.0243488]]]},"properties":{"layer":"landuse","class_code":"211","class_label":"住宅用地（住宅、共同住宅、店舗等併用住宅、店舗等併用共同住宅、作業所併用住宅）"}},{"type":"Feature","id":"luse_83826d24-111d-412a-82da-3fd9d003716b","geometry":{"type":"Polygon","coordinates":[[[139.1210846,36.0240042],[139.1211386,36.0242338],[139.1211179,36.0242584],[139.1210213,36.0242746],[139.1210209,36.0242747],[139.1209526,36.0242925],[139.1209484,36.0242938],[139.1207863,36.0243434],[139.1206744,36.0243691],[139.1206596,36.0243707],[139.1206592,36.0243707],[139.1206523,36.0243714],[139.1206304,36.02418],[139.1206209,36.0241094],[139.1206114,36.0240663],[139.1205812,36.0239776],[139.1205653,36.0239349],[139.1205827,36.0239118],[139.1207202,36.0238917],[139.1207206,36.0238917],[139.1207432,36.0239066],[139.1209651,36.0238742],[139.1209143,36.0236738],[139.1208701,36.023592],[139.1208697,36.0235921],[139.1208295,36.0236064],[139.1208718,36.0236848],[139.1209032,36.0238086],[139.1208844,36.023831],[139.1205671,36.0238774],[139.1205389,36.0238633],[139.1205334,36.0238483],[139.1204798,36.0236971],[139.1204214,36.0235413],[139.1203677,36.0233992],[139.1203365,36.0233248],[139.1203181,36.0232807],[139.1203233,36.0232818],[139.1206389,36.0233454],[139.1206392,36.0233455],[139.1207025,36.0233575],[139.1207583,36.023361],[139.1208523,36.0233604],[139.1209552,36.0233533],[139.1209562,36.0233526],[139.1210843,36.0236207],[139.1212011,36.0238284],[139.1211911,36.0238319],[139.1212255,36.0238982],[139.1212499,36.0239618],[139.1212778,36.0240366],[139.1212798,36.024043],[139.1213115,36.0241426],[139.1213376,36.0242595],[139.1213372,36.0242595],[139.1213238,36.0242579],[139.1213234,36.0242579],[139.1212546,36.0242521],[139.1212542,36.0242521],[139.1212097,36.0242513],[139.1211837,36.0242335],[139.1211281,36.0239975],[139.1210846,36.0240042]]]},"properties":{"layer":"landuse","class_code":"211","class_label":"住宅用地（住宅、共同住宅、店舗等併用住宅、店舗等併用共同住宅、作業所併用住宅）"}},{"type":"Feature","id":"luse_816ab468-122a-450e-8e1e-6a3f163c86f0","geometry":{"type":"Polygon","coordinates":[[[139.1164645,36.0238406],[139.1164763,36.0239334],[139.1167529,36.0240526],[139.1169877,36.0242621],[139.1168357,36.0243836],[139.116829,36.0243686],[139.1168015,36.0243474],[139.1166038,36.024195],[139.1163384,36.0240395],[139.1163343,36.0240169],[139.1163298,36.0239919],[139.1163015,36.0238372],[139.1164074,36.0238244],[139.1164338,36.0238213],[139.1164645,36.0238406]]]},"properties":{"layer":"landuse","class_code":"211","class_label":"住宅用地（住宅、共同住宅、店舗等併用住宅、店舗等併用共同住宅、作業所併用住宅）"}},{"type":"Feature","id":"luse_a2ba9899-0d38-432d-a00f-cab0d5648321","geometry":{"type":"Polygon","coordinates":[[[139.1160636,36.0243409],[139.1158679,36.0243883],[139.1157507,36.0241054],[139.1157723,36.024095],[139.1158809,36.0240311],[139.1159361,36.0241526],[139.1159482,36.0241793],[139.1159627,36.0242113],[139.1159653,36.0242105],[139.1159882,36.0242037],[139.1160035,36.0241992],[139.1160636,36.0243409]]]},"properties":{"layer":"landuse","class_code":"211","class_label":"住宅用地（住宅、共同住宅、店舗等併用住宅、店舗等併用共同住宅、作業所併用住宅）"}},{"type":"Feature","id":"luse_4cd7cee4-b8b8-4caa-bfbc-4f1196bd9ce2","geometry":{"type":"Polygon","coordinates":[[[139.1196743,36.0244094],[139.1195792,36.0244113],[139.1195788,36.0244113],[139.11952,36.0244118],[139.1194914,36.0244121],[139.1194149,36.0244098],[139.1193462,36.0244054],[139.119281,36.0243986],[139.1192958,36.0243104],[139.119321,36.0243105],[139.1193326,36.0242562],[139.1193436,36.0242563],[139.1193913,36.0240972],[139.1191928,36.023882],[139.1192391,36.023853],[139.1193503,36.0237759],[139.1194437,36.0237093],[139.1195014,36.0236701],[139.1196216,36.0236008],[139.1196571,36.0235862],[139.1197812,36.0235485],[139.1199497,36.0234952],[139.1199813,36.0234845],[139.1200266,36.0234691],[139.120087,36.0234452],[139.120135,36.0234181],[139.1201671,36.023388],[139.1202397,36.023316],[139.1202494,36.0233034],[139.1202662,36.0232815],[139.1203007,36.0233093],[139.1203413,36.0234061],[139.1203786,36.0235047],[139.120395,36.0235479],[139.1204316,36.0236458],[139.1203934,36.0236621],[139.1202411,36.0237273],[139.1201999,36.023745],[139.120039,36.0238103],[139.119929,36.0238407],[139.1199325,36.0238492],[139.1199751,36.0239563],[139.1199194,36.0239789],[139.119948,36.0240392],[139.1199467,36.0241813],[139.1197766,36.0241905],[139.1196741,36.0243266],[139.1196743,36.0244094]]]},"properties":{"layer":"landuse","class_code":"211","class_label":"住宅用地（住宅、共同住宅、店舗等併用住宅、店舗等併用共同住宅、作業所併用住宅）"}},{"type":"Feature","id":"luse_9127958d-0729-4085-aed8-a6b7ac9e6753","geometry":{"type":"Polygon","coordinates":[[[139.1238744,36.0243488],[139.1238605,36.0244581],[139.1233531,36.0244098],[139.1233127,36.0243789],[139.1233031,36.0243353],[139.1233187,36.0240679],[139.1233404,36.0240528],[139.123342,36.0240352],[139.123346,36.0240349],[139.123361,36.0240336],[139.1233614,36.0240336],[139.1233764,36.0240335],[139.1233946,36.0240334],[139.1234398,36.0240349],[139.1234909,36.0240396],[139.1234913,36.0240397],[139.1236277,36.0240532],[139.1236548,36.0240568],[139.1237042,36.0240635],[139.1236703,36.024316],[139.1238744,36.0243488]]]},"properties":{"layer":"landuse","class_code":"211","class_label":"住宅用地（住宅、共同住宅、店舗等併用住宅、店舗等併用共同住宅、作業所併用住宅）"}},{"type":"Feature","id":"luse_2aa6297b-a05a-4612-ba21-be3272a04dd9","geometry":{"type":"Polygon","coordinates":[[[139.1228772,36.0242434],[139.1228834,36.0242907],[139.1229148,36.0243839],[139.1229315,36.0244271],[139.122926,36.0244355],[139.1229119,36.0244394],[139.1227766,36.0244597],[139.122729,36.0244668],[139.1225959,36.0244774],[139.1225656,36.0244765],[139.1224952,36.024472],[139.1224302,36.0244676],[139.1224135,36.0244612],[139.1224208,36.0244255],[139.1224253,36.0244035],[139.1224804,36.0242718],[139.1225466,36.0242572],[139.1226865,36.0242257],[139.1227952,36.024201],[139.1228201,36.0241935],[139.1228575,36.0241823],[139.1228757,36.0241767],[139.1228772,36.0242434]]]},"properties":{"layer":"landuse","class_code":"211","class_label":"住宅用地（住宅、共同住宅、店舗等併用住宅、店舗等併用共同住宅、作業所併用住宅）"}},{"type":"Feature","id":"luse_bc5b5906-de03-425f-b93b-4f6496a8d522","geometry":{"type":"Polygon","coordinates":[[[139.1139062,36.0245193],[139.1137092,36.0245211],[139.1137007,36.0243561],[139.1134898,36.0243672],[139.1134879,36.0243581],[139.1134699,36.0242815],[139.1134554,36.0242201],[139.1134666,36.0242189],[139.1135508,36.0242105],[139.1135916,36.0242065],[139.113883,36.024223],[139.1139062,36.0245193]]]},"properties":{"layer":"landuse","class_code":"211","class_label":"住宅用地（住宅、共同住宅、店舗等併用住宅、店舗等併用共同住宅、作業所併用住宅）"}},{"type":"Feature","id":"luse_6a4fc1f9-a636-4960-9cf9-465a7a56fdc9","geometry":{"type":"Polygon","coordinates":[[[139.1223865,36.02452],[139.1221967,36.0246236],[139.1221776,36.0246294],[139.1220435,36.0246331],[139.1220278,36.0243688],[139.1220927,36.0243557],[139.1221492,36.0243442],[139.1223823,36.0242936],[139.1224607,36.0242762],[139.1224611,36.0242762],[139.1224435,36.0243182],[139.1224092,36.0244002],[139.1224022,36.024434],[139.1223898,36.0244946],[139.1223867,36.0245189],[139.1223865,36.02452]]]},"properties":{"layer":"landuse","class_code":"211","class_label":"住宅用地（住宅、共同住宅、店舗等併用住宅、店舗等併用共同住宅、作業所併用住宅）"}},{"type":"Feature","id":"luse_dce04df3-3f9a-4c24-9935-37649a6416ed","geometry":{"type":"Polygon","coordinates":[[[139.1232636,36.0243613],[139.1232807,36.0244392],[139.1237735,36.0244861],[139.1237739,36.0244861],[139.1237875,36.0245003],[139.1237777,36.0245722],[139.1238434,36.0245785],[139.1238437,36.0245785],[139.1238354,36.024648],[139.1237639,36.0246384],[139.1237597,36.0246378],[139.1235134,36.0246147],[139.1234929,36.024613],[139.1233097,36.0245975],[139.1233023,36.0245943],[139.1232657,36.0245445],[139.123202,36.0243502],[139.1232465,36.0243499],[139.1232636,36.0243613]]]},"properties":{"layer":"landuse","class_code":"211","class_label":"住宅用地（住宅、共同住宅、店舗等併用住宅、店舗等併用共同住宅、作業所併用住宅）"}},{"type":"Feature","id":"luse_803a8785-d1cd-40d4-8c36-345be7adac03","geometry":{"type":"Polygon","coordinates":[[[139.1148715,36.0245539],[139.1148849,36.0246185],[139.1147583,36.0246232],[139.1147002,36.0246253],[139.1146738,36.0245201],[139.1145897,36.0245289],[139.1145857,36.0245125],[139.1145615,36.0244309],[139.114554,36.0243855],[139.1145422,36.0243189],[139.114544,36.0243054],[139.1145459,36.0242909],[139.1148533,36.0243203],[139.1148517,36.0244197],[139.1148508,36.0244732],[139.1148718,36.0244734],[139.1148715,36.0245539]]]},"properties":{"layer":"landuse","class_code":"211","class_label":"住宅用地（住宅、共同住宅、店舗等併用住宅、店舗等併用共同住宅、作業所併用住宅）"}},{"type":"Feature","id":"luse_d2b5c0f8-fd84-445e-9813-66d43a4217b7","geometry":{"type":"Polygon","coordinates":[[[139.1178639,36.0245718],[139.1178604,36.0246154],[139.1178499,36.0246421],[139.1178348,36.0246636],[139.1178097,36.0246804],[139.117777,36.0246882],[139.1176951,36.0246851],[139.1176504,36.0246741],[139.1176053,36.024646],[139.1175524,36.0245985],[139.1175254,36.0245766],[139.1175022,36.0245684],[139.1174506,36.0245701],[139.1174586,36.0245489],[139.1174622,36.0245007],[139.1174605,36.0244538],[139.1174591,36.0244151],[139.1174639,36.024384],[139.1174807,36.0243478],[139.1175188,36.0242913],[139.1175856,36.0242018],[139.117605,36.024179],[139.1176347,36.0241875],[139.1176171,36.0242558],[139.1176112,36.0242996],[139.1176047,36.024353],[139.1176376,36.0243556],[139.117638,36.0243557],[139.1176443,36.0243024],[139.1176491,36.0242678],[139.1177161,36.024339],[139.1177589,36.0244069],[139.1177814,36.0244439],[139.1178013,36.0244969],[139.1178759,36.0244987],[139.1178659,36.0245209],[139.1178639,36.0245718]]]},"properties":{"layer":"landuse","class_code":"211","class_label":"住宅用地（住宅、共同住宅、店舗等併用住宅、店舗等併用共同住宅、作業所併用住宅）"}},{"type":"Feature","id":"luse_e6b48d17-f283-4d9e-8afa-7f98aee63c55","geometry":{"type":"Polygon","coordinates":[[[139.1244705,36.0243307],[139.1245751,36.0243687],[139.1246447,36.0243928],[139.1246112,36.024458],[139.1245666,36.0245551],[139.1244904,36.0245353],[139.1244544,36.024609],[139.1243703,36.0245888],[139.1243207,36.0247384],[139.1241896,36.0247206],[139.1241544,36.0247168],[139.1242007,36.0244361],[139.1242226,36.0243627],[139.1243957,36.0244045],[139.1244139,36.0243979],[139.124446,36.0244047],[139.1244463,36.0244047],[139.1244705,36.0243307]]]},"properties":{"layer":"landuse","class_code":"211","class_label":"住宅用地（住宅、共同住宅、店舗等併用住宅、店舗等併用共同住宅、作業所併用住宅）"}},{"type":"Feature","id":"luse_1ed55854-dfde-4380-bd59-65a1bf0f8a27","geometry":{"type":"Polygon","coordinates":[[[139.1153855,36.024521],[139.1153968,36.0245653],[139.1154202,36.0246572],[139.1153059,36.0246771],[139.1151889,36.024701],[139.1151383,36.0245057],[139.1153698,36.0244652],[139.1153855,36.024521]]]},"properties":{"layer":"landuse","class_code":"211","class_label":"住宅用地（住宅、共同住宅、店舗等併用住宅、店舗等併用共同住宅、作業所併用住宅）"}},{"type":"Feature","id":"luse_24aa6e04-f8f7-47c3-94f5-eb747e6bef85","geometry":{"type":"Polygon","coordinates":[[[139.1157372,36.0247705],[139.1157352,36.0247708],[139.1157332,36.024771],[139.1156931,36.0247762],[139.1155061,36.0248005],[139.1154887,36.0248027],[139.1154639,36.0246968],[139.1154604,36.0246816],[139.115418,36.0245153],[139.1153751,36.0243625],[139.115363,36.0243219],[139.1153395,36.024243],[139.1153409,36.0242426],[139.1155661,36.0241796],[139.1155695,36.0241786],[139.1155924,36.0241722],[139.1156715,36.0244196],[139.1156844,36.0244906],[139.1157372,36.0247705]]]},"properties":{"layer":"landuse","class_code":"211","class_label":"住宅用地（住宅、共同住宅、店舗等併用住宅、店舗等併用共同住宅、作業所併用住宅）"}},{"type":"Feature","id":"luse_5564d722-55e2-4ea9-9a49-02cf26161e0f","geometry":{"type":"Polygon","coordinates":[[[139.1203091,36.0244825],[139.1203036,36.0247203],[139.1201418,36.0247189],[139.1201379,36.0249114],[139.1201109,36.0249021],[139.120008,36.0248694],[139.1200077,36.0248693],[139.1199036,36.0248427],[139.1199144,36.024738],[139.1199805,36.0247384],[139.1199821,36.0246584],[139.1198113,36.0246578],[139.1197701,36.0246569],[139.1197135,36.0247938],[139.1195838,36.0247603],[139.1195216,36.0247443],[139.1194464,36.0247236],[139.1193716,36.0246985],[139.1192389,36.0246538],[139.1192359,36.024537],[139.1192478,36.0245102],[139.119273,36.0244887],[139.1193348,36.0244951],[139.1194085,36.0244997],[139.1194899,36.0245022],[139.1195809,36.0245014],[139.1195812,36.0245014],[139.1197249,36.0244985],[139.1197742,36.0244973],[139.1200036,36.0244914],[139.1201253,36.0244883],[139.1201496,36.0244875],[139.1203091,36.0244825]]]},"properties":{"layer":"landuse","class_code":"211","class_label":"住宅用地（住宅、共同住宅、店舗等併用住宅、店舗等併用共同住宅、作業所併用住宅）"}},{"type":"Feature","id":"luse_8884f19c-da58-4e07-a88e-e5ecba9e60ad","geometry":{"type":"Polygon","coordinates":[[[139.1166412,36.024892],[139.1166361,36.0248927],[139.1166151,36.0247777],[139.1167891,36.0247496],[139.1169339,36.0247251],[139.1169052,36.0245229],[139.117145,36.0245419],[139.1171881,36.0243784],[139.1171276,36.0243271],[139.1172139,36.0242297],[139.1170761,36.0241573],[139.1171653,36.0240419],[139.1168856,36.0239178],[139.1167737,36.0240207],[139.116518,36.0239105],[139.1165079,36.0238312],[139.1165282,36.0238099],[139.1165788,36.0238038],[139.1166074,36.0237902],[139.1166649,36.023763],[139.1167579,36.023719],[139.1168295,36.0237474],[139.116942,36.0237969],[139.1171591,36.0238912],[139.1172977,36.023953],[139.1173777,36.0239882],[139.1174173,36.0240054],[139.1175263,36.0240549],[139.1175457,36.0240633],[139.1175994,36.0240865],[139.1176013,36.0240872],[139.1176124,36.024107],[139.1175484,36.0241822],[139.1174804,36.0242733],[139.1174446,36.024326],[139.1174321,36.0243594],[139.1174292,36.0243807],[139.1174311,36.0244139],[139.1174345,36.0245004],[139.117431,36.0245449],[139.1174222,36.0245684],[139.1174109,36.0245842],[139.1173708,36.0246153],[139.1173183,36.0246536],[139.1172745,36.0246944],[139.1172292,36.0247401],[139.1171831,36.0247913],[139.1171778,36.0247989],[139.1171775,36.0247989],[139.1171394,36.0248058],[139.1169897,36.0248328],[139.1169109,36.0248464],[139.1168457,36.0248577],[139.1168097,36.0248639],[139.1166582,36.0248891],[139.1166412,36.024892]]]},"properties":{"layer":"landuse","class_code":"211","class_label":"住宅用地（住宅、共同住宅、店舗等併用住宅、店舗等併用共同住宅、作業所併用住宅）"}},{"type":"Feature","id":"luse_34f078ac-105a-4571-8612-0bfdb6dd3cb5","geometry":{"type":"Polygon","coordinates":[[[139.1186781,36.024807],[139.1185954,36.024918],[139.1184381,36.0248224],[139.1185172,36.024716],[139.1185863,36.0246419],[139.1186709,36.0245514],[139.1187992,36.0243835],[139.1188829,36.0244085],[139.1188264,36.0245132],[139.1189208,36.0245415],[139.1189562,36.0245229],[139.1189869,36.024535],[139.1190267,36.0244679],[139.1190856,36.0244947],[139.1191324,36.02462],[139.1191303,36.0246644],[139.1190448,36.0247547],[139.1188313,36.0246461],[139.1186781,36.024807]]]},"properties":{"layer":"landuse","class_code":"211","class_label":"住宅用地（住宅、共同住宅、店舗等併用住宅、店舗等併用共同住宅、作業所併用住宅）"}},{"type":"Feature","id":"luse_2ed28935-bccf-4fde-b31f-88d88efcfbf3","geometry":{"type":"Polygon","coordinates":[[[139.1129271,36.024865],[139.1127346,36.0248851],[139.1126575,36.0248931],[139.112626,36.0248964],[139.1126023,36.0248803],[139.1125902,36.0248046],[139.112588,36.0247903],[139.1125843,36.0247679],[139.1125734,36.0246996],[139.112566,36.0246456],[139.1125612,36.0246107],[139.1125241,36.0243672],[139.1128427,36.0243135],[139.1128724,36.0243086],[139.1129225,36.0245471],[139.1129618,36.0247313],[139.1129658,36.0247535],[139.1129811,36.0248593],[139.1129271,36.024865]]]},"properties":{"layer":"landuse","class_code":"211","class_label":"住宅用地（住宅、共同住宅、店舗等併用住宅、店舗等併用共同住宅、作業所併用住宅）"}},{"type":"Feature","id":"luse_a1fdbc8d-2f62-4053-b6b8-47e7a7ff3e4b","geometry":{"type":"Polygon","coordinates":[[[139.1152895,36.0249158],[139.114973,36.0249329],[139.1149344,36.0247576],[139.1149597,36.0247566],[139.1150081,36.0247525],[139.1150609,36.0247444],[139.1150614,36.0247443],[139.1151222,36.0247285],[139.115192,36.0247107],[139.115219,36.024706],[139.1152895,36.0249158]]]},"properties":{"layer":"landuse","class_code":"211","class_label":"住宅用地（住宅、共同住宅、店舗等併用住宅、店舗等併用共同住宅、作業所併用住宅）"}},{"type":"Feature","id":"luse_6f5f2d9b-65e7-4682-b5c2-03aafecaa389","geometry":{"type":"Polygon","coordinates":[[[139.1125172,36.0246148],[139.1125252,36.0246735],[139.1125283,36.0246958],[139.1125295,36.024704],[139.1125441,36.0247967],[139.1125477,36.0248191],[139.1125615,36.0249051],[139.1125622,36.0249096],[139.1125501,36.0249247],[139.1125497,36.0249248],[139.1125,36.02493414258312],[139.1125,36.02456333488372],[139.1125091,36.024562],[139.1125172,36.0246148]]]},"properties":{"layer":"landuse","class_code":"211","class_label":"住宅用地（住宅、共同住宅、店舗等併用住宅、店舗等併用共同住宅、作業所併用住宅）"}},{"type":"Feature","id":"luse_70951f46-0b70-4201-bc67-8b262bd8ab3a","geometry":{"type":"Polygon","coordinates":[[[139.11697919477774,36.025],[139.1169215,36.0248722],[139.1169968,36.0248593],[139.1171391,36.0248336],[139.1171555,36.0248306],[139.1171559,36.0248306],[139.1171444,36.0248468],[139.1171308,36.0248803],[139.1171247,36.0249125],[139.1171247,36.0249433],[139.1171307,36.0249724],[139.1171428549669,36.025],[139.11697919477774,36.025]]]},"properties":{"layer":"landuse","class_code":"211","class_label":"住宅用地（住宅、共同住宅、店舗等併用住宅、店舗等併用共同住宅、作業所併用住宅）"}},{"type":"Feature","id":"luse_d2ae4c5f-ef3a-4044-a061-eb7e67434d72","geometry":{"type":"Polygon","coordinates":[[[139.1157689,36.0249903],[139.1157704,36.0249987],[139.11577061750972,36.025],[139.11549152286375,36.025],[139.115487,36.0249388],[139.1155196,36.0249337],[139.1155169,36.024922],[139.1157521,36.0248917],[139.1157689,36.0249903]]]},"properties":{"layer":"landuse","class_code":"211","class_label":"住宅用地（住宅、共同住宅、店舗等併用住宅、店舗等併用共同住宅、作業所併用住宅）"}},{"type":"Feature","id":"luse_8e79e3fd-bee5-42a4-bf5d-fa7af8fbadd3","geometry":{"type":"Polygon","coordinates":[[[139.1194933,36.024931],[139.1194863,36.0249503],[139.1195355,36.0249969],[139.1195334749488,36.025],[139.1192165731415,36.025],[139.1192202,36.0249801],[139.1192293,36.0248847],[139.1194678,36.0249222],[139.1194933,36.024931]]]},"properties":{"layer":"landuse","class_code":"211","class_label":"住宅用地（住宅、共同住宅、店舗等併用住宅、店舗等併用共同住宅、作業所併用住宅）"}},{"type":"Feature","id":"luse_d67931b3-062f-46a2-9b4a-5e5c2ecfc504","geometry":{"type":"Polygon","coordinates":[[[139.1191135,36.0249325],[139.1191099,36.0249701],[139.1191044407945,36.025],[139.11877001196015,36.025],[139.1188628,36.0248952],[139.1189338,36.0249217],[139.118981,36.0248729],[139.1191135,36.0249325]]]},"properties":{"layer":"landuse","class_code":"211","class_label":"住宅用地（住宅、共同住宅、店舗等併用住宅、店舗等併用共同住宅、作業所併用住宅）"}},{"type":"Feature","id":"luse_0269bab4-6323-41cf-8704-ff7bdd821e00","geometry":{"type":"Polygon","coordinates":[[[139.1207224628242,36.025],[139.1203176151899,36.025],[139.1203068,36.0249911],[139.1203065,36.0249909],[139.1203063,36.0249473],[139.1205173,36.0249373],[139.1207055,36.0249153],[139.1207108,36.0249145],[139.1207224628242,36.025]]]},"properties":{"layer":"landuse","class_code":"211","class_label":"住宅用地（住宅、共同住宅、店舗等併用住宅、店舗等併用共同住宅、作業所併用住宅）"}},{"type":"Feature","id":"luse_dbd6f5f7-3cce-4ce5-954a-fe0d16d3b425","geometry":{"type":"Polygon","coordinates":[[[139.1183605,36.0249267],[139.11847899131354,36.025],[139.11787529184102,36.025],[139.1178645,36.0249715],[139.1178123,36.0248342],[139.1178277,36.0248263],[139.1180115,36.0247322],[139.1180326,36.0247208],[139.1180761,36.0246965],[139.1180851,36.0246914],[139.1180895,36.0246832],[139.1180923,36.0246575],[139.1181039,36.0245505],[139.1181058,36.0245334],[139.1181442,36.0244842],[139.1181538,36.0245065],[139.1181762,36.0245309],[139.1181941,36.0245202],[139.1181735,36.0244979],[139.1181667,36.0244819],[139.1181676,36.0244738],[139.1181793,36.0244561],[139.1182416,36.0243832],[139.1183148,36.0243109],[139.1183898,36.024324],[139.1183902,36.024324],[139.1185241,36.0243318],[139.1185245,36.0243318],[139.1185617,36.0243354],[139.118562,36.0243354],[139.1184422,36.0244709],[139.1183302,36.0245975],[139.1185,36.0246674],[139.1184757,36.0246932],[139.1183476,36.0248658],[139.1183174,36.0249064],[139.1183076,36.0249204],[139.1182791,36.0249232],[139.1181542,36.0249357],[139.1181078,36.0249403],[139.1181074,36.0249403],[139.1181008,36.024941],[139.1181047,36.0249769],[139.1181343,36.024974],[139.1181802,36.0249694],[139.1182504,36.0249625],[139.1182538,36.024964],[139.1183154,36.024992],[139.1183158,36.0249921],[139.1183605,36.0249267]]]},"properties":{"layer":"landuse","class_code":"211","class_label":"住宅用地（住宅、共同住宅、店舗等併用住宅、店舗等併用共同住宅、作業所併用住宅）"}},{"type":"Feature","id":"luse_d6f41028-5d3d-47f6-9807-b1ea700f0ec6","geometry":{"type":"Polygon","coordinates":[[[139.1201337,36.0249441],[139.1201862,36.0249655],[139.1202443,36.0249937],[139.12025522196262,36.025],[139.12005772903348,36.025],[139.1200962,36.0249313],[139.1201337,36.0249441]]]},"properties":{"layer":"landuse","class_code":"211","class_label":"住宅用地（住宅、共同住宅、店舗等併用住宅、店舗等併用共同住宅、作業所併用住宅）"}},{"type":"Feature","id":"luse_70585878-af23-400f-9a11-92caa0c69a55","geometry":{"type":"Polygon","coordinates":[[[139.11466038084558,36.025],[139.1146553,36.0249273],[139.1146358,36.0247928],[139.1147125,36.0247851],[139.1148314,36.0247711],[139.114837,36.0247706],[139.1149071,36.0247635],[139.114913,36.024763],[139.114956,36.0249585],[139.1149589,36.0249943],[139.1149578804878,36.025],[139.11466038084558,36.025]]]},"properties":{"layer":"landuse","class_code":"211","class_label":"住宅用地（住宅、共同住宅、店舗等併用住宅、店舗等併用共同住宅、作業所併用住宅）"}},{"type":"Feature","id":"luse_6b12b4d3-e8fb-4141-97bc-6b469ea797c6","geometry":{"type":"Polygon","coordinates":[[[139.1135144,36.0247599],[139.1135095,36.0248497],[139.1134946,36.024928],[139.11347006902656,36.025],[139.11304175043327,36.025],[139.1130396,36.0249736],[139.1130358,36.0249265],[139.1130213,36.0248269],[139.1130179,36.0248044],[139.1130081,36.0247375],[139.1130001,36.0247],[139.1129991,36.0246952],[139.1129663,36.0245411],[139.1129383,36.0244077],[139.1129376,36.0244045],[139.112915,36.0242968],[139.1129487,36.0242911],[139.1130063,36.0242814],[139.1131403,36.0242587],[139.1131811,36.0242518],[139.1131873,36.0242915],[139.1132108,36.0244459],[139.1132382,36.0245935],[139.1132501,36.0246686],[139.1132586,36.0247223],[139.1132804,36.02472],[139.1132808,36.02472],[139.1133915,36.0247181],[139.1135098,36.0246873],[139.1135144,36.0247599]]]},"properties":{"layer":"landuse","class_code":"211","class_label":"住宅用地（住宅、共同住宅、店舗等併用住宅、店舗等併用共同住宅、作業所併用住宅）"}},{"type":"Feature","id":"luse_94598a82-7906-4c91-8ed7-cb573739f30b","geometry":{"type":"Polygon","coordinates":[[[139.1209527290493,36.025],[139.1209527,36.024997],[139.1212041,36.0249891],[139.1212024753829,36.025],[139.1209527290493,36.025]]]},"properties":{"layer":"landuse","class_code":"211","class_label":"住宅用地（住宅、共同住宅、店舗等併用住宅、店舗等併用共同住宅、作業所併用住宅）"}},{"type":"Feature","id":"luse_210f42e8-e20d-43be-a446-cf8c979f1ab0","geometry":{"type":"Polygon","coordinates":[[[139.11652213963177,36.025],[139.1165146,36.0249609],[139.1165102,36.0249378],[139.1165169,36.0249369],[139.1166472,36.0249185],[139.1166476,36.0249185],[139.116708,36.0249084],[139.1167084,36.0249083],[139.1168165,36.0248903],[139.1168579,36.0248832],[139.1168721,36.0248808],[139.116885,36.0249093],[139.11692597126088,36.025],[139.11652213963177,36.025]]]},"properties":{"layer":"landuse","class_code":"211","class_label":"住宅用地（住宅、共同住宅、店舗等併用住宅、店舗等併用共同住宅、作業所併用住宅）"}},{"type":"Feature","id":"luse_86f90dd8-3ddc-4c94-b1f5-d06fde09915f","geometry":{"type":"Polygon","coordinates":[[[139.1125,36.01670072295082],[139.112519,36.0167039],[139.1125445,36.0168922],[139.1125748,36.0171086],[139.1125751,36.0171111],[139.1125748,36.0171111],[139.1125379,36.0171219],[139.1125375,36.017122],[139.1125,36.017125567961166],[139.1125,36.01670072295082]]]},"properties":{"layer":"landuse","class_code":"212","class_label":"商業用地（業務施設、商業施設、宿泊施設、商業系複合施設）"}},{"type":"Feature","id":"luse_0854747e-3911-490f-b79d-972f1880d1fe","geometry":{"type":"Polygon","coordinates":[[[139.1142029,36.0175912],[139.1142753,36.0175963],[139.1143597,36.017604],[139.1144044,36.0176091],[139.1144491,36.0176143],[139.1143274,36.0177056],[139.1142622,36.0178861],[139.1142126,36.0178903],[139.11418,36.0178078],[139.1141394,36.017589],[139.1142029,36.0175912]]]},"properties":{"layer":"landuse","class_code":"212","class_label":"商業用地（業務施設、商業施設、宿泊施設、商業系複合施設）"}},{"type":"Feature","id":"luse_f4f25b5d-e4fe-425e-9d3e-6991c2568cd4","geometry":{"type":"Polygon","coordinates":[[[139.1186211,36.0187476],[139.1185869,36.0188175],[139.1182538,36.0190416],[139.1181007,36.0190095],[139.1180624,36.0189859],[139.1180008,36.0189076],[139.1179682,36.0187983],[139.1179639,36.0187437],[139.1179644,36.0186853],[139.1178278,36.0186066],[139.1178217,36.0186113],[139.1176993,36.0186564],[139.1176104,36.0186545],[139.117555,36.0186433],[139.1174073,36.0185641],[139.116944,36.0182822],[139.1165685,36.0180147],[139.1165145,36.017944],[139.1164878,36.0178412],[139.1164385,36.0176637],[139.1163902,36.017452],[139.1163276,36.01733],[139.1162793,36.017277],[139.1162518,36.0172331],[139.1162429,36.0172299],[139.1162503,36.017162],[139.1162599,36.0170736],[139.1162725,36.0170662],[139.116387,36.0169501],[139.1165281,36.0167848],[139.11661723333333,36.016666666666666],[139.1201979378001,36.016666666666666],[139.1202012,36.0166964],[139.1201795,36.0167829],[139.1201689,36.0168112],[139.1200747,36.0169343],[139.1200342,36.0169619],[139.1199468,36.01702],[139.1197641,36.0171039],[139.1197492,36.0171368],[139.1197796,36.0172586],[139.1197881,36.0172878],[139.1198277,36.0173745],[139.1198653,36.0174448],[139.1199497,36.0174553],[139.120143,36.0174014],[139.1202584,36.0173688],[139.1204887,36.0173092],[139.1206267,36.0172676],[139.1208563,36.0176641],[139.1208157,36.0177061],[139.1196628,36.0181342],[139.1190993,36.018388],[139.1187666,36.018577],[139.1186211,36.0187476]]]},"properties":{"layer":"landuse","class_code":"212","class_label":"商業用地（業務施設、商業施設、宿泊施設、商業系複合施設）"}},{"type":"Feature","id":"luse_7fca46b6-3c19-4a98-b323-364c0ed80fcf","geometry":{"type":"Polygon","coordinates":[[[139.1134191,36.0192576],[139.1134408,36.019405],[139.1134877,36.019586],[139.113406,36.0196017],[139.1134466,36.0197617],[139.113088,36.0198083],[139.1130629,36.0195434],[139.1130208,36.0192957],[139.1130205,36.0192938],[139.1130308,36.0192841],[139.1133474,36.0192465],[139.1133498,36.0192462],[139.1133927,36.0192412],[139.1134191,36.0192576]]]},"properties":{"layer":"landuse","class_code":"212","class_label":"商業用地（業務施設、商業施設、宿泊施設、商業系複合施設）"}},{"type":"Feature","id":"luse_422cdb01-35c1-42a7-bf13-11d14a0ff78b","geometry":{"type":"Polygon","coordinates":[[[139.1132325,36.0199613],[139.1132396,36.0200482],[139.1132403,36.0201702],[139.1130406,36.0201745],[139.11305,36.0200205],[139.1130506,36.0199958],[139.1132336,36.0199585],[139.1132325,36.0199613]]]},"properties":{"layer":"landuse","class_code":"212","class_label":"商業用地（業務施設、商業施設、宿泊施設、商業系複合施設）"}},{"type":"Feature","id":"luse_81e38632-0515-47a0-8909-e19d53382374","geometry":{"type":"Polygon","coordinates":[[[139.1129161,36.0205694],[139.1129111,36.0205762],[139.1128976,36.020586],[139.1128836,36.0205917],[139.1128716,36.0205926],[139.1128643,36.0205909],[139.1128558,36.0205855],[139.1128487,36.0205768],[139.1128137,36.0205405],[139.1126877,36.0204096],[139.1127287,36.0203967],[139.1129452,36.0203557],[139.1129331,36.0205355],[139.1129316,36.0205354],[139.112922,36.0205348],[139.1129161,36.0205694]]]},"properties":{"layer":"landuse","class_code":"212","class_label":"商業用地（業務施設、商業施設、宿泊施設、商業系複合施設）"}},{"type":"Feature","id":"luse_ae1efa22-916d-46c7-a3c4-abe810616487","geometry":{"type":"Polygon","coordinates":[[[139.1127024,36.020511],[139.1127127,36.020528],[139.1127186,36.0205464],[139.1127198,36.020559],[139.112717,36.0205703],[139.1127106,36.0205806],[139.1126999,36.0205901],[139.1126887,36.0205971],[139.112678,36.0206001],[139.1126773,36.0206002],[139.112663,36.0206026],[139.1126626,36.0206026],[139.1125,36.02060162283654],[139.1125,36.02055091171873],[139.1125035,36.0205429],[139.1126508,36.0204452],[139.1127024,36.020511]]]},"properties":{"layer":"landuse","class_code":"212","class_label":"商業用地（業務施設、商業施設、宿泊施設、商業系複合施設）"}},{"type":"Feature","id":"luse_e99de6ba-2f3f-4dff-8203-286eb5470ada","geometry":{"type":"Polygon","coordinates":[[[139.1129362,36.0209101],[139.112546,36.0210259],[139.1125529,36.0210392],[139.1125029,36.0209485],[139.1125,36.02094259753748],[139.1125,36.02070530816641],[139.1127745,36.020707],[139.1128058,36.020708],[139.1128061,36.020708],[139.112823,36.0207093],[139.1128364,36.0207114],[139.1128539,36.0207168],[139.1128543,36.0207169],[139.1128692,36.0207248],[139.1128827,36.0207337],[139.1128928,36.0207433],[139.1129034,36.0207585],[139.1129408,36.0208208],[139.1129407,36.0208214],[139.1129362,36.0209101]]]},"properties":{"layer":"landuse","class_code":"212","class_label":"商業用地（業務施設、商業施設、宿泊施設、商業系複合施設）"}},{"type":"Feature","id":"luse_a2c97ab6-72ad-4fd6-947f-17b54c8cfdd6","geometry":{"type":"Polygon","coordinates":[[[139.1137727,36.0224214],[139.1135132,36.0224937],[139.1135105,36.0224944],[139.113504,36.0224962],[139.1135011,36.022497],[139.1134799,36.0224555],[139.1134764,36.0224488],[139.1134356,36.0223762],[139.1134072,36.0223361],[139.1133191,36.0222116],[139.113555,36.0221126],[139.1135569,36.0221118],[139.1137727,36.0224214]]]},"properties":{"layer":"landuse","class_code":"212","class_label":"商業用地（業務施設、商業施設、宿泊施設、商業系複合施設）"}},{"type":"Feature","id":"luse_fedcf739-1671-4f78-a59b-71b41b0486ad","geometry":{"type":"Polygon","coordinates":[[[139.1134232,36.0230183],[139.1134026,36.0230189],[139.1131759,36.0230175],[139.113177,36.0228934],[139.1134015,36.0228874],[139.1134249,36.0228868],[139.113425,36.0228885],[139.1134244,36.0229146],[139.1134236,36.0229507],[139.1134232,36.0230183]]]},"properties":{"layer":"landuse","class_code":"212","class_label":"商業用地（業務施設、商業施設、宿泊施設、商業系複合施設）"}},{"type":"Feature","id":"luse_decdc174-9e2b-4e42-a55f-f1a88ea7b3cd","geometry":{"type":"Polygon","coordinates":[[[139.1166765,36.0235882],[139.1165759,36.0235507],[139.1164599,36.0235068],[139.1164161,36.0234901],[139.1163419,36.0234605],[139.1163938,36.0234113],[139.1164418,36.0234344],[139.1166294,36.0233196],[139.1167726,36.02341],[139.1166765,36.0235882]]]},"properties":{"layer":"landuse","class_code":"212","class_label":"商業用地（業務施設、商業施設、宿泊施設、商業系複合施設）"}},{"type":"Feature","id":"luse_3c3d40ca-692d-4059-973e-9df60f2fe8d8","geometry":{"type":"Polygon","coordinates":[[[139.1157985,36.0235461],[139.1158765,36.0236069],[139.1156496,36.0236978],[139.1155383,36.0237311],[139.1155744,36.0238179],[139.1153034,36.023924],[139.1151442,36.023538],[139.1153261,36.0234589],[139.1153736,36.0235146],[139.1157564,36.0233441],[139.1158024,36.0234075],[139.1157716,36.0234945],[139.1157985,36.0235461]]]},"properties":{"layer":"landuse","class_code":"212","class_label":"商業用地（業務施設、商業施設、宿泊施設、商業系複合施設）"}},{"type":"Feature","id":"luse_31e0becc-0ab6-4944-aaa7-1950a50bffac","geometry":{"type":"Polygon","coordinates":[[[139.1157411,36.0240525],[139.115655,36.0240939],[139.115598,36.024116],[139.1155741,36.0241071],[139.1155226,36.0239901],[139.1156711,36.0239402],[139.1157332,36.02404],[139.1157411,36.0240525]]]},"properties":{"layer":"landuse","class_code":"212","class_label":"商業用地（業務施設、商業施設、宿泊施設、商業系複合施設）"}},{"type":"Feature","id":"luse_0b294212-338a-4a09-9223-5578a3f913ce","geometry":{"type":"Polygon","coordinates":[[[139.1183647,36.0238995],[139.1181862,36.0241256],[139.1181725,36.024166],[139.1181513,36.0241625],[139.1181054,36.0241549],[139.1180816,36.0241509],[139.1180632,36.0241474],[139.1180629,36.0241473],[139.1180367,36.0241422],[139.1179823,36.0241298],[139.1179819,36.0241297],[139.1179506,36.0241209],[139.1178958,36.0241023],[139.1178496,36.0240853],[139.1179232,36.0239634],[139.1178756,36.0239476],[139.117974,36.0238088],[139.1181099,36.0238716],[139.1182887,36.0236586],[139.11843,36.0236532],[139.1184636,36.0237606],[139.1184121,36.0237677],[139.118428,36.0238154],[139.118389,36.0238684],[139.1183647,36.0238995]]]},"properties":{"layer":"landuse","class_code":"212","class_label":"商業用地（業務施設、商業施設、宿泊施設、商業系複合施設）"}},{"type":"Feature","id":"luse_5b7d47d6-1794-4241-b6c3-681bd6af9492","geometry":{"type":"Polygon","coordinates":[[[139.1125,36.02385913137697],[139.1125273,36.0238678],[139.11254,36.0238715],[139.1126014,36.0238895],[139.1126312,36.0238982],[139.1127574,36.0239321],[139.1127799,36.0239381],[139.1127727,36.0241217],[139.1126353,36.0241238],[139.1126421,36.0239976],[139.1125,36.02399251895113],[139.1125,36.02385913137697]]]},"properties":{"layer":"landuse","class_code":"212","class_label":"商業用地（業務施設、商業施設、宿泊施設、商業系複合施設）"}},{"type":"Feature","id":"luse_412543af-2557-4a6a-8c87-e994292e58fc","geometry":{"type":"Polygon","coordinates":[[[139.1189208,36.0245415],[139.1188264,36.0245132],[139.1188829,36.0244085],[139.1188925,36.0244114],[139.1189183,36.0244185],[139.1190267,36.0244679],[139.1189869,36.024535],[139.1189562,36.0245229],[139.1189208,36.0245415]]]},"properties":{"layer":"landuse","class_code":"212","class_label":"商業用地（業務施設、商業施設、宿泊施設、商業系複合施設）"}},{"type":"Feature","id":"luse_ea63341d-4ec7-4711-acb0-4fcc17fdaeda","geometry":{"type":"Polygon","coordinates":[[[139.1129117,36.0186869],[139.1128945,36.0185581],[139.1128784,36.0184441],[139.1128605,36.0183181],[139.1131804,36.0182868],[139.1131156,36.0180436],[139.1131574,36.0180306],[139.113199,36.0180344],[139.1134256,36.0179815],[139.1134876,36.0181787],[139.1133131,36.0182453],[139.1133772,36.0184397],[139.1133783,36.0186375],[139.1132773,36.0186198],[139.1132433,36.0186439],[139.1131872,36.0186342],[139.1131343,36.0186672],[139.1130783,36.0186515],[139.113033,36.0186785],[139.1129657,36.0186748],[139.1129117,36.0186869]]]},"properties":{"layer":"landuse","class_code":"213","class_label":"工業用地（工場）"}},{"type":"Feature","id":"luse_5395b0bf-71a3-48b8-9a59-a9760ad8f04f","geometry":{"type":"Polygon","coordinates":[[[139.1129112,36.0197247],[139.1128516,36.0197458],[139.1127196,36.0197842],[139.1126962,36.0196993],[139.1126835,36.0194061],[139.1128682,36.0193988],[139.1129112,36.0197247]]]},"properties":{"layer":"landuse","class_code":"213","class_label":"工業用地（工場）"}},{"type":"Feature","id":"luse_7bb7d5a8-4515-47c2-b022-23ad8dd6f3f7","geometry":{"type":"Polygon","coordinates":[[[139.1129973,36.0214012],[139.1130074,36.0215948],[139.1130079,36.0215997],[139.1130075,36.0215998],[139.1130011,36.0216017],[139.1129707,36.0216104],[139.1129318,36.0216216],[139.1128549,36.0216437],[139.1127509,36.0216737],[139.1127506,36.0216738],[139.1126737,36.0216923],[139.1126712,36.0216929],[139.1126269,36.02166],[139.1126197,36.021371],[139.1127572,36.021358],[139.1129926,36.0213436],[139.1129973,36.0214012]]]},"properties":{"layer":"landuse","class_code":"213","class_label":"工業用地（工場）"}},{"type":"Feature","id":"luse_5498cdc8-a426-4893-9d7c-bc046878265b","geometry":{"type":"Polygon","coordinates":[[[139.1165967,36.0227629],[139.1165429,36.0227991],[139.1165119,36.0228201],[139.1164615,36.0228466],[139.1164518,36.0228486],[139.1164368,36.0228493],[139.1164157,36.0228459],[139.1162583,36.0227993],[139.1160907,36.0227509],[139.1160706,36.0227471],[139.1160445,36.022746],[139.1160178,36.0227472],[139.1159748,36.0227539],[139.1159182,36.0227658],[139.1159027,36.02277],[139.1158715,36.0227785],[139.1157748,36.0228127],[139.1157744,36.0228049],[139.1157344,36.0227744],[139.115683,36.0227349],[139.1159708,36.0226572],[139.1159957,36.0226538],[139.1160332,36.0226533],[139.1164183,36.0226699],[139.1164572,36.0226707],[139.1165154,36.022671],[139.1165669,36.0226633],[139.1165964,36.0226554],[139.1166337,36.0226415],[139.1166723,36.0226187],[139.1167357,36.0225691],[139.116748,36.0225562],[139.116826,36.0224641],[139.1169018,36.0223825],[139.1169756,36.0222959],[139.1170293,36.0222442],[139.1171234,36.0221785],[139.1172022,36.0221233],[139.117203,36.0221229],[139.1173133,36.0220615],[139.117356,36.0220011],[139.1171871,36.0219963],[139.1171176,36.0218886],[139.1173779,36.0216934],[139.1173934,36.0216989],[139.1174421,36.0217189],[139.1174507,36.0217299],[139.1174597,36.0217421],[139.1174951,36.0217897],[139.1175084,36.0217992],[139.1176433,36.0218411],[139.1176621,36.0218442],[139.1176851,36.021837],[139.1177589,36.0217933],[139.1178594,36.0217291],[139.1179227,36.0216817],[139.118015,36.0216126],[139.1180871,36.0215564],[139.1181202,36.0215157],[139.1181595,36.021483],[139.1181694,36.021464],[139.1181651,36.0214446],[139.1181419,36.0214256],[139.1180921,36.0214029],[139.118051,36.0213842],[139.1178172,36.0212854],[139.1175544,36.0211555],[139.1173782,36.021069],[139.1173554,36.0210652],[139.1173489,36.0210657],[139.1172451,36.0209424],[139.117031,36.0208114],[139.1167669,36.0206721],[139.1166628,36.0206289],[139.1166737,36.020622],[139.1167158,36.0205953],[139.1167489,36.0205661],[139.1167712,36.0205413],[139.1167978,36.0204955],[139.1168203,36.0204622],[139.1168776,36.0203914],[139.1169209,36.0203445],[139.1169515,36.0203166],[139.1169841,36.0202984],[139.1170209,36.0202843],[139.1170691,36.0202752],[139.1170843,36.0202735],[139.1171585,36.0202654],[139.1171588,36.0202654],[139.1171751,36.0202578],[139.1172019,36.0202442],[139.1174848,36.0205335],[139.1176048,36.020491],[139.1176194,36.0205154],[139.1177729,36.0205198],[139.1178471,36.0205814],[139.1179738,36.0206281],[139.1180697,36.0205547],[139.1180728,36.0205601],[139.1181372,36.020631],[139.1181804,36.0206666],[139.1182202,36.0206853],[139.118236,36.0206896],[139.1183329,36.0207165],[139.1184123,36.0207331],[139.1184154,36.0207337],[139.1184276,36.020734],[139.1184397,36.0207343],[139.1184984,36.0207188],[139.1185376,36.0207086],[139.1185715,36.0207064],[139.118628,36.0206998],[139.1187053,36.0206832],[139.1187142,36.0206833],[139.1187379,36.0206953],[139.1187586,36.0207006],[139.1187827,36.0206992],[139.1188185,36.0206872],[139.118847,36.0206752],[139.1188625,36.0206631],[139.118892,36.020626],[139.1189212,36.0205797],[139.1189369,36.0205415],[139.11894,36.0205269],[139.1189462,36.0204982],[139.1189493,36.0204092],[139.1189564,36.020404],[139.1189739,36.0203976],[139.1189923,36.020386],[139.1189989,36.0203738],[139.118992,36.0203375],[139.1189935,36.0203171],[139.11901,36.0202997],[139.11904,36.0202538],[139.119049,36.020207],[139.1190391,36.0201382],[139.1189971,36.0200143],[139.1189615,36.0199377],[139.1189309,36.0199026],[139.1188977,36.0198849],[139.118867,36.0198765],[139.1188148,36.0198622],[139.1187554,36.0198437],[139.1187378,36.0198318],[139.11871,36.0197765],[139.1187024,36.0197328],[139.1187051,36.0197175],[139.1187202,36.0197015],[139.1187791,36.0196726],[139.1187906,36.0196695],[139.1188135,36.0196632],[139.1188182,36.0196569],[139.1188126,36.019643],[139.1187651,36.0196142],[139.118711,36.0195928],[139.1186632,36.0195812],[139.11861,36.0195785],[139.1185343,36.0195794],[139.1185216,36.0195182],[139.1188308,36.0194104],[139.1192216,36.0191406],[139.1194666,36.0189728],[139.1198734,36.0189987],[139.1199087,36.0189985],[139.1199389,36.0189984],[139.1199663,36.0189958],[139.1200281,36.0189901],[139.1200947,36.0189839],[139.120146,36.0189791],[139.1202821,36.0189728],[139.1203366,36.0189812],[139.1203477,36.0189829],[139.1204135,36.0190214],[139.1204583,36.0190589],[139.1205177,36.0191086],[139.1205214,36.0191108],[139.12059,36.019152],[139.1206707,36.0192006],[139.1206817,36.0192056],[139.1207679,36.0192456],[139.1208139,36.0192551],[139.120837,36.0192599],[139.1209429,36.0192501],[139.121014,36.0192401],[139.121041,36.019245],[139.1210781,36.0192517],[139.1211553,36.0192961],[139.1213569,36.0193921],[139.1214914,36.0194449],[139.121526,36.0194669],[139.1215541,36.0194848],[139.121573,36.0195113],[139.1215859,36.0195442],[139.1216642,36.0197262],[139.1216902,36.0197719],[139.1217088,36.0197936],[139.1217592,36.0198524],[139.1217919,36.0198837],[139.1218335,36.0199235],[139.1218674,36.0199516],[139.1218854,36.0199588],[139.1219154,36.0199709],[139.1219701,36.0199828],[139.1220453,36.0199952],[139.1221093,36.0200132],[139.1221618,36.0200388],[139.122193,36.0200722],[139.1222179,36.0201153],[139.1222236,36.0201554],[139.1222314,36.0202082],[139.1222333,36.0202216],[139.1222489,36.0202894],[139.1222559,36.0203668],[139.1222478,36.0204203],[139.122258,36.0204848],[139.1222696,36.0205435],[139.1222678,36.0205485],[139.1222199,36.0206408],[139.1220196,36.0209126],[139.1217015,36.0211915],[139.1214801,36.0213267],[139.1212345,36.0212954],[139.1209382,36.0216097],[139.1206702,36.0217199],[139.1203827,36.0215319],[139.1201187,36.0214741],[139.1197792,36.0216275],[139.1195095,36.0219099],[139.1193567,36.0220146],[139.1191373,36.0221777],[139.1187115,36.0225934],[139.1186739,36.0225766],[139.119057,36.0221752],[139.1189134,36.0220601],[139.1184929,36.0223148],[139.1182919,36.0224911],[139.1181971,36.022419],[139.1181038,36.022189],[139.1179727,36.0220838],[139.1176601,36.0220437],[139.11751,36.0220663],[139.1174171,36.0220888],[139.1173672,36.0221049],[139.1173181,36.0221333],[139.1172425,36.0221901],[139.1171533,36.0222449],[139.1171024,36.0222823],[139.1169822,36.0224101],[139.1168493,36.0225396],[139.1167393,36.0226448],[139.1166742,36.0227077],[139.1165967,36.0227629]]]},"properties":{"layer":"landuse","class_code":"213","class_label":"工業用地（工場）"}},{"type":"Feature","id":"luse_e81bee4e-6d00-4028-8c32-a7e35c2bdaf8","geometry":{"type":"Polygon","coordinates":[[[139.1219623,36.0229979],[139.1219624,36.0229996],[139.1219647,36.0230335],[139.1219648,36.0230537],[139.1219649,36.0230756],[139.1219532,36.0231513],[139.1219445,36.0232191],[139.1219402,36.0232523],[139.1219361,36.0232997],[139.121877,36.0232533],[139.1217318,36.023139],[139.1219542,36.02295],[139.1219623,36.0229979]]]},"properties":{"layer":"landuse","class_code":"213","class_label":"工業用地（工場）"}},{"type":"Feature","id":"luse_93d63f31-bf31-4add-b9d1-fa946d65778e","geometry":{"type":"Polygon","coordinates":[[[139.1238938,36.0230105],[139.1240046,36.0230849],[139.1238376,36.023348],[139.1237321,36.0233068],[139.1237283,36.0232409],[139.1237331,36.0231877],[139.1237355,36.0231697],[139.1237412,36.0231253],[139.1237527,36.0230679],[139.1237621,36.0230144],[139.1237674,36.0229843],[139.1238938,36.0230105]]]},"properties":{"layer":"landuse","class_code":"213","class_label":"工業用地（工場）"}},{"type":"Feature","id":"luse_85477306-9020-4ca5-a83e-05f56b0e3b95","geometry":{"type":"Polygon","coordinates":[[[139.1184561,36.023641],[139.11843,36.0236532],[139.1182887,36.0236586],[139.1181099,36.0238716],[139.117974,36.0238088],[139.1179843,36.0237943],[139.1180097,36.0237852],[139.1181138,36.0236391],[139.1181242,36.0236294],[139.118135,36.0236193],[139.1181562,36.0235996],[139.1182308,36.0235801],[139.1181564,36.0234435],[139.1181168,36.0233547],[139.1181077,36.023303],[139.1180882,36.0231925],[139.1181781,36.0231829],[139.1182561,36.0230304],[139.1183154,36.0229486],[139.1183686,36.0228832],[139.1183898,36.0228448],[139.1184117,36.0228072],[139.1184462,36.0227572],[139.1184727,36.0227382],[139.1185243,36.0227312],[139.118566,36.0227308],[139.1185795,36.0227414],[139.1186314,36.0228184],[139.1186485,36.0228191],[139.1186584,36.0228167],[139.1187774,36.0227868],[139.1188094,36.0227809],[139.1188343,36.0227763],[139.1188598,36.0227731],[139.1188865,36.0227703],[139.1189127,36.0227675],[139.1189155,36.0227672],[139.1189413,36.0227663],[139.1189694,36.0227654],[139.1189974,36.0227645],[139.119055,36.0227626],[139.1193933,36.0226496],[139.1194407,36.0227331],[139.1194256,36.0227722],[139.1193623,36.022936],[139.1193526,36.0230263],[139.1193627,36.0230365],[139.1193942,36.0230684],[139.1193925,36.0230724],[139.1193898,36.0230788],[139.1192504,36.0231792],[139.1191715,36.0232309],[139.1191471,36.0232559],[139.1191394,36.0232655],[139.1191259,36.0232826],[139.1190978,36.0233181],[139.1190568,36.023371],[139.1189974,36.0234168],[139.1189352,36.0234585],[139.1188993,36.0234989],[139.1189015,36.023503],[139.1189611,36.0236175],[139.1189593,36.023621],[139.1189589,36.0236221],[139.1189459,36.0236343],[139.1189137,36.0236645],[139.118852,36.0236904],[139.1187741,36.0237151],[139.1186243,36.0237428],[139.1185588,36.0236381],[139.1185262,36.0236343],[139.1185045,36.0236342],[139.1184561,36.023641]]]},"properties":{"layer":"landuse","class_code":"213","class_label":"工業用地（工場）"}},{"type":"Feature","id":"luse_d7008f58-29c0-4ffd-bbe4-faf8ca2f5f87","geometry":{"type":"Polygon","coordinates":[[[139.1138983,36.0240059],[139.1134667,36.0240312],[139.1134735,36.0236568],[139.1134755,36.0235513],[139.1136766,36.0235354],[139.1136642,36.0233701],[139.1136574,36.0233386],[139.1138807,36.0233225],[139.1139283,36.0233327],[139.1141548,36.023371],[139.1142491,36.0233809],[139.1142726,36.0234949],[139.1143857,36.02399],[139.1141128,36.024004],[139.1138983,36.0240059]]]},"properties":{"layer":"landuse","class_code":"213","class_label":"工業用地（工場）"}},{"type":"Feature","id":"luse_010dc4e4-1bfc-42e8-9a78-7a59c3158455","geometry":{"type":"Polygon","coordinates":[[[139.1160502,36.0233715],[139.1161253,36.0234313],[139.1161352,36.0234391],[139.1161465,36.023465],[139.1161635,36.0235769],[139.1161932,36.0237372],[139.1162116,36.0238369],[139.1161322,36.0238618],[139.1161319,36.0238619],[139.1160788,36.0238766],[139.1160784,36.0238767],[139.1160307,36.0238956],[139.1160235,36.0238985],[139.1159637,36.0239317],[139.1158503,36.0239947],[139.1157411,36.0240525],[139.1157332,36.02404],[139.1156711,36.0239402],[139.115654,36.0239069],[139.115693,36.0237606],[139.1156496,36.0236978],[139.1158765,36.0236069],[139.1157985,36.0235461],[139.1157716,36.0234945],[139.1158024,36.0234075],[139.1158258,36.0233871],[139.1159398,36.0233303],[139.1159719,36.0233223],[139.115977,36.0233221],[139.1159883,36.0233216],[139.1159887,36.0233216],[139.1160502,36.0233715]]]},"properties":{"layer":"landuse","class_code":"213","class_label":"工業用地（工場）"}},{"type":"Feature","id":"luse_703a3254-4a75-4bf8-8530-d6a8800229a1","geometry":{"type":"Polygon","coordinates":[[[139.1162407,36.0239949],[139.1162421,36.0240024],[139.1162892,36.0242649],[139.1160636,36.0243409],[139.1160035,36.0241992],[139.1160044,36.0241989],[139.1159907,36.0241686],[139.1159421,36.0240612],[139.1162364,36.0239718],[139.1162407,36.0239949]]]},"properties":{"layer":"landuse","class_code":"213","class_label":"工業用地（工場）"}},{"type":"Feature","id":"luse_66d83d13-137a-4676-a734-2c8aa13359f3","geometry":{"type":"Polygon","coordinates":[[[139.1193326,36.0242562],[139.119321,36.0243105],[139.1192958,36.0243104],[139.119281,36.0243986],[139.1192552,36.0243959],[139.1192548,36.0243958],[139.1192514,36.0243953],[139.1191585,36.0243805],[139.1190763,36.0243637],[139.1189984,36.0243454],[139.1189294,36.0243264],[139.1188048,36.0242892],[139.1187375,36.0242698],[139.1186529,36.0242486],[139.1186072,36.0242373],[139.1186059,36.0241942],[139.1186821,36.0241476],[139.1186824,36.0241474],[139.1188956,36.0240468],[139.1189257,36.0240327],[139.1189401,36.024026],[139.118962,36.0240156],[139.1189893,36.0240026],[139.1191444,36.0241702],[139.119229,36.0242154],[139.1193102,36.024256],[139.1193326,36.0242562]]]},"properties":{"layer":"landuse","class_code":"213","class_label":"工業用地（工場）"}},{"type":"Feature","id":"luse_70476ae6-c551-4444-acb1-eba453ff3de9","geometry":{"type":"Polygon","coordinates":[[[139.1220435,36.0246331],[139.122027,36.0246986],[139.1219938,36.0247613],[139.1219402,36.0248491],[139.1217515,36.0248544],[139.1217069,36.0246175],[139.1216941,36.0244182],[139.1217164,36.0244179],[139.1217459,36.0244154],[139.1217463,36.0244153],[139.1217754,36.0244128],[139.1218315,36.0244049],[139.1218318,36.0244048],[139.1219393,36.0243861],[139.1219396,36.0243861],[139.1219627,36.024382],[139.122008,36.0243728],[139.1220278,36.0243688],[139.1220435,36.0246331]]]},"properties":{"layer":"landuse","class_code":"213","class_label":"工業用地（工場）"}},{"type":"Feature","id":"luse_d7834514-ff17-421b-91dc-2ba0ef9829dd","geometry":{"type":"Polygon","coordinates":[[[139.1142714030303,36.025],[139.1142723,36.0249964],[139.1142728,36.0249781],[139.1142723,36.0249744],[139.1142679,36.024943],[139.1142529,36.0248359],[139.1142497,36.0248103],[139.1142788,36.0248209],[139.1145891,36.0247959],[139.1146304,36.0247773],[139.1146358,36.0247928],[139.1146553,36.0249273],[139.11466038084558,36.025],[139.1142714030303,36.025]]]},"properties":{"layer":"landuse","class_code":"213","class_label":"工業用地（工場）"}},{"type":"Feature","id":"luse_b370fba7-4c55-4658-95cf-b608f6604304","geometry":{"type":"Polygon","coordinates":[[[139.1125651,36.0191972],[139.1125647,36.0191973],[139.1125,36.01921065816876],[139.1125,36.01771756902207],[139.1126526,36.0176804],[139.1126542,36.0176922],[139.1126561,36.017706],[139.1126571,36.0177136],[139.1126579,36.0177194],[139.1126812,36.0178847],[139.1126822,36.0178921],[139.1127067,36.0180699],[139.1127126,36.0181143],[139.1127173,36.0181501],[139.1127376,36.0183045],[139.1127483,36.0183749],[139.1127605,36.0184552],[139.1127764,36.0185687],[139.1128188,36.0188857],[139.1126728,36.0189016],[139.1126408,36.018905],[139.1126475,36.0189449],[139.1126541,36.0190222],[139.1126517,36.0190805],[139.1126384,36.019137],[139.1126301,36.0191567],[139.1126221,36.0191678],[139.1126078,36.0191806],[139.1125947,36.0191873],[139.1125689,36.0191965],[139.1125651,36.0191972]]]},"properties":{"layer":"landuse","class_code":"214","class_label":"公益施設用地（官公庁施設、文教厚生施設、供給処理施設）"}},{"type":"Feature","id":"luse_105c1e9f-fe62-4b5a-b1ac-151daca70d7f","geometry":{"type":"Polygon","coordinates":[[[139.1128682,36.0193988],[139.1126835,36.0194061],[139.112652,36.0192668],[139.1126448,36.0192225],[139.1128412,36.019214],[139.1128682,36.0193988]]]},"properties":{"layer":"landuse","class_code":"214","class_label":"公益施設用地（官公庁施設、文教厚生施設、供給処理施設）"}},{"type":"Feature","id":"luse_e11090e7-d34b-4702-bd5c-6cc8dbba804c","geometry":{"type":"Polygon","coordinates":[[[139.1233183,36.0208558],[139.1233187,36.0208563],[139.123209,36.0208753],[139.1231885,36.0208539],[139.1231456,36.0208259],[139.1231581,36.0208149],[139.1231737,36.0208004],[139.1232209,36.0207566],[139.1233183,36.0208558]]]},"properties":{"layer":"landuse","class_code":"214","class_label":"公益施設用地（官公庁施設、文教厚生施設、供給処理施設）"}},{"type":"Feature","id":"luse_65505344-ea56-466d-8d07-6745ec2d2c86","geometry":{"type":"Polygon","coordinates":[[[139.1126446,36.0212135],[139.1126393,36.0211981],[139.1126187,36.0211588],[139.1125529,36.0210392],[139.112546,36.0210259],[139.1129362,36.0209101],[139.1129463,36.0211203],[139.1129464,36.0211209],[139.1127036,36.0211981],[139.1126968,36.021204],[139.1126951,36.0211983],[139.1126446,36.0212135]]]},"properties":{"layer":"landuse","class_code":"214","class_label":"公益施設用地（官公庁施設、文教厚生施設、供給処理施設）"}},{"type":"Feature","id":"luse_e4603a84-1575-4adf-98d6-df319e4c2fb6","geometry":{"type":"Polygon","coordinates":[[[139.1225137,36.0216645],[139.1223356,36.0218275],[139.122334,36.0218239],[139.1223044,36.0217924],[139.1222978,36.0217855],[139.1222084,36.0217141],[139.1222031,36.021704],[139.1222038,36.0216894],[139.1222109,36.0216744],[139.1222112,36.021674],[139.1222735,36.0216248],[139.1223531,36.0215559],[139.1225137,36.0216645]]]},"properties":{"layer":"landuse","class_code":"214","class_label":"公益施設用地（官公庁施設、文教厚生施設、供給処理施設）"}},{"type":"Feature","id":"luse_2fabdb67-8cad-4bdb-a8af-5006e04e49c3","geometry":{"type":"Polygon","coordinates":[[[139.1152592,36.0213519],[139.1152067,36.0214015],[139.1150964,36.021519],[139.1149291,36.0216732],[139.1148634,36.0217397],[139.1148454,36.0217664],[139.1148201,36.0218126],[139.1147591,36.0219791],[139.1147532,36.0219873],[139.1147365,36.0219997],[139.1145872,36.0220714],[139.1145621,36.0220583],[139.1145379,36.0220456],[139.1144699,36.0220065],[139.1144202,36.0219768],[139.1143845,36.0219554],[139.114328,36.021917],[139.1142802,36.0218824],[139.1142798,36.0218822],[139.1142401,36.0218498],[139.1142023,36.0218165],[139.1141437,36.0217647],[139.1135151,36.0211633],[139.1131575,36.0208153],[139.1130925,36.0206994],[139.1130636,36.0206098],[139.1130694,36.0205591],[139.1130966,36.020562],[139.1130969,36.0205621],[139.1131836,36.0205835],[139.113231,36.0205922],[139.1132313,36.0205922],[139.113271,36.0205949],[139.1133052,36.0205937],[139.1133055,36.0205936],[139.1133664,36.0205882],[139.1136979,36.0205439],[139.1136982,36.0205439],[139.1143837,36.0204646],[139.114394,36.0205137],[139.1144872,36.0208249],[139.1145405,36.0210263],[139.114746,36.0210708],[139.114974,36.0211124],[139.1151909,36.0211356],[139.1154285,36.021167],[139.1153432,36.0212068],[139.115331,36.0212511],[139.1152954,36.0213128],[139.1152627,36.0213496],[139.1152619,36.0213491],[139.1152592,36.0213519]]]},"properties":{"layer":"landuse","class_code":"214","class_label":"公益施設用地（官公庁施設、文教厚生施設、供給処理施設）"}},{"type":"Feature","id":"luse_0a398f8f-36bd-48d0-b5a5-ddb84eee4184","geometry":{"type":"Polygon","coordinates":[[[139.1177799,36.0224859],[139.1177906,36.0225224],[139.1177861,36.0225832],[139.1177369,36.0226194],[139.1176433,36.0226094],[139.1176031,36.0225329],[139.1176527,36.0224786],[139.1177202,36.022467],[139.1177799,36.0224859]]]},"properties":{"layer":"landuse","class_code":"214","class_label":"公益施設用地（官公庁施設、文教厚生施設、供給処理施設）"}},{"type":"Feature","id":"luse_4e6d93ed-24e9-4eeb-89cb-5e933174bb09","geometry":{"type":"Polygon","coordinates":[[[139.1227704,36.0230129],[139.1228029,36.023036],[139.1227865,36.0230518],[139.1227639,36.0230651],[139.1227495,36.0230663],[139.1227445,36.0230667],[139.1227367,36.0230669],[139.122624,36.0230686],[139.122532,36.02307],[139.1225316,36.02307],[139.1222876,36.0230721],[139.1222586,36.0230723],[139.1221675,36.0230731],[139.1221671,36.0230731],[139.1221006,36.0230743],[139.1220405,36.0230753],[139.1220039,36.023063],[139.1220037,36.0230325],[139.1220016,36.0230041],[139.122001,36.0230007],[139.1220722,36.0230028],[139.122067,36.0229442],[139.1223652,36.0228371],[139.1223199,36.0227881],[139.1224283,36.0226772],[139.1225439,36.0225505],[139.122539,36.0225076],[139.1226578,36.0224282],[139.1226739,36.0223953],[139.1229749,36.0222211],[139.1230871,36.0222762],[139.123203,36.0223169],[139.1233861,36.0223223],[139.1234131,36.0224641],[139.1232524,36.0225047],[139.1232147,36.0225845],[139.1231691,36.0227793],[139.1231128,36.0228585],[139.1230908,36.0228446],[139.1229577,36.0229823],[139.1229448,36.0229926],[139.1229445,36.0229926],[139.1229209,36.0230036],[139.1229206,36.0230037],[139.1229106,36.0230065],[139.1228579,36.0230212],[139.1227814,36.0229666],[139.1227201,36.0229085],[139.1226902,36.0228676],[139.1226816,36.0228047],[139.1226812,36.0228047],[139.1226048,36.0228251],[139.1226418,36.0228807],[139.1226793,36.0229322],[139.1227458,36.0229952],[139.1227514,36.0229993],[139.1227704,36.0230129]]]},"properties":{"layer":"landuse","class_code":"214","class_label":"公益施設用地（官公庁施設、文教厚生施設、供給処理施設）"}},{"type":"Feature","id":"luse_c1533a11-f5ef-4409-8bbf-7ff0f45e5201","geometry":{"type":"Polygon","coordinates":[[[139.1153995,36.0232035],[139.1153658,36.0232173],[139.1152854,36.0232438],[139.1152552,36.0232542],[139.1152025,36.0232727],[139.1150989,36.0231011],[139.1152473,36.0229934],[139.1153995,36.0232035]]]},"properties":{"layer":"landuse","class_code":"214","class_label":"公益施設用地（官公庁施設、文教厚生施設、供給処理施設）"}},{"type":"Feature","id":"luse_a40898e1-54a6-49b5-a00b-0102d91fa7b2","geometry":{"type":"Polygon","coordinates":[[[139.1157948,36.023098],[139.1158234,36.0231402],[139.1158582,36.0231856],[139.1158749,36.0232067],[139.1158727,36.0232272],[139.1158657,36.0232971],[139.1158281,36.0233173],[139.1157889,36.0233329],[139.1157857,36.0233341],[139.1157564,36.0233441],[139.1153736,36.0235146],[139.1153261,36.0234589],[139.1152301,36.0233107],[139.1155735,36.0231908],[139.1157857,36.0230841],[139.1157948,36.023098]]]},"properties":{"layer":"landuse","class_code":"214","class_label":"公益施設用地（官公庁施設、文教厚生施設、供給処理施設）"}},{"type":"Feature","id":"luse_7f21a15e-21ca-4c1c-99c4-d906f712c412","geometry":{"type":"Polygon","coordinates":[[[139.116404,36.023793],[139.1163155,36.0238036],[139.1162933,36.0237901],[139.1162737,36.0236684],[139.1162622,36.0235975],[139.1162573,36.0235671],[139.1162639,36.0235578],[139.1162732,36.0235527],[139.1162735,36.0235526],[139.1162846,36.023549],[139.1163095,36.0235481],[139.1163099,36.0235481],[139.116359,36.0235678],[139.116368,36.0235715],[139.116404,36.023793]]]},"properties":{"layer":"landuse","class_code":"214","class_label":"公益施設用地（官公庁施設、文教厚生施設、供給処理施設）"}},{"type":"Feature","id":"luse_2dabe823-af9d-40c0-8254-402663d6a3eb","geometry":{"type":"Polygon","coordinates":[[[139.1231295,36.0239863],[139.1230539,36.0240136],[139.1230536,36.0240137],[139.1229764,36.0240423],[139.122887,36.0239641],[139.1230279,36.0238796],[139.1231295,36.0239863]]]},"properties":{"layer":"landuse","class_code":"214","class_label":"公益施設用地（官公庁施設、文教厚生施設、供給処理施設）"}},{"type":"Feature","id":"luse_6e244096-b691-44e6-9cf9-9f092038e8a5","geometry":{"type":"Polygon","coordinates":[[[139.1141209,36.0241997],[139.1141077,36.0241982],[139.1139913,36.0241827],[139.1139048,36.0241711],[139.1138983,36.0240059],[139.1141128,36.024004],[139.1141209,36.0241997]]]},"properties":{"layer":"landuse","class_code":"214","class_label":"公益施設用地（官公庁施設、文教厚生施設、供給処理施設）"}},{"type":"Feature","id":"luse_17965202-617f-4c53-868b-90823e7d8355","geometry":{"type":"Polygon","coordinates":[[[139.1223106,36.0242158],[139.1221216,36.0242569],[139.1221213,36.024257],[139.1219376,36.0242943],[139.1218119,36.0243161],[139.1217662,36.0243216],[139.1217569,36.024322],[139.1217565,36.024322],[139.1217106,36.0243233],[139.1216732,36.0243207],[139.1216496,36.0243158],[139.1216304,36.0241048],[139.1215972,36.0241067],[139.1215913,36.0240146],[139.1215772,36.0239276],[139.1217539,36.0238952],[139.1218187,36.0238901],[139.1219603,36.0238843],[139.1220189,36.0238772],[139.122185,36.0238702],[139.1222116,36.0239841],[139.1222403,36.0240796],[139.1223106,36.0242158]]]},"properties":{"layer":"landuse","class_code":"214","class_label":"公益施設用地（官公庁施設、文教厚生施設、供給処理施設）"}},{"type":"Feature","id":"luse_f76325b2-7e56-4520-93a5-379f6c2b844b","geometry":{"type":"Polygon","coordinates":[[[139.1147594,36.0239401],[139.114808,36.0240549],[139.1148375,36.0241301],[139.1148787,36.0242682],[139.1148348,36.0242641],[139.1147241,36.0242535],[139.1145152,36.0242336],[139.1143539,36.024221],[139.1142108,36.0242098],[139.1141368,36.0242015],[139.11413,36.0242007],[139.1141209,36.0241997],[139.1141128,36.024004],[139.1143857,36.02399],[139.1147591,36.0239394],[139.1147594,36.0239401]]]},"properties":{"layer":"landuse","class_code":"214","class_label":"公益施設用地（官公庁施設、文教厚生施設、供給処理施設）"}},{"type":"Feature","id":"luse_e49dbaea-44f5-498b-83b9-d8b9eb64d69f","geometry":{"type":"Polygon","coordinates":[[[139.1143011,36.0168788],[139.1144312,36.0172807],[139.114467,36.0174731],[139.1144746,36.0175275],[139.1144711,36.0175427],[139.1144585,36.0175414],[139.1143873,36.0175339],[139.1142839,36.0175245],[139.1142086,36.0175192],[139.1141805,36.0174607],[139.1141796,36.0174589],[139.1141987,36.0173625],[139.1142937,36.0172359],[139.1142844,36.0170757],[139.114168,36.0167874],[139.1142052,36.0167804],[139.1143011,36.0168788]]]},"properties":{"layer":"landuse","class_code":"223","class_label":"その他④（その他①～③以外の用途に供されている都市的土地利用（建物跡地、資材置場、改変工事中の土地）、法面（道路、造成地等の主利用に含まれない法面））"}},{"type":"Feature","id":"luse_3566d29a-774f-4106-b966-89e6c6888020","geometry":{"type":"Polygon","coordinates":[[[139.1133823,36.0187997],[139.1129563,36.018842],[139.1129302,36.0188252],[139.1129117,36.0186869],[139.1129657,36.0186748],[139.113033,36.0186785],[139.1130783,36.0186515],[139.1131343,36.0186672],[139.1131872,36.0186342],[139.1132433,36.0186439],[139.1132773,36.0186198],[139.1133783,36.0186375],[139.1133823,36.0187997]]]},"properties":{"layer":"landuse","class_code":"223","class_label":"その他④（その他①～③以外の用途に供されている都市的土地利用（建物跡地、資材置場、改変工事中の土地）、法面（道路、造成地等の主利用に含まれない法面））"}},{"type":"Feature","id":"luse_b4b07604-af71-4e7a-8f1e-f9484f63a610","geometry":{"type":"Polygon","coordinates":[[[139.1128412,36.019214],[139.1126448,36.0192225],[139.1126214,36.0192028],[139.112652,36.0191945],[139.1126578,36.0191892],[139.1126632,36.0191697],[139.1126728,36.0191105],[139.1126762,36.0190219],[139.1126696,36.0189437],[139.1128075,36.0189281],[139.1128412,36.019214]]]},"properties":{"layer":"landuse","class_code":"223","class_label":"その他④（その他①～③以外の用途に供されている都市的土地利用（建物跡地、資材置場、改変工事中の土地）、法面（道路、造成地等の主利用に含まれない法面））"}},{"type":"Feature","id":"luse_f6f40255-ef51-486e-b69f-a4f1c882cb7f","geometry":{"type":"Polygon","coordinates":[[[139.1134144,36.0191105],[139.1134246,36.0192009],[139.1133508,36.0192097],[139.1130147,36.0192495],[139.1129667,36.0188986],[139.1129664,36.0188955],[139.1133795,36.0188545],[139.1133836,36.0188541],[139.1134144,36.0191105]]]},"properties":{"layer":"landuse","class_code":"223","class_label":"その他④（その他①～③以外の用途に供されている都市的土地利用（建物跡地、資材置場、改変工事中の土地）、法面（道路、造成地等の主利用に含まれない法面））"}},{"type":"Feature","id":"luse_37a78ab7-72d7-403b-a3fe-b0e2a72f6dc5","geometry":{"type":"Polygon","coordinates":[[[139.1132408,36.0202568],[139.1131999,36.020354],[139.1131048,36.0205236],[139.1130475,36.02051],[139.1130186,36.0205031],[139.1130396,36.0201915],[139.1130406,36.0201745],[139.1132403,36.0201702],[139.1132406,36.0202213],[139.1132408,36.0202568]]]},"properties":{"layer":"landuse","class_code":"223","class_label":"その他④（その他①～③以外の用途に供されている都市的土地利用（建物跡地、資材置場、改変工事中の土地）、法面（道路、造成地等の主利用に含まれない法面））"}},{"type":"Feature","id":"luse_888efd07-2979-4503-b8cf-df1aa4cb258d","geometry":{"type":"Polygon","coordinates":[[[139.1167918,36.0204483],[139.1167681,36.0204832],[139.1167601,36.0204971],[139.1167425,36.0205275],[139.1167232,36.0205489],[139.1166931,36.0205754],[139.1166533,36.0206007],[139.1166301,36.0206155],[139.1165869,36.0206431],[139.11657,36.0206534],[139.1165776,36.0205937],[139.116579,36.0205828],[139.1165835,36.0205557],[139.1165959,36.0204801],[139.1166093,36.020381],[139.1166975,36.0204135],[139.1167918,36.0204483]]]},"properties":{"layer":"landuse","class_code":"223","class_label":"その他④（その他①～③以外の用途に供されている都市的土地利用（建物跡地、資材置場、改変工事中の土地）、法面（道路、造成地等の主利用に含まれない法面））"}},{"type":"Feature","id":"luse_58134163-dd12-46dd-9ad2-f00610c54c4f","geometry":{"type":"Polygon","coordinates":[[[139.1166332,36.0202016],[139.1166084,36.020256],[139.1165927,36.0203037],[139.1165763,36.0203769],[139.1165629,36.0204768],[139.1165457,36.0205796],[139.1165453,36.0205833],[139.1165377,36.0206439],[139.1165327,36.02069],[139.1165193,36.0207208],[139.1164711,36.0208019],[139.1164437,36.0208496],[139.1161771,36.0207194],[139.116264,36.0205244],[139.1163627,36.0203271],[139.1164967,36.020118],[139.1166238,36.0200162],[139.1168366,36.0198601],[139.1168688,36.0197896],[139.1169311,36.0196935],[139.1172216,36.0198498],[139.1172322,36.0198467],[139.117272,36.0198036],[139.1172196,36.0198932],[139.11719,36.0199643],[139.1172851,36.0200193],[139.1172818,36.0200909],[139.117271,36.0200893],[139.1172571,36.0201195],[139.1172384,36.0201498],[139.1172196,36.0201792],[139.1171974,36.0201998],[139.1171718,36.020218],[139.1171513,36.0202279],[139.1171277,36.0202349],[139.117074,36.0202473],[139.1170736,36.0202474],[139.1170631,36.0202486],[139.11701,36.0202586],[139.1169674,36.0202749],[139.1168891,36.0202334],[139.116705,36.0201356],[139.1167047,36.0201355],[139.1166744,36.0201248],[139.1166332,36.0202016]]]},"properties":{"layer":"landuse","class_code":"223","class_label":"その他④（その他①～③以外の用途に供されている都市的土地利用（建物跡地、資材置場、改変工事中の土地）、法面（道路、造成地等の主利用に含まれない法面））"}},{"type":"Feature","id":"luse_30f079eb-c07d-476d-87b5-a3191fc0ea8a","geometry":{"type":"Polygon","coordinates":[[[139.1130993,36.0209352],[139.1131903,36.0210164],[139.1130162,36.0210637],[139.1130085,36.0209003],[139.1130505,36.0208881],[139.1130993,36.0209352]]]},"properties":{"layer":"landuse","class_code":"223","class_label":"その他④（その他①～③以外の用途に供されている都市的土地利用（建物跡地、資材置場、改変工事中の土地）、法面（道路、造成地等の主利用に含まれない法面））"}},{"type":"Feature","id":"luse_1f456cfa-72d5-4b52-b4dc-f565ca46bfad","geometry":{"type":"Polygon","coordinates":[[[139.1222586,36.0220074],[139.1222363,36.0220536],[139.1222008,36.0221413],[139.1221841,36.0221792],[139.1220387,36.0224197],[139.1218166,36.0222437],[139.1218825,36.0221985],[139.1221773,36.0219682],[139.1222586,36.0220074]]]},"properties":{"layer":"landuse","class_code":"223","class_label":"その他④（その他①～③以外の用途に供されている都市的土地利用（建物跡地、資材置場、改変工事中の土地）、法面（道路、造成地等の主利用に含まれない法面））"}},{"type":"Feature","id":"luse_1a34ef40-728b-4767-83c8-f37973d3b8c6","geometry":{"type":"Polygon","coordinates":[[[139.114415,36.0221542],[139.1140814,36.0223003],[139.114081,36.0223004],[139.1138627,36.0223963],[139.1137727,36.0224214],[139.1135569,36.0221118],[139.113555,36.0221126],[139.1135589,36.0220153],[139.1139072,36.0218842],[139.1140396,36.0217993],[139.1141245,36.0218745],[139.114145,36.0218924],[139.1141638,36.0219092],[139.1142079,36.0219447],[139.1142291,36.0219601],[139.1143262,36.0220156],[139.1143982,36.0220589],[139.1144038,36.0220622],[139.1144634,36.0220934],[139.1144905,36.0221075],[139.114415,36.0221542]]]},"properties":{"layer":"landuse","class_code":"223","class_label":"その他④（その他①～③以外の用途に供されている都市的土地利用（建物跡地、資材置場、改変工事中の土地）、法面（道路、造成地等の主利用に含まれない法面））"}},{"type":"Feature","id":"luse_8b6072a7-7931-4e16-bb36-cad513caabd1","geometry":{"type":"Polygon","coordinates":[[[139.1229569,36.0235016],[139.1228094,36.0234105],[139.1228348,36.0233687],[139.122962,36.0232189],[139.123228,36.0233801],[139.1232843,36.0234169],[139.1232689,36.023463],[139.1232561,36.0234829],[139.1232068,36.0234622],[139.1230719,36.0233938],[139.1229569,36.0235016]]]},"properties":{"layer":"landuse","class_code":"223","class_label":"その他④（その他①～③以外の用途に供されている都市的土地利用（建物跡地、資材置場、改変工事中の土地）、法面（道路、造成地等の主利用に含まれない法面））"}},{"type":"Feature","id":"luse_ec1268b4-85b1-422f-a0a8-a423a3a52733","geometry":{"type":"Polygon","coordinates":[[[139.1127975,36.0236299],[139.1127948,36.0236681],[139.112788,36.02371],[139.1127623,36.0238694],[139.1127283,36.0238862],[139.1126454,36.0238641],[139.112543,36.023834],[139.1125,36.0238204244713],[139.1125,36.02359933122363],[139.112507,36.023601],[139.1127975,36.0236299]]]},"properties":{"layer":"landuse","class_code":"223","class_label":"その他④（その他①～③以外の用途に供されている都市的土地利用（建物跡地、資材置場、改変工事中の土地）、法面（道路、造成地等の主利用に含まれない法面））"}},{"type":"Feature","id":"luse_787f4783-fbb2-4835-80ee-e27265d1a284","geometry":{"type":"Polygon","coordinates":[[[139.1134096,36.0238358],[139.1134079,36.0239318],[139.1132344,36.0239419],[139.113236,36.0238144],[139.1133263,36.0238156],[139.1133816,36.0238163],[139.1133862,36.0238164],[139.1133865,36.0238164],[139.1134096,36.0238358]]]},"properties":{"layer":"landuse","class_code":"223","class_label":"その他④（その他①～③以外の用途に供されている都市的土地利用（建物跡地、資材置場、改変工事中の土地）、法面（道路、造成地等の主利用に含まれない法面））"}},{"type":"Feature","id":"luse_b0155475-88a7-4b43-a697-07e04facefae","geometry":{"type":"Polygon","coordinates":[[[139.1153034,36.023924],[139.1151283,36.0239561],[139.1150811,36.023805],[139.1150617,36.0237561],[139.1150057,36.0235667],[139.1151442,36.023538],[139.1153034,36.023924]]]},"properties":{"layer":"landuse","class_code":"223","class_label":"その他④（その他①～③以外の用途に供されている都市的土地利用（建物跡地、資材置場、改変工事中の土地）、法面（道路、造成地等の主利用に含まれない法面））"}},{"type":"Feature","id":"luse_2fc4fbc7-e420-458d-85c9-8c18b2c95611","geometry":{"type":"Polygon","coordinates":[[[139.1147591,36.0239394],[139.1143857,36.02399],[139.1142726,36.0234949],[139.1146391,36.0234537],[139.1146628,36.0235616],[139.1146891,36.023672],[139.114721,36.023801],[139.1147385,36.0238782],[139.1147559,36.02393],[139.1147586,36.0239381],[139.1147591,36.0239394]]]},"properties":{"layer":"landuse","class_code":"223","class_label":"その他④（その他①～③以外の用途に供されている都市的土地利用（建物跡地、資材置場、改変工事中の土地）、法面（道路、造成地等の主利用に含まれない法面））"}},{"type":"Feature","id":"luse_5f70854f-143c-4da1-a69d-fb1d3711c85a","geometry":{"type":"Polygon","coordinates":[[[139.1242226,36.0243627],[139.1242007,36.0244361],[139.1241544,36.0247168],[139.1240532,36.0247058],[139.1240528,36.0247058],[139.1240639,36.0245852],[139.1241009,36.0243935],[139.1241071,36.0243577],[139.1241726,36.0241644],[139.1241801,36.024166],[139.1242099,36.0241777],[139.1243115,36.0242005],[139.1242226,36.0243627]]]},"properties":{"layer":"landuse","class_code":"223","class_label":"その他④（その他①～③以外の用途に供されている都市的土地利用（建物跡地、資材置場、改変工事中の土地）、法面（道路、造成地等の主利用に含まれない法面））"}},{"type":"Feature","id":"luse_43393770-11d4-4d17-a1f3-2ebad9abd098","geometry":{"type":"Polygon","coordinates":[[[139.1138833,36.0242231],[139.1141028,36.0242477],[139.1141369,36.0243799],[139.114173,36.02456],[139.1141872,36.0246432],[139.1141898,36.0246583],[139.1139208,36.024675],[139.1139062,36.0245193],[139.113883,36.024223],[139.1138833,36.0242231]]]},"properties":{"layer":"landuse","class_code":"223","class_label":"その他④（その他①～③以外の用途に供されている都市的土地利用（建物跡地、資材置場、改変工事中の土地）、法面（道路、造成地等の主利用に含まれない法面））"}},{"type":"Feature","id":"luse_b5d9c73a-b617-49db-a87f-addf3c812f56","geometry":{"type":"Polygon","coordinates":[[[139.1125,36.02450258048781],[139.1125091,36.024562],[139.1125,36.02456333488372],[139.1125,36.02450258048781]]]},"properties":{"layer":"landuse","class_code":"223","class_label":"その他④（その他①～③以外の用途に供されている都市的土地利用（建物跡地、資材置場、改変工事中の土地）、法面（道路、造成地等の主利用に含まれない法面））"}},{"type":"Feature","id":"luse_c4576701-750e-4d8d-b104-6448a8f7a9a9","geometry":{"type":"Polygon","coordinates":[[[139.1164437,36.0208496],[139.1164193,36.0208922],[139.1163656,36.0209747],[139.1163182,36.0210279],[139.1162912,36.0210565],[139.1162279,36.0209487],[139.1161969,36.0208054],[139.1161771,36.0207194],[139.1164437,36.0208496]]]},"properties":{"layer":"landuse","class_code":"219","class_label":"農林漁業施設用地（農林漁業用施設）"}},{"type":"Feature","id":"luse_1c4206b1-a112-4415-8520-a527e467c056","geometry":{"type":"Polygon","coordinates":[[[139.1206247,36.0243743],[139.1206065,36.0243761],[139.1205825,36.0243786],[139.1205821,36.0243787],[139.1205335,36.0243818],[139.1205204,36.0243826],[139.1205166,36.0243162],[139.120263,36.0243244],[139.1202565,36.0242541],[139.1204304,36.0242479],[139.1204196,36.0241635],[139.1204919,36.0240922],[139.1205869,36.0240831],[139.1205935,36.0241127],[139.1206028,36.0241823],[139.1206138,36.0242789],[139.1206178,36.0243139],[139.1206247,36.0243743]]]},"properties":{"layer":"landuse","class_code":"219","class_label":"農林漁業施設用地（農林漁業用施設）"}},{"type":"Feature","id":"luse_a1fe0b53-ae41-4d87-bc1c-0ebe356039c6","geometry":{"type":"Polygon","coordinates":[[[139.1200092,36.0244011],[139.1197218,36.0244084],[139.1196743,36.0244094],[139.1196741,36.0243266],[139.1197766,36.0241905],[139.1199467,36.0241813],[139.1200022,36.0241783],[139.1200092,36.0244011]]]},"properties":{"layer":"landuse","class_code":"219","class_label":"農林漁業施設用地（農林漁業用施設）"}},{"type":"Feature","id":"luse_fea5b2ce-b977-418e-942e-5e4d2268232c","geometry":{"type":"Polygon","coordinates":[[[139.12196942339028,36.025],[139.1219757,36.0249767],[139.1219915,36.0249413],[139.1220194,36.0249143],[139.122047,36.0248874],[139.1220701,36.0248698],[139.1221195,36.0248335],[139.1221998,36.0247724],[139.122299,36.0246973],[139.1223574,36.0246584],[139.1224013,36.024641],[139.1224528,36.0246292],[139.122634,36.0245984],[139.1226344,36.0245984],[139.1226338,36.0245849],[139.122876,36.0245853],[139.1230359,36.0245746],[139.1230327,36.0246408],[139.123039,36.0246983],[139.1230455,36.0247536],[139.1230313,36.0248049],[139.1229726,36.0249329],[139.1229657,36.0249548],[139.12295284530202,36.025],[139.12196942339028,36.025]]]},"properties":{"layer":"landuse","class_code":"217","class_label":"公共空地（公園・緑地、広場、運動場、墓園）"}},{"type":"Feature","id":"luse_a82475cc-69bd-457d-b5ac-299c70256602","geometry":{"type":"Polygon","coordinates":[[[139.1170179,36.0226858],[139.1171211,36.022711],[139.117117,36.0229114],[139.1170326,36.022962],[139.1170941,36.0231413],[139.1169565,36.0232079],[139.1168608,36.023197],[139.1167879,36.0229491],[139.1168083,36.0228806],[139.1169481,36.0226829],[139.1170179,36.0226858]]]},"properties":{"layer":"landuse","class_code":"217","class_label":"公共空地（公園・緑地、広場、運動場、墓園）"}},{"type":"Feature","id":"luse_c410e312-e5aa-4f46-b594-2d6c16a30d73","geometry":{"type":"Polygon","coordinates":[[[139.1235422,36.0202672],[139.1235465,36.0202716],[139.1236459,36.0203503],[139.1236203,36.0203694],[139.1235028,36.0204677],[139.1233328,36.0203556],[139.1233403,36.0202895],[139.12336,36.0202438],[139.123392,36.0202147],[139.1234336,36.020192],[139.1234592,36.0201815],[139.1235422,36.0202672]]]},"properties":{"layer":"landuse","class_code":"221","class_label":"その他②（太陽光発電のシステムを直接整備している土地）"}},{"type":"Feature","id":"luse_6209ddb0-b9b2-4748-a0e5-009f4ec316ed","geometry":{"type":"Polygon","coordinates":[[[139.1237426,36.0208874],[139.1237856,36.0209973],[139.1234197,36.0211114],[139.1233578,36.0210298],[139.123209,36.0208753],[139.1233187,36.0208563],[139.1233183,36.0208558],[139.1235777,36.0207767],[139.1237426,36.0208874]]]},"properties":{"layer":"landuse","class_code":"221","class_label":"その他②（太陽光発電のシステムを直接整備している土地）"}},{"type":"Feature","id":"luse_3a042899-89a8-4d9e-8e01-1c51b8bd508c","geometry":{"type":"Polygon","coordinates":[[[139.1149727,36.0235735],[139.1147147,36.0236259],[139.114657,36.0234322],[139.1146558,36.0234268],[139.1146468,36.0233869],[139.1149062,36.0233488],[139.1149727,36.0235735]]]},"properties":{"layer":"landuse","class_code":"221","class_label":"その他②（太陽光発電のシステムを直接整備している土地）"}},{"type":"Feature","id":"luse_12c5d585-2c4d-4a04-87b9-611248c30c76","geometry":{"type":"Polygon","coordinates":[[[139.1146304,36.0247773],[139.1145891,36.0247959],[139.1142788,36.0248209],[139.1142497,36.0248103],[139.1142353,36.0246964],[139.1142345,36.02469],[139.1142113,36.0245552],[139.1141751,36.0243741],[139.1141437,36.0242523],[139.1142029,36.0242589],[139.1142874,36.0242668],[139.1144701,36.0242838],[139.1144998,36.0242866],[139.1145039,36.0243098],[139.1145396,36.0244342],[139.1145639,36.0245163],[139.1145915,36.0246286],[139.1146149,36.0247312],[139.1146206,36.0247493],[139.1146304,36.0247773]]]},"properties":{"layer":"landuse","class_code":"221","class_label":"その他②（太陽光発電のシステムを直接整備している土地）"}},{"type":"Feature","id":"luse_accdcb20-af40-4b62-aec8-342c7b1591d1","geometry":{"type":"Polygon","coordinates":[[[139.1212024753829,36.025],[139.1212041,36.0249891],[139.1209527,36.024997],[139.1209527290493,36.025],[139.12075040055453,36.025],[139.1207307,36.024854],[139.1207857,36.0248108],[139.1208779,36.0247684],[139.1209774,36.0247588],[139.1209263,36.0244252],[139.121051,36.0244064],[139.1211173,36.024399],[139.1211812,36.024393],[139.1211815,36.024393],[139.1212278,36.0243913],[139.1212778,36.0243924],[139.1213162,36.0243947],[139.1213166,36.0243947],[139.1213228,36.0243951],[139.1213232,36.0243951],[139.1213859,36.0244016],[139.1214103,36.0244041],[139.1214838,36.0244113],[139.1214842,36.0244114],[139.121544,36.0244163],[139.1216006,36.0244183],[139.1216009,36.0244184],[139.1216569,36.0244187],[139.1216573,36.0244187],[139.1216754,36.0244184],[139.1216941,36.0244182],[139.1217069,36.0246175],[139.1217515,36.0248544],[139.1217571,36.0249703],[139.12173656744187,36.025],[139.1212024753829,36.025]]]},"properties":{"layer":"landuse","class_code":"202","class_label":"畑（畑、樹園地、採草地、養鶏（牛・豚）場）"}},{"type":"Feature","id":"luse_6409b59f-8ea7-4bb1-9c75-a3c8b25bfefa","geometry":{"type":"Polygon","coordinates":[[[139.124682,36.0225038],[139.1248243,36.0225135],[139.1248844,36.0225176],[139.125,36.022550969984685],[139.125,36.02271289470339],[139.1249147,36.0227644],[139.124723,36.0228063],[139.1247242,36.0227858],[139.1247219,36.022764],[139.124716,36.0227491],[139.1246967,36.0227205],[139.1246946,36.0227115],[139.1247042,36.0226897],[139.1248398,36.0226219],[139.1248192,36.022595],[139.1247724,36.0226185],[139.124682,36.0225038]]]},"properties":{"layer":"landuse","class_code":"211","class_label":"住宅用地（住宅、共同住宅、店舗等併用住宅、店舗等併用共同住宅、作業所併用住宅）"}},{"type":"Feature","id":"luse_4f50fccd-fde3-493e-bf99-fddc286e3d96","geometry":{"type":"Polygon","coordinates":[[[139.1244566,36.0225217],[139.1245374,36.0226344],[139.124548,36.0226491],[139.1245868,36.0227031],[139.1244488,36.0227493],[139.1244149,36.0227571],[139.1243995,36.0227574],[139.1243991,36.0227573],[139.1243924,36.022756],[139.1243903,36.0227546],[139.1243397,36.0226851],[139.1243121,36.0226555],[139.1242909,36.0226408],[139.1242669,36.0226336],[139.1242452,36.0226306],[139.1242275,36.0226296],[139.1242033,36.0226058],[139.1243058,36.0225313],[139.1244566,36.0225217]]]},"properties":{"layer":"landuse","class_code":"211","class_label":"住宅用地（住宅、共同住宅、店舗等併用住宅、店舗等併用共同住宅、作業所併用住宅）"}},{"type":"Feature","id":"luse_fbcbbedb-d19c-4949-8e9a-6e1f452da696","geometry":{"type":"Polygon","coordinates":[[[139.123691,36.0232232],[139.1237096,36.023309],[139.1237036,36.0233274],[139.123701,36.0233689],[139.1236981,36.0234158],[139.1236918,36.0234868],[139.1237205,36.0234924],[139.1237333,36.0234948],[139.1237524,36.0235686],[139.1237795,36.0236712],[139.1238269,36.0238475],[139.1238315,36.0238656],[139.1238398,36.0239625],[139.1238378,36.0239964],[139.1238251,36.024007],[139.1238248,36.024007],[139.1238058,36.0240026],[139.1236695,36.023975],[139.1236245,36.0239659],[139.1236242,36.0239658],[139.1235099,36.0239462],[139.1233508,36.0239311],[139.123355,36.023906],[139.1233647,36.0238794],[139.1233743,36.0238542],[139.1234167,36.0238653],[139.1235119,36.0237024],[139.1231797,36.0235748],[139.1231869,36.0235678],[139.1232431,36.0235032],[139.1232434,36.0235028],[139.1232561,36.0234829],[139.1232689,36.023463],[139.1232843,36.0234169],[139.123286,36.0234034],[139.1232837,36.0233772],[139.123279,36.0233533],[139.1232639,36.0233184],[139.1232611,36.0233144],[139.1232419,36.0232866],[139.1232157,36.0232568],[139.1231722,36.0232153],[139.1231442,36.0231823],[139.1231266,36.0231559],[139.1231148,36.0231226],[139.1231158,36.0231225],[139.1231262,36.0231215],[139.1231306,36.023121],[139.1231298,36.0231153],[139.1232028,36.0231054],[139.1232619,36.0230948],[139.1233137,36.0230831],[139.123349,36.0230708],[139.123376,36.0230526],[139.1233931,36.0230386],[139.1233993,36.0230366],[139.1234425,36.0229561],[139.1234699,36.0228489],[139.1235188,36.0227479],[139.1236063,36.0227031],[139.1236935,36.0226568],[139.1241052,36.0224598],[139.1241658,36.0224008],[139.1242906,36.0223367],[139.1243591,36.0222585],[139.1244936,36.0223269],[139.1245505,36.0223215],[139.1247925,36.0223137],[139.1248243,36.0225135],[139.124682,36.0225038],[139.1247724,36.0226185],[139.1246697,36.02267],[139.1246179,36.0226916],[139.1246062,36.0226966],[139.1245973,36.0226995],[139.1245622,36.0226507],[139.1245279,36.0226029],[139.1244679,36.0225195],[139.1244662,36.0225172],[139.1244637,36.0225184],[139.1244603,36.02252],[139.1244566,36.0225217],[139.1243058,36.0225313],[139.1242033,36.0226058],[139.1240243,36.0226961],[139.1239847,36.0227116],[139.1239824,36.0227123],[139.1239537,36.0227213],[139.1239126,36.0227292],[139.123863,36.0227371],[139.1238627,36.0227372],[139.1238387,36.0227441],[139.123816,36.0227575],[139.1237944,36.0227776],[139.1237786,36.0227971],[139.1237644,36.0228253],[139.1237503,36.0228739],[139.1237328,36.0229581],[139.1237183,36.0230395],[139.1236089,36.0230443],[139.1236019,36.0231431],[139.12362,36.0231445],[139.1236162,36.0232208],[139.123691,36.0232232]]]},"properties":{"layer":"landuse","class_code":"202","class_label":"畑（畑、樹園地、採草地、養鶏（牛・豚）場）"}},{"type":"Feature","id":"luse_19d9f769-ae79-4e12-936c-43915cb115d8","geometry":{"type":"Polygon","coordinates":[[[139.1166151,36.0247777],[139.1166361,36.0248927],[139.116512,36.0249101],[139.1165051,36.024911],[139.1164883,36.0248233],[139.1165178,36.0247922],[139.1166151,36.0247777]]]},"properties":{"layer":"landuse","class_code":"223","class_label":"その他④（その他①～③以外の用途に供されている都市的土地利用（建物跡地、資材置場、改変工事中の土地）、法面（道路、造成地等の主利用に含まれない法面））"}},{"type":"Feature","id":"luse_a870adb6-5c00-4f92-8e13-d07377cc0dae","geometry":{"type":"Polygon","coordinates":[[[139.1164771,36.0247651],[139.1164709,36.0247331],[139.1164611,36.0246821],[139.1164521,36.0246365],[139.1163796,36.024268],[139.1163384,36.0240395],[139.1166038,36.024195],[139.1168015,36.0243474],[139.116829,36.0243686],[139.1168357,36.0243836],[139.1168522,36.0244208],[139.1169052,36.0245229],[139.1169339,36.0247251],[139.1167891,36.0247496],[139.1167567,36.0245715],[139.1167221,36.0245971],[139.1167411,36.0247046],[139.1167196,36.0247247],[139.1164771,36.0247651]]]},"properties":{"layer":"landuse","class_code":"223","class_label":"その他④（その他①～③以外の用途に供されている都市的土地利用（建物跡地、資材置場、改変工事中の土地）、法面（道路、造成地等の主利用に含まれない法面））"}},{"type":"Feature","id":"luse_7801eb3d-4a85-43a1-8df3-1e618a7f1258","geometry":{"type":"Polygon","coordinates":[[[139.1161861,36.023187],[139.1161986,36.0231858],[139.1162629,36.0231798],[139.1163231,36.0231742],[139.1164603,36.0231615],[139.1165238,36.0232528],[139.1166294,36.0233196],[139.1164418,36.0234344],[139.1163938,36.0234113],[139.1163419,36.0234605],[139.1163385,36.0234593],[139.1163068,36.0234664],[139.116268,36.0234462],[139.1162352,36.0234262],[139.1161921,36.0233897],[139.1161087,36.0233235],[139.1161056,36.0233209],[139.1162165,36.0232852],[139.1161861,36.023187]]]},"properties":{"layer":"landuse","class_code":"211","class_label":"住宅用地（住宅、共同住宅、店舗等併用住宅、店舗等併用共同住宅、作業所併用住宅）"}},{"type":"Feature","id":"luse_75ac7082-8f65-49ef-bb35-ccf70e2d01ff","geometry":{"type":"MultiPolygon","coordinates":[[[[139.1125,36.022473189847716],[139.1125025,36.0224732],[139.1126097,36.0224806],[139.1127515,36.0224936],[139.1128227,36.0224934],[139.1128448,36.0224914],[139.112868,36.0224893],[139.1129169,36.0224798],[139.1129637,36.0224655],[139.1130152,36.022443],[139.1130568,36.0224195],[139.1131103,36.0223771],[139.1131765,36.0223112],[139.1132503,36.0222312],[139.1132305,36.0222076],[139.1131503,36.0222945],[139.1130857,36.0223589],[139.1130356,36.0223986],[139.1129978,36.0224199],[139.1129498,36.0224408],[139.1129071,36.0224539],[139.1128751,36.0224602],[139.1128916,36.0224432],[139.1130366,36.0223853],[139.11303,36.0223182],[139.1131037,36.0222687],[139.1131551,36.0222098],[139.1131391,36.0221473],[139.1131709,36.022106],[139.1131962,36.0221457],[139.1132388,36.0221978],[139.1133813,36.0223989],[139.1133881,36.0224109],[139.1134203,36.0224686],[139.1131129,36.0224343],[139.1131034,36.0225101],[139.1130559,36.0227297],[139.1128585,36.0227118],[139.112865,36.0225845],[139.1126331,36.0227148],[139.1125412,36.02274],[139.1125,36.022764171356776],[139.1125,36.022473189847716]]],[[[139.1125,36.022672422482195],[139.1125847,36.0226408],[139.1125512,36.0225651],[139.1125,36.02258554675325],[139.1125,36.022672422482195]]]]},"properties":{"layer":"landuse","class_code":"205","class_label":"その他自然地（原野・牧野、荒れ地（耕作放棄地等自然的状況のもの）、低湿地、河川敷・河原、海浜、湖岸）"}},{"type":"Feature","id":"luse_b78c592e-5176-4cc1-b784-d99eebeddab4","geometry":{"type":"MultiPolygon","coordinates":[[[[139.1125,36.016666666666666],[139.125,36.016666666666666],[139.125,36.024462527719294],[139.1249098,36.0244073],[139.1248097,36.024349],[139.1247096,36.0242963],[139.1246319,36.0242585],[139.1245283,36.0242156],[139.1244968,36.0242415],[139.1244726,36.0243244],[139.1244724,36.0243249],[139.1244705,36.0243307],[139.1244463,36.0244047],[139.124446,36.0244047],[139.1244139,36.0243979],[139.12444,36.0243178],[139.1244643,36.0242347],[139.1243115,36.0242005],[139.1242099,36.0241777],[139.1241801,36.024166],[139.1241726,36.0241644],[139.1239413,36.0241151],[139.1239115,36.0241086],[139.123712,36.0240645],[139.1237042,36.0240635],[139.1236548,36.0240568],[139.1236277,36.0240532],[139.1234913,36.0240397],[139.1234909,36.0240396],[139.1234398,36.0240349],[139.1233946,36.0240334],[139.1233764,36.0240335],[139.1233614,36.0240336],[139.123361,36.0240336],[139.123346,36.0240349],[139.123342,36.0240352],[139.1233404,36.0240528],[139.1233187,36.0240679],[139.1233031,36.0243353],[139.1233127,36.0243789],[139.1233531,36.0244098],[139.1238605,36.0244581],[139.1238437,36.0245785],[139.1238434,36.0245785],[139.1237777,36.0245722],[139.1237875,36.0245003],[139.1237739,36.0244861],[139.1237735,36.0244861],[139.1232807,36.0244392],[139.1232636,36.0243613],[139.1232465,36.0243499],[139.123202,36.0243502],[139.1232011,36.0242962],[139.1232454,36.0242958],[139.1232458,36.0242958],[139.1232616,36.0242833],[139.123274,36.0240743],[139.123249,36.0240499],[139.1232474,36.0240503],[139.1232194,36.0240581],[139.1232191,36.0240582],[139.1231759,36.024073],[139.1231019,36.0240999],[139.1230782,36.0241086],[139.1230233,36.0241291],[139.1229479,36.0241546],[139.1229476,36.0241547],[139.1228757,36.0241767],[139.1228575,36.0241823],[139.1228201,36.0241935],[139.1227952,36.024201],[139.1226865,36.0242257],[139.1225466,36.0242572],[139.1224804,36.0242718],[139.1224253,36.0244035],[139.1224208,36.0244255],[139.1224135,36.0244612],[139.1224062,36.0244969],[139.1223973,36.0245725],[139.1224003,36.0245781],[139.1224197,36.0245854],[139.12242,36.0245855],[139.1224515,36.0245882],[139.1224519,36.0245882],[139.1225074,36.0245872],[139.1225948,36.0245856],[139.1226338,36.0245849],[139.1226344,36.0245984],[139.122634,36.0245984],[139.122607,36.0245989],[139.1224512,36.0246017],[139.1224508,36.0246017],[139.1224155,36.0245987],[139.1223874,36.0245883],[139.12238,36.0245743],[139.122381,36.024565],[139.1223865,36.02452],[139.1223867,36.0245189],[139.1223898,36.0244946],[139.1224022,36.024434],[139.1224092,36.0244002],[139.1224435,36.0243182],[139.1224611,36.0242762],[139.1224607,36.0242762],[139.1223823,36.0242936],[139.1221492,36.0243442],[139.1220927,36.0243557],[139.1220278,36.0243688],[139.122008,36.0243728],[139.1219627,36.024382],[139.1219396,36.0243861],[139.1219393,36.0243861],[139.1218318,36.0244048],[139.1218315,36.0244049],[139.1217754,36.0244128],[139.1217463,36.0244153],[139.1217459,36.0244154],[139.1217164,36.0244179],[139.1216941,36.0244182],[139.1216754,36.0244184],[139.1216573,36.0244187],[139.1216569,36.0244187],[139.1216009,36.0244184],[139.1216006,36.0244183],[139.121544,36.0244163],[139.1214842,36.0244114],[139.1214838,36.0244113],[139.1214103,36.0244041],[139.1213859,36.0244016],[139.1213232,36.0243951],[139.1213228,36.0243951],[139.1213166,36.0243947],[139.1213162,36.0243947],[139.1212778,36.0243924],[139.1212278,36.0243913],[139.1211815,36.024393],[139.1211812,36.024393],[139.1211173,36.024399],[139.121051,36.0244064],[139.1209263,36.0244252],[139.1208865,36.0244312],[139.1208245,36.0244406],[139.120804,36.0244438],[139.1206902,36.0244584],[139.1206899,36.0244584],[139.1206609,36.0244614],[139.120691,36.0246228],[139.1207052,36.0247034],[139.1207273,36.0248288],[139.1207307,36.024854],[139.12075040055453,36.025],[139.12025522196262,36.025],[139.1202443,36.0249937],[139.1201862,36.0249655],[139.1201337,36.0249441],[139.1200962,36.0249313],[139.1199951,36.0248992],[139.1199948,36.0248991],[139.1198979,36.0248743],[139.1197678,36.024841],[139.1195741,36.024791],[139.119568,36.0247893],[139.1194933,36.024931],[139.1194678,36.0249222],[139.1195303,36.0248034],[139.1195183,36.0247765],[139.1195097,36.0247743],[139.1195094,36.0247742],[139.1193599,36.0247332],[139.1192396,36.0247002],[139.1192322,36.0248552],[139.1192293,36.0248847],[139.1192202,36.0249801],[139.1192165731415,36.025],[139.1191044407945,36.025],[139.1191099,36.0249701],[139.1191135,36.0249325],[139.1191154,36.0249128],[139.1191214,36.0248499],[139.119123,36.024816],[139.1191303,36.0246644],[139.1191324,36.02462],[139.1190856,36.0244947],[139.1190267,36.0244679],[139.1189183,36.0244185],[139.1188925,36.0244114],[139.1188829,36.0244085],[139.1187992,36.0243835],[139.1186709,36.0245514],[139.1185863,36.0246419],[139.1185172,36.024716],[139.1184381,36.0248224],[139.1183764,36.0249052],[139.1183605,36.0249267],[139.1183158,36.0249921],[139.1183154,36.024992],[139.1182538,36.024964],[139.1182504,36.0249625],[139.1181802,36.0249694],[139.1181343,36.024974],[139.1181047,36.0249769],[139.1181008,36.024941],[139.1181074,36.0249403],[139.1181078,36.0249403],[139.1181542,36.0249357],[139.1182791,36.0249232],[139.1183076,36.0249204],[139.1183174,36.0249064],[139.1183476,36.0248658],[139.1184757,36.0246932],[139.1185,36.0246674],[139.1185019,36.0246654],[139.1186296,36.0245285],[139.1186495,36.0245027],[139.118742,36.0243815],[139.1187384,36.024373],[139.1187119,36.0243652],[139.1187103,36.0243647],[139.1187099,36.0243646],[139.1186445,36.0243505],[139.118622,36.0243456],[139.1185707,36.0243362],[139.1185703,36.0243362],[139.118562,36.0243354],[139.1185617,36.0243354],[139.1185245,36.0243318],[139.1185241,36.0243318],[139.1183902,36.024324],[139.1183898,36.024324],[139.1183148,36.0243109],[139.1182416,36.0243832],[139.1181793,36.0244561],[139.1181676,36.0244738],[139.1181667,36.0244819],[139.1181735,36.0244979],[139.1181941,36.0245202],[139.1181762,36.0245309],[139.1181538,36.0245065],[139.1181442,36.0244842],[139.1181459,36.0244686],[139.1181603,36.0244467],[139.118224,36.0243724],[139.1182905,36.0243067],[139.1182901,36.0243067],[139.1182752,36.0243042],[139.1182255,36.0242725],[139.1181556,36.0242613],[139.1181071,36.0242534],[139.118105,36.0242531],[139.1180648,36.0242466],[139.1180644,36.0242466],[139.1180628,36.0242463],[139.1180335,36.0242404],[139.1180008,36.0242339],[139.1179422,36.0242188],[139.1178739,36.0241959],[139.1177407,36.0241443],[139.1176976,36.0241275],[139.1176972,36.0241274],[139.1176855,36.0241229],[139.1176547,36.0242421],[139.1176501,36.0242601],[139.1176501,36.0242604],[139.1176491,36.0242678],[139.1176443,36.0243024],[139.117638,36.0243557],[139.1176376,36.0243556],[139.1176047,36.024353],[139.1176112,36.0242996],[139.1176171,36.0242558],[139.1176347,36.0241875],[139.117605,36.024179],[139.1175856,36.0242018],[139.1175188,36.0242913],[139.1174807,36.0243478],[139.1174639,36.024384],[139.1174591,36.0244151],[139.1174605,36.0244538],[139.1174622,36.0245007],[139.1174586,36.0245489],[139.1174506,36.0245701],[139.1174478,36.0245776],[139.1174329,36.0245983],[139.1173896,36.0246318],[139.1173381,36.0246695],[139.1172958,36.0247089],[139.1172511,36.0247538],[139.1171785,36.0248347],[139.117165,36.0248541],[139.1171524,36.0248846],[139.1171468,36.0249139],[139.1171469,36.0249251],[139.1171469,36.0249418],[139.1171522,36.0249679],[139.1171645,36.0249956],[139.11716715,36.025],[139.1171428549669,36.025],[139.1171307,36.0249724],[139.1171247,36.0249433],[139.1171247,36.0249125],[139.1171308,36.0248803],[139.1171444,36.0248468],[139.1171559,36.0248306],[139.1171555,36.0248306],[139.1171391,36.0248336],[139.1169968,36.0248593],[139.1169215,36.0248722],[139.11697919477774,36.025],[139.11692597126088,36.025],[139.116885,36.0249093],[139.1168721,36.0248808],[139.1168579,36.0248832],[139.1168165,36.0248903],[139.1167084,36.0249083],[139.116708,36.0249084],[139.1166476,36.0249185],[139.1166472,36.0249185],[139.1165169,36.0249369],[139.1165102,36.0249378],[139.1165146,36.0249609],[139.11652213963177,36.025],[139.11643232298738,36.025],[139.116427,36.024972],[139.1163759,36.024706],[139.1163755,36.024706],[139.116374,36.0247063],[139.1159977,36.0247535],[139.1159908,36.0247544],[139.1157376,36.0247887],[139.115737,36.0247888],[139.1157366,36.0247888],[139.1155139,36.0248177],[139.115513,36.0248179],[139.1154928,36.0248205],[139.1154932,36.024822],[139.1154938,36.0248245],[139.1155169,36.024922],[139.1155196,36.0249337],[139.115487,36.0249388],[139.1154786,36.0249034],[139.115461,36.0248295],[139.1154286,36.0246908],[139.1154277,36.0246868],[139.1154233,36.0246705],[139.1153893,36.0246764],[139.1153874,36.0246767],[139.1152333,36.0247036],[139.115219,36.024706],[139.115192,36.0247107],[139.1151222,36.0247285],[139.1150614,36.0247443],[139.1150609,36.0247444],[139.1150081,36.0247525],[139.1149597,36.0247566],[139.1149344,36.0247576],[139.114973,36.0249329],[139.1149781,36.0249563],[139.1149813,36.0249951],[139.11498034296875,36.025],[139.1149578804878,36.025],[139.1149589,36.0249943],[139.114956,36.0249585],[139.114913,36.024763],[139.1149071,36.0247635],[139.114837,36.0247706],[139.1148314,36.0247711],[139.1147125,36.0247851],[139.1146358,36.0247928],[139.1146304,36.0247773],[139.1146206,36.0247493],[139.1146149,36.0247312],[139.1145915,36.0246286],[139.1145639,36.0245163],[139.1145396,36.0244342],[139.1145039,36.0243098],[139.1144998,36.0242866],[139.1144701,36.0242838],[139.1142874,36.0242668],[139.1142029,36.0242589],[139.1141437,36.0242523],[139.1141751,36.0243741],[139.1142113,36.0245552],[139.1142345,36.02469],[139.1142353,36.0246964],[139.1142497,36.0248103],[139.1142529,36.0248359],[139.1142679,36.024943],[139.1142723,36.0249744],[139.1142728,36.0249781],[139.1142723,36.0249964],[139.1142714030303,36.025],[139.11251565,36.025],[139.1125174,36.0249835],[139.1125226,36.0249629],[139.1125261,36.0249569],[139.1125,36.02496185],[139.1125,36.02493414258312],[139.1125497,36.0249248],[139.1125501,36.0249247],[139.1125622,36.0249096],[139.1125615,36.0249051],[139.1125477,36.0248191],[139.1125441,36.0247967],[139.1125295,36.024704],[139.1125283,36.0246958],[139.1125252,36.0246735],[139.1125172,36.0246148],[139.1125091,36.024562],[139.1125,36.02450258048781],[139.1125,36.02433444745668],[139.1128296,36.0242789],[139.1128951,36.0242679],[139.1129068,36.0242659],[139.1129072,36.0242658],[139.1129808,36.0242534],[139.1129982,36.0242505],[139.1129985,36.0242505],[139.1130581,36.0242404],[139.1131416,36.0242262],[139.1132119,36.0242143],[139.1132472,36.0242084],[139.1132571,36.0242067],[139.1132575,36.0242067],[139.1132409,36.0241061],[139.1131974,36.0240862],[139.1131437,36.0240614],[139.1130653,36.0240254],[139.1130398,36.0240154],[139.1130346,36.0240134],[139.113008,36.024003],[139.112929,36.0239781],[139.1129033,36.0239712],[139.1127799,36.0239381],[139.1127574,36.0239321],[139.1126312,36.0238982],[139.1126014,36.0238895],[139.11254,36.0238715],[139.1125273,36.0238678],[139.1125,36.02385913137697],[139.1125,36.016666666666666]]],[[[139.1163099,36.0235481],[139.1163095,36.0235481],[139.1162846,36.023549],[139.1162735,36.0235526],[139.1162732,36.0235527],[139.1162639,36.0235578],[139.1162573,36.0235671],[139.1162622,36.0235975],[139.1162737,36.0236684],[139.1162933,36.0237901],[139.1163155,36.0238036],[139.116404,36.023793],[139.1164924,36.0237823],[139.1165657,36.0237734],[139.1165696,36.0237716],[139.1167162,36.0237023],[139.1166789,36.0236885],[139.1166095,36.0236625],[139.1165293,36.0236325],[139.1163709,36.0235725],[139.116368,36.0235715],[139.116359,36.0235678],[139.1163099,36.0235481]]],[[[139.1224299,36.0235878],[139.1224101,36.0236088],[139.1223684,36.0236659],[139.1223148,36.023738],[139.122352,36.0237688],[139.1224742,36.0238693],[139.1224807,36.0238748],[139.1224835,36.0238712],[139.1226001,36.0237228],[139.1226015,36.0237211],[139.1227333,36.02354],[139.1227216,36.0235274],[139.1226937,36.0235215],[139.1226459,36.0235115],[139.1226283,36.0235096],[139.1225767,36.0235044],[139.1225567,36.0235037],[139.1225362,36.023505],[139.122514,36.0235113],[139.1224965,36.0235201],[139.1224736,36.0235415],[139.1224299,36.0235878]]],[[[139.1126877,36.0204096],[139.1128137,36.0205405],[139.1128487,36.0205768],[139.1128558,36.0205855],[139.1128643,36.0205909],[139.1128716,36.0205926],[139.1128836,36.0205917],[139.1128976,36.020586],[139.1129111,36.0205762],[139.1129161,36.0205694],[139.112922,36.0205348],[139.1129316,36.0205354],[139.1129331,36.0205355],[139.1129452,36.0203557],[139.1129564,36.020188],[139.1129669,36.0200182],[139.112967,36.0200153],[139.1129484,36.0200197],[139.1126813,36.0200849],[139.1125181,36.0202151],[139.1125496,36.0202488],[139.1126585,36.0203793],[139.1126637,36.0203847],[139.1126877,36.0204096]]],[[[139.1140586,36.0227918],[139.1140337,36.0228213],[139.1141041,36.0230743],[139.1141369,36.023088],[139.1141641,36.0232015],[139.1145354,36.0231497],[139.1145522,36.0231282],[139.1145138,36.0229629],[139.1144429,36.0227631],[139.1142021,36.0227811],[139.1141994,36.0227813],[139.1140586,36.0227918]]],[[[139.1132408,36.0202568],[139.1132445,36.020248],[139.1134057,36.0202639],[139.1134146,36.0202551],[139.1134793,36.0201889],[139.1135127,36.0201586],[139.1135787,36.0200986],[139.1135971,36.0200802],[139.1136058,36.0200675],[139.1136119,36.0200539],[139.1136166,36.0200323],[139.1136232,36.0199475],[139.1136214,36.0199161],[139.1135928,36.0198868],[139.1135924,36.0198868],[139.113592,36.0198869],[139.1132935,36.0199463],[139.1132336,36.0199585],[139.1130506,36.0199958],[139.11305,36.0200205],[139.1130406,36.0201745],[139.1130396,36.0201915],[139.1130186,36.0205031],[139.1130475,36.02051],[139.1131048,36.0205236],[139.1131999,36.020354],[139.1132408,36.0202568]]],[[[139.11299725427486,36.025],[139.1129916,36.0249297],[139.1129872,36.0248996],[139.1129868,36.0248996],[139.1129437,36.0249041],[139.1128797,36.0249108],[139.1125681,36.0249434],[139.1125579,36.0249564],[139.112549,36.0249704],[139.1125449,36.0249867],[139.11254348510639,36.025],[139.11299725427486,36.025]]],[[[139.1129271,36.024865],[139.1129811,36.0248593],[139.1129658,36.0247535],[139.1129618,36.0247313],[139.1129225,36.0245471],[139.1128724,36.0243086],[139.1128427,36.0243135],[139.1125241,36.0243672],[139.1125612,36.0246107],[139.112566,36.0246456],[139.1125734,36.0246996],[139.1125843,36.0247679],[139.112588,36.0247903],[139.1125902,36.0248046],[139.1126023,36.0248803],[139.112626,36.0248964],[139.1126575,36.0248931],[139.1127346,36.0248851],[139.1129271,36.024865]]],[[[139.1153698,36.0244652],[139.1153687,36.0244614],[139.1153428,36.0243687],[139.1153069,36.0242485],[139.1152774,36.0242602],[139.1151492,36.0243114],[139.115106,36.0243257],[139.115074,36.0243326],[139.1150736,36.0243327],[139.1150386,36.0243342],[139.1150077,36.0243332],[139.1150073,36.0243331],[139.1149185,36.0243265],[139.1149181,36.0243265],[139.1148977,36.0243245],[139.1148974,36.0243368],[139.1148951,36.0244737],[139.1148718,36.0244734],[139.1148508,36.0244732],[139.1148517,36.0244197],[139.1148533,36.0243203],[139.1145459,36.0242909],[139.114544,36.0243054],[139.1145422,36.0243189],[139.114554,36.0243855],[139.1145615,36.0244309],[139.1145857,36.0245125],[139.1145897,36.0245289],[139.1146134,36.0246252],[139.1146366,36.0247273],[139.114637,36.0247286],[139.114641,36.0247413],[139.1146523,36.0247535],[139.1146669,36.0247628],[139.1146874,36.0247678],[139.1147043,36.0247673],[139.1147104,36.0247671],[139.1147108,36.0247671],[139.1147834,36.0247586],[139.1148284,36.0247533],[139.1148331,36.0247528],[139.1148917,36.0247469],[139.1149107,36.024745],[139.1149111,36.024745],[139.1149209,36.0247446],[139.1149584,36.0247431],[139.1150055,36.0247391],[139.1150059,36.024739],[139.1150568,36.0247313],[139.1150607,36.0247303],[139.1151889,36.024701],[139.1153059,36.0246771],[139.1154202,36.0246572],[139.1153968,36.0245653],[139.1153855,36.024521],[139.1153698,36.0244652]]],[[[139.1134344,36.0242265],[139.1134175,36.0242154],[139.1133998,36.0242179],[139.1132686,36.024237],[139.1132682,36.024237],[139.1132228,36.0242447],[139.1132107,36.0242856],[139.1132094,36.02429],[139.1132313,36.0244336],[139.1132327,36.0244434],[139.1132603,36.024591],[139.1132808,36.02472],[139.1132804,36.02472],[139.1132586,36.0247223],[139.1132501,36.0246686],[139.1132382,36.0245935],[139.1132108,36.0244459],[139.1131873,36.0242915],[139.1131811,36.0242518],[139.1131403,36.0242587],[139.1130063,36.0242814],[139.1129487,36.0242911],[139.112915,36.0242968],[139.1129376,36.0244045],[139.1129383,36.0244077],[139.1129663,36.0245411],[139.1129991,36.0246952],[139.1130001,36.0247],[139.1130081,36.0247375],[139.1130179,36.0248044],[139.1130213,36.0248269],[139.1130358,36.0249265],[139.1130396,36.0249736],[139.11304175043327,36.025],[139.11347006902656,36.025],[139.1134946,36.024928],[139.1135095,36.0248497],[139.1135144,36.0247599],[139.1135098,36.0246873],[139.1135074,36.0246488],[139.1135,36.0245586],[139.1134855,36.0244541],[139.1134661,36.0243613],[139.1134344,36.0242265]]],[[[139.113883,36.024223],[139.1135916,36.0242065],[139.1135508,36.0242105],[139.1134666,36.0242189],[139.1134554,36.0242201],[139.1134699,36.0242815],[139.1134879,36.0243581],[139.1134898,36.0243672],[139.1135075,36.0244515],[139.1135221,36.024557],[139.1135296,36.0246478],[139.1135368,36.0247599],[139.1135316,36.0248515],[139.1135163,36.0249318],[139.11349321921398,36.025],[139.11423247431193,36.025],[139.1142335,36.0249957],[139.1142339,36.0249794],[139.1142143,36.0248393],[139.1141959,36.0246938],[139.1141898,36.0246583],[139.1141872,36.0246432],[139.114173,36.02456],[139.1141369,36.0243799],[139.1141028,36.0242477],[139.1138833,36.0242231],[139.113883,36.024223]]],[[[139.1125,36.0238204244713],[139.112543,36.023834],[139.1126454,36.0238641],[139.1127283,36.0238862],[139.1127623,36.0238694],[139.112788,36.02371],[139.1127948,36.0236681],[139.1127975,36.0236299],[139.1127977,36.0236275],[139.1127951,36.0235904],[139.1127837,36.0235492],[139.112766,36.0235033],[139.1127371,36.02344],[139.1127143,36.0234382],[139.1125678,36.0234264],[139.1125744,36.0233725],[139.1127001,36.0233827],[139.1127366,36.0233856],[139.1127369,36.0233856],[139.1127542,36.0233745],[139.1127653,36.0233141],[139.1127666,36.0232575],[139.1127552,36.0231969],[139.1127066,36.0229144],[139.1126934,36.0229153],[139.112693,36.0229154],[139.1126501,36.0229222],[139.1125,36.02294620247748],[139.1125,36.0238204244713]]],[[[139.1206996,36.0248317],[139.1206635,36.024626],[139.1206334,36.0244643],[139.120633,36.0244643],[139.1205936,36.0244683],[139.1205924,36.0244684],[139.1205256,36.0244727],[139.1205252,36.0244727],[139.120417,36.0244785],[139.1203461,36.0244814],[139.1203457,36.0244814],[139.1203091,36.0244825],[139.1201496,36.0244875],[139.1201253,36.0244883],[139.1200036,36.0244914],[139.1197742,36.0244973],[139.1197249,36.0244985],[139.1195812,36.0245014],[139.1195809,36.0245014],[139.1194899,36.0245022],[139.1194085,36.0244997],[139.1193348,36.0244951],[139.119273,36.0244887],[139.1192478,36.0245102],[139.1192359,36.024537],[139.1192389,36.0246538],[139.1193716,36.0246985],[139.1194464,36.0247236],[139.1195216,36.0247443],[139.1195838,36.0247603],[139.1197135,36.0247938],[139.1197794,36.0248109],[139.1197797,36.024811],[139.1198471,36.0248282],[139.1199036,36.0248427],[139.1200077,36.0248693],[139.120008,36.0248694],[139.1201109,36.0249021],[139.1201379,36.0249114],[139.1201498,36.0249155],[139.120205,36.0249378],[139.1202655,36.0249673],[139.1203065,36.0249909],[139.1203068,36.0249911],[139.1203176151899,36.025],[139.1207224628242,36.025],[139.1207108,36.0249145],[139.1206996,36.0248317]]],[[[139.1155924,36.0241722],[139.1155695,36.0241786],[139.1155661,36.0241796],[139.1153409,36.0242426],[139.1153395,36.024243],[139.115363,36.0243219],[139.1153751,36.0243625],[139.115418,36.0245153],[139.1154604,36.0246816],[139.1154639,36.0246968],[139.1154887,36.0248027],[139.1155061,36.0248005],[139.1156931,36.0247762],[139.1157332,36.024771],[139.1157352,36.0247708],[139.1157372,36.0247705],[139.1157378,36.0247704],[139.1159937,36.0247358],[139.1159942,36.0247357],[139.1163722,36.0246883],[139.1162917,36.0242789],[139.1162892,36.0242649],[139.1162421,36.0240024],[139.1162407,36.0239949],[139.1162364,36.0239718],[139.1162297,36.0239357],[139.1162206,36.0238861],[139.1162192,36.0238863],[139.1161482,36.0239002],[139.1160978,36.0239143],[139.1160485,36.0239336],[139.1160118,36.0239542],[139.1159184,36.024009],[139.1159205,36.0240136],[139.1159421,36.0240612],[139.1159907,36.0241686],[139.1160044,36.0241989],[139.1160035,36.0241992],[139.1159882,36.0242037],[139.1159653,36.0242105],[139.1159627,36.0242113],[139.1159482,36.0241793],[139.1159361,36.0241526],[139.1158809,36.0240311],[139.1157723,36.024095],[139.1157507,36.0241054],[139.1156838,36.0241376],[139.1156002,36.0241701],[139.1155924,36.0241722]]],[[[139.125,36.02433301016393],[139.1247217,36.024281],[139.1248223,36.0243341],[139.1249232,36.0243928],[139.125,36.02443983412074],[139.125,36.02433301016393]]],[[[139.1136104,36.0201027],[139.1135999,36.0201132],[139.1135772,36.0201339],[139.1135006,36.0202035],[139.1134328,36.0202727],[139.1134261,36.0202796],[139.1134257,36.0202795],[139.1132558,36.0202628],[139.1132154,36.020359],[139.1131258,36.0205186],[139.1131172,36.0205342],[139.1131936,36.020553],[139.1132369,36.020561],[139.1132373,36.020561],[139.1132718,36.0205633],[139.1133023,36.0205622],[139.113361,36.020557],[139.1133613,36.0205569],[139.1134147,36.0205498],[139.1134519,36.0205448],[139.1135776,36.0205281],[139.1136278,36.0205213],[139.1136823,36.020514],[139.1136921,36.0205127],[139.1142327,36.0204502],[139.1143771,36.0204335],[139.114488,36.0204207],[139.1144884,36.0204207],[139.1144987,36.0204167],[139.1145026,36.020409],[139.1145027,36.0204],[139.1144969,36.0203279],[139.1144922,36.020305],[139.1144849,36.020269],[139.1144621,36.0201964],[139.1144449,36.0201341],[139.1144323,36.0200715],[139.1144295,36.0200578],[139.1143965,36.0199209],[139.1143944,36.019886],[139.1143951,36.0198675],[139.1143808,36.0198425],[139.1143804,36.0198425],[139.1143604,36.0198438],[139.1142783,36.0198494],[139.114278,36.0198494],[139.1141177,36.0198453],[139.1140704,36.0198441],[139.1140674,36.0198439],[139.1139944,36.01984],[139.1139264,36.0198363],[139.1139139,36.0198356],[139.1138628,36.019836],[139.1138624,36.019836],[139.1138098,36.0198419],[139.1138095,36.019842],[139.1137628,36.019849],[139.1136996,36.0198639],[139.1136466,36.0198753],[139.113651,36.0199477],[139.1136442,36.0200349],[139.1136411,36.0200498],[139.1136389,36.0200599],[139.113631,36.0200769],[139.1136203,36.0200928],[139.1136104,36.0201027]]],[[[139.113177,36.0228934],[139.1129648,36.0228991],[139.1129645,36.0228991],[139.1128051,36.0229078],[139.1127615,36.0229102],[139.1127611,36.0229102],[139.1127344,36.0229122],[139.1127826,36.0231937],[139.1127944,36.0232561],[139.112793,36.023316],[139.1127747,36.0234172],[139.1127728,36.0234273],[139.1128029,36.0234931],[139.1128102,36.0235123],[139.1128213,36.0235411],[139.1128336,36.023586],[139.1128366,36.0236275],[139.1128338,36.0236709],[139.1127949,36.0239084],[139.1127949,36.023909],[139.1128034,36.0239112],[139.1129419,36.0239484],[139.1129423,36.0239485],[139.1130233,36.0239741],[139.113083,36.0239974],[139.1132527,36.0240717],[139.1133663,36.024113],[139.1133666,36.024113],[139.1134053,36.0240891],[139.1134063,36.0240246],[139.1134079,36.0239318],[139.1134096,36.0238358],[139.1133865,36.0238164],[139.1133862,36.0238164],[139.1133816,36.0238163],[139.1133263,36.0238156],[139.113236,36.0238144],[139.1132365,36.0237784],[139.1133292,36.0237796],[139.1133826,36.0237803],[139.1133869,36.0237803],[139.113411,36.0237615],[139.1134119,36.0237156],[139.1134137,36.0235328],[139.1134211,36.0232926],[139.1134225,36.0231171],[139.113423,36.0230448],[139.1134232,36.0230183],[139.1134236,36.0229507],[139.1134244,36.0229146],[139.113425,36.0228885],[139.1134249,36.0228868],[139.1134015,36.0228874],[139.113177,36.0228934]]],[[[139.1126837,36.0198134],[139.1127057,36.0198113],[139.1127386,36.0200521],[139.1127435,36.0200509],[139.1129231,36.0200071],[139.1129112,36.0197247],[139.1128682,36.0193988],[139.1128412,36.019214],[139.1128075,36.0189281],[139.1126696,36.0189437],[139.1126762,36.0190219],[139.1126728,36.0191105],[139.1126632,36.0191697],[139.1126578,36.0191892],[139.112652,36.0191945],[139.1126214,36.0192028],[139.1125996,36.0192087],[139.1125,36.01922927893129],[139.1125,36.020191693728236],[139.1125059,36.0201993],[139.1125373,36.0201743],[139.1126697,36.020069],[139.1127167,36.0200574],[139.1127171,36.0200573],[139.1126837,36.0198134]]],[[[139.1144336,36.022177],[139.1141856,36.0222854],[139.1141045,36.0223209],[139.114097,36.0223242],[139.1140195,36.0223582],[139.1138872,36.0224164],[139.1139466,36.0225693],[139.1139521,36.0225836],[139.1139203,36.0225916],[139.1138561,36.0224268],[139.1138267,36.0224349],[139.1135925,36.0225001],[139.1135032,36.022525],[139.1135008,36.0225636],[139.1134846,36.0226893],[139.1134843,36.0229509],[139.1134833,36.0230808],[139.113483,36.0231363],[139.1134828,36.0231731],[139.1137124,36.0231411],[139.1137963,36.0231294],[139.1140425,36.0230952],[139.1140231,36.023023],[139.1140205,36.0230136],[139.1139937,36.022914],[139.1139575,36.0227797],[139.1139485,36.0227464],[139.1141109,36.022733],[139.1141817,36.0227272],[139.1144231,36.0227072],[139.1144027,36.0226498],[139.1146443,36.0225765],[139.1149701,36.0224466],[139.1150063,36.0224001],[139.1150079,36.0223982],[139.114967,36.0223753],[139.1149539,36.022368],[139.1147522,36.0222568],[139.1145313,36.0221387],[139.1144336,36.022177]]],[[[139.1163384,36.0240395],[139.1163796,36.024268],[139.1164521,36.0246365],[139.1164611,36.0246821],[139.1164709,36.0247331],[139.1164771,36.0247651],[139.1167196,36.0247247],[139.1167411,36.0247046],[139.1167221,36.0245971],[139.1167567,36.0245715],[139.1167891,36.0247496],[139.1166151,36.0247777],[139.1165178,36.0247922],[139.1164883,36.0248233],[139.1165051,36.024911],[139.116512,36.0249101],[139.1166361,36.0248927],[139.1166412,36.024892],[139.1166582,36.0248891],[139.1168097,36.0248639],[139.1168457,36.0248577],[139.1169109,36.0248464],[139.1169897,36.0248328],[139.1171394,36.0248058],[139.1171775,36.0247989],[139.1171778,36.0247989],[139.1171831,36.0247913],[139.1172292,36.0247401],[139.1172745,36.0246944],[139.1173183,36.0246536],[139.1173708,36.0246153],[139.1174109,36.0245842],[139.1174222,36.0245684],[139.117431,36.0245449],[139.1174345,36.0245004],[139.1174311,36.0244139],[139.1174292,36.0243807],[139.1174321,36.0243594],[139.1174446,36.024326],[139.1174804,36.0242733],[139.1175484,36.0241822],[139.1176124,36.024107],[139.1176013,36.0240872],[139.1175994,36.0240865],[139.1175457,36.0240633],[139.1175263,36.0240549],[139.1174173,36.0240054],[139.1173777,36.0239882],[139.1172977,36.023953],[139.1171591,36.0238912],[139.116942,36.0237969],[139.1168295,36.0237474],[139.1167579,36.023719],[139.1166649,36.023763],[139.1166074,36.0237902],[139.1165788,36.0238038],[139.1165282,36.0238099],[139.1165079,36.0238312],[139.116518,36.0239105],[139.1167737,36.0240207],[139.1167607,36.0240407],[139.1167529,36.0240526],[139.1164763,36.0239334],[139.1164645,36.0238406],[139.1164338,36.0238213],[139.1164074,36.0238244],[139.1163015,36.0238372],[139.1163298,36.0239919],[139.1163343,36.0240169],[139.1163384,36.0240395]]],[[[139.1130993,36.0209352],[139.1130505,36.0208881],[139.1130085,36.0209003],[139.1130162,36.0210637],[139.1130187,36.0211161],[139.1130241,36.0211834],[139.1130357,36.0213255],[139.1130416,36.0213988],[139.1130418,36.021401],[139.1130527,36.0215356],[139.1130573,36.021592],[139.1130636,36.0216651],[139.1130757,36.0217277],[139.1130919,36.0217826],[139.1130921,36.0217835],[139.1131116,36.0218428],[139.1131235,36.0218761],[139.1131302,36.0218947],[139.1131524,36.0219481],[139.1131824,36.0220115],[139.1132027,36.0220457],[139.1132211,36.0220766],[139.1132377,36.0221028],[139.1132491,36.0221206],[139.1132908,36.0221717],[139.1132959,36.0221788],[139.1133191,36.0222116],[139.1134072,36.0223361],[139.1134356,36.0223762],[139.1134764,36.0224488],[139.1134799,36.0224555],[139.1135011,36.022497],[139.113504,36.0224962],[139.1135105,36.0224944],[139.1135132,36.0224937],[139.1137727,36.0224214],[139.1138627,36.0223963],[139.114081,36.0223004],[139.1140814,36.0223003],[139.114415,36.0221542],[139.1144905,36.0221075],[139.1144634,36.0220934],[139.1144038,36.0220622],[139.1143982,36.0220589],[139.1143262,36.0220156],[139.1142291,36.0219601],[139.1142079,36.0219447],[139.1141638,36.0219092],[139.114145,36.0218924],[139.1141245,36.0218745],[139.1140396,36.0217993],[139.1140264,36.0217875],[139.1139141,36.0216836],[139.1138919,36.0216633],[139.1136707,36.0214513],[139.1135744,36.0213657],[139.1133618,36.0211744],[139.113197,36.0210224],[139.1131903,36.0210164],[139.1130993,36.0209352]]],[[[139.1134667,36.0240312],[139.1134644,36.0241476],[139.1137845,36.0241632],[139.1137978,36.0241639],[139.1138101,36.0241646],[139.1138901,36.0241692],[139.1139003,36.0241705],[139.1139048,36.0241711],[139.1139913,36.0241827],[139.1141077,36.0241982],[139.1141209,36.0241997],[139.11413,36.0242007],[139.1141368,36.0242015],[139.1142108,36.0242098],[139.1143539,36.024221],[139.1145152,36.0242336],[139.1147241,36.0242535],[139.1148348,36.0242641],[139.1148787,36.0242682],[139.1148375,36.0241301],[139.114808,36.0240549],[139.1147594,36.0239401],[139.1147591,36.0239394],[139.1147586,36.0239381],[139.1147559,36.02393],[139.1147385,36.0238782],[139.114721,36.023801],[139.1146891,36.023672],[139.1146628,36.0235616],[139.1146391,36.0234537],[139.1146339,36.02343],[139.1145872,36.0233594],[139.1145773,36.0233174],[139.114561,36.0231919],[139.1144767,36.0232042],[139.1142867,36.0232321],[139.1142586,36.0232362],[139.1141758,36.0232483],[139.1141228,36.0232561],[139.1141172,36.0232353],[139.1140879,36.0231257],[139.1140517,36.0231294],[139.1140323,36.0231321],[139.1139715,36.0231404],[139.1134825,36.0232074],[139.113482,36.0232934],[139.1134779,36.0234246],[139.1134777,36.0234314],[139.1134757,36.0235382],[139.1134755,36.0235513],[139.1134735,36.0236568],[139.1134667,36.0240312]]],[[[139.1206721,36.022903],[139.1206457,36.0229199],[139.1206016,36.0229453],[139.1206,36.0229461],[139.1204825,36.0230037],[139.1204452,36.023025],[139.120425,36.0230471],[139.1203885,36.0230947],[139.120342,36.0231745],[139.1203079,36.0232264],[139.1203054,36.0232302],[139.1202998,36.0232374],[139.1203138,36.0232706],[139.1203203,36.0232719],[139.1206417,36.0233366],[139.1207042,36.0233486],[139.1207587,36.023352],[139.1208516,36.0233514],[139.120852,36.0233513],[139.1209506,36.0233445],[139.1210484,36.0232768],[139.1211513,36.0232085],[139.1212421,36.0231502],[139.1213226,36.0230998],[139.1213901,36.0230632],[139.1214833,36.0230162],[139.1215361,36.0229917],[139.1215568,36.022961],[139.1215949,36.0229086],[139.1216814,36.0228206],[139.1217662,36.0227365],[139.1218284,36.0226806],[139.1218673,36.022653],[139.1219221,36.0226224],[139.121923,36.02262],[139.1219376,36.0225878],[139.1219606,36.0225491],[139.1220387,36.0224197],[139.1221841,36.0221792],[139.1222008,36.0221413],[139.1222363,36.0220536],[139.1222586,36.0220074],[139.1222687,36.0219866],[139.122303,36.0219318],[139.122314,36.0219047],[139.1223195,36.0218845],[139.1223161,36.021862],[139.1223046,36.0218372],[139.1222731,36.0218036],[139.1222254,36.0217668],[139.12218,36.0217373],[139.1221632,36.0217312],[139.1221628,36.021731],[139.1221491,36.021729],[139.1221487,36.0217289],[139.1221314,36.0217287],[139.1221182,36.0217316],[139.1221179,36.0217318],[139.1220043,36.021786],[139.1219865,36.0217952],[139.1218536,36.0218644],[139.1215718,36.0220155],[139.1215216,36.0220457],[139.1214923,36.0220732],[139.1214528,36.0221172],[139.1213867,36.0222037],[139.1213102,36.0222846],[139.1213049,36.0222899],[139.1212946,36.0222999],[139.1212044,36.0223879],[139.1211837,36.0224082],[139.1210444,36.0225478],[139.1210038,36.0225862],[139.1209524,36.022635],[139.120868,36.0227316],[139.1208117,36.0227918],[139.1207542,36.022841],[139.1206954,36.0228881],[139.1206721,36.022903]]],[[[139.1189893,36.0240026],[139.118962,36.0240156],[139.1189401,36.024026],[139.1189257,36.0240327],[139.1188956,36.0240468],[139.1186824,36.0241474],[139.1186821,36.0241476],[139.1186059,36.0241942],[139.1186072,36.0242373],[139.1186529,36.0242486],[139.1187375,36.0242698],[139.1188048,36.0242892],[139.1189294,36.0243264],[139.1189984,36.0243454],[139.1190763,36.0243637],[139.1191585,36.0243805],[139.1192514,36.0243953],[139.1192548,36.0243958],[139.1192552,36.0243959],[139.119281,36.0243986],[139.1193462,36.0244054],[139.1194149,36.0244098],[139.1194914,36.0244121],[139.11952,36.0244118],[139.1195788,36.0244113],[139.1195792,36.0244113],[139.1196743,36.0244094],[139.1197218,36.0244084],[139.1200092,36.0244011],[139.1200263,36.0244006],[139.1200401,36.0243523],[139.1200583,36.0243004],[139.1200739,36.0242617],[139.1200949,36.0242164],[139.1201228,36.0241629],[139.120143,36.0241698],[139.1201434,36.0241699],[139.1201157,36.0242231],[139.1200948,36.0242676],[139.1200796,36.0243057],[139.1200616,36.0243568],[139.1200493,36.0244],[139.1201212,36.0243982],[139.1201216,36.0243982],[139.1202762,36.0243934],[139.1203409,36.0243913],[139.1204107,36.0243885],[139.1205174,36.0243828],[139.1205204,36.0243826],[139.1205335,36.0243818],[139.1205821,36.0243787],[139.1205825,36.0243786],[139.1206065,36.0243761],[139.1206247,36.0243743],[139.1206178,36.0243139],[139.1206138,36.0242789],[139.1206028,36.0241823],[139.1205935,36.0241127],[139.1205869,36.0240831],[139.1205843,36.0240713],[139.1205545,36.0239839],[139.1205068,36.0238547],[139.1204531,36.0237035],[139.1204349,36.0236545],[139.1204346,36.0236546],[139.1203969,36.0236708],[139.1202052,36.023753],[139.1200435,36.0238188],[139.1199325,36.0238492],[139.119929,36.0238407],[139.120039,36.0238103],[139.1201999,36.023745],[139.1202411,36.0237273],[139.1203934,36.0236621],[139.1204316,36.0236458],[139.120395,36.0235479],[139.1203786,36.0235047],[139.1203413,36.0234061],[139.1203007,36.0233093],[139.1202662,36.0232815],[139.1202494,36.0233034],[139.1202397,36.023316],[139.1201671,36.023388],[139.120135,36.0234181],[139.120087,36.0234452],[139.1200266,36.0234691],[139.1199813,36.0234845],[139.1199497,36.0234952],[139.1197812,36.0235485],[139.1196571,36.0235862],[139.1196216,36.0236008],[139.1195014,36.0236701],[139.1194437,36.0237093],[139.1193503,36.0237759],[139.1192391,36.023853],[139.1191928,36.023882],[139.1191849,36.0238869],[139.1191708,36.0239134],[139.1190921,36.0239537],[139.1189893,36.0240026]]],[[[139.1150811,36.023805],[139.1148018,36.0238565],[139.1147816,36.023891],[139.114841,36.0240261],[139.1148195,36.0240264],[139.1148291,36.0240492],[139.1148588,36.0241252],[139.114903,36.0242728],[139.1149521,36.0242775],[139.1150036,36.0242797],[139.115049,36.024279],[139.1150776,36.0242746],[139.1150893,36.0242728],[139.1150897,36.0242727],[139.1151488,36.0242575],[139.1152135,36.0242381],[139.1152667,36.0242219],[139.1153298,36.0242026],[139.1154885,36.0241543],[139.1155125,36.0241471],[139.1155311,36.024117],[139.1155307,36.0241161],[139.1155078,36.0240638],[139.1154668,36.0239699],[139.115654,36.0239069],[139.1156711,36.0239402],[139.1155226,36.0239901],[139.1155741,36.0241071],[139.115598,36.024116],[139.115655,36.0240939],[139.1157411,36.0240525],[139.1158503,36.0239947],[139.1159637,36.0239317],[139.1160235,36.0238985],[139.1160307,36.0238956],[139.1160784,36.0238767],[139.1160788,36.0238766],[139.1161319,36.0238619],[139.1161322,36.0238618],[139.1162116,36.0238369],[139.1161932,36.0237372],[139.1161635,36.0235769],[139.1161465,36.023465],[139.1161352,36.0234391],[139.1161253,36.0234313],[139.1160502,36.0233715],[139.1159887,36.0233216],[139.1159883,36.0233216],[139.115977,36.0233221],[139.1159719,36.0233223],[139.1159398,36.0233303],[139.1158258,36.0233871],[139.1158024,36.0234075],[139.1157564,36.0233441],[139.1157857,36.0233341],[139.1157889,36.0233329],[139.1158281,36.0233173],[139.1158657,36.0232971],[139.1158727,36.0232272],[139.1158749,36.0232067],[139.1158582,36.0231856],[139.1158234,36.0231402],[139.1157948,36.023098],[139.1157857,36.0230841],[139.1155735,36.0231908],[139.1152301,36.0233107],[139.1152137,36.0232881],[139.1152025,36.0232727],[139.1152552,36.0232542],[139.1152854,36.0232438],[139.1153658,36.0232173],[139.1153995,36.0232035],[139.1155165,36.0231555],[139.1155543,36.0231385],[139.115761,36.0230457],[139.11576,36.023044],[139.1157058,36.0229627],[139.1156614,36.0228958],[139.1156133,36.022829],[139.1156129,36.022829],[139.1155877,36.0228283],[139.1154602,36.0229154],[139.1154492,36.0229047],[139.1154296,36.0228857],[139.1154281,36.0228843],[139.1155373,36.0228098],[139.1155486,36.022802],[139.1155505,36.0227689],[139.1155083,36.0227278],[139.1154465,36.0226741],[139.1154293,36.02266],[139.1153054,36.0227055],[139.1151482,36.022793],[139.1151143,36.0228096],[139.115045,36.0228438],[139.1150038,36.0228651],[139.1150027,36.0228657],[139.1149728,36.0228812],[139.1149574,36.0228941],[139.1149336,36.0228753],[139.1149517,36.0228602],[139.1149936,36.0228385],[139.1150024,36.0228339],[139.1150274,36.0228209],[139.1151302,36.0227702],[139.1152891,36.0226817],[139.115363,36.0226459],[139.115384,36.0226224],[139.1153823,36.022621],[139.1153177,36.0225786],[139.1153142,36.0225763],[139.1152589,36.0225396],[139.115194,36.0225019],[139.1151243,36.0224632],[139.1150887,36.0224435],[139.1150108,36.0224792],[139.1149266,36.0225159],[139.1147275,36.0225907],[139.1145276,36.0226534],[139.1144927,36.0226663],[139.1144798,36.022675],[139.1144749,36.0226823],[139.1144716,36.0226872],[139.1144667,36.0227014],[139.1144667,36.022704],[139.1144667,36.0227056],[139.1144669,36.022714],[139.1144739,36.0227357],[139.1144865,36.0227594],[139.1144974,36.0227802],[139.1145254,36.0228454],[139.1145486,36.0229134],[139.1145556,36.022947],[139.1145613,36.0229741],[139.1146017,36.0231201],[139.1146035,36.0231368],[139.1146159,36.0232496],[139.1146196,36.023266],[139.1146369,36.0233426],[139.1146468,36.0233869],[139.1146558,36.0234268],[139.114657,36.0234322],[139.1147147,36.0236259],[139.1147645,36.0237982],[139.1147821,36.0238087],[139.1150617,36.0237561],[139.1150811,36.023805]]],[[[139.1209552,36.0233533],[139.1208523,36.0233604],[139.1207583,36.023361],[139.1207025,36.0233575],[139.1206392,36.0233455],[139.1206389,36.0233454],[139.1203233,36.0232818],[139.1203181,36.0232807],[139.1203365,36.0233248],[139.1203677,36.0233992],[139.1204214,36.0235413],[139.1204798,36.0236971],[139.1205334,36.0238483],[139.1205389,36.0238633],[139.1205671,36.0238774],[139.1208844,36.023831],[139.1209032,36.0238086],[139.1208718,36.0236848],[139.1208295,36.0236064],[139.1208697,36.0235921],[139.1208701,36.023592],[139.1209143,36.0236738],[139.1209651,36.0238742],[139.1207432,36.0239066],[139.1207206,36.0238917],[139.1207202,36.0238917],[139.1205827,36.0239118],[139.1205653,36.0239349],[139.1205812,36.0239776],[139.1206114,36.0240663],[139.1206209,36.0241094],[139.1206304,36.02418],[139.1206523,36.0243714],[139.1206592,36.0243707],[139.1206596,36.0243707],[139.1206744,36.0243691],[139.1207863,36.0243434],[139.1209484,36.0242938],[139.1209526,36.0242925],[139.1210209,36.0242747],[139.1210213,36.0242746],[139.1211179,36.0242584],[139.1211386,36.0242338],[139.1210846,36.0240042],[139.1211281,36.0239975],[139.1211837,36.0242335],[139.1212097,36.0242513],[139.1212542,36.0242521],[139.1212546,36.0242521],[139.1213234,36.0242579],[139.1213238,36.0242579],[139.1213372,36.0242595],[139.1213376,36.0242595],[139.1213115,36.0241426],[139.1212798,36.024043],[139.1212778,36.0240366],[139.1212499,36.0239618],[139.1212255,36.0238982],[139.1211911,36.0238319],[139.1212011,36.0238284],[139.1212359,36.0238951],[139.1212401,36.0239058],[139.1212604,36.023959],[139.1212817,36.0240158],[139.1212886,36.0240342],[139.1212929,36.0240477],[139.1213224,36.0241406],[139.1213491,36.0242609],[139.1213621,36.0242624],[139.1213625,36.0242625],[139.1214325,36.024275],[139.1214329,36.0242751],[139.1215123,36.0242925],[139.1215743,36.0243033],[139.12158,36.0243043],[139.1216157,36.0243106],[139.1215972,36.0241067],[139.1216304,36.0241048],[139.1216496,36.0243158],[139.1216732,36.0243207],[139.1217106,36.0243233],[139.1217565,36.024322],[139.1217569,36.024322],[139.1217662,36.0243216],[139.1218119,36.0243161],[139.1219376,36.0242943],[139.1221213,36.024257],[139.1221216,36.0242569],[139.1223106,36.0242158],[139.1225782,36.0241576],[139.1226306,36.0241456],[139.122684,36.0241319],[139.1226843,36.0241319],[139.1226819,36.0241035],[139.1225263,36.0239624],[139.1224659,36.023908],[139.1224607,36.0239033],[139.122179,36.0236726],[139.1221591,36.0236567],[139.1220687,36.0235843],[139.1220286,36.0235523],[139.1219838,36.0235039],[139.1219527,36.0234658],[139.1219371,36.0234327],[139.1219308,36.0233868],[139.1219335,36.0233291],[139.1219361,36.0232997],[139.1219402,36.0232523],[139.1219445,36.0232191],[139.1219532,36.0231513],[139.1219649,36.0230756],[139.1219648,36.0230537],[139.1219647,36.0230335],[139.1219624,36.0229996],[139.1219623,36.0229979],[139.1219542,36.02295],[139.1219321,36.0228199],[139.1219101,36.0227098],[139.1219103,36.0226887],[139.1218962,36.0226767],[139.1218958,36.0226766],[139.1218643,36.022678],[139.1218623,36.0226781],[139.1218568,36.0226783],[139.12184,36.0226902],[139.1217789,36.0227454],[139.1216944,36.0228291],[139.1216085,36.0229162],[139.1215713,36.0229676],[139.1215709,36.0229682],[139.1215534,36.0229939],[139.1215464,36.0229972],[139.1214891,36.023024],[139.1213961,36.0230706],[139.1213958,36.0230708],[139.1213293,36.0231072],[139.1212489,36.0231573],[139.1211582,36.0232155],[139.1210557,36.0232837],[139.1209642,36.0233471],[139.1209562,36.0233526],[139.1209552,36.0233533]]],[[[139.1125651,36.0191972],[139.1125689,36.0191965],[139.1125947,36.0191873],[139.1126078,36.0191806],[139.1126221,36.0191678],[139.1126301,36.0191567],[139.1126384,36.019137],[139.1126517,36.0190805],[139.1126541,36.0190222],[139.1126475,36.0189449],[139.1126408,36.018905],[139.1126728,36.0189016],[139.1128188,36.0188857],[139.1127764,36.0185687],[139.1127605,36.0184552],[139.1127483,36.0183749],[139.1127376,36.0183045],[139.1127173,36.0181501],[139.1127126,36.0181143],[139.1127067,36.0180699],[139.1126822,36.0178921],[139.1126812,36.0178847],[139.1126579,36.0177194],[139.1126571,36.0177136],[139.1126561,36.017706],[139.1126542,36.0176922],[139.1126526,36.0176804],[139.1126398,36.0175859],[139.1126242,36.0174809],[139.1126135,36.0174088],[139.1126132,36.017406],[139.1126019,36.0173213],[139.1126004,36.0173099],[139.1125853,36.0171973],[139.1125814,36.0171642],[139.1125811,36.0171642],[139.1125426,36.017162],[139.1125,36.01716514869565],[139.1125,36.017125567961166],[139.1125375,36.017122],[139.1125379,36.0171219],[139.1125748,36.0171111],[139.1125751,36.0171111],[139.1125748,36.0171086],[139.1125445,36.0168922],[139.112519,36.0167039],[139.11251357071305,36.016666666666666],[139.1125,36.016666666666666],[139.1125,36.01921065816876],[139.1125647,36.0191973],[139.1125651,36.0191972]]],[[[139.1125,36.02290942974971],[139.1126397,36.0228871],[139.1126868,36.0228796],[139.1127057,36.0228782],[139.1127196,36.0228771],[139.1127577,36.0228742],[139.112918,36.0228655],[139.1129625,36.0228631],[139.1131337,36.0228585],[139.1134013,36.0228514],[139.1134256,36.0228508],[139.1134279,36.0227574],[139.1134281,36.0227524],[139.1134302,36.0226864],[139.1134381,36.0225572],[139.1134374,36.0225144],[139.1134371,36.0225014],[139.1134203,36.0224686],[139.1133881,36.0224109],[139.1133813,36.0223989],[139.1132388,36.0221978],[139.1131962,36.0221457],[139.1131709,36.022106],[139.1131664,36.0220988],[139.1131263,36.0220312],[139.1130949,36.0219649],[139.113072,36.0219095],[139.1130673,36.0218971],[139.1130526,36.021856],[139.1130415,36.0218225],[139.1130259,36.0218234],[139.1130067,36.0218246],[139.1130053,36.0218246],[139.1129847,36.0219127],[139.1129638,36.0220111],[139.1129518,36.0220593],[139.1129327,36.0220562],[139.1129138,36.0220531],[139.1129154,36.0220467],[139.1129257,36.0220053],[139.1129299,36.0219855],[139.1129372,36.0219506],[139.1129465,36.021907],[139.1129612,36.0218441],[139.1129791,36.0217683],[139.1129946,36.0217646],[139.1129983,36.0217636],[139.1130054,36.021762],[139.1130306,36.021756],[139.1130304,36.0217549],[139.113014,36.0216697],[139.113012,36.0216473],[139.1130103,36.0216278],[139.113007,36.0216287],[139.1129733,36.0216384],[139.1129691,36.0216396],[139.1129596,36.0216423],[139.1128631,36.0216701],[139.1127613,36.0216995],[139.1127159,36.0217103],[139.112698,36.0217664],[139.1126766,36.0218153],[139.1126533,36.0218604],[139.1126283,36.0218986],[139.1126015,36.0219307],[139.1126012,36.0219312],[139.1125541,36.021978],[139.1125241,36.0219581],[139.1125701,36.0219124],[139.1125948,36.0218823],[139.112618,36.0218469],[139.1126404,36.0218039],[139.1126529,36.0217753],[139.1126508,36.021726],[139.1126479,36.0217267],[139.1126154,36.0217345],[139.1126177,36.0217406],[139.1126039,36.0217435],[139.1125764,36.0217492],[139.1125736,36.0217497],[139.11257,36.0217429],[139.1125651,36.0217441],[139.1125,36.02176022390584],[139.1125,36.02173194399337],[139.1125575,36.0217177],[139.1125579,36.0217177],[139.1125565,36.021715],[139.1125627,36.0217135],[139.112583,36.0217085],[139.1125848,36.0217081],[139.1125894,36.021707],[139.1126025,36.0217038],[139.1126034,36.0217059],[139.1126046,36.0217089],[139.1126656,36.0216942],[139.1126712,36.0216929],[139.1126737,36.0216923],[139.1127506,36.0216738],[139.1127509,36.0216737],[139.1128549,36.0216437],[139.1129318,36.0216216],[139.1129707,36.0216104],[139.1130011,36.0216017],[139.1130075,36.0215998],[139.1130079,36.0215997],[139.1130074,36.0215948],[139.1129973,36.0214012],[139.1129926,36.0213436],[139.1129756,36.0211325],[139.112968,36.0211329],[139.1129645,36.0211331],[139.1129637,36.0211233],[139.1129463,36.0211203],[139.1129362,36.0209101],[139.1129407,36.0208214],[139.1129408,36.0208208],[139.1129034,36.0207585],[139.1128928,36.0207433],[139.1128827,36.0207337],[139.1128692,36.0207248],[139.1128543,36.0207169],[139.1128539,36.0207168],[139.1128364,36.0207114],[139.112823,36.0207093],[139.1128061,36.020708],[139.1128058,36.020708],[139.1127745,36.020707],[139.1125,36.02070530816641],[139.1125,36.02290942974971]]],[[[139.1125,36.02060162283654],[139.1126626,36.0206026],[139.112663,36.0206026],[139.1126773,36.0206002],[139.112678,36.0206001],[139.1126887,36.0205971],[139.1126999,36.0205901],[139.1127106,36.0205806],[139.112717,36.0205703],[139.1127198,36.020559],[139.1127186,36.0205464],[139.1127127,36.020528],[139.1127024,36.020511],[139.1126508,36.0204452],[139.1125131,36.0202694],[139.1125,36.020255388871725],[139.1125,36.02060162283654]]],[[[139.1178496,36.0240853],[139.1178958,36.0241023],[139.1179506,36.0241209],[139.1179819,36.0241297],[139.1179823,36.0241298],[139.1180367,36.0241422],[139.1180629,36.0241473],[139.1180632,36.0241474],[139.1180816,36.0241509],[139.1181054,36.0241549],[139.1181513,36.0241625],[139.1181725,36.024166],[139.1181857,36.0241682],[139.1181994,36.0241705],[139.1182051,36.0241715],[139.1182465,36.0241772],[139.1182596,36.024179],[139.11826,36.024179],[139.1182637,36.024175],[139.118315,36.0241821],[139.1183893,36.0241925],[139.1184703,36.0242037],[139.1184751,36.0242026],[139.1185024,36.024196],[139.1185298,36.0241747],[139.11856,36.0241506],[139.1185623,36.0241488],[139.1186,36.024125],[139.1186456,36.0241024],[139.1189122,36.0239814],[139.1189314,36.0239727],[139.1190097,36.0239355],[139.1190604,36.0239113],[139.1191679,36.0238564],[139.1191799,36.0238502],[139.1192147,36.0238285],[139.1193249,36.023752],[139.1194182,36.0236853],[139.1194321,36.0236759],[139.1194779,36.023645],[139.1196012,36.0235737],[139.1196413,36.0235573],[139.1196416,36.0235572],[139.1197674,36.023519],[139.1199352,36.023466],[139.1199629,36.0234565],[139.1200107,36.0234404],[139.1200674,36.023418],[139.1201085,36.0233945],[139.1201374,36.0233676],[139.1202082,36.0232975],[139.1202534,36.0232384],[139.1202717,36.0232144],[139.1203181,36.0231434],[139.1203641,36.023084],[139.1204021,36.0230343],[139.1204257,36.0230086],[139.1204485,36.0229956],[139.1204672,36.0229851],[139.1204675,36.0229849],[139.1205856,36.0229268],[139.1206291,36.0229018],[139.120677,36.0228712],[139.1207344,36.0228253],[139.1207906,36.0227772],[139.1208456,36.0227183],[139.1209295,36.0226224],[139.1209306,36.0226211],[139.1210231,36.0225333],[139.1211601,36.022396],[139.1211603,36.0223958],[139.1212886,36.0222705],[139.1213638,36.0221908],[139.1214297,36.0221046],[139.1214604,36.0220705],[139.1214706,36.0220591],[139.1215026,36.022029],[139.1215559,36.021997],[139.1218384,36.0218456],[139.1219419,36.0217917],[139.1219669,36.021778],[139.1220905,36.0217107],[139.1220249,36.0216481],[139.121979,36.0216118],[139.1219475,36.0215874],[139.1219289,36.0215636],[139.1219253,36.0215422],[139.1219307,36.0215205],[139.121937,36.0215089],[139.1219464,36.0214918],[139.1219654,36.0214534],[139.1219751,36.0214251],[139.1219758,36.0214063],[139.1219764,36.0213907],[139.1219871,36.0213909],[139.1219875,36.0213909],[139.1219874,36.0213948],[139.1219869,36.0214087],[139.1219862,36.0214254],[139.1219757,36.0214568],[139.1219569,36.0214953],[139.1219413,36.0215233],[139.1219368,36.0215424],[139.1219397,36.0215605],[139.1219561,36.0215817],[139.1219867,36.0216054],[139.1220331,36.021642],[139.1220997,36.0217057],[139.1221994,36.0216521],[139.1222536,36.021609],[139.122365,36.0215132],[139.1225747,36.0213096],[139.1227414,36.0211461],[139.1227928,36.0211019],[139.1229248,36.0209885],[139.123122,36.0208133],[139.1231245,36.020811],[139.1231372,36.0207998],[139.1232806,36.0206672],[139.123352,36.0206026],[139.1234788,36.0204879],[139.1235028,36.0204677],[139.1236203,36.0203694],[139.1236459,36.0203503],[139.1237179,36.0202966],[139.1237836,36.0202489],[139.123887,36.0201884],[139.123961,36.0201509],[139.1240079,36.0201246],[139.124075,36.0200928],[139.1241337,36.0200696],[139.1241341,36.0200695],[139.1241975,36.0200472],[139.1242773,36.0200224],[139.1242776,36.0200223],[139.1243067,36.0200143],[139.1243114,36.0200129],[139.1243692,36.019997],[139.1244128,36.0199812],[139.1244562,36.0199617],[139.1244896,36.0199417],[139.1245502,36.0198998],[139.1245639,36.0198901],[139.124723,36.0197283],[139.1247728,36.0196805],[139.1248708,36.0195867],[139.1248879,36.0195983],[139.1247402,36.0197398],[139.1246438,36.0198378],[139.1246433,36.0198382],[139.1246548,36.0198315],[139.1246932,36.0198119],[139.1247319,36.019794],[139.1247741,36.0197799],[139.1248207,36.0197687],[139.1248652,36.019761],[139.1249095,36.0197546],[139.1249588,36.0197494],[139.1249592,36.0197493],[139.125,36.01974671927711],[139.125,36.016666666666666],[139.1126475389383,36.016666666666666],[139.1126494,36.0166796],[139.112694,36.0166758],[139.1126944,36.0166758],[139.11270514923078,36.016666666666666],[139.11278157859434,36.016666666666666],[139.1127772,36.0167277],[139.1126932,36.0167347],[139.1126618,36.0167691],[139.112677,36.0168801],[139.1127073,36.0170974],[139.112714,36.0171539],[139.1127178,36.0171863],[139.1127198,36.0172013],[139.1127329,36.0172982],[139.1127457,36.0173967],[139.1127461,36.0173989],[139.1127725,36.0174154],[139.1135755,36.0173239],[139.1135759,36.0173239],[139.1135825,36.0173633],[139.1135849,36.0173775],[139.1127799,36.0174692],[139.1127597,36.0174906],[139.1127721,36.0175736],[139.1127885,36.0176948],[139.1130037,36.0176782],[139.1133605,36.0176372],[139.1135613,36.0175926],[139.113627,36.0175703],[139.113633,36.0175671],[139.1136547,36.0175556],[139.1136896,36.0175484],[139.1136943,36.0175477],[139.1137326,36.0175418],[139.1137916,36.0175352],[139.1138582,36.0175294],[139.1138586,36.0175294],[139.11393,36.0175239],[139.1139988,36.0175188],[139.1140694,36.0175161],[139.1141418,36.0175169],[139.1142086,36.0175192],[139.1142839,36.0175245],[139.1143873,36.0175339],[139.1144585,36.0175414],[139.1144711,36.0175427],[139.1146336,36.0175557],[139.1147219,36.0175596],[139.1147906,36.0175615],[139.1148645,36.0175626],[139.1149442,36.0175601],[139.1150152,36.0175563],[139.1150995,36.017549],[139.115177,36.0175398],[139.1152794,36.017523],[139.1153754,36.0175026],[139.1154736,36.0174789],[139.1155664,36.0174529],[139.1156595,36.0174237],[139.1157694,36.0173845],[139.1158593,36.0173464],[139.1159521,36.0173024],[139.116042,36.0172557],[139.1160519,36.01725],[139.1161214,36.0172207],[139.1161947,36.0172126],[139.1162429,36.0172299],[139.1162518,36.0172331],[139.1162793,36.017277],[139.1162012,36.017298],[139.1161633,36.0173104],[139.1161258,36.0173122],[139.1160916,36.0173205],[139.1160534,36.0173353],[139.1159984,36.0173639],[139.1159022,36.0174096],[139.1158078,36.0174495],[139.1156533,36.0175029],[139.115517,36.017543],[139.1154378,36.0175628],[139.1153525,36.017582],[139.1152115,36.0176077],[139.1151923,36.0176109],[139.1150982,36.0176216],[139.1150227,36.0176282],[139.1149488,36.0176321],[139.1148654,36.0176348],[139.1147884,36.0176336],[139.114718,36.0176317],[139.1144491,36.0176143],[139.1144044,36.0176091],[139.1143597,36.017604],[139.1142753,36.0175963],[139.1142029,36.0175912],[139.1141394,36.017589],[139.1140708,36.0175884],[139.1140048,36.0175907],[139.1139382,36.0175957],[139.113887,36.0175996],[139.1138119,36.0176044],[139.1138024,36.0176067],[139.1137469,36.017613],[139.1137088,36.0176188],[139.1136831,36.0176241],[139.1136617,36.0176315],[139.113636,36.0176439],[139.1136008,36.0176624],[139.1135666,36.017678],[139.1135328,36.017689],[139.113497,36.0176979],[139.113461,36.0177033],[139.1134176,36.0177068],[139.1133567,36.0177112],[139.1133025,36.017716],[139.1131346,36.0177345],[139.1130872,36.017739],[139.1128409,36.0177685],[139.1128069,36.01794],[139.1128316,36.018115],[139.1128472,36.0182254],[139.1128605,36.0183181],[139.1128784,36.0184441],[139.1128945,36.0185581],[139.1129117,36.0186869],[139.1129302,36.0188252],[139.1129563,36.018842],[139.1133823,36.0187997],[139.1136735,36.0187709],[139.1136739,36.0187709],[139.1137068,36.0189454],[139.113748,36.0191649],[139.1137476,36.0191649],[139.1136821,36.019173],[139.1136807,36.0191664],[139.1135886,36.0191763],[139.1134807,36.0191881],[139.1134726,36.019189],[139.1134704,36.0191756],[139.1134727,36.0191753],[139.113473,36.0191753],[139.1134772,36.0191748],[139.1135876,36.0191628],[139.113678,36.019153],[139.1136784,36.0191529],[139.113672,36.0191186],[139.1136214,36.0188495],[139.1135948,36.0188332],[139.1135945,36.0188332],[139.1135913,36.0188335],[139.1134448,36.018848],[139.1134444,36.0188481],[139.1133836,36.0188541],[139.1133795,36.0188545],[139.1129664,36.0188955],[139.1129667,36.0188986],[139.1130147,36.0192495],[139.1133508,36.0192097],[139.1134246,36.0192009],[139.1134494,36.019198],[139.1134795,36.0194012],[139.1134791,36.0194013],[139.1134408,36.019405],[139.1134191,36.0192576],[139.1133927,36.0192412],[139.1133498,36.0192462],[139.1133474,36.0192465],[139.1130308,36.0192841],[139.1130205,36.0192938],[139.1130208,36.0192957],[139.1130629,36.0195434],[139.113088,36.0198083],[139.1130853,36.0199509],[139.1132456,36.0199282],[139.1132853,36.01992],[139.1135824,36.0198564],[139.113689,36.0198336],[139.1137536,36.0198183],[139.1138033,36.0198108],[139.1138143,36.0198092],[139.1138506,36.0198038],[139.1138641,36.0198018],[139.1139167,36.0197996],[139.1140266,36.0198056],[139.1140726,36.0198081],[139.1140865,36.0198085],[139.114277,36.0198133],[139.1143526,36.0198082],[139.1143845,36.019806],[139.1143849,36.0198061],[139.1144025,36.0197848],[139.1143848,36.0197196],[139.114353,36.0196136],[139.1143405,36.0195601],[139.1143301,36.0195052],[139.1143257,36.0194629],[139.1143219,36.019419],[139.1143208,36.0194027],[139.1143215,36.0193453],[139.1143224,36.019307],[139.1143281,36.0192753],[139.1142569,36.0191843],[139.1142664,36.0191796],[139.114277,36.0191929],[139.1143345,36.0192666],[139.1143348,36.0192669],[139.1143428,36.0192397],[139.114361,36.0191828],[139.1143763,36.0191295],[139.1143931,36.0190644],[139.1143941,36.0190514],[139.1143864,36.0190156],[139.1143747,36.0189566],[139.1143678,36.018905],[139.1143666,36.0188762],[139.1143703,36.0188525],[139.1143784,36.0188299],[139.1143964,36.0187971],[139.1143971,36.0187958],[139.1144212,36.0187661],[139.1144333,36.0187512],[139.1144578,36.0187258],[139.1144841,36.0187424],[139.1144603,36.0187669],[139.1144264,36.0188088],[139.1144099,36.0188392],[139.1144029,36.0188581],[139.1144,36.0188774],[139.114401,36.018903],[139.1144035,36.0189208],[139.1144078,36.018953],[139.1144164,36.0189964],[139.1144193,36.0190111],[139.1144276,36.01905],[139.1144261,36.019068],[139.1144088,36.0191353],[139.1143933,36.0191892],[139.1143753,36.0192463],[139.1143684,36.0192689],[139.1143613,36.0193096],[139.1143603,36.0193458],[139.1143602,36.0193534],[139.1143596,36.0194019],[139.1143644,36.0194604],[139.1143688,36.0195],[139.114369,36.0195014],[139.1143738,36.0195278],[139.1143764,36.0195419],[139.1143789,36.0195549],[139.1143909,36.0196069],[139.1144227,36.0197124],[139.1144408,36.0197795],[139.1144724,36.0197955],[139.1145784,36.0197856],[139.1145797,36.0197856],[139.1145835,36.0197858],[139.1145839,36.0197858],[139.1145822,36.0196904],[139.1145798,36.0196345],[139.1145677,36.0195587],[139.114559,36.0195012],[139.114573,36.0194999],[139.1145807,36.0194991],[139.1145812,36.019499],[139.1145851,36.0195252],[139.1145898,36.0195565],[139.114602,36.019633],[139.1146044,36.01969],[139.1146049,36.0197189],[139.1146054,36.019747],[139.1146096,36.0197617],[139.1146102,36.0197637],[139.1146264,36.0197872],[139.114641,36.0197974],[139.1147275,36.0197998],[139.1147447,36.0198002],[139.1147889,36.0197995],[139.1147892,36.0197995],[139.1148318,36.0197935],[139.114853,36.0197882],[139.114875,36.0197826],[139.1149025,36.0197721],[139.1149029,36.0197721],[139.1149147,36.0197924],[139.1148853,36.0198037],[139.1148383,36.0198155],[139.1147919,36.019822],[139.1147915,36.0198221],[139.1147445,36.0198228],[139.1147268,36.0198223],[139.114656,36.0198203],[139.114599,36.019818],[139.1145797,36.0198172],[139.1144254,36.0198317],[139.1144243,36.0198319],[139.1144223,36.0198858],[139.1144243,36.0199182],[139.114457,36.0200538],[139.1144721,36.0201297],[139.1144788,36.0201538],[139.1144891,36.0201911],[139.114512,36.0202644],[139.1145171,36.0202894],[139.1145245,36.0203253],[139.1145306,36.0203997],[139.11453,36.0204137],[139.1145228,36.0204283],[139.1145096,36.0204415],[139.1144918,36.0204521],[139.1144814,36.0204533],[139.1144618,36.0204555],[139.1144613,36.0204556],[139.1143837,36.0204646],[139.1136982,36.0205439],[139.1136979,36.0205439],[139.1133664,36.0205882],[139.1133055,36.0205936],[139.1133052,36.0205937],[139.113271,36.0205949],[139.1132313,36.0205922],[139.113231,36.0205922],[139.1131836,36.0205835],[139.1130969,36.0205621],[139.1130966,36.020562],[139.1130694,36.0205591],[139.1130636,36.0206098],[139.1130925,36.0206994],[139.1131575,36.0208153],[139.1135151,36.0211633],[139.1141437,36.0217647],[139.1142023,36.0218165],[139.1142401,36.0218498],[139.1142798,36.0218822],[139.1142802,36.0218824],[139.114328,36.021917],[139.1143845,36.0219554],[139.1144202,36.0219768],[139.1144699,36.0220065],[139.1145379,36.0220456],[139.1145621,36.0220583],[139.1145872,36.0220714],[139.1146211,36.0220891],[139.1146272,36.0220927],[139.114637,36.0220985],[139.1147394,36.0221597],[139.1148018,36.022197],[139.1150029,36.0223079],[139.115004,36.0223085],[139.1150141,36.0223142],[139.115048,36.022284],[139.115151,36.0221928],[139.1152913,36.0220705],[139.1153312,36.0220249],[139.1153475,36.021997],[139.1153596,36.0219676],[139.1153718,36.0219147],[139.1153771,36.0218562],[139.1153839,36.0218355],[139.1153982,36.0218114],[139.1155043,36.0217066],[139.1155937,36.0216171],[139.1156351,36.0215701],[139.1156837,36.0215149],[139.115767,36.0214199],[139.1157998,36.0213789],[139.11583,36.0213413],[139.115856,36.0213149],[139.1158635,36.0213073],[139.1158961,36.0212819],[139.115921,36.0212666],[139.1159385,36.0212568],[139.1159388,36.0212566],[139.1159758,36.0212401],[139.1159761,36.02124],[139.116047,36.0212131],[139.1160872,36.0211901],[139.1161691,36.0211413],[139.116247,36.0210883],[139.1162912,36.0210565],[139.1163182,36.0210279],[139.1163656,36.0209747],[139.1164193,36.0208922],[139.1164437,36.0208496],[139.1164711,36.0208019],[139.1165193,36.0207208],[139.1165327,36.02069],[139.1165377,36.0206439],[139.1165453,36.0205833],[139.1165457,36.0205796],[139.1165629,36.0204768],[139.1165763,36.0203769],[139.1165927,36.0203037],[139.1166084,36.020256],[139.1166332,36.0202016],[139.1166744,36.0201248],[139.1167047,36.0201355],[139.116705,36.0201356],[139.116664,36.0202117],[139.1166402,36.0202641],[139.1166254,36.0203096],[139.1166093,36.020381],[139.1165959,36.0204801],[139.1165835,36.0205557],[139.116579,36.0205828],[139.1165776,36.0205937],[139.11657,36.0206534],[139.1165869,36.0206431],[139.1166301,36.0206155],[139.1166533,36.0206007],[139.1166931,36.0205754],[139.1167232,36.0205489],[139.1167425,36.0205275],[139.1167601,36.0204971],[139.1167681,36.0204832],[139.1167918,36.0204483],[139.1168502,36.0203759],[139.1168886,36.0203345],[139.1168949,36.0203273],[139.1169294,36.0202962],[139.1169674,36.0202749],[139.11701,36.0202586],[139.1170631,36.0202486],[139.1170736,36.0202474],[139.117074,36.0202473],[139.1171277,36.0202349],[139.1171513,36.0202279],[139.1171718,36.020218],[139.1171974,36.0201998],[139.1172196,36.0201792],[139.1172384,36.0201498],[139.1172571,36.0201195],[139.117271,36.0200893],[139.1172818,36.0200909],[139.1172739,36.0201145],[139.1172581,36.0201581],[139.117238,36.0201894],[139.1172212,36.0202206],[139.1172019,36.0202442],[139.1171751,36.0202578],[139.1171588,36.0202654],[139.1171585,36.0202654],[139.1170843,36.0202735],[139.1170691,36.0202752],[139.1170209,36.0202843],[139.1169841,36.0202984],[139.1169515,36.0203166],[139.1169209,36.0203445],[139.1168776,36.0203914],[139.1168203,36.0204622],[139.1167978,36.0204955],[139.1167712,36.0205413],[139.1167489,36.0205661],[139.1167158,36.0205953],[139.1166737,36.020622],[139.1166628,36.0206289],[139.1166072,36.0206645],[139.1165808,36.0206807],[139.1165553,36.0207329],[139.1165412,36.0207567],[139.1165501,36.0207827],[139.1166944,36.0208585],[139.1168444,36.0209292],[139.1169527,36.0209976],[139.1169253,36.021026],[139.1168905,36.0210041],[139.1168193,36.0209591],[139.1166712,36.0208892],[139.1165332,36.0208169],[139.1165012,36.0208242],[139.1164542,36.0209062],[139.1164212,36.020957],[139.1163988,36.0209915],[139.1163493,36.0210467],[139.11632,36.0210782],[139.1162723,36.0211123],[139.1161931,36.0211662],[139.1161099,36.0212158],[139.1160665,36.0212405],[139.1159938,36.0212681],[139.1159934,36.0212683],[139.1159466,36.0212849],[139.1159205,36.021297],[139.1158991,36.0213093],[139.1158667,36.021334],[139.1158619,36.0213378],[139.115848,36.0213519],[139.1157853,36.02143],[139.115704,36.0215227],[139.1157017,36.0215254],[139.1156114,36.021628],[139.1155215,36.021718],[139.1154163,36.0218219],[139.1154154,36.0218228],[139.1155132,36.0217513],[139.1155318,36.0217679],[139.1154062,36.0218599],[139.1153986,36.0218947],[139.1153935,36.0219181],[139.1153849,36.0219557],[139.1153812,36.021972],[139.1153682,36.0220038],[139.1153669,36.0220061],[139.1153505,36.022034],[139.1153085,36.022082],[139.1151672,36.0222051],[139.1150289,36.0223279],[139.1151713,36.0224075],[139.1152416,36.0224466],[139.1153093,36.0224859],[139.1153704,36.0225261],[139.1155268,36.0226292],[139.1155577,36.0226503],[139.1155902,36.0226722],[139.115683,36.0227349],[139.1157344,36.0227744],[139.1157744,36.0228049],[139.1157748,36.0228127],[139.1157761,36.0228363],[139.1157801,36.0228608],[139.1157899,36.0228916],[139.1158012,36.0229269],[139.1158165,36.02296],[139.1158358,36.0229962],[139.1159167,36.0231337],[139.1159289,36.0231495],[139.1159549,36.0231826],[139.1159596,36.0231819],[139.1160471,36.0231698],[139.1161846,36.0231508],[139.116185,36.0231508],[139.1161897,36.0231503],[139.1161967,36.0231497],[139.1164917,36.0231223],[139.1164926,36.0231222],[139.1164932,36.0231222],[139.1164936,36.0231222],[139.1165117,36.0231332],[139.116512,36.0231334],[139.1165268,36.0231327],[139.1165284,36.0231552],[139.1165096,36.0231569],[139.1165004,36.0231578],[139.1164603,36.0231615],[139.1163231,36.0231742],[139.1162629,36.0231798],[139.1161986,36.0231858],[139.1161861,36.023187],[139.1161844,36.0231829],[139.116184,36.0231829],[139.1160551,36.0232007],[139.1159845,36.0232105],[139.1159807,36.023211],[139.1159946,36.0232258],[139.1160348,36.0232631],[139.1160375,36.0232656],[139.1161056,36.0233209],[139.1161087,36.0233235],[139.1161921,36.0233897],[139.1162352,36.0234262],[139.116268,36.0234462],[139.1163068,36.0234664],[139.1163385,36.0234593],[139.1163419,36.0234605],[139.1164161,36.0234901],[139.1164599,36.0235068],[139.1165759,36.0235507],[139.1166765,36.0235882],[139.1166809,36.0235899],[139.1167647,36.0236212],[139.1168806,36.0236672],[139.1168873,36.0236703],[139.1169639,36.0235415],[139.1169786,36.0235108],[139.1169867,36.0234852],[139.1169895,36.0234636],[139.1169876,36.0234325],[139.1169756,36.0233802],[139.1169865,36.0233785],[139.1169982,36.0234295],[139.1169984,36.0234304],[139.1169986,36.0234314],[139.1170007,36.0234638],[139.1169977,36.0234868],[139.1169891,36.0235136],[139.116974,36.0235451],[139.1169023,36.0236655],[139.116897,36.0236745],[139.1169947,36.0237177],[139.1170619,36.0237468],[139.1171488,36.0237845],[139.1171631,36.0237907],[139.1171671,36.0237924],[139.1172122,36.023812],[139.1173506,36.0238738],[139.1174708,36.0239264],[139.1175796,36.0239758],[139.1176138,36.0239906],[139.1176177,36.0239922],[139.1177046,36.023872],[139.1178091,36.0237263],[139.1178332,36.0237375],[139.1177284,36.0238834],[139.1177117,36.0239065],[139.1176423,36.0240028],[139.1176508,36.0240066],[139.1177464,36.0240465],[139.1178157,36.0240729],[139.117816,36.024073],[139.1178496,36.0240853]]],[[[139.1226232,36.022048],[139.1226158,36.0220697],[139.1226154,36.0220696],[139.1225482,36.0220543],[139.1224977,36.0220394],[139.1224487,36.0220209],[139.1224484,36.0220208],[139.1223572,36.0219808],[139.122332,36.0219795],[139.1223112,36.0219785],[139.1222993,36.0219977],[139.1222695,36.022059],[139.1222677,36.0220628],[139.1222614,36.0220786],[139.1223648,36.0221909],[139.1223947,36.0222232],[139.1223723,36.0222367],[139.122268,36.0221233],[139.1222547,36.0221233],[139.1222487,36.0221233],[139.1222431,36.0221233],[139.1222322,36.02215],[139.1221913,36.0222442],[139.1221285,36.0223574],[139.1220569,36.0224626],[139.1219902,36.0225614],[139.1219685,36.0225983],[139.1219549,36.0226281],[139.1219438,36.022664],[139.1219434,36.0227077],[139.121965,36.0228155],[139.1219656,36.0228187],[139.1219966,36.0229716],[139.122001,36.0230007],[139.1220016,36.0230041],[139.1220037,36.0230325],[139.1220039,36.023063],[139.1220405,36.0230753],[139.1221006,36.0230743],[139.1221671,36.0230731],[139.1221675,36.0230731],[139.1222586,36.0230723],[139.1222876,36.0230721],[139.1225316,36.02307],[139.122532,36.02307],[139.122624,36.0230686],[139.1227367,36.0230669],[139.1227445,36.0230667],[139.1227495,36.0230663],[139.1227639,36.0230651],[139.1227865,36.0230518],[139.1228029,36.023036],[139.1227704,36.0230129],[139.1227514,36.0229993],[139.1227458,36.0229952],[139.1226793,36.0229322],[139.1226418,36.0228807],[139.1226048,36.0228251],[139.1226812,36.0228047],[139.1226816,36.0228047],[139.1226902,36.0228676],[139.1227201,36.0229085],[139.1227814,36.0229666],[139.1228579,36.0230212],[139.1229106,36.0230065],[139.1229206,36.0230037],[139.1229209,36.0230036],[139.1229445,36.0229926],[139.1229448,36.0229926],[139.1229577,36.0229823],[139.1230908,36.0228446],[139.1231128,36.0228585],[139.1229784,36.0229973],[139.1229618,36.0230107],[139.1229234,36.023032],[139.1228819,36.0230508],[139.1228082,36.0230845],[139.1227933,36.0230881],[139.1228526,36.0231084],[139.1228529,36.0231085],[139.1229052,36.0231193],[139.1229407,36.0231205],[139.122956,36.023121],[139.1229758,36.0231208],[139.1229895,36.0231207],[139.123004,36.0231205],[139.1230259,36.0231202],[139.1230719,36.0231132],[139.1231284,36.0231076],[139.1231288,36.0231077],[139.1231298,36.0231153],[139.1231306,36.023121],[139.1231262,36.0231215],[139.1231158,36.0231225],[139.1231148,36.0231226],[139.1230742,36.0231267],[139.1230738,36.0231267],[139.1230266,36.0231292],[139.1230262,36.0231292],[139.1230004,36.0231295],[139.1229776,36.0231298],[139.122956,36.0231301],[139.1229557,36.0231301],[139.1229175,36.0231287],[139.1229035,36.0231282],[139.1228492,36.023117],[139.1227742,36.0230914],[139.1227656,36.0230922],[139.1227467,36.0230937],[139.1225945,36.0230961],[139.1225941,36.0230961],[139.1225332,36.0230967],[139.1225328,36.0230967],[139.1222779,36.0230992],[139.1222311,36.0230996],[139.122168,36.0231001],[139.1221676,36.0231001],[139.1221019,36.0231013],[139.1220365,36.0231025],[139.1220361,36.0231025],[139.1219978,36.0231168],[139.1219918,36.023155],[139.1219789,36.0232551],[139.1219722,36.0233308],[139.1219696,36.0233856],[139.1219717,36.0234004],[139.1219738,36.0234153],[139.1219751,36.0234252],[139.1219792,36.0234338],[139.1219874,36.0234512],[139.1220091,36.0234777],[139.1220156,36.0234857],[139.1220554,36.0235285],[139.1220582,36.0235315],[139.1221745,36.0236247],[139.1222785,36.023708],[139.1222852,36.0237136],[139.122315,36.0236941],[139.1223447,36.0236544],[139.1223871,36.0235961],[139.1224521,36.0235273],[139.1224896,36.0234901],[139.1225027,36.0234771],[139.1225792,36.0234819],[139.1226293,36.0234871],[139.1226426,36.0234884],[139.1226512,36.0234893],[139.1227064,36.0234966],[139.1227529,36.0235028],[139.1227533,36.0235028],[139.1227516,36.0235503],[139.1226192,36.0237322],[139.1224989,36.0238856],[139.1224965,36.0238886],[139.1225552,36.0239414],[139.1226198,36.0239999],[139.122675,36.0240499],[139.1227299,36.0240996],[139.1227464,36.0241148],[139.1228167,36.0240936],[139.1229048,36.0240666],[139.1229764,36.0240423],[139.1230536,36.0240137],[139.1230539,36.0240136],[139.1231295,36.0239863],[139.1231962,36.0239604],[139.1232871,36.023925],[139.1233175,36.0239279],[139.1233225,36.0239003],[139.1233328,36.0238715],[139.1233428,36.0238457],[139.123373,36.0238538],[139.1233743,36.0238542],[139.1233647,36.0238794],[139.123355,36.023906],[139.1233508,36.0239311],[139.1235099,36.0239462],[139.1236242,36.0239658],[139.1236245,36.0239659],[139.1236695,36.023975],[139.1238058,36.0240026],[139.1238248,36.024007],[139.1238251,36.024007],[139.1238378,36.0239964],[139.1238398,36.0239625],[139.1238315,36.0238656],[139.1238269,36.0238475],[139.1237795,36.0236712],[139.1237524,36.0235686],[139.1237333,36.0234948],[139.1237205,36.0234924],[139.1236918,36.0234868],[139.1236981,36.0234158],[139.123701,36.0233689],[139.1237036,36.0233274],[139.1237096,36.023309],[139.123691,36.0232232],[139.1236944,36.0231848],[139.1237027,36.0231211],[139.1237141,36.0230631],[139.1237183,36.0230395],[139.1237328,36.0229581],[139.1237503,36.0228739],[139.1237644,36.0228253],[139.1237786,36.0227971],[139.1237944,36.0227776],[139.123816,36.0227575],[139.1238387,36.0227441],[139.1238627,36.0227372],[139.123863,36.0227371],[139.1239126,36.0227292],[139.1239537,36.0227213],[139.1239824,36.0227123],[139.1239847,36.0227116],[139.1240243,36.0226961],[139.1242033,36.0226058],[139.1242275,36.0226296],[139.1242452,36.0226306],[139.1242669,36.0226336],[139.1242909,36.0226408],[139.1243121,36.0226555],[139.1243397,36.0226851],[139.1243903,36.0227546],[139.1243924,36.022756],[139.1243991,36.0227573],[139.1243995,36.0227574],[139.1244149,36.0227571],[139.1244488,36.0227493],[139.1245868,36.0227031],[139.124548,36.0226491],[139.1245374,36.0226344],[139.1244566,36.0225217],[139.1244603,36.02252],[139.1244637,36.0225184],[139.1244662,36.0225172],[139.1244679,36.0225195],[139.1245279,36.0226029],[139.1245622,36.0226507],[139.1245973,36.0226995],[139.1246062,36.0226966],[139.1246179,36.0226916],[139.1246697,36.02267],[139.1247724,36.0226185],[139.1248192,36.022595],[139.1248398,36.0226219],[139.1247042,36.0226897],[139.1246946,36.0227115],[139.1246967,36.0227205],[139.124716,36.0227491],[139.1247219,36.022764],[139.1247242,36.0227858],[139.124723,36.0228063],[139.1247229,36.0228076],[139.1247158,36.0228278],[139.124695,36.0228531],[139.1246802,36.022867],[139.1246635,36.0228554],[139.1246772,36.0228422],[139.1246954,36.0228201],[139.1246983,36.0228117],[139.1247007,36.0228047],[139.1247015,36.0227907],[139.1246873,36.0227663],[139.1246643,36.0227407],[139.1246456,36.0227265],[139.1246453,36.0227264],[139.1246324,36.0227238],[139.124628,36.022723],[139.1246225,36.0227252],[139.1244615,36.0227791],[139.1244207,36.0227885],[139.1243951,36.022789],[139.1243704,36.0227842],[139.1243484,36.0227678],[139.1243026,36.0227053],[139.1242796,36.0226803],[139.1242572,36.0226647],[139.1242568,36.0226646],[139.1242457,36.0226607],[139.1242436,36.02266],[139.1242333,36.0226588],[139.1242211,36.0226574],[139.1242207,36.0226574],[139.1241965,36.0226574],[139.1241961,36.0226574],[139.1241634,36.022663],[139.124043,36.0227238],[139.1240355,36.0227268],[139.124,36.0227407],[139.1239653,36.0227516],[139.1239207,36.0227599],[139.1239204,36.02276],[139.1238733,36.0227677],[139.123857,36.0227723],[139.1238423,36.0227809],[139.1238253,36.0227968],[139.1238131,36.0228119],[139.1238015,36.0228349],[139.1237884,36.0228801],[139.1237711,36.0229629],[139.1237674,36.0229843],[139.1237621,36.0230144],[139.1237527,36.0230679],[139.1237412,36.0231253],[139.1237355,36.0231697],[139.1237331,36.0231877],[139.1237283,36.0232409],[139.1237321,36.0233068],[139.123744,36.0233868],[139.1237571,36.0234759],[139.1237739,36.0235423],[139.1237795,36.023564],[139.1238066,36.0236664],[139.1238541,36.0238428],[139.1238769,36.0239326],[139.1238861,36.0240074],[139.1238879,36.0240219],[139.1239821,36.024044],[139.1242835,36.0241102],[139.1243181,36.0241174],[139.1243919,36.0241327],[139.1244936,36.0241527],[139.1245761,36.0241683],[139.1247193,36.0241943],[139.1247197,36.0241944],[139.1247645,36.0242022],[139.1249112,36.0242279],[139.125,36.0242434286927],[139.125,36.019769313056834],[139.1249621,36.0197717],[139.1249617,36.0197717],[139.1249139,36.0197768],[139.1249135,36.0197768],[139.1248705,36.0197831],[139.1248275,36.0197906],[139.1247834,36.0198011],[139.1247441,36.0198143],[139.1247074,36.0198313],[139.1246703,36.0198501],[139.1246379,36.019869],[139.1246045,36.019891],[139.1245685,36.0199169],[139.1245069,36.0199594],[139.1244871,36.0199712],[139.1244712,36.0199807],[139.124425,36.0200013],[139.1243791,36.0200179],[139.1243216,36.0200339],[139.1242871,36.0200435],[139.1242867,36.0200436],[139.1242079,36.0200681],[139.1241455,36.02009],[139.1240958,36.0201097],[139.1243217,36.0204042],[139.1243253,36.0204088],[139.1243269,36.0204109],[139.1243348,36.0204333],[139.1243396,36.0204713],[139.1243387,36.0204813],[139.1243379,36.0204889],[139.1243299,36.0205023],[139.1242767,36.0205583],[139.1242224,36.0205974],[139.1242078,36.0205839],[139.1242604,36.0205459],[139.1242948,36.0205097],[139.1243094,36.0204811],[139.1243153,36.0204571],[139.1243129,36.0204367],[139.1243064,36.0204182],[139.1241016,36.0201515],[139.1240769,36.0201384],[139.1240511,36.0201303],[139.1240226,36.0201436],[139.1239762,36.0201698],[139.1239024,36.0202072],[139.1238009,36.0202665],[139.1237995,36.0202674],[139.1237909,36.0202737],[139.123791,36.0202971],[139.123831,36.0203315],[139.1238537,36.0203589],[139.1239016,36.0204169],[139.1239163,36.0204346],[139.1239744,36.020499],[139.1240153,36.0205364],[139.124073,36.0205823],[139.1240574,36.0205952],[139.1239991,36.0205488],[139.1239571,36.0205103],[139.123898,36.0204449],[139.1238931,36.0204391],[139.1238353,36.0203689],[139.1238136,36.0203428],[139.1237737,36.0203085],[139.1237733,36.0203085],[139.1237506,36.0203068],[139.1237458,36.0203065],[139.1237365,36.0203133],[139.1236396,36.0203855],[139.1235988,36.0204196],[139.1234989,36.0205032],[139.123405,36.0205882],[139.1233013,36.0206821],[139.1232653,36.0207153],[139.1232209,36.0207566],[139.1231737,36.0208004],[139.1231581,36.0208149],[139.1231456,36.0208259],[139.1231885,36.0208539],[139.123209,36.0208753],[139.1233578,36.0210298],[139.1234197,36.0211114],[139.1235826,36.021326],[139.1236134,36.0213953],[139.1235927,36.0214014],[139.1235625,36.0213339],[139.1233685,36.0210783],[139.1233395,36.0210401],[139.1231726,36.0208666],[139.1231538,36.0208545],[139.1231127,36.0208551],[139.122945,36.0210038],[139.1227621,36.021161],[139.1225961,36.0213241],[139.1225346,36.0213836],[139.1225933,36.0213912],[139.1226479,36.0213982],[139.1226483,36.0213982],[139.1226748,36.0214052],[139.1228376,36.0214783],[139.1228966,36.0215047],[139.1228912,36.0215126],[139.1228372,36.0214884],[139.1226703,36.0214136],[139.1226455,36.021407],[139.1225978,36.0214009],[139.1225264,36.0213916],[139.1224231,36.0214919],[139.1223875,36.0215262],[139.1223759,36.0215361],[139.1223531,36.0215559],[139.1222735,36.0216248],[139.1222112,36.021674],[139.1222109,36.0216744],[139.1222038,36.0216894],[139.1222031,36.021704],[139.1222084,36.0217141],[139.1222978,36.0217855],[139.1223044,36.0217924],[139.122334,36.0218239],[139.1223356,36.0218275],[139.1223488,36.0218555],[139.1223532,36.0218859],[139.1223461,36.0219119],[139.1223403,36.0219262],[139.1223458,36.0219315],[139.122357,36.0219426],[139.1223787,36.0219594],[139.1224172,36.0219815],[139.1224612,36.0220007],[139.1225083,36.0220185],[139.1225563,36.0220328],[139.1225567,36.0220329],[139.1226228,36.0220479],[139.1226232,36.022048]]]]},"properties":{"layer":"landuse","class_code":"215","class_label":"道路用地（道路、駅前広場、私有地内に存在する沿道用途の「私道」または、私有地の一部分であるものの公共の通行に供されている土地の部分）"}}]}