{"type":"FeatureCollection","properties":{"mesh_code":"54390066","source":"PLATEAU秩父市2025","layer":"landuse"},"features":[{"type":"Feature","id":"luse_0c823dc5-811e-4a1f-8b95-de9d3e16ecb4","geometry":{"type":"Polygon","coordinates":[[[139.0754895,36.0572551],[139.0754327,36.0573722],[139.0754314,36.0573489],[139.0754313,36.0572929],[139.0754294,36.057282],[139.0754258,36.0572689],[139.0754142,36.0572535],[139.075398,36.0572433],[139.0753838,36.0572371],[139.075257,36.0571963],[139.075,36.05711654137931],[139.075,36.05583376953929],[139.0758765,36.0561876],[139.0759054,36.0562078],[139.0759354,36.0562338],[139.0759849,36.0562768],[139.0759986,36.0562884],[139.0759988,36.0562886],[139.0761396,36.0563532],[139.0763913,36.0564567],[139.0766006,36.0565299],[139.0766145,36.0565347],[139.0765751,36.0566052],[139.0764366,36.0568525],[139.0763301,36.0570413],[139.0763062,36.0570326],[139.0757325,36.056822],[139.0754895,36.0572551]]]},"properties":{"layer":"landuse","class_code":"201","class_label":"田（水田）"}},{"type":"Feature","id":"luse_570d8747-7051-477e-a637-1f46eb5a7313","geometry":{"type":"Polygon","coordinates":[[[139.0753042,36.0573901],[139.0751548,36.0573996],[139.0750892,36.0574037],[139.075,36.05740935136987],[139.075,36.05715991485913],[139.0752388,36.0572342],[139.0753627,36.0572738],[139.0753703,36.0572773],[139.0753762,36.057281],[139.0753787,36.0572843],[139.0753802,36.0572892],[139.0753811,36.0572957],[139.0753812,36.0573446],[139.0753795,36.0573515],[139.0753775,36.0573574],[139.0753732,36.0573657],[139.0753452,36.0573879],[139.0753449,36.0573879],[139.0753042,36.0573901]]]},"properties":{"layer":"landuse","class_code":"201","class_label":"田（水田）"}},{"type":"Feature","id":"luse_6d5114ee-160f-4cb9-a5d5-5b9caf05119e","geometry":{"type":"Polygon","coordinates":[[[139.0766937,36.0575849],[139.076393,36.0575525],[139.0763734,36.0576227],[139.0763257,36.0576025],[139.076309,36.0575966],[139.0762357,36.0575705],[139.0761996,36.0574929],[139.0764129,36.057122],[139.0764824,36.0569986],[139.0765145,36.0569998],[139.0765848,36.0570271],[139.0766761,36.0570683],[139.0767256,36.0571394],[139.0768918,36.0571504],[139.0769088,36.0569297],[139.0767943,36.0569015],[139.0766888,36.0568984],[139.0766786,36.0570111],[139.0765128,36.0569445],[139.0765425,36.0568917],[139.0765782,36.0568283],[139.0766346,36.0567277],[139.0767028,36.0567253],[139.0767308,36.0567253],[139.0767525,36.0567252],[139.0767717,36.0567254],[139.0768068,36.0567293],[139.0769384,36.0567438],[139.0769483,36.0567456],[139.0771629,36.0568238],[139.0774559,36.056932],[139.0775889,36.0569845],[139.0775892,36.0569846],[139.0775943,36.056987],[139.0775992,36.0569898],[139.0776034,36.056993],[139.0776077,36.0569965],[139.0776083,36.0569972],[139.0776118,36.057001],[139.0776148,36.0570051],[139.0776175,36.0570095],[139.0776196,36.0570139],[139.077621,36.0570186],[139.0776214,36.0570206],[139.0776219,36.0570233],[139.0776224,36.057026],[139.0776201,36.0570429],[139.0776077,36.0571359],[139.0775938,36.057248],[139.0773068,36.0572344],[139.0772831,36.0574185],[139.0775672,36.0574322],[139.0775545,36.0575044],[139.0775432,36.0575719],[139.0775354,36.0576066],[139.0770193,36.0575579],[139.0770016,36.0575763],[139.0768187,36.0575697],[139.0767016,36.0575858],[139.0766937,36.0575849]]]},"properties":{"layer":"landuse","class_code":"201","class_label":"田（水田）"}},{"type":"Feature","id":"luse_621149d1-7666-41b0-a483-321c6580c6a4","geometry":{"type":"Polygon","coordinates":[[[139.084569,36.0574401],[139.0847015,36.0574721],[139.0847187,36.057508],[139.0847253,36.0575129],[139.084732,36.0575233],[139.0847351,36.0575344],[139.0847371,36.0575487],[139.0847393,36.0575635],[139.0847399,36.0575823],[139.0847439,36.0576091],[139.0847599,36.0576573],[139.0847704,36.057674],[139.0847835,36.0576997],[139.0847944,36.0577311],[139.0848007,36.0577631],[139.0848048,36.057787],[139.0848005,36.0578049],[139.0847891,36.0578146],[139.0846142,36.0578874],[139.084569,36.0579019],[139.0844887,36.0578932],[139.0844867,36.0578916],[139.0844766,36.0578849],[139.0844083,36.0578414],[139.0843466,36.0578055],[139.0843373,36.0578],[139.0842644,36.0577612],[139.0842279,36.0577429],[139.0842227,36.0577406],[139.0842075,36.0577335],[139.0842366,36.0576409],[139.0842901,36.0574581],[139.084288,36.0574369],[139.0843018,36.0574374],[139.0843368,36.0574376],[139.0843435,36.0574375],[139.0844703,36.0574365],[139.0845041,36.0574364],[139.0845425,36.057437],[139.084569,36.0574401]]]},"properties":{"layer":"landuse","class_code":"201","class_label":"田（水田）"}},{"type":"Feature","id":"luse_0276cc6a-0a29-4de5-839f-d3da58445d13","geometry":{"type":"Polygon","coordinates":[[[139.0826776024636,36.05833333333333],[139.082682,36.0583254],[139.0827182,36.0583261],[139.0827887,36.0583312],[139.08280779508198,36.05833333333333],[139.0826776024636,36.05833333333333]]]},"properties":{"layer":"landuse","class_code":"201","class_label":"田（水田）"}},{"type":"Feature","id":"luse_e4025a6d-2a43-4bfd-8b76-06530ca1e755","geometry":{"type":"Polygon","coordinates":[[[139.0846138,36.0580469],[139.0846937,36.0581243],[139.0847696,36.0582043],[139.084784,36.0582204],[139.08489532344973,36.05833333333333],[139.08351584424673,36.05833333333333],[139.0835589,36.0582868],[139.0835706,36.0582652],[139.0835786,36.0582357],[139.083595,36.0581118],[139.083601,36.0580984],[139.0836154,36.0580727],[139.0836782,36.0579441],[139.0836915,36.0579029],[139.0836938,36.0578814],[139.0836947,36.0578517],[139.0836949,36.0577539],[139.0836936,36.0576064],[139.0836958,36.0575966],[139.0837065,36.0575884],[139.0837147,36.0575859],[139.0837373,36.0575844],[139.0838969,36.05764],[139.0840124,36.0576859],[139.0839069,36.0579667],[139.0841216,36.05804],[139.0843211,36.0578295],[139.0843849,36.0578665],[139.0844522,36.0579095],[139.0844604,36.0579149],[139.0845473,36.0579872],[139.0846138,36.0580469]]]},"properties":{"layer":"landuse","class_code":"201","class_label":"田（水田）"}},{"type":"Feature","id":"luse_2af4d665-510d-4511-8f9a-f24506f2359d","geometry":{"type":"Polygon","coordinates":[[[139.075064,36.0500675],[139.0750503,36.050073],[139.0750376,36.0500796],[139.075026,36.0500877],[139.0750054,36.050113],[139.075,36.05012268936173],[139.075,36.05],[139.0752154753846,36.05],[139.075122,36.0500602],[139.0750986,36.05006],[139.075064,36.0500675]]]},"properties":{"layer":"landuse","class_code":"202","class_label":"畑（畑、樹園地、採草地、養鶏（牛・豚）場）"}},{"type":"Feature","id":"luse_7a0612c9-24c8-4182-b4a9-d644e6555ceb","geometry":{"type":"Polygon","coordinates":[[[139.0751251,36.0516452],[139.0750647,36.0516465],[139.075,36.05165214970613],[139.075,36.05111566867832],[139.0751018,36.051194],[139.0751379,36.0512218],[139.0751551,36.0512413],[139.0751909,36.0512837],[139.0752746,36.0513602],[139.0752724,36.0513814],[139.0752523,36.0515728],[139.0752481,36.0516194],[139.075247,36.0516567],[139.0752328,36.0516525],[139.0752324,36.0516524],[139.0752181,36.051649],[139.0752036,36.0516463],[139.0752032,36.0516462],[139.0751862,36.0516439],[139.0751858,36.0516439],[139.0751251,36.0516452]]]},"properties":{"layer":"landuse","class_code":"202","class_label":"畑（畑、樹園地、採草地、養鶏（牛・豚）場）"}},{"type":"Feature","id":"luse_7cc93992-fce3-4c12-9c75-44e8578994a8","geometry":{"type":"Polygon","coordinates":[[[139.0760485,36.0519359],[139.0760209,36.0519369],[139.0759421,36.0519541],[139.0758261,36.0519853],[139.0758005,36.0519583],[139.075799,36.0519571],[139.0757627,36.0519238],[139.0757576,36.0519195],[139.0757159,36.051888],[139.0756714,36.0518593],[139.0756653,36.0518534],[139.0756558,36.0518427],[139.0756473,36.0518315],[139.07564,36.0518196],[139.075634,36.0518074],[139.0756291,36.0517948],[139.0756256,36.0517819],[139.0756234,36.0517688],[139.0756227,36.0517611],[139.0756226,36.0517479],[139.0756237,36.0517348],[139.0756263,36.0517217],[139.0757055,36.051589],[139.0757568,36.0515086],[139.0757635,36.0514981],[139.0757749,36.0514801],[139.0759436,36.0515355],[139.0761856,36.0516158],[139.0762267,36.0516308],[139.0762656,36.0516473],[139.0763046,36.051666],[139.0763066,36.0516671],[139.076344,36.0516878],[139.0763789,36.0517095],[139.0764121,36.0517328],[139.0764445,36.0517582],[139.0764499,36.0517628],[139.0765616,36.051875],[139.076575,36.0518945],[139.0765613,36.0519021],[139.0763965,36.0519847],[139.0762792,36.0519336],[139.0760485,36.0519359]]]},"properties":{"layer":"landuse","class_code":"202","class_label":"畑（畑、樹園地、採草地、養鶏（牛・豚）場）"}},{"type":"Feature","id":"luse_81a8445e-20c4-41be-8e8a-994db7ae5bd4","geometry":{"type":"Polygon","coordinates":[[[139.0756872,36.0523992],[139.0754562,36.0524363],[139.0754005,36.052232],[139.0753355,36.0522288],[139.0751412,36.0522236],[139.0751196,36.052177],[139.0750914,36.0521164],[139.0750061,36.0519326],[139.075,36.05191946045976],[139.075,36.05168479985359],[139.0750382,36.0516815],[139.075067,36.051679],[139.0750674,36.051679],[139.0751833,36.0516765],[139.0751898,36.0516773],[139.0752221,36.0517003],[139.0752362,36.0517117],[139.0752821,36.0517588],[139.0753034,36.0517808],[139.075371,36.0518656],[139.0754835,36.0522171],[139.0756195,36.0521948],[139.0756872,36.0523992]]]},"properties":{"layer":"landuse","class_code":"202","class_label":"畑（畑、樹園地、採草地、養鶏（牛・豚）場）"}},{"type":"Feature","id":"luse_60d2b2a6-9aaf-4030-8958-47ffb427f118","geometry":{"type":"Polygon","coordinates":[[[139.075,36.05217154727574],[139.0750333,36.0522456],[139.0750006,36.0522622],[139.075,36.05226250542637],[139.075,36.05217154727574]]]},"properties":{"layer":"landuse","class_code":"202","class_label":"畑（畑、樹園地、採草地、養鶏（牛・豚）場）"}},{"type":"Feature","id":"luse_69caa90f-7ba8-4662-a638-8b281fda5750","geometry":{"type":"Polygon","coordinates":[[[139.0790509,36.053288],[139.0790386,36.0532916],[139.0790307,36.0532941],[139.0789576,36.0533175],[139.0789535,36.0533195],[139.0789357,36.0533285],[139.078922,36.0533338],[139.0789089,36.0533397],[139.0788972,36.0533459],[139.078894,36.0533479],[139.0788829,36.053355],[139.0788717,36.0533632],[139.0788613,36.0533719],[139.0788517,36.0533814],[139.0788444,36.0533896],[139.0788428,36.0533913],[139.078835,36.0534018],[139.078828,36.0534126],[139.0788223,36.0534234],[139.0788005,36.0534534],[139.0787873,36.0534569],[139.0787833,36.053454],[139.07878,36.0534509],[139.0787346,36.0534067],[139.0786849,36.0533582],[139.0785523,36.053242],[139.0784469,36.0531476],[139.0784439,36.0531409],[139.078439,36.0531229],[139.0784387,36.0531223],[139.0784933,36.0531296],[139.078496,36.0531299],[139.0785103,36.0531307],[139.0785248,36.0531306],[139.0785391,36.0531298],[139.0785533,36.0531281],[139.0785673,36.0531256],[139.0785708,36.0531248],[139.0785846,36.0531213],[139.0785979,36.053117],[139.0786109,36.053112],[139.0786233,36.0531061],[139.0786353,36.0530996],[139.0786466,36.0530925],[139.0786537,36.0530878],[139.0786657,36.053081],[139.078678,36.0530749],[139.078691,36.0530695],[139.0787043,36.0530649],[139.078718,36.0530611],[139.078732,36.0530581],[139.0787358,36.0530574],[139.07875,36.0530554],[139.0787645,36.0530543],[139.078779,36.053054],[139.0787934,36.0530545],[139.0788079,36.0530559],[139.0788136,36.0530573],[139.0788262,36.0530598],[139.0788391,36.0530616],[139.078852,36.0530626],[139.0788649,36.0530628],[139.0788779,36.0530623],[139.0788909,36.0530611],[139.0789036,36.0530591],[139.0789162,36.0530563],[139.0789285,36.0530529],[139.0789404,36.0530487],[139.0789514,36.0530442],[139.0789625,36.0530387],[139.0789731,36.0530327],[139.0789832,36.053026],[139.0789926,36.0530187],[139.0790014,36.053011],[139.0790095,36.0530026],[139.0790168,36.0529939],[139.0790233,36.0529849],[139.079029,36.0529799],[139.0790463,36.0529664],[139.0790648,36.0529539],[139.0790843,36.0529423],[139.0791048,36.0529321],[139.0791261,36.0529231],[139.0791483,36.0529152],[139.079171,36.0529087],[139.0791923,36.0529038],[139.079216,36.0528999],[139.0792399,36.0528974],[139.0792639,36.0528963],[139.079288,36.0528965],[139.0793119,36.0528981],[139.0793358,36.0529011],[139.0794779,36.052909],[139.0794961,36.0529095],[139.0795288,36.0529094],[139.0795686,36.0529075],[139.0796392,36.0529004],[139.0796409,36.0529078],[139.0796069,36.0529453],[139.079589,36.0529668],[139.0795799,36.0529832],[139.0795771,36.0529955],[139.0795779,36.0529999],[139.0795815,36.053019],[139.0795751,36.0530247],[139.0795567,36.0530436],[139.0795542,36.0530465],[139.0795463,36.053056],[139.0795337,36.0530751],[139.0795194,36.0530934],[139.0795035,36.0531108],[139.0794862,36.0531273],[139.0794814,36.0531315],[139.0794623,36.0531466],[139.0794419,36.0531606],[139.0794204,36.0531734],[139.0794161,36.0531755],[139.0794046,36.0531813],[139.0793904,36.0531858],[139.0793637,36.0531945],[139.0791645,36.0532544],[139.0791557,36.053257],[139.0791192,36.0531933],[139.0790177,36.0532284],[139.0790509,36.053288]]]},"properties":{"layer":"landuse","class_code":"202","class_label":"畑（畑、樹園地、採草地、養鶏（牛・豚）場）"}},{"type":"Feature","id":"luse_226c8ed3-391e-409a-9a11-85aad3c86aff","geometry":{"type":"Polygon","coordinates":[[[139.0780999,36.0533674],[139.078099,36.0533863],[139.0781019,36.0534129],[139.0781061,36.0534505],[139.0781108,36.0534671],[139.0781135,36.0534811],[139.078115,36.0534951],[139.0781152,36.0535097],[139.0781151,36.0535117],[139.0781139,36.0535262],[139.0781114,36.0535403],[139.0781076,36.0535541],[139.0781027,36.0535679],[139.0780991,36.053576],[139.0780905,36.0535897],[139.0780569,36.0535642],[139.0780343,36.0535471],[139.0778096,36.0533772],[139.0778014,36.0533527],[139.0777905,36.0533609],[139.0777892,36.0533619],[139.0777346,36.0533206],[139.0777464,36.0533126],[139.0777295,36.0532966],[139.0777177,36.0533047],[139.0775741,36.0531641],[139.0775531,36.05314],[139.0775171,36.0530987],[139.077481,36.053054],[139.0774305,36.0529865],[139.0773838,36.0529176],[139.0773397,36.0528457],[139.0772212,36.0526686],[139.0771993,36.0526357],[139.0770853,36.052468],[139.076968,36.0522839],[139.0768827,36.0521622],[139.0767881,36.0520211],[139.0767868,36.0520187],[139.0768202,36.052003],[139.0768424,36.051995],[139.0768428,36.0519949],[139.0768568,36.0519904],[139.0768668,36.0519902],[139.0768671,36.0519902],[139.0768772,36.0519906],[139.0768874,36.0519917],[139.0768974,36.0519933],[139.0769072,36.0519955],[139.0769174,36.0519983],[139.076918,36.0519986],[139.0769276,36.0520021],[139.0769364,36.0520059],[139.0769367,36.052006],[139.0769454,36.0520104],[139.0769537,36.0520154],[139.0769614,36.0520207],[139.0769686,36.0520266],[139.0769755,36.0520328],[139.0769817,36.0520393],[139.0769873,36.0520463],[139.0769924,36.0520537],[139.0769935,36.0520555],[139.0770025,36.0520802],[139.0770099,36.0521062],[139.077012,36.0521162],[139.0770158,36.0521428],[139.0770176,36.0521692],[139.0770169,36.0521958],[139.0770147,36.0522166],[139.0770152,36.0522365],[139.0770171,36.0522561],[139.077021,36.0522755],[139.0770243,36.0522876],[139.0770309,36.0523065],[139.077039,36.0523251],[139.0770488,36.0523431],[139.0770604,36.0523605],[139.0770731,36.0523772],[139.0770876,36.0523931],[139.0771031,36.052408],[139.077108,36.0524122],[139.0771171,36.0524193],[139.0771272,36.0524259],[139.0771376,36.0524319],[139.0771488,36.0524372],[139.07716,36.052442],[139.0771717,36.052446],[139.0771721,36.0524461],[139.0771839,36.0524493],[139.0771898,36.0524507],[139.0772021,36.0524529],[139.0772118,36.0524541],[139.0772146,36.0524544],[139.077215,36.0524545],[139.0772206,36.0524548],[139.0772276,36.0524553],[139.0772403,36.0524554],[139.0772406,36.0524554],[139.0772532,36.0524548],[139.077266,36.0524533],[139.0772785,36.0524512],[139.0772904,36.0524485],[139.0772987,36.0524463],[139.0772991,36.0524463],[139.0773066,36.0524449],[139.0773143,36.0524438],[139.0773146,36.0524438],[139.0773225,36.0524433],[139.0773276,36.0524432],[139.0773355,36.0524434],[139.0773358,36.0524434],[139.0773435,36.0524441],[139.0773512,36.0524452],[139.0773516,36.0524452],[139.0773589,36.0524467],[139.0773592,36.0524468],[139.0773666,36.0524488],[139.0773741,36.0524513],[139.0773764,36.0524521],[139.0773819,36.0524559],[139.0773903,36.052461],[139.0773992,36.0524656],[139.0774083,36.0524697],[139.0774179,36.0524732],[139.0774228,36.0524748],[139.0774326,36.0524774],[139.0774428,36.0524795],[139.0774532,36.052481],[139.0774569,36.0524814],[139.0774636,36.052482],[139.077467,36.0524821],[139.0774682,36.0524821],[139.0774742,36.0524822],[139.0774824,36.052482],[139.0774845,36.0524819],[139.0774849,36.0524819],[139.0774952,36.052481],[139.0775056,36.0524795],[139.0775156,36.0524773],[139.077516,36.0524773],[139.0775256,36.0524747],[139.0775315,36.0524729],[139.0776249,36.0524332],[139.0776471,36.0524228],[139.0777358,36.0523768],[139.0778201,36.0523257],[139.0778272,36.0523211],[139.0779128,36.0522528],[139.0780821,36.0521234],[139.0780954,36.0521333],[139.0782352,36.0522369],[139.0782427,36.0522576],[139.0782451,36.0522752],[139.0782435,36.0523095],[139.0782367,36.0523325],[139.0782239,36.0523605],[139.0782098,36.0523845],[139.0782006,36.0524056],[139.0781912,36.0524398],[139.0781843,36.0524713],[139.0781787,36.0525165],[139.0781748,36.0525466],[139.0781693,36.052585],[139.0781588,36.0526046],[139.0780626,36.052651],[139.078003,36.0526798],[139.0779866,36.0526853],[139.0778893,36.0527523],[139.0779062,36.0527996],[139.0779122,36.0528996],[139.0779078,36.0530098],[139.0778879,36.0530966],[139.0781709,36.053224],[139.0782056,36.0532342],[139.0781988,36.0532428],[139.0781921,36.0532491],[139.0781791,36.0532602],[139.0781296,36.0533087],[139.0781157,36.0533265],[139.0781076,36.0533445],[139.0780999,36.0533674]]]},"properties":{"layer":"landuse","class_code":"202","class_label":"畑（畑、樹園地、採草地、養鶏（牛・豚）場）"}},{"type":"Feature","id":"luse_445cd1c4-2e18-4ad1-bce6-d36dc73a8615","geometry":{"type":"Polygon","coordinates":[[[139.0756323,36.0535114],[139.0755666,36.0535665],[139.0755059,36.0536174],[139.0754768,36.0536418],[139.0753705,36.0536519],[139.0753509,36.0536672],[139.0753271,36.0536744],[139.0752994,36.0536766],[139.0752714,36.0536761],[139.0752503,36.0536721],[139.0752323,36.0536639],[139.0751311,36.0535907],[139.0751774,36.0535415],[139.0752693,36.0534437],[139.0751701,36.0533317],[139.0753508,36.0532422],[139.0756323,36.0535114]]]},"properties":{"layer":"landuse","class_code":"202","class_label":"畑（畑、樹園地、採草地、養鶏（牛・豚）場）"}},{"type":"Feature","id":"luse_7426d461-6453-40f6-a4b0-816326d473dd","geometry":{"type":"Polygon","coordinates":[[[139.0765279,36.0536045],[139.0764227,36.0536321],[139.0763217,36.0536638],[139.0761586,36.0537253],[139.0760544,36.053731],[139.0759864,36.053535],[139.0759774,36.0535133],[139.0759454,36.0534582],[139.0759298,36.0534362],[139.0759291,36.0534354],[139.0758957,36.0533635],[139.075956,36.0533649],[139.0759941,36.0533659],[139.0761262,36.0533749],[139.0761265,36.0533749],[139.0761438,36.0533763],[139.0761532,36.0533772],[139.0761614,36.0533791],[139.0763184,36.0534549],[139.0765459,36.0535759],[139.0765486,36.0535811],[139.0765491,36.0535861],[139.0765442,36.0536003],[139.0765279,36.0536045]]]},"properties":{"layer":"landuse","class_code":"202","class_label":"畑（畑、樹園地、採草地、養鶏（牛・豚）場）"}},{"type":"Feature","id":"luse_da4b9d34-1c16-4bfb-8dde-c226614e952b","geometry":{"type":"Polygon","coordinates":[[[139.0758188,36.0534303],[139.0758314,36.0534571],[139.0758749,36.0535628],[139.0759523,36.0537854],[139.075993,36.0539158],[139.0759317,36.0539352],[139.0758789,36.0538432],[139.0758713,36.0538403],[139.0758528,36.053838],[139.0758014,36.0538337],[139.0757457,36.0538236],[139.0757272,36.0538016],[139.0756453,36.0536484],[139.0755985,36.0535722],[139.0757449,36.0534495],[139.0757722,36.0534267],[139.0758051,36.0533994],[139.0758188,36.0534303]]]},"properties":{"layer":"landuse","class_code":"202","class_label":"畑（畑、樹園地、採草地、養鶏（牛・豚）場）"}},{"type":"Feature","id":"luse_6c67f964-55b5-4e53-8bea-ded061234631","geometry":{"type":"Polygon","coordinates":[[[139.0780256,36.0539377],[139.0780269,36.054003],[139.0780321,36.0541192],[139.0780323,36.0541252],[139.0780313,36.0541408],[139.0780298,36.0541498],[139.0780297,36.0541502],[139.0780292,36.0541517],[139.0780286,36.0541533],[139.0780279,36.0541547],[139.0780267,36.0541561],[139.0780256,36.0541573],[139.0780245,36.0541585],[139.0780229,36.0541596],[139.0780216,36.0541606],[139.0780197,36.0541615],[139.078018,36.0541622],[139.0780162,36.0541628],[139.0780144,36.0541632],[139.0780141,36.0541633],[139.0780124,36.0541636],[139.0780105,36.0541638],[139.0780085,36.0541638],[139.0780067,36.0541637],[139.0780049,36.0541634],[139.078003,36.0541629],[139.0780012,36.0541624],[139.0779996,36.0541618],[139.0779992,36.0541617],[139.0779979,36.0541608],[139.0779964,36.0541599],[139.077995,36.0541588],[139.0779936,36.0541576],[139.0779745,36.0541082],[139.0779384,36.0540294],[139.077935,36.0540242],[139.0779276,36.0540148],[139.0779193,36.0540059],[139.0779099,36.0539978],[139.0779076,36.053996],[139.0778971,36.0539888],[139.0778857,36.0539825],[139.0778738,36.053977],[139.0778612,36.0539725],[139.0778484,36.053969],[139.077848,36.0539689],[139.0778018,36.0539447],[139.0777245,36.0539032],[139.0777134,36.0538995],[139.077713,36.0538994],[139.0776938,36.053894],[139.0776728,36.0538898],[139.0776724,36.0538898],[139.0776509,36.0538873],[139.0776297,36.0538866],[139.0776137,36.053887],[139.0775772,36.0538888],[139.0775768,36.0538888],[139.0775431,36.0538904],[139.0775631,36.0538171],[139.077425,36.0537681],[139.0773143,36.0537232],[139.0773053,36.0537004],[139.0773028,36.0536904],[139.0772997,36.0536746],[139.0772985,36.0536641],[139.0772952,36.0536354],[139.0772936,36.0536217],[139.0772922,36.0536015],[139.0772882,36.0535707],[139.0772872,36.0535489],[139.0772856,36.0535315],[139.0772839,36.0535093],[139.0769725,36.0533939],[139.0769552,36.0533781],[139.0769427,36.0533737],[139.0769198,36.0533692],[139.0768356,36.0533698],[139.076807,36.0533663],[139.0767875,36.0533629],[139.0768173,36.0534107],[139.0768111,36.0534204],[139.0766923,36.0534763],[139.0765246,36.0535484],[139.0763271,36.0534434],[139.0761838,36.0533741],[139.0761809,36.0533662],[139.0761808,36.0533627],[139.0761827,36.0533564],[139.0762543,36.0533097],[139.0763534,36.0532414],[139.0763462,36.0532347],[139.0762472,36.0533027],[139.0761699,36.0533531],[139.0761492,36.0533631],[139.0761469,36.0533629],[139.0761456,36.0533628],[139.0761279,36.0533614],[139.0760649,36.0533571],[139.075995,36.0533523],[139.0758949,36.0533499],[139.0758945,36.0533499],[139.0758479,36.0532815],[139.0757829,36.053187],[139.0757805,36.053184],[139.0758343,36.0531545],[139.0758599,36.0531382],[139.0759451,36.053084],[139.0759455,36.0530837],[139.0759866,36.0531007],[139.0759975,36.0531031],[139.0760052,36.0531048],[139.076037,36.0531067],[139.0763554,36.0530591],[139.0763663,36.0530517],[139.0763695,36.0530344],[139.0763699,36.053024],[139.0763373,36.0528846],[139.0763274,36.0528795],[139.0763071,36.0528794],[139.0762111,36.0528902],[139.0761242,36.0528999],[139.0761137,36.0528314],[139.0759723,36.0528487],[139.0759403,36.0528546],[139.0758752,36.0528759],[139.0758762,36.0528865],[139.0758679,36.0528931],[139.0756523,36.0530149],[139.0756383,36.0529977],[139.0755946,36.0529434],[139.0755603,36.0529006],[139.075668,36.0528482],[139.0756311,36.0528037],[139.0756655,36.0527993],[139.0756849,36.0527978],[139.0756995,36.0527979],[139.0757219,36.0527991],[139.075729,36.0527998],[139.0757525,36.0528072],[139.0758006,36.0527579],[139.0759027,36.0527757],[139.0760983,36.0525852],[139.0762093,36.0525816],[139.0763026,36.0527839],[139.0764402,36.0527591],[139.0764867,36.0526907],[139.0765353,36.0525823],[139.076568,36.0524942],[139.0765974,36.0524906],[139.0766199,36.0524879],[139.0767224,36.0524589],[139.0768378,36.0524208],[139.0768528,36.0524159],[139.0768619,36.0524128],[139.0768625,36.052416],[139.0768644,36.0524273],[139.0768788,36.0524556],[139.0768861,36.0524623],[139.0769463,36.0525039],[139.0769675,36.0525223],[139.0770805,36.0526885],[139.0772195,36.0528964],[139.0772639,36.0529686],[139.0773134,36.0530416],[139.0773665,36.0531127],[139.0774052,36.0531606],[139.0774642,36.0532283],[139.0775483,36.0533218],[139.077564,36.05335],[139.0775668,36.0533593],[139.0775705,36.0533762],[139.0775727,36.053387],[139.0775773,36.0534101],[139.077584,36.0534427],[139.077605,36.0535153],[139.0776072,36.0535253],[139.0776096,36.0535407],[139.0776226,36.0536032],[139.0776244,36.0536093],[139.0776275,36.0536178],[139.077632,36.0536257],[139.0776396,36.053635],[139.0776807,36.0536647],[139.0777451,36.0537047],[139.077795,36.0537264],[139.0778103,36.0537322],[139.0778222,36.0537352],[139.0779,36.0537496],[139.0779004,36.0537497],[139.0779201,36.0537547],[139.0779366,36.0537588],[139.0779369,36.0537589],[139.0779927,36.0537723],[139.0780116,36.0537809],[139.0780454,36.0537952],[139.0780546,36.0537992],[139.0780555,36.0537996],[139.0780378,36.0538479],[139.0780256,36.0539377]]]},"properties":{"layer":"landuse","class_code":"202","class_label":"畑（畑、樹園地、採草地、養鶏（牛・豚）場）"}},{"type":"Feature","id":"luse_d5155a17-aadb-4f79-8ace-e31579c925ec","geometry":{"type":"Polygon","coordinates":[[[139.0770962,36.0540026],[139.0770807,36.0540052],[139.076989,36.0540204],[139.0769792,36.0540213],[139.0769546,36.0540248],[139.0769521,36.0540252],[139.0769245,36.0540315],[139.0768978,36.0540398],[139.0768723,36.0540502],[139.0768482,36.0540624],[139.076827,36.0540754],[139.076806,36.054091],[139.0767868,36.0541082],[139.0767698,36.0541268],[139.0767569,36.0541441],[139.0767316,36.0541785],[139.0767206,36.0541934],[139.0767192,36.0541949],[139.0766915,36.0542233],[139.0766341,36.0542796],[139.0765914,36.0543189],[139.0765127,36.0543974],[139.0764531,36.0544541],[139.07643,36.0544762],[139.076422,36.0544839],[139.0764096,36.0544857],[139.076398,36.0544864],[139.0763972,36.0544864],[139.0763897,36.0544862],[139.0763846,36.054486],[139.0763737,36.0544846],[139.0763615,36.054482],[139.0763498,36.0544782],[139.0763403,36.0544741],[139.0763386,36.0544734],[139.0763304,36.0544689],[139.0763283,36.0544641],[139.0762538,36.0542995],[139.0761963,36.0541591],[139.0761225,36.053947],[139.0761087,36.053901],[139.0760754,36.0537947],[139.0761419,36.0537542],[139.0761676,36.0537418],[139.076168,36.0537416],[139.0763302,36.0536805],[139.0763305,36.0536804],[139.0764301,36.0536491],[139.0765344,36.0536216],[139.0765608,36.053615],[139.0766593,36.0537008],[139.0766684,36.0537088],[139.0766814,36.0537202],[139.0767149,36.0537495],[139.0767358,36.0537678],[139.0768538,36.0538602],[139.0768719,36.0538744],[139.0769071,36.0538987],[139.0769599,36.0539351],[139.077043,36.0539777],[139.0770962,36.0540026]]]},"properties":{"layer":"landuse","class_code":"202","class_label":"畑（畑、樹園地、採草地、養鶏（牛・豚）場）"}},{"type":"Feature","id":"luse_3b43e8d7-4f7e-42ca-b4c9-fad4c1d8fe22","geometry":{"type":"Polygon","coordinates":[[[139.0785282,36.0544236],[139.0785216,36.054454],[139.078513,36.0544841],[139.0785023,36.0545138],[139.0784896,36.0545429],[139.0784746,36.0545724],[139.0784533,36.0546204],[139.0784493,36.0546207],[139.0784417,36.0546213],[139.0784374,36.0546205],[139.0783871,36.0545885],[139.0782867,36.0545227],[139.0782793,36.0545139],[139.0782698,36.0544739],[139.0781936,36.0543975],[139.0781762,36.0544088],[139.0781303,36.054407],[139.078129,36.0543583],[139.0780977,36.054248],[139.0780628,36.0542469],[139.0780695,36.0542414],[139.0780704,36.0542406],[139.0780828,36.0542223],[139.0780929,36.0542031],[139.0780992,36.0541877],[139.0781052,36.0541674],[139.0781087,36.0541467],[139.0781099,36.0541258],[139.0781097,36.0541173],[139.0781046,36.0540014],[139.0781033,36.0539433],[139.0781065,36.0539299],[139.0781113,36.0539167],[139.0781175,36.0539041],[139.0781228,36.0538954],[139.0781315,36.0538836],[139.0781399,36.0538745],[139.0781574,36.0538744],[139.0781792,36.0538873],[139.0782276,36.0539174],[139.0782897,36.0539559],[139.078387,36.0540153],[139.0784022,36.0540272],[139.0784176,36.0540408],[139.0784321,36.054055],[139.0784456,36.0540699],[139.0784584,36.0540853],[139.0784699,36.0541014],[139.078473,36.054106],[139.0784831,36.0541228],[139.0784918,36.0541398],[139.0784998,36.0541571],[139.0785063,36.0541748],[139.0785119,36.0541935],[139.0785129,36.0541969],[139.0785216,36.0542272],[139.0785282,36.0542576],[139.0785328,36.0542883],[139.0785353,36.0543191],[139.0785357,36.05435],[139.0785339,36.0543811],[139.0785328,36.0543927],[139.0785282,36.0544236]]]},"properties":{"layer":"landuse","class_code":"202","class_label":"畑（畑、樹園地、採草地、養鶏（牛・豚）場）"}},{"type":"Feature","id":"luse_5db2e916-c69f-425e-8b98-e0af5a181ce1","geometry":{"type":"Polygon","coordinates":[[[139.0759704,36.0544897],[139.0758264,36.0545822],[139.0757697,36.0546202],[139.0757093,36.0545613],[139.0757059,36.0545549],[139.075629,36.0544093],[139.075609,36.0543528],[139.0755827,36.0542781],[139.0756551,36.0542624],[139.0756859,36.0543423],[139.0757677,36.0543258],[139.0757402,36.0542379],[139.075935,36.0541864],[139.0758972,36.0540291],[139.0758978,36.054015],[139.075908,36.0539988],[139.0760101,36.053972],[139.0760848,36.0541869],[139.0761191,36.0542706],[139.0761382,36.0543172],[139.0761813,36.0544911],[139.0761826,36.0544965],[139.0761439,36.0545033],[139.076134,36.054501],[139.0760767,36.0544465],[139.0759704,36.0544897]]]},"properties":{"layer":"landuse","class_code":"202","class_label":"畑（畑、樹園地、採草地、養鶏（牛・豚）場）"}},{"type":"Feature","id":"luse_948cf156-e280-498a-ade7-70b056307ab9","geometry":{"type":"Polygon","coordinates":[[[139.0773761,36.0546569],[139.0773371,36.0546704],[139.0773148,36.0546698],[139.0772611,36.0546417],[139.0771744,36.0545963],[139.0769169,36.0544771],[139.0768257,36.0544352],[139.076824,36.0544303],[139.0768237,36.0544294],[139.0769052,36.0543355],[139.0769709,36.0542848],[139.0770237,36.0542441],[139.0768645,36.0541393],[139.0768651,36.0541387],[139.0768654,36.0541385],[139.0768803,36.0541274],[139.0768953,36.054118],[139.076913,36.0541092],[139.0769313,36.0541017],[139.0769504,36.0540957],[139.0769508,36.0540956],[139.0769703,36.0540912],[139.0769707,36.0540911],[139.0769906,36.0540882],[139.076991,36.0540882],[139.0770015,36.0540873],[139.0770974,36.0540714],[139.0772832,36.0540398],[139.0772835,36.0540397],[139.0773275,36.0540316],[139.0773439,36.0540286],[139.0773442,36.0540285],[139.0773475,36.0540277],[139.0774038,36.0540142],[139.0774205,36.0540096],[139.0774786,36.0539914],[139.0775351,36.0539702],[139.0775547,36.0539618],[139.0775752,36.053953],[139.0775895,36.0539494],[139.0776042,36.0539469],[139.0776131,36.053946],[139.077619,36.0539454],[139.077629,36.0539451],[139.0776294,36.0539451],[139.0776442,36.0539458],[139.0776588,36.0539474],[139.0776592,36.0539475],[139.0776734,36.0539503],[139.0776737,36.0539503],[139.0776878,36.0539543],[139.0776906,36.0539552],[139.0777597,36.0539924],[139.0777942,36.0540141],[139.0778021,36.0540208],[139.077806,36.0540264],[139.0778082,36.0540351],[139.0778105,36.0540502],[139.0778168,36.0541497],[139.0778176,36.054162],[139.0778195,36.0541742],[139.0778233,36.0541863],[139.0778283,36.054198],[139.0778346,36.0542092],[139.0778423,36.0542199],[139.0778511,36.05423],[139.0778549,36.0542337],[139.0778608,36.0542388],[139.0777741,36.0543275],[139.077673,36.0544639],[139.0775069,36.0544796],[139.0773761,36.0546569]]]},"properties":{"layer":"landuse","class_code":"202","class_label":"畑（畑、樹園地、採草地、養鶏（牛・豚）場）"}},{"type":"Feature","id":"luse_727606db-a53f-4c9a-a52d-d2088857cc15","geometry":{"type":"Polygon","coordinates":[[[139.0788486,36.0549964],[139.0788482,36.0549965],[139.0788317,36.0549999],[139.0787486,36.0550465],[139.0787302,36.0550562],[139.0787298,36.0550562],[139.0787215,36.0550587],[139.0787017,36.0550614],[139.0787013,36.0550615],[139.0786859,36.0550626],[139.0786688,36.0550625],[139.0786685,36.0550624],[139.0786496,36.0550595],[139.0786331,36.0550529],[139.078603,36.0550336],[139.0785775,36.0550152],[139.07853,36.0549893],[139.0785005,36.0549723],[139.0784857,36.0549551],[139.0784809,36.054954],[139.0785348,36.0548248],[139.078625,36.0546194],[139.0786402,36.0545897],[139.0786557,36.0545539],[139.0786688,36.0545173],[139.0786795,36.0544802],[139.0786876,36.0544427],[139.0786931,36.0544058],[139.0786948,36.0543894],[139.0786968,36.0543523],[139.0786963,36.0543142],[139.0786932,36.0542762],[139.0786877,36.0542384],[139.0786795,36.054201],[139.0786693,36.0541652],[139.078668,36.0541613],[139.0786618,36.0541406],[139.0786527,36.054116],[139.0786419,36.054092],[139.0786383,36.054085],[139.0786296,36.0540684],[139.0786163,36.0540463],[139.0786106,36.0540376],[139.0785995,36.0540222],[139.0785746,36.0539825],[139.078565,36.0539676],[139.0786252,36.053994],[139.0787521,36.0540518],[139.0787917,36.0540589],[139.0788243,36.0540592],[139.0788335,36.0540551],[139.0788564,36.054015],[139.0789682,36.0538196],[139.0791257,36.053889],[139.0792338,36.0539344],[139.0793811,36.0540058],[139.0793955,36.054014],[139.0794091,36.054023],[139.0794222,36.0540328],[139.0794264,36.0540361],[139.0794383,36.0540468],[139.0794495,36.0540579],[139.0794595,36.0540696],[139.0794687,36.0540818],[139.0794771,36.0540945],[139.0794843,36.0541078],[139.0794847,36.0541087],[139.0795747,36.0542662],[139.079629,36.0543644],[139.0796337,36.0543742],[139.0796326,36.0543805],[139.0796318,36.0543848],[139.0796299,36.0543865],[139.0796234,36.0543894],[139.0795405,36.0544236],[139.0795074,36.0544454],[139.079477,36.0544679],[139.0794485,36.054492],[139.0794284,36.0545108],[139.0794032,36.0545372],[139.0793803,36.054565],[139.0793592,36.0545939],[139.0793409,36.0546238],[139.0793247,36.0546545],[139.0793161,36.0546737],[139.0793051,36.0546905],[139.0792946,36.0547093],[139.0792856,36.0547284],[139.0792834,36.0547338],[139.0792764,36.0547534],[139.0792708,36.0547737],[139.0792669,36.054794],[139.0792643,36.0548146],[139.079264,36.0548246],[139.0792637,36.0548365],[139.0792651,36.0548413],[139.0792655,36.0548438],[139.0792658,36.0548462],[139.0792659,36.0548486],[139.0792658,36.0548512],[139.0792655,36.0548536],[139.0792649,36.054856],[139.0792642,36.0548584],[139.0792633,36.0548609],[139.0792634,36.0548614],[139.0792621,36.0548638],[139.0792609,36.0548661],[139.0792594,36.0548682],[139.0792578,36.0548703],[139.0792559,36.0548723],[139.0792554,36.0548728],[139.0792541,36.0548742],[139.0792521,36.054876],[139.0792497,36.0548776],[139.0792474,36.0548792],[139.0792451,36.0548807],[139.0792426,36.054882],[139.0792398,36.0548832],[139.0792368,36.0548843],[139.079124,36.0549352],[139.0789735,36.0550052],[139.0789329,36.055022],[139.0789047,36.0550095],[139.0789019,36.0550081],[139.0788891,36.0550018],[139.0788759,36.0549982],[139.0788617,36.0549958],[139.0788614,36.0549957],[139.0788486,36.0549964]]]},"properties":{"layer":"landuse","class_code":"202","class_label":"畑（畑、樹園地、採草地、養鶏（牛・豚）場）"}},{"type":"Feature","id":"luse_59f4b744-33c7-43c7-9a12-4fae6f797f2e","geometry":{"type":"Polygon","coordinates":[[[139.0768621,36.0552726],[139.0768541,36.0552727],[139.0768354,36.0552728],[139.0768209,36.0552731],[139.0768162,36.0552732],[139.0768158,36.0552732],[139.0767396,36.0552804],[139.0767367,36.0552748],[139.0765998,36.0550042],[139.0764949,36.0547977],[139.0764897,36.0547875],[139.0765947,36.0547399],[139.0767341,36.0546618],[139.0768512,36.0546113],[139.0769845,36.0546583],[139.0770161,36.0546726],[139.0771325,36.0546927],[139.0772353,36.0548659],[139.0772549,36.0548615],[139.0772793,36.0548562],[139.077305,36.0549338],[139.0773662,36.0551127],[139.0772463,36.0551374],[139.0772912,36.0552658],[139.0772575,36.0552674],[139.0771857,36.0552709],[139.0771684,36.0552718],[139.0771624,36.0552721],[139.0771621,36.0552721],[139.0769369,36.0552732],[139.0768625,36.0552726],[139.0768621,36.0552726]]]},"properties":{"layer":"landuse","class_code":"202","class_label":"畑（畑、樹園地、採草地、養鶏（牛・豚）場）"}},{"type":"Feature","id":"luse_2d3d5bdb-42c8-42f3-a6ab-dfaa744bd667","geometry":{"type":"Polygon","coordinates":[[[139.0771604,36.0555186],[139.077143,36.0555229],[139.077127,36.0555298],[139.0771027,36.0555468],[139.0770924,36.0555617],[139.0770685,36.0556328],[139.077002,36.0556186],[139.0769609,36.0556149],[139.0769012,36.055611],[139.0769005,36.0556095],[139.0767677,36.0553356],[139.0767557,36.0553119],[139.0768198,36.0553002],[139.0768202,36.0553002],[139.0768244,36.0553001],[139.0768358,36.0552999],[139.0768361,36.0552999],[139.0768541,36.0552997],[139.0768621,36.0552997],[139.0768626,36.0552997],[139.0768909,36.0552998],[139.0769369,36.0553002],[139.0770876,36.0552995],[139.0771632,36.0552991],[139.0771636,36.0552991],[139.0771771,36.0552984],[139.0772127,36.0552967],[139.0772929,36.0552927],[139.0772933,36.0552927],[139.0773079,36.0553122],[139.0773211,36.0553173],[139.0773409,36.0553182],[139.0773599,36.0553176],[139.0775716,36.0552874],[139.0775671,36.0553663],[139.0775653,36.0553866],[139.0775614,36.0553985],[139.0775544,36.0554096],[139.0775497,36.0554204],[139.0775505,36.0554277],[139.0775553,36.0554411],[139.0775732,36.0554886],[139.077496,36.055498],[139.0774693,36.0555014],[139.0774462,36.0555069],[139.0774272,36.0555107],[139.0774093,36.0555153],[139.0773922,36.0555211],[139.0773706,36.0555248],[139.077342,36.0555267],[139.0773028,36.0555267],[139.0772439,36.0555223],[139.0772091,36.0555189],[139.0771756,36.0555176],[139.0771604,36.0555186]]]},"properties":{"layer":"landuse","class_code":"202","class_label":"畑（畑、樹園地、採草地、養鶏（牛・豚）場）"}},{"type":"Feature","id":"luse_638062e1-8da3-493d-b185-ca0d38446b7b","geometry":{"type":"Polygon","coordinates":[[[139.0787676,36.0557311],[139.0787632,36.0557688],[139.0787571,36.0558382],[139.0787535,36.055866],[139.0787509,36.0558897],[139.0787532,36.0559431],[139.0787458,36.0559435],[139.0787351,36.0559447],[139.0787245,36.0559465],[139.0787144,36.0559487],[139.078714,36.0559488],[139.0787067,36.0559508],[139.0786034,36.0559818],[139.0785919,36.0559851],[139.0784933,36.056013],[139.0784855,36.0560084],[139.0784852,36.0560034],[139.0784869,36.0559955],[139.0784893,36.0559839],[139.0784915,36.0559718],[139.0784907,36.0559519],[139.0784898,36.0559489],[139.078488,36.0559423],[139.0784866,36.0559356],[139.0784856,36.0559288],[139.0784853,36.055922],[139.0784852,36.0559152],[139.0784857,36.0559084],[139.0784867,36.0559017],[139.0784881,36.0558949],[139.0784899,36.0558883],[139.0784921,36.0558818],[139.0784948,36.0558753],[139.0784973,36.0558703],[139.0785008,36.0558642],[139.0785046,36.0558581],[139.0785089,36.0558522],[139.0785136,36.0558466],[139.0785187,36.0558412],[139.078524,36.0558359],[139.0785297,36.055831],[139.0785359,36.0558264],[139.0786209,36.0557625],[139.0787762,36.055653],[139.0787676,36.0557311]]]},"properties":{"layer":"landuse","class_code":"202","class_label":"畑（畑、樹園地、採草地、養鶏（牛・豚）場）"}},{"type":"Feature","id":"luse_4564d390-e07d-4fef-a1a1-319cd25727be","geometry":{"type":"Polygon","coordinates":[[[139.079292,36.0559995],[139.0789144,36.0560387],[139.0789086,36.0560067],[139.0788978,36.0559949],[139.0788908,36.0559882],[139.0788833,36.055982],[139.0788819,36.055981],[139.0788753,36.055976],[139.0788667,36.0559705],[139.0788579,36.0559655],[139.0788487,36.0559608],[139.0788391,36.0559568],[139.0788293,36.0559532],[139.0788193,36.0559501],[139.0788099,36.0559478],[139.0788,36.0559457],[139.0788381,36.0559351],[139.0788541,36.055925],[139.0789164,36.0558506],[139.0789482,36.0557975],[139.0789699,36.0557313],[139.0792943,36.0557918],[139.079292,36.0559995]]]},"properties":{"layer":"landuse","class_code":"202","class_label":"畑（畑、樹園地、採草地、養鶏（牛・豚）場）"}},{"type":"Feature","id":"luse_bdc8862d-4688-4251-ba24-714ae751bb50","geometry":{"type":"Polygon","coordinates":[[[139.0789626,36.0555677],[139.0789545,36.055568],[139.0789492,36.0555684],[139.0789389,36.0555693],[139.0789386,36.0555693],[139.0789231,36.0555713],[139.0789119,36.0555731],[139.0788966,36.0555763],[139.0788815,36.0555801],[139.0788668,36.0555847],[139.0788522,36.0555898],[139.078838,36.0555955],[139.0788376,36.0555956],[139.078824,36.055602],[139.0788107,36.055609],[139.0787978,36.0556166],[139.0787856,36.0556247],[139.0787817,36.0556275],[139.0786073,36.0557504],[139.078522,36.0558145],[139.0785156,36.0558196],[139.0785092,36.0558252],[139.078503,36.055831],[139.0784971,36.0558372],[139.0784919,36.0558436],[139.078487,36.0558502],[139.0784828,36.055857],[139.0784788,36.055864],[139.0784761,36.0558697],[139.078473,36.055877],[139.0784705,36.0558843],[139.0784685,36.0558918],[139.0784667,36.0558994],[139.0784656,36.055907],[139.0784651,36.0559148],[139.0784653,36.0559224],[139.0784658,36.0559301],[139.0784668,36.0559378],[139.0784683,36.0559454],[139.0784703,36.0559528],[139.0784709,36.0559542],[139.0784713,36.0559709],[139.0784696,36.0559813],[139.078467,36.0559929],[139.0784653,36.0560024],[139.0784645,36.0560127],[139.0784568,36.0560234],[139.0784339,36.0560299],[139.0781732,36.0561114],[139.0780592,36.0561436],[139.0780581,36.0561393],[139.0780478,36.0561003],[139.0780456,36.0560922],[139.0780444,36.0560819],[139.078041,36.0560538],[139.078039,36.0560347],[139.0780426,36.0559915],[139.0780454,36.055975],[139.078048,36.0559585],[139.0780515,36.0559443],[139.0780557,36.0559331],[139.07806,36.0559188],[139.0780627,36.0559061],[139.0780653,36.0558921],[139.0780678,36.0558747],[139.0780695,36.055862],[139.0780795,36.0558452],[139.0780872,36.0558343],[139.0780929,36.0558258],[139.0781095,36.055813],[139.0781276,36.0558068],[139.0781326,36.0557939],[139.0781679,36.0557674],[139.0781448,36.0557628],[139.0781017,36.0557542],[139.0781078,36.0557323],[139.0781134,36.0557123],[139.0781198,36.0556918],[139.0781601,36.0555828],[139.0781707,36.0555474],[139.0781817,36.0555125],[139.0781873,36.0554928],[139.0781952,36.0554677],[139.0782027,36.0554482],[139.0782085,36.0554343],[139.0782267,36.0553894],[139.0782317,36.0553739],[139.0782363,36.0553615],[139.0782536,36.0553288],[139.0782584,36.0553081],[139.0782668,36.0552848],[139.0782763,36.0552664],[139.0782845,36.0552456],[139.0783057,36.0552207],[139.078341,36.0551715],[139.0783567,36.0551409],[139.0783645,36.0551285],[139.0783746,36.0551049],[139.0783789,36.0550863],[139.0783817,36.0550691],[139.0783854,36.0550546],[139.0783924,36.0550429],[139.0784162,36.0550136],[139.0784531,36.0549709],[139.0784779,36.0549768],[139.0784966,36.0549848],[139.0785242,36.054997],[139.0785707,36.0550223],[139.0785957,36.0550405],[139.0786271,36.0550606],[139.0786459,36.0550681],[139.0786462,36.0550682],[139.0786674,36.0550714],[139.0786677,36.0550715],[139.0786862,36.0550716],[139.0787029,36.0550705],[139.0787245,36.0550675],[139.0787348,36.0550643],[139.0787352,36.0550642],[139.0787547,36.055054],[139.0788365,36.0550081],[139.0788501,36.0550054],[139.0788607,36.0550048],[139.0788728,36.0550069],[139.0788731,36.055007],[139.0788844,36.0550099],[139.0788938,36.0550146],[139.0789003,36.0550232],[139.0789165,36.0550448],[139.078917,36.0550573],[139.0789795,36.0551772],[139.0790815,36.0553784],[139.0791359,36.0554585],[139.079141,36.055469],[139.0791473,36.0554867],[139.0791504,36.0555017],[139.0791535,36.0555215],[139.0791577,36.0555441],[139.0791581,36.055545],[139.0791738,36.0555805],[139.0791784,36.0555882],[139.0790329,36.0555721],[139.0790325,36.055572],[139.0790182,36.05557],[139.0790178,36.0555699],[139.0790022,36.0555684],[139.0789863,36.0555676],[139.0789756,36.0555675],[139.0789704,36.0555674],[139.0789626,36.0555677]]]},"properties":{"layer":"landuse","class_code":"202","class_label":"畑（畑、樹園地、採草地、養鶏（牛・豚）場）"}},{"type":"Feature","id":"luse_d213d8ab-c2bf-4d6c-b225-03addab33991","geometry":{"type":"Polygon","coordinates":[[[139.0776885,36.0564388],[139.0775243,36.0564109],[139.0774425,36.0563918],[139.0774321,36.0563873],[139.0774233,36.0563744],[139.077421,36.05636],[139.0774268,36.0563234],[139.0774408,36.0562879],[139.0774563,36.0562542],[139.0774914,36.0562061],[139.0775118,36.0561919],[139.0775679,36.0561707],[139.0776042,36.0561501],[139.0776568,36.0561744],[139.077781,36.0562288],[139.0778618,36.0562643],[139.0779236,36.0562832],[139.0779691,36.0562942],[139.0780002,36.0562995],[139.078043,36.0563389],[139.0780516,36.0563553],[139.0780628,36.0563724],[139.0780586,36.0563831],[139.0780536,36.0563885],[139.0780388,36.0563973],[139.0779576,36.0564108],[139.0778665,36.0564252],[139.0778365,36.0564341],[139.0778077,36.0564338],[139.0776885,36.0564388]]]},"properties":{"layer":"landuse","class_code":"202","class_label":"畑（畑、樹園地、採草地、養鶏（牛・豚）場）"}},{"type":"Feature","id":"luse_0d7810c4-82ac-4c43-8c97-2646b1407438","geometry":{"type":"Polygon","coordinates":[[[139.0779658,36.0565305],[139.0779375,36.0565355],[139.0779245,36.0565385],[139.0778932,36.0566323],[139.0778785,36.0566378],[139.077861,36.0566383],[139.0777285,36.0566066],[139.077734,36.056599],[139.0777584,36.0565371],[139.077766,36.0565175],[139.0777776,36.0564899],[139.0777786,36.0564876],[139.0777825,36.0564801],[139.077792,36.0564734],[139.077804,36.0564682],[139.0778164,36.0564639],[139.077874,36.0564469],[139.077963,36.0564329],[139.078062,36.0564164],[139.0780624,36.0564164],[139.0780686,36.0564165],[139.0780773,36.0564179],[139.0780777,36.056418],[139.0781116,36.056429],[139.0781173,36.0564345],[139.0781315,36.0564468],[139.078153,36.056463],[139.0781759,36.0564782],[139.0781989,36.0564913],[139.078278,36.0565363],[139.0781912,36.0566011],[139.0781735,36.0566066],[139.0781615,36.056606],[139.0780137,36.0565325],[139.0780022,36.0565284],[139.0779883,36.0565275],[139.0779658,36.0565305]]]},"properties":{"layer":"landuse","class_code":"202","class_label":"畑（畑、樹園地、採草地、養鶏（牛・豚）場）"}},{"type":"Feature","id":"luse_be5131d6-4231-4267-8d0b-165cc137856e","geometry":{"type":"Polygon","coordinates":[[[139.0807704,36.0574643],[139.0807714,36.0574909],[139.0807769,36.0575115],[139.0807857,36.0575271],[139.0807732,36.0575304],[139.0807301,36.057542],[139.0806282,36.0575713],[139.0804263,36.0574205],[139.080339,36.0575168],[139.080261,36.0574451],[139.0801644,36.0573685],[139.080068,36.0572919],[139.0800453,36.0572729],[139.0800252,36.0572638],[139.0799851,36.0572468],[139.07993,36.0572236],[139.0799611,36.057208],[139.0799641,36.0572059],[139.079989,36.0571893],[139.0800265,36.0571503],[139.0800413,36.0571353],[139.0800474,36.0571224],[139.0802177,36.0571923],[139.0804153,36.057074],[139.0806386,36.0572228],[139.0806769,36.0572549],[139.0806812,36.0572607],[139.0806862,36.0572695],[139.0807382,36.0573823],[139.0807527,36.0574137],[139.0807704,36.0574643]]]},"properties":{"layer":"landuse","class_code":"202","class_label":"畑（畑、樹園地、採草地、養鶏（牛・豚）場）"}},{"type":"Feature","id":"luse_f53eaae8-367c-408b-885b-9da3937529de","geometry":{"type":"Polygon","coordinates":[[[139.0775029,36.0577173],[139.077498,36.057731],[139.0772127,36.05771],[139.0772296,36.0576365],[139.0771467,36.0576265],[139.0771341,36.0576266],[139.077118,36.0576287],[139.0771054,36.0576318],[139.0770962,36.0576367],[139.0770879,36.0576423],[139.0770684,36.0576636],[139.0770103,36.0576632],[139.0770017,36.0576916],[139.0768368,36.0576816],[139.0767901,36.0576188],[139.0767647,36.0576313],[139.0767661,36.0576332],[139.0766882,36.0576371],[139.0766937,36.0575849],[139.0767016,36.0575858],[139.0768187,36.0575697],[139.0770016,36.0575763],[139.0770193,36.0575579],[139.0775354,36.0576066],[139.0775029,36.0577173]]]},"properties":{"layer":"landuse","class_code":"202","class_label":"畑（畑、樹園地、採草地、養鶏（牛・豚）場）"}},{"type":"Feature","id":"luse_d818c2e2-985e-4726-896e-c0a8fa9f0d7b","geometry":{"type":"Polygon","coordinates":[[[139.0766434,36.0581903],[139.0766401,36.0581903],[139.0764785,36.0581919],[139.0763803,36.0581933],[139.0763774,36.0581041],[139.0760145,36.0579812],[139.0760423,36.0579073],[139.076195,36.0579519],[139.0764297,36.0579974],[139.0764481,36.0579242],[139.076597,36.0579493],[139.0766187,36.0579538],[139.0766382,36.057973],[139.0766434,36.0581903]]]},"properties":{"layer":"landuse","class_code":"202","class_label":"畑（畑、樹園地、採草地、養鶏（牛・豚）場）"}},{"type":"Feature","id":"luse_6c6c7989-b054-4377-8dfe-15373c010100","geometry":{"type":"Polygon","coordinates":[[[139.0756469,36.0578302],[139.0756507,36.0578382],[139.0756554,36.0578461],[139.075661,36.0578534],[139.0756674,36.0578604],[139.075673,36.0578655],[139.0757158,36.0578925],[139.0757901,36.0580071],[139.0758201,36.0580578],[139.0758271,36.0581007],[139.0758281,36.0581265],[139.0758279,36.0581486],[139.0758268,36.0581634],[139.0758235,36.0581947],[139.0758153,36.0582191],[139.0758035,36.0582339],[139.0757849,36.0582575],[139.0757106,36.0582845],[139.0756498,36.0583067],[139.0755634,36.0583305],[139.0755042,36.0582528],[139.0753654,36.0580244],[139.0751957,36.0579085],[139.075,36.05786734087302],[139.075,36.0577237181416],[139.0750115,36.0576968],[139.075,36.05769424556629],[139.075,36.05758777136775],[139.0750574,36.0576072],[139.0751319,36.0576096],[139.075325,36.0576113],[139.0753063,36.057688],[139.0752582,36.0577839],[139.0754396,36.0578218],[139.0754724,36.0577075],[139.0754431,36.0577063],[139.0754729,36.0575801],[139.0754515,36.0575294],[139.0754675,36.0574723],[139.0755216,36.0574745],[139.0755777,36.0574787],[139.075578,36.0574788],[139.0755984,36.0574808],[139.075613,36.0575027],[139.0756724,36.0575782],[139.0756794,36.0575853],[139.0756876,36.057594],[139.0756947,36.0576034],[139.0757007,36.0576132],[139.0757055,36.0576234],[139.0757092,36.0576341],[139.0757115,36.0576448],[139.0757125,36.0576555],[139.0757126,36.0576584],[139.0757122,36.0576692],[139.0757103,36.0576801],[139.0757073,36.0576908],[139.075703,36.0577011],[139.0756976,36.0577112],[139.0756909,36.0577208],[139.0756832,36.0577297],[139.0756744,36.057738],[139.0756685,36.057743],[139.0756621,36.0577496],[139.0756564,36.0577569],[139.0756514,36.0577647],[139.0756476,36.0577728],[139.0756446,36.0577812],[139.0756431,36.0577872],[139.0756418,36.0577959],[139.0756416,36.0578045],[139.0756424,36.0578132],[139.0756441,36.0578218],[139.0756469,36.0578302]]]},"properties":{"layer":"landuse","class_code":"202","class_label":"畑（畑、樹園地、採草地、養鶏（牛・豚）場）"}},{"type":"Feature","id":"luse_f2193e9b-d662-4da3-9d5e-aa9956e0ea3f","geometry":{"type":"Polygon","coordinates":[[[139.080052,36.0581794],[139.0800556,36.058195],[139.0800498,36.0582187],[139.0800413,36.05823],[139.0800293,36.0582392],[139.0800147,36.058245],[139.0799859,36.058249],[139.0799178,36.0582543],[139.0799320369515,36.05833333333333],[139.07965477117986,36.05833333333333],[139.0796403,36.0582554],[139.0796499,36.0582539],[139.0797257,36.0582461],[139.0798496,36.0582324],[139.0798524,36.0582316],[139.0798674,36.0582272],[139.0798895,36.058218],[139.0799773,36.0581445],[139.0799798,36.0581423],[139.080052,36.0581794]]]},"properties":{"layer":"landuse","class_code":"202","class_label":"畑（畑、樹園地、採草地、養鶏（牛・豚）場）"}},{"type":"Feature","id":"luse_663cabb3-73f8-40ed-b784-4129be5250f8","geometry":{"type":"Polygon","coordinates":[[[139.07593077912776,36.05833333333333],[139.0759816,36.0583149],[139.0760149,36.0582948],[139.0760228,36.0582835],[139.0760686,36.0582704],[139.0760845,36.0582659],[139.076095482,36.05833333333333],[139.07593077912776,36.05833333333333]]]},"properties":{"layer":"landuse","class_code":"202","class_label":"畑（畑、樹園地、採草地、養鶏（牛・豚）場）"}},{"type":"Feature","id":"luse_c02a4e09-79bb-4135-939b-a9e1efc0f878","geometry":{"type":"Polygon","coordinates":[[[139.0778438,36.0582093],[139.0778444200375,36.05833333333333],[139.07744595369158,36.05833333333333],[139.0774454,36.0583237],[139.0774347,36.0581515],[139.0774378,36.0581107],[139.077624,36.0581374],[139.0776244,36.0581374],[139.0776923,36.058155],[139.077809,36.0581981],[139.0778094,36.0581982],[139.0778438,36.0582093]]]},"properties":{"layer":"landuse","class_code":"202","class_label":"畑（畑、樹園地、採草地、養鶏（牛・豚）場）"}},{"type":"Feature","id":"luse_71fcb444-692a-4907-af2c-0cf635115fe3","geometry":{"type":"Polygon","coordinates":[[[139.07742599495708,36.05833333333333],[139.0768471916954,36.05833333333333],[139.0768397,36.0582699],[139.0774213,36.0582585],[139.0774255,36.0583246],[139.07742599495708,36.05833333333333]]]},"properties":{"layer":"landuse","class_code":"202","class_label":"畑（畑、樹園地、採草地、養鶏（牛・豚）場）"}},{"type":"Feature","id":"luse_d3c8532c-d92b-40d4-9295-68ac30914eec","geometry":{"type":"Polygon","coordinates":[[[139.0763487115072,36.05833333333333],[139.0763447,36.0582208],[139.0763558,36.0582207],[139.0764092,36.0582199],[139.0764789,36.058219],[139.0765058,36.0582187],[139.0766404,36.0582173],[139.0767397,36.0582168],[139.0767466,36.0582167],[139.0767557,36.0582203],[139.0767591,36.0582228],[139.0767603,36.0582238],[139.0767652,36.0582294],[139.0767684,36.0582331],[139.0767708,36.0582529],[139.07678023580107,36.05833333333333],[139.0763487115072,36.05833333333333]]]},"properties":{"layer":"landuse","class_code":"202","class_label":"畑（畑、樹園地、採草地、養鶏（牛・豚）場）"}},{"type":"Feature","id":"luse_5acfd6c3-cf60-4429-bffb-f58335637c4a","geometry":{"type":"MultiPolygon","coordinates":[[[[139.0812039365816,36.05833333333333],[139.0811732,36.0582704],[139.0812306,36.0582427],[139.0812646,36.0582225],[139.0812758,36.0582036],[139.0812829,36.0581853],[139.0814579,36.058193],[139.081497,36.0582731],[139.0816324,36.0582657],[139.0817053,36.0582504],[139.08169,36.0580506],[139.0816927,36.0580154],[139.0816987,36.057978],[139.0817329,36.057861],[139.0817391,36.0578636],[139.0817545,36.0578691],[139.0817703,36.057874],[139.0817864,36.0578781],[139.0817967,36.0578802],[139.0818026,36.0578815],[139.0818029,36.0578816],[139.0818188,36.0578842],[139.0818191,36.0578842],[139.0818213,36.0578846],[139.0818217,36.0578846],[139.0818377,36.0578864],[139.0818381,36.0578864],[139.0818547,36.0578875],[139.0818715,36.0578879],[139.0818882,36.0578875],[139.0818886,36.0578875],[139.0819051,36.0578864],[139.0819055,36.0578864],[139.0819218,36.0578846],[139.0819221,36.0578845],[139.0819384,36.057882],[139.0819387,36.0578819],[139.0819549,36.0578786],[139.081971,36.0578746],[139.0819868,36.0578698],[139.082002,36.0578645],[139.0820023,36.0578644],[139.0820114,36.0578608],[139.0820117,36.0578608],[139.0820312,36.0578479],[139.0820481,36.0578379],[139.0820519,36.057836],[139.0820732,36.0578943],[139.0820763,36.0579983],[139.0820722,36.0580395],[139.0820925,36.0581018],[139.0821393,36.058087],[139.0823064,36.0580023],[139.0822948,36.0578692],[139.0823123,36.0577722],[139.0823971,36.0577596],[139.0825853,36.0577325],[139.0825857,36.0577325],[139.0826596,36.0577228],[139.0827078,36.0577164],[139.0827082,36.0577164],[139.0827889,36.0576087],[139.0827647,36.057724],[139.0827767,36.0578077],[139.083069,36.0578294],[139.0829919,36.0580888],[139.0831563,36.05812],[139.0832804,36.0579289],[139.0833511,36.0578264],[139.0834041,36.057728],[139.0834099,36.0576785],[139.0833695,36.0575672],[139.0833757,36.0575565],[139.0833811,36.0575471],[139.0833987,36.0575167],[139.0834054,36.0575108],[139.0834166,36.057509],[139.0835308,36.0575304],[139.0835312,36.0575305],[139.0836345,36.0575526],[139.083645,36.0575558],[139.0836568,36.0575701],[139.0836591,36.0575785],[139.0836574,36.0575911],[139.0836552,36.0576006],[139.0836546,36.0576037],[139.0836561,36.057754],[139.0836558,36.0578513],[139.083655,36.0578797],[139.0836529,36.0578975],[139.0836413,36.0579343],[139.0835976,36.0580233],[139.0833329,36.0580015],[139.0832708,36.0582355],[139.083525,36.0582707],[139.0835219,36.058274],[139.0834754,36.0583245],[139.08346784315992,36.05833333333333],[139.08280779508198,36.05833333333333],[139.0827887,36.0583312],[139.0827182,36.0583261],[139.082682,36.0583254],[139.0826776024636,36.05833333333333],[139.0812039365816,36.05833333333333]]],[[[139.0830726,36.0583012],[139.0830778,36.0583028],[139.0831777626327,36.05833333333333],[139.08318098271195,36.05833333333333],[139.0832339,36.0582135],[139.0831268,36.0581948],[139.0830726,36.0583012]]]]},"properties":{"layer":"landuse","class_code":"202","class_label":"畑（畑、樹園地、採草地、養鶏（牛・豚）場）"}},{"type":"Feature","id":"luse_fa1df64e-d13a-480c-ba29-f3f1e25d065b","geometry":{"type":"Polygon","coordinates":[[[139.07840573822668,36.05833333333333],[139.0785039,36.0582677],[139.0787245,36.0581343],[139.078525,36.0578677],[139.0785228,36.0578358],[139.0785264,36.0577713],[139.0785295,36.0577304],[139.0785295,36.057696],[139.0785249,36.0576736],[139.0785182,36.0576546],[139.0784273,36.0575032],[139.0784324,36.0574994],[139.0785601,36.0574232],[139.0785806,36.0574101],[139.0787004,36.0573256],[139.0787382,36.0572962],[139.0787556,36.0572846],[139.0787721,36.0572721],[139.0787873,36.0572586],[139.0788013,36.0572442],[139.0788139,36.0572291],[139.0788252,36.0572133],[139.0788352,36.0571969],[139.0788436,36.0571799],[139.0788505,36.0571624],[139.0788559,36.0571447],[139.0788597,36.0571267],[139.0788619,36.0571085],[139.0788625,36.0570902],[139.0788614,36.0570719],[139.0788588,36.0570538],[139.0788547,36.0570358],[139.0788489,36.0570182],[139.0788416,36.0570009],[139.0788367,36.0569911],[139.0788277,36.0569578],[139.0788158,36.0569251],[139.078801,36.0568932],[139.0787843,36.0568634],[139.0787642,36.0568335],[139.0787414,36.0568047],[139.0787163,36.0567775],[139.0786889,36.0567517],[139.0786592,36.0567275],[139.0786342,36.0567096],[139.078484,36.0566203],[139.0784657,36.0566099],[139.078218,36.0564691],[139.0781959,36.0564565],[139.0781849,36.0564492],[139.0781747,36.0564426],[139.078155,36.0564276],[139.0781421,36.0564166],[139.0781247,36.0563997],[139.0781197,36.056394],[139.0781088,36.0563818],[139.0780945,36.0563631],[139.0780819,36.0563436],[139.078071,36.0563234],[139.0780618,36.0563027],[139.0780611,36.0563007],[139.0780767,36.056323],[139.0780938,36.0563445],[139.0781123,36.0563652],[139.0781322,36.056385],[139.0781533,36.056404],[139.0781563,36.0564065],[139.0781789,36.0564244],[139.0782026,36.0564412],[139.0782275,36.0564569],[139.0782504,36.05647],[139.078495,36.0566055],[139.0785277,36.0566236],[139.0787411,36.0567458],[139.0787942,36.0567702],[139.0788008,36.0567735],[139.0788178,36.056782],[139.0788285,36.0567919],[139.0788339,36.0567973],[139.0788407,36.056804],[139.0788485,36.0568106],[139.0788784,36.0568354],[139.0788876,36.0568434],[139.0789041,36.0568535],[139.0789181,36.056863],[139.078936,36.0568752],[139.0789495,36.0568865],[139.0789634,36.0568981],[139.0789804,36.0569155],[139.07899,36.0569268],[139.0790023,36.0569495],[139.0790037,36.0569616],[139.0790038,36.0569762],[139.0790024,36.0569899],[139.0790008,36.0570017],[139.0789957,36.0570376],[139.0790192,36.0570383],[139.0790673,36.0570396],[139.0790989,36.0570894],[139.0791039,36.0571011],[139.0791096,36.057118],[139.0791156,36.0571359],[139.0791225,36.0571599],[139.0791344,36.0571966],[139.0791427,36.0572154],[139.0791737,36.0572526],[139.0792071,36.0573037],[139.0792146,36.0573236],[139.0792197,36.0573459],[139.0792219,36.0573609],[139.0792257,36.0573757],[139.0792287,36.057393],[139.0792303,36.0574059],[139.0792334,36.0574355],[139.0792364,36.0574552],[139.0792377,36.057481],[139.0792366,36.0575343],[139.0792343,36.0575624],[139.0792314,36.0575917],[139.0792297,36.0576133],[139.0792263,36.0576422],[139.0792248,36.0576516],[139.0792226,36.0576651],[139.0792177,36.0576886],[139.0792114,36.0577118],[139.0791987,36.0577573],[139.0791923,36.0577825],[139.0791667,36.0577872],[139.0791354,36.057793],[139.0791384,36.0578432],[139.0790222,36.0580132],[139.07901,36.0580325],[139.0789992,36.0580522],[139.0789896,36.0580723],[139.0789816,36.058093],[139.0789748,36.0581139],[139.0789695,36.0581351],[139.0789656,36.0581565],[139.0789636,36.0581746],[139.0789624,36.0581962],[139.0789626,36.0582178],[139.0789643,36.0582394],[139.0789674,36.0582609],[139.078972,36.0582822],[139.0789781,36.0583033],[139.0789855,36.058324],[139.07898950650406,36.05833333333333],[139.07840573822668,36.05833333333333]]]},"properties":{"layer":"landuse","class_code":"202","class_label":"畑（畑、樹園地、採草地、養鶏（牛・豚）場）"}},{"type":"Feature","id":"luse_b297c6cd-bff0-4794-96ad-de5309961a00","geometry":{"type":"Polygon","coordinates":[[[139.0757488,36.0514716],[139.0757388,36.0514877],[139.0756837,36.0515801],[139.0756027,36.0517157],[139.0755994,36.0517325],[139.0755982,36.0517472],[139.0755983,36.0517619],[139.0755991,36.0517709],[139.0756016,36.0517855],[139.0756056,36.0517999],[139.075611,36.051814],[139.0756177,36.0518278],[139.0756258,36.051841],[139.0756354,36.0518537],[139.075646,36.0518655],[139.0756541,36.0518736],[139.0757,36.051903],[139.0757405,36.0519337],[139.0757446,36.0519373],[139.0757792,36.0519686],[139.0757817,36.0519709],[139.0758036,36.051994],[139.0758202,36.0520508],[139.0758487,36.0521489],[139.0758477,36.0521594],[139.0758369,36.052154],[139.0758061,36.0521364],[139.0757779,36.0521179],[139.0757763,36.0521169],[139.075699,36.0520634],[139.0756131,36.0519965],[139.0755325,36.0519252],[139.0754921,36.0518857],[139.0754204,36.0518084],[139.075354,36.0517264],[139.0753493,36.051721],[139.0753401,36.0517115],[139.07533,36.0517025],[139.0753192,36.0516938],[139.0753076,36.0516858],[139.0752957,36.0516784],[139.075283,36.0516716],[139.0752701,36.0516656],[139.0752686,36.0516649],[139.0752606,36.0516615],[139.075247,36.0516567],[139.0752481,36.0516194],[139.0752523,36.0515728],[139.0752724,36.0513814],[139.0752746,36.0513602],[139.0751909,36.0512837],[139.0751551,36.0512413],[139.0751379,36.0512218],[139.0751018,36.051194],[139.075,36.05111566867832],[139.075,36.05056862632522],[139.0750631,36.0506675],[139.0750892,36.05071],[139.0750745,36.0507164],[139.0751016,36.0507302],[139.0752262,36.0509331],[139.0753896,36.0511819],[139.0754226,36.0512237],[139.0754577,36.0512632],[139.0754956,36.0513009],[139.0755353,36.0513363],[139.0755537,36.0513514],[139.0755968,36.0513841],[139.0756429,36.0514153],[139.0756904,36.051444],[139.0757288,36.0514651],[139.0757488,36.0514716]]]},"properties":{"layer":"landuse","class_code":"203","class_label":"山林（樹林地）"}},{"type":"Feature","id":"luse_c5276d61-379f-4b15-9390-833ce81db2ff","geometry":{"type":"Polygon","coordinates":[[[139.0756655,36.0527993],[139.0756311,36.0528037],[139.075668,36.0528482],[139.0755603,36.0529006],[139.0754984,36.0528232],[139.0754257,36.052717],[139.0754011,36.0526739],[139.0757527,36.0525806],[139.0756872,36.0523992],[139.0756195,36.0521948],[139.0754835,36.0522171],[139.075371,36.0518656],[139.0753034,36.0517808],[139.0752821,36.0517588],[139.0752362,36.0517117],[139.0752221,36.0517003],[139.0751898,36.0516773],[139.0751957,36.0516781],[139.0752078,36.0516804],[139.0752081,36.0516804],[139.0752095,36.0516808],[139.0752198,36.0516832],[139.0752202,36.0516833],[139.0752321,36.0516868],[139.0752436,36.0516909],[139.0752482,36.051693],[139.075251,36.0516941],[139.0752619,36.0516992],[139.0752726,36.0517048],[139.0752826,36.051711],[139.075292,36.0517177],[139.0753012,36.0517249],[139.0753095,36.0517324],[139.0753173,36.0517405],[139.0753211,36.0517447],[139.0753877,36.0518271],[139.0754608,36.0519059],[139.0754698,36.0519147],[139.0755024,36.0519465],[139.075522,36.0519639],[139.0755846,36.0520193],[139.075672,36.0520875],[139.0757508,36.052142],[139.0757814,36.0521619],[139.0757821,36.0521624],[139.0758149,36.0521811],[139.0758186,36.052183],[139.0758195,36.0521835],[139.0758451,36.0521962],[139.0757976,36.0523312],[139.0758355,36.0526202],[139.0759028,36.0526463],[139.0759672,36.0526214],[139.0759883,36.0526103],[139.0760388,36.0525786],[139.0760779,36.0525531],[139.0760845,36.0525488],[139.0762421,36.0525325],[139.0763243,36.0525241],[139.0764888,36.0525039],[139.076568,36.0524942],[139.0765353,36.0525823],[139.0764867,36.0526907],[139.0764402,36.0527591],[139.0763026,36.0527839],[139.0762093,36.0525816],[139.0760983,36.0525852],[139.0759027,36.0527757],[139.0758006,36.0527579],[139.0757525,36.0528072],[139.075729,36.0527998],[139.0757219,36.0527991],[139.0756995,36.0527979],[139.0756849,36.0527978],[139.0756655,36.0527993]]]},"properties":{"layer":"landuse","class_code":"203","class_label":"山林（樹林地）"}},{"type":"Feature","id":"luse_dba988ab-c16b-435f-ae4e-4f2f7699cbfe","geometry":{"type":"Polygon","coordinates":[[[139.0798199,36.0528641],[139.0797195,36.0529067],[139.0797108,36.052925],[139.0796922,36.0529387],[139.0796703,36.052955],[139.0796322,36.0529797],[139.0796097,36.0529954],[139.0795988,36.0530039],[139.0795973,36.0529958],[139.079599,36.0529886],[139.0795991,36.0529881],[139.0796065,36.0529747],[139.0796233,36.0529547],[139.0796738,36.0529028],[139.0797179,36.0528864],[139.0797607,36.0528678],[139.0797897,36.0528536],[139.0798299,36.0528314],[139.0798682,36.0528072],[139.0798995,36.0527848],[139.0799166,36.0527667],[139.0800046,36.0526984],[139.0800244,36.0526809],[139.080103,36.0526102],[139.0801191,36.0525918],[139.0801375,36.0525735],[139.0802187,36.0525125],[139.0802325,36.0525027],[139.0802446,36.0524942],[139.0802531,36.0524843],[139.0802564,36.0524781],[139.0802725,36.0524412],[139.0802878,36.0524208],[139.0802984,36.0524067],[139.0803105,36.0523962],[139.0803246,36.05239],[139.0803394,36.0523864],[139.0803569,36.0523854],[139.0803716,36.0523852],[139.0803922,36.0523856],[139.0804118,36.0523872],[139.0804347,36.052391],[139.0805076,36.052391],[139.0805229,36.0523923],[139.0805366,36.052393],[139.0805475,36.0523919],[139.0805588,36.0523852],[139.0805687,36.052375],[139.0805819,36.0523497],[139.0805962,36.0523273],[139.0806461,36.0522559],[139.0806687,36.0522336],[139.0806899,36.0522153],[139.0807325,36.0521925],[139.0808718,36.0521512],[139.080659,36.0525089],[139.0806219,36.0525026],[139.0806215,36.0525026],[139.080584,36.0524981],[139.0805461,36.0524953],[139.0805256,36.0524948],[139.080508,36.0524943],[139.0804981,36.0524944],[139.0804699,36.052495],[139.0804666,36.0524951],[139.0804659,36.0524952],[139.0804279,36.0524978],[139.0803903,36.0525022],[139.0803531,36.0525083],[139.0803527,36.0525083],[139.080316,36.0525161],[139.0802797,36.0525256],[139.0802528,36.0525339],[139.0801903,36.0525756],[139.0801522,36.052604],[139.0801306,36.0526202],[139.0801101,36.0526367],[139.0800548,36.0526848],[139.080003,36.0527354],[139.0799231,36.0528103],[139.0799142,36.0528233],[139.0799056,36.0528339],[139.0798951,36.0528447],[139.0798947,36.0528452],[139.0798888,36.0528505],[139.0798884,36.0528505],[139.0798687,36.052849],[139.0798575,36.0528482],[139.0798199,36.0528641]]]},"properties":{"layer":"landuse","class_code":"203","class_label":"山林（樹林地）"}},{"type":"Feature","id":"luse_df3ec4c3-43e7-4759-aa0e-5ba03e332931","geometry":{"type":"Polygon","coordinates":[[[139.0775631,36.0538171],[139.0775431,36.0538904],[139.0775073,36.0539057],[139.0774983,36.0539096],[139.0774463,36.0539291],[139.0773985,36.0539441],[139.0773923,36.0539461],[139.0773787,36.0539498],[139.0773232,36.0539631],[139.077287,36.0539698],[139.0772657,36.0539738],[139.0771788,36.0539885],[139.0771779,36.0539887],[139.0772705,36.0539149],[139.0772676,36.0538915],[139.077255,36.0538712],[139.0771261,36.0537857],[139.0771004,36.0537728],[139.0770776,36.0537666],[139.0770474,36.0537676],[139.0770309,36.0537764],[139.076969,36.0538376],[139.0769071,36.0538987],[139.0768719,36.0538744],[139.0768538,36.0538602],[139.0767358,36.0537678],[139.0767149,36.0537495],[139.0768159,36.0537006],[139.0769835,36.0536195],[139.0770179,36.0536029],[139.0770244,36.0535881],[139.0770279,36.0535735],[139.0770276,36.0535576],[139.0769725,36.0533939],[139.0772839,36.0535093],[139.0772856,36.0535315],[139.0772872,36.0535489],[139.0772882,36.0535707],[139.0772922,36.0536015],[139.0772936,36.0536217],[139.0772952,36.0536354],[139.0772985,36.0536641],[139.0772997,36.0536746],[139.0773028,36.0536904],[139.0773053,36.0537004],[139.0773143,36.0537232],[139.077425,36.0537681],[139.0775631,36.0538171]]]},"properties":{"layer":"landuse","class_code":"203","class_label":"山林（樹林地）"}},{"type":"Feature","id":"luse_755b2c89-44ae-4e4f-a5eb-b0d6f0c2476b","geometry":{"type":"Polygon","coordinates":[[[139.0767743,36.0562205],[139.0767505,36.056272],[139.0767196,36.0563318],[139.0767043,36.0563614],[139.0766809,36.0563525],[139.0762404,36.056202],[139.0761632,36.0563175],[139.0760295,36.0562561],[139.0760211,36.0562489],[139.075972,36.0562061],[139.07594,36.0561784],[139.0759046,36.0561536],[139.0754307,36.0559624],[139.075,36.055788397956945],[139.075,36.05289715778893],[139.0750164,36.0529232],[139.0750313,36.0529633],[139.0750342,36.0529756],[139.075038,36.0529886],[139.075042,36.0529981],[139.0750472,36.0530051],[139.0750541,36.0530077],[139.0750545,36.0530078],[139.0750641,36.0530083],[139.0750644,36.0530083],[139.0750794,36.0531822],[139.0751701,36.0533317],[139.0752693,36.0534437],[139.0751774,36.0535415],[139.0751311,36.0535907],[139.0750026,36.0536596],[139.0751543,36.0538251],[139.075306,36.0539934],[139.0754566,36.0539043],[139.0755414,36.0538833],[139.0756405,36.0540256],[139.0755042,36.054082],[139.0755827,36.0542781],[139.075609,36.0543528],[139.075629,36.0544093],[139.0757059,36.0545549],[139.0757093,36.0545613],[139.0757697,36.0546202],[139.0759092,36.0547969],[139.0759604,36.0547897],[139.0760114,36.0547825],[139.0760503,36.0547846],[139.0760886,36.0547904],[139.0761224,36.0548201],[139.0761261,36.0548342],[139.0761381,36.0548801],[139.0761742,36.054955],[139.0761962,36.0550009],[139.0762755,36.0551396],[139.0762886,36.0551624],[139.0763623,36.0552926],[139.0764106,36.0554143],[139.0764273,36.0555072],[139.0764347,36.0555576],[139.0764454,36.0556954],[139.0764446,36.0557349],[139.0764664,36.055806],[139.0765535,36.0559234],[139.0765669,36.0559334],[139.0765851,36.0559392],[139.0766033,36.0559401],[139.0766183,36.0559396],[139.0766538,36.0559361],[139.0768133,36.0558975],[139.0768469,36.0558759],[139.0768467,36.0558848],[139.0768463,36.0559071],[139.076846,36.0559095],[139.0768431,36.0559417],[139.0768375,36.0559769],[139.076837,36.0559825],[139.076829,36.0560373],[139.0768262,36.0560501],[139.0768216,36.056072],[139.0768175,36.0560916],[139.0768022,36.0561453],[139.0767947,36.0561678],[139.0767743,36.0562205]]]},"properties":{"layer":"landuse","class_code":"203","class_label":"山林（樹林地）"}},{"type":"Feature","id":"luse_19df8640-8754-42fb-b15e-507a644e2e3e","geometry":{"type":"Polygon","coordinates":[[[139.0788047,36.0569992],[139.0788104,36.0570104],[139.078817,36.057026],[139.0788222,36.0570418],[139.078826,36.0570579],[139.0788281,36.0570742],[139.0788292,36.0570905],[139.0788285,36.0571068],[139.0788266,36.0571231],[139.0788233,36.0571392],[139.0788185,36.057155],[139.0788123,36.0571707],[139.0788047,36.0571859],[139.0787957,36.0572005],[139.0787856,36.0572147],[139.0787744,36.0572282],[139.0787619,36.057241],[139.0787481,36.057253],[139.0787337,36.0572643],[139.0787163,36.057276],[139.078678,36.0573056],[139.0785593,36.0573894],[139.0785399,36.0574017],[139.0784111,36.0574784],[139.0783762,36.0575047],[139.0783335,36.057541],[139.0783042,36.0575701],[139.0782943,36.0575799],[139.0782582,36.0576209],[139.0782262,36.0576638],[139.078198,36.0577083],[139.0781892,36.0577241],[139.0781662,36.0577706],[139.0781476,36.0578185],[139.0781329,36.0578674],[139.0781079,36.0579913],[139.0778784,36.0578651],[139.0777519,36.0578257],[139.0775309,36.0577683],[139.0775455,36.0577274],[139.077581,36.0576285],[139.0775832,36.0576266],[139.0775987,36.0576222],[139.0775991,36.0576221],[139.0776139,36.0576155],[139.0776143,36.0576154],[139.0776981,36.0576024],[139.0778494,36.0575714],[139.0778497,36.0575713],[139.0779476,36.0575467],[139.0779543,36.0575405],[139.0779579,36.0575341],[139.0779614,36.0575208],[139.077963,36.0575101],[139.0779662,36.0574553],[139.0779732,36.0571689],[139.0779728,36.0571564],[139.0779717,36.0571395],[139.0779668,36.0571141],[139.0779604,36.0571014],[139.0779539,36.0570909],[139.0779333,36.0570755],[139.0779256,36.0570717],[139.0779253,36.0570716],[139.0779114,36.0570671],[139.0779079,36.0570664],[139.0779007,36.0570518],[139.0778969,36.0570403],[139.0778953,36.0570265],[139.0778956,36.0570114],[139.0778957,36.0569985],[139.0778966,36.0569818],[139.0779013,36.0569619],[139.0778905,36.0569602],[139.0778855,36.0569808],[139.0778846,36.0569983],[139.0778845,36.0570113],[139.0778841,36.0570269],[139.0778861,36.0570419],[139.0778902,36.0570546],[139.0778945,36.0570637],[139.0778852,36.0570635],[139.0778807,36.0570634],[139.0778804,36.0570634],[139.0778685,36.0570633],[139.0778513,36.0570648],[139.0778409,36.0570669],[139.0778435,36.0570757],[139.0778532,36.0570737],[139.0778689,36.0570724],[139.0778692,36.0570724],[139.0778804,36.0570724],[139.077885,36.0570725],[139.0778936,36.0570727],[139.077908,36.0570758],[139.0779205,36.0570798],[139.0779266,36.0570827],[139.0779446,36.0570964],[139.0779504,36.0571052],[139.0779559,36.0571162],[139.0779606,36.0571405],[139.0779617,36.0571567],[139.0779621,36.0571689],[139.0779463,36.0574548],[139.0779429,36.0575088],[139.0779415,36.0575181],[139.0779389,36.0575289],[139.0779373,36.0575315],[139.0779361,36.0575326],[139.0778443,36.0575557],[139.0778439,36.0575558],[139.0776937,36.0575865],[139.0776073,36.0576],[139.0775838,36.0575916],[139.0775871,36.0575776],[139.0775935,36.0575393],[139.0776245,36.057529],[139.0776618,36.0575197],[139.0778646,36.0574806],[139.07788,36.0574753],[139.0778872,36.0574685],[139.0778934,36.0574556],[139.0778994,36.0573514],[139.0778991,36.0573514],[139.0778794,36.0573507],[139.0778737,36.0574522],[139.0778696,36.0574601],[139.0778679,36.0574619],[139.0778583,36.0574651],[139.0776565,36.057504],[139.0776178,36.0575137],[139.0775982,36.05751],[139.0775984,36.0575094],[139.0776239,36.0573643],[139.0776518,36.0571397],[139.077667,36.0570263],[139.0776662,36.0570187],[139.0776646,36.0570109],[139.077662,36.057003],[139.0776584,36.0569953],[139.077654,36.0569879],[139.0776488,36.0569808],[139.0776432,36.0569748],[139.0776409,36.0569726],[139.0776345,36.056967],[139.0776269,36.0569616],[139.0776248,36.0569604],[139.0776187,36.0569567],[139.0776103,36.0569527],[139.0774748,36.0568994],[139.0772468,36.0568152],[139.0773349,36.0566306],[139.0769686,36.0565116],[139.0770281,36.0563868],[139.076933,36.0563672],[139.0768379,36.0563476],[139.0768567,36.0563111],[139.0768588,36.056307],[139.0768845,36.0562513],[139.0769065,36.0561944],[139.0769153,36.0561684],[139.0769317,36.0561102],[139.0769444,36.0560509],[139.0769529,36.0559921],[139.0769534,36.0559871],[139.0769591,36.0559512],[139.0769627,36.0559114],[139.0769637,36.0558716],[139.0769618,36.0558318],[139.0769576,36.0557937],[139.0769506,36.0557543],[139.0769409,36.0557153],[139.0769287,36.0556767],[139.0769139,36.0556389],[139.0769012,36.055611],[139.0769609,36.0556149],[139.077002,36.0556186],[139.0770685,36.0556328],[139.0770924,36.0555617],[139.0771027,36.0555468],[139.077127,36.0555298],[139.077143,36.0555229],[139.0771604,36.0555186],[139.0771756,36.0555176],[139.0772091,36.0555189],[139.0772439,36.0555223],[139.0773028,36.0555267],[139.077342,36.0555267],[139.0773706,36.0555248],[139.0773922,36.0555211],[139.0774093,36.0555153],[139.0774272,36.0555107],[139.0774462,36.0555069],[139.0774693,36.0555014],[139.077496,36.055498],[139.0775732,36.0554886],[139.0775553,36.0554411],[139.0775505,36.0554277],[139.0775497,36.0554204],[139.0775544,36.0554096],[139.0775614,36.0553985],[139.0775653,36.0553866],[139.0775671,36.0553663],[139.0775716,36.0552874],[139.0775902,36.0552716],[139.0776013,36.0552571],[139.0776113,36.0552387],[139.0776147,36.055228],[139.0776181,36.055215],[139.0776202,36.0551998],[139.0776204,36.0551813],[139.0776115,36.0551409],[139.0775975,36.0550835],[139.0775699,36.0549703],[139.0775727,36.0549627],[139.0775787,36.0549548],[139.0776803,36.0548224],[139.0776829,36.0548105],[139.077682,36.0547989],[139.0775335,36.0546778],[139.0774699,36.0546371],[139.0774553,36.0546344],[139.0774392,36.0546353],[139.0774151,36.0546435],[139.0773761,36.0546569],[139.0775069,36.0544796],[139.077673,36.0544639],[139.0777741,36.0543275],[139.0778608,36.0542388],[139.0778654,36.0542428],[139.0778766,36.054251],[139.0778889,36.0542582],[139.0779023,36.0542645],[139.0779157,36.0542697],[139.0779161,36.0542698],[139.0779302,36.0542739],[139.0779312,36.0542741],[139.0779437,36.0542765],[139.0779441,36.0542765],[139.0779566,36.0542778],[139.077957,36.0542778],[139.0779698,36.0542782],[139.0779828,36.0542775],[139.0779911,36.0542765],[139.0779964,36.0542755],[139.0780163,36.0543077],[139.0780206,36.0543238],[139.0780219,36.0543325],[139.0780114,36.0544159],[139.0780065,36.0544233],[139.0779965,36.0544305],[139.0778714,36.0544715],[139.0778501,36.0544827],[139.0778351,36.054495],[139.0778284,36.0545166],[139.0778217,36.0545382],[139.0778249,36.0545506],[139.0779656,36.0546423],[139.0781156,36.0547282],[139.0781356,36.0547329],[139.0781792,36.054735],[139.0782012,36.0547318],[139.0782161,36.0547277],[139.0782779,36.0546623],[139.0782782,36.0546539],[139.0782765,36.0546316],[139.0782721,36.0546187],[139.0782561,36.0546015],[139.0782027,36.0545571],[139.07818,36.0545282],[139.0782469,36.0544798],[139.0782488,36.0544817],[139.0782584,36.0545211],[139.0782705,36.0545351],[139.0783733,36.0546026],[139.0784276,36.0546371],[139.0784332,36.0546461],[139.0784334,36.0546509],[139.0784354,36.054662],[139.0783851,36.0547762],[139.0783373,36.0548634],[139.0782959,36.0549084],[139.0782756,36.0549299],[139.0782214,36.054981],[139.0781982,36.0550118],[139.0781944,36.0550748],[139.0781917,36.0550992],[139.0781943,36.0551541],[139.078198,36.0552126],[139.0780856,36.0554791],[139.0780331,36.0556001],[139.078006,36.0556448],[139.0779816,36.0556808],[139.0779669,36.0557194],[139.0779537,36.0557591],[139.0779435,36.0557992],[139.0779433,36.0557998],[139.0779357,36.0558403],[139.0779309,36.055881],[139.0779295,36.0558943],[139.0779271,36.0559328],[139.0779275,36.0559603],[139.0777807,36.0559604],[139.077741,36.0559647],[139.077725,36.0559683],[139.0776991,36.0559987],[139.0776042,36.0561501],[139.0775679,36.0561707],[139.0775118,36.0561919],[139.0774914,36.0562061],[139.0774563,36.0562542],[139.0774408,36.0562879],[139.0774268,36.0563234],[139.077421,36.05636],[139.0774233,36.0563744],[139.0774321,36.0563873],[139.0774425,36.0563918],[139.0775243,36.0564109],[139.0774709,36.0565704],[139.0776852,36.0566058],[139.0777052,36.0566097],[139.0777141,36.0566097],[139.0777283,36.0566069],[139.0777285,36.0566066],[139.077861,36.0566383],[139.0778785,36.0566378],[139.0778932,36.0566323],[139.0779245,36.0565385],[139.0779375,36.0565355],[139.0779658,36.0565305],[139.0779883,36.0565275],[139.0780022,36.0565284],[139.0780137,36.0565325],[139.0781615,36.056606],[139.0781735,36.0566066],[139.0781912,36.0566011],[139.078278,36.0565363],[139.0783219,36.0565613],[139.078375,36.0565915],[139.0783975,36.0566043],[139.0784645,36.0566424],[139.0786134,36.0567307],[139.0786364,36.0567472],[139.0786643,36.0567701],[139.0786904,36.0567944],[139.0787141,36.0568202],[139.0787355,36.0568472],[139.0787543,36.0568755],[139.0787702,36.0569035],[139.0787842,36.0569337],[139.0787954,36.0569645],[139.0788047,36.0569992]]]},"properties":{"layer":"landuse","class_code":"203","class_label":"山林（樹林地）"}},{"type":"Feature","id":"luse_5cf440bf-b20e-4f5e-8756-5b817ac79f91","geometry":{"type":"Polygon","coordinates":[[[139.0785182,36.0576546],[139.0785249,36.0576736],[139.0785295,36.057696],[139.0785295,36.0577304],[139.0785264,36.0577713],[139.0785228,36.0578358],[139.078525,36.0578677],[139.0787245,36.0581343],[139.0785039,36.0582677],[139.07840573822668,36.05833333333333],[139.07836402079772,36.05833333333333],[139.0783331,36.0583123],[139.078251,36.0582607],[139.0781665,36.0582119],[139.0781366,36.0581959],[139.0781194,36.0581838],[139.0781151,36.0581772],[139.0781116,36.0581607],[139.078112,36.0581506],[139.0781137,36.0581356],[139.0781377,36.0580099],[139.0781657,36.0578728],[139.0781797,36.0578258],[139.0781977,36.0577797],[139.0782199,36.0577347],[139.078228,36.0577201],[139.0782553,36.0576771],[139.0782862,36.0576358],[139.0783208,36.0575963],[139.0783586,36.057559],[139.0783997,36.057524],[139.0784273,36.0575032],[139.0785182,36.0576546]]]},"properties":{"layer":"landuse","class_code":"203","class_label":"山林（樹林地）"}},{"type":"Feature","id":"luse_2b33e771-db47-496f-aaeb-7e90524a99b7","geometry":{"type":"Polygon","coordinates":[[[139.07908048363274,36.05833333333333],[139.0790681,36.0583179],[139.0790536,36.0582982],[139.0790472,36.0582853],[139.0790359,36.0582627],[139.0790269,36.0582431],[139.0790232,36.05823],[139.0790226,36.0582135],[139.079022,36.0581965],[139.0790219,36.0581839],[139.0790219,36.0581784],[139.0790211,36.058163],[139.0790181,36.0581521],[139.079011,36.0581202],[139.0790099,36.0581036],[139.0790124,36.058088],[139.0790189,36.0580735],[139.0790322,36.0580553],[139.0790445,36.0580392],[139.079059,36.0580201],[139.0790702,36.0580021],[139.079078,36.0579886],[139.0791121,36.0579425],[139.0791368,36.0579082],[139.0791492,36.0578895],[139.0791596,36.0578794],[139.0791717,36.0578693],[139.0791852,36.0578608],[139.0791978,36.057857],[139.0792062,36.057856],[139.0792096,36.0578556],[139.0792313,36.0578561],[139.0792409,36.0578571],[139.0792523,36.0578586],[139.0792642,36.0578595],[139.0792767,36.0578596],[139.0792858,36.0578593],[139.0793158,36.0578341],[139.0792928,36.0578055],[139.0792927,36.0577965],[139.0792929,36.0577822],[139.0792936,36.0577619],[139.0792952,36.0577411],[139.0792971,36.0577264],[139.0792996,36.0577056],[139.0793019,36.0576835],[139.0793054,36.0576659],[139.0793076,36.0576495],[139.0793082,36.0576234],[139.0793079,36.0576043],[139.0793065,36.0575835],[139.0793018,36.0575691],[139.0792972,36.0575543],[139.0792926,36.0575411],[139.0792877,36.0575245],[139.0792843,36.0575115],[139.0792799,36.0574901],[139.0792791,36.0574709],[139.0792795,36.0574526],[139.07928,36.0574288],[139.0792791,36.0574017],[139.0792768,36.0573731],[139.0792747,36.057348],[139.0792731,36.0573265],[139.0792723,36.0573088],[139.0792731,36.0572759],[139.079263,36.0572692],[139.0792502,36.0572599],[139.0792381,36.0572499],[139.0792268,36.0572394],[139.0792161,36.0572284],[139.0792062,36.057217],[139.079197,36.0572053],[139.079191,36.0571966],[139.0791833,36.0571841],[139.0791764,36.0571712],[139.0791704,36.0571581],[139.0791653,36.0571449],[139.0791611,36.0571313],[139.0791578,36.0571176],[139.0791554,36.0571038],[139.079154,36.0570898],[139.0791534,36.0570759],[139.0791539,36.057062],[139.079154,36.0570598],[139.079152,36.0570156],[139.0791509,36.0570137],[139.0791003,36.0570294],[139.0790857,36.0570098],[139.0790666,36.0569769],[139.0790598,36.0569608],[139.0790551,36.0569426],[139.0790505,36.0569272],[139.0790437,36.0569105],[139.0790344,36.0568921],[139.0790246,36.0568746],[139.079017,36.0568645],[139.0790036,36.0568511],[139.0789688,36.0568284],[139.0789458,36.0568158],[139.0789181,36.0568004],[139.0789025,36.0567886],[139.0788835,36.0567685],[139.0788682,36.0567504],[139.0788527,36.0567336],[139.0788346,36.0567162],[139.0788235,36.0567077],[139.0787974,36.0566893],[139.0787779,36.0566804],[139.0787413,36.0566685],[139.0787269,36.0566639],[139.0787024,36.0566528],[139.078678,36.0566387],[139.0786667,36.0566309],[139.0786525,36.056621],[139.0786253,36.0566026],[139.0785976,36.056587],[139.0785769,36.0565754],[139.0785434,36.0565508],[139.0785218,36.0565355],[139.0785019,36.0565229],[139.0784754,36.0565098],[139.0784527,36.0565],[139.0784073,36.0564841],[139.0783843,36.0564744],[139.0783724,36.0564695],[139.0783392,36.0564601],[139.0783211,36.0564555],[139.0783189,36.056455],[139.0783018,36.0564503],[139.0782843,36.0564418],[139.0782664,36.0564307],[139.0782448,36.0564145],[139.0782414,36.0564119],[139.0782288,36.0564023],[139.078217,36.0563932],[139.0782098,36.0563876],[139.0781905,36.0563685],[139.0781783,36.0563564],[139.0781665,36.0563417],[139.0781576,36.0563315],[139.078148,36.0563148],[139.0781341,36.0562764],[139.0781235,36.0562575],[139.0780862,36.0562035],[139.0780683,36.0561696],[139.0781841,36.0561369],[139.0784453,36.0560553],[139.0784489,36.0560544],[139.0786149,36.0560072],[139.0787179,36.0559764],[139.0787241,36.0559747],[139.0787325,36.0559728],[139.078741,36.0559714],[139.0787495,36.0559704],[139.0787582,36.0559699],[139.0787669,36.0559698],[139.0787709,36.0559699],[139.0787734,36.05597],[139.0787752,36.0559701],[139.0787756,36.0559701],[139.0787841,36.0559709],[139.0787897,36.0559717],[139.0787924,36.0559721],[139.0787928,36.0559722],[139.0788011,36.0559738],[139.0788085,36.0559757],[139.0788098,36.0559761],[139.0787836,36.0559955],[139.0787442,36.0561371],[139.0787464,36.0561668],[139.0787578,36.0561875],[139.0787745,36.0562034],[139.0787893,36.0562115],[139.0788163,36.056221],[139.0788575,36.056226],[139.0788795,36.0562271],[139.0790614,36.0562086],[139.0792676,36.0561618],[139.0792774,36.0561543],[139.0792905,36.0561397],[139.079292,36.0559995],[139.0792943,36.0557918],[139.0789699,36.0557313],[139.0789482,36.0557975],[139.0789164,36.0558506],[139.0788541,36.055925],[139.0788381,36.0559351],[139.0788,36.0559457],[139.0787995,36.0559457],[139.0787891,36.0559442],[139.0787887,36.0559441],[139.0787783,36.0559432],[139.078778,36.0559431],[139.0787675,36.0559427],[139.0787672,36.0559427],[139.0787565,36.0559429],[139.0787532,36.0559431],[139.0787509,36.0558897],[139.0787535,36.055866],[139.0787571,36.0558382],[139.0787632,36.0557688],[139.0787676,36.0557311],[139.0787762,36.055653],[139.0787951,36.0556397],[139.0787988,36.055637],[139.0788102,36.0556294],[139.0788222,36.0556224],[139.0788344,36.0556158],[139.0788474,36.0556099],[139.0788603,36.0556045],[139.0788607,36.0556044],[139.0788741,36.0555996],[139.0788879,36.0555955],[139.078902,36.0555919],[139.0789162,36.055589],[139.0789165,36.0555889],[139.0789266,36.0555873],[139.0789379,36.0555858],[139.0789413,36.0555854],[139.0789462,36.055585],[139.0789558,36.0555842],[139.0789562,36.0555842],[139.0789706,36.0555837],[139.078971,36.0555837],[139.0789755,36.0555837],[139.0789856,36.0555838],[139.0789973,36.0555844],[139.0789978,36.0555844],[139.0790003,36.0555846],[139.0790151,36.055586],[139.0790296,36.0555881],[139.0792079,36.0556079],[139.0792083,36.0556079],[139.0793565,36.0556299],[139.0794694,36.0556331],[139.0794701,36.0556332],[139.0795004,36.055634],[139.0795206,36.0556321],[139.0795943,36.0556164],[139.0796041,36.055613],[139.0796151,36.055614],[139.0796394,36.0556436],[139.0796409,36.0556476],[139.0796428,36.0556573],[139.0796433,36.0556713],[139.0796432,36.0556868],[139.0796417,36.0557056],[139.0796129,36.0558106],[139.0796078,36.055821],[139.0796026,36.0558369],[139.0796015,36.0558499],[139.0796012,36.0558675],[139.0796344,36.0560126],[139.079723,36.056249],[139.0797428,36.0562463],[139.079654,36.0560088],[139.0796212,36.0558661],[139.0796214,36.0558507],[139.0796225,36.0558397],[139.079627,36.0558261],[139.0796321,36.0558153],[139.0796615,36.0557079],[139.0796632,36.0556874],[139.0796633,36.0556711],[139.0796628,36.0556557],[139.0796604,36.0556441],[139.079658,36.0556369],[139.079644,36.0556101],[139.0796613,36.0555901],[139.0796775,36.0555903],[139.0796849,36.0555903],[139.079706,36.055591],[139.0798792,36.0556113],[139.08,36.0556326],[139.0800004,36.0556327],[139.080018,36.0556363],[139.0801931,36.0556715],[139.0802005,36.0556767],[139.0802028,36.055682],[139.0802811,36.0559988],[139.0803157,36.0562128],[139.0803173,36.0562361],[139.0803153,36.0562661],[139.0803053,36.0564304],[139.0803018,36.0564866],[139.0803014,36.056494],[139.0802984,36.0565093],[139.0802938,36.0565243],[139.0802438,36.056621],[139.0802373,36.056641],[139.0802358,36.0566654],[139.0802392,36.0566793],[139.0802436,36.056689],[139.0802514,36.056703],[139.0802685,36.056726],[139.0804211,36.0568284],[139.0804736,36.0568703],[139.0805173,36.0569333],[139.080515,36.0569434],[139.0805116,36.0569491],[139.0805112,36.0569491],[139.0805033,36.0569508],[139.0804946,36.0569508],[139.0804873,36.0569502],[139.0804869,36.0569502],[139.0802298,36.0568866],[139.0801947,36.0568856],[139.0801944,36.0568856],[139.0801739,36.0568854],[139.0801735,36.0568854],[139.0801568,36.0568865],[139.0801564,36.0568865],[139.0801451,36.0568876],[139.08013,36.0568921],[139.0801297,36.0568922],[139.0801175,36.0568995],[139.080106,36.0569116],[139.0801029,36.0569175],[139.0800987,36.0569256],[139.0800911,36.056944],[139.0800847,36.0569653],[139.0800693,36.057033],[139.0800489,36.0570941],[139.0800316,36.0571307],[139.0800178,36.0571446],[139.0799808,36.0571829],[139.0799596,36.0571973],[139.0799547,36.0572007],[139.0798999,36.0572281],[139.0798769,36.0572377],[139.0797951,36.0572497],[139.0797111,36.0572592],[139.0796656,36.0572558],[139.0796196,36.0572411],[139.0796094,36.0572378],[139.0795306,36.0572075],[139.0795016,36.057203],[139.079497,36.0572032],[139.0794761,36.0572044],[139.0794547,36.0572095],[139.0794384,36.0572181],[139.0794245,36.0572253],[139.079348,36.0572755],[139.0793548,36.0572825],[139.079431,36.0572326],[139.0794442,36.0572257],[139.0794593,36.0572178],[139.0794596,36.0572177],[139.079478,36.0572133],[139.0795009,36.0572121],[139.079527,36.0572161],[139.0795274,36.0572161],[139.0796049,36.0572461],[139.0796099,36.0572477],[139.079663,36.0572647],[139.079697,36.0572672],[139.0797114,36.0572682],[139.0797106,36.0572894],[139.0796676,36.0573304],[139.0796575,36.0573407],[139.0796227,36.0573941],[139.0795757,36.0574664],[139.0795599,36.0574923],[139.0795561,36.0575135],[139.0795566,36.0576134],[139.0795616,36.0576331],[139.0795729,36.0576394],[139.0796271,36.05765],[139.0797756,36.057679],[139.0797917,36.0576807],[139.0798024,36.0576807],[139.0798127,36.0576792],[139.0798344,36.0576716],[139.079841,36.0576643],[139.0798465,36.0576494],[139.0798562,36.0575751],[139.0798604,36.0575552],[139.0798706,36.0575322],[139.0799567,36.0574188],[139.0800187,36.0573517],[139.080068,36.0572919],[139.0801644,36.0573685],[139.080261,36.0574451],[139.080339,36.0575168],[139.0800068,36.057883],[139.0799898,36.0578906],[139.0798857,36.0579384],[139.0798177,36.057966],[139.0796781,36.0580226],[139.0796488,36.0580316],[139.0794173,36.0580826],[139.0794156,36.058083],[139.0793495,36.0581012],[139.0793379,36.0581111],[139.0793247,36.0581276],[139.0793215,36.0581373],[139.0793208,36.0581476],[139.0793211,36.0581684],[139.0793231,36.0581791],[139.0793268,36.0581939],[139.0793326,36.0582033],[139.0793516,36.0582242],[139.0793793,36.0582456],[139.0794155,36.0582624],[139.0794376,36.0582727],[139.0794297,36.0582771],[139.0794219,36.0582819],[139.0794151,36.0582873],[139.0794086,36.0582931],[139.0794025,36.0582993],[139.0793972,36.0583059],[139.0793929,36.0583127],[139.0793903,36.058317],[139.0793869,36.0583242],[139.0793842,36.0583318],[139.07938385701755,36.05833333333333],[139.0794068978142,36.05833333333333],[139.0794081,36.05833],[139.0794109,36.058324],[139.0794128,36.0583208],[139.0794166,36.0583151],[139.0794208,36.0583098],[139.0794255,36.0583047],[139.0794309,36.0583],[139.0794366,36.0582956],[139.0794428,36.0582917],[139.0794493,36.0582881],[139.0794562,36.0582849],[139.0794589,36.0582845],[139.0795532,36.0582682],[139.0795535,36.0582682],[139.0796403,36.0582554],[139.07965477117986,36.05833333333333],[139.0799320369515,36.05833333333333],[139.0799178,36.0582543],[139.0799859,36.058249],[139.0800147,36.058245],[139.0800293,36.0582392],[139.0800413,36.05823],[139.0800498,36.0582187],[139.0800556,36.058195],[139.080052,36.0581794],[139.0799798,36.0581423],[139.0799868,36.0581359],[139.0800669,36.0580628],[139.0801092,36.0580359],[139.080135,36.0580233],[139.0801549,36.0580145],[139.0802406,36.0579894],[139.0803425,36.0579524],[139.0803733,36.057937],[139.0804229,36.0579045],[139.0804653,36.0578717],[139.0805927,36.0577665],[139.0807554,36.0576439],[139.0808314,36.0575945],[139.0808606,36.0575756],[139.0808609,36.0575755],[139.0808711,36.05757],[139.0808837,36.0575672],[139.080899,36.0575712],[139.080854,36.0576386],[139.0808374,36.0576634],[139.080825,36.0576821],[139.0808187,36.0577012],[139.0808108,36.0577356],[139.0808103,36.0577473],[139.080814,36.0577699],[139.0808186,36.0577873],[139.0808228,36.0578061],[139.0808262,36.0578259],[139.0808263,36.0578446],[139.0808253,36.057862],[139.0808251,36.0578834],[139.0808328,36.0579067],[139.0808513,36.0579227],[139.0808896,36.0579559],[139.0809078,36.0579699],[139.0809374,36.0579843],[139.0809664,36.0579967],[139.081028,36.0580106],[139.0810725,36.0579944],[139.0810898,36.0579858],[139.0811067,36.0579749],[139.0811238,36.0579562],[139.0812043,36.0578263],[139.0812426,36.0577586],[139.0812509,36.0577495],[139.0812578,36.0577436],[139.0812687,36.0577377],[139.0813147,36.0576724],[139.0813542,36.0576864],[139.0812192,36.0579332],[139.0811929,36.0579867],[139.0811854,36.058],[139.0811745,36.0580103],[139.0811565,36.0580259],[139.0811355,36.0580374],[139.0810817,36.0580566],[139.0810543,36.0580632],[139.0810387,36.058082],[139.0810298,36.0580871],[139.0809809,36.0581068],[139.0809543,36.0581135],[139.0808789,36.0581326],[139.0808665,36.0581355],[139.0808509,36.0581384],[139.0808357,36.0581403],[139.0808074,36.0581414],[139.0808037,36.0581414],[139.080788,36.0581406],[139.0807723,36.0581389],[139.0807569,36.0581363],[139.0807417,36.0581327],[139.0807269,36.0581283],[139.0807125,36.0581231],[139.0806986,36.058117],[139.080685,36.05811],[139.0806763,36.058105],[139.0806638,36.0580967],[139.0806524,36.0580879],[139.0806417,36.0580784],[139.0806319,36.0580683],[139.080623,36.0580578],[139.0806151,36.0580467],[139.0806081,36.0580352],[139.0806015,36.0580218],[139.0805909,36.0579905],[139.0805455,36.0579363],[139.0805332,36.0579341],[139.0805183,36.0579338],[139.0805042,36.0579364],[139.0804872,36.0579414],[139.0804678,36.0579529],[139.0804463,36.0579649],[139.080353,36.0580332],[139.0803378,36.0580456],[139.080247,36.0581409],[139.0801672,36.0582419],[139.080155,36.0582648],[139.0801484,36.0582789],[139.0801447,36.0582943],[139.0801426,36.0583136],[139.08014002969188,36.05833333333333],[139.07908048363274,36.05833333333333]]]},"properties":{"layer":"landuse","class_code":"203","class_label":"山林（樹林地）"}},{"type":"Feature","id":"luse_7cd5e7e5-63f9-45c6-a314-2413ca90f608","geometry":{"type":"Polygon","coordinates":[[[139.08017354943502,36.05833333333333],[139.0801758,36.0583162],[139.0801777,36.058298],[139.0801805,36.0582863],[139.0801858,36.058275],[139.0801967,36.0582547],[139.0802743,36.0581565],[139.0803629,36.0580635],[139.080376,36.0580529],[139.0804669,36.0579862],[139.0804872,36.0579751],[139.080503,36.0579655],[139.0805135,36.0579624],[139.0805216,36.0579609],[139.0805259,36.057961],[139.0805494,36.0580093],[139.08055,36.0580387],[139.0805575,36.0580535],[139.0805661,36.0580679],[139.0805761,36.0580818],[139.0805872,36.0580951],[139.0805995,36.0581076],[139.0806128,36.0581194],[139.0806271,36.0581305],[139.0806424,36.0581407],[139.0806539,36.0581474],[139.0806706,36.0581559],[139.0806879,36.0581635],[139.080706,36.0581701],[139.0807246,36.0581756],[139.0807435,36.05818],[139.0807629,36.0581833],[139.0807824,36.0581855],[139.0808022,36.0581865],[139.0808208,36.0581863],[139.0808488,36.0581843],[139.0808611,36.0581827],[139.0808804,36.0581792],[139.0808949,36.0581757],[139.0809727,36.058156],[139.0809992,36.0581493],[139.0810605,36.0581212],[139.0811035,36.058097],[139.0811828,36.0580534],[139.0811987,36.0580429],[139.0812554,36.0579775],[139.0812718,36.0579229],[139.0813046,36.0578472],[139.0813425,36.0577755],[139.081384,36.0576971],[139.0814082,36.0577057],[139.0813755,36.0577862],[139.0813693,36.0578088],[139.0813633,36.0578242],[139.0813585,36.0578397],[139.0813545,36.0578556],[139.0813542,36.0578572],[139.0813515,36.0578731],[139.0813496,36.0578893],[139.081349,36.0579054],[139.0813497,36.0579215],[139.0813511,36.0579284],[139.0813525,36.0579378],[139.0813532,36.0579471],[139.0813534,36.0579566],[139.0813528,36.0579661],[139.0813515,36.0579755],[139.0813499,36.0579849],[139.0813475,36.0579941],[139.0813458,36.0579986],[139.0813427,36.0580077],[139.0813387,36.0580165],[139.0813342,36.0580253],[139.0813291,36.0580337],[139.0812882,36.0580996],[139.0812207,36.058204],[139.0812063,36.0582127],[139.0810559,36.0582851],[139.0809586,36.0583323],[139.08095705974844,36.05833333333333],[139.08068925180623,36.05833333333333],[139.0806789,36.0583283],[139.0806828,36.0582991],[139.0806278,36.0582802],[139.0805939,36.0582578],[139.0805499,36.0582585],[139.0805119,36.0582618],[139.0805012678161,36.05833333333333],[139.08017354943502,36.05833333333333]]]},"properties":{"layer":"landuse","class_code":"203","class_label":"山林（樹林地）"}},{"type":"Feature","id":"luse_a4aae72c-6145-4ca3-9ae7-6fda78c60d0a","geometry":{"type":"Polygon","coordinates":[[[139.0778444200375,36.05833333333333],[139.0778438,36.0582093],[139.0779305,36.0582373],[139.0779367,36.0582247],[139.077816,36.0581856],[139.0776985,36.0581424],[139.0776958,36.0581367],[139.0777086,36.0581395],[139.0777089,36.0581397],[139.0778009,36.0581653],[139.0778914,36.0581958],[139.077901,36.0581994],[139.0779138,36.0582047],[139.0779884,36.058235],[139.0780044,36.0582426],[139.078057,36.0583002],[139.07808448839506,36.05833333333333],[139.0778444200375,36.05833333333333]]]},"properties":{"layer":"landuse","class_code":"203","class_label":"山林（樹林地）"}},{"type":"Feature","id":"luse_ad18cc06-ac0d-4f55-878d-9c28ee5c3836","geometry":{"type":"MultiPolygon","coordinates":[[[[139.08494514137521,36.05833333333333],[139.0848148,36.0582012],[139.0848006,36.0581854],[139.084724,36.0581045],[139.084643,36.0580262],[139.0845756,36.0579655],[139.0844887,36.0578932],[139.084569,36.0579019],[139.0846142,36.0578874],[139.0847891,36.0578146],[139.0848005,36.0578049],[139.0848048,36.057787],[139.0848007,36.0577631],[139.0847944,36.0577311],[139.0847835,36.0576997],[139.0847704,36.057674],[139.0847599,36.0576573],[139.0847439,36.0576091],[139.0847399,36.0575823],[139.0847393,36.0575635],[139.0847371,36.0575487],[139.0847351,36.0575344],[139.084732,36.0575233],[139.0847253,36.0575129],[139.0847187,36.057508],[139.0847015,36.0574721],[139.084569,36.0574401],[139.0845425,36.057437],[139.0845041,36.0574364],[139.0844703,36.0574365],[139.0843435,36.0574375],[139.0843368,36.0574376],[139.0843018,36.0574374],[139.084288,36.0574369],[139.0842742,36.0574365],[139.084253,36.0574349],[139.0842211,36.0574315],[139.0841768,36.0574189],[139.0841197,36.0574048],[139.0841044,36.0574008],[139.0838438,36.0573324],[139.083822,36.0573262],[139.0837568,36.0573078],[139.0836699,36.0572833],[139.0836514,36.0572732],[139.0835365,36.0571561],[139.0835149,36.0571296],[139.0835021,36.0571213],[139.0834868,36.0571147],[139.0834749,36.0571122],[139.0833896,36.0574771],[139.0833706,36.0574766],[139.0833701,36.0574766],[139.08334,36.0574766],[139.0833237,36.0574764],[139.0833159,36.0574763],[139.083297,36.0574755],[139.0832959,36.0574754],[139.0832157,36.0574719],[139.0831754,36.0574659],[139.0831681,36.0574649],[139.0831337,36.0574608],[139.0830484,36.0574536],[139.0830481,36.0574536],[139.0830243,36.0574535],[139.083024,36.0574535],[139.0829971,36.0574546],[139.0829789,36.0574562],[139.0829701,36.0574569],[139.0829658,36.0574575],[139.0829433,36.0574604],[139.0829298,36.0574628],[139.082917,36.057465],[139.0829167,36.0574651],[139.0828907,36.0574709],[139.0828653,36.0574779],[139.0828473,36.0574834],[139.0828228,36.0574923],[139.0827987,36.0575022],[139.082775,36.0575132],[139.0827551,36.0575238],[139.0827517,36.0575252],[139.0827245,36.0575343],[139.0827037,36.0575403],[139.0826973,36.0575422],[139.0826696,36.0575489],[139.0826417,36.0575542],[139.0826413,36.0575543],[139.082613,36.0575584],[139.0826045,36.0575593],[139.0825914,36.0575606],[139.0825843,36.0575613],[139.0825839,36.0575614],[139.0825768,36.0575618],[139.0825654,36.0575624],[139.0825476,36.0575632],[139.0825257,36.0575631],[139.0825186,36.0575631],[139.0825182,36.0575631],[139.0824781,36.0575621],[139.0824683,36.0575618],[139.0822441,36.0575562],[139.0820874,36.0575547],[139.0820424,36.0575543],[139.082042,36.0575543],[139.0818711,36.0575527],[139.0817659,36.0575538],[139.081758,36.0575535],[139.0817576,36.0575535],[139.0817411,36.0575534],[139.0817244,36.057554],[139.081724,36.057554],[139.0817076,36.0575554],[139.0817072,36.0575554],[139.0816949,36.057557],[139.0816907,36.0575575],[139.0816741,36.0575604],[139.081658,36.0575639],[139.0816577,36.057564],[139.0816417,36.0575682],[139.0816263,36.0575732],[139.0816229,36.0575744],[139.0816079,36.0575801],[139.0815931,36.0575866],[139.0815927,36.0575867],[139.0815786,36.0575938],[139.0815694,36.0575988],[139.0815645,36.0576016],[139.0815512,36.05761],[139.0815385,36.057619],[139.0815263,36.0576285],[139.0815148,36.0576386],[139.0815111,36.0576421],[139.0814875,36.0576511],[139.0814778,36.0576528],[139.0814774,36.0576528],[139.0814626,36.0576545],[139.0814505,36.0576548],[139.0814375,36.0576522],[139.0814198,36.0576459],[139.0814082,36.0576417],[139.0813968,36.0576376],[139.0813551,36.0576227],[139.0813436,36.0576187],[139.0813108,36.0576149],[139.0811134,36.0575923],[139.0810886,36.0575872],[139.0809226,36.0575394],[139.0808846,36.0575296],[139.080843,36.0575116],[139.0808305,36.0575023],[139.0808182,36.0574908],[139.0808082,36.0574734],[139.0807843,36.0574052],[139.0807503,36.0573314],[139.0807606,36.0573146],[139.0807891,36.0572696],[139.0808008,36.0571161],[139.0808273,36.0570693],[139.0806591,36.0570151],[139.0805771,36.0570021],[139.0804741,36.0569564],[139.0804847,36.056959],[139.0804851,36.056959],[139.0804939,36.0569598],[139.0805048,36.0569598],[139.0805188,36.0569568],[139.0805192,36.0569568],[139.0805257,36.0569464],[139.080529,36.0569317],[139.0804826,36.0568647],[139.0804287,36.0568217],[139.080277,36.05672],[139.0802613,36.0566988],[139.0802541,36.0566855],[139.0802499,36.0566767],[139.080247,36.0566648],[139.0802486,36.0566423],[139.0802543,36.0566238],[139.0803046,36.0565272],[139.0803095,36.0565111],[139.0803127,36.056495],[139.080314,36.0564725],[139.0803146,36.0564632],[139.0803263,36.0562666],[139.0803283,36.0562362],[139.0803269,36.0562119],[139.0802919,36.055997],[139.0802882,36.0559819],[139.0802793,36.0559461],[139.0802136,36.0556797],[139.0802101,36.0556715],[139.0801987,36.0556632],[139.0800251,36.0556284],[139.080003,36.0556239],[139.0800026,36.0556238],[139.0798811,36.0556024],[139.079707,36.055582],[139.0796903,36.0555815],[139.0796852,36.0555813],[139.0796774,36.0555812],[139.0796611,36.0555811],[139.0796607,36.0555811],[139.0796461,36.0555817],[139.0796304,36.0555824],[139.0796023,36.0555958],[139.0795879,36.0556009],[139.0795875,36.0556011],[139.079517,36.0556161],[139.0795166,36.0556161],[139.0795043,36.0556173],[139.0794998,36.0556178],[139.0794994,36.0556178],[139.0793891,36.0556146],[139.0793587,36.0556138],[139.0792139,36.0555922],[139.0792006,36.0555875],[139.079192,36.0555741],[139.0791853,36.0555586],[139.0791772,36.0555401],[139.0791733,36.0555193],[139.0791702,36.0554993],[139.0791667,36.0554832],[139.07916,36.0554638],[139.079154,36.0554515],[139.0790995,36.0553714],[139.0789979,36.055171],[139.0789369,36.0550539],[139.0789367,36.0550479],[139.0789365,36.0550449],[139.0789381,36.05504],[139.0789443,36.0550355],[139.0789831,36.0550195],[139.0791339,36.0549493],[139.0792461,36.0548987],[139.079249,36.0548977],[139.0792528,36.054896],[139.0792564,36.0548941],[139.0792598,36.054892],[139.0792632,36.0548898],[139.0792662,36.0548874],[139.0792692,36.0548849],[139.0792719,36.0548822],[139.0792744,36.0548793],[139.0792766,36.0548764],[139.079277,36.0548757],[139.0792788,36.0548733],[139.0792806,36.0548702],[139.079282,36.0548669],[139.0792825,36.0548658],[139.0792838,36.0548625],[139.0792847,36.054859],[139.0792854,36.0548556],[139.0792858,36.0548522],[139.0792859,36.0548487],[139.0792858,36.0548452],[139.0792854,36.0548417],[139.0792847,36.0548383],[139.0792837,36.0548349],[139.0792842,36.0548211],[139.0792844,36.0548156],[139.0792866,36.0547961],[139.0792905,36.0547767],[139.0792957,36.0547575],[139.0793025,36.0547386],[139.0793044,36.054734],[139.079313,36.0547155],[139.079323,36.0546977],[139.0793343,36.0546803],[139.0793433,36.0546605],[139.079359,36.0546307],[139.0793769,36.0546017],[139.0793972,36.0545737],[139.0794195,36.0545468],[139.079444,36.0545211],[139.0794632,36.054503],[139.079491,36.0544795],[139.0795205,36.0544576],[139.0795517,36.0544374],[139.0796327,36.0544037],[139.0796428,36.0543993],[139.0796478,36.0543945],[139.0796508,36.0543914],[139.0796525,36.054383],[139.0796544,36.0543722],[139.0796476,36.0543581],[139.079593,36.0542595],[139.0795032,36.0541022],[139.0795028,36.0541013],[139.079495,36.0540873],[139.0794862,36.0540738],[139.0794763,36.0540607],[139.0794655,36.0540482],[139.0794536,36.0540362],[139.0794408,36.0540249],[139.0794362,36.0540211],[139.0794223,36.0540107],[139.0794076,36.0540011],[139.079392,36.0539921],[139.0792433,36.0539203],[139.0791349,36.0538747],[139.0789501,36.0537931],[139.078852,36.0537527],[139.078838,36.0537481],[139.0788205,36.0537412],[139.0788043,36.0537329],[139.0787888,36.0537234],[139.0787857,36.0537214],[139.078772,36.0537106],[139.0787593,36.0536987],[139.078714,36.0536245],[139.0787126,36.0536183],[139.0787115,36.0536127],[139.0787118,36.0536066],[139.0787182,36.0535992],[139.0787218,36.0535984],[139.0787333,36.053595],[139.0787336,36.0535949],[139.0787446,36.0535909],[139.0787449,36.0535908],[139.0787558,36.0535862],[139.0787662,36.0535808],[139.0787763,36.0535748],[139.0787843,36.0535693],[139.0787931,36.0535624],[139.0788014,36.0535549],[139.078809,36.053547],[139.0788239,36.0535275],[139.0788379,36.0535092],[139.0788529,36.0534883],[139.0789852,36.0536069],[139.0793708,36.0534101],[139.0795038,36.0534729],[139.0794445,36.0535358],[139.0795279,36.0537247],[139.0797318,36.0535924],[139.0796817,36.053449],[139.0797174,36.0534027],[139.0794581,36.0532272],[139.079464,36.0532252],[139.0794651,36.0532248],[139.0794785,36.0532196],[139.0794908,36.0532136],[139.079503,36.0532069],[139.0795144,36.0531996],[139.0795251,36.0531915],[139.0795322,36.0531856],[139.0795416,36.0531766],[139.0795502,36.053167],[139.079558,36.0531571],[139.0795775,36.0531266],[139.0796083,36.0530805],[139.0797181,36.0531251],[139.0797336,36.053128],[139.0797494,36.05313],[139.0797651,36.0531313],[139.079781,36.0531318],[139.0797969,36.0531314],[139.0798127,36.0531302],[139.0798284,36.0531282],[139.079844,36.0531254],[139.0798592,36.0531218],[139.0798741,36.0531174],[139.0798819,36.0531148],[139.0798963,36.0531092],[139.0799102,36.053103],[139.0799236,36.0530961],[139.0799363,36.0530884],[139.0799486,36.0530801],[139.0799601,36.0530713],[139.0799709,36.0530618],[139.079981,36.0530517],[139.0799902,36.0530412],[139.0799986,36.0530303],[139.080006,36.0530189],[139.0800127,36.0530071],[139.0800184,36.0529951],[139.0800204,36.0529903],[139.0800196,36.0529724],[139.0800095,36.0529472],[139.0799632,36.0528765],[139.0799687,36.0528707],[139.0799805,36.0528563],[139.0799909,36.0528413],[139.080009,36.0528197],[139.0800554,36.0527688],[139.0801049,36.0527206],[139.0801579,36.0526743],[139.0801766,36.0526593],[139.0802338,36.0526165],[139.0802868,36.0525814],[139.0803019,36.0525767],[139.0803349,36.0525681],[139.0803678,36.052561],[139.0803681,36.052561],[139.0804016,36.0525555],[139.0804356,36.0525515],[139.0804704,36.0525491],[139.0804708,36.0525491],[139.0804725,36.052549],[139.0805075,36.0525484],[139.0805079,36.0525484],[139.0805227,36.0525488],[139.080542,36.0525493],[139.0805616,36.0525507],[139.080564,36.0525509],[139.0805762,36.0525518],[139.08061,36.0525559],[139.0806103,36.0525559],[139.0806286,36.052559],[139.0806376,36.0525652],[139.0807254,36.0526341],[139.080817,36.0527059],[139.080861,36.0527281],[139.0809433,36.0527651],[139.0809437,36.0527652],[139.081111,36.052809],[139.0811306,36.0528164],[139.0811497,36.0528247],[139.0811681,36.0528339],[139.0811859,36.0528438],[139.0812033,36.0528545],[139.0812108,36.0528596],[139.0812269,36.0528714],[139.0812421,36.0528838],[139.0812564,36.052897],[139.0812699,36.0529107],[139.0812822,36.052925],[139.0812939,36.0529398],[139.0813045,36.0529552],[139.0813139,36.052971],[139.0813221,36.0529871],[139.0813295,36.0530037],[139.0813357,36.0530205],[139.081374,36.0531456],[139.0814221,36.0532945],[139.0814541,36.0534359],[139.0814643,36.0534768],[139.0814721,36.0535179],[139.081475,36.0535399],[139.0814786,36.0535815],[139.0814789,36.0536231],[139.0814783,36.0536456],[139.081478,36.0536646],[139.0814761,36.0536851],[139.0814752,36.0536916],[139.081471,36.0537119],[139.0814657,36.0537311],[139.081459,36.0537493],[139.0814243,36.0538216],[139.0813716,36.0539451],[139.0813238,36.0540366],[139.0812603,36.0541469],[139.0812525,36.0541591],[139.0812313,36.0541956],[139.0812126,36.0542338],[139.0812076,36.0542458],[139.0811968,36.0542977],[139.081191,36.0543601],[139.0811827,36.054588],[139.081174,36.0547895],[139.0811762,36.0547955],[139.0811545,36.0549839],[139.0811471,36.0550317],[139.0811365,36.0550791],[139.081122,36.0551258],[139.0811099,36.0551574],[139.0810892,36.0552026],[139.0810652,36.0552466],[139.0810379,36.0552893],[139.0810071,36.0553305],[139.0810031,36.0553354],[139.0809524,36.0554068],[139.0809207,36.0554462],[139.0809069,36.0554664],[139.0808909,36.0555031],[139.0808684,36.0555516],[139.0808592,36.0555666],[139.0808411,36.0555879],[139.08074,36.0556583],[139.0806851,36.0556999],[139.0806683,36.055723],[139.0806476,36.0557593],[139.0805921,36.0558735],[139.0805549,36.055993],[139.0805514,36.056027],[139.0805501,36.0560602],[139.0805524,36.0560901],[139.0805552,36.0561146],[139.0805642,36.0561616],[139.0805868,36.0562199],[139.0806468,36.056282],[139.0807362,36.0563341],[139.0807949,36.0563584],[139.0809063,36.0563879],[139.0810078,36.0564033],[139.0810082,36.0564033],[139.0809899,36.0564137],[139.080987,36.0564144],[139.0809325,36.056422],[139.0809131,36.056422],[139.0808912,36.056423],[139.0808695,36.056425],[139.080848,36.0564279],[139.0808266,36.0564318],[139.0808056,36.0564367],[139.0807849,36.0564425],[139.0807646,36.0564491],[139.0807452,36.0564566],[139.0807418,36.056458],[139.0807406,36.0564585],[139.0807217,36.056467],[139.0807032,36.0564764],[139.0806854,36.0564866],[139.0806684,36.0564977],[139.0806519,36.0565095],[139.0806363,36.0565219],[139.0806216,36.0565351],[139.080608,36.0565487],[139.0805797,36.056579],[139.0805111,36.0566329],[139.0805027,36.0566448],[139.0804983,36.0566587],[139.0804973,36.0566689],[139.0804977,36.0566745],[139.0804992,36.0566832],[139.080507,36.0566897],[139.0805491,36.0567007],[139.0806664,36.0567058],[139.0807045,36.0567075],[139.0807805,36.0567155],[139.0808731,36.0566886],[139.0809412,36.0566722],[139.0809687,36.0566665],[139.0810042,36.0566603],[139.0810382,36.0566543],[139.0810589,36.0566517],[139.0811081,36.0566453],[139.0811854,36.0566391],[139.0813016,36.0566183],[139.0813571,36.0566084],[139.0813652,36.0566081],[139.0814416,36.0566056],[139.0814704,36.0566058],[139.0815668,36.056612],[139.0816625,36.0566216],[139.0816822,36.0566222],[139.0817212,36.0566233],[139.081725,36.0566386],[139.0817048,36.0566783],[139.0817035,36.0566797],[139.0817756,36.0567136],[139.0818176,36.0567253],[139.0818684,36.0567401],[139.0818977,36.0567479],[139.0820069,36.0567767],[139.0820498,36.056786],[139.0820905,36.0567917],[139.0821299,36.0567961],[139.0821848,36.0567993],[139.0822181,36.0568013],[139.082309,36.0568005],[139.0824311,36.0567896],[139.0825319,36.0567803],[139.0825783,36.0567801],[139.0826102,36.0567799],[139.082644,36.0567798],[139.0827404,36.0567918],[139.0827827,36.0568018],[139.0828226,36.0568069],[139.0828397,36.0568071],[139.0828654,36.0568076],[139.0829136,36.0567972],[139.0829476,36.0567902],[139.0830046,36.0567789],[139.0830426,36.0567674],[139.0831086,36.0567544],[139.0831614,36.0567469],[139.083162,36.0567467],[139.0832432,36.0567276],[139.0832979,36.0567147],[139.0833121,36.056728],[139.0833423,36.0567564],[139.0833532,36.0567644],[139.0833641,36.0567697],[139.0833932,36.0567778],[139.0834206,36.0567811],[139.0835624,36.0568168],[139.0835828,36.0568249],[139.083641,36.0568481],[139.0836977,36.056879],[139.0837159,36.056896],[139.083738,36.0569243],[139.083758,36.0569572],[139.0837897,36.0570272],[139.0838143,36.0570814],[139.0838559,36.0571792],[139.0838737,36.0571875],[139.0838885,36.0571905],[139.0839056,36.0571922],[139.0839289,36.0571933],[139.0839448,36.0571932],[139.0839774,36.0571906],[139.0840099,36.0571879],[139.0840371,36.0571842],[139.0840552,36.0571824],[139.0840817,36.0571824],[139.0841096,36.0571846],[139.0841646,36.0571906],[139.0841872,36.0571889],[139.0841956,36.0571993],[139.0842301,36.057242],[139.0842469,36.0572583],[139.0842608,36.057268],[139.0842938,36.0572852],[139.0843772,36.0573134],[139.0844063,36.0573158],[139.0844269,36.0573175],[139.0844799,36.0573196],[139.084508,36.0573202],[139.0845279,36.0573206],[139.0845559,36.0573215],[139.0845763,36.057323],[139.0845987,36.0573252],[139.0846284,36.0573303],[139.0846518,36.057337],[139.084672,36.0573499],[139.0847692,36.0574296],[139.0848265,36.05752],[139.0848473,36.0575742],[139.0848468,36.0575865],[139.0848466,36.0575991],[139.0848472,36.0576118],[139.0848489,36.0576242],[139.0848502,36.0576309],[139.0848534,36.0576432],[139.0848574,36.0576554],[139.0848626,36.0576672],[139.0848686,36.0576789],[139.0848754,36.0576901],[139.0849233,36.0577501],[139.084929,36.0577568],[139.0850243,36.0578635],[139.0850864,36.0579259],[139.0851468,36.0579814],[139.0852605,36.058086],[139.0853145,36.0581307],[139.0853779,36.0581832],[139.0853862,36.058192],[139.0854064,36.0582115],[139.0854281,36.0582299],[139.0854511,36.0582472],[139.0854754,36.0582632],[139.085501,36.0582778],[139.0855205,36.0582876],[139.08554556448533,36.05833333333333],[139.0875,36.05833333333333],[139.0875,36.05528388840304],[139.0874874,36.0552862],[139.0874637,36.0553029],[139.087446,36.0553192],[139.0874256,36.0553404],[139.087422,36.0553473],[139.0874089,36.0553726],[139.0873987,36.0553987],[139.0873853,36.0554443],[139.0874079,36.0554873],[139.0874153,36.0555039],[139.0874204,36.0555175],[139.0874217,36.0555209],[139.0874268,36.055538],[139.0874309,36.0555554],[139.0874337,36.0555729],[139.0874353,36.0555906],[139.0874358,36.0556083],[139.0874351,36.0556261],[139.0874332,36.0556437],[139.08743,36.0556614],[139.0874288,36.0556668],[139.0874241,36.0556844],[139.0874187,36.0557003],[139.0874183,36.0557014],[139.0874113,36.0557182],[139.0874072,36.0557265],[139.0874032,36.0557346],[139.0873941,36.0557507],[139.0873838,36.0557663],[139.0873725,36.0557814],[139.0873602,36.0557961],[139.087347,36.0558101],[139.0873328,36.0558236],[139.0873178,36.0558364],[139.0873017,36.0558487],[139.0872976,36.0558516],[139.0872428,36.0558808],[139.0872307,36.0558841],[139.087203,36.0558861],[139.0871958,36.0558853],[139.0871955,36.0558852],[139.0871581,36.0558404],[139.0871368,36.0558104],[139.0871124,36.0557795],[139.087086,36.0557498],[139.0870606,36.0557244],[139.0870575,36.0557212],[139.0870274,36.0556942],[139.0870201,36.0556879],[139.0869878,36.0556626],[139.0869537,36.0556385],[139.086918,36.055616],[139.0868808,36.0555951],[139.0868424,36.0555759],[139.0868219,36.0555667],[139.086764,36.0555256],[139.0867322,36.0555031],[139.0867197,36.0554934],[139.0866334,36.055424],[139.0865936,36.0553883],[139.0865523,36.0553511],[139.086476,36.0552745],[139.0864669,36.0552645],[139.0864368,36.0552316],[139.0863868,36.0551898],[139.0863504,36.0551594],[139.0863375,36.0550572],[139.0863308,36.0550414],[139.0863222,36.0550283],[139.0861411,36.0548623],[139.0861305,36.0548454],[139.086125,36.0548283],[139.0861255,36.0547862],[139.0861286,36.0547743],[139.0861366,36.0547544],[139.0862143,36.0546359],[139.0862437,36.0545912],[139.0863001,36.0545152],[139.0863043,36.0544826],[139.0863045,36.0544617],[139.0862997,36.054436],[139.0862861,36.0544159],[139.0862693,36.0544043],[139.0862406,36.0543897],[139.0862217,36.0543843],[139.0861838,36.0543802],[139.0859238,36.0543563],[139.0859028,36.0543519],[139.085886,36.0543417],[139.0858749,36.0543244],[139.0858695,36.0543103],[139.0858695,36.05431],[139.0858634,36.0542759],[139.0858331,36.0541626],[139.085826,36.0541402],[139.0858206,36.054124],[139.0858027,36.0541028],[139.0857846,36.0540971],[139.0857303,36.0540886],[139.0857226,36.0540812],[139.0857219,36.0540732],[139.0857237,36.0540591],[139.0857384,36.054026],[139.0857978,36.0539479],[139.0858055,36.0539262],[139.0857983,36.0539104],[139.085788,36.0538991],[139.0857722,36.0538889],[139.0857542,36.0538786],[139.0855774,36.0538244],[139.0855477,36.0538105],[139.0855291,36.053782],[139.0855189,36.0537648],[139.0855112,36.0537164],[139.0855122,36.0536687],[139.0855141,36.0536484],[139.0855204,36.0536251],[139.085531,36.0536005],[139.0855469,36.0535819],[139.0855682,36.0535567],[139.0857584,36.0533919],[139.0859559,36.0532052],[139.0859755,36.0531867],[139.0861485,36.05299],[139.086174,36.0529582],[139.0862632,36.0528473],[139.0862701,36.0528388],[139.0863164,36.0527813],[139.0863634,36.0527439],[139.08644,36.052683],[139.0864673,36.0526733],[139.0864971,36.0526638],[139.0865253,36.0526549],[139.0865547,36.0526485],[139.0865949,36.0526421],[139.0866324,36.0526395],[139.0866678,36.0526348],[139.0866977,36.052628],[139.0867033,36.0526267],[139.086722,36.0526146],[139.0867412,36.0526022],[139.086779,36.0525777],[139.0867809,36.052577],[139.0867905,36.0525739],[139.0868001,36.0525702],[139.0868095,36.0525661],[139.0868185,36.0525616],[139.0868273,36.0525567],[139.0868357,36.0525514],[139.0868437,36.0525457],[139.0868513,36.0525397],[139.0868586,36.0525334],[139.0868654,36.0525267],[139.08687,36.0525216],[139.0868718,36.0525206],[139.0868786,36.0525165],[139.086885,36.052512],[139.0868912,36.0525073],[139.086897,36.0525023],[139.0869024,36.052497],[139.0869075,36.0524916],[139.0869121,36.0524861],[139.0869142,36.0524833],[139.0869183,36.0524775],[139.086922,36.0524714],[139.0869254,36.052465],[139.0869283,36.0524586],[139.0869307,36.0524521],[139.0869328,36.0524454],[139.0869344,36.0524387],[139.0869355,36.0524318],[139.0869362,36.0524251],[139.0869364,36.0524181],[139.0869361,36.0524113],[139.0869354,36.0524045],[139.0869343,36.0523977],[139.0869326,36.052391],[139.0869319,36.0523886],[139.0869321,36.0523557],[139.0869348,36.052321],[139.0869396,36.0522859],[139.0869469,36.0522512],[139.0869566,36.0522168],[139.0869686,36.0521826],[139.0869699,36.0521795],[139.0869759,36.052169],[139.0869821,36.0521562],[139.0869876,36.0521432],[139.0869922,36.0521299],[139.0869958,36.0521165],[139.0869985,36.0521029],[139.0870004,36.0520892],[139.0870012,36.0520756],[139.0870014,36.0520686],[139.0870009,36.0520549],[139.0869995,36.0520413],[139.0869972,36.0520276],[139.0869939,36.0520141],[139.0869898,36.0520007],[139.0869847,36.0519876],[139.0869789,36.0519747],[139.0869721,36.051962],[139.0869646,36.0519498],[139.086956,36.0519376],[139.0869423,36.0519286],[139.0869321,36.0519225],[139.0869214,36.0519169],[139.0869103,36.0519119],[139.0868989,36.0519073],[139.0868873,36.0519032],[139.0868755,36.0518997],[139.0868633,36.0518966],[139.086851,36.0518941],[139.0868387,36.0518923],[139.0868314,36.0518914],[139.0868189,36.0518903],[139.0868062,36.0518898],[139.0867935,36.0518899],[139.0867809,36.0518905],[139.0867683,36.0518917],[139.0867558,36.0518935],[139.0867434,36.0518957],[139.0867312,36.0518986],[139.0867195,36.0519019],[139.0867167,36.0519028],[139.0867035,36.0519005],[139.0866722,36.0518902],[139.0866456,36.0518607],[139.0865809,36.0517889],[139.0864843,36.0516905],[139.0864616,36.0516686],[139.0864588,36.0516653],[139.0864562,36.0516618],[139.0864537,36.0516582],[139.0864514,36.0516545],[139.0864493,36.0516508],[139.0864473,36.051647],[139.0864463,36.0516447],[139.0864447,36.0516408],[139.0864433,36.0516369],[139.0864422,36.0516329],[139.0864412,36.0516289],[139.0864404,36.0516248],[139.0864399,36.0516207],[139.0864395,36.0516167],[139.0864394,36.0516125],[139.0864395,36.0516085],[139.0864398,36.0516042],[139.0864382,36.0515497],[139.0864374,36.0515104],[139.0864364,36.0515078],[139.0864356,36.051505],[139.0864349,36.0515023],[139.0864343,36.0514995],[139.0864339,36.0514967],[139.0864337,36.0514939],[139.0864335,36.0514911],[139.0864335,36.0514882],[139.0864337,36.0514854],[139.086434,36.0514826],[139.0864345,36.0514798],[139.0864351,36.051477],[139.0864358,36.0514743],[139.0864368,36.0514716],[139.0864378,36.0514689],[139.0864387,36.0514667],[139.08644,36.0514641],[139.0864414,36.0514615],[139.086443,36.051459],[139.0864447,36.0514565],[139.0864465,36.0514541],[139.0864484,36.0514518],[139.0864504,36.0514495],[139.0864525,36.0514473],[139.0864548,36.0514452],[139.0864571,36.0514431],[139.0864597,36.0514411],[139.0864623,36.0514393],[139.0864649,36.0514375],[139.0864676,36.0514358],[139.0864705,36.0514342],[139.0864734,36.0514327],[139.0864764,36.0514312],[139.0864796,36.0514299],[139.0864827,36.0514287],[139.0864858,36.0514276],[139.0864866,36.0514274],[139.0865739,36.051373],[139.0865835,36.0513669],[139.0866125,36.0513484],[139.0866137,36.0513469],[139.0866149,36.0513455],[139.0866159,36.051344],[139.0866168,36.0513424],[139.0866177,36.0513408],[139.0866185,36.0513392],[139.0866192,36.0513376],[139.0866197,36.0513359],[139.0866203,36.0513342],[139.0866208,36.0513325],[139.0866211,36.0513308],[139.0866214,36.0513291],[139.0866215,36.0513288],[139.0866216,36.0513271],[139.0866216,36.0513253],[139.0866966,36.0512696],[139.086726,36.0512207],[139.0867271,36.0512053],[139.0867231,36.0511769],[139.0867171,36.0511684],[139.0867043,36.051161],[139.0866491,36.0511505],[139.0866038,36.0511494],[139.086581,36.0511517],[139.0865555,36.0511582],[139.0865129,36.0511708],[139.0864703,36.0511835],[139.0864504,36.0511766],[139.0864255,36.0511768],[139.0864029,36.0511826],[139.0862839,36.0512481],[139.0861118,36.051114],[139.0861046,36.0511081],[139.0860788,36.0510881],[139.0859842,36.0510111],[139.0859402,36.0509794],[139.0857981,36.0508915],[139.0856354,36.0508383],[139.0856354,36.0508377],[139.0856337,36.0508159],[139.0856298,36.0507943],[139.0856252,36.0507757],[139.0856194,36.0507406],[139.0856132,36.0507169],[139.085628,36.0506803],[139.0856533,36.0506393],[139.0856664,36.0506239],[139.0856852,36.0506036],[139.0856901,36.0505872],[139.0856908,36.0505454],[139.0856909,36.050512],[139.0856904,36.0504807],[139.0856906,36.0504547],[139.085696,36.0504201],[139.0857102,36.050375],[139.0857179,36.0503302],[139.0857192,36.0503139],[139.0857223,36.0502763],[139.0857236,36.0501872],[139.0857074,36.0501047],[139.0857005,36.0500687],[139.085684,36.0500067],[139.08568136060606,36.05],[139.08132395500002,36.05],[139.0813369,36.0500863],[139.0813645,36.0501427],[139.0813758,36.0501599],[139.0813784,36.0501634],[139.081384,36.0501706],[139.0813909,36.0501771],[139.0814006,36.050179],[139.0814333,36.0501781],[139.0814632,36.0501729],[139.0814826,36.0501688],[139.0815173,36.0501623],[139.0815645,36.0501623],[139.0815944,36.0501653],[139.0816162,36.0501701],[139.0816503,36.0501782],[139.0817254,36.0502033],[139.0817524,36.0502145],[139.0817708,36.050221],[139.0817896,36.0502262],[139.0818132,36.0502317],[139.0819029,36.0502864],[139.081919,36.0502965],[139.0819269,36.0502988],[139.0819107,36.0503075],[139.081908,36.0503084],[139.0819123,36.0503212],[139.0819225,36.0503511],[139.0819268,36.0503638],[139.0819504,36.0504333],[139.082059,36.050543],[139.082078,36.0506208],[139.0820939,36.0506862],[139.0820562,36.0507394],[139.082035,36.0507912],[139.082025,36.0508264],[139.0820112,36.0508981],[139.0819959,36.0509215],[139.0819925,36.0509306],[139.0819842,36.0509524],[139.0819809,36.0509712],[139.0819799,36.0509837],[139.0819792,36.0510087],[139.081978,36.0510527],[139.0819763,36.0510868],[139.0819759,36.0511071],[139.0819752,36.0511441],[139.0819758,36.0511736],[139.0819777,36.051195],[139.0819793,36.0512149],[139.0819884,36.0512573],[139.0820105,36.0513294],[139.0820203,36.0513497],[139.0820463,36.0513805],[139.0820629,36.0513871],[139.0820922,36.0513912],[139.0821159,36.051391],[139.0821392,36.0513839],[139.0821625,36.0513792],[139.0821634,36.0514048],[139.082126,36.0515677],[139.0820989,36.0516858],[139.0820927,36.0516845],[139.08201,36.0516633],[139.0819137,36.0516438],[139.0818499,36.0516309],[139.0818289,36.0516263],[139.0818035,36.0516221],[139.0817896,36.0516206],[139.0817483,36.0516189],[139.0817254,36.0516186],[139.0817,36.0516197],[139.0816727,36.051626],[139.0816803,36.0516482],[139.081654,36.0516554],[139.0816732,36.0517118],[139.0815994,36.0517219],[139.0815544,36.0517282],[139.0815228,36.0517395],[139.081454,36.051771],[139.0814331,36.051789],[139.0814067,36.0518118],[139.0813155,36.0518809],[139.0812939,36.0519005],[139.081264,36.051927],[139.0811548,36.0520217],[139.0811142,36.0520379],[139.0810708,36.0520564],[139.0810142,36.0520706],[139.0810148,36.0520583],[139.0810149,36.0520471],[139.0810136,36.0520433],[139.0810434,36.0519808],[139.0810522,36.0519583],[139.0810625,36.0519253],[139.081073,36.0518862],[139.0810829,36.0518563],[139.0810914,36.0518268],[139.081101,36.0517811],[139.0811169,36.0517287],[139.0811257,36.0517058],[139.0811389,36.0516822],[139.0811525,36.0516625],[139.0811888,36.0516289],[139.0812013,36.0516173],[139.0812188,36.0516046],[139.0812487,36.0515839],[139.0812554,36.0515793],[139.0813256,36.0515066],[139.0813755,36.0514487],[139.0813891,36.0514274],[139.0814032,36.0514018],[139.0814121,36.051386],[139.0814223,36.0513612],[139.0814346,36.0513418],[139.0814883,36.0512831],[139.0815372,36.0512231],[139.081528,36.051083],[139.0815266,36.0510611],[139.0815266,36.0510605],[139.0815277,36.0510605],[139.081691,36.0510557],[139.0816699,36.0510197],[139.0816609,36.0510094],[139.0816519,36.0509985],[139.0816341,36.0509692],[139.0816289,36.050957],[139.0816282,36.050953],[139.0816285,36.0509468],[139.0816295,36.0509426],[139.0816318,36.0509385],[139.0816385,36.0509333],[139.0816483,36.0509296],[139.0816521,36.050929],[139.0816657,36.0509282],[139.0816782,36.0509281],[139.0816849,36.0509268],[139.0816906,36.0509241],[139.081698,36.0509186],[139.0817066,36.0509103],[139.0817074,36.0509089],[139.0817089,36.0509075],[139.0817099,36.0509063],[139.0817114,36.0509038],[139.0817194,36.0508867],[139.0817348,36.0508321],[139.0817344,36.0508179],[139.0817195,36.0507482],[139.0817117,36.0507352],[139.0816843,36.0506686],[139.0816557,36.0506289],[139.0816519,36.0506267],[139.08163,36.0506093],[139.0816251,36.0506011],[139.0816172,36.0505774],[139.0816136,36.0505563],[139.0816133,36.0505494],[139.0816138,36.0504843],[139.0816159,36.0504713],[139.0816176,36.0504684],[139.0816223,36.0504643],[139.0816272,36.0504626],[139.0816336,36.0504618],[139.081683,36.0504611],[139.0816894,36.0504594],[139.081695,36.0504566],[139.0817022,36.0504504],[139.0817048,36.0504453],[139.0817046,36.0504373],[139.0817032,36.0504321],[139.081701,36.0504275],[139.081697,36.0504223],[139.081652,36.0503769],[139.0816497,36.0503756],[139.0816415,36.0503721],[139.0816385,36.0503713],[139.0816331,36.0503709],[139.0815466,36.0503717],[139.0815358,36.0503736],[139.0815262,36.0503759],[139.0815016,36.0503849],[139.0814979,36.0503869],[139.081488,36.0503928],[139.081482,36.0503973],[139.0814294,36.050436],[139.0814233,36.0504428],[139.0814141,36.0504531],[139.0813967,36.0504677],[139.0813846,36.0504779],[139.0813829,36.0504782],[139.0813807,36.0504794],[139.0813797,36.0504808],[139.0813783,36.050484],[139.0813772,36.0504872],[139.0813735,36.0505158],[139.0813734,36.0505225],[139.0813734,36.050525],[139.081377,36.0505479],[139.0813813,36.0505561],[139.0813856,36.0505629],[139.0813929,36.0505738],[139.0814079,36.0506071],[139.0814167,36.0506384],[139.0814199,36.0506454],[139.0814269,36.0506551],[139.081433,36.0506617],[139.0814337,36.0506622],[139.0814582,36.0506818],[139.0815164,36.050736],[139.0815242,36.0507428],[139.0815375,36.0507604],[139.0815415,36.0507688],[139.0815442,36.0507778],[139.0815472,36.0507993],[139.0815465,36.0508105],[139.0815455,36.0508175],[139.0815379,36.050843],[139.0815359,36.0508464],[139.081531,36.0508538],[139.0815212,36.0508645],[139.0815169,36.050868],[139.0815092,36.050871],[139.0815028,36.050872],[139.0814983,36.0508723],[139.0814946,36.0508723],[139.0814888,36.0508732],[139.0814841,36.050875],[139.0814765,36.0508777],[139.0814437,36.0508944],[139.081437,36.0508997],[139.0814338,36.0509031],[139.0814181,36.050925],[139.0814144,36.0509329],[139.0814123,36.0509383],[139.0813939,36.0509697],[139.0813901,36.0509719],[139.0813848,36.0509767],[139.0813807,36.0509821],[139.0813796,36.050984],[139.0813777,36.0509914],[139.081377,36.050997],[139.0813677,36.0510651],[139.0813888,36.0510645],[139.0813897,36.0510781],[139.0813903,36.0510869],[139.0813996,36.051229],[139.0814104,36.0512635],[139.0814165,36.0512786],[139.0814266,36.0513354],[139.0814251,36.0513371],[139.0814121,36.0513576],[139.0814017,36.0513827],[139.0813931,36.0513982],[139.0813791,36.0514235],[139.0813659,36.0514441],[139.0813166,36.0515012],[139.0812474,36.051573],[139.0812266,36.0515873],[139.0812114,36.0515978],[139.0811934,36.051611],[139.0811804,36.051623],[139.0811433,36.0516572],[139.0811289,36.0516782],[139.0811153,36.0517026],[139.0811062,36.0517262],[139.0810901,36.0517792],[139.0810805,36.051825],[139.0810722,36.0518541],[139.0810623,36.051884],[139.0810518,36.0519233],[139.0810415,36.0519558],[139.0810328,36.0519778],[139.0809996,36.052028],[139.0809925,36.0520252],[139.0809787,36.0520235],[139.0809625,36.0520242],[139.0809466,36.052026],[139.0809217,36.0520317],[139.0808976,36.0520412],[139.0808563,36.0520576],[139.0808325,36.0520701],[139.0807098,36.0521343],[139.0806952,36.0521558],[139.0806908,36.0521694],[139.0806694,36.0522199],[139.0806604,36.0522276],[139.0806369,36.0522508],[139.0805865,36.0523231],[139.080572,36.0523459],[139.0805591,36.0523703],[139.080551,36.0523786],[139.0805433,36.0523833],[139.0805363,36.0523839],[139.0805239,36.0523833],[139.0805081,36.052382],[139.0804357,36.052382],[139.0804136,36.0523783],[139.080393,36.0523766],[139.0803716,36.0523762],[139.0803563,36.0523764],[139.0803373,36.0523775],[139.0803203,36.0523817],[139.0803036,36.052389],[139.0802895,36.0524011],[139.0802783,36.0524161],[139.0802624,36.0524373],[139.080246,36.0524749],[139.0802434,36.0524799],[139.0802363,36.0524881],[139.0802252,36.0524959],[139.0802114,36.0525058],[139.0801294,36.0525673],[139.0801101,36.0525864],[139.0800944,36.0526046],[139.0800163,36.0526748],[139.0799966,36.0526921],[139.0799028,36.0527546],[139.0798768,36.052765],[139.0798469,36.0527864],[139.0798102,36.0528096],[139.0797717,36.0528309],[139.079745,36.052844],[139.0797442,36.0528444],[139.0797032,36.0528622],[139.0796675,36.0528753],[139.0796656,36.0528673],[139.0796054,36.0527896],[139.0796021,36.0527854],[139.0793787,36.0525722],[139.0793545,36.052557],[139.0793481,36.0525528],[139.0793155,36.0525369],[139.0792811,36.0525241],[139.079245,36.0525145],[139.079241,36.0525138],[139.0792084,36.0525084],[139.0791995,36.0525074],[139.0791621,36.0525055],[139.0791243,36.052507],[139.0790869,36.052512],[139.0790504,36.0525205],[139.0790155,36.0525323],[139.0789827,36.0525472],[139.0789657,36.0525565],[139.0788429,36.0526112],[139.0786321,36.0526989],[139.078641,36.0527133],[139.0788521,36.0526255],[139.0789761,36.0525703],[139.0789933,36.052561],[139.0790242,36.0525469],[139.0790571,36.0525359],[139.0790913,36.0525279],[139.0791265,36.0525232],[139.0791339,36.0525229],[139.079162,36.0525217],[139.0791974,36.0525236],[139.0791977,36.0525236],[139.0791991,36.0525237],[139.0792049,36.0525244],[139.0792053,36.0525244],[139.0792399,36.0525302],[139.0792662,36.0525372],[139.0792736,36.0525392],[139.0792739,36.0525393],[139.0793063,36.0525512],[139.0793366,36.0525663],[139.0793503,36.0525749],[139.0793649,36.052584],[139.0795786,36.052788],[139.0795851,36.0527943],[139.0796328,36.0528724],[139.079633,36.0528738],[139.0795656,36.0528806],[139.0795599,36.0528808],[139.0795278,36.0528823],[139.0794965,36.0528825],[139.0794796,36.052882],[139.0793395,36.0528742],[139.079316,36.0528713],[139.0792896,36.0528695],[139.0792631,36.0528692],[139.0792367,36.0528705],[139.0792105,36.0528733],[139.0791846,36.0528775],[139.0791609,36.0528829],[139.0791361,36.05289],[139.0791118,36.0528986],[139.0790883,36.0529086],[139.0790659,36.0529199],[139.0790443,36.0529325],[139.0790241,36.0529462],[139.0790053,36.0529609],[139.0789965,36.0529686],[139.0789886,36.0529795],[139.0789827,36.0529866],[139.078976,36.0529934],[139.0789689,36.0529997],[139.0789612,36.0530057],[139.0789529,36.0530111],[139.0789443,36.0530161],[139.0789352,36.0530205],[139.0789262,36.0530243],[139.0789165,36.0530276],[139.0789064,36.0530305],[139.0788962,36.0530327],[139.0788858,36.0530343],[139.0788752,36.0530353],[139.0788647,36.0530358],[139.078854,36.0530355],[139.0788435,36.0530348],[139.0788329,36.0530333],[139.0788223,36.0530312],[139.0788146,36.0530293],[139.0787962,36.0530276],[139.0787794,36.053027],[139.0787624,36.0530273],[139.0787456,36.0530286],[139.0787294,36.0530309],[139.0787243,36.0530318],[139.0787084,36.0530352],[139.0786924,36.0530397],[139.0786768,36.053045],[139.0786618,36.0530513],[139.0786473,36.0530584],[139.0786337,36.0530661],[139.078626,36.0530712],[139.0786157,36.0530777],[139.0786058,36.0530832],[139.0785953,36.053088],[139.0785845,36.0530922],[139.0785734,36.0530958],[139.0785615,36.0530988],[139.0785595,36.0530993],[139.0785473,36.0531015],[139.0785355,36.0531029],[139.0785235,36.0531036],[139.0785115,36.0531036],[139.078499,36.053103],[139.0784978,36.0531028],[139.0784759,36.0530999],[139.0784255,36.0530931],[139.0784222,36.0530931],[139.0784166,36.0530835],[139.0783798,36.0530874],[139.0783828,36.0530929],[139.0783506,36.0530964],[139.078334,36.0530999],[139.0783314,36.0531004],[139.0783144,36.0531077],[139.0782918,36.0531226],[139.0782823,36.0531323],[139.0782807,36.053134],[139.0782428,36.0531822],[139.0782056,36.0532342],[139.0781709,36.053224],[139.0778879,36.0530966],[139.0779078,36.0530098],[139.0779122,36.0528996],[139.0779062,36.0527996],[139.0778893,36.0527523],[139.0779866,36.0526853],[139.078003,36.0526798],[139.0780626,36.052651],[139.0781588,36.0526046],[139.0781693,36.052585],[139.0781748,36.0525466],[139.0781787,36.0525165],[139.0781843,36.0524713],[139.0781912,36.0524398],[139.0782006,36.0524056],[139.0782098,36.0523845],[139.0782239,36.0523605],[139.0782367,36.0523325],[139.0782435,36.0523095],[139.0782451,36.0522752],[139.0782427,36.0522576],[139.0782352,36.0522369],[139.0780954,36.0521333],[139.0780821,36.0521234],[139.0780682,36.0521116],[139.077899,36.0522411],[139.0778138,36.0523089],[139.0778079,36.0523129],[139.0777244,36.0523634],[139.0776368,36.052409],[139.0776154,36.052419],[139.077523,36.0524581],[139.0775188,36.0524594],[139.0775101,36.0524618],[139.0775015,36.0524636],[139.0775011,36.0524636],[139.0774923,36.0524649],[139.0774833,36.0524658],[139.0774814,36.0524658],[139.0774744,36.052466],[139.077474,36.052466],[139.0774691,36.0524658],[139.0774683,36.0524658],[139.0774653,36.0524658],[139.0774649,36.0524657],[139.077456,36.052465],[139.077447,36.0524636],[139.0774382,36.0524619],[139.0774297,36.0524596],[139.0774294,36.0524595],[139.0774255,36.0524582],[139.0774172,36.0524552],[139.0774092,36.0524517],[139.0774016,36.0524477],[139.0773943,36.0524432],[139.0773875,36.0524384],[139.0773824,36.0524365],[139.0773821,36.0524364],[139.0773735,36.0524336],[139.0773648,36.0524312],[139.0773645,36.0524311],[139.0773556,36.0524293],[139.0773465,36.052428],[139.0773462,36.0524279],[139.0773372,36.0524272],[139.0773368,36.0524272],[139.0773276,36.0524269],[139.0773215,36.0524271],[139.0773211,36.0524271],[139.077312,36.0524277],[139.0773028,36.0524289],[139.0772938,36.0524306],[139.0772934,36.0524307],[139.0772849,36.052433],[139.077274,36.0524354],[139.0772736,36.0524354],[139.0772628,36.0524373],[139.0772624,36.0524374],[139.0772513,36.0524386],[139.0772399,36.0524392],[139.0772285,36.0524391],[139.0772222,36.0524387],[139.0772172,36.0524384],[139.0772169,36.0524383],[139.0772143,36.052438],[139.0772058,36.052437],[139.0771947,36.0524349],[139.07719,36.0524339],[139.0771896,36.0524338],[139.0771789,36.0524309],[139.0771685,36.0524273],[139.0771585,36.0524231],[139.0771486,36.0524183],[139.0771392,36.0524129],[139.0771304,36.0524071],[139.077122,36.0524007],[139.077118,36.0523972],[139.0771032,36.0523831],[139.0770897,36.0523681],[139.0770777,36.0523523],[139.0770669,36.0523359],[139.0770577,36.052319],[139.07705,36.0523016],[139.0770437,36.0522837],[139.0770407,36.0522724],[139.0770371,36.0522541],[139.0770351,36.0522356],[139.0770348,36.0522171],[139.0770369,36.0521966],[139.0770376,36.0521689],[139.0770358,36.0521413],[139.0770318,36.0521138],[139.0770294,36.0521031],[139.0770219,36.0520761],[139.0770122,36.0520496],[139.0770101,36.0520462],[139.0770044,36.0520379],[139.076998,36.05203],[139.0769909,36.0520225],[139.0769832,36.0520154],[139.076975,36.0520087],[139.0769659,36.0520026],[139.0769565,36.051997],[139.0769466,36.051992],[139.0769364,36.0519875],[139.0769259,36.0519837],[139.0769255,36.0519836],[139.0769244,36.0519831],[139.0769134,36.05198],[139.076902,36.0519775],[139.0768905,36.0519757],[139.0768791,36.0519745],[139.0768787,36.0519745],[139.0768675,36.051974],[139.0768671,36.051974],[139.0768559,36.0519742],[139.0768555,36.0519742],[139.076844,36.051975],[139.076806,36.0519835],[139.0767749,36.0519982],[139.0767246,36.0519261],[139.0766806,36.0518628],[139.0766807,36.0518354],[139.0766669,36.0518432],[139.0766536,36.0518242],[139.0766383,36.0518088],[139.0765333,36.0517031],[139.0765231,36.0516946],[139.076487,36.0516662],[139.076449,36.0516396],[139.0764092,36.0516147],[139.0763677,36.0515918],[139.0763627,36.0515892],[139.0763195,36.0515685],[139.076275,36.0515496],[139.0762293,36.0515329],[139.0759854,36.051452],[139.0758257,36.0513996],[139.075832,36.0513899],[139.0758749,36.0513022],[139.0758753,36.0512943],[139.0758694,36.051283],[139.075866,36.0512784],[139.0758279,36.0512476],[139.0757743,36.0512042],[139.0757716,36.0512001],[139.0757692,36.0511958],[139.075767,36.0511915],[139.0757653,36.0511871],[139.0757636,36.0511825],[139.0757625,36.0511779],[139.0757615,36.0511733],[139.0757613,36.0511721],[139.0757807,36.0511856],[139.0757883,36.0511969],[139.0758031,36.0512065],[139.0758424,36.0512211],[139.075872,36.0512266],[139.0758841,36.0512269],[139.0758981,36.051227],[139.075909,36.0512265],[139.0759194,36.051225],[139.0759288,36.0512221],[139.0759379,36.051219],[139.0759626,36.0512098],[139.0759829,36.0512066],[139.0759998,36.0512072],[139.0760698,36.0512365],[139.0761746,36.0511866],[139.0762606,36.0511401],[139.0763538,36.0511021],[139.076377,36.0510971],[139.0763978,36.0510966],[139.0764945,36.0511039],[139.076506,36.0511031],[139.0765108,36.051094],[139.0765217,36.0510426],[139.0765272,36.0510102],[139.0765328,36.0509349],[139.0765262,36.0509056],[139.076523,36.0508898],[139.076512,36.0508715],[139.0765026,36.0508634],[139.0764932,36.050857],[139.0763318,36.0508069],[139.0763254,36.0508039],[139.076306,36.0507642],[139.0762948,36.0507666],[139.0762107,36.0507678],[139.0761074,36.0507645],[139.0761067,36.0507622],[139.0761056,36.0507595],[139.0761045,36.0507568],[139.0761031,36.0507541],[139.0761015,36.0507515],[139.0760998,36.050749],[139.0760978,36.0507465],[139.0760957,36.0507442],[139.0760935,36.0507419],[139.0760921,36.0507406],[139.0759575,36.0506701],[139.0759262,36.0506582],[139.0759259,36.0506581],[139.0759116,36.0506538],[139.0758978,36.0506531],[139.0758872,36.0506525],[139.075871,36.0506541],[139.0758206,36.0506595],[139.0757436,36.0506599],[139.0756978,36.0506602],[139.0756975,36.0506602],[139.0755908,36.0506461],[139.0755905,36.0506461],[139.0755451,36.0506382],[139.0755049,36.0506297],[139.0755045,36.0506296],[139.0753231,36.050591],[139.0752968,36.0505856],[139.0752964,36.0505855],[139.0752655,36.0505736],[139.0752527,36.0505627],[139.0752439,36.0505467],[139.0752258,36.0505531],[139.0752359,36.0505719],[139.0752538,36.050587],[139.0752898,36.0506009],[139.0753181,36.0506067],[139.0754995,36.0506453],[139.0754998,36.0506454],[139.0755406,36.0506539],[139.0755873,36.0506621],[139.0755877,36.0506622],[139.075643,36.0506695],[139.075571,36.0506836],[139.0755548,36.0506874],[139.07554,36.0506925],[139.0755149,36.0507117],[139.075498,36.0507303],[139.0754196,36.0508681],[139.0754171,36.0508732],[139.0754163,36.0508748],[139.0754083,36.0508915],[139.0753691,36.0509591],[139.0753676,36.0509567],[139.0753249,36.0508917],[139.0751993,36.0506874],[139.0752017,36.0506608],[139.075187,36.0506672],[139.0751621,36.0506267],[139.0750499,36.0504508],[139.075,36.05037650836277],[139.075,36.05012268936173],[139.0750054,36.050113],[139.075026,36.0500877],[139.0750376,36.0500796],[139.0750503,36.050073],[139.075064,36.0500675],[139.0750986,36.05006],[139.075122,36.0500602],[139.0752154753846,36.05],[139.07730180543805,36.05],[139.0773351,36.0500237],[139.0773892,36.0500511],[139.0774363,36.0500703],[139.0775572,36.0501156],[139.0777554,36.0501832],[139.0778639,36.0502202],[139.0778674,36.0502309],[139.0778708,36.0502358],[139.0778867,36.0502479],[139.0780409,36.0503082],[139.0782388,36.0503701],[139.0782225,36.0504076],[139.0782217,36.0504234],[139.0782213,36.0504312],[139.0782208,36.0504438],[139.0782206,36.0504599],[139.0782266,36.0504998],[139.0782275,36.0505058],[139.0782483,36.0505414],[139.0782614,36.0505554],[139.0782734,36.0505664],[139.0782953,36.0505802],[139.0783279,36.0505934],[139.0784059,36.0506101],[139.0784313,36.0506113],[139.0784541,36.0506111],[139.0784827,36.050606],[139.0787156,36.0504949],[139.0788279,36.0504272],[139.0790348,36.0503023],[139.0790733,36.0502851],[139.0791358,36.0502596],[139.079261,36.0501926],[139.0793415,36.0501496],[139.0793872,36.0501153],[139.07953141670203,36.05],[139.0797327401316,36.05],[139.0797373,36.0500116],[139.0797545,36.0501004],[139.0797663,36.050166],[139.0797939,36.0502234],[139.0797766,36.0502362],[139.079532,36.0504092],[139.0794936,36.050431],[139.0794929,36.0504314],[139.0792929,36.0505495],[139.0790574,36.0506954],[139.0789764,36.0507341],[139.0789412,36.0507494],[139.0786861,36.0508345],[139.0785265,36.0508782],[139.0784813,36.0508778],[139.078435,36.0508733],[139.0783885,36.0508673],[139.0781994,36.0508549],[139.0781138,36.0508667],[139.0780853,36.050869],[139.0780541,36.0508784],[139.0779938,36.0509901],[139.077928,36.0511953],[139.0779227,36.0512455],[139.0779304,36.0512572],[139.0779478,36.0512694],[139.0779644,36.0512774],[139.0779932,36.0512883],[139.0780295,36.051296],[139.0781812,36.0513209],[139.0782509,36.0513225],[139.0782855,36.0513235],[139.0783105,36.051324],[139.0784133,36.051345],[139.0784359,36.0513558],[139.0785687,36.0514048],[139.0786306,36.0514323],[139.0786615,36.0514425],[139.0786943,36.0514491],[139.0788352,36.0514664],[139.0789089,36.0514681],[139.0789295,36.0514671],[139.0789559,36.0514609],[139.0790927,36.0514081],[139.0794651,36.0511795],[139.0796635,36.0510627],[139.0796812,36.0510451],[139.0796928,36.0510291],[139.079764,36.0508193],[139.0797683,36.0508065],[139.0797823,36.0507657],[139.0798353,36.05069],[139.0798671,36.0506631],[139.0799555,36.050599],[139.0800851,36.0505342],[139.080115,36.0505193],[139.0801345,36.0504971],[139.0801602,36.0504653],[139.0801802,36.0504365],[139.0802624,36.0502948],[139.0802914,36.0502448],[139.0803389,36.0501448],[139.0803454,36.0501128],[139.0803568,36.0500314],[139.08036354518518,36.05],[139.0875,36.05],[139.0875,36.05049932507939],[139.0874696,36.0504178],[139.0872958056816,36.05],[139.0871104412017,36.05],[139.0872732,36.0504195],[139.0875,36.05097312388436],[139.0875,36.05833333333333],[139.08494514137521,36.05833333333333]]],[[[139.0804373,36.0559303],[139.0804505,36.0560086],[139.0805468,36.0559978],[139.0805335,36.0559196],[139.0804373,36.0559303]]]]},"properties":{"layer":"landuse","class_code":"203","class_label":"山林（樹林地）"}},{"type":"Feature","id":"luse_ab128e96-7405-47ce-a90d-3060ecb70ee3","geometry":{"type":"Polygon","coordinates":[[[139.075,36.05833333333333],[139.075,36.05786734087302],[139.0751957,36.0579085],[139.0753654,36.0580244],[139.0755042,36.0582528],[139.0755634,36.0583305],[139.0756498,36.0583067],[139.0757106,36.0582845],[139.0757849,36.0582575],[139.0758035,36.0582339],[139.0758153,36.0582191],[139.0758235,36.0581947],[139.0758268,36.0581634],[139.0758279,36.0581486],[139.0758281,36.0581265],[139.0758271,36.0581007],[139.0758201,36.0580578],[139.0757901,36.0580071],[139.0757158,36.0578925],[139.075673,36.0578655],[139.0756674,36.0578604],[139.075661,36.0578534],[139.0756554,36.0578461],[139.0756507,36.0578382],[139.0756469,36.0578302],[139.0756441,36.0578218],[139.0756424,36.0578132],[139.0756416,36.0578045],[139.0756418,36.0577959],[139.0756431,36.0577872],[139.0756446,36.0577812],[139.0756476,36.0577728],[139.0756514,36.0577647],[139.0756564,36.0577569],[139.0756621,36.0577496],[139.0756685,36.057743],[139.0756744,36.057738],[139.0756832,36.0577297],[139.0756909,36.0577208],[139.0756976,36.0577112],[139.075703,36.0577011],[139.0757073,36.0576908],[139.0757103,36.0576801],[139.0757122,36.0576692],[139.0757256,36.0576863],[139.0757575,36.057706],[139.0757587,36.0577158],[139.075719,36.0577991],[139.0757166,36.0578098],[139.0757171,36.0578212],[139.075726,36.0578346],[139.0760117,36.0579111],[139.0759858,36.05798],[139.0759714,36.0580185],[139.0759695,36.0580235],[139.0759684,36.0580349],[139.0759692,36.0580454],[139.0759706,36.0580528],[139.0760303,36.0581571],[139.0760643,36.0582129],[139.0760735,36.0582313],[139.07608,36.0582504],[139.0760843,36.0582643],[139.0760845,36.0582659],[139.0760686,36.0582704],[139.0760228,36.0582835],[139.0760149,36.0582948],[139.0759816,36.0583149],[139.07593077912776,36.05833333333333],[139.075,36.05833333333333]]]},"properties":{"layer":"landuse","class_code":"203","class_label":"山林（樹林地）"}},{"type":"Feature","id":"luse_cc2e340b-e653-4978-aad6-36a58d282f0e","geometry":{"type":"Polygon","coordinates":[[[139.0757999,36.0513911],[139.0757488,36.0514716],[139.0757288,36.0514651],[139.0756904,36.051444],[139.0756429,36.0514153],[139.0755968,36.0513841],[139.0755537,36.0513514],[139.0755353,36.0513363],[139.0754956,36.0513009],[139.0754577,36.0512632],[139.0754226,36.0512237],[139.0753896,36.0511819],[139.0752262,36.0509331],[139.0751016,36.0507302],[139.0750745,36.0507164],[139.0750892,36.05071],[139.0750631,36.0506675],[139.075,36.05056862632522],[139.075,36.05037650836277],[139.0750499,36.0504508],[139.0751621,36.0506267],[139.075187,36.0506672],[139.0752017,36.0506608],[139.0751993,36.0506874],[139.0753249,36.0508917],[139.0753676,36.0509567],[139.0753691,36.0509591],[139.0753763,36.05097],[139.0754855,36.0511362],[139.0755144,36.0511729],[139.0755458,36.0512083],[139.0755797,36.051242],[139.0756158,36.0512743],[139.0756311,36.0512868],[139.0756703,36.0513165],[139.0757115,36.0513444],[139.0757435,36.0513637],[139.0757546,36.0513704],[139.0757812,36.051385],[139.0757999,36.0513911]]]},"properties":{"layer":"landuse","class_code":"204","class_label":"水面（河川水面、湖沼、ため池、用水路、濠、運河水面）"}},{"type":"Feature","id":"luse_d3858cfd-16a6-464d-90d7-2f69298fe86f","geometry":{"type":"Polygon","coordinates":[[[139.0766806,36.0518628],[139.0767246,36.0519261],[139.0767749,36.0519982],[139.0767189,36.0520246],[139.076679,36.0520436],[139.0765888,36.0519141],[139.0765613,36.0519021],[139.076575,36.0518945],[139.0765616,36.051875],[139.0764499,36.0517628],[139.0764445,36.0517582],[139.0764121,36.0517328],[139.0763789,36.0517095],[139.076344,36.0516878],[139.0763066,36.0516671],[139.0763046,36.051666],[139.0762656,36.0516473],[139.0762267,36.0516308],[139.0761856,36.0516158],[139.0759436,36.0515355],[139.0757749,36.0514801],[139.0758147,36.0514172],[139.0758257,36.0513996],[139.0759854,36.051452],[139.0762293,36.0515329],[139.076275,36.0515496],[139.0763195,36.0515685],[139.0763627,36.0515892],[139.0763677,36.0515918],[139.0764092,36.0516147],[139.076449,36.0516396],[139.076487,36.0516662],[139.0765231,36.0516946],[139.0765333,36.0517031],[139.0766383,36.0518088],[139.0766536,36.0518242],[139.0766669,36.0518432],[139.0766807,36.0518354],[139.0766806,36.0518628]]]},"properties":{"layer":"landuse","class_code":"204","class_label":"水面（河川水面、湖沼、ため池、用水路、濠、運河水面）"}},{"type":"Feature","id":"luse_c249d88d-539e-4b38-a816-79ec38036686","geometry":{"type":"Polygon","coordinates":[[[139.0803569,36.0523854],[139.0803394,36.0523864],[139.0803246,36.05239],[139.0803105,36.0523962],[139.0802984,36.0524067],[139.0802878,36.0524208],[139.0802725,36.0524412],[139.0802564,36.0524781],[139.0802531,36.0524843],[139.0802446,36.0524942],[139.0802325,36.0525027],[139.0802187,36.0525125],[139.0801375,36.0525735],[139.0801191,36.0525918],[139.080103,36.0526102],[139.0800244,36.0526809],[139.0800046,36.0526984],[139.0799166,36.0527667],[139.0798995,36.0527848],[139.0798682,36.0528072],[139.0798299,36.0528314],[139.0797897,36.0528536],[139.0797607,36.0528678],[139.0797179,36.0528864],[139.0796738,36.0529028],[139.0796699,36.0528859],[139.0796675,36.0528753],[139.0797032,36.0528622],[139.0797442,36.0528444],[139.079745,36.052844],[139.0797717,36.0528309],[139.0798102,36.0528096],[139.0798469,36.0527864],[139.0798768,36.052765],[139.0799028,36.0527546],[139.0799966,36.0526921],[139.0800163,36.0526748],[139.0800944,36.0526046],[139.0801101,36.0525864],[139.0801294,36.0525673],[139.0802114,36.0525058],[139.0802252,36.0524959],[139.0802363,36.0524881],[139.0802434,36.0524799],[139.080246,36.0524749],[139.0802624,36.0524373],[139.0802783,36.0524161],[139.0802895,36.0524011],[139.0803036,36.052389],[139.0803203,36.0523817],[139.0803373,36.0523775],[139.0803563,36.0523764],[139.0803716,36.0523762],[139.080393,36.0523766],[139.0804136,36.0523783],[139.0804357,36.052382],[139.0805081,36.052382],[139.0805239,36.0523833],[139.0805363,36.0523839],[139.0805433,36.0523833],[139.080551,36.0523786],[139.0805591,36.0523703],[139.080572,36.0523459],[139.0805865,36.0523231],[139.0806369,36.0522508],[139.0806604,36.0522276],[139.0806694,36.0522199],[139.0806908,36.0521694],[139.0806952,36.0521558],[139.0807098,36.0521343],[139.0808325,36.0520701],[139.0808563,36.0520576],[139.0808976,36.0520412],[139.0809217,36.0520317],[139.0809466,36.052026],[139.0809625,36.0520242],[139.0809787,36.0520235],[139.0809925,36.0520252],[139.0809996,36.052028],[139.0810328,36.0519778],[139.0810415,36.0519558],[139.0810518,36.0519233],[139.0810623,36.051884],[139.0810722,36.0518541],[139.0810805,36.051825],[139.0810901,36.0517792],[139.0811062,36.0517262],[139.0811153,36.0517026],[139.0811289,36.0516782],[139.0811433,36.0516572],[139.0811804,36.051623],[139.0811934,36.051611],[139.0812114,36.0515978],[139.0812266,36.0515873],[139.0812474,36.051573],[139.0813166,36.0515012],[139.0813659,36.0514441],[139.0813791,36.0514235],[139.0813931,36.0513982],[139.0814017,36.0513827],[139.0814121,36.0513576],[139.0814251,36.0513371],[139.0814266,36.0513354],[139.0814165,36.0512786],[139.0814104,36.0512635],[139.0813996,36.051229],[139.0813903,36.0510869],[139.0813897,36.0510781],[139.0813888,36.0510645],[139.0813677,36.0510651],[139.081377,36.050997],[139.0813777,36.0509914],[139.0813796,36.050984],[139.0813807,36.0509821],[139.0813848,36.0509767],[139.0813901,36.0509719],[139.0813939,36.0509697],[139.0814123,36.0509383],[139.0814144,36.0509329],[139.0814181,36.050925],[139.0814338,36.0509031],[139.081437,36.0508997],[139.0814437,36.0508944],[139.0814765,36.0508777],[139.0814841,36.050875],[139.0814888,36.0508732],[139.0814946,36.0508723],[139.0814983,36.0508723],[139.0815028,36.050872],[139.0815092,36.050871],[139.0815169,36.050868],[139.0815212,36.0508645],[139.081531,36.0508538],[139.0815359,36.0508464],[139.0815379,36.050843],[139.0815455,36.0508175],[139.0815465,36.0508105],[139.0815472,36.0507993],[139.0815442,36.0507778],[139.0815415,36.0507688],[139.0815375,36.0507604],[139.0815242,36.0507428],[139.0815164,36.050736],[139.0814582,36.0506818],[139.0814337,36.0506622],[139.081433,36.0506617],[139.0814269,36.0506551],[139.0814199,36.0506454],[139.0814167,36.0506384],[139.0814079,36.0506071],[139.0813929,36.0505738],[139.0813856,36.0505629],[139.0813813,36.0505561],[139.081377,36.0505479],[139.0813734,36.050525],[139.0813734,36.0505225],[139.0813735,36.0505158],[139.0813772,36.0504872],[139.0813783,36.050484],[139.0813797,36.0504808],[139.0813807,36.0504794],[139.0813829,36.0504782],[139.0813846,36.0504779],[139.0813967,36.0504677],[139.0814141,36.0504531],[139.0814233,36.0504428],[139.0814294,36.050436],[139.081482,36.0503973],[139.081488,36.0503928],[139.0814979,36.0503869],[139.0815016,36.0503849],[139.0815262,36.0503759],[139.0815358,36.0503736],[139.0815466,36.0503717],[139.0816331,36.0503709],[139.0816385,36.0503713],[139.0816415,36.0503721],[139.0816497,36.0503756],[139.081652,36.0503769],[139.081697,36.0504223],[139.081701,36.0504275],[139.0817032,36.0504321],[139.0817046,36.0504373],[139.0817048,36.0504453],[139.0817022,36.0504504],[139.081695,36.0504566],[139.0816894,36.0504594],[139.081683,36.0504611],[139.0816336,36.0504618],[139.0816272,36.0504626],[139.0816223,36.0504643],[139.0816176,36.0504684],[139.0816159,36.0504713],[139.0816138,36.0504843],[139.0816133,36.0505494],[139.0816136,36.0505563],[139.0816172,36.0505774],[139.0816251,36.0506011],[139.08163,36.0506093],[139.0816519,36.0506267],[139.0816557,36.0506289],[139.0816843,36.0506686],[139.0817117,36.0507352],[139.0817195,36.0507482],[139.0817344,36.0508179],[139.0817348,36.0508321],[139.0817194,36.0508867],[139.0817114,36.0509038],[139.0817099,36.0509063],[139.0817089,36.0509075],[139.0817074,36.0509089],[139.0817066,36.0509103],[139.081698,36.0509186],[139.0816906,36.0509241],[139.0816849,36.0509268],[139.0816782,36.0509281],[139.0816657,36.0509282],[139.0816521,36.050929],[139.0816483,36.0509296],[139.0816385,36.0509333],[139.0816318,36.0509385],[139.0816295,36.0509426],[139.0816285,36.0509468],[139.0816282,36.050953],[139.0816289,36.050957],[139.0816341,36.0509692],[139.0816519,36.0509985],[139.0816609,36.0510094],[139.0816699,36.0510197],[139.081691,36.0510557],[139.0815277,36.0510605],[139.0815266,36.0510605],[139.0815266,36.0510611],[139.081528,36.051083],[139.0815372,36.0512231],[139.0814883,36.0512831],[139.0814346,36.0513418],[139.0814223,36.0513612],[139.0814121,36.051386],[139.0814032,36.0514018],[139.0813891,36.0514274],[139.0813755,36.0514487],[139.0813256,36.0515066],[139.0812554,36.0515793],[139.0812487,36.0515839],[139.0812188,36.0516046],[139.0812013,36.0516173],[139.0811888,36.0516289],[139.0811525,36.0516625],[139.0811389,36.0516822],[139.0811257,36.0517058],[139.0811169,36.0517287],[139.081101,36.0517811],[139.0810914,36.0518268],[139.0810829,36.0518563],[139.081073,36.0518862],[139.0810625,36.0519253],[139.0810522,36.0519583],[139.0810434,36.0519808],[139.0810136,36.0520433],[139.0810149,36.0520471],[139.0810148,36.0520583],[139.0810142,36.0520706],[139.0810708,36.0520564],[139.0811142,36.0520379],[139.0811548,36.0520217],[139.081264,36.051927],[139.0812939,36.0519005],[139.0813155,36.0518809],[139.0814067,36.0518118],[139.0814331,36.051789],[139.081454,36.051771],[139.0815228,36.0517395],[139.0815544,36.0517282],[139.0815994,36.0517219],[139.0816732,36.0517118],[139.081654,36.0516554],[139.0816803,36.0516482],[139.0816727,36.051626],[139.0817,36.0516197],[139.0817254,36.0516186],[139.0817483,36.0516189],[139.0817896,36.0516206],[139.0818035,36.0516221],[139.0818289,36.0516263],[139.0818499,36.0516309],[139.0819137,36.0516438],[139.08201,36.0516633],[139.0820927,36.0516845],[139.0820989,36.0516858],[139.082118,36.0516898],[139.0821366,36.0516939],[139.0821615,36.0517004],[139.0821796,36.0517043],[139.0821922,36.051707],[139.0822125,36.051708],[139.0822289,36.0517075],[139.0822482,36.0517057],[139.0823336,36.0516766],[139.0824398,36.0516333],[139.0824427,36.0516326],[139.0824979,36.0516198],[139.0825143,36.0516187],[139.082529,36.0516188],[139.0825454,36.0516195],[139.082577,36.0516302],[139.0825834,36.0516393],[139.0825836,36.0516476],[139.0825797,36.0516575],[139.0825655,36.0516713],[139.0825497,36.0516776],[139.0825329,36.0516818],[139.0825068,36.0516846],[139.08248,36.051687],[139.0824502,36.051692],[139.0824262,36.0516994],[139.0823798,36.0517313],[139.0822404,36.051803],[139.0822189,36.0518107],[139.0821888,36.0518149],[139.0821574,36.0518156],[139.0821156,36.0518129],[139.0820907,36.0518083],[139.0820715,36.0518047],[139.0820689,36.0518042],[139.0820319,36.0517977],[139.081989,36.0517903],[139.0819397,36.0517812],[139.0819116,36.0517764],[139.0818766,36.051775],[139.0818708,36.0517751],[139.0818491,36.0517753],[139.0818165,36.0517797],[139.0817294,36.0517918],[139.0817188,36.0517605],[139.0817156,36.0517513],[139.0816888,36.0517572],[139.0816763,36.0517205],[139.0816067,36.0517301],[139.0815577,36.0517368],[139.0815278,36.0517475],[139.0814609,36.0517781],[139.0814411,36.0517951],[139.0814146,36.0518182],[139.0813234,36.0518872],[139.0813021,36.0519065],[139.0812721,36.0519331],[139.0811615,36.0520291],[139.0811192,36.0520459],[139.0810754,36.0520647],[139.0810106,36.0520852],[139.0810048,36.052096],[139.0809902,36.0521111],[139.0809724,36.0521257],[139.0809411,36.0521344],[139.0808977,36.0521436],[139.0808718,36.0521512],[139.0807325,36.0521925],[139.0806899,36.0522153],[139.0806687,36.0522336],[139.0806461,36.0522559],[139.0805962,36.0523273],[139.0805819,36.0523497],[139.0805687,36.052375],[139.0805588,36.0523852],[139.0805475,36.0523919],[139.0805366,36.052393],[139.0805229,36.0523923],[139.0805076,36.052391],[139.0804347,36.052391],[139.0804118,36.0523872],[139.0803922,36.0523856],[139.0803716,36.0523852],[139.0803569,36.0523854]]]},"properties":{"layer":"landuse","class_code":"204","class_label":"水面（河川水面、湖沼、ため池、用水路、濠、運河水面）"}},{"type":"Feature","id":"luse_1468347d-0956-436c-990b-336bc8dc7aaa","geometry":{"type":"Polygon","coordinates":[[[139.0786233,36.0531061],[139.0786109,36.053112],[139.0785979,36.053117],[139.0785846,36.0531213],[139.0785708,36.0531248],[139.0785673,36.0531256],[139.0785533,36.0531281],[139.0785391,36.0531298],[139.0785248,36.0531306],[139.0785103,36.0531307],[139.078496,36.0531299],[139.0784933,36.0531296],[139.0784387,36.0531223],[139.0784276,36.0531026],[139.0784222,36.0530931],[139.0784255,36.0530931],[139.0784759,36.0530999],[139.0784978,36.0531028],[139.078499,36.053103],[139.0785115,36.0531036],[139.0785235,36.0531036],[139.0785355,36.0531029],[139.0785473,36.0531015],[139.0785595,36.0530993],[139.0785615,36.0530988],[139.0785734,36.0530958],[139.0785845,36.0530922],[139.0785953,36.053088],[139.0786058,36.0530832],[139.0786157,36.0530777],[139.078626,36.0530712],[139.0786337,36.0530661],[139.0786473,36.0530584],[139.0786618,36.0530513],[139.0786768,36.053045],[139.0786924,36.0530397],[139.0787084,36.0530352],[139.0787243,36.0530318],[139.0787294,36.0530309],[139.0787456,36.0530286],[139.0787624,36.0530273],[139.0787794,36.053027],[139.0787962,36.0530276],[139.0788146,36.0530293],[139.0788223,36.0530312],[139.0788329,36.0530333],[139.0788435,36.0530348],[139.078854,36.0530355],[139.0788647,36.0530358],[139.0788752,36.0530353],[139.0788858,36.0530343],[139.0788962,36.0530327],[139.0789064,36.0530305],[139.0789165,36.0530276],[139.0789262,36.0530243],[139.0789352,36.0530205],[139.0789443,36.0530161],[139.0789529,36.0530111],[139.0789612,36.0530057],[139.0789689,36.0529997],[139.078976,36.0529934],[139.0789827,36.0529866],[139.0789886,36.0529795],[139.0789965,36.0529686],[139.0790053,36.0529609],[139.0790241,36.0529462],[139.0790443,36.0529325],[139.0790659,36.0529199],[139.0790883,36.0529086],[139.0791118,36.0528986],[139.0791361,36.05289],[139.0791609,36.0528829],[139.0791846,36.0528775],[139.0792105,36.0528733],[139.0792367,36.0528705],[139.0792631,36.0528692],[139.0792896,36.0528695],[139.079316,36.0528713],[139.0793395,36.0528742],[139.0794796,36.052882],[139.0794965,36.0528825],[139.0795278,36.0528823],[139.0795599,36.0528808],[139.0795656,36.0528806],[139.079633,36.0528738],[139.0796392,36.0529004],[139.0795686,36.0529075],[139.0795288,36.0529094],[139.0794961,36.0529095],[139.0794779,36.052909],[139.0793358,36.0529011],[139.0793119,36.0528981],[139.079288,36.0528965],[139.0792639,36.0528963],[139.0792399,36.0528974],[139.079216,36.0528999],[139.0791923,36.0529038],[139.079171,36.0529087],[139.0791483,36.0529152],[139.0791261,36.0529231],[139.0791048,36.0529321],[139.0790843,36.0529423],[139.0790648,36.0529539],[139.0790463,36.0529664],[139.079029,36.0529799],[139.0790233,36.0529849],[139.0790168,36.0529939],[139.0790095,36.0530026],[139.0790014,36.053011],[139.0789926,36.0530187],[139.0789832,36.053026],[139.0789731,36.0530327],[139.0789625,36.0530387],[139.0789514,36.0530442],[139.0789404,36.0530487],[139.0789285,36.0530529],[139.0789162,36.0530563],[139.0789036,36.0530591],[139.0788909,36.0530611],[139.0788779,36.0530623],[139.0788649,36.0530628],[139.078852,36.0530626],[139.0788391,36.0530616],[139.0788262,36.0530598],[139.0788136,36.0530573],[139.0788079,36.0530559],[139.0787934,36.0530545],[139.078779,36.053054],[139.0787645,36.0530543],[139.07875,36.0530554],[139.0787358,36.0530574],[139.078732,36.0530581],[139.078718,36.0530611],[139.0787043,36.0530649],[139.078691,36.0530695],[139.078678,36.0530749],[139.0786657,36.053081],[139.0786537,36.0530878],[139.0786466,36.0530925],[139.0786353,36.0530996],[139.0786233,36.0531061]]]},"properties":{"layer":"landuse","class_code":"204","class_label":"水面（河川水面、湖沼、ため池、用水路、濠、運河水面）"}},{"type":"Feature","id":"luse_ed62e7c4-3af3-42e7-b5b0-4e2f64216c65","geometry":{"type":"Polygon","coordinates":[[[139.0777177,36.0533047],[139.0776224,36.0533705],[139.0774841,36.0532167],[139.0774253,36.0531495],[139.0773871,36.0531021],[139.0773344,36.0530316],[139.0772855,36.0529595],[139.0772412,36.0528873],[139.077102,36.052679],[139.0769873,36.0525106],[139.0768704,36.0523269],[139.0767857,36.052206],[139.0766907,36.0520641],[139.0767321,36.0520445],[139.0767868,36.0520187],[139.0767881,36.0520211],[139.0768827,36.0521622],[139.076968,36.0522839],[139.0770853,36.052468],[139.0771993,36.0526357],[139.0772212,36.0526686],[139.0773397,36.0528457],[139.0773838,36.0529176],[139.0774305,36.0529865],[139.077481,36.053054],[139.0775171,36.0530987],[139.0775531,36.05314],[139.0775741,36.0531641],[139.0777177,36.0533047]]]},"properties":{"layer":"landuse","class_code":"204","class_label":"水面（河川水面、湖沼、ため池、用水路、濠、運河水面）"}},{"type":"Feature","id":"luse_3d5d707b-c815-4d8e-946f-d7dd6877a9bb","geometry":{"type":"Polygon","coordinates":[[[139.0781159,36.053609],[139.0782791,36.0537333],[139.0782546,36.0537497],[139.0782257,36.053769],[139.0782209,36.0537654],[139.0782203,36.053765],[139.0781875,36.0537388],[139.0781737,36.0537266],[139.0781709,36.0537241],[139.0781572,36.0537123],[139.0781175,36.0536811],[139.0781021,36.0536676],[139.0780841,36.0536515],[139.078067,36.0536362],[139.0780496,36.0536205],[139.0780399,36.0536107],[139.078029,36.0535999],[139.0780132,36.0535848],[139.077974,36.0535639],[139.0779604,36.0535521],[139.0779469,36.0535414],[139.0779367,36.053536],[139.0779258,36.0535286],[139.0779166,36.0535215],[139.0779097,36.0535116],[139.0779012,36.0535049],[139.0778928,36.0535026],[139.0778821,36.0535013],[139.0778737,36.053502],[139.0778685,36.0535036],[139.077851,36.0535086],[139.0778421,36.05351],[139.0778364,36.05351],[139.077824,36.0535089],[139.0778101,36.0535061],[139.0777986,36.0535049],[139.0777889,36.053505],[139.0777164,36.0534476],[139.0776843,36.053441],[139.0776964,36.0534317],[139.0776391,36.0533865],[139.077698,36.0533459],[139.0777346,36.0533206],[139.0777892,36.0533619],[139.0777905,36.0533609],[139.0778014,36.0533527],[139.0778096,36.0533772],[139.0780343,36.0535471],[139.0780569,36.0535642],[139.0780905,36.0535897],[139.0780991,36.053576],[139.0781027,36.0535679],[139.0781076,36.0535541],[139.0781114,36.0535403],[139.0781139,36.0535262],[139.0781151,36.0535117],[139.0781152,36.0535097],[139.078115,36.0534951],[139.0781135,36.0534811],[139.0781108,36.0534671],[139.0781061,36.0534505],[139.0781019,36.0534129],[139.078099,36.0533863],[139.0780999,36.0533674],[139.0781076,36.0533445],[139.0781157,36.0533265],[139.0781296,36.0533087],[139.0781791,36.0532602],[139.0781921,36.0532491],[139.0781988,36.0532428],[139.0782056,36.0532342],[139.0782428,36.0531822],[139.0782807,36.053134],[139.0782823,36.0531323],[139.0782918,36.0531226],[139.0783144,36.0531077],[139.0783314,36.0531004],[139.078334,36.0530999],[139.0783506,36.0530964],[139.0783828,36.0530929],[139.0783983,36.05312],[139.078398,36.05312],[139.0783852,36.0531199],[139.078357,36.0531231],[139.0783484,36.0531249],[139.0783435,36.0531259],[139.0783329,36.0531303],[139.0783156,36.0531417],[139.0783078,36.0531497],[139.0782712,36.0531963],[139.078234,36.0532482],[139.0782256,36.0532588],[139.0782169,36.0532672],[139.0782039,36.0532782],[139.0781565,36.0533247],[139.0781456,36.0533385],[139.0781394,36.0533526],[139.078133,36.0533715],[139.0781323,36.0533857],[139.078135,36.0534105],[139.078139,36.0534462],[139.0781435,36.0534619],[139.0781465,36.0534778],[139.0781483,36.0534938],[139.0781486,36.0535099],[139.0781484,36.0535131],[139.078147,36.0535291],[139.0781442,36.0535451],[139.07814,36.0535608],[139.0781344,36.0535763],[139.0781297,36.0535868],[139.0781159,36.053609]]]},"properties":{"layer":"landuse","class_code":"204","class_label":"水面（河川水面、湖沼、ため池、用水路、濠、運河水面）"}},{"type":"Feature","id":"luse_bb6f7110-68b4-480b-b7b2-64e882024426","geometry":{"type":"Polygon","coordinates":[[[139.078402,36.0538206],[139.0784971,36.0538932],[139.0785271,36.0539202],[139.0785574,36.0539557],[139.078565,36.0539676],[139.0785746,36.0539825],[139.0785995,36.0540222],[139.0786106,36.0540376],[139.0786163,36.0540463],[139.0786296,36.0540684],[139.0786383,36.054085],[139.0786419,36.054092],[139.0786527,36.054116],[139.0786618,36.0541406],[139.078668,36.0541613],[139.0786693,36.0541652],[139.0786795,36.054201],[139.0786877,36.0542384],[139.0786932,36.0542762],[139.0786963,36.0543142],[139.0786968,36.0543523],[139.0786948,36.0543894],[139.0786931,36.0544058],[139.0786876,36.0544427],[139.0786795,36.0544802],[139.0786688,36.0545173],[139.0786557,36.0545539],[139.0786402,36.0545897],[139.078625,36.0546194],[139.0785348,36.0548248],[139.0784809,36.054954],[139.0784317,36.0549423],[139.0783312,36.0549185],[139.0784057,36.0547829],[139.0784953,36.0545788],[139.0785058,36.0545584],[139.0785336,36.0545559],[139.0785615,36.0545496],[139.0785622,36.0545494],[139.0785749,36.0545424],[139.0785866,36.0545359],[139.0785947,36.0545282],[139.0786023,36.0545129],[139.0786079,36.054501],[139.0786167,36.0544847],[139.0786223,36.0544665],[139.0786258,36.0544397],[139.0786275,36.0544164],[139.0786291,36.0543958],[139.0786295,36.0543728],[139.0786297,36.0543557],[139.0786286,36.054312],[139.078626,36.0542889],[139.0786243,36.0542719],[139.0786237,36.0542527],[139.0786232,36.0542288],[139.0786218,36.0542089],[139.0786095,36.0541776],[139.0786023,36.0541605],[139.0785972,36.054145],[139.0785902,36.0541285],[139.0785822,36.054111],[139.0785758,36.0540964],[139.0785686,36.054077],[139.0785588,36.0540558],[139.0785493,36.0540395],[139.07854,36.0540268],[139.0785238,36.0540087],[139.0785037,36.0539936],[139.0785009,36.053992],[139.0784864,36.0539837],[139.0784722,36.0539736],[139.0784594,36.0539639],[139.078448,36.053954],[139.0784389,36.0539405],[139.0784294,36.0539237],[139.0784138,36.0539048],[139.0783999,36.0538944],[139.0783412,36.0538607],[139.0783228,36.0538496],[139.0783048,36.0538415],[139.0782903,36.0538334],[139.0782804,36.053823],[139.07827,36.0538105],[139.0782594,36.0537988],[139.0782494,36.0537881],[139.0782791,36.0537683],[139.0783068,36.0537497],[139.078402,36.0538206]]]},"properties":{"layer":"landuse","class_code":"204","class_label":"水面（河川水面、湖沼、ため池、用水路、濠、運河水面）"}},{"type":"Feature","id":"luse_7a865aab-3fb1-4a45-9b16-daeec0eebf3e","geometry":{"type":"Polygon","coordinates":[[[139.0821803,36.0549779],[139.0822026,36.0549858],[139.0822126,36.0549903],[139.0822224,36.054996],[139.0822472,36.0550165],[139.0822518,36.055032],[139.0822443,36.0550495],[139.0822424,36.0550683],[139.0822425,36.0550848],[139.0822418,36.0551167],[139.0822396,36.0551297],[139.0822334,36.0551387],[139.0822242,36.0551464],[139.0822104,36.0551533],[139.082171,36.0551656],[139.0821424,36.0551713],[139.0821199,36.0551821],[139.0821067,36.0551975],[139.0821036,36.0552086],[139.0821005,36.0552212],[139.0820977,36.0552373],[139.0820919,36.055253],[139.0820835,36.0552666],[139.0820667,36.055277],[139.0820484,36.0552821],[139.0820239,36.055282],[139.0820001,36.0552818],[139.081957,36.0552804],[139.081935,36.0552764],[139.0819196,36.0552704],[139.0819063,36.055264],[139.0818909,36.055252],[139.0818845,36.0552432],[139.0818828,36.055234],[139.0818852,36.0552214],[139.0818944,36.0552036],[139.0819106,36.0551799],[139.0819269,36.0551569],[139.0819378,36.0551426],[139.081964,36.0551102],[139.0819762,36.0551026],[139.081991,36.0550918],[139.0820154,36.0550675],[139.0820316,36.0550483],[139.082069,36.0550181],[139.0820851,36.0550056],[139.082099,36.0549969],[139.0821137,36.0549918],[139.0821302,36.0549867],[139.0821487,36.0549811],[139.0821652,36.0549771],[139.0821803,36.0549779]]]},"properties":{"layer":"landuse","class_code":"204","class_label":"水面（河川水面、湖沼、ため池、用水路、濠、運河水面）"}},{"type":"Feature","id":"luse_2ef66644-efc8-4552-a047-cf17b9ec655c","geometry":{"type":"Polygon","coordinates":[[[139.0840399,36.0550687],[139.0840467,36.0550764],[139.0840626,36.0550902],[139.0840644,36.0551206],[139.0840645,36.055141],[139.0840721,36.0551624],[139.0840777,36.055174],[139.0840874,36.0551867],[139.0840954,36.055199],[139.0841005,36.0552075],[139.0841093,36.0552373],[139.0841091,36.055258],[139.0841074,36.0552898],[139.0841018,36.0553291],[139.0840959,36.0553546],[139.084087,36.0553822],[139.0840737,36.0554119],[139.0840632,36.0554374],[139.0840603,36.0554584],[139.0840601,36.055477],[139.0840543,36.0554972],[139.0840425,36.0555133],[139.0840328,36.0555237],[139.0840215,36.0555338],[139.0840042,36.0555477],[139.0839937,36.0555585],[139.0839749,36.055579],[139.0839661,36.055601],[139.0839523,36.0556353],[139.0839417,36.0556527],[139.083919,36.0556862],[139.0839093,36.0557012],[139.083897,36.0557158],[139.0838631,36.0557489],[139.0838374,36.0557728],[139.0838182,36.0557909],[139.0838011,36.0558094],[139.0837867,36.0558268],[139.0837778,36.055851],[139.0837707,36.055874],[139.0837669,36.0559108],[139.0837668,36.0559234],[139.0837664,36.0559507],[139.0837636,36.0559731],[139.0837395,36.0559989],[139.0837244,36.0560065],[139.0837067,36.0560074],[139.0836761,36.0560068],[139.0836519,36.0560042],[139.0836011,36.0559965],[139.0835494,36.0559905],[139.0834831,36.0559767],[139.083425,36.0559571],[139.0834095,36.0559507],[139.0833984,36.0559411],[139.0833906,36.0559322],[139.0833891,36.0559306],[139.0833821,36.0559001],[139.083385,36.0558692],[139.0834055,36.0558066],[139.0834252,36.0557745],[139.0834461,36.0557551],[139.0834657,36.0557356],[139.0835113,36.0556767],[139.0835389,36.0556376],[139.0835669,36.0556046],[139.0836177,36.0555398],[139.0836296,36.0555104],[139.0836389,36.0554908],[139.0836594,36.0554665],[139.083686,36.0554421],[139.0837261,36.0554049],[139.0837418,36.0553851],[139.083758,36.0553642],[139.0837825,36.0553272],[139.0838058,36.0552954],[139.0838693,36.0552426],[139.0839155,36.0551998],[139.0839295,36.0551849],[139.0839305,36.0551838],[139.0839422,36.0551717],[139.0839575,36.0551441],[139.0839681,36.0551298],[139.0839812,36.0551036],[139.0839944,36.0550872],[139.0840031,36.055075],[139.0840162,36.0550657],[139.0840279,36.0550647],[139.0840399,36.0550687]]]},"properties":{"layer":"landuse","class_code":"204","class_label":"水面（河川水面、湖沼、ため池、用水路、濠、運河水面）"}},{"type":"Feature","id":"luse_c1c12662-3f72-40e3-9b74-166bc80cda49","geometry":{"type":"Polygon","coordinates":[[[139.0781017,36.0557542],[139.0781448,36.0557628],[139.0781679,36.0557674],[139.0781326,36.0557939],[139.0781276,36.0558068],[139.0781095,36.055813],[139.0780929,36.0558258],[139.0780872,36.0558343],[139.0780795,36.0558452],[139.0780695,36.055862],[139.0780678,36.0558747],[139.0780653,36.0558921],[139.0780627,36.0559061],[139.07806,36.0559188],[139.0780557,36.0559331],[139.0780515,36.0559443],[139.078048,36.0559585],[139.0780454,36.055975],[139.0780426,36.0559915],[139.078039,36.0560347],[139.078041,36.0560538],[139.0780444,36.0560819],[139.0780456,36.0560922],[139.0780478,36.0561003],[139.0780581,36.0561393],[139.0780592,36.0561436],[139.077997,36.0561612],[139.0779838,36.0561252],[139.0779817,36.0561178],[139.0779731,36.0560886],[139.0779648,36.0560516],[139.0779637,36.0560458],[139.0779583,36.0560085],[139.0779552,36.0559709],[139.077955,36.0559333],[139.0779571,36.0558957],[139.0779585,36.055883],[139.0779633,36.0558431],[139.0779707,36.0558036],[139.0779808,36.0557643],[139.0779913,36.0557326],[139.0780096,36.0557361],[139.07801,36.0557362],[139.0780186,36.0557117],[139.0780596,36.0556072],[139.0781118,36.0554865],[139.0782259,36.0552159],[139.0782835,36.0550534],[139.0782886,36.0550391],[139.0783236,36.0549402],[139.078421,36.0549633],[139.0784531,36.0549709],[139.0784162,36.0550136],[139.0783924,36.0550429],[139.0783854,36.0550546],[139.0783817,36.0550691],[139.0783789,36.0550863],[139.0783746,36.0551049],[139.0783645,36.0551285],[139.0783567,36.0551409],[139.078341,36.0551715],[139.0783057,36.0552207],[139.0782845,36.0552456],[139.0782763,36.0552664],[139.0782668,36.0552848],[139.0782584,36.0553081],[139.0782536,36.0553288],[139.0782363,36.0553615],[139.0782317,36.0553739],[139.0782267,36.0553894],[139.0782085,36.0554343],[139.0782027,36.0554482],[139.0781952,36.0554677],[139.0781873,36.0554928],[139.0781817,36.0555125],[139.0781707,36.0555474],[139.0781601,36.0555828],[139.0781198,36.0556918],[139.0781134,36.0557123],[139.0781078,36.0557323],[139.0781017,36.0557542]]]},"properties":{"layer":"landuse","class_code":"204","class_label":"水面（河川水面、湖沼、ため池、用水路、濠、運河水面）"}},{"type":"Feature","id":"luse_957a79b8-0e97-4fc4-a643-8ab0fe64c723","geometry":{"type":"Polygon","coordinates":[[[139.0864928,36.0568168],[139.0865459,36.0568275],[139.0865657,36.0568338],[139.086583,36.0568478],[139.0865922,36.0568613],[139.086598,36.0568778],[139.0866011,36.05691],[139.0866012,36.0569269],[139.0865937,36.0569593],[139.0865757,36.0569791],[139.0863486,36.0570779],[139.0858814,36.0572771],[139.085683,36.0573605],[139.0856553,36.05737],[139.0856421,36.0573723],[139.0856277,36.0573722],[139.0856112,36.0573711],[139.085598,36.0573634],[139.0855845,36.0573442],[139.0855486,36.0572934],[139.0854936,36.0572406],[139.0854274,36.0571563],[139.0854225,36.057136],[139.0854244,36.0571218],[139.0854317,36.0571108],[139.0855195,36.0570793],[139.0857576,36.0570147],[139.0858058,36.0570013],[139.0858419,36.0569964],[139.0858985,36.05699],[139.0860503,36.0569782],[139.086086,36.0569743],[139.0861163,36.0569666],[139.0861469,36.0569513],[139.0861696,36.0569391],[139.0861893,36.0569288],[139.0862059,36.0569197],[139.0862366,36.0569081],[139.086275,36.0568974],[139.0863404,36.0568606],[139.0864308,36.0568274],[139.0864443,36.0568215],[139.0864479,36.0568199],[139.0864712,36.0568167],[139.0864928,36.0568168]]]},"properties":{"layer":"landuse","class_code":"204","class_label":"水面（河川水面、湖沼、ため池、用水路、濠、運河水面）"}},{"type":"Feature","id":"luse_3c995394-ca46-406b-924b-8dcb20ba286f","geometry":{"type":"Polygon","coordinates":[[[139.07898950650406,36.05833333333333],[139.0789855,36.058324],[139.0789781,36.0583033],[139.078972,36.0582822],[139.0789674,36.0582609],[139.0789643,36.0582394],[139.0789626,36.0582178],[139.0789624,36.0581962],[139.0789636,36.0581746],[139.0789656,36.0581565],[139.0789695,36.0581351],[139.0789748,36.0581139],[139.0789816,36.058093],[139.0789896,36.0580723],[139.0789992,36.0580522],[139.07901,36.0580325],[139.0790222,36.0580132],[139.0791384,36.0578432],[139.0791354,36.057793],[139.0791667,36.0577872],[139.0791923,36.0577825],[139.0791987,36.0577573],[139.0792114,36.0577118],[139.0792177,36.0576886],[139.0792226,36.0576651],[139.0792248,36.0576516],[139.0792263,36.0576422],[139.0792297,36.0576133],[139.0792314,36.0575917],[139.0792343,36.0575624],[139.0792366,36.0575343],[139.0792377,36.057481],[139.0792364,36.0574552],[139.0792334,36.0574355],[139.0792303,36.0574059],[139.0792287,36.057393],[139.0792257,36.0573757],[139.0792219,36.0573609],[139.0792197,36.0573459],[139.0792146,36.0573236],[139.0792071,36.0573037],[139.0791737,36.0572526],[139.0791427,36.0572154],[139.0791344,36.0571966],[139.0791225,36.0571599],[139.0791156,36.0571359],[139.0791096,36.057118],[139.0791039,36.0571011],[139.0790989,36.0570894],[139.0790673,36.0570396],[139.0790192,36.0570383],[139.0789957,36.0570376],[139.0790008,36.0570017],[139.0790024,36.0569899],[139.0790038,36.0569762],[139.0790037,36.0569616],[139.0790023,36.0569495],[139.07899,36.0569268],[139.0789804,36.0569155],[139.0789634,36.0568981],[139.0789495,36.0568865],[139.078936,36.0568752],[139.0789181,36.056863],[139.0789041,36.0568535],[139.0788876,36.0568434],[139.0788784,36.0568354],[139.0788485,36.0568106],[139.0788407,36.056804],[139.0788339,36.0567973],[139.0788285,36.0567919],[139.0788178,36.056782],[139.0788008,36.0567735],[139.0787942,36.0567702],[139.0787411,36.0567458],[139.0785277,36.0566236],[139.078495,36.0566055],[139.0782504,36.05647],[139.0782275,36.0564569],[139.0782026,36.0564412],[139.0781789,36.0564244],[139.0781563,36.0564065],[139.0781533,36.056404],[139.0781322,36.056385],[139.0781123,36.0563652],[139.0780938,36.0563445],[139.0780767,36.056323],[139.0780611,36.0563007],[139.0780293,36.0562358],[139.078008,36.0561867],[139.0780595,36.0561721],[139.0780683,36.0561696],[139.0780862,36.0562035],[139.0781235,36.0562575],[139.0781341,36.0562764],[139.078148,36.0563148],[139.0781576,36.0563315],[139.0781665,36.0563417],[139.0781783,36.0563564],[139.0781905,36.0563685],[139.0782098,36.0563876],[139.078217,36.0563932],[139.0782288,36.0564023],[139.0782414,36.0564119],[139.0782448,36.0564145],[139.0782664,36.0564307],[139.0782843,36.0564418],[139.0783018,36.0564503],[139.0783189,36.056455],[139.0783211,36.0564555],[139.0783392,36.0564601],[139.0783724,36.0564695],[139.0783843,36.0564744],[139.0784073,36.0564841],[139.0784527,36.0565],[139.0784754,36.0565098],[139.0785019,36.0565229],[139.0785218,36.0565355],[139.0785434,36.0565508],[139.0785769,36.0565754],[139.0785976,36.056587],[139.0786253,36.0566026],[139.0786525,36.056621],[139.0786667,36.0566309],[139.078678,36.0566387],[139.0787024,36.0566528],[139.0787269,36.0566639],[139.0787413,36.0566685],[139.0787779,36.0566804],[139.0787974,36.0566893],[139.0788235,36.0567077],[139.0788346,36.0567162],[139.0788527,36.0567336],[139.0788682,36.0567504],[139.0788835,36.0567685],[139.0789025,36.0567886],[139.0789181,36.0568004],[139.0789458,36.0568158],[139.0789688,36.0568284],[139.0790036,36.0568511],[139.079017,36.0568645],[139.0790246,36.0568746],[139.0790344,36.0568921],[139.0790437,36.0569105],[139.0790505,36.0569272],[139.0790551,36.0569426],[139.0790598,36.0569608],[139.0790666,36.0569769],[139.0790857,36.0570098],[139.0791003,36.0570294],[139.0791509,36.0570137],[139.079152,36.0570156],[139.079154,36.0570598],[139.0791539,36.057062],[139.0791534,36.0570759],[139.079154,36.0570898],[139.0791554,36.0571038],[139.0791578,36.0571176],[139.0791611,36.0571313],[139.0791653,36.0571449],[139.0791704,36.0571581],[139.0791764,36.0571712],[139.0791833,36.0571841],[139.079191,36.0571966],[139.079197,36.0572053],[139.0792062,36.057217],[139.0792161,36.0572284],[139.0792268,36.0572394],[139.0792381,36.0572499],[139.0792502,36.0572599],[139.079263,36.0572692],[139.0792731,36.0572759],[139.0792723,36.0573088],[139.0792731,36.0573265],[139.0792747,36.057348],[139.0792768,36.0573731],[139.0792791,36.0574017],[139.07928,36.0574288],[139.0792795,36.0574526],[139.0792791,36.0574709],[139.0792799,36.0574901],[139.0792843,36.0575115],[139.0792877,36.0575245],[139.0792926,36.0575411],[139.0792972,36.0575543],[139.0793018,36.0575691],[139.0793065,36.0575835],[139.0793079,36.0576043],[139.0793082,36.0576234],[139.0793076,36.0576495],[139.0793054,36.0576659],[139.0793019,36.0576835],[139.0792996,36.0577056],[139.0792971,36.0577264],[139.0792952,36.0577411],[139.0792936,36.0577619],[139.0792929,36.0577822],[139.0792927,36.0577965],[139.0792928,36.0578055],[139.0793158,36.0578341],[139.0792858,36.0578593],[139.0792767,36.0578596],[139.0792642,36.0578595],[139.0792523,36.0578586],[139.0792409,36.0578571],[139.0792313,36.0578561],[139.0792096,36.0578556],[139.0792062,36.057856],[139.0791978,36.057857],[139.0791852,36.0578608],[139.0791717,36.0578693],[139.0791596,36.0578794],[139.0791492,36.0578895],[139.0791368,36.0579082],[139.0791121,36.0579425],[139.079078,36.0579886],[139.0790702,36.0580021],[139.079059,36.0580201],[139.0790445,36.0580392],[139.0790322,36.0580553],[139.0790189,36.0580735],[139.0790124,36.058088],[139.0790099,36.0581036],[139.079011,36.0581202],[139.0790181,36.0581521],[139.0790211,36.058163],[139.0790219,36.0581784],[139.0790219,36.0581839],[139.079022,36.0581965],[139.0790226,36.0582135],[139.0790232,36.05823],[139.0790269,36.0582431],[139.0790359,36.0582627],[139.0790472,36.0582853],[139.0790536,36.0582982],[139.0790681,36.0583179],[139.07908048363274,36.05833333333333],[139.08014002969188,36.05833333333333],[139.0801426,36.0583136],[139.0801447,36.0582943],[139.0801484,36.0582789],[139.080155,36.0582648],[139.0801672,36.0582419],[139.080247,36.0581409],[139.0803378,36.0580456],[139.080353,36.0580332],[139.0804463,36.0579649],[139.0804678,36.0579529],[139.0804872,36.0579414],[139.0805042,36.0579364],[139.0805183,36.0579338],[139.0805332,36.0579341],[139.0805455,36.0579363],[139.0805909,36.0579905],[139.0806015,36.0580218],[139.0806081,36.0580352],[139.0806151,36.0580467],[139.080623,36.0580578],[139.0806319,36.0580683],[139.0806417,36.0580784],[139.0806524,36.0580879],[139.0806638,36.0580967],[139.0806763,36.058105],[139.080685,36.05811],[139.0806986,36.058117],[139.0807125,36.0581231],[139.0807269,36.0581283],[139.0807417,36.0581327],[139.0807569,36.0581363],[139.0807723,36.0581389],[139.080788,36.0581406],[139.0808037,36.0581414],[139.0808074,36.0581414],[139.0808357,36.0581403],[139.0808509,36.0581384],[139.0808665,36.0581355],[139.0808789,36.0581326],[139.0809543,36.0581135],[139.0809809,36.0581068],[139.0810298,36.0580871],[139.0810387,36.058082],[139.0810543,36.0580632],[139.0810817,36.0580566],[139.0811355,36.0580374],[139.0811565,36.0580259],[139.0811745,36.0580103],[139.0811854,36.058],[139.0811929,36.0579867],[139.0812192,36.0579332],[139.0813542,36.0576864],[139.0813653,36.0576904],[139.081384,36.0576971],[139.0813425,36.0577755],[139.0813046,36.0578472],[139.0812718,36.0579229],[139.0812554,36.0579775],[139.0811987,36.0580429],[139.0811828,36.0580534],[139.0811035,36.058097],[139.0810605,36.0581212],[139.0809992,36.0581493],[139.0809727,36.058156],[139.0808949,36.0581757],[139.0808804,36.0581792],[139.0808611,36.0581827],[139.0808488,36.0581843],[139.0808208,36.0581863],[139.0808022,36.0581865],[139.0807824,36.0581855],[139.0807629,36.0581833],[139.0807435,36.05818],[139.0807246,36.0581756],[139.080706,36.0581701],[139.0806879,36.0581635],[139.0806706,36.0581559],[139.0806539,36.0581474],[139.0806424,36.0581407],[139.0806271,36.0581305],[139.0806128,36.0581194],[139.0805995,36.0581076],[139.0805872,36.0580951],[139.0805761,36.0580818],[139.0805661,36.0580679],[139.0805575,36.0580535],[139.08055,36.0580387],[139.0805494,36.0580093],[139.0805259,36.057961],[139.0805216,36.0579609],[139.0805135,36.0579624],[139.080503,36.0579655],[139.0804872,36.0579751],[139.0804669,36.0579862],[139.080376,36.0580529],[139.0803629,36.0580635],[139.0802743,36.0581565],[139.0801967,36.0582547],[139.0801858,36.058275],[139.0801805,36.0582863],[139.0801777,36.058298],[139.0801758,36.0583162],[139.08017354943502,36.05833333333333],[139.07898950650406,36.05833333333333]]]},"properties":{"layer":"landuse","class_code":"204","class_label":"水面（河川水面、湖沼、ため池、用水路、濠、運河水面）"}},{"type":"Feature","id":"luse_cbc6ad96-2e9f-47d2-9cb8-e6c88b5b88ea","geometry":{"type":"Polygon","coordinates":[[[139.0782257,36.053769],[139.0781642,36.0538101],[139.0781475,36.0538184],[139.0781471,36.0538183],[139.0781338,36.0538179],[139.0781299,36.0538178],[139.0781233,36.0538171],[139.0781167,36.0538158],[139.0780643,36.0537931],[139.0780507,36.0537873],[139.0780504,36.0537871],[139.0780168,36.0537731],[139.0780165,36.0537729],[139.0779971,36.053764],[139.0779399,36.0537501],[139.0779233,36.0537461],[139.0779031,36.0537409],[139.077825,36.0537266],[139.0778141,36.0537238],[139.0777999,36.0537184],[139.0777996,36.0537183],[139.0777511,36.0536971],[139.077688,36.0536577],[139.0776481,36.053629],[139.0776417,36.0536213],[139.0776381,36.0536146],[139.0776351,36.053607],[139.0776338,36.0536016],[139.0776206,36.0535394],[139.0776182,36.0535239],[139.0776159,36.0535134],[139.0775952,36.0534422],[139.0775964,36.0534341],[139.0776,36.0534283],[139.0776109,36.0534168],[139.0776391,36.0533865],[139.0776964,36.0534317],[139.0776843,36.053441],[139.0777164,36.0534476],[139.0777889,36.053505],[139.0777986,36.0535049],[139.0778101,36.0535061],[139.077824,36.0535089],[139.0778364,36.05351],[139.0778421,36.05351],[139.077851,36.0535086],[139.0778685,36.0535036],[139.0778737,36.053502],[139.0778821,36.0535013],[139.0778928,36.0535026],[139.0779012,36.0535049],[139.0779097,36.0535116],[139.0779166,36.0535215],[139.0779258,36.0535286],[139.0779367,36.053536],[139.0779469,36.0535414],[139.0779604,36.0535521],[139.077974,36.0535639],[139.0780132,36.0535848],[139.078029,36.0535999],[139.0780399,36.0536107],[139.0780496,36.0536205],[139.078067,36.0536362],[139.0780841,36.0536515],[139.0781021,36.0536676],[139.0781175,36.0536811],[139.0781572,36.0537123],[139.0781709,36.0537241],[139.0781737,36.0537266],[139.0781875,36.0537388],[139.0782203,36.053765],[139.0782209,36.0537654],[139.0782257,36.053769]]]},"properties":{"layer":"landuse","class_code":"205","class_label":"その他自然地（原野・牧野、荒れ地（耕作放棄地等自然的状況のもの）、低湿地、河川敷・河原、海浜、湖岸）"}},{"type":"Feature","id":"luse_9a73975a-7f76-4ecd-9041-be82fee08d83","geometry":{"type":"Polygon","coordinates":[[[139.0782594,36.0537988],[139.07827,36.0538105],[139.0782804,36.053823],[139.0782903,36.0538334],[139.0783048,36.0538415],[139.0783228,36.0538496],[139.0783412,36.0538607],[139.0783999,36.0538944],[139.0784138,36.0539048],[139.0784294,36.0539237],[139.0784389,36.0539405],[139.078448,36.053954],[139.0784594,36.0539639],[139.0784722,36.0539736],[139.0784864,36.0539837],[139.0785009,36.053992],[139.0785037,36.0539936],[139.0785238,36.0540087],[139.07854,36.0540268],[139.0785493,36.0540395],[139.0785588,36.0540558],[139.0785686,36.054077],[139.0785758,36.0540964],[139.0785822,36.054111],[139.0785902,36.0541285],[139.0785972,36.054145],[139.0786023,36.0541605],[139.0786095,36.0541776],[139.0786218,36.0542089],[139.0786232,36.0542288],[139.0786237,36.0542527],[139.0786243,36.0542719],[139.078626,36.0542889],[139.0786286,36.054312],[139.0786297,36.0543557],[139.0786295,36.0543728],[139.0786291,36.0543958],[139.0786275,36.0544164],[139.0786258,36.0544397],[139.0786223,36.0544665],[139.0786167,36.0544847],[139.0786079,36.054501],[139.0786023,36.0545129],[139.0785947,36.0545282],[139.0785866,36.0545359],[139.0785749,36.0545424],[139.0785622,36.0545494],[139.0785615,36.0545496],[139.0785336,36.0545559],[139.0785058,36.0545584],[139.0785103,36.0545493],[139.0785234,36.0545193],[139.0785345,36.0544887],[139.0785434,36.0544576],[139.0785502,36.0544262],[139.0785549,36.0543945],[139.0785561,36.0543823],[139.0785579,36.0543504],[139.0785575,36.0543185],[139.0785549,36.0542866],[139.0785502,36.054255],[139.0785434,36.0542236],[139.0785345,36.0541925],[139.0785333,36.0541891],[139.0785277,36.0541701],[139.0785208,36.0541515],[139.0785126,36.0541332],[139.0785033,36.0541152],[139.0784927,36.0540978],[139.0784893,36.0540926],[139.0784772,36.0540758],[139.0784641,36.0540596],[139.0784498,36.0540439],[139.0784345,36.0540289],[139.0784182,36.0540146],[139.0784016,36.0540015],[139.0783032,36.0539416],[139.0781927,36.0538729],[139.078181,36.053866],[139.0781853,36.0538309],[139.0782494,36.0537881],[139.0782594,36.0537988]]]},"properties":{"layer":"landuse","class_code":"205","class_label":"その他自然地（原野・牧野、荒れ地（耕作放棄地等自然的状況のもの）、低湿地、河川敷・河原、海浜、湖岸）"}},{"type":"Feature","id":"luse_96001b5e-2422-43e0-a1c7-903225548bd7","geometry":{"type":"Polygon","coordinates":[[[139.0782886,36.0550391],[139.0782835,36.0550534],[139.0782259,36.0552159],[139.0782221,36.0551531],[139.0782196,36.0550998],[139.0782223,36.0550769],[139.0782316,36.0550281],[139.0782547,36.0549973],[139.078288,36.0549672],[139.0783236,36.0549402],[139.0782886,36.0550391]]]},"properties":{"layer":"landuse","class_code":"205","class_label":"その他自然地（原野・牧野、荒れ地（耕作放棄地等自然的状況のもの）、低湿地、河川敷・河原、海浜、湖岸）"}},{"type":"Feature","id":"luse_c0c397f3-e40c-4bbc-9804-a46c32050036","geometry":{"type":"Polygon","coordinates":[[[139.0807891,36.0572696],[139.0807606,36.0573146],[139.0807503,36.0573314],[139.080717,36.0572592],[139.0807108,36.057248],[139.0807034,36.0572383],[139.0806626,36.0572041],[139.0806386,36.0572228],[139.0804153,36.057074],[139.0802177,36.0571923],[139.0800474,36.0571224],[139.0800594,36.0570969],[139.0800803,36.057035],[139.0800957,36.0569671],[139.080102,36.0569465],[139.0801091,36.0569287],[139.0801151,36.0569174],[139.0801158,36.0569161],[139.0801253,36.056906],[139.0801352,36.0569001],[139.0801475,36.0568965],[139.0801479,36.0568964],[139.0801576,36.0568954],[139.0801739,36.0568944],[139.0801742,36.0568944],[139.0801943,36.0568946],[139.0802278,36.0568956],[139.0802281,36.0568956],[139.0804428,36.0569487],[139.0804741,36.0569564],[139.0805771,36.0570021],[139.0806591,36.0570151],[139.0808273,36.0570693],[139.0808008,36.0571161],[139.0807891,36.0572696]]]},"properties":{"layer":"landuse","class_code":"205","class_label":"その他自然地（原野・牧野、荒れ地（耕作放棄地等自然的状況のもの）、低湿地、河川敷・河原、海浜、湖岸）"}},{"type":"Feature","id":"luse_58e2a5c4-a651-40f9-8608-af85b8b2c418","geometry":{"type":"Polygon","coordinates":[[[139.075805,36.0510609],[139.0757706,36.0510959],[139.0757701,36.0510964],[139.075766,36.0511005],[139.075762,36.0511051],[139.0757582,36.0511098],[139.075755,36.0511146],[139.075752,36.0511196],[139.0757493,36.0511248],[139.0757469,36.05113],[139.075745,36.0511354],[139.0757434,36.0511408],[139.0757421,36.0511462],[139.0757413,36.0511518],[139.0757408,36.0511573],[139.0757406,36.0511628],[139.0757409,36.0511684],[139.0757413,36.0511738],[139.0757417,36.0511756],[139.0757428,36.051181],[139.0757443,36.0511864],[139.0757461,36.0511918],[139.0757481,36.051197],[139.0757506,36.0512022],[139.0757535,36.0512073],[139.0757579,36.051214],[139.0758137,36.0512591],[139.0758502,36.0512885],[139.0758516,36.0512904],[139.0758552,36.0512972],[139.0758551,36.0512988],[139.0758073,36.0513796],[139.0757999,36.0513911],[139.0757812,36.051385],[139.0757546,36.0513704],[139.0757435,36.0513637],[139.0757115,36.0513444],[139.0756703,36.0513165],[139.0756311,36.0512868],[139.0756158,36.0512743],[139.0755797,36.051242],[139.0755458,36.0512083],[139.0755144,36.0511729],[139.0754855,36.0511362],[139.0753763,36.05097],[139.0753691,36.0509591],[139.0754083,36.0508915],[139.0754163,36.0508748],[139.0755592,36.0509571],[139.0755924,36.0509313],[139.075805,36.0510609]]]},"properties":{"layer":"landuse","class_code":"211","class_label":"住宅用地（住宅、共同住宅、店舗等併用住宅、店舗等併用共同住宅、作業所併用住宅）"}},{"type":"Feature","id":"luse_3f550ace-247f-4d2f-883f-8592e8234f0e","geometry":{"type":"Polygon","coordinates":[[[139.076679,36.0520436],[139.0766765,36.0520447],[139.0766214,36.052059],[139.0766017,36.0520641],[139.0765939,36.0520653],[139.0765927,36.0520656],[139.0765837,36.0520673],[139.0765646,36.0520722],[139.0765418,36.0520774],[139.0765368,36.0520803],[139.0765325,36.0520864],[139.0765184,36.0521017],[139.0765001,36.0521216],[139.0764903,36.0521298],[139.0764663,36.05215],[139.0764618,36.0521528],[139.0764527,36.0521568],[139.0764305,36.0521667],[139.0764245,36.0521691],[139.0763906,36.0521822],[139.0763496,36.0521955],[139.0763076,36.0522068],[139.0762642,36.0522159],[139.0762561,36.0522172],[139.0762525,36.0522177],[139.0762201,36.0522227],[139.0761763,36.0522272],[139.0761322,36.0522295],[139.0761257,36.0522294],[139.0761076,36.0522294],[139.0760895,36.0522294],[139.0760561,36.0522253],[139.0760195,36.052219],[139.0760192,36.0522189],[139.0759832,36.0522106],[139.0759477,36.0522005],[139.0759127,36.0521884],[139.0759024,36.0521844],[139.0758976,36.0521823],[139.0758718,36.0521419],[139.0758441,36.0520463],[139.0758261,36.0519853],[139.0759421,36.0519541],[139.0760209,36.0519369],[139.0760485,36.0519359],[139.0762792,36.0519336],[139.0763965,36.0519847],[139.0765613,36.0519021],[139.0765888,36.0519141],[139.076679,36.0520436]]]},"properties":{"layer":"landuse","class_code":"211","class_label":"住宅用地（住宅、共同住宅、店舗等併用住宅、店舗等併用共同住宅、作業所併用住宅）"}},{"type":"Feature","id":"luse_9ee6066c-e9dc-469a-a64e-2b65970b71ec","geometry":{"type":"Polygon","coordinates":[[[139.0757527,36.0525806],[139.0754011,36.0526739],[139.0753804,36.0526376],[139.0753222,36.0525475],[139.0753094,36.0525309],[139.0753089,36.0525296],[139.075263,36.0524626],[139.0752385,36.0524245],[139.0752204,36.0523943],[139.0751945,36.0523384],[139.0751448,36.0522314],[139.0751412,36.0522236],[139.0753355,36.0522288],[139.0754005,36.052232],[139.0754562,36.0524363],[139.0756872,36.0523992],[139.0757527,36.0525806]]]},"properties":{"layer":"landuse","class_code":"211","class_label":"住宅用地（住宅、共同住宅、店舗等併用住宅、店舗等併用共同住宅、作業所併用住宅）"}},{"type":"Feature","id":"luse_b0647e22-c6d7-4a2f-9714-499640f69fab","geometry":{"type":"Polygon","coordinates":[[[139.0791557,36.053257],[139.0790509,36.053288],[139.0790177,36.0532284],[139.0791192,36.0531933],[139.0791557,36.053257]]]},"properties":{"layer":"landuse","class_code":"211","class_label":"住宅用地（住宅、共同住宅、店舗等併用住宅、店舗等併用共同住宅、作業所併用住宅）"}},{"type":"Feature","id":"luse_6f519cf4-27e1-47b9-91e9-621047851758","geometry":{"type":"Polygon","coordinates":[[[139.0757443,36.0533178],[139.0757891,36.0533803],[139.075725,36.0534338],[139.0756323,36.0535114],[139.0753508,36.0532422],[139.0751701,36.0533317],[139.0750794,36.0531822],[139.0750644,36.0530083],[139.0751708,36.052982],[139.0752867,36.0529451],[139.0753229,36.0529329],[139.0753609,36.05292],[139.0754012,36.0529065],[139.075412,36.0529059],[139.0754229,36.0529076],[139.0754315,36.0529116],[139.0754464,36.0529183],[139.0754599,36.0529386],[139.0755268,36.0530306],[139.0755456,36.053054],[139.075577,36.0530929],[139.0755689,36.0530985],[139.0757443,36.0533178]]]},"properties":{"layer":"landuse","class_code":"211","class_label":"住宅用地（住宅、共同住宅、店舗等併用住宅、店舗等併用共同住宅、作業所併用住宅）"}},{"type":"Feature","id":"luse_9dacf607-df08-42e0-b728-a6c679eeeb89","geometry":{"type":"Polygon","coordinates":[[[139.0797174,36.0534027],[139.0796817,36.053449],[139.0797318,36.0535924],[139.0795279,36.0537247],[139.0794445,36.0535358],[139.0795038,36.0534729],[139.0793708,36.0534101],[139.0792688,36.0532855],[139.0793897,36.0532493],[139.0794581,36.0532272],[139.0797174,36.0534027]]]},"properties":{"layer":"landuse","class_code":"211","class_label":"住宅用地（住宅、共同住宅、店舗等併用住宅、店舗等併用共同住宅、作業所併用住宅）"}},{"type":"Feature","id":"luse_13a03890-e872-4b42-bfee-0effea7b2e90","geometry":{"type":"Polygon","coordinates":[[[139.0783983,36.05312],[139.0784022,36.0531268],[139.0784173,36.0531409],[139.0784323,36.0531547],[139.0785399,36.0532511],[139.0786725,36.0533671],[139.0787241,36.0534174],[139.0787701,36.0534623],[139.0787713,36.0534634],[139.0787747,36.0534712],[139.0787747,36.053472],[139.0787451,36.0535109],[139.0787419,36.0535144],[139.0787373,36.0535185],[139.0787323,36.0535225],[139.078728,36.0535252],[139.0787222,36.0535286],[139.0787165,36.0535316],[139.0787107,36.0535342],[139.0787043,36.0535364],[139.0786979,36.0535383],[139.0786906,36.05354],[139.0786871,36.0535407],[139.0786836,36.0535414],[139.0786047,36.053558],[139.0784849,36.053595],[139.0784446,36.0536129],[139.0784119,36.0536293],[139.0783768,36.0536489],[139.0783434,36.0536702],[139.078312,36.0536922],[139.078308,36.0536951],[139.0782924,36.0537071],[139.0782888,36.053727],[139.0782791,36.0537333],[139.0781159,36.053609],[139.0781297,36.0535868],[139.0781344,36.0535763],[139.07814,36.0535608],[139.0781442,36.0535451],[139.078147,36.0535291],[139.0781484,36.0535131],[139.0781486,36.0535099],[139.0781483,36.0534938],[139.0781465,36.0534778],[139.0781435,36.0534619],[139.078139,36.0534462],[139.078135,36.0534105],[139.0781323,36.0533857],[139.078133,36.0533715],[139.0781394,36.0533526],[139.0781456,36.0533385],[139.0781565,36.0533247],[139.0782039,36.0532782],[139.0782169,36.0532672],[139.0782256,36.0532588],[139.078234,36.0532482],[139.0782712,36.0531963],[139.0783078,36.0531497],[139.0783156,36.0531417],[139.0783329,36.0531303],[139.0783435,36.0531259],[139.0783484,36.0531249],[139.078357,36.0531231],[139.0783852,36.0531199],[139.078398,36.05312],[139.0783983,36.05312]]]},"properties":{"layer":"landuse","class_code":"211","class_label":"住宅用地（住宅、共同住宅、店舗等併用住宅、店舗等併用共同住宅、作業所併用住宅）"}},{"type":"Feature","id":"luse_2827b91d-3896-46af-980f-267bd6bb68fb","geometry":{"type":"Polygon","coordinates":[[[139.0770244,36.0535881],[139.0770179,36.0536029],[139.0769835,36.0536195],[139.0768159,36.0537006],[139.0767149,36.0537495],[139.0766814,36.0537202],[139.0766684,36.0537088],[139.0766593,36.0537008],[139.0765608,36.053615],[139.0765664,36.0536136],[139.0766462,36.0535937],[139.0766396,36.0535765],[139.0766243,36.0535804],[139.0766239,36.0535803],[139.0765966,36.0535777],[139.0765962,36.0535777],[139.076587,36.0535768],[139.0765825,36.0535752],[139.0765592,36.0535668],[139.0765246,36.0535484],[139.0766923,36.0534763],[139.0768111,36.0534204],[139.0768173,36.0534107],[139.0767875,36.0533629],[139.076807,36.0533663],[139.0768356,36.0533698],[139.0769198,36.0533692],[139.0769427,36.0533737],[139.0769552,36.0533781],[139.0769725,36.0533939],[139.0770276,36.0535576],[139.0770279,36.0535735],[139.0770244,36.0535881]]]},"properties":{"layer":"landuse","class_code":"211","class_label":"住宅用地（住宅、共同住宅、店舗等併用住宅、店舗等併用共同住宅、作業所併用住宅）"}},{"type":"Feature","id":"luse_096a5882-2818-498a-8540-b71b83376a30","geometry":{"type":"Polygon","coordinates":[[[139.0771004,36.0537728],[139.0771261,36.0537857],[139.077255,36.0538712],[139.0772676,36.0538915],[139.0772705,36.0539149],[139.0771779,36.0539887],[139.077116,36.0539992],[139.0770962,36.0540026],[139.077043,36.0539777],[139.0769599,36.0539351],[139.0769071,36.0538987],[139.076969,36.0538376],[139.0770309,36.0537764],[139.0770474,36.0537676],[139.0770776,36.0537666],[139.0771004,36.0537728]]]},"properties":{"layer":"landuse","class_code":"211","class_label":"住宅用地（住宅、共同住宅、店舗等併用住宅、店舗等併用共同住宅、作業所併用住宅）"}},{"type":"Feature","id":"luse_46a3bc3b-6e40-4ff7-a6d3-4bfbabaf2900","geometry":{"type":"Polygon","coordinates":[[[139.0789682,36.0538196],[139.0788564,36.054015],[139.0788335,36.0540551],[139.0788243,36.0540592],[139.0787917,36.0540589],[139.0787521,36.0540518],[139.0786252,36.053994],[139.078565,36.0539676],[139.0785574,36.0539557],[139.0785271,36.0539202],[139.0784971,36.0538932],[139.078402,36.0538206],[139.0783068,36.0537497],[139.0783098,36.0537478],[139.0783491,36.0537565],[139.0783649,36.0537447],[139.0783674,36.0537427],[139.0783962,36.0537224],[139.0784263,36.0537035],[139.0784574,36.0536859],[139.0784862,36.0536714],[139.0784865,36.0536713],[139.0785199,36.0536565],[139.0786328,36.0536217],[139.0786547,36.0536157],[139.0786664,36.0536125],[139.0786804,36.0536157],[139.0786863,36.0536187],[139.0786948,36.0536297],[139.0787329,36.053692],[139.0787426,36.0537078],[139.0787573,36.0537218],[139.0787725,36.0537335],[139.0787763,36.0537362],[139.0787927,36.0537463],[139.0788108,36.0537554],[139.0788297,36.053763],[139.0788329,36.053764],[139.0788438,36.0537675],[139.0789407,36.0538074],[139.078941,36.0538076],[139.0789682,36.0538196]]]},"properties":{"layer":"landuse","class_code":"211","class_label":"住宅用地（住宅、共同住宅、店舗等併用住宅、店舗等併用共同住宅、作業所併用住宅）"}},{"type":"Feature","id":"luse_dc0b8f1c-7dda-4a7a-8574-feb747d4c41a","geometry":{"type":"Polygon","coordinates":[[[139.0757677,36.0543258],[139.0756859,36.0543423],[139.0756551,36.0542624],[139.0755827,36.0542781],[139.0755042,36.054082],[139.0756405,36.0540256],[139.0755414,36.0538833],[139.0754566,36.0539043],[139.075306,36.0539934],[139.0751543,36.0538251],[139.0750026,36.0536596],[139.0751311,36.0535907],[139.0752323,36.0536639],[139.0752503,36.0536721],[139.0752714,36.0536761],[139.0752994,36.0536766],[139.0753271,36.0536744],[139.0753509,36.0536672],[139.0753705,36.0536519],[139.0754768,36.0536418],[139.0754966,36.0536574],[139.0755387,36.0536223],[139.0755985,36.0535722],[139.0756453,36.0536484],[139.0757272,36.0538016],[139.0757457,36.0538236],[139.0758014,36.0538337],[139.0758528,36.053838],[139.0758713,36.0538403],[139.0758789,36.0538432],[139.0759317,36.0539352],[139.075993,36.0539158],[139.0759955,36.053924],[139.0759973,36.05393],[139.0760099,36.0539712],[139.0760101,36.053972],[139.075908,36.0539988],[139.0758978,36.054015],[139.0758972,36.0540291],[139.075935,36.0541864],[139.0757402,36.0542379],[139.0757677,36.0543258]]]},"properties":{"layer":"landuse","class_code":"211","class_label":"住宅用地（住宅、共同住宅、店舗等併用住宅、店舗等併用共同住宅、作業所併用住宅）"}},{"type":"Feature","id":"luse_73fe6f6d-571f-40fb-a316-d4b4a4c9288c","geometry":{"type":"Polygon","coordinates":[[[139.0782469,36.0544798],[139.07818,36.0545282],[139.0782027,36.0545571],[139.0782561,36.0546015],[139.0782721,36.0546187],[139.0782765,36.0546316],[139.0782782,36.0546539],[139.0782779,36.0546623],[139.0782161,36.0547277],[139.0782012,36.0547318],[139.0781792,36.054735],[139.0781356,36.0547329],[139.0781156,36.0547282],[139.0779656,36.0546423],[139.0778249,36.0545506],[139.0778217,36.0545382],[139.0778284,36.0545166],[139.0778351,36.054495],[139.0778501,36.0544827],[139.0778714,36.0544715],[139.0779965,36.0544305],[139.0780065,36.0544233],[139.0780114,36.0544159],[139.0780219,36.0543325],[139.0780206,36.0543238],[139.0780163,36.0543077],[139.0779964,36.0542755],[139.0780037,36.0542742],[139.0780159,36.054271],[139.0780163,36.0542709],[139.078028,36.0542667],[139.0780394,36.0542617],[139.0780504,36.0542557],[139.0780604,36.0542489],[139.0780628,36.0542469],[139.0780977,36.054248],[139.078129,36.0543583],[139.0781303,36.054407],[139.0781762,36.0544088],[139.0782469,36.0544798]]]},"properties":{"layer":"landuse","class_code":"211","class_label":"住宅用地（住宅、共同住宅、店舗等併用住宅、店舗等併用共同住宅、作業所併用住宅）"}},{"type":"Feature","id":"luse_3321c17f-bb77-485b-8bd3-906427f2e83b","geometry":{"type":"Polygon","coordinates":[[[139.0775787,36.0549548],[139.0775727,36.0549627],[139.0775699,36.0549703],[139.0775975,36.0550835],[139.0776115,36.0551409],[139.0776204,36.0551813],[139.0776202,36.0551998],[139.0776181,36.055215],[139.0776147,36.055228],[139.0776113,36.0552387],[139.0776013,36.0552571],[139.0775902,36.0552716],[139.0775716,36.0552874],[139.0773599,36.0553176],[139.0773409,36.0553182],[139.0773211,36.0553173],[139.0773079,36.0553122],[139.0772933,36.0552927],[139.0772912,36.0552658],[139.0772463,36.0551374],[139.0773662,36.0551127],[139.077305,36.0549338],[139.0772793,36.0548562],[139.0772549,36.0548615],[139.0772353,36.0548659],[139.0771325,36.0546927],[139.0770161,36.0546726],[139.0769845,36.0546583],[139.0768512,36.0546113],[139.0767341,36.0546618],[139.0765947,36.0547399],[139.0764897,36.0547875],[139.0764693,36.0547473],[139.0764243,36.0546538],[139.0764463,36.0545583],[139.0765713,36.0544389],[139.0766536,36.0543638],[139.0766823,36.0543374],[139.0766975,36.0543235],[139.0767562,36.0542658],[139.0767893,36.0542319],[139.0768282,36.0541789],[139.0768389,36.0541646],[139.0768513,36.0541511],[139.0768645,36.0541393],[139.0770237,36.0542441],[139.0769709,36.0542848],[139.0769052,36.0543355],[139.0768237,36.0544294],[139.076824,36.0544303],[139.0768257,36.0544352],[139.0769169,36.0544771],[139.0771744,36.0545963],[139.0772611,36.0546417],[139.0773148,36.0546698],[139.0773371,36.0546704],[139.0773761,36.0546569],[139.0774151,36.0546435],[139.0774392,36.0546353],[139.0774553,36.0546344],[139.0774699,36.0546371],[139.0775335,36.0546778],[139.077682,36.0547989],[139.0776829,36.0548105],[139.0776803,36.0548224],[139.0775787,36.0549548]]]},"properties":{"layer":"landuse","class_code":"211","class_label":"住宅用地（住宅、共同住宅、店舗等併用住宅、店舗等併用共同住宅、作業所併用住宅）"}},{"type":"Feature","id":"luse_6055d4b0-50e6-4ecf-b447-fdc2192518c9","geometry":{"type":"Polygon","coordinates":[[[139.0768469,36.0558759],[139.0768133,36.0558975],[139.0766538,36.0559361],[139.0766183,36.0559396],[139.0766033,36.0559401],[139.0765851,36.0559392],[139.0765669,36.0559334],[139.0765535,36.0559234],[139.0764664,36.055806],[139.0764446,36.0557349],[139.0764454,36.0556954],[139.0764347,36.0555576],[139.0764273,36.0555072],[139.0764106,36.0554143],[139.0763623,36.0552926],[139.0762886,36.0551624],[139.0762755,36.0551396],[139.0761962,36.0550009],[139.0761742,36.054955],[139.0761381,36.0548801],[139.0761261,36.0548342],[139.0761224,36.0548201],[139.0760886,36.0547904],[139.0760503,36.0547846],[139.0760114,36.0547825],[139.0759604,36.0547897],[139.0759092,36.0547969],[139.0757697,36.0546202],[139.0758264,36.0545822],[139.0759704,36.0544897],[139.0760767,36.0544465],[139.076134,36.054501],[139.0761439,36.0545033],[139.0761826,36.0544965],[139.0761834,36.0544997],[139.0762011,36.0545289],[139.0762749,36.0546509],[139.0763885,36.0548509],[139.0764015,36.0548737],[139.0764175,36.0549052],[139.0764869,36.0550419],[139.0765952,36.0552557],[139.0766151,36.0552951],[139.0766335,36.0553382],[139.0766721,36.0554288],[139.0766889,36.0554634],[139.0766885,36.0554642],[139.0766723,36.0554985],[139.0766562,36.055515],[139.0766478,36.0555395],[139.0766411,36.0555631],[139.0766362,36.0555871],[139.0766332,36.0556111],[139.0766319,36.0556266],[139.0766312,36.0556508],[139.0766322,36.055675],[139.0766347,36.0556984],[139.0766678,36.0556961],[139.0766655,36.0556733],[139.0766645,36.0556505],[139.0766652,36.0556277],[139.0766663,36.0556135],[139.0766694,36.0555908],[139.076674,36.0555683],[139.0766801,36.0555461],[139.0766865,36.0555275],[139.0766891,36.0555248],[139.0766983,36.0555153],[139.0767089,36.0555046],[139.0767095,36.055506],[139.0767256,36.0555392],[139.0768205,36.055735],[139.0768336,36.0557621],[139.0768356,36.0557704],[139.0768364,36.0557744],[139.0768418,36.0558047],[139.0768454,36.0558379],[139.0768462,36.0558543],[139.076847,36.0558725],[139.0768469,36.0558759]]]},"properties":{"layer":"landuse","class_code":"211","class_label":"住宅用地（住宅、共同住宅、店舗等併用住宅、店舗等併用共同住宅、作業所併用住宅）"}},{"type":"Feature","id":"luse_4226ed43-f7b5-4bb2-ba88-ad48e2156a17","geometry":{"type":"Polygon","coordinates":[[[139.0792905,36.0561397],[139.0792774,36.0561543],[139.0792676,36.0561618],[139.0790614,36.0562086],[139.0788795,36.0562271],[139.0788575,36.056226],[139.0788163,36.056221],[139.0787893,36.0562115],[139.0787745,36.0562034],[139.0787578,36.0561875],[139.0787464,36.0561668],[139.0787442,36.0561371],[139.0787836,36.0559955],[139.0788098,36.0559761],[139.0788166,36.0559782],[139.0788243,36.055981],[139.0788247,36.0559812],[139.0788322,36.0559844],[139.0788396,36.0559881],[139.0788469,36.0559921],[139.0788536,36.0559965],[139.0788599,36.0560013],[139.078866,36.0560064],[139.0788717,36.0560118],[139.0788768,36.0560174],[139.0788883,36.0560811],[139.0789211,36.0560772],[139.0789214,36.0560772],[139.0789144,36.0560387],[139.079292,36.0559995],[139.0792905,36.0561397]]]},"properties":{"layer":"landuse","class_code":"211","class_label":"住宅用地（住宅、共同住宅、店舗等併用住宅、店舗等併用共同住宅、作業所併用住宅）"}},{"type":"Feature","id":"luse_7cf726a1-1868-4ea5-9aa9-934310d8ef6c","geometry":{"type":"Polygon","coordinates":[[[139.0779277,36.0559698],[139.0779277,36.0559702],[139.0779277,36.0559717],[139.0779278,36.0560593],[139.0779341,36.0561461],[139.0779117,36.0561819],[139.0779179,36.0561933],[139.0779481,36.0562488],[139.0779573,36.0562602],[139.0780002,36.0562995],[139.0779691,36.0562942],[139.0779236,36.0562832],[139.0778618,36.0562643],[139.077781,36.0562288],[139.0776568,36.0561744],[139.0776042,36.0561501],[139.0776991,36.0559987],[139.077725,36.0559683],[139.077741,36.0559647],[139.0777807,36.0559604],[139.0779275,36.0559603],[139.0779277,36.0559698]]]},"properties":{"layer":"landuse","class_code":"211","class_label":"住宅用地（住宅、共同住宅、店舗等併用住宅、店舗等併用共同住宅、作業所併用住宅）"}},{"type":"Feature","id":"luse_0767a0ad-f322-4a23-ace5-6e8ed250e81f","geometry":{"type":"Polygon","coordinates":[[[139.0777285,36.0566066],[139.0777283,36.0566069],[139.0777141,36.0566097],[139.0777052,36.0566097],[139.0776852,36.0566058],[139.0774709,36.0565704],[139.0775243,36.0564109],[139.0776885,36.0564388],[139.0778077,36.0564338],[139.0778365,36.0564341],[139.0778064,36.0564429],[139.077792,36.0564477],[139.0777917,36.0564479],[139.0777806,36.0564528],[139.0777762,36.0564547],[139.0777593,36.0564665],[139.0777524,36.0564795],[139.0777398,36.0565103],[139.077766,36.0565175],[139.0777584,36.0565371],[139.077734,36.056599],[139.0777285,36.0566066]]]},"properties":{"layer":"landuse","class_code":"211","class_label":"住宅用地（住宅、共同住宅、店舗等併用住宅、店舗等併用共同住宅、作業所併用住宅）"}},{"type":"Feature","id":"luse_7327df7c-2578-4780-a5af-b4589ed954c0","geometry":{"type":"Polygon","coordinates":[[[139.0773349,36.0566306],[139.0772468,36.0568152],[139.0771812,36.0567909],[139.0769622,36.0567112],[139.076946,36.0567082],[139.0768837,36.0567013],[139.0769517,36.0565494],[139.0769686,36.0565116],[139.0773349,36.0566306]]]},"properties":{"layer":"landuse","class_code":"211","class_label":"住宅用地（住宅、共同住宅、店舗等併用住宅、店舗等併用共同住宅、作業所併用住宅）"}},{"type":"Feature","id":"luse_e61bba23-79c6-4854-a9a6-10ef1a21f35d","geometry":{"type":"Polygon","coordinates":[[[139.0768918,36.0571504],[139.0767256,36.0571394],[139.0766761,36.0570683],[139.0765848,36.0570271],[139.0765145,36.0569998],[139.0764824,36.0569986],[139.0765128,36.0569445],[139.0766786,36.0570111],[139.0766888,36.0568984],[139.0767943,36.0569015],[139.0769088,36.0569297],[139.0768918,36.0571504]]]},"properties":{"layer":"landuse","class_code":"211","class_label":"住宅用地（住宅、共同住宅、店舗等併用住宅、店舗等併用共同住宅、作業所併用住宅）"}},{"type":"Feature","id":"luse_0d6582ba-f3bd-4a80-a957-2952e530c809","geometry":{"type":"Polygon","coordinates":[[[139.0775938,36.057248],[139.0775799,36.05736],[139.0775672,36.0574322],[139.0772831,36.0574185],[139.0773068,36.0572344],[139.0775938,36.057248]]]},"properties":{"layer":"landuse","class_code":"211","class_label":"住宅用地（住宅、共同住宅、店舗等併用住宅、店舗等併用共同住宅、作業所併用住宅）"}},{"type":"Feature","id":"luse_0ea4567a-40ce-45c2-85c8-e3718ed26f7b","geometry":{"type":"Polygon","coordinates":[[[139.0841197,36.0574048],[139.0841768,36.0574189],[139.0842211,36.0574315],[139.084253,36.0574349],[139.0842742,36.0574365],[139.084288,36.0574369],[139.0842901,36.0574581],[139.0842366,36.0576409],[139.0842075,36.0577335],[139.0841522,36.0577078],[139.084075,36.0576754],[139.0839788,36.0576374],[139.0841044,36.0574008],[139.0841197,36.0574048]]]},"properties":{"layer":"landuse","class_code":"211","class_label":"住宅用地（住宅、共同住宅、店舗等併用住宅、店舗等併用共同住宅、作業所併用住宅）"}},{"type":"Feature","id":"luse_3a124935-5259-47d4-a19b-1f848f9cd20c","geometry":{"type":"Polygon","coordinates":[[[139.0754675,36.0574723],[139.0754515,36.0575294],[139.0754729,36.0575801],[139.0754431,36.0577063],[139.0754724,36.0577075],[139.0754396,36.0578218],[139.0752582,36.0577839],[139.0753063,36.057688],[139.075325,36.0576113],[139.0751319,36.0576096],[139.0750574,36.0576072],[139.075,36.05758777136775],[139.075,36.05749518324347],[139.0752218,36.0574812],[139.0753117,36.0574755],[139.0753121,36.0574755],[139.0753526,36.0574733],[139.075409,36.0574717],[139.0754654,36.0574722],[139.0754675,36.0574723]]]},"properties":{"layer":"landuse","class_code":"211","class_label":"住宅用地（住宅、共同住宅、店舗等併用住宅、店舗等併用共同住宅、作業所併用住宅）"}},{"type":"Feature","id":"luse_9bce19a2-b1e2-4a0c-82d2-881c4c7dce8f","geometry":{"type":"Polygon","coordinates":[[[139.0820909,36.0577922],[139.0820707,36.0578004],[139.0820514,36.0578095],[139.0820324,36.0578194],[139.0820142,36.0578301],[139.0819966,36.0578416],[139.0819906,36.057844],[139.0819765,36.0578489],[139.0819621,36.0578533],[139.0819475,36.057857],[139.0819327,36.0578599],[139.0819323,36.05786],[139.0819174,36.0578623],[139.0819108,36.0578631],[139.0819025,36.057864],[139.0819021,36.057864],[139.081887,36.057865],[139.0818716,36.0578653],[139.0818564,36.057865],[139.081856,36.057865],[139.0818409,36.057864],[139.0818257,36.0578622],[139.0818242,36.0578621],[139.0818238,36.057862],[139.0818091,36.0578597],[139.0818087,36.0578596],[139.0817941,36.0578565],[139.0817794,36.0578527],[139.0817651,36.0578483],[139.081751,36.0578432],[139.0817376,36.0578375],[139.081724,36.0578313],[139.0817187,36.0578285],[139.0817114,36.0578245],[139.081699,36.0578171],[139.0816913,36.0578125],[139.0816832,36.0578082],[139.081675,36.0578043],[139.0816666,36.0578009],[139.0816581,36.0577978],[139.0816577,36.0577977],[139.0816492,36.057795],[139.0816489,36.0577949],[139.0816401,36.0577927],[139.0816308,36.0577907],[139.0816216,36.0577892],[139.0816124,36.0577882],[139.081612,36.0577882],[139.0816028,36.0577875],[139.0815933,36.0577872],[139.0815838,36.0577873],[139.0815744,36.0577879],[139.0815671,36.0577887],[139.0815667,36.0577887],[139.0815576,36.05779],[139.0815507,36.0577913],[139.0815485,36.0577917],[139.0815394,36.0577938],[139.0815305,36.0577964],[139.0815217,36.0577993],[139.0815132,36.0578027],[139.0814395,36.0578227],[139.0814452,36.0578018],[139.081454,36.0577803],[139.0814639,36.0577558],[139.0814842,36.0577278],[139.0815211,36.0576757],[139.0815301,36.0576658],[139.0815397,36.0576564],[139.08155,36.0576474],[139.0815608,36.0576389],[139.0815724,36.0576309],[139.0815843,36.0576234],[139.0815965,36.0576165],[139.0816096,36.0576101],[139.0816229,36.0576043],[139.0816364,36.0575991],[139.081639,36.0575982],[139.081653,36.0575937],[139.0816674,36.0575898],[139.0816751,36.0575882],[139.0816821,36.0575866],[139.0816969,36.0575841],[139.0817118,36.0575822],[139.0817268,36.057581],[139.0817419,36.0575804],[139.081757,36.0575805],[139.0817654,36.0575808],[139.0818713,36.0575798],[139.082042,36.0575813],[139.0822436,36.0575832],[139.0823886,36.0575869],[139.0825176,36.0575901],[139.082518,36.0575901],[139.0825245,36.0575902],[139.0825486,36.0575902],[139.082579,36.0575889],[139.0825794,36.0575889],[139.082583,36.0575886],[139.0825874,36.0575883],[139.0825878,36.0575882],[139.0826181,36.0575852],[139.0826481,36.0575808],[139.0826485,36.0575807],[139.0826782,36.057575],[139.0827076,36.0575679],[139.0827364,36.0575596],[139.0827367,36.0575595],[139.082765,36.05755],[139.0827715,36.0575476],[139.0827924,36.0575363],[139.0828145,36.057526],[139.0828216,36.0575231],[139.0828369,36.0575167],[139.0828601,36.0575084],[139.0828762,36.0575033],[139.0828766,36.0575032],[139.0829004,36.0574968],[139.0829051,36.0574957],[139.0829246,36.0574914],[139.082925,36.0574913],[139.0829493,36.057487],[139.0829497,36.057487],[139.0829745,36.0574837],[139.0829831,36.057483],[139.0829997,36.0574816],[139.0830247,36.0574806],[139.0830251,36.0574806],[139.0830463,36.0574806],[139.0830467,36.0574806],[139.0831295,36.0574876],[139.0831626,36.0574915],[139.083163,36.0574916],[139.0832449,36.0575037],[139.0833082,36.0575157],[139.0833086,36.0575157],[139.0833393,36.0575319],[139.0833372,36.0575372],[139.0833349,36.0575422],[139.0833321,36.0575471],[139.0833291,36.057552],[139.0833257,36.0575566],[139.0833221,36.0575612],[139.083318,36.0575655],[139.0833152,36.0575685],[139.0833107,36.0575725],[139.083306,36.0575763],[139.083301,36.05758],[139.0832958,36.0575834],[139.0832902,36.0575865],[139.0832848,36.0575895],[139.083279,36.057592],[139.0832787,36.0575921],[139.0832728,36.0575945],[139.0832667,36.0575966],[139.0832606,36.0575984],[139.0832603,36.0575985],[139.0832541,36.0576],[139.0831258,36.0576116],[139.0831087,36.0576115],[139.0830974,36.057611],[139.0830922,36.0576096],[139.0829456,36.0575698],[139.0829339,36.057567],[139.0829136,36.0575664],[139.082889,36.0575657],[139.0828142,36.0575637],[139.0827974,36.0575668],[139.0827867,36.0575717],[139.0827842,36.0575734],[139.0827838,36.057574],[139.0826924,36.0576956],[139.0825808,36.0577103],[139.0823922,36.0577374],[139.0823792,36.0577394],[139.0823733,36.0577403],[139.0823278,36.057747],[139.0822218,36.0577627],[139.0822093,36.057764],[139.0821872,36.0577669],[139.0821868,36.0577669],[139.0821651,36.0577709],[139.0821433,36.0577758],[139.0821252,36.0577808],[139.0821222,36.0577816],[139.0821219,36.0577817],[139.0821012,36.0577884],[139.0820909,36.0577922]]]},"properties":{"layer":"landuse","class_code":"211","class_label":"住宅用地（住宅、共同住宅、店舗等併用住宅、店舗等併用共同住宅、作業所併用住宅）"}},{"type":"Feature","id":"luse_134deea8-a9a9-4a6d-8a24-c3f10a479ea8","geometry":{"type":"Polygon","coordinates":[[[139.0768084,36.0576906],[139.0768351,36.0577267],[139.0769146,36.0578367],[139.0769162,36.0578387],[139.0768088,36.0578035],[139.0767728,36.0577905],[139.0766762,36.0577503],[139.076565,36.057704],[139.0765647,36.0577039],[139.0763734,36.0576227],[139.076393,36.0575525],[139.0766937,36.0575849],[139.0766882,36.0576371],[139.0767661,36.0576332],[139.0768084,36.0576906]]]},"properties":{"layer":"landuse","class_code":"211","class_label":"住宅用地（住宅、共同住宅、店舗等併用住宅、店舗等併用共同住宅、作業所併用住宅）"}},{"type":"Feature","id":"luse_b85cbd1f-809b-49e0-968c-6195e4d68d43","geometry":{"type":"Polygon","coordinates":[[[139.0834099,36.0576785],[139.0834041,36.057728],[139.0833511,36.0578264],[139.0832804,36.0579289],[139.083146,36.057899],[139.083164,36.0578528],[139.083069,36.0578294],[139.0827767,36.0578077],[139.0827647,36.057724],[139.0827889,36.0576087],[139.0828028,36.0575902],[139.0828074,36.0575881],[139.0828168,36.0575863],[139.0828172,36.0575862],[139.0829294,36.0575894],[139.0829372,36.0575912],[139.0829375,36.0575913],[139.083028,36.0576159],[139.0830922,36.0576333],[139.0831276,36.0576386],[139.0832608,36.0576266],[139.083271,36.0576241],[139.0832792,36.0576218],[139.083287,36.057619],[139.0832945,36.057616],[139.0833019,36.0576126],[139.0833088,36.0576089],[139.0833158,36.0576049],[139.0833225,36.0576006],[139.0833289,36.0575961],[139.0833348,36.0575911],[139.0833404,36.0575861],[139.0833409,36.0575857],[139.0833695,36.0575672],[139.0834099,36.0576785]]]},"properties":{"layer":"landuse","class_code":"211","class_label":"住宅用地（住宅、共同住宅、店舗等併用住宅、店舗等併用共同住宅、作業所併用住宅）"}},{"type":"Feature","id":"luse_cc2a51bd-879f-46d7-a3ae-278cd3c70320","geometry":{"type":"Polygon","coordinates":[[[139.0772922,36.0578934],[139.0772918,36.0578934],[139.0771946,36.0578904],[139.0771219,36.0578883],[139.0770786,36.0578896],[139.0770778,36.0578894],[139.077036,36.0578779],[139.0769686,36.0578559],[139.0769399,36.0578235],[139.0768611,36.0577144],[139.0768433,36.0576904],[139.0768368,36.0576816],[139.0770017,36.0576916],[139.0770103,36.0576632],[139.0770684,36.0576636],[139.0770879,36.0576423],[139.0770962,36.0576367],[139.0771054,36.0576318],[139.077118,36.0576287],[139.0771341,36.0576266],[139.0771467,36.0576265],[139.0772296,36.0576365],[139.0772127,36.05771],[139.077498,36.057731],[139.0774571,36.0578454],[139.0774533,36.0578549],[139.0774199,36.0578802],[139.0774042,36.0578902],[139.0774038,36.0578902],[139.0773968,36.0578902],[139.0773964,36.0578902],[139.0772922,36.0578934]]]},"properties":{"layer":"landuse","class_code":"211","class_label":"住宅用地（住宅、共同住宅、店舗等併用住宅、店舗等併用共同住宅、作業所併用住宅）"}},{"type":"Feature","id":"luse_2be70713-9b23-47b5-ac19-041941ade5d3","geometry":{"type":"Polygon","coordinates":[[[139.0756012,36.0574811],[139.075657,36.0574881],[139.0757123,36.0574969],[139.0757665,36.0575074],[139.0757747,36.05751],[139.075775,36.0575101],[139.0758827,36.0575555],[139.0759724,36.0575978],[139.0760227,36.0576215],[139.075995,36.0576931],[139.0759918,36.0577057],[139.0759897,36.057718],[139.0759891,36.0577305],[139.0759893,36.0577429],[139.0759905,36.0577554],[139.075993,36.0577676],[139.0759963,36.0577797],[139.0760009,36.0577913],[139.0760065,36.0578029],[139.0760129,36.0578141],[139.076021,36.0578256],[139.0760282,36.0578332],[139.0760378,36.0578417],[139.0760117,36.0579111],[139.075726,36.0578346],[139.0757171,36.0578212],[139.0757166,36.0578098],[139.075719,36.0577991],[139.0757587,36.0577158],[139.0757575,36.057706],[139.0757256,36.0576863],[139.0757122,36.0576692],[139.0757126,36.0576584],[139.0757125,36.0576555],[139.0757115,36.0576448],[139.0757092,36.0576341],[139.0757055,36.0576234],[139.0757007,36.0576132],[139.0756947,36.0576034],[139.0756876,36.057594],[139.0756794,36.0575853],[139.0756724,36.0575782],[139.075613,36.0575027],[139.0755984,36.0574808],[139.0756012,36.0574811]]]},"properties":{"layer":"landuse","class_code":"211","class_label":"住宅用地（住宅、共同住宅、店舗等併用住宅、店舗等併用共同住宅、作業所併用住宅）"}},{"type":"Feature","id":"luse_b2db424d-02da-487d-a784-4760bcb0c64b","geometry":{"type":"Polygon","coordinates":[[[139.0840573,36.0577036],[139.0841251,36.0577321],[139.0841335,36.0577356],[139.0842081,36.0577701],[139.0842437,36.0577878],[139.0842834,36.0578091],[139.0843153,36.057826],[139.0843211,36.0578295],[139.0841216,36.05804],[139.0839069,36.0579667],[139.0840124,36.0576859],[139.0840573,36.0577036]]]},"properties":{"layer":"landuse","class_code":"211","class_label":"住宅用地（住宅、共同住宅、店舗等併用住宅、店舗等併用共同住宅、作業所併用住宅）"}},{"type":"Feature","id":"luse_e50dc7a8-6547-4201-900f-987a92a11ca9","geometry":{"type":"Polygon","coordinates":[[[139.0807407,36.0576302],[139.0805772,36.0577536],[139.0804497,36.0578588],[139.0804082,36.0578909],[139.0803605,36.0579223],[139.0803321,36.0579364],[139.0802322,36.0579726],[139.0801457,36.0579981],[139.0801242,36.0580077],[139.0800988,36.0580199],[139.0800068,36.057883],[139.080339,36.0575168],[139.0804263,36.0574205],[139.0806282,36.0575713],[139.0806394,36.0575968],[139.0806944,36.057581],[139.0806948,36.057581],[139.0807411,36.0575677],[139.0807918,36.0575541],[139.0807989,36.0575539],[139.0808094,36.0575542],[139.080836,36.0575588],[139.0808362,36.0575615],[139.0808312,36.0575717],[139.0808028,36.0575901],[139.0807407,36.0576302]]]},"properties":{"layer":"landuse","class_code":"211","class_label":"住宅用地（住宅、共同住宅、店舗等併用住宅、店舗等併用共同住宅、作業所併用住宅）"}},{"type":"Feature","id":"luse_34468234-2e3e-4af8-9001-c1dd3b7f64ec","geometry":{"type":"Polygon","coordinates":[[[139.0822948,36.0578692],[139.0823064,36.0580023],[139.0821393,36.058087],[139.0820925,36.0581018],[139.0820722,36.0580395],[139.0820763,36.0579983],[139.0820732,36.0578943],[139.0820519,36.057836],[139.0820657,36.0578287],[139.082084,36.0578202],[139.0821028,36.0578126],[139.0821122,36.0578092],[139.0821317,36.0578028],[139.0821516,36.0577973],[139.0821718,36.0577928],[139.0821923,36.057789],[139.0822132,36.0577862],[139.0822258,36.057785],[139.0822262,36.0577849],[139.0823123,36.0577722],[139.0822948,36.0578692]]]},"properties":{"layer":"landuse","class_code":"211","class_label":"住宅用地（住宅、共同住宅、店舗等併用住宅、店舗等併用共同住宅、作業所併用住宅）"}},{"type":"Feature","id":"luse_3fc73c5e-87cf-415f-99f9-af99c98ec65b","geometry":{"type":"Polygon","coordinates":[[[139.0781079,36.0579913],[139.078105,36.0580056],[139.0780873,36.0580965],[139.0780724,36.058117],[139.0780668,36.0581184],[139.0780621,36.0581185],[139.0780498,36.0581188],[139.0779916,36.0580951],[139.077985,36.0580923],[139.0779846,36.0580923],[139.0777451,36.0580449],[139.0777447,36.0580448],[139.0776533,36.0580243],[139.0774109,36.0579693],[139.0773639,36.0579581],[139.0772898,36.0579404],[139.0772994,36.057934],[139.0773789,36.0579413],[139.0774122,36.0579443],[139.0774333,36.0579399],[139.0774539,36.0579321],[139.0774758,36.0579162],[139.0774763,36.0579154],[139.0774844,36.057895],[139.0774997,36.0578558],[139.0775227,36.0577913],[139.0775309,36.0577683],[139.0777519,36.0578257],[139.0778784,36.0578651],[139.0781079,36.0579913]]]},"properties":{"layer":"landuse","class_code":"211","class_label":"住宅用地（住宅、共同住宅、店舗等併用住宅、店舗等併用共同住宅、作業所併用住宅）"}},{"type":"Feature","id":"luse_cf1af306-47a0-4bff-a59a-3cce357ffb49","geometry":{"type":"Polygon","coordinates":[[[139.0767557,36.057971],[139.0767559,36.0579745],[139.0767572,36.0579967],[139.076766,36.058159],[139.0767665,36.0581697],[139.0767676,36.0581792],[139.0767609,36.0581848],[139.0767579,36.0581874],[139.0767559,36.058189],[139.0767497,36.0581897],[139.0766434,36.0581903],[139.0766382,36.057973],[139.0766187,36.0579538],[139.076597,36.0579493],[139.0764481,36.0579242],[139.0764297,36.0579974],[139.076195,36.0579519],[139.0760423,36.0579073],[139.0760702,36.0578333],[139.0760602,36.057828],[139.0760494,36.0578187],[139.0760442,36.0578132],[139.0760376,36.0578038],[139.0761052,36.0578172],[139.0761246,36.0577639],[139.0763121,36.0578032],[139.0763501,36.0577145],[139.076514,36.057784],[139.0766783,36.0578524],[139.076683,36.0578543],[139.076725,36.0578718],[139.0767468,36.0578797],[139.0767503,36.0578811],[139.0767557,36.057971]]]},"properties":{"layer":"landuse","class_code":"211","class_label":"住宅用地（住宅、共同住宅、店舗等併用住宅、店舗等併用共同住宅、作業所併用住宅）"}},{"type":"Feature","id":"luse_c1e7904a-0e28-469e-8b49-fe6a80f1a9c2","geometry":{"type":"Polygon","coordinates":[[[139.0835976,36.0580233],[139.0835794,36.0580603],[139.0835649,36.0580864],[139.0835584,36.0581009],[139.0835564,36.0581085],[139.08354,36.0582307],[139.0835335,36.0582554],[139.083525,36.0582707],[139.0832708,36.0582355],[139.0833329,36.0580015],[139.0835976,36.0580233]]]},"properties":{"layer":"landuse","class_code":"211","class_label":"住宅用地（住宅、共同住宅、店舗等併用住宅、店舗等併用共同住宅、作業所併用住宅）"}},{"type":"Feature","id":"luse_cc1347c4-0ea3-49ab-9b21-3bab8fd95cc3","geometry":{"type":"Polygon","coordinates":[[[139.0817329,36.057861],[139.0816987,36.057978],[139.0816927,36.0580154],[139.08169,36.0580506],[139.0817053,36.0582504],[139.0816324,36.0582657],[139.081497,36.0582731],[139.0814579,36.058193],[139.0812829,36.0581853],[139.0813276,36.0581161],[139.0813688,36.0580497],[139.0813745,36.0580402],[139.0813801,36.0580297],[139.0813849,36.0580189],[139.0813888,36.0580082],[139.0813907,36.0580024],[139.0813935,36.0579914],[139.0813956,36.0579801],[139.0813971,36.0579687],[139.0813978,36.0579573],[139.0813977,36.0579459],[139.0813968,36.0579344],[139.0813951,36.0579233],[139.081394,36.057918],[139.0813936,36.0579054],[139.0813937,36.0579045],[139.0814136,36.0578609],[139.0814205,36.0578554],[139.0814481,36.057844],[139.0814762,36.0578364],[139.0815234,36.0578235],[139.0815329,36.0578199],[139.0815402,36.0578175],[139.0815477,36.0578153],[139.0815554,36.0578135],[139.0815629,36.0578121],[139.0815633,36.0578121],[139.0815708,36.057811],[139.0815712,36.0578109],[139.0815769,36.0578103],[139.0815773,36.0578103],[139.0815851,36.0578098],[139.0815931,36.0578097],[139.081601,36.0578099],[139.0816088,36.0578105],[139.0816092,36.0578105],[139.0816167,36.0578114],[139.081617,36.0578115],[139.0816247,36.0578127],[139.0816324,36.0578144],[139.0816399,36.0578163],[139.0816473,36.0578186],[139.0816546,36.0578212],[139.0816617,36.0578242],[139.0816686,36.0578274],[139.0816755,36.0578309],[139.081689,36.057839],[139.0816956,36.057843],[139.0817097,36.0578505],[139.0817243,36.0578574],[139.0817329,36.057861]]]},"properties":{"layer":"landuse","class_code":"211","class_label":"住宅用地（住宅、共同住宅、店舗等併用住宅、店舗等併用共同住宅、作業所併用住宅）"}},{"type":"Feature","id":"luse_0177d4c3-abb5-401b-b058-476d417ccfd9","geometry":{"type":"Polygon","coordinates":[[[139.0774213,36.0582585],[139.0768397,36.0582699],[139.0768275,36.0581665],[139.0768272,36.058159],[139.0768285,36.0581254],[139.0768494,36.0579744],[139.0768614,36.057918],[139.0769974,36.0579625],[139.0771861,36.0580143],[139.0771864,36.0580144],[139.0773448,36.0580522],[139.0773787,36.0580602],[139.077379,36.0580603],[139.0776275,36.0581214],[139.0774193,36.0580916],[139.0774144,36.0581514],[139.0774213,36.0582585]]]},"properties":{"layer":"landuse","class_code":"211","class_label":"住宅用地（住宅、共同住宅、店舗等併用住宅、店舗等併用共同住宅、作業所併用住宅）"}},{"type":"Feature","id":"luse_9a2cc11d-ae64-45a5-a85b-d23a99a2e678","geometry":{"type":"Polygon","coordinates":[[[139.0761234687075,36.05833333333333],[139.0761117,36.05826],[139.0761068,36.0582446],[139.0760999,36.0582241],[139.0760993,36.0582231],[139.0760954,36.0582151],[139.0760897,36.0582037],[139.0760553,36.0581474],[139.0759975,36.0580462],[139.0759968,36.0580429],[139.0759963,36.0580352],[139.075997,36.0580278],[139.0760145,36.0579812],[139.0763774,36.0581041],[139.0763803,36.0581933],[139.0762998,36.0581944],[139.0763001,36.0582094],[139.0763003,36.0582214],[139.0763122,36.0582213],[139.0763164,36.0582213],[139.0763244,36.0582211],[139.0763447,36.0582208],[139.0763487115072,36.05833333333333],[139.0761234687075,36.05833333333333]]]},"properties":{"layer":"landuse","class_code":"211","class_label":"住宅用地（住宅、共同住宅、店舗等併用住宅、店舗等併用共同住宅、作業所併用住宅）"}},{"type":"Feature","id":"luse_981215f3-d6c7-4b4b-a75e-128fbea1d03e","geometry":{"type":"Polygon","coordinates":[[[139.075,36.05769424556629],[139.0750115,36.0576968],[139.075,36.0577237181416],[139.075,36.05769424556629]]]},"properties":{"layer":"landuse","class_code":"211","class_label":"住宅用地（住宅、共同住宅、店舗等併用住宅、店舗等併用共同住宅、作業所併用住宅）"}},{"type":"Feature","id":"luse_714f016b-0ff8-4cf3-8fac-449fca516a8a","geometry":{"type":"Polygon","coordinates":[[[139.0805012678161,36.05833333333333],[139.0805119,36.0582618],[139.0805499,36.0582585],[139.0805939,36.0582578],[139.0806278,36.0582802],[139.0806828,36.0582991],[139.0806789,36.0583283],[139.08068925180623,36.05833333333333],[139.0805012678161,36.05833333333333]]]},"properties":{"layer":"landuse","class_code":"211","class_label":"住宅用地（住宅、共同住宅、店舗等併用住宅、店舗等併用共同住宅、作業所併用住宅）"}},{"type":"Feature","id":"luse_abbf0eae-f10e-4ee3-b6bb-6e158b4d5fc1","geometry":{"type":"Polygon","coordinates":[[[139.08104285148875,36.05833333333333],[139.0810785,36.058316],[139.0811732,36.0582704],[139.0812039365816,36.05833333333333],[139.08104285148875,36.05833333333333]]]},"properties":{"layer":"landuse","class_code":"211","class_label":"住宅用地（住宅、共同住宅、店舗等併用住宅、店舗等併用共同住宅、作業所併用住宅）"}},{"type":"Feature","id":"luse_f8aeee3a-6dc2-4992-87e4-ae97ede0a445","geometry":{"type":"Polygon","coordinates":[[[139.0767043,36.0563614],[139.0766458,36.0564747],[139.0766341,36.0564974],[139.0766258,36.0564945],[139.0766027,36.0564865],[139.0764125,36.05642],[139.0764122,36.0564199],[139.0761632,36.0563175],[139.0762404,36.056202],[139.0766809,36.0563525],[139.0767043,36.0563614]]]},"properties":{"layer":"landuse","class_code":"212","class_label":"商業用地（業務施設、商業施設、宿泊施設、商業系複合施設）"}},{"type":"Feature","id":"luse_37943bce-c6f0-4ba5-b4da-8458922beb4e","geometry":{"type":"Polygon","coordinates":[[[139.0757117,36.0573879],[139.0757081,36.057409],[139.0756752,36.0574037],[139.075646,36.0574],[139.0756157,36.0573962],[139.0755894,36.0573936],[139.075589,36.0573936],[139.0755292,36.0573891],[139.0754832,36.0573872],[139.0754687,36.0573866],[139.0754683,36.0573866],[139.0754581,36.0573865],[139.0754551,36.0573865],[139.0754401,36.0573864],[139.0754344,36.0573799],[139.0754327,36.0573729],[139.0754327,36.0573722],[139.0754895,36.0572551],[139.0757117,36.0573879]]]},"properties":{"layer":"landuse","class_code":"212","class_label":"商業用地（業務施設、商業施設、宿泊施設、商業系複合施設）"}},{"type":"Feature","id":"luse_b7c9d7ea-5b3f-4307-b6b5-6434bfa188b3","geometry":{"type":"Polygon","coordinates":[[[139.0761052,36.0578172],[139.0760376,36.0578038],[139.076032,36.0577939],[139.0760272,36.0577839],[139.0760233,36.0577739],[139.0760203,36.0577633],[139.0760182,36.0577526],[139.076017,36.0577417],[139.0760168,36.0577309],[139.0760176,36.0577201],[139.0760192,36.0577094],[139.0760219,36.0576988],[139.0760472,36.0576341],[139.0760494,36.0576284],[139.076113,36.0576438],[139.0762643,36.0576806],[139.0762777,36.0576838],[139.0763501,36.0577145],[139.0763121,36.0578032],[139.0761246,36.0577639],[139.0761052,36.0578172]]]},"properties":{"layer":"landuse","class_code":"212","class_label":"商業用地（業務施設、商業施設、宿泊施設、商業系複合施設）"}},{"type":"Feature","id":"luse_82570df0-8adb-4c36-9cc3-d57f156c9801","geometry":{"type":"Polygon","coordinates":[[[139.076568,36.0524942],[139.0764888,36.0525039],[139.0763243,36.0525241],[139.0762421,36.0525325],[139.0760845,36.0525488],[139.0760779,36.0525531],[139.0760388,36.0525786],[139.0759883,36.0526103],[139.0759672,36.0526214],[139.0759028,36.0526463],[139.0758355,36.0526202],[139.0757976,36.0523312],[139.0758451,36.0521962],[139.0758491,36.0521981],[139.0758846,36.0522134],[139.0758963,36.052218],[139.0759332,36.0522307],[139.0759709,36.0522415],[139.0759712,36.0522416],[139.0760095,36.0522504],[139.0760099,36.0522505],[139.0760181,36.0522519],[139.0760487,36.0522572],[139.0760491,36.0522573],[139.0760866,36.0522619],[139.0761332,36.0522619],[139.0761798,36.0522596],[139.0762261,36.0522548],[139.0762722,36.0522477],[139.0762735,36.0522474],[139.0762745,36.0522472],[139.0763185,36.0522379],[139.0763189,36.0522378],[139.0763631,36.052226],[139.0764064,36.0522119],[139.0764486,36.0521956],[139.0764835,36.05218],[139.0765087,36.0521648],[139.0765328,36.0521482],[139.0765413,36.0521417],[139.0765632,36.0521235],[139.0765841,36.0521042],[139.0765879,36.0521002],[139.0765944,36.0520985],[139.0766009,36.0520972],[139.0766076,36.0520963],[139.0766102,36.052096],[139.0766143,36.0520956],[139.0766194,36.0520954],[139.0766208,36.0520954],[139.0766212,36.0520954],[139.0766277,36.0520954],[139.0766343,36.0520958],[139.0766346,36.0520958],[139.0766411,36.0520966],[139.076646,36.0520974],[139.0766478,36.0520977],[139.0766541,36.0520991],[139.0766544,36.0520991],[139.0766605,36.0521008],[139.0766608,36.0521009],[139.0766667,36.0521029],[139.076667,36.052103],[139.0766729,36.0521054],[139.076679,36.0521081],[139.0766846,36.0521111],[139.07669,36.0521144],[139.076695,36.052118],[139.0766998,36.0521218],[139.0767038,36.0521252],[139.0767644,36.0522156],[139.0768471,36.0523337],[139.0768486,36.0523406],[139.0768619,36.0524128],[139.0768528,36.0524159],[139.0768378,36.0524208],[139.0767224,36.0524589],[139.0766199,36.0524879],[139.0765974,36.0524906],[139.076568,36.0524942]]]},"properties":{"layer":"landuse","class_code":"213","class_label":"工業用地（工場）"}},{"type":"Feature","id":"luse_7d3125c1-7c91-49a8-a1c4-3ca9024bccef","geometry":{"type":"Polygon","coordinates":[[[139.0751206,36.0524273],[139.0751841,36.0525516],[139.0751843,36.052552],[139.0751885,36.0525596],[139.0752318,36.0526378],[139.0752524,36.0526673],[139.075323,36.0527683],[139.0753425,36.0527945],[139.0753888,36.0528569],[139.0753928,36.0528595],[139.0753932,36.0528598],[139.0753932,36.0528623],[139.0753901,36.0528708],[139.075381,36.0528841],[139.0752742,36.0529201],[139.0751599,36.0529564],[139.0750982,36.0529716],[139.0750859,36.0529683],[139.0750797,36.0529661],[139.0750637,36.0529568],[139.0750474,36.0529131],[139.0750258,36.0528787],[139.075,36.052842167199984],[139.075,36.05239320654994],[139.0750917,36.0523671],[139.0751206,36.0524273]]]},"properties":{"layer":"landuse","class_code":"213","class_label":"工業用地（工場）"}},{"type":"Feature","id":"luse_4125178c-1f0c-42c5-a3a0-2c937abfa3bc","geometry":{"type":"Polygon","coordinates":[[[139.0793708,36.0534101],[139.0789852,36.0536069],[139.0788529,36.0534883],[139.0788826,36.0534468],[139.0788841,36.0534436],[139.0788883,36.0534358],[139.078893,36.0534284],[139.0788984,36.0534213],[139.0789044,36.0534145],[139.0789109,36.053408],[139.0789181,36.053402],[139.0789258,36.0533964],[139.078934,36.0533912],[139.0789351,36.0533905],[139.0789437,36.053386],[139.0789527,36.0533819],[139.0789621,36.0533784],[139.0789715,36.0533753],[139.0789815,36.0533729],[139.0790639,36.0533464],[139.0790643,36.0533463],[139.0791893,36.0533094],[139.0792033,36.0533052],[139.0792688,36.0532855],[139.0793708,36.0534101]]]},"properties":{"layer":"landuse","class_code":"213","class_label":"工業用地（工場）"}},{"type":"Feature","id":"luse_9e76c6c4-0d09-4af8-9b23-c5c989dbd920","geometry":{"type":"Polygon","coordinates":[[[139.0763301,36.0570413],[139.0763067,36.0570826],[139.0762465,36.0571904],[139.0761971,36.0572786],[139.0761741,36.0573198],[139.0760984,36.0574554],[139.0760295,36.0574792],[139.0760162,36.0574838],[139.0758514,36.0574358],[139.0758153,36.0574261],[139.0758149,36.0574261],[139.0757753,36.0574178],[139.0757081,36.057409],[139.0757117,36.0573879],[139.0754895,36.0572551],[139.0757325,36.056822],[139.0763062,36.0570326],[139.0763301,36.0570413]]]},"properties":{"layer":"landuse","class_code":"213","class_label":"工業用地（工場）"}},{"type":"Feature","id":"luse_1e7913bf-7efa-4f89-ac3e-016a4f794a66","geometry":{"type":"Polygon","coordinates":[[[139.0750917,36.0523671],[139.075,36.05239320654994],[139.075,36.05227320826447],[139.0750375,36.0522542],[139.0750917,36.0523671]]]},"properties":{"layer":"landuse","class_code":"214","class_label":"公益施設用地（官公庁施設、文教厚生施設、供給処理施設）"}},{"type":"Feature","id":"luse_13e24f9c-67da-4fd7-a381-ae27138875a0","geometry":{"type":"Polygon","coordinates":[[[139.0805468,36.0559978],[139.0804505,36.0560086],[139.0804373,36.0559303],[139.0805335,36.0559196],[139.0805468,36.0559978]]]},"properties":{"layer":"landuse","class_code":"214","class_label":"公益施設用地（官公庁施設、文教厚生施設、供給処理施設）"}},{"type":"Feature","id":"luse_dde257c4-f741-4f7a-b992-fc75b4b60a45","geometry":{"type":"Polygon","coordinates":[[[139.0769517,36.0565494],[139.0768837,36.0567013],[139.0767749,36.0566893],[139.0767082,36.0566806],[139.0767078,36.0566806],[139.0766933,36.0566768],[139.076693,36.0566767],[139.0766819,36.0566719],[139.0766705,36.0566636],[139.0766812,36.0566444],[139.0767048,36.0566054],[139.0767435,36.0565304],[139.0767478,36.0565221],[139.0767617,36.0564952],[139.0769517,36.0565494]]]},"properties":{"layer":"landuse","class_code":"214","class_label":"公益施設用地（官公庁施設、文教厚生施設、供給処理施設）"}},{"type":"Feature","id":"luse_9d610f43-39b1-4328-b249-a75eabaae8f9","geometry":{"type":"Polygon","coordinates":[[[139.0809084,36.0575736],[139.0809569,36.0575876],[139.0810756,36.0576218],[139.0810759,36.0576219],[139.0811021,36.0576272],[139.0811025,36.0576273],[139.0811275,36.0576326],[139.0812596,36.0576606],[139.0812968,36.0576685],[139.0813144,36.0576723],[139.0813147,36.0576724],[139.0812687,36.0577377],[139.0812578,36.0577436],[139.0812509,36.0577495],[139.0812426,36.0577586],[139.0812043,36.0578263],[139.0811238,36.0579562],[139.0811067,36.0579749],[139.0810898,36.0579858],[139.0810725,36.0579944],[139.081028,36.0580106],[139.0809664,36.0579967],[139.0809374,36.0579843],[139.0809078,36.0579699],[139.0808896,36.0579559],[139.0808513,36.0579227],[139.0808328,36.0579067],[139.0808251,36.0578834],[139.0808253,36.057862],[139.0808263,36.0578446],[139.0808262,36.0578259],[139.0808228,36.0578061],[139.0808186,36.0577873],[139.080814,36.0577699],[139.0808103,36.0577473],[139.0808108,36.0577356],[139.0808187,36.0577012],[139.080825,36.0576821],[139.0808374,36.0576634],[139.080854,36.0576386],[139.080899,36.0575712],[139.0809084,36.0575736]]]},"properties":{"layer":"landuse","class_code":"214","class_label":"公益施設用地（官公庁施設、文教厚生施設、供給処理施設）"}},{"type":"Feature","id":"luse_24578d57-b149-47ff-b554-52a871f24d0c","geometry":{"type":"Polygon","coordinates":[[[139.0769873,36.0525106],[139.0769635,36.0524896],[139.0769032,36.052448],[139.0768999,36.052445],[139.0768901,36.0524306],[139.0768866,36.052413],[139.0768727,36.0523374],[139.0768704,36.0523269],[139.0769873,36.0525106]]]},"properties":{"layer":"landuse","class_code":"223","class_label":"その他④（その他①～③以外の用途に供されている都市的土地利用（建物跡地、資材置場、改変工事中の土地）、法面（道路、造成地等の主利用に含まれない法面））"}},{"type":"Feature","id":"luse_93beb1b7-6a38-4ffd-9931-cfb1753d4814","geometry":{"type":"Polygon","coordinates":[[[139.076933,36.0563672],[139.0770281,36.0563868],[139.0769686,36.0565116],[139.0769517,36.0565494],[139.0767617,36.0564952],[139.0767875,36.0564451],[139.0768379,36.0563476],[139.076933,36.0563672]]]},"properties":{"layer":"landuse","class_code":"223","class_label":"その他④（その他①～③以外の用途に供されている都市的土地利用（建物跡地、資材置場、改変工事中の土地）、法面（道路、造成地等の主利用に含まれない法面））"}},{"type":"Feature","id":"luse_49f27041-c02e-4fe1-b048-9154a9b554dd","geometry":{"type":"Polygon","coordinates":[[[139.0841044,36.0574008],[139.0839788,36.0576374],[139.0839769,36.0576367],[139.0839131,36.0576114],[139.0839128,36.0576113],[139.0837475,36.0575535],[139.0836665,36.0575287],[139.0836466,36.0575225],[139.0835403,36.0574998],[139.0834323,36.0574795],[139.0834253,36.0574782],[139.0834086,36.0574777],[139.0833896,36.0574771],[139.0834749,36.0571122],[139.0834868,36.0571147],[139.0835021,36.0571213],[139.0835149,36.0571296],[139.0835365,36.0571561],[139.0836514,36.0572732],[139.0836699,36.0572833],[139.0837568,36.0573078],[139.083822,36.0573262],[139.0838438,36.0573324],[139.0841044,36.0574008]]]},"properties":{"layer":"landuse","class_code":"223","class_label":"その他④（その他①～③以外の用途に供されている都市的土地利用（建物跡地、資材置場、改変工事中の土地）、法面（道路、造成地等の主利用に含まれない法面））"}},{"type":"Feature","id":"luse_506c42af-3d1e-42bc-af1d-78d87f915fbc","geometry":{"type":"Polygon","coordinates":[[[139.083164,36.0578528],[139.083146,36.057899],[139.0832804,36.0579289],[139.0831563,36.05812],[139.0829919,36.0580888],[139.083069,36.0578294],[139.083164,36.0578528]]]},"properties":{"layer":"landuse","class_code":"223","class_label":"その他④（その他①～③以外の用途に供されている都市的土地利用（建物跡地、資材置場、改変工事中の土地）、法面（道路、造成地等の主利用に含まれない法面））"}},{"type":"Feature","id":"luse_e3004847-e075-4f6a-996d-598dd578a621","geometry":{"type":"Polygon","coordinates":[[[139.0800095,36.0529472],[139.0800196,36.0529724],[139.0800204,36.0529903],[139.0800184,36.0529951],[139.0800127,36.0530071],[139.080006,36.0530189],[139.0799986,36.0530303],[139.0799902,36.0530412],[139.079981,36.0530517],[139.0799709,36.0530618],[139.0799601,36.0530713],[139.0799486,36.0530801],[139.0799363,36.0530884],[139.0799236,36.0530961],[139.0799102,36.053103],[139.0798963,36.0531092],[139.0798819,36.0531148],[139.0798741,36.0531174],[139.0798592,36.0531218],[139.079844,36.0531254],[139.0798284,36.0531282],[139.0798127,36.0531302],[139.0797969,36.0531314],[139.079781,36.0531318],[139.0797651,36.0531313],[139.0797494,36.05313],[139.0797336,36.053128],[139.0797181,36.0531251],[139.0796083,36.0530805],[139.0796161,36.0530688],[139.0796226,36.0530607],[139.0796308,36.0530519],[139.0796397,36.0530435],[139.0796495,36.0530358],[139.0796598,36.0530285],[139.0796683,36.0530233],[139.0796796,36.0530172],[139.0796917,36.0530118],[139.0797038,36.0530071],[139.0797163,36.0530032],[139.0797167,36.0530031],[139.0797697,36.0529819],[139.0798901,36.0529318],[139.079907,36.0529223],[139.0799201,36.0529134],[139.0799234,36.0529114],[139.0799388,36.0528996],[139.0799531,36.0528869],[139.0799558,36.0528843],[139.0799632,36.0528765],[139.0800095,36.0529472]]]},"properties":{"layer":"landuse","class_code":"219","class_label":"農林漁業施設用地（農林漁業用施設）"}},{"type":"Feature","id":"luse_ae8f69a3-6c28-470c-b35e-c530a8fdd923","geometry":{"type":"Polygon","coordinates":[[[139.0758147,36.0531326],[139.0757624,36.0531613],[139.0757604,36.0531588],[139.0757504,36.0531463],[139.0756544,36.0530175],[139.0756523,36.0530149],[139.0758679,36.0528931],[139.0758762,36.0528865],[139.0758752,36.0528759],[139.0759403,36.0528546],[139.0759723,36.0528487],[139.0761137,36.0528314],[139.0761242,36.0528999],[139.0762111,36.0528902],[139.0763071,36.0528794],[139.0763274,36.0528795],[139.0763373,36.0528846],[139.0763699,36.053024],[139.0763695,36.0530344],[139.0763663,36.0530517],[139.0763554,36.0530591],[139.076037,36.0531067],[139.0760052,36.0531048],[139.0759975,36.0531031],[139.0759866,36.0531007],[139.0759455,36.0530837],[139.0759249,36.0530625],[139.0758147,36.0531326]]]},"properties":{"layer":"landuse","class_code":"219","class_label":"農林漁業施設用地（農林漁業用施設）"}},{"type":"Feature","id":"luse_e495c391-5b6e-41a2-ba64-c8a4ece87c0b","geometry":{"type":"Polygon","coordinates":[[[139.0832339,36.0582135],[139.08318098271195,36.05833333333333],[139.0831777626327,36.05833333333333],[139.0830778,36.0583028],[139.0830726,36.0583012],[139.0831268,36.0581948],[139.0832339,36.0582135]]]},"properties":{"layer":"landuse","class_code":"219","class_label":"農林漁業施設用地（農林漁業用施設）"}},{"type":"Feature","id":"luse_231929ba-2d71-472d-a06f-f406624c1467","geometry":{"type":"Polygon","coordinates":[[[139.0796928,36.0510291],[139.0796812,36.0510451],[139.0796635,36.0510627],[139.0794651,36.0511795],[139.0790927,36.0514081],[139.0789559,36.0514609],[139.0789295,36.0514671],[139.0789089,36.0514681],[139.0788352,36.0514664],[139.0786943,36.0514491],[139.0786615,36.0514425],[139.0786306,36.0514323],[139.0785687,36.0514048],[139.0784359,36.0513558],[139.0784133,36.051345],[139.0783105,36.051324],[139.0782855,36.0513235],[139.0782509,36.0513225],[139.0781812,36.0513209],[139.0780295,36.051296],[139.0779932,36.0512883],[139.0779644,36.0512774],[139.0779478,36.0512694],[139.0779304,36.0512572],[139.0779227,36.0512455],[139.077928,36.0511953],[139.0779938,36.0509901],[139.0780541,36.0508784],[139.0780853,36.050869],[139.0781138,36.0508667],[139.0781994,36.0508549],[139.0783885,36.0508673],[139.078435,36.0508733],[139.0784813,36.0508778],[139.0785265,36.0508782],[139.0786861,36.0508345],[139.0789412,36.0507494],[139.0789764,36.0507341],[139.0790574,36.0506954],[139.0792929,36.0505495],[139.0794929,36.0504314],[139.0794936,36.050431],[139.079532,36.0504092],[139.0797766,36.0502362],[139.0797939,36.0502234],[139.0797663,36.050166],[139.0797545,36.0501004],[139.0797373,36.0500116],[139.0797327401316,36.05],[139.07953141670203,36.05],[139.0793872,36.0501153],[139.0793415,36.0501496],[139.079261,36.0501926],[139.0791358,36.0502596],[139.0790733,36.0502851],[139.0790348,36.0503023],[139.0788279,36.0504272],[139.0787156,36.0504949],[139.0784827,36.050606],[139.0784541,36.0506111],[139.0784313,36.0506113],[139.0784059,36.0506101],[139.0783279,36.0505934],[139.0782953,36.0505802],[139.0782734,36.0505664],[139.0782614,36.0505554],[139.0782483,36.0505414],[139.0782275,36.0505058],[139.0782266,36.0504998],[139.0782206,36.0504599],[139.0782208,36.0504438],[139.0782213,36.0504312],[139.0782217,36.0504234],[139.0782225,36.0504076],[139.0782388,36.0503701],[139.0780409,36.0503082],[139.0778867,36.0502479],[139.0778708,36.0502358],[139.0778674,36.0502309],[139.0778639,36.0502202],[139.0777554,36.0501832],[139.0775572,36.0501156],[139.0774363,36.0500703],[139.0773892,36.0500511],[139.0773351,36.0500237],[139.07730180543805,36.05],[139.08036354518518,36.05],[139.0803568,36.0500314],[139.0803454,36.0501128],[139.0803389,36.0501448],[139.0802914,36.0502448],[139.0802624,36.0502948],[139.0801802,36.0504365],[139.0801602,36.0504653],[139.0801345,36.0504971],[139.080115,36.0505193],[139.0800851,36.0505342],[139.0799555,36.050599],[139.0798671,36.0506631],[139.0798353,36.05069],[139.0797823,36.0507657],[139.0797683,36.0508065],[139.079764,36.0508193],[139.0796928,36.0510291]]]},"properties":{"layer":"landuse","class_code":"220","class_label":"その他①（ゴルフ場）"}},{"type":"Feature","id":"luse_59d9b526-f3c5-4448-b290-4081f5b12354","geometry":{"type":"MultiPolygon","coordinates":[[[[139.0875,36.05833333333333],[139.08554556448533,36.05833333333333],[139.0855205,36.0582876],[139.085501,36.0582778],[139.0854754,36.0582632],[139.0854511,36.0582472],[139.0854281,36.0582299],[139.0854064,36.0582115],[139.0853862,36.058192],[139.0853779,36.0581832],[139.0853145,36.0581307],[139.0852605,36.058086],[139.0851468,36.0579814],[139.0850864,36.0579259],[139.0850243,36.0578635],[139.084929,36.0577568],[139.0849233,36.0577501],[139.0848754,36.0576901],[139.0848686,36.0576789],[139.0848626,36.0576672],[139.0848574,36.0576554],[139.0848534,36.0576432],[139.0848502,36.0576309],[139.0848489,36.0576242],[139.0848472,36.0576118],[139.0848466,36.0575991],[139.0848468,36.0575865],[139.0848473,36.0575742],[139.0848265,36.05752],[139.0847692,36.0574296],[139.084672,36.0573499],[139.0846518,36.057337],[139.0846284,36.0573303],[139.0845987,36.0573252],[139.0845763,36.057323],[139.0845559,36.0573215],[139.0845279,36.0573206],[139.084508,36.0573202],[139.0844799,36.0573196],[139.0844269,36.0573175],[139.0844063,36.0573158],[139.0843772,36.0573134],[139.0842938,36.0572852],[139.0842608,36.057268],[139.0842469,36.0572583],[139.0842301,36.057242],[139.0841956,36.0571993],[139.0841872,36.0571889],[139.0841646,36.0571906],[139.0841096,36.0571846],[139.0840817,36.0571824],[139.0840552,36.0571824],[139.0840371,36.0571842],[139.0840099,36.0571879],[139.0839774,36.0571906],[139.0839448,36.0571932],[139.0839289,36.0571933],[139.0839056,36.0571922],[139.0838885,36.0571905],[139.0838737,36.0571875],[139.0838559,36.0571792],[139.0838143,36.0570814],[139.0837897,36.0570272],[139.083758,36.0569572],[139.083738,36.0569243],[139.0837159,36.056896],[139.0836977,36.056879],[139.083641,36.0568481],[139.0835828,36.0568249],[139.0835624,36.0568168],[139.0834206,36.0567811],[139.0833932,36.0567778],[139.0833641,36.0567697],[139.0833532,36.0567644],[139.0833423,36.0567564],[139.0833121,36.056728],[139.0832979,36.0567147],[139.0832432,36.0567276],[139.083162,36.0567467],[139.0831614,36.0567469],[139.0831086,36.0567544],[139.0830426,36.0567674],[139.0830046,36.0567789],[139.0829476,36.0567902],[139.0829136,36.0567972],[139.0828654,36.0568076],[139.0828397,36.0568071],[139.0828226,36.0568069],[139.0827827,36.0568018],[139.0827404,36.0567918],[139.082644,36.0567798],[139.0826102,36.0567799],[139.0825783,36.0567801],[139.0825319,36.0567803],[139.0824311,36.0567896],[139.082309,36.0568005],[139.0822181,36.0568013],[139.0821848,36.0567993],[139.0821299,36.0567961],[139.0820905,36.0567917],[139.0820498,36.056786],[139.0820069,36.0567767],[139.0818977,36.0567479],[139.0818684,36.0567401],[139.0818176,36.0567253],[139.0817756,36.0567136],[139.0817035,36.0566797],[139.0817048,36.0566783],[139.081725,36.0566386],[139.0817212,36.0566233],[139.0816822,36.0566222],[139.0816625,36.0566216],[139.0815668,36.056612],[139.0814704,36.0566058],[139.0814416,36.0566056],[139.0813652,36.0566081],[139.0813571,36.0566084],[139.0813016,36.0566183],[139.0811854,36.0566391],[139.0811081,36.0566453],[139.0810589,36.0566517],[139.0810382,36.0566543],[139.0810042,36.0566603],[139.0809687,36.0566665],[139.0809412,36.0566722],[139.0808731,36.0566886],[139.0807805,36.0567155],[139.0807045,36.0567075],[139.0806664,36.0567058],[139.0805491,36.0567007],[139.080507,36.0566897],[139.0804992,36.0566832],[139.0804977,36.0566745],[139.0804973,36.0566689],[139.0804983,36.0566587],[139.0805027,36.0566448],[139.0805111,36.0566329],[139.0805797,36.056579],[139.080608,36.0565487],[139.0806216,36.0565351],[139.0806363,36.0565219],[139.0806519,36.0565095],[139.0806684,36.0564977],[139.0806854,36.0564866],[139.0807032,36.0564764],[139.0807217,36.056467],[139.0807406,36.0564585],[139.0807418,36.056458],[139.0807452,36.0564566],[139.0807646,36.0564491],[139.0807849,36.0564425],[139.0808056,36.0564367],[139.0808266,36.0564318],[139.080848,36.0564279],[139.0808695,36.056425],[139.0808912,36.056423],[139.0809131,36.056422],[139.0809325,36.056422],[139.080987,36.0564144],[139.0809899,36.0564137],[139.0810082,36.0564033],[139.0810161,36.0563679],[139.0809175,36.0563529],[139.0809171,36.0563529],[139.0808119,36.056325],[139.0807594,36.0563032],[139.080678,36.0562557],[139.0806267,36.0562028],[139.0806074,36.0561533],[139.0805992,36.0561102],[139.0805966,36.0560873],[139.0805945,36.0560597],[139.0805957,36.0560291],[139.080599,36.055999],[139.0806346,36.0558845],[139.0806886,36.0557735],[139.0807079,36.0557397],[139.0807202,36.0557227],[139.0807688,36.0556857],[139.0808745,36.0556122],[139.0808975,36.055585],[139.0809091,36.055566],[139.0809326,36.0555154],[139.0809475,36.0554814],[139.0809588,36.0554649],[139.0809903,36.0554257],[139.081041,36.0553543],[139.0810446,36.0553498],[139.0810765,36.055307],[139.0811053,36.0552623],[139.0811305,36.0552162],[139.081152,36.055169],[139.0811647,36.0551356],[139.0811799,36.0550868],[139.0811912,36.0550372],[139.0811987,36.0549878],[139.0812052,36.0549305],[139.0812221,36.0549224],[139.0812268,36.0549224],[139.0812329,36.0549225],[139.0812333,36.0549225],[139.0812712,36.0549282],[139.0812779,36.0549338],[139.0812939,36.0549465],[139.0813106,36.0549584],[139.0813117,36.0549591],[139.0813292,36.0549702],[139.0813475,36.0549806],[139.0813664,36.0549902],[139.0813856,36.054999],[139.0814056,36.0550069],[139.0814165,36.0550106],[139.0814261,36.0550139],[139.0814266,36.0550141],[139.081427,36.0550142],[139.0814418,36.0550195],[139.0814571,36.0550243],[139.0814727,36.0550284],[139.0814884,36.0550318],[139.0814887,36.0550318],[139.0815045,36.0550345],[139.0815048,36.0550345],[139.0815206,36.0550365],[139.081521,36.0550365],[139.0815372,36.0550379],[139.0815401,36.055038],[139.0815535,36.0550386],[139.0815698,36.0550385],[139.0815701,36.0550385],[139.0815863,36.0550378],[139.0816026,36.0550364],[139.0816062,36.0550359],[139.0816226,36.0550337],[139.0816384,36.0550307],[139.0816542,36.055027],[139.0816697,36.0550227],[139.0816849,36.0550178],[139.0816998,36.0550122],[139.0817145,36.055006],[139.0817286,36.0549992],[139.0817422,36.0549917],[139.0817554,36.0549838],[139.0817726,36.0549549],[139.0818409,36.0548301],[139.0818875,36.0547332],[139.0819414,36.0546039],[139.0819447,36.054598],[139.0819508,36.0545878],[139.0819577,36.0545781],[139.0819651,36.0545685],[139.0819732,36.0545593],[139.0819817,36.0545504],[139.0819909,36.054542],[139.0820006,36.0545339],[139.0820109,36.0545263],[139.0820213,36.054519],[139.0820327,36.0545124],[139.0820442,36.0545061],[139.0820558,36.0545004],[139.0820561,36.0545003],[139.0820646,36.0544966],[139.0820772,36.0544917],[139.0820898,36.0544875],[139.0820902,36.0544874],[139.0821033,36.0544837],[139.0821164,36.0544805],[139.0821297,36.0544778],[139.0821301,36.0544778],[139.0823394,36.0544533],[139.0823398,36.0544533],[139.0826282,36.0544218],[139.0826964,36.0544143],[139.0827064,36.0544132],[139.0827249,36.0544133],[139.0827499,36.0544126],[139.0827503,36.0544126],[139.0827751,36.0544108],[139.0827999,36.0544079],[139.0828003,36.0544078],[139.0828248,36.0544039],[139.0828494,36.054399],[139.0828733,36.0543929],[139.0828968,36.0543859],[139.0828971,36.0543858],[139.0829203,36.0543779],[139.0829426,36.0543689],[139.0829429,36.0543688],[139.0829648,36.0543588],[139.0829726,36.0543548],[139.0829861,36.054348],[139.0830069,36.0543362],[139.0830267,36.0543236],[139.0830456,36.0543101],[139.0830614,36.0542978],[139.0830787,36.054283],[139.083095,36.0542674],[139.0831102,36.0542511],[139.0831244,36.0542341],[139.0831317,36.0542245],[139.0831653,36.0541701],[139.0831697,36.0541612],[139.0831781,36.0541419],[139.0831851,36.0541223],[139.0833214,36.053858],[139.083321,36.0538579],[139.0832393,36.0538302],[139.0831011,36.0540982],[139.0830935,36.0541199],[139.0830867,36.0541356],[139.0830789,36.0541511],[139.08307,36.0541662],[139.0830627,36.0541773],[139.0830604,36.0541808],[139.0830497,36.0541951],[139.0830381,36.0542089],[139.0830256,36.0542222],[139.0830125,36.0542349],[139.0829983,36.0542471],[139.0829856,36.054257],[139.0829698,36.054268],[139.0829539,36.0542784],[139.082937,36.0542879],[139.0829195,36.0542968],[139.0829016,36.0543049],[139.0828833,36.0543122],[139.082883,36.0543123],[139.0828809,36.054313],[139.0828643,36.0543188],[139.0828451,36.0543246],[139.0828253,36.0543294],[139.0828054,36.0543335],[139.0827853,36.0543367],[139.0827649,36.0543391],[139.0827445,36.0543406],[139.0827321,36.0543409],[139.0827259,36.0543411],[139.0827236,36.0543412],[139.082701,36.0543411],[139.0827007,36.0543411],[139.0825144,36.0543614],[139.0823276,36.0543819],[139.0821133,36.054407],[139.0820935,36.0544108],[139.0820799,36.0544141],[139.0820501,36.054374],[139.0820465,36.054369],[139.0820141,36.054319],[139.0819617,36.0542383],[139.0819011,36.0543073],[139.0819727,36.0543985],[139.0819781,36.0544092],[139.0819797,36.0544126],[139.0819866,36.0544263],[139.0819928,36.0544473],[139.0819813,36.0544534],[139.0819665,36.0544624],[139.0819522,36.0544719],[139.0819386,36.0544822],[139.0819259,36.0544929],[139.0819134,36.0545042],[139.0819018,36.054516],[139.0818913,36.0545283],[139.0818814,36.0545411],[139.0818723,36.0545542],[139.0818643,36.0545673],[139.0818587,36.0545776],[139.0818238,36.0546612],[139.081804,36.0547085],[139.081759,36.0548024],[139.0816919,36.0549245],[139.081685,36.054936],[139.0816811,36.0549383],[139.0816708,36.0549431],[139.0816604,36.0549476],[139.0816498,36.0549515],[139.0816388,36.0549551],[139.0816277,36.0549582],[139.0816166,36.0549608],[139.0816162,36.0549609],[139.0816052,36.0549629],[139.0816047,36.0549629],[139.0815924,36.0549647],[139.0815917,36.0549647],[139.0815793,36.0549659],[139.0815789,36.0549659],[139.0815673,36.0549664],[139.0815556,36.0549664],[139.0815439,36.054966],[139.0815322,36.054965],[139.0815205,36.0549636],[139.0815093,36.0549617],[139.0815089,36.0549616],[139.0815042,36.0549606],[139.0814977,36.0549591],[139.0814865,36.0549562],[139.0814755,36.0549529],[139.0814603,36.0549473],[139.0814425,36.0549412],[139.0814266,36.054935],[139.0814115,36.054928],[139.0813963,36.0549204],[139.0813821,36.0549122],[139.0813677,36.0549031],[139.0813541,36.0548935],[139.0813414,36.0548835],[139.0813295,36.054873],[139.0813182,36.054862],[139.0813077,36.0548506],[139.0812979,36.0548387],[139.0812888,36.0548265],[139.0812806,36.0548138],[139.0812733,36.0548008],[139.0812667,36.0547876],[139.0812633,36.0547794],[139.0812715,36.0545904],[139.0812799,36.0543623],[139.0812884,36.0543273],[139.0812981,36.0542968],[139.0813118,36.0542629],[139.081328,36.0542297],[139.0813468,36.0541975],[139.0813549,36.054185],[139.0814202,36.0540715],[139.0814701,36.0539758],[139.0815233,36.0538511],[139.0815588,36.0537771],[139.0815676,36.053753],[139.0815746,36.0537284],[139.0815796,36.0537036],[139.0815811,36.0536933],[139.0815834,36.0536682],[139.0815837,36.053643],[139.0815821,36.0536179],[139.0815784,36.0535929],[139.0815729,36.0535682],[139.0815722,36.0535658],[139.0815293,36.0534131],[139.0814385,36.0531322],[139.0813692,36.0529058],[139.0813333,36.052802],[139.0813265,36.0527968],[139.0812394,36.0527768],[139.0811543,36.0527527],[139.0810706,36.0527247],[139.0809894,36.052693],[139.0809115,36.0526582],[139.0808352,36.0526193],[139.0807613,36.0525769],[139.0806908,36.0525312],[139.080659,36.0525089],[139.0808718,36.0521512],[139.0808977,36.0521436],[139.0809411,36.0521344],[139.0809724,36.0521257],[139.0809902,36.0521111],[139.0810048,36.052096],[139.0810106,36.0520852],[139.0810754,36.0520647],[139.0811192,36.0520459],[139.0811615,36.0520291],[139.0812721,36.0519331],[139.0813021,36.0519065],[139.0813234,36.0518872],[139.0814146,36.0518182],[139.0814411,36.0517951],[139.0814609,36.0517781],[139.0815278,36.0517475],[139.0815577,36.0517368],[139.0816067,36.0517301],[139.0816763,36.0517205],[139.0816888,36.0517572],[139.0817156,36.0517513],[139.0817188,36.0517605],[139.0817294,36.0517918],[139.0818165,36.0517797],[139.0818491,36.0517753],[139.0818708,36.0517751],[139.0818766,36.051775],[139.0819116,36.0517764],[139.0819397,36.0517812],[139.081989,36.0517903],[139.0820319,36.0517977],[139.0820689,36.0518042],[139.0820715,36.0518047],[139.0820907,36.0518083],[139.0821156,36.0518129],[139.0821574,36.0518156],[139.0821888,36.0518149],[139.0822189,36.0518107],[139.0822404,36.051803],[139.0823798,36.0517313],[139.0824262,36.0516994],[139.0824502,36.051692],[139.08248,36.051687],[139.0825068,36.0516846],[139.0825329,36.0516818],[139.0825497,36.0516776],[139.0825655,36.0516713],[139.0825797,36.0516575],[139.0825836,36.0516476],[139.0825834,36.0516393],[139.082577,36.0516302],[139.0825454,36.0516195],[139.082529,36.0516188],[139.0825143,36.0516187],[139.0824979,36.0516198],[139.0824427,36.0516326],[139.0824398,36.0516333],[139.0823336,36.0516766],[139.0822482,36.0517057],[139.0822289,36.0517075],[139.0822125,36.051708],[139.0821922,36.051707],[139.0821796,36.0517043],[139.0821615,36.0517004],[139.0821366,36.0516939],[139.082118,36.0516898],[139.0820989,36.0516858],[139.082126,36.0515677],[139.0821634,36.0514048],[139.0821625,36.0513792],[139.0821392,36.0513839],[139.0821159,36.051391],[139.0820922,36.0513912],[139.0820629,36.0513871],[139.0820463,36.0513805],[139.0820203,36.0513497],[139.0820105,36.0513294],[139.0819884,36.0512573],[139.0819793,36.0512149],[139.0819777,36.051195],[139.0819758,36.0511736],[139.0819752,36.0511441],[139.0819759,36.0511071],[139.0819763,36.0510868],[139.081978,36.0510527],[139.0819792,36.0510087],[139.0819799,36.0509837],[139.0819809,36.0509712],[139.0819842,36.0509524],[139.0819925,36.0509306],[139.0819959,36.0509215],[139.0820112,36.0508981],[139.082025,36.0508264],[139.082035,36.0507912],[139.0820562,36.0507394],[139.0820939,36.0506862],[139.082078,36.0506208],[139.082059,36.050543],[139.0819504,36.0504333],[139.0819268,36.0503638],[139.0819225,36.0503511],[139.0819123,36.0503212],[139.081908,36.0503084],[139.0819107,36.0503075],[139.0819269,36.0502988],[139.081919,36.0502965],[139.0819029,36.0502864],[139.0818132,36.0502317],[139.0817896,36.0502262],[139.0817708,36.050221],[139.0817524,36.0502145],[139.0817254,36.0502033],[139.0816503,36.0501782],[139.0816162,36.0501701],[139.0815944,36.0501653],[139.0815645,36.0501623],[139.0815173,36.0501623],[139.0814826,36.0501688],[139.0814632,36.0501729],[139.0814333,36.0501781],[139.0814006,36.050179],[139.0813909,36.0501771],[139.081384,36.0501706],[139.0813784,36.0501634],[139.0813758,36.0501599],[139.0813645,36.0501427],[139.0813369,36.0500863],[139.08132395500002,36.05],[139.08568136060606,36.05],[139.085684,36.0500067],[139.0857005,36.0500687],[139.0857074,36.0501047],[139.0857236,36.0501872],[139.0857223,36.0502763],[139.0857192,36.0503139],[139.0857179,36.0503302],[139.0857102,36.050375],[139.085696,36.0504201],[139.0856906,36.0504547],[139.0856904,36.0504807],[139.0856909,36.050512],[139.0856908,36.0505454],[139.0856901,36.0505872],[139.0856852,36.0506036],[139.0856664,36.0506239],[139.0856533,36.0506393],[139.085628,36.0506803],[139.0856132,36.0507169],[139.0856194,36.0507406],[139.0856252,36.0507757],[139.0856298,36.0507943],[139.0856337,36.0508159],[139.0856354,36.0508377],[139.0856354,36.0508383],[139.0857981,36.0508915],[139.0859402,36.0509794],[139.0859842,36.0510111],[139.0860788,36.0510881],[139.0861046,36.0511081],[139.0861118,36.051114],[139.0862839,36.0512481],[139.0864029,36.0511826],[139.0864255,36.0511768],[139.0864504,36.0511766],[139.0864703,36.0511835],[139.0865129,36.0511708],[139.0865555,36.0511582],[139.086581,36.0511517],[139.0866038,36.0511494],[139.0866491,36.0511505],[139.0867043,36.051161],[139.0867171,36.0511684],[139.0867231,36.0511769],[139.0867271,36.0512053],[139.086726,36.0512207],[139.0866966,36.0512696],[139.0866216,36.0513253],[139.0866216,36.0513271],[139.0866215,36.0513288],[139.0866214,36.0513291],[139.0866211,36.0513308],[139.0866208,36.0513325],[139.0866203,36.0513342],[139.0866197,36.0513359],[139.0866192,36.0513376],[139.0866185,36.0513392],[139.0866177,36.0513408],[139.0866168,36.0513424],[139.0866159,36.051344],[139.0866149,36.0513455],[139.0866137,36.0513469],[139.0866125,36.0513484],[139.0865835,36.0513669],[139.0865739,36.051373],[139.0864866,36.0514274],[139.0864858,36.0514276],[139.0864827,36.0514287],[139.0864796,36.0514299],[139.0864764,36.0514312],[139.0864734,36.0514327],[139.0864705,36.0514342],[139.0864676,36.0514358],[139.0864649,36.0514375],[139.0864623,36.0514393],[139.0864597,36.0514411],[139.0864571,36.0514431],[139.0864548,36.0514452],[139.0864525,36.0514473],[139.0864504,36.0514495],[139.0864484,36.0514518],[139.0864465,36.0514541],[139.0864447,36.0514565],[139.086443,36.051459],[139.0864414,36.0514615],[139.08644,36.0514641],[139.0864387,36.0514667],[139.0864378,36.0514689],[139.0864368,36.0514716],[139.0864358,36.0514743],[139.0864351,36.051477],[139.0864345,36.0514798],[139.086434,36.0514826],[139.0864337,36.0514854],[139.0864335,36.0514882],[139.0864335,36.0514911],[139.0864337,36.0514939],[139.0864339,36.0514967],[139.0864343,36.0514995],[139.0864349,36.0515023],[139.0864356,36.051505],[139.0864364,36.0515078],[139.0864374,36.0515104],[139.0864382,36.0515497],[139.0864398,36.0516042],[139.0864395,36.0516085],[139.0864394,36.0516125],[139.0864395,36.0516167],[139.0864399,36.0516207],[139.0864404,36.0516248],[139.0864412,36.0516289],[139.0864422,36.0516329],[139.0864433,36.0516369],[139.0864447,36.0516408],[139.0864463,36.0516447],[139.0864473,36.051647],[139.0864493,36.0516508],[139.0864514,36.0516545],[139.0864537,36.0516582],[139.0864562,36.0516618],[139.0864588,36.0516653],[139.0864616,36.0516686],[139.0864843,36.0516905],[139.0865809,36.0517889],[139.0866456,36.0518607],[139.0866722,36.0518902],[139.0867035,36.0519005],[139.0867167,36.0519028],[139.0867195,36.0519019],[139.0867312,36.0518986],[139.0867434,36.0518957],[139.0867558,36.0518935],[139.0867683,36.0518917],[139.0867809,36.0518905],[139.0867935,36.0518899],[139.0868062,36.0518898],[139.0868189,36.0518903],[139.0868314,36.0518914],[139.0868387,36.0518923],[139.086851,36.0518941],[139.0868633,36.0518966],[139.0868755,36.0518997],[139.0868873,36.0519032],[139.0868989,36.0519073],[139.0869103,36.0519119],[139.0869214,36.0519169],[139.0869321,36.0519225],[139.0869423,36.0519286],[139.086956,36.0519376],[139.0869646,36.0519498],[139.0869721,36.051962],[139.0869789,36.0519747],[139.0869847,36.0519876],[139.0869898,36.0520007],[139.0869939,36.0520141],[139.0869972,36.0520276],[139.0869995,36.0520413],[139.0870009,36.0520549],[139.0870014,36.0520686],[139.0870012,36.0520756],[139.0870004,36.0520892],[139.0869985,36.0521029],[139.0869958,36.0521165],[139.0869922,36.0521299],[139.0869876,36.0521432],[139.0869821,36.0521562],[139.0869759,36.052169],[139.0869699,36.0521795],[139.0869686,36.0521826],[139.0869566,36.0522168],[139.0869469,36.0522512],[139.0869396,36.0522859],[139.0869348,36.052321],[139.0869321,36.0523557],[139.0869319,36.0523886],[139.0869326,36.052391],[139.0869343,36.0523977],[139.0869354,36.0524045],[139.0869361,36.0524113],[139.0869364,36.0524181],[139.0869362,36.0524251],[139.0869355,36.0524318],[139.0869344,36.0524387],[139.0869328,36.0524454],[139.0869307,36.0524521],[139.0869283,36.0524586],[139.0869254,36.052465],[139.086922,36.0524714],[139.0869183,36.0524775],[139.0869142,36.0524833],[139.0869121,36.0524861],[139.0869075,36.0524916],[139.0869024,36.052497],[139.086897,36.0525023],[139.0868912,36.0525073],[139.086885,36.052512],[139.0868786,36.0525165],[139.0868718,36.0525206],[139.08687,36.0525216],[139.0868654,36.0525267],[139.0868586,36.0525334],[139.0868513,36.0525397],[139.0868437,36.0525457],[139.0868357,36.0525514],[139.0868273,36.0525567],[139.0868185,36.0525616],[139.0868095,36.0525661],[139.0868001,36.0525702],[139.0867905,36.0525739],[139.0867809,36.052577],[139.086779,36.0525777],[139.0867412,36.0526022],[139.086722,36.0526146],[139.0867033,36.0526267],[139.0866977,36.052628],[139.0866678,36.0526348],[139.0866324,36.0526395],[139.0865949,36.0526421],[139.0865547,36.0526485],[139.0865253,36.0526549],[139.0864971,36.0526638],[139.0864673,36.0526733],[139.08644,36.052683],[139.0863634,36.0527439],[139.0863164,36.0527813],[139.0862701,36.0528388],[139.0862632,36.0528473],[139.086174,36.0529582],[139.0861485,36.05299],[139.0859755,36.0531867],[139.0859559,36.0532052],[139.0857584,36.0533919],[139.0855682,36.0535567],[139.0855469,36.0535819],[139.085531,36.0536005],[139.0855204,36.0536251],[139.0855141,36.0536484],[139.0855122,36.0536687],[139.0855112,36.0537164],[139.0855189,36.0537648],[139.0855291,36.053782],[139.0855477,36.0538105],[139.0855774,36.0538244],[139.0857542,36.0538786],[139.0857722,36.0538889],[139.085788,36.0538991],[139.0857983,36.0539104],[139.0858055,36.0539262],[139.0857978,36.0539479],[139.0857384,36.054026],[139.0857237,36.0540591],[139.0857219,36.0540732],[139.0857226,36.0540812],[139.0857303,36.0540886],[139.0857846,36.0540971],[139.0858027,36.0541028],[139.0858206,36.054124],[139.085826,36.0541402],[139.0858331,36.0541626],[139.0858634,36.0542759],[139.0858695,36.05431],[139.0858695,36.0543103],[139.0858749,36.0543244],[139.085886,36.0543417],[139.0859028,36.0543519],[139.0859238,36.0543563],[139.0861838,36.0543802],[139.0862217,36.0543843],[139.0862406,36.0543897],[139.0862693,36.0544043],[139.0862861,36.0544159],[139.0862997,36.054436],[139.0863045,36.0544617],[139.0863043,36.0544826],[139.0863001,36.0545152],[139.0862437,36.0545912],[139.0862143,36.0546359],[139.0861366,36.0547544],[139.0861286,36.0547743],[139.0861255,36.0547862],[139.086125,36.0548283],[139.0861305,36.0548454],[139.0861411,36.0548623],[139.0863222,36.0550283],[139.0863308,36.0550414],[139.0863375,36.0550572],[139.0863504,36.0551594],[139.0863868,36.0551898],[139.0864368,36.0552316],[139.0864669,36.0552645],[139.086476,36.0552745],[139.0865523,36.0553511],[139.0865936,36.0553883],[139.0866334,36.055424],[139.0867197,36.0554934],[139.0867322,36.0555031],[139.086764,36.0555256],[139.0868219,36.0555667],[139.0868424,36.0555759],[139.0868808,36.0555951],[139.086918,36.055616],[139.0869537,36.0556385],[139.0869878,36.0556626],[139.0870201,36.0556879],[139.0870274,36.0556942],[139.0870575,36.0557212],[139.0870606,36.0557244],[139.087086,36.0557498],[139.0871124,36.0557795],[139.0871368,36.0558104],[139.0871581,36.0558404],[139.0871955,36.0558852],[139.0871958,36.0558853],[139.087203,36.0558861],[139.0872307,36.0558841],[139.0872428,36.0558808],[139.0872976,36.0558516],[139.0873017,36.0558487],[139.0873178,36.0558364],[139.0873328,36.0558236],[139.087347,36.0558101],[139.0873602,36.0557961],[139.0873725,36.0557814],[139.0873838,36.0557663],[139.0873941,36.0557507],[139.0874032,36.0557346],[139.0874072,36.0557265],[139.0874113,36.0557182],[139.0874183,36.0557014],[139.0874187,36.0557003],[139.0874241,36.0556844],[139.0874288,36.0556668],[139.08743,36.0556614],[139.0874332,36.0556437],[139.0874351,36.0556261],[139.0874358,36.0556083],[139.0874353,36.0555906],[139.0874337,36.0555729],[139.0874309,36.0555554],[139.0874268,36.055538],[139.0874217,36.0555209],[139.0874204,36.0555175],[139.0874153,36.0555039],[139.0874079,36.0554873],[139.0873853,36.0554443],[139.0873987,36.0553987],[139.0874089,36.0553726],[139.087422,36.0553473],[139.0874256,36.0553404],[139.087446,36.0553192],[139.0874637,36.0553029],[139.0874874,36.0552862],[139.0875,36.05528388840304],[139.0875,36.05833333333333]]],[[[139.0820667,36.055277],[139.0820835,36.0552666],[139.0820919,36.055253],[139.0820977,36.0552373],[139.0821005,36.0552212],[139.0821036,36.0552086],[139.0821067,36.0551975],[139.0821199,36.0551821],[139.0821424,36.0551713],[139.082171,36.0551656],[139.0822104,36.0551533],[139.0822242,36.0551464],[139.0822334,36.0551387],[139.0822396,36.0551297],[139.0822418,36.0551167],[139.0822425,36.0550848],[139.0822424,36.0550683],[139.0822443,36.0550495],[139.0822518,36.055032],[139.0822472,36.0550165],[139.0822224,36.054996],[139.0822126,36.0549903],[139.0822026,36.0549858],[139.0821803,36.0549779],[139.0821652,36.0549771],[139.0821487,36.0549811],[139.0821302,36.0549867],[139.0821137,36.0549918],[139.082099,36.0549969],[139.0820851,36.0550056],[139.082069,36.0550181],[139.0820316,36.0550483],[139.0820154,36.0550675],[139.081991,36.0550918],[139.0819762,36.0551026],[139.081964,36.0551102],[139.0819378,36.0551426],[139.0819269,36.0551569],[139.0819106,36.0551799],[139.0818944,36.0552036],[139.0818852,36.0552214],[139.0818828,36.055234],[139.0818845,36.0552432],[139.0818909,36.055252],[139.0819063,36.055264],[139.0819196,36.0552704],[139.081935,36.0552764],[139.081957,36.0552804],[139.0820001,36.0552818],[139.0820239,36.055282],[139.0820484,36.0552821],[139.0820667,36.055277]]],[[[139.0854936,36.0572406],[139.0855486,36.0572934],[139.0855845,36.0573442],[139.085598,36.0573634],[139.0856112,36.0573711],[139.0856277,36.0573722],[139.0856421,36.0573723],[139.0856553,36.05737],[139.085683,36.0573605],[139.0858814,36.0572771],[139.0863486,36.0570779],[139.0865757,36.0569791],[139.0865937,36.0569593],[139.0866012,36.0569269],[139.0866011,36.05691],[139.086598,36.0568778],[139.0865922,36.0568613],[139.086583,36.0568478],[139.0865657,36.0568338],[139.0865459,36.0568275],[139.0864928,36.0568168],[139.0864712,36.0568167],[139.0864479,36.0568199],[139.0864443,36.0568215],[139.0864308,36.0568274],[139.0863404,36.0568606],[139.086275,36.0568974],[139.0862366,36.0569081],[139.0862059,36.0569197],[139.0861893,36.0569288],[139.0861696,36.0569391],[139.0861469,36.0569513],[139.0861163,36.0569666],[139.086086,36.0569743],[139.0860503,36.0569782],[139.0858985,36.05699],[139.0858419,36.0569964],[139.0858058,36.0570013],[139.0857576,36.0570147],[139.0855195,36.0570793],[139.0854317,36.0571108],[139.0854244,36.0571218],[139.0854225,36.057136],[139.0854274,36.0571563],[139.0854936,36.0572406]]],[[[139.0838058,36.0552954],[139.0837825,36.0553272],[139.083758,36.0553642],[139.0837418,36.0553851],[139.0837261,36.0554049],[139.083686,36.0554421],[139.0836594,36.0554665],[139.0836389,36.0554908],[139.0836296,36.0555104],[139.0836177,36.0555398],[139.0835669,36.0556046],[139.0835389,36.0556376],[139.0835113,36.0556767],[139.0834657,36.0557356],[139.0834461,36.0557551],[139.0834252,36.0557745],[139.0834055,36.0558066],[139.083385,36.0558692],[139.0833821,36.0559001],[139.0833891,36.0559306],[139.0833906,36.0559322],[139.0833984,36.0559411],[139.0834095,36.0559507],[139.083425,36.0559571],[139.0834831,36.0559767],[139.0835494,36.0559905],[139.0836011,36.0559965],[139.0836519,36.0560042],[139.0836761,36.0560068],[139.0837067,36.0560074],[139.0837244,36.0560065],[139.0837395,36.0559989],[139.0837636,36.0559731],[139.0837664,36.0559507],[139.0837668,36.0559234],[139.0837669,36.0559108],[139.0837707,36.055874],[139.0837778,36.055851],[139.0837867,36.0558268],[139.0838011,36.0558094],[139.0838182,36.0557909],[139.0838374,36.0557728],[139.0838631,36.0557489],[139.083897,36.0557158],[139.0839093,36.0557012],[139.083919,36.0556862],[139.0839417,36.0556527],[139.0839523,36.0556353],[139.0839661,36.055601],[139.0839749,36.055579],[139.0839937,36.0555585],[139.0840042,36.0555477],[139.0840215,36.0555338],[139.0840328,36.0555237],[139.0840425,36.0555133],[139.0840543,36.0554972],[139.0840601,36.055477],[139.0840603,36.0554584],[139.0840632,36.0554374],[139.0840737,36.0554119],[139.084087,36.0553822],[139.0840959,36.0553546],[139.0841018,36.0553291],[139.0841074,36.0552898],[139.0841091,36.055258],[139.0841093,36.0552373],[139.0841005,36.0552075],[139.0840954,36.055199],[139.0840874,36.0551867],[139.0840777,36.055174],[139.0840721,36.0551624],[139.0840645,36.055141],[139.0840644,36.0551206],[139.0840626,36.0550902],[139.0840467,36.0550764],[139.0840399,36.0550687],[139.0840279,36.0550647],[139.0840162,36.0550657],[139.0840031,36.055075],[139.0839944,36.0550872],[139.0839812,36.0551036],[139.0839681,36.0551298],[139.0839575,36.0551441],[139.0839422,36.0551717],[139.0839305,36.0551838],[139.0839295,36.0551849],[139.0839155,36.0551998],[139.0838693,36.0552426],[139.0838058,36.0552954]]]]},"properties":{"layer":"landuse","class_code":"220","class_label":"その他①（ゴルフ場）"}},{"type":"Feature","id":"luse_89d52ce7-7baa-445c-bdf9-65b668f36b50","geometry":{"type":"Polygon","coordinates":[[[139.0758554,36.0510094],[139.075805,36.0510609],[139.0755924,36.0509313],[139.0755592,36.0509571],[139.0754163,36.0508748],[139.0754171,36.0508732],[139.0754196,36.0508681],[139.075498,36.0507303],[139.0755149,36.0507117],[139.07554,36.0506925],[139.0755548,36.0506874],[139.075571,36.0506836],[139.075643,36.0506695],[139.0756959,36.0506764],[139.0756963,36.0506764],[139.0758221,36.0506757],[139.0758735,36.0506702],[139.0758876,36.0506688],[139.075888,36.0506688],[139.0759073,36.0506699],[139.0759183,36.0506731],[139.0759477,36.0506844],[139.0760787,36.050753],[139.0760799,36.050754],[139.0760811,36.0507556],[139.0760826,36.0507573],[139.0760836,36.0507591],[139.0760849,36.0507609],[139.0760857,36.0507627],[139.0760867,36.0507646],[139.0760874,36.0507665],[139.076088,36.0507685],[139.0760885,36.0507704],[139.0760886,36.0507724],[139.076089,36.0507744],[139.0760891,36.0507764],[139.0760889,36.0507785],[139.0760887,36.0507798],[139.0760884,36.0507818],[139.0760879,36.0507838],[139.0760874,36.0507858],[139.0760867,36.0507877],[139.0760859,36.0507895],[139.0760848,36.0507914],[139.0760839,36.0507931],[139.0760827,36.0507949],[139.0760812,36.0507966],[139.0760798,36.0507981],[139.0760117,36.0508649],[139.0758554,36.0510094]]]},"properties":{"layer":"landuse","class_code":"221","class_label":"その他②（太陽光発電のシステムを直接整備している土地）"}},{"type":"Feature","id":"luse_bf14b55f-1c67-448f-a925-052577897e2d","geometry":{"type":"Polygon","coordinates":[[[139.0760698,36.0512365],[139.0759998,36.0512072],[139.0759829,36.0512066],[139.0759626,36.0512098],[139.0759379,36.051219],[139.0759288,36.0512221],[139.0759194,36.051225],[139.075909,36.0512265],[139.0758981,36.051227],[139.0758841,36.0512269],[139.075872,36.0512266],[139.0758424,36.0512211],[139.0758031,36.0512065],[139.0757883,36.0511969],[139.0757807,36.0511856],[139.0757613,36.0511721],[139.0757608,36.0511674],[139.0757606,36.0511627],[139.0757608,36.051158],[139.0757611,36.0511534],[139.0757618,36.0511487],[139.0757629,36.0511441],[139.0757643,36.0511396],[139.075766,36.0511352],[139.0757679,36.0511307],[139.0757702,36.0511264],[139.0757727,36.0511222],[139.0757755,36.0511181],[139.0757786,36.0511141],[139.075782,36.0511104],[139.0757856,36.0511067],[139.0757861,36.0511062],[139.0758708,36.0510198],[139.0759902,36.0509094],[139.0760271,36.0508754],[139.0760959,36.050808],[139.0760979,36.0508057],[139.0760998,36.0508032],[139.0761016,36.0508007],[139.0761032,36.0507981],[139.0761045,36.0507954],[139.0761058,36.0507927],[139.0761067,36.0507899],[139.0761076,36.0507872],[139.0761082,36.0507843],[139.0761087,36.0507815],[139.0761089,36.0507793],[139.0761091,36.0507764],[139.076109,36.0507736],[139.0761087,36.0507707],[139.0761082,36.0507679],[139.0761075,36.050765],[139.0761074,36.0507645],[139.0762107,36.0507678],[139.0762948,36.0507666],[139.076306,36.0507642],[139.0763254,36.0508039],[139.0763318,36.0508069],[139.0764932,36.050857],[139.0765026,36.0508634],[139.076512,36.0508715],[139.076523,36.0508898],[139.0765262,36.0509056],[139.0765328,36.0509349],[139.0765272,36.0510102],[139.0765217,36.0510426],[139.0765108,36.051094],[139.076506,36.0511031],[139.0764945,36.0511039],[139.0763978,36.0510966],[139.076377,36.0510971],[139.0763538,36.0511021],[139.0762606,36.0511401],[139.0761746,36.0511866],[139.0760698,36.0512365]]]},"properties":{"layer":"landuse","class_code":"221","class_label":"その他②（太陽光発電のシステムを直接整備している土地）"}},{"type":"Feature","id":"luse_2b7f7760-f4bc-4cd8-9ca7-ceb59f7c50c7","geometry":{"type":"Polygon","coordinates":[[[139.080068,36.0572919],[139.0800187,36.0573517],[139.0799567,36.0574188],[139.0798706,36.0575322],[139.0798604,36.0575552],[139.0798562,36.0575751],[139.0798465,36.0576494],[139.079841,36.0576643],[139.0798344,36.0576716],[139.0798127,36.0576792],[139.0798024,36.0576807],[139.0797917,36.0576807],[139.0797756,36.057679],[139.0796271,36.05765],[139.0795729,36.0576394],[139.0795616,36.0576331],[139.0795566,36.0576134],[139.0795561,36.0575135],[139.0795599,36.0574923],[139.0795757,36.0574664],[139.0796227,36.0573941],[139.0796575,36.0573407],[139.0796676,36.0573304],[139.0797106,36.0572894],[139.0797114,36.0572682],[139.0797967,36.0572586],[139.079797,36.0572586],[139.0798801,36.0572463],[139.0798805,36.0572462],[139.0799052,36.057236],[139.0799056,36.0572359],[139.07993,36.0572236],[139.0799851,36.0572468],[139.0800252,36.0572638],[139.0800453,36.0572729],[139.080068,36.0572919]]]},"properties":{"layer":"landuse","class_code":"221","class_label":"その他②（太陽光発電のシステムを直接整備している土地）"}},{"type":"Feature","id":"luse_690cfe04-4899-4701-ab09-365ebed25203","geometry":{"type":"Polygon","coordinates":[[[139.0800988,36.0580199],[139.0800966,36.0580209],[139.0800516,36.0580497],[139.0799611,36.0581323],[139.0798758,36.0582033],[139.0798586,36.0582107],[139.0798468,36.0582141],[139.0798442,36.0582149],[139.0797228,36.0582283],[139.0796467,36.0582361],[139.0796463,36.0582361],[139.079549,36.0582505],[139.0794516,36.0582673],[139.0794513,36.0582674],[139.0794454,36.0582693],[139.0794423,36.0582706],[139.0794376,36.0582727],[139.0794155,36.0582624],[139.0793793,36.0582456],[139.0793516,36.0582242],[139.0793326,36.0582033],[139.0793268,36.0581939],[139.0793231,36.0581791],[139.0793211,36.0581684],[139.0793208,36.0581476],[139.0793215,36.0581373],[139.0793247,36.0581276],[139.0793379,36.0581111],[139.0793495,36.0581012],[139.0794156,36.058083],[139.0794173,36.0580826],[139.0796488,36.0580316],[139.0796781,36.0580226],[139.0798177,36.057966],[139.0798857,36.0579384],[139.0799898,36.0578906],[139.0800068,36.057883],[139.0800988,36.0580199]]]},"properties":{"layer":"landuse","class_code":"221","class_label":"その他②（太陽光発電のシステムを直接整備している土地）"}},{"type":"Feature","id":"luse_144bbcca-16c1-447a-bf29-1c22ed7d93ca","geometry":{"type":"MultiPolygon","coordinates":[[[[139.075,36.05833333333333],[139.075,36.05],[139.0875,36.05],[139.0875,36.05833333333333],[139.075,36.05833333333333]]],[[[139.0765459,36.0535759],[139.0763184,36.0534549],[139.0761614,36.0533791],[139.0761532,36.0533772],[139.0761438,36.0533763],[139.0761265,36.0533749],[139.0761262,36.0533749],[139.0759941,36.0533659],[139.075956,36.0533649],[139.0758957,36.0533635],[139.0759291,36.0534354],[139.0759298,36.0534362],[139.0759454,36.0534582],[139.0759774,36.0535133],[139.0759864,36.053535],[139.0760544,36.053731],[139.0761586,36.0537253],[139.0763217,36.0536638],[139.0764227,36.0536321],[139.0765279,36.0536045],[139.0765442,36.0536003],[139.0765491,36.0535861],[139.0765486,36.0535811],[139.0765459,36.0535759]]],[[[139.0750917,36.0523671],[139.0750375,36.0522542],[139.075,36.05227320826447],[139.075,36.052842167199984],[139.0750258,36.0528787],[139.0750474,36.0529131],[139.0750637,36.0529568],[139.0750797,36.0529661],[139.0750859,36.0529683],[139.0750982,36.0529716],[139.0751599,36.0529564],[139.0752742,36.0529201],[139.075381,36.0528841],[139.0753901,36.0528708],[139.0753932,36.0528623],[139.0753932,36.0528598],[139.0753928,36.0528595],[139.0753888,36.0528569],[139.0753425,36.0527945],[139.075323,36.0527683],[139.0752524,36.0526673],[139.0752318,36.0526378],[139.0751885,36.0525596],[139.0751843,36.052552],[139.0751841,36.0525516],[139.0751206,36.0524273],[139.0750917,36.0523671]]],[[[139.0831258,36.0576116],[139.0832541,36.0576],[139.0832603,36.0575985],[139.0832606,36.0575984],[139.0832667,36.0575966],[139.0832728,36.0575945],[139.0832787,36.0575921],[139.083279,36.057592],[139.0832848,36.0575895],[139.0832902,36.0575865],[139.0832958,36.0575834],[139.083301,36.05758],[139.083306,36.0575763],[139.0833107,36.0575725],[139.0833152,36.0575685],[139.083318,36.0575655],[139.0833221,36.0575612],[139.0833257,36.0575566],[139.0833291,36.057552],[139.0833321,36.0575471],[139.0833349,36.0575422],[139.0833372,36.0575372],[139.0833393,36.0575319],[139.0833086,36.0575157],[139.0833082,36.0575157],[139.0832449,36.0575037],[139.083163,36.0574916],[139.0831626,36.0574915],[139.0831295,36.0574876],[139.0830467,36.0574806],[139.0830463,36.0574806],[139.0830251,36.0574806],[139.0830247,36.0574806],[139.0829997,36.0574816],[139.0829831,36.057483],[139.0829745,36.0574837],[139.0829497,36.057487],[139.0829493,36.057487],[139.082925,36.0574913],[139.0829246,36.0574914],[139.0829051,36.0574957],[139.0829004,36.0574968],[139.0828766,36.0575032],[139.0828762,36.0575033],[139.0828601,36.0575084],[139.0828369,36.0575167],[139.0828216,36.0575231],[139.0828145,36.057526],[139.0827924,36.0575363],[139.0827715,36.0575476],[139.082765,36.05755],[139.0827367,36.0575595],[139.0827364,36.0575596],[139.0827076,36.0575679],[139.0826782,36.057575],[139.0826485,36.0575807],[139.0826481,36.0575808],[139.0826181,36.0575852],[139.0825878,36.0575882],[139.0825874,36.0575883],[139.082583,36.0575886],[139.0825794,36.0575889],[139.082579,36.0575889],[139.0825486,36.0575902],[139.0825245,36.0575902],[139.082518,36.0575901],[139.0825176,36.0575901],[139.0823886,36.0575869],[139.0822436,36.0575832],[139.082042,36.0575813],[139.0818713,36.0575798],[139.0817654,36.0575808],[139.081757,36.0575805],[139.0817419,36.0575804],[139.0817268,36.057581],[139.0817118,36.0575822],[139.0816969,36.0575841],[139.0816821,36.0575866],[139.0816751,36.0575882],[139.0816674,36.0575898],[139.081653,36.0575937],[139.081639,36.0575982],[139.0816364,36.0575991],[139.0816229,36.0576043],[139.0816096,36.0576101],[139.0815965,36.0576165],[139.0815843,36.0576234],[139.0815724,36.0576309],[139.0815608,36.0576389],[139.08155,36.0576474],[139.0815397,36.0576564],[139.0815301,36.0576658],[139.0815211,36.0576757],[139.0814842,36.0577278],[139.0814639,36.0577558],[139.081454,36.0577803],[139.0814452,36.0578018],[139.0814395,36.0578227],[139.0815132,36.0578027],[139.0815217,36.0577993],[139.0815305,36.0577964],[139.0815394,36.0577938],[139.0815485,36.0577917],[139.0815507,36.0577913],[139.0815576,36.05779],[139.0815667,36.0577887],[139.0815671,36.0577887],[139.0815744,36.0577879],[139.0815838,36.0577873],[139.0815933,36.0577872],[139.0816028,36.0577875],[139.081612,36.0577882],[139.0816124,36.0577882],[139.0816216,36.0577892],[139.0816308,36.0577907],[139.0816401,36.0577927],[139.0816489,36.0577949],[139.0816492,36.057795],[139.0816577,36.0577977],[139.0816581,36.0577978],[139.0816666,36.0578009],[139.081675,36.0578043],[139.0816832,36.0578082],[139.0816913,36.0578125],[139.081699,36.0578171],[139.0817114,36.0578245],[139.0817187,36.0578285],[139.081724,36.0578313],[139.0817376,36.0578375],[139.081751,36.0578432],[139.0817651,36.0578483],[139.0817794,36.0578527],[139.0817941,36.0578565],[139.0818087,36.0578596],[139.0818091,36.0578597],[139.0818238,36.057862],[139.0818242,36.0578621],[139.0818257,36.0578622],[139.0818409,36.057864],[139.081856,36.057865],[139.0818564,36.057865],[139.0818716,36.0578653],[139.081887,36.057865],[139.0819021,36.057864],[139.0819025,36.057864],[139.0819108,36.0578631],[139.0819174,36.0578623],[139.0819323,36.05786],[139.0819327,36.0578599],[139.0819475,36.057857],[139.0819621,36.0578533],[139.0819765,36.0578489],[139.0819906,36.057844],[139.0819966,36.0578416],[139.0820142,36.0578301],[139.0820324,36.0578194],[139.0820514,36.0578095],[139.0820707,36.0578004],[139.0820909,36.0577922],[139.0821012,36.0577884],[139.0821219,36.0577817],[139.0821222,36.0577816],[139.0821252,36.0577808],[139.0821433,36.0577758],[139.0821651,36.0577709],[139.0821868,36.0577669],[139.0821872,36.0577669],[139.0822093,36.057764],[139.0822218,36.0577627],[139.0823278,36.057747],[139.0823733,36.0577403],[139.0823792,36.0577394],[139.0823922,36.0577374],[139.0825808,36.0577103],[139.0826924,36.0576956],[139.0827838,36.057574],[139.0827842,36.0575734],[139.0827867,36.0575717],[139.0827974,36.0575668],[139.0828142,36.0575637],[139.082889,36.0575657],[139.0829136,36.0575664],[139.0829339,36.057567],[139.0829456,36.0575698],[139.0830922,36.0576096],[139.0830974,36.057611],[139.0831087,36.0576115],[139.0831258,36.0576116]]],[[[139.075,36.05740935136987],[139.0750892,36.0574037],[139.0751548,36.0573996],[139.0753042,36.0573901],[139.0753449,36.0573879],[139.0753452,36.0573879],[139.0753732,36.0573657],[139.0753775,36.0573574],[139.0753795,36.0573515],[139.0753812,36.0573446],[139.0753811,36.0572957],[139.0753802,36.0572892],[139.0753787,36.0572843],[139.0753762,36.057281],[139.0753703,36.0572773],[139.0753627,36.0572738],[139.0752388,36.0572342],[139.075,36.05715991485913],[139.075,36.05740935136987]]],[[[139.0774144,36.0581514],[139.0774193,36.0580916],[139.0776275,36.0581214],[139.077379,36.0580603],[139.0773787,36.0580602],[139.0773448,36.0580522],[139.0771864,36.0580144],[139.0771861,36.0580143],[139.0769974,36.0579625],[139.0768614,36.057918],[139.0768494,36.0579744],[139.0768285,36.0581254],[139.0768272,36.058159],[139.0768275,36.0581665],[139.0768397,36.0582699],[139.0768471916954,36.05833333333333],[139.07742599495708,36.05833333333333],[139.0774255,36.0583246],[139.0774213,36.0582585],[139.0774144,36.0581514]]],[[[139.0763501,36.0577145],[139.0762777,36.0576838],[139.0762643,36.0576806],[139.076113,36.0576438],[139.0760494,36.0576284],[139.0760472,36.0576341],[139.0760219,36.0576988],[139.0760192,36.0577094],[139.0760176,36.0577201],[139.0760168,36.0577309],[139.076017,36.0577417],[139.0760182,36.0577526],[139.0760203,36.0577633],[139.0760233,36.0577739],[139.0760272,36.0577839],[139.076032,36.0577939],[139.0760376,36.0578038],[139.0760442,36.0578132],[139.0760494,36.0578187],[139.0760602,36.057828],[139.0760702,36.0578333],[139.0760423,36.0579073],[139.0760145,36.0579812],[139.075997,36.0580278],[139.0759963,36.0580352],[139.0759968,36.0580429],[139.0759975,36.0580462],[139.0760553,36.0581474],[139.0760897,36.0582037],[139.0760954,36.0582151],[139.0760993,36.0582231],[139.0760999,36.0582241],[139.0761068,36.0582446],[139.0761117,36.05826],[139.0761234687075,36.05833333333333],[139.07678023580107,36.05833333333333],[139.0767708,36.0582529],[139.0767684,36.0582331],[139.0767652,36.0582294],[139.0767603,36.0582238],[139.0767591,36.0582228],[139.0767557,36.0582203],[139.0767466,36.0582167],[139.0767397,36.0582168],[139.0766404,36.0582173],[139.0765058,36.0582187],[139.0764789,36.058219],[139.0764092,36.0582199],[139.0763558,36.0582207],[139.0763447,36.0582208],[139.0763244,36.0582211],[139.0763164,36.0582213],[139.0763122,36.0582213],[139.0763003,36.0582214],[139.0763001,36.0582094],[139.0762998,36.0581944],[139.0763803,36.0581933],[139.0764785,36.0581919],[139.0766401,36.0581903],[139.0766434,36.0581903],[139.0767497,36.0581897],[139.0767559,36.058189],[139.0767579,36.0581874],[139.0767609,36.0581848],[139.0767676,36.0581792],[139.0767665,36.0581697],[139.076766,36.058159],[139.0767572,36.0579967],[139.0767559,36.0579745],[139.0767557,36.057971],[139.0767503,36.0578811],[139.0767468,36.0578797],[139.076725,36.0578718],[139.076683,36.0578543],[139.0766783,36.0578524],[139.076514,36.057784],[139.0763501,36.0577145]]],[[[139.0782259,36.0552159],[139.0781118,36.0554865],[139.0780596,36.0556072],[139.0780186,36.0557117],[139.07801,36.0557362],[139.0780096,36.0557361],[139.0779913,36.0557326],[139.0779808,36.0557643],[139.0779707,36.0558036],[139.0779633,36.0558431],[139.0779585,36.055883],[139.0779571,36.0558957],[139.077955,36.0559333],[139.0779552,36.0559709],[139.0779583,36.0560085],[139.0779637,36.0560458],[139.0779648,36.0560516],[139.0779731,36.0560886],[139.0779817,36.0561178],[139.0779838,36.0561252],[139.077997,36.0561612],[139.0780592,36.0561436],[139.0781732,36.0561114],[139.0784339,36.0560299],[139.0784568,36.0560234],[139.0784645,36.0560127],[139.0784653,36.0560024],[139.078467,36.0559929],[139.0784696,36.0559813],[139.0784713,36.0559709],[139.0784709,36.0559542],[139.0784703,36.0559528],[139.0784683,36.0559454],[139.0784668,36.0559378],[139.0784658,36.0559301],[139.0784653,36.0559224],[139.0784651,36.0559148],[139.0784656,36.055907],[139.0784667,36.0558994],[139.0784685,36.0558918],[139.0784705,36.0558843],[139.078473,36.055877],[139.0784761,36.0558697],[139.0784788,36.055864],[139.0784828,36.055857],[139.078487,36.0558502],[139.0784919,36.0558436],[139.0784971,36.0558372],[139.078503,36.055831],[139.0785092,36.0558252],[139.0785156,36.0558196],[139.078522,36.0558145],[139.0786073,36.0557504],[139.0787817,36.0556275],[139.0787856,36.0556247],[139.0787978,36.0556166],[139.0788107,36.055609],[139.078824,36.055602],[139.0788376,36.0555956],[139.078838,36.0555955],[139.0788522,36.0555898],[139.0788668,36.0555847],[139.0788815,36.0555801],[139.0788966,36.0555763],[139.0789119,36.0555731],[139.0789231,36.0555713],[139.0789386,36.0555693],[139.0789389,36.0555693],[139.0789492,36.0555684],[139.0789545,36.055568],[139.0789626,36.0555677],[139.0789704,36.0555674],[139.0789756,36.0555675],[139.0789863,36.0555676],[139.0790022,36.0555684],[139.0790178,36.0555699],[139.0790182,36.05557],[139.0790325,36.055572],[139.0790329,36.0555721],[139.0791784,36.0555882],[139.0791738,36.0555805],[139.0791581,36.055545],[139.0791577,36.0555441],[139.0791535,36.0555215],[139.0791504,36.0555017],[139.0791473,36.0554867],[139.079141,36.055469],[139.0791359,36.0554585],[139.0790815,36.0553784],[139.0789795,36.0551772],[139.078917,36.0550573],[139.0789165,36.0550448],[139.0789003,36.0550232],[139.0788938,36.0550146],[139.0788844,36.0550099],[139.0788731,36.055007],[139.0788728,36.0550069],[139.0788607,36.0550048],[139.0788501,36.0550054],[139.0788365,36.0550081],[139.0787547,36.055054],[139.0787352,36.0550642],[139.0787348,36.0550643],[139.0787245,36.0550675],[139.0787029,36.0550705],[139.0786862,36.0550716],[139.0786677,36.0550715],[139.0786674,36.0550714],[139.0786462,36.0550682],[139.0786459,36.0550681],[139.0786271,36.0550606],[139.0785957,36.0550405],[139.0785707,36.0550223],[139.0785242,36.054997],[139.0784966,36.0549848],[139.0784779,36.0549768],[139.0784531,36.0549709],[139.078421,36.0549633],[139.0783236,36.0549402],[139.078288,36.0549672],[139.0782547,36.0549973],[139.0782316,36.0550281],[139.0782223,36.0550769],[139.0782196,36.0550998],[139.0782221,36.0551531],[139.0782259,36.0552159]]],[[[139.0788486,36.0549964],[139.0788614,36.0549957],[139.0788617,36.0549958],[139.0788759,36.0549982],[139.0788891,36.0550018],[139.0789019,36.0550081],[139.0789047,36.0550095],[139.0789329,36.055022],[139.0789735,36.0550052],[139.079124,36.0549352],[139.0792368,36.0548843],[139.0792398,36.0548832],[139.0792426,36.054882],[139.0792451,36.0548807],[139.0792474,36.0548792],[139.0792497,36.0548776],[139.0792521,36.054876],[139.0792541,36.0548742],[139.0792554,36.0548728],[139.0792559,36.0548723],[139.0792578,36.0548703],[139.0792594,36.0548682],[139.0792609,36.0548661],[139.0792621,36.0548638],[139.0792634,36.0548614],[139.0792633,36.0548609],[139.0792642,36.0548584],[139.0792649,36.054856],[139.0792655,36.0548536],[139.0792658,36.0548512],[139.0792659,36.0548486],[139.0792658,36.0548462],[139.0792655,36.0548438],[139.0792651,36.0548413],[139.0792637,36.0548365],[139.079264,36.0548246],[139.0792643,36.0548146],[139.0792669,36.054794],[139.0792708,36.0547737],[139.0792764,36.0547534],[139.0792834,36.0547338],[139.0792856,36.0547284],[139.0792946,36.0547093],[139.0793051,36.0546905],[139.0793161,36.0546737],[139.0793247,36.0546545],[139.0793409,36.0546238],[139.0793592,36.0545939],[139.0793803,36.054565],[139.0794032,36.0545372],[139.0794284,36.0545108],[139.0794485,36.054492],[139.079477,36.0544679],[139.0795074,36.0544454],[139.0795405,36.0544236],[139.0796234,36.0543894],[139.0796299,36.0543865],[139.0796318,36.0543848],[139.0796326,36.0543805],[139.0796337,36.0543742],[139.079629,36.0543644],[139.0795747,36.0542662],[139.0794847,36.0541087],[139.0794843,36.0541078],[139.0794771,36.0540945],[139.0794687,36.0540818],[139.0794595,36.0540696],[139.0794495,36.0540579],[139.0794383,36.0540468],[139.0794264,36.0540361],[139.0794222,36.0540328],[139.0794091,36.054023],[139.0793955,36.054014],[139.0793811,36.0540058],[139.0792338,36.0539344],[139.0791257,36.053889],[139.0789682,36.0538196],[139.078941,36.0538076],[139.0789407,36.0538074],[139.0788438,36.0537675],[139.0788329,36.053764],[139.0788297,36.053763],[139.0788108,36.0537554],[139.0787927,36.0537463],[139.0787763,36.0537362],[139.0787725,36.0537335],[139.0787573,36.0537218],[139.0787426,36.0537078],[139.0787329,36.053692],[139.0786948,36.0536297],[139.0786863,36.0536187],[139.0786804,36.0536157],[139.0786664,36.0536125],[139.0786547,36.0536157],[139.0786328,36.0536217],[139.0785199,36.0536565],[139.0784865,36.0536713],[139.0784862,36.0536714],[139.0784574,36.0536859],[139.0784263,36.0537035],[139.0783962,36.0537224],[139.0783674,36.0537427],[139.0783649,36.0537447],[139.0783491,36.0537565],[139.0783098,36.0537478],[139.0783068,36.0537497],[139.0782791,36.0537683],[139.0782494,36.0537881],[139.0781853,36.0538309],[139.078181,36.053866],[139.0781927,36.0538729],[139.0783032,36.0539416],[139.0784016,36.0540015],[139.0784182,36.0540146],[139.0784345,36.0540289],[139.0784498,36.0540439],[139.0784641,36.0540596],[139.0784772,36.0540758],[139.0784893,36.0540926],[139.0784927,36.0540978],[139.0785033,36.0541152],[139.0785126,36.0541332],[139.0785208,36.0541515],[139.0785277,36.0541701],[139.0785333,36.0541891],[139.0785345,36.0541925],[139.0785434,36.0542236],[139.0785502,36.054255],[139.0785549,36.0542866],[139.0785575,36.0543185],[139.0785579,36.0543504],[139.0785561,36.0543823],[139.0785549,36.0543945],[139.0785502,36.0544262],[139.0785434,36.0544576],[139.0785345,36.0544887],[139.0785234,36.0545193],[139.0785103,36.0545493],[139.0785058,36.0545584],[139.0784953,36.0545788],[139.0784057,36.0547829],[139.0783312,36.0549185],[139.0784317,36.0549423],[139.0784809,36.054954],[139.0784857,36.0549551],[139.0785005,36.0549723],[139.07853,36.0549893],[139.0785775,36.0550152],[139.078603,36.0550336],[139.0786331,36.0550529],[139.0786496,36.0550595],[139.0786685,36.0550624],[139.0786688,36.0550625],[139.0786859,36.0550626],[139.0787013,36.0550615],[139.0787017,36.0550614],[139.0787215,36.0550587],[139.0787298,36.0550562],[139.0787302,36.0550562],[139.0787486,36.0550465],[139.0788317,36.0549999],[139.0788482,36.0549965],[139.0788486,36.0549964]]],[[[139.0772922,36.0578934],[139.0773964,36.0578902],[139.0773968,36.0578902],[139.0774038,36.0578902],[139.0774042,36.0578902],[139.0774199,36.0578802],[139.0774533,36.0578549],[139.0774571,36.0578454],[139.077498,36.057731],[139.0775029,36.0577173],[139.0775354,36.0576066],[139.0775432,36.0575719],[139.0775545,36.0575044],[139.0775672,36.0574322],[139.0775799,36.05736],[139.0775938,36.057248],[139.0776077,36.0571359],[139.0776201,36.0570429],[139.0776224,36.057026],[139.0776219,36.0570233],[139.0776214,36.0570206],[139.077621,36.0570186],[139.0776196,36.0570139],[139.0776175,36.0570095],[139.0776148,36.0570051],[139.0776118,36.057001],[139.0776083,36.0569972],[139.0776077,36.0569965],[139.0776034,36.056993],[139.0775992,36.0569898],[139.0775943,36.056987],[139.0775892,36.0569846],[139.0775889,36.0569845],[139.0774559,36.056932],[139.0771629,36.0568238],[139.0769483,36.0567456],[139.0769384,36.0567438],[139.0768068,36.0567293],[139.0767717,36.0567254],[139.0767525,36.0567252],[139.0767308,36.0567253],[139.0767028,36.0567253],[139.0766346,36.0567277],[139.0765782,36.0568283],[139.0765425,36.0568917],[139.0765128,36.0569445],[139.0764824,36.0569986],[139.0764129,36.057122],[139.0761996,36.0574929],[139.0762357,36.0575705],[139.076309,36.0575966],[139.0763257,36.0576025],[139.0763734,36.0576227],[139.0765647,36.0577039],[139.076565,36.057704],[139.0766762,36.0577503],[139.0767728,36.0577905],[139.0768088,36.0578035],[139.0769162,36.0578387],[139.0769146,36.0578367],[139.0768351,36.0577267],[139.0768084,36.0576906],[139.0767661,36.0576332],[139.0767647,36.0576313],[139.0767901,36.0576188],[139.0768368,36.0576816],[139.0768433,36.0576904],[139.0768611,36.0577144],[139.0769399,36.0578235],[139.0769686,36.0578559],[139.077036,36.0578779],[139.0770778,36.0578894],[139.0770786,36.0578896],[139.0771219,36.0578883],[139.0771946,36.0578904],[139.0772918,36.0578934],[139.0772922,36.0578934]]],[[[139.07808448839506,36.05833333333333],[139.078057,36.0583002],[139.0780044,36.0582426],[139.0779884,36.058235],[139.0779138,36.0582047],[139.077901,36.0581994],[139.0778914,36.0581958],[139.0778009,36.0581653],[139.0777089,36.0581397],[139.0777086,36.0581395],[139.0776958,36.0581367],[139.0776985,36.0581424],[139.077816,36.0581856],[139.0779367,36.0582247],[139.0779305,36.0582373],[139.0778438,36.0582093],[139.0778094,36.0581982],[139.077809,36.0581981],[139.0776923,36.058155],[139.0776244,36.0581374],[139.077624,36.0581374],[139.0774378,36.0581107],[139.0774347,36.0581515],[139.0774454,36.0583237],[139.07744595369158,36.05833333333333],[139.07808448839506,36.05833333333333]]],[[[139.0780256,36.0539377],[139.0780378,36.0538479],[139.0780555,36.0537996],[139.0780546,36.0537992],[139.0780454,36.0537952],[139.0780116,36.0537809],[139.0779927,36.0537723],[139.0779369,36.0537589],[139.0779366,36.0537588],[139.0779201,36.0537547],[139.0779004,36.0537497],[139.0779,36.0537496],[139.0778222,36.0537352],[139.0778103,36.0537322],[139.077795,36.0537264],[139.0777451,36.0537047],[139.0776807,36.0536647],[139.0776396,36.053635],[139.077632,36.0536257],[139.0776275,36.0536178],[139.0776244,36.0536093],[139.0776226,36.0536032],[139.0776096,36.0535407],[139.0776072,36.0535253],[139.077605,36.0535153],[139.077584,36.0534427],[139.0775773,36.0534101],[139.0775727,36.053387],[139.0775705,36.0533762],[139.0775668,36.0533593],[139.077564,36.05335],[139.0775483,36.0533218],[139.0774642,36.0532283],[139.0774052,36.0531606],[139.0773665,36.0531127],[139.0773134,36.0530416],[139.0772639,36.0529686],[139.0772195,36.0528964],[139.0770805,36.0526885],[139.0769675,36.0525223],[139.0769463,36.0525039],[139.0768861,36.0524623],[139.0768788,36.0524556],[139.0768644,36.0524273],[139.0768625,36.052416],[139.0768619,36.0524128],[139.0768486,36.0523406],[139.0768471,36.0523337],[139.0767644,36.0522156],[139.0767038,36.0521252],[139.0766998,36.0521218],[139.076695,36.052118],[139.07669,36.0521144],[139.0766846,36.0521111],[139.076679,36.0521081],[139.0766729,36.0521054],[139.076667,36.052103],[139.0766667,36.0521029],[139.0766608,36.0521009],[139.0766605,36.0521008],[139.0766544,36.0520991],[139.0766541,36.0520991],[139.0766478,36.0520977],[139.076646,36.0520974],[139.0766411,36.0520966],[139.0766346,36.0520958],[139.0766343,36.0520958],[139.0766277,36.0520954],[139.0766212,36.0520954],[139.0766208,36.0520954],[139.0766194,36.0520954],[139.0766143,36.0520956],[139.0766102,36.052096],[139.0766076,36.0520963],[139.0766009,36.0520972],[139.0765944,36.0520985],[139.0765879,36.0521002],[139.0765841,36.0521042],[139.0765632,36.0521235],[139.0765413,36.0521417],[139.0765328,36.0521482],[139.0765087,36.0521648],[139.0764835,36.05218],[139.0764486,36.0521956],[139.0764064,36.0522119],[139.0763631,36.052226],[139.0763189,36.0522378],[139.0763185,36.0522379],[139.0762745,36.0522472],[139.0762735,36.0522474],[139.0762722,36.0522477],[139.0762261,36.0522548],[139.0761798,36.0522596],[139.0761332,36.0522619],[139.0760866,36.0522619],[139.0760491,36.0522573],[139.0760487,36.0522572],[139.0760181,36.0522519],[139.0760099,36.0522505],[139.0760095,36.0522504],[139.0759712,36.0522416],[139.0759709,36.0522415],[139.0759332,36.0522307],[139.0758963,36.052218],[139.0758846,36.0522134],[139.0758491,36.0521981],[139.0758451,36.0521962],[139.0758195,36.0521835],[139.0758186,36.052183],[139.0758149,36.0521811],[139.0757821,36.0521624],[139.0757814,36.0521619],[139.0757508,36.052142],[139.075672,36.0520875],[139.0755846,36.0520193],[139.075522,36.0519639],[139.0755024,36.0519465],[139.0754698,36.0519147],[139.0754608,36.0519059],[139.0753877,36.0518271],[139.0753211,36.0517447],[139.0753173,36.0517405],[139.0753095,36.0517324],[139.0753012,36.0517249],[139.075292,36.0517177],[139.0752826,36.051711],[139.0752726,36.0517048],[139.0752619,36.0516992],[139.075251,36.0516941],[139.0752482,36.051693],[139.0752436,36.0516909],[139.0752321,36.0516868],[139.0752202,36.0516833],[139.0752198,36.0516832],[139.0752095,36.0516808],[139.0752081,36.0516804],[139.0752078,36.0516804],[139.0751957,36.0516781],[139.0751898,36.0516773],[139.0751833,36.0516765],[139.0750674,36.051679],[139.075067,36.051679],[139.0750382,36.0516815],[139.075,36.05168479985359],[139.075,36.05191946045976],[139.0750061,36.0519326],[139.0750914,36.0521164],[139.0751196,36.052177],[139.0751412,36.0522236],[139.0751448,36.0522314],[139.0751945,36.0523384],[139.0752204,36.0523943],[139.0752385,36.0524245],[139.075263,36.0524626],[139.0753089,36.0525296],[139.0753094,36.0525309],[139.0753222,36.0525475],[139.0753804,36.0526376],[139.0754011,36.0526739],[139.0754257,36.052717],[139.0754984,36.0528232],[139.0755603,36.0529006],[139.0755946,36.0529434],[139.0756383,36.0529977],[139.0756523,36.0530149],[139.0756544,36.0530175],[139.0757504,36.0531463],[139.0757604,36.0531588],[139.0757624,36.0531613],[139.0758147,36.0531326],[139.0759249,36.0530625],[139.0759455,36.0530837],[139.0759451,36.053084],[139.0758599,36.0531382],[139.0758343,36.0531545],[139.0757805,36.053184],[139.0757829,36.053187],[139.0758479,36.0532815],[139.0758945,36.0533499],[139.0758949,36.0533499],[139.075995,36.0533523],[139.0760649,36.0533571],[139.0761279,36.0533614],[139.0761456,36.0533628],[139.0761469,36.0533629],[139.0761492,36.0533631],[139.0761699,36.0533531],[139.0762472,36.0533027],[139.0763462,36.0532347],[139.0763534,36.0532414],[139.0762543,36.0533097],[139.0761827,36.0533564],[139.0761808,36.0533627],[139.0761809,36.0533662],[139.0761838,36.0533741],[139.0763271,36.0534434],[139.0765246,36.0535484],[139.0765592,36.0535668],[139.0765825,36.0535752],[139.076587,36.0535768],[139.0765962,36.0535777],[139.0765966,36.0535777],[139.0766239,36.0535803],[139.0766243,36.0535804],[139.0766396,36.0535765],[139.0766462,36.0535937],[139.0765664,36.0536136],[139.0765608,36.053615],[139.0765344,36.0536216],[139.0764301,36.0536491],[139.0763305,36.0536804],[139.0763302,36.0536805],[139.076168,36.0537416],[139.0761676,36.0537418],[139.0761419,36.0537542],[139.0760754,36.0537947],[139.0761087,36.053901],[139.0761225,36.053947],[139.0761963,36.0541591],[139.0762538,36.0542995],[139.0763283,36.0544641],[139.0763304,36.0544689],[139.0763386,36.0544734],[139.0763403,36.0544741],[139.0763498,36.0544782],[139.0763615,36.054482],[139.0763737,36.0544846],[139.0763846,36.054486],[139.0763897,36.0544862],[139.0763972,36.0544864],[139.076398,36.0544864],[139.0764096,36.0544857],[139.076422,36.0544839],[139.07643,36.0544762],[139.0764531,36.0544541],[139.0765127,36.0543974],[139.0765914,36.0543189],[139.0766341,36.0542796],[139.0766915,36.0542233],[139.0767192,36.0541949],[139.0767206,36.0541934],[139.0767316,36.0541785],[139.0767569,36.0541441],[139.0767698,36.0541268],[139.0767868,36.0541082],[139.076806,36.054091],[139.076827,36.0540754],[139.0768482,36.0540624],[139.0768723,36.0540502],[139.0768978,36.0540398],[139.0769245,36.0540315],[139.0769521,36.0540252],[139.0769546,36.0540248],[139.0769792,36.0540213],[139.076989,36.0540204],[139.0770807,36.0540052],[139.0770962,36.0540026],[139.077116,36.0539992],[139.0771779,36.0539887],[139.0771788,36.0539885],[139.0772657,36.0539738],[139.077287,36.0539698],[139.0773232,36.0539631],[139.0773787,36.0539498],[139.0773923,36.0539461],[139.0773985,36.0539441],[139.0774463,36.0539291],[139.0774983,36.0539096],[139.0775073,36.0539057],[139.0775431,36.0538904],[139.0775768,36.0538888],[139.0775772,36.0538888],[139.0776137,36.053887],[139.0776297,36.0538866],[139.0776509,36.0538873],[139.0776724,36.0538898],[139.0776728,36.0538898],[139.0776938,36.053894],[139.077713,36.0538994],[139.0777134,36.0538995],[139.0777245,36.0539032],[139.0778018,36.0539447],[139.077848,36.0539689],[139.0778484,36.053969],[139.0778612,36.0539725],[139.0778738,36.053977],[139.0778857,36.0539825],[139.0778971,36.0539888],[139.0779076,36.053996],[139.0779099,36.0539978],[139.0779193,36.0540059],[139.0779276,36.0540148],[139.077935,36.0540242],[139.0779384,36.0540294],[139.0779745,36.0541082],[139.0779936,36.0541576],[139.077995,36.0541588],[139.0779964,36.0541599],[139.0779979,36.0541608],[139.0779992,36.0541617],[139.0779996,36.0541618],[139.0780012,36.0541624],[139.078003,36.0541629],[139.0780049,36.0541634],[139.0780067,36.0541637],[139.0780085,36.0541638],[139.0780105,36.0541638],[139.0780124,36.0541636],[139.0780141,36.0541633],[139.0780144,36.0541632],[139.0780162,36.0541628],[139.078018,36.0541622],[139.0780197,36.0541615],[139.0780216,36.0541606],[139.0780229,36.0541596],[139.0780245,36.0541585],[139.0780256,36.0541573],[139.0780267,36.0541561],[139.0780279,36.0541547],[139.0780286,36.0541533],[139.0780292,36.0541517],[139.0780297,36.0541502],[139.0780298,36.0541498],[139.0780313,36.0541408],[139.0780323,36.0541252],[139.0780321,36.0541192],[139.0780269,36.054003],[139.0780256,36.0539377]]],[[[139.0836915,36.0579029],[139.0836782,36.0579441],[139.0836154,36.0580727],[139.083601,36.0580984],[139.083595,36.0581118],[139.0835786,36.0582357],[139.0835706,36.0582652],[139.0835589,36.0582868],[139.08351584424673,36.05833333333333],[139.08489532344973,36.05833333333333],[139.084784,36.0582204],[139.0847696,36.0582043],[139.0846937,36.0581243],[139.0846138,36.0580469],[139.0845473,36.0579872],[139.0844604,36.0579149],[139.0844522,36.0579095],[139.0843849,36.0578665],[139.0843211,36.0578295],[139.0843153,36.057826],[139.0842834,36.0578091],[139.0842437,36.0577878],[139.0842081,36.0577701],[139.0841335,36.0577356],[139.0841251,36.0577321],[139.0840573,36.0577036],[139.0840124,36.0576859],[139.0838969,36.05764],[139.0837373,36.0575844],[139.0837147,36.0575859],[139.0837065,36.0575884],[139.0836958,36.0575966],[139.0836936,36.0576064],[139.0836949,36.0577539],[139.0836947,36.0578517],[139.0836938,36.0578814],[139.0836915,36.0579029]]],[[[139.08346784315992,36.05833333333333],[139.0834754,36.0583245],[139.0835219,36.058274],[139.083525,36.0582707],[139.0835335,36.0582554],[139.08354,36.0582307],[139.0835564,36.0581085],[139.0835584,36.0581009],[139.0835649,36.0580864],[139.0835794,36.0580603],[139.0835976,36.0580233],[139.0836413,36.0579343],[139.0836529,36.0578975],[139.083655,36.0578797],[139.0836558,36.0578513],[139.0836561,36.057754],[139.0836546,36.0576037],[139.0836552,36.0576006],[139.0836574,36.0575911],[139.0836591,36.0575785],[139.0836568,36.0575701],[139.083645,36.0575558],[139.0836345,36.0575526],[139.0835312,36.0575305],[139.0835308,36.0575304],[139.0834166,36.057509],[139.0834054,36.0575108],[139.0833987,36.0575167],[139.0833811,36.0575471],[139.0833757,36.0575565],[139.0833695,36.0575672],[139.0833409,36.0575857],[139.0833404,36.0575861],[139.0833348,36.0575911],[139.0833289,36.0575961],[139.0833225,36.0576006],[139.0833158,36.0576049],[139.0833088,36.0576089],[139.0833019,36.0576126],[139.0832945,36.057616],[139.083287,36.057619],[139.0832792,36.0576218],[139.083271,36.0576241],[139.0832608,36.0576266],[139.0831276,36.0576386],[139.0830922,36.0576333],[139.083028,36.0576159],[139.0829375,36.0575913],[139.0829372,36.0575912],[139.0829294,36.0575894],[139.0828172,36.0575862],[139.0828168,36.0575863],[139.0828074,36.0575881],[139.0828028,36.0575902],[139.0827889,36.0576087],[139.0827082,36.0577164],[139.0827078,36.0577164],[139.0826596,36.0577228],[139.0825857,36.0577325],[139.0825853,36.0577325],[139.0823971,36.0577596],[139.0823123,36.0577722],[139.0822262,36.0577849],[139.0822258,36.057785],[139.0822132,36.0577862],[139.0821923,36.057789],[139.0821718,36.0577928],[139.0821516,36.0577973],[139.0821317,36.0578028],[139.0821122,36.0578092],[139.0821028,36.0578126],[139.082084,36.0578202],[139.0820657,36.0578287],[139.0820519,36.057836],[139.0820481,36.0578379],[139.0820312,36.0578479],[139.0820117,36.0578608],[139.0820114,36.0578608],[139.0820023,36.0578644],[139.082002,36.0578645],[139.0819868,36.0578698],[139.081971,36.0578746],[139.0819549,36.0578786],[139.0819387,36.0578819],[139.0819384,36.057882],[139.0819221,36.0578845],[139.0819218,36.0578846],[139.0819055,36.0578864],[139.0819051,36.0578864],[139.0818886,36.0578875],[139.0818882,36.0578875],[139.0818715,36.0578879],[139.0818547,36.0578875],[139.0818381,36.0578864],[139.0818377,36.0578864],[139.0818217,36.0578846],[139.0818213,36.0578846],[139.0818191,36.0578842],[139.0818188,36.0578842],[139.0818029,36.0578816],[139.0818026,36.0578815],[139.0817967,36.0578802],[139.0817864,36.0578781],[139.0817703,36.057874],[139.0817545,36.0578691],[139.0817391,36.0578636],[139.0817329,36.057861],[139.0817243,36.0578574],[139.0817097,36.0578505],[139.0816956,36.057843],[139.081689,36.057839],[139.0816755,36.0578309],[139.0816686,36.0578274],[139.0816617,36.0578242],[139.0816546,36.0578212],[139.0816473,36.0578186],[139.0816399,36.0578163],[139.0816324,36.0578144],[139.0816247,36.0578127],[139.081617,36.0578115],[139.0816167,36.0578114],[139.0816092,36.0578105],[139.0816088,36.0578105],[139.081601,36.0578099],[139.0815931,36.0578097],[139.0815851,36.0578098],[139.0815773,36.0578103],[139.0815769,36.0578103],[139.0815712,36.0578109],[139.0815708,36.057811],[139.0815633,36.0578121],[139.0815629,36.0578121],[139.0815554,36.0578135],[139.0815477,36.0578153],[139.0815402,36.0578175],[139.0815329,36.0578199],[139.0815234,36.0578235],[139.0814762,36.0578364],[139.0814481,36.057844],[139.0814205,36.0578554],[139.0814136,36.0578609],[139.0813937,36.0579045],[139.0813936,36.0579054],[139.081394,36.057918],[139.0813951,36.0579233],[139.0813968,36.0579344],[139.0813977,36.0579459],[139.0813978,36.0579573],[139.0813971,36.0579687],[139.0813956,36.0579801],[139.0813935,36.0579914],[139.0813907,36.0580024],[139.0813888,36.0580082],[139.0813849,36.0580189],[139.0813801,36.0580297],[139.0813745,36.0580402],[139.0813688,36.0580497],[139.0813276,36.0581161],[139.0812829,36.0581853],[139.0812758,36.0582036],[139.0812646,36.0582225],[139.0812306,36.0582427],[139.0811732,36.0582704],[139.0810785,36.058316],[139.08104285148875,36.05833333333333],[139.08346784315992,36.05833333333333]]],[[[139.0763301,36.0570413],[139.0764366,36.0568525],[139.0765751,36.0566052],[139.0766145,36.0565347],[139.0766006,36.0565299],[139.0763913,36.0564567],[139.0761396,36.0563532],[139.0759988,36.0562886],[139.0759986,36.0562884],[139.0759849,36.0562768],[139.0759354,36.0562338],[139.0759054,36.0562078],[139.0758765,36.0561876],[139.075,36.05583376953929],[139.075,36.05711654137931],[139.075257,36.0571963],[139.0753838,36.0572371],[139.075398,36.0572433],[139.0754142,36.0572535],[139.0754258,36.0572689],[139.0754294,36.057282],[139.0754313,36.0572929],[139.0754314,36.0573489],[139.0754327,36.0573722],[139.0754327,36.0573729],[139.0754344,36.0573799],[139.0754401,36.0573864],[139.0754551,36.0573865],[139.0754581,36.0573865],[139.0754683,36.0573866],[139.0754687,36.0573866],[139.0754832,36.0573872],[139.0755292,36.0573891],[139.075589,36.0573936],[139.0755894,36.0573936],[139.0756157,36.0573962],[139.075646,36.0574],[139.0756752,36.0574037],[139.0757081,36.057409],[139.0757753,36.0574178],[139.0758149,36.0574261],[139.0758153,36.0574261],[139.0758514,36.0574358],[139.0760162,36.0574838],[139.0760295,36.0574792],[139.0760984,36.0574554],[139.0761741,36.0573198],[139.0761971,36.0572786],[139.0762465,36.0571904],[139.0763067,36.0570826],[139.0763301,36.0570413]]],[[[139.0775309,36.0577683],[139.0775227,36.0577913],[139.0774997,36.0578558],[139.0774844,36.057895],[139.0774763,36.0579154],[139.0774758,36.0579162],[139.0774539,36.0579321],[139.0774333,36.0579399],[139.0774122,36.0579443],[139.0773789,36.0579413],[139.0772994,36.057934],[139.0772898,36.0579404],[139.0773639,36.0579581],[139.0774109,36.0579693],[139.0776533,36.0580243],[139.0777447,36.0580448],[139.0777451,36.0580449],[139.0779846,36.0580923],[139.077985,36.0580923],[139.0779916,36.0580951],[139.0780498,36.0581188],[139.0780621,36.0581185],[139.0780668,36.0581184],[139.0780724,36.058117],[139.0780873,36.0580965],[139.078105,36.0580056],[139.0781079,36.0579913],[139.0781329,36.0578674],[139.0781476,36.0578185],[139.0781662,36.0577706],[139.0781892,36.0577241],[139.078198,36.0577083],[139.0782262,36.0576638],[139.0782582,36.0576209],[139.0782943,36.0575799],[139.0783042,36.0575701],[139.0783335,36.057541],[139.0783762,36.0575047],[139.0784111,36.0574784],[139.0785399,36.0574017],[139.0785593,36.0573894],[139.078678,36.0573056],[139.0787163,36.057276],[139.0787337,36.0572643],[139.0787481,36.057253],[139.0787619,36.057241],[139.0787744,36.0572282],[139.0787856,36.0572147],[139.0787957,36.0572005],[139.0788047,36.0571859],[139.0788123,36.0571707],[139.0788185,36.057155],[139.0788233,36.0571392],[139.0788266,36.0571231],[139.0788285,36.0571068],[139.0788292,36.0570905],[139.0788281,36.0570742],[139.078826,36.0570579],[139.0788222,36.0570418],[139.078817,36.057026],[139.0788104,36.0570104],[139.0788047,36.0569992],[139.0787954,36.0569645],[139.0787842,36.0569337],[139.0787702,36.0569035],[139.0787543,36.0568755],[139.0787355,36.0568472],[139.0787141,36.0568202],[139.0786904,36.0567944],[139.0786643,36.0567701],[139.0786364,36.0567472],[139.0786134,36.0567307],[139.0784645,36.0566424],[139.0783975,36.0566043],[139.078375,36.0565915],[139.0783219,36.0565613],[139.078278,36.0565363],[139.0781989,36.0564913],[139.0781759,36.0564782],[139.078153,36.056463],[139.0781315,36.0564468],[139.0781173,36.0564345],[139.0781116,36.056429],[139.0780777,36.056418],[139.0780773,36.0564179],[139.0780686,36.0564165],[139.0780624,36.0564164],[139.078062,36.0564164],[139.077963,36.0564329],[139.077874,36.0564469],[139.0778164,36.0564639],[139.077804,36.0564682],[139.077792,36.0564734],[139.0777825,36.0564801],[139.0777786,36.0564876],[139.0777776,36.0564899],[139.077766,36.0565175],[139.0777398,36.0565103],[139.0777524,36.0564795],[139.0777593,36.0564665],[139.0777762,36.0564547],[139.0777806,36.0564528],[139.0777917,36.0564479],[139.077792,36.0564477],[139.0778064,36.0564429],[139.0778365,36.0564341],[139.0778665,36.0564252],[139.0779576,36.0564108],[139.0780388,36.0563973],[139.0780536,36.0563885],[139.0780586,36.0563831],[139.0780628,36.0563724],[139.0780516,36.0563553],[139.078043,36.0563389],[139.0780002,36.0562995],[139.0779573,36.0562602],[139.0779481,36.0562488],[139.0779179,36.0561933],[139.0779117,36.0561819],[139.0779341,36.0561461],[139.0779278,36.0560593],[139.0779277,36.0559717],[139.0779277,36.0559702],[139.0779277,36.0559698],[139.0779275,36.0559603],[139.0779271,36.0559328],[139.0779295,36.0558943],[139.0779309,36.055881],[139.0779357,36.0558403],[139.0779433,36.0557998],[139.0779435,36.0557992],[139.0779537,36.0557591],[139.0779669,36.0557194],[139.0779816,36.0556808],[139.078006,36.0556448],[139.0780331,36.0556001],[139.0780856,36.0554791],[139.078198,36.0552126],[139.0781943,36.0551541],[139.0781917,36.0550992],[139.0781944,36.0550748],[139.0781982,36.0550118],[139.0782214,36.054981],[139.0782756,36.0549299],[139.0782959,36.0549084],[139.0783373,36.0548634],[139.0783851,36.0547762],[139.0784354,36.054662],[139.0784334,36.0546509],[139.0784332,36.0546461],[139.0784276,36.0546371],[139.0783733,36.0546026],[139.0782705,36.0545351],[139.0782584,36.0545211],[139.0782488,36.0544817],[139.0782469,36.0544798],[139.0781762,36.0544088],[139.0781936,36.0543975],[139.0782698,36.0544739],[139.0782793,36.0545139],[139.0782867,36.0545227],[139.0783871,36.0545885],[139.0784374,36.0546205],[139.0784417,36.0546213],[139.0784493,36.0546207],[139.0784533,36.0546204],[139.0784746,36.0545724],[139.0784896,36.0545429],[139.0785023,36.0545138],[139.078513,36.0544841],[139.0785216,36.054454],[139.0785282,36.0544236],[139.0785328,36.0543927],[139.0785339,36.0543811],[139.0785357,36.05435],[139.0785353,36.0543191],[139.0785328,36.0542883],[139.0785282,36.0542576],[139.0785216,36.0542272],[139.0785129,36.0541969],[139.0785119,36.0541935],[139.0785063,36.0541748],[139.0784998,36.0541571],[139.0784918,36.0541398],[139.0784831,36.0541228],[139.078473,36.054106],[139.0784699,36.0541014],[139.0784584,36.0540853],[139.0784456,36.0540699],[139.0784321,36.054055],[139.0784176,36.0540408],[139.0784022,36.0540272],[139.078387,36.0540153],[139.0782897,36.0539559],[139.0782276,36.0539174],[139.0781792,36.0538873],[139.0781574,36.0538744],[139.0781399,36.0538745],[139.0781315,36.0538836],[139.0781228,36.0538954],[139.0781175,36.0539041],[139.0781113,36.0539167],[139.0781065,36.0539299],[139.0781033,36.0539433],[139.0781046,36.0540014],[139.0781097,36.0541173],[139.0781099,36.0541258],[139.0781087,36.0541467],[139.0781052,36.0541674],[139.0780992,36.0541877],[139.0780929,36.0542031],[139.0780828,36.0542223],[139.0780704,36.0542406],[139.0780695,36.0542414],[139.0780628,36.0542469],[139.0780604,36.0542489],[139.0780504,36.0542557],[139.0780394,36.0542617],[139.078028,36.0542667],[139.0780163,36.0542709],[139.0780159,36.054271],[139.0780037,36.0542742],[139.0779964,36.0542755],[139.0779911,36.0542765],[139.0779828,36.0542775],[139.0779698,36.0542782],[139.077957,36.0542778],[139.0779566,36.0542778],[139.0779441,36.0542765],[139.0779437,36.0542765],[139.0779312,36.0542741],[139.0779302,36.0542739],[139.0779161,36.0542698],[139.0779157,36.0542697],[139.0779023,36.0542645],[139.0778889,36.0542582],[139.0778766,36.054251],[139.0778654,36.0542428],[139.0778608,36.0542388],[139.0778549,36.0542337],[139.0778511,36.05423],[139.0778423,36.0542199],[139.0778346,36.0542092],[139.0778283,36.054198],[139.0778233,36.0541863],[139.0778195,36.0541742],[139.0778176,36.054162],[139.0778168,36.0541497],[139.0778105,36.0540502],[139.0778082,36.0540351],[139.077806,36.0540264],[139.0778021,36.0540208],[139.0777942,36.0540141],[139.0777597,36.0539924],[139.0776906,36.0539552],[139.0776878,36.0539543],[139.0776737,36.0539503],[139.0776734,36.0539503],[139.0776592,36.0539475],[139.0776588,36.0539474],[139.0776442,36.0539458],[139.0776294,36.0539451],[139.077629,36.0539451],[139.077619,36.0539454],[139.0776131,36.053946],[139.0776042,36.0539469],[139.0775895,36.0539494],[139.0775752,36.053953],[139.0775547,36.0539618],[139.0775351,36.0539702],[139.0774786,36.0539914],[139.0774205,36.0540096],[139.0774038,36.0540142],[139.0773475,36.0540277],[139.0773442,36.0540285],[139.0773439,36.0540286],[139.0773275,36.0540316],[139.0772835,36.0540397],[139.0772832,36.0540398],[139.0770974,36.0540714],[139.0770015,36.0540873],[139.076991,36.0540882],[139.0769906,36.0540882],[139.0769707,36.0540911],[139.0769703,36.0540912],[139.0769508,36.0540956],[139.0769504,36.0540957],[139.0769313,36.0541017],[139.076913,36.0541092],[139.0768953,36.054118],[139.0768803,36.0541274],[139.0768654,36.0541385],[139.0768651,36.0541387],[139.0768645,36.0541393],[139.0768513,36.0541511],[139.0768389,36.0541646],[139.0768282,36.0541789],[139.0767893,36.0542319],[139.0767562,36.0542658],[139.0766975,36.0543235],[139.0766823,36.0543374],[139.0766536,36.0543638],[139.0765713,36.0544389],[139.0764463,36.0545583],[139.0764243,36.0546538],[139.0764693,36.0547473],[139.0764897,36.0547875],[139.0764949,36.0547977],[139.0765998,36.0550042],[139.0767367,36.0552748],[139.0767396,36.0552804],[139.0768158,36.0552732],[139.0768162,36.0552732],[139.0768209,36.0552731],[139.0768354,36.0552728],[139.0768541,36.0552727],[139.0768621,36.0552726],[139.0768625,36.0552726],[139.0769369,36.0552732],[139.0771621,36.0552721],[139.0771624,36.0552721],[139.0771684,36.0552718],[139.0771857,36.0552709],[139.0772575,36.0552674],[139.0772912,36.0552658],[139.0772933,36.0552927],[139.0772929,36.0552927],[139.0772127,36.0552967],[139.0771771,36.0552984],[139.0771636,36.0552991],[139.0771632,36.0552991],[139.0770876,36.0552995],[139.0769369,36.0553002],[139.0768909,36.0552998],[139.0768626,36.0552997],[139.0768621,36.0552997],[139.0768541,36.0552997],[139.0768361,36.0552999],[139.0768358,36.0552999],[139.0768244,36.0553001],[139.0768202,36.0553002],[139.0768198,36.0553002],[139.0767557,36.0553119],[139.0767677,36.0553356],[139.0769005,36.0556095],[139.0769012,36.055611],[139.0769139,36.0556389],[139.0769287,36.0556767],[139.0769409,36.0557153],[139.0769506,36.0557543],[139.0769576,36.0557937],[139.0769618,36.0558318],[139.0769637,36.0558716],[139.0769627,36.0559114],[139.0769591,36.0559512],[139.0769534,36.0559871],[139.0769529,36.0559921],[139.0769444,36.0560509],[139.0769317,36.0561102],[139.0769153,36.0561684],[139.0769065,36.0561944],[139.0768845,36.0562513],[139.0768588,36.056307],[139.0768567,36.0563111],[139.0768379,36.0563476],[139.0767875,36.0564451],[139.0767617,36.0564952],[139.0767478,36.0565221],[139.0767435,36.0565304],[139.0767048,36.0566054],[139.0766812,36.0566444],[139.0766705,36.0566636],[139.0766819,36.0566719],[139.076693,36.0566767],[139.0766933,36.0566768],[139.0767078,36.0566806],[139.0767082,36.0566806],[139.0767749,36.0566893],[139.0768837,36.0567013],[139.076946,36.0567082],[139.0769622,36.0567112],[139.0771812,36.0567909],[139.0772468,36.0568152],[139.0774748,36.0568994],[139.0776103,36.0569527],[139.0776187,36.0569567],[139.0776248,36.0569604],[139.0776269,36.0569616],[139.0776345,36.056967],[139.0776409,36.0569726],[139.0776432,36.0569748],[139.0776488,36.0569808],[139.077654,36.0569879],[139.0776584,36.0569953],[139.077662,36.057003],[139.0776646,36.0570109],[139.0776662,36.0570187],[139.077667,36.0570263],[139.0776518,36.0571397],[139.0776239,36.0573643],[139.0775984,36.0575094],[139.0775982,36.05751],[139.0776178,36.0575137],[139.0776565,36.057504],[139.0778583,36.0574651],[139.0778679,36.0574619],[139.0778696,36.0574601],[139.0778737,36.0574522],[139.0778794,36.0573507],[139.0778991,36.0573514],[139.0778994,36.0573514],[139.0778934,36.0574556],[139.0778872,36.0574685],[139.07788,36.0574753],[139.0778646,36.0574806],[139.0776618,36.0575197],[139.0776245,36.057529],[139.0775935,36.0575393],[139.0775871,36.0575776],[139.0775838,36.0575916],[139.0776073,36.0576],[139.0776937,36.0575865],[139.0778439,36.0575558],[139.0778443,36.0575557],[139.0779361,36.0575326],[139.0779373,36.0575315],[139.0779389,36.0575289],[139.0779415,36.0575181],[139.0779429,36.0575088],[139.0779463,36.0574548],[139.0779621,36.0571689],[139.0779617,36.0571567],[139.0779606,36.0571405],[139.0779559,36.0571162],[139.0779504,36.0571052],[139.0779446,36.0570964],[139.0779266,36.0570827],[139.0779205,36.0570798],[139.077908,36.0570758],[139.0778936,36.0570727],[139.077885,36.0570725],[139.0778804,36.0570724],[139.0778692,36.0570724],[139.0778689,36.0570724],[139.0778532,36.0570737],[139.0778435,36.0570757],[139.0778409,36.0570669],[139.0778513,36.0570648],[139.0778685,36.0570633],[139.0778804,36.0570634],[139.0778807,36.0570634],[139.0778852,36.0570635],[139.0778945,36.0570637],[139.0778902,36.0570546],[139.0778861,36.0570419],[139.0778841,36.0570269],[139.0778845,36.0570113],[139.0778846,36.0569983],[139.0778855,36.0569808],[139.0778905,36.0569602],[139.0779013,36.0569619],[139.0778966,36.0569818],[139.0778957,36.0569985],[139.0778956,36.0570114],[139.0778953,36.0570265],[139.0778969,36.0570403],[139.0779007,36.0570518],[139.0779079,36.0570664],[139.0779114,36.0570671],[139.0779253,36.0570716],[139.0779256,36.0570717],[139.0779333,36.0570755],[139.0779539,36.0570909],[139.0779604,36.0571014],[139.0779668,36.0571141],[139.0779717,36.0571395],[139.0779728,36.0571564],[139.0779732,36.0571689],[139.0779662,36.0574553],[139.077963,36.0575101],[139.0779614,36.0575208],[139.0779579,36.0575341],[139.0779543,36.0575405],[139.0779476,36.0575467],[139.0778497,36.0575713],[139.0778494,36.0575714],[139.0776981,36.0576024],[139.0776143,36.0576154],[139.0776139,36.0576155],[139.0775991,36.0576221],[139.0775987,36.0576222],[139.0775832,36.0576266],[139.077581,36.0576285],[139.0775455,36.0577274],[139.0775309,36.0577683]]],[[[139.075,36.05833333333333],[139.076095482,36.05833333333333],[139.0760845,36.0582659],[139.0760843,36.0582643],[139.07608,36.0582504],[139.0760735,36.0582313],[139.0760643,36.0582129],[139.0760303,36.0581571],[139.0759706,36.0580528],[139.0759692,36.0580454],[139.0759684,36.0580349],[139.0759695,36.0580235],[139.0759714,36.0580185],[139.0759858,36.05798],[139.0760117,36.0579111],[139.0760378,36.0578417],[139.0760282,36.0578332],[139.076021,36.0578256],[139.0760129,36.0578141],[139.0760065,36.0578029],[139.0760009,36.0577913],[139.0759963,36.0577797],[139.075993,36.0577676],[139.0759905,36.0577554],[139.0759893,36.0577429],[139.0759891,36.0577305],[139.0759897,36.057718],[139.0759918,36.0577057],[139.075995,36.0576931],[139.0760227,36.0576215],[139.0759724,36.0575978],[139.0758827,36.0575555],[139.075775,36.0575101],[139.0757747,36.05751],[139.0757665,36.0575074],[139.0757123,36.0574969],[139.075657,36.0574881],[139.0756012,36.0574811],[139.0755984,36.0574808],[139.075578,36.0574788],[139.0755777,36.0574787],[139.0755216,36.0574745],[139.0754675,36.0574723],[139.0754654,36.0574722],[139.075409,36.0574717],[139.0753526,36.0574733],[139.0753121,36.0574755],[139.0753117,36.0574755],[139.0752218,36.0574812],[139.075,36.05749518324347],[139.075,36.05833333333333]]],[[[139.075,36.055788397956945],[139.0754307,36.0559624],[139.0759046,36.0561536],[139.07594,36.0561784],[139.075972,36.0562061],[139.0760211,36.0562489],[139.0760295,36.0562561],[139.0761632,36.0563175],[139.0764122,36.0564199],[139.0764125,36.05642],[139.0766027,36.0564865],[139.0766258,36.0564945],[139.0766341,36.0564974],[139.0766458,36.0564747],[139.0767043,36.0563614],[139.0767196,36.0563318],[139.0767505,36.056272],[139.0767743,36.0562205],[139.0767947,36.0561678],[139.0768022,36.0561453],[139.0768175,36.0560916],[139.0768216,36.056072],[139.0768262,36.0560501],[139.076829,36.0560373],[139.076837,36.0559825],[139.0768375,36.0559769],[139.0768431,36.0559417],[139.076846,36.0559095],[139.0768463,36.0559071],[139.0768467,36.0558848],[139.0768469,36.0558759],[139.076847,36.0558725],[139.0768462,36.0558543],[139.0768454,36.0558379],[139.0768418,36.0558047],[139.0768364,36.0557744],[139.0768356,36.0557704],[139.0768336,36.0557621],[139.0768205,36.055735],[139.0767256,36.0555392],[139.0767095,36.055506],[139.0767089,36.0555046],[139.0766983,36.0555153],[139.0766891,36.0555248],[139.0766865,36.0555275],[139.0766801,36.0555461],[139.076674,36.0555683],[139.0766694,36.0555908],[139.0766663,36.0556135],[139.0766652,36.0556277],[139.0766645,36.0556505],[139.0766655,36.0556733],[139.0766678,36.0556961],[139.0766347,36.0556984],[139.0766322,36.055675],[139.0766312,36.0556508],[139.0766319,36.0556266],[139.0766332,36.0556111],[139.0766362,36.0555871],[139.0766411,36.0555631],[139.0766478,36.0555395],[139.0766562,36.055515],[139.0766723,36.0554985],[139.0766885,36.0554642],[139.0766889,36.0554634],[139.0766721,36.0554288],[139.0766335,36.0553382],[139.0766151,36.0552951],[139.0765952,36.0552557],[139.0764869,36.0550419],[139.0764175,36.0549052],[139.0764015,36.0548737],[139.0763885,36.0548509],[139.0762749,36.0546509],[139.0762011,36.0545289],[139.0761834,36.0544997],[139.0761826,36.0544965],[139.0761813,36.0544911],[139.0761382,36.0543172],[139.0761191,36.0542706],[139.0760848,36.0541869],[139.0760101,36.053972],[139.0760099,36.0539712],[139.0759973,36.05393],[139.0759955,36.053924],[139.075993,36.0539158],[139.0759523,36.0537854],[139.0758749,36.0535628],[139.0758314,36.0534571],[139.0758188,36.0534303],[139.0758051,36.0533994],[139.0757722,36.0534267],[139.0757449,36.0534495],[139.0755985,36.0535722],[139.0755387,36.0536223],[139.0754966,36.0536574],[139.0754768,36.0536418],[139.0755059,36.0536174],[139.0755666,36.0535665],[139.0756323,36.0535114],[139.075725,36.0534338],[139.0757891,36.0533803],[139.0757443,36.0533178],[139.0755689,36.0530985],[139.075577,36.0530929],[139.0755456,36.053054],[139.0755268,36.0530306],[139.0754599,36.0529386],[139.0754464,36.0529183],[139.0754315,36.0529116],[139.0754229,36.0529076],[139.075412,36.0529059],[139.0754012,36.0529065],[139.0753609,36.05292],[139.0753229,36.0529329],[139.0752867,36.0529451],[139.0751708,36.052982],[139.0750644,36.0530083],[139.0750641,36.0530083],[139.0750545,36.0530078],[139.0750541,36.0530077],[139.0750472,36.0530051],[139.075042,36.0529981],[139.075038,36.0529886],[139.0750342,36.0529756],[139.0750313,36.0529633],[139.0750164,36.0529232],[139.075,36.05289715778893],[139.075,36.05226250542637],[139.0750006,36.0522622],[139.0750333,36.0522456],[139.075,36.05217154727574],[139.075,36.055788397956945]]],[[[139.0833896,36.0574771],[139.0834086,36.0574777],[139.0834253,36.0574782],[139.0834323,36.0574795],[139.0835403,36.0574998],[139.0836466,36.0575225],[139.0836665,36.0575287],[139.0837475,36.0575535],[139.0839128,36.0576113],[139.0839131,36.0576114],[139.0839769,36.0576367],[139.0839788,36.0576374],[139.084075,36.0576754],[139.0841522,36.0577078],[139.0842075,36.0577335],[139.0842227,36.0577406],[139.0842279,36.0577429],[139.0842644,36.0577612],[139.0843373,36.0578],[139.0843466,36.0578055],[139.0844083,36.0578414],[139.0844766,36.0578849],[139.0844867,36.0578916],[139.0844887,36.0578932],[139.0845756,36.0579655],[139.084643,36.0580262],[139.084724,36.0581045],[139.0848006,36.0581854],[139.0848148,36.0582012],[139.08494514137521,36.05833333333333],[139.0875,36.05833333333333],[139.0875,36.05097312388436],[139.0872732,36.0504195],[139.0871104412017,36.05],[139.0872958056816,36.05],[139.0874696,36.0504178],[139.0875,36.05049932507939],[139.0875,36.05],[139.075,36.05],[139.075,36.05165214970613],[139.0750647,36.0516465],[139.0751251,36.0516452],[139.0751858,36.0516439],[139.0751862,36.0516439],[139.0752032,36.0516462],[139.0752036,36.0516463],[139.0752181,36.051649],[139.0752324,36.0516524],[139.0752328,36.0516525],[139.075247,36.0516567],[139.0752606,36.0516615],[139.0752686,36.0516649],[139.0752701,36.0516656],[139.075283,36.0516716],[139.0752957,36.0516784],[139.0753076,36.0516858],[139.0753192,36.0516938],[139.07533,36.0517025],[139.0753401,36.0517115],[139.0753493,36.051721],[139.075354,36.0517264],[139.0754204,36.0518084],[139.0754921,36.0518857],[139.0755325,36.0519252],[139.0756131,36.0519965],[139.075699,36.0520634],[139.0757763,36.0521169],[139.0757779,36.0521179],[139.0758061,36.0521364],[139.0758369,36.052154],[139.0758477,36.0521594],[139.0758487,36.0521489],[139.0758202,36.0520508],[139.0758036,36.051994],[139.0757817,36.0519709],[139.0757792,36.0519686],[139.0757446,36.0519373],[139.0757405,36.0519337],[139.0757,36.051903],[139.0756541,36.0518736],[139.075646,36.0518655],[139.0756354,36.0518537],[139.0756258,36.051841],[139.0756177,36.0518278],[139.075611,36.051814],[139.0756056,36.0517999],[139.0756016,36.0517855],[139.0755991,36.0517709],[139.0755983,36.0517619],[139.0755982,36.0517472],[139.0755994,36.0517325],[139.0756027,36.0517157],[139.0756837,36.0515801],[139.0757388,36.0514877],[139.0757488,36.0514716],[139.0757999,36.0513911],[139.0758073,36.0513796],[139.0758551,36.0512988],[139.0758552,36.0512972],[139.0758516,36.0512904],[139.0758502,36.0512885],[139.0758137,36.0512591],[139.0757579,36.051214],[139.0757535,36.0512073],[139.0757506,36.0512022],[139.0757481,36.051197],[139.0757461,36.0511918],[139.0757443,36.0511864],[139.0757428,36.051181],[139.0757417,36.0511756],[139.0757413,36.0511738],[139.0757409,36.0511684],[139.0757406,36.0511628],[139.0757408,36.0511573],[139.0757413,36.0511518],[139.0757421,36.0511462],[139.0757434,36.0511408],[139.075745,36.0511354],[139.0757469,36.05113],[139.0757493,36.0511248],[139.075752,36.0511196],[139.075755,36.0511146],[139.0757582,36.0511098],[139.075762,36.0511051],[139.075766,36.0511005],[139.0757701,36.0510964],[139.0757706,36.0510959],[139.075805,36.0510609],[139.0758554,36.0510094],[139.0760117,36.0508649],[139.0760798,36.0507981],[139.0760812,36.0507966],[139.0760827,36.0507949],[139.0760839,36.0507931],[139.0760848,36.0507914],[139.0760859,36.0507895],[139.0760867,36.0507877],[139.0760874,36.0507858],[139.0760879,36.0507838],[139.0760884,36.0507818],[139.0760887,36.0507798],[139.0760889,36.0507785],[139.0760891,36.0507764],[139.076089,36.0507744],[139.0760886,36.0507724],[139.0760885,36.0507704],[139.076088,36.0507685],[139.0760874,36.0507665],[139.0760867,36.0507646],[139.0760857,36.0507627],[139.0760849,36.0507609],[139.0760836,36.0507591],[139.0760826,36.0507573],[139.0760811,36.0507556],[139.0760799,36.050754],[139.0760787,36.050753],[139.0759477,36.0506844],[139.0759183,36.0506731],[139.0759073,36.0506699],[139.075888,36.0506688],[139.0758876,36.0506688],[139.0758735,36.0506702],[139.0758221,36.0506757],[139.0756963,36.0506764],[139.0756959,36.0506764],[139.075643,36.0506695],[139.0755877,36.0506622],[139.0755873,36.0506621],[139.0755406,36.0506539],[139.0754998,36.0506454],[139.0754995,36.0506453],[139.0753181,36.0506067],[139.0752898,36.0506009],[139.0752538,36.050587],[139.0752359,36.0505719],[139.0752258,36.0505531],[139.0752439,36.0505467],[139.0752527,36.0505627],[139.0752655,36.0505736],[139.0752964,36.0505855],[139.0752968,36.0505856],[139.0753231,36.050591],[139.0755045,36.0506296],[139.0755049,36.0506297],[139.0755451,36.0506382],[139.0755905,36.0506461],[139.0755908,36.0506461],[139.0756975,36.0506602],[139.0756978,36.0506602],[139.0757436,36.0506599],[139.0758206,36.0506595],[139.075871,36.0506541],[139.0758872,36.0506525],[139.0758978,36.0506531],[139.0759116,36.0506538],[139.0759259,36.0506581],[139.0759262,36.0506582],[139.0759575,36.0506701],[139.0760921,36.0507406],[139.0760935,36.0507419],[139.0760957,36.0507442],[139.0760978,36.0507465],[139.0760998,36.050749],[139.0761015,36.0507515],[139.0761031,36.0507541],[139.0761045,36.0507568],[139.0761056,36.0507595],[139.0761067,36.0507622],[139.0761074,36.0507645],[139.0761075,36.050765],[139.0761082,36.0507679],[139.0761087,36.0507707],[139.076109,36.0507736],[139.0761091,36.0507764],[139.0761089,36.0507793],[139.0761087,36.0507815],[139.0761082,36.0507843],[139.0761076,36.0507872],[139.0761067,36.0507899],[139.0761058,36.0507927],[139.0761045,36.0507954],[139.0761032,36.0507981],[139.0761016,36.0508007],[139.0760998,36.0508032],[139.0760979,36.0508057],[139.0760959,36.050808],[139.0760271,36.0508754],[139.0759902,36.0509094],[139.0758708,36.0510198],[139.0757861,36.0511062],[139.0757856,36.0511067],[139.075782,36.0511104],[139.0757786,36.0511141],[139.0757755,36.0511181],[139.0757727,36.0511222],[139.0757702,36.0511264],[139.0757679,36.0511307],[139.075766,36.0511352],[139.0757643,36.0511396],[139.0757629,36.0511441],[139.0757618,36.0511487],[139.0757611,36.0511534],[139.0757608,36.051158],[139.0757606,36.0511627],[139.0757608,36.0511674],[139.0757613,36.0511721],[139.0757615,36.0511733],[139.0757625,36.0511779],[139.0757636,36.0511825],[139.0757653,36.0511871],[139.075767,36.0511915],[139.0757692,36.0511958],[139.0757716,36.0512001],[139.0757743,36.0512042],[139.0758279,36.0512476],[139.075866,36.0512784],[139.0758694,36.051283],[139.0758753,36.0512943],[139.0758749,36.0513022],[139.075832,36.0513899],[139.0758257,36.0513996],[139.0758147,36.0514172],[139.0757749,36.0514801],[139.0757635,36.0514981],[139.0757568,36.0515086],[139.0757055,36.051589],[139.0756263,36.0517217],[139.0756237,36.0517348],[139.0756226,36.0517479],[139.0756227,36.0517611],[139.0756234,36.0517688],[139.0756256,36.0517819],[139.0756291,36.0517948],[139.075634,36.0518074],[139.07564,36.0518196],[139.0756473,36.0518315],[139.0756558,36.0518427],[139.0756653,36.0518534],[139.0756714,36.0518593],[139.0757159,36.051888],[139.0757576,36.0519195],[139.0757627,36.0519238],[139.075799,36.0519571],[139.0758005,36.0519583],[139.0758261,36.0519853],[139.0758441,36.0520463],[139.0758718,36.0521419],[139.0758976,36.0521823],[139.0759024,36.0521844],[139.0759127,36.0521884],[139.0759477,36.0522005],[139.0759832,36.0522106],[139.0760192,36.0522189],[139.0760195,36.052219],[139.0760561,36.0522253],[139.0760895,36.0522294],[139.0761076,36.0522294],[139.0761257,36.0522294],[139.0761322,36.0522295],[139.0761763,36.0522272],[139.0762201,36.0522227],[139.0762525,36.0522177],[139.0762561,36.0522172],[139.0762642,36.0522159],[139.0763076,36.0522068],[139.0763496,36.0521955],[139.0763906,36.0521822],[139.0764245,36.0521691],[139.0764305,36.0521667],[139.0764527,36.0521568],[139.0764618,36.0521528],[139.0764663,36.05215],[139.0764903,36.0521298],[139.0765001,36.0521216],[139.0765184,36.0521017],[139.0765325,36.0520864],[139.0765368,36.0520803],[139.0765418,36.0520774],[139.0765646,36.0520722],[139.0765837,36.0520673],[139.0765927,36.0520656],[139.0765939,36.0520653],[139.0766017,36.0520641],[139.0766214,36.052059],[139.0766765,36.0520447],[139.076679,36.0520436],[139.0767189,36.0520246],[139.0767749,36.0519982],[139.076806,36.0519835],[139.076844,36.051975],[139.0768555,36.0519742],[139.0768559,36.0519742],[139.0768671,36.051974],[139.0768675,36.051974],[139.0768787,36.0519745],[139.0768791,36.0519745],[139.0768905,36.0519757],[139.076902,36.0519775],[139.0769134,36.05198],[139.0769244,36.0519831],[139.0769255,36.0519836],[139.0769259,36.0519837],[139.0769364,36.0519875],[139.0769466,36.051992],[139.0769565,36.051997],[139.0769659,36.0520026],[139.076975,36.0520087],[139.0769832,36.0520154],[139.0769909,36.0520225],[139.076998,36.05203],[139.0770044,36.0520379],[139.0770101,36.0520462],[139.0770122,36.0520496],[139.0770219,36.0520761],[139.0770294,36.0521031],[139.0770318,36.0521138],[139.0770358,36.0521413],[139.0770376,36.0521689],[139.0770369,36.0521966],[139.0770348,36.0522171],[139.0770351,36.0522356],[139.0770371,36.0522541],[139.0770407,36.0522724],[139.0770437,36.0522837],[139.07705,36.0523016],[139.0770577,36.052319],[139.0770669,36.0523359],[139.0770777,36.0523523],[139.0770897,36.0523681],[139.0771032,36.0523831],[139.077118,36.0523972],[139.077122,36.0524007],[139.0771304,36.0524071],[139.0771392,36.0524129],[139.0771486,36.0524183],[139.0771585,36.0524231],[139.0771685,36.0524273],[139.0771789,36.0524309],[139.0771896,36.0524338],[139.07719,36.0524339],[139.0771947,36.0524349],[139.0772058,36.052437],[139.0772143,36.052438],[139.0772169,36.0524383],[139.0772172,36.0524384],[139.0772222,36.0524387],[139.0772285,36.0524391],[139.0772399,36.0524392],[139.0772513,36.0524386],[139.0772624,36.0524374],[139.0772628,36.0524373],[139.0772736,36.0524354],[139.077274,36.0524354],[139.0772849,36.052433],[139.0772934,36.0524307],[139.0772938,36.0524306],[139.0773028,36.0524289],[139.077312,36.0524277],[139.0773211,36.0524271],[139.0773215,36.0524271],[139.0773276,36.0524269],[139.0773368,36.0524272],[139.0773372,36.0524272],[139.0773462,36.0524279],[139.0773465,36.052428],[139.0773556,36.0524293],[139.0773645,36.0524311],[139.0773648,36.0524312],[139.0773735,36.0524336],[139.0773821,36.0524364],[139.0773824,36.0524365],[139.0773875,36.0524384],[139.0773943,36.0524432],[139.0774016,36.0524477],[139.0774092,36.0524517],[139.0774172,36.0524552],[139.0774255,36.0524582],[139.0774294,36.0524595],[139.0774297,36.0524596],[139.0774382,36.0524619],[139.077447,36.0524636],[139.077456,36.052465],[139.0774649,36.0524657],[139.0774653,36.0524658],[139.0774683,36.0524658],[139.0774691,36.0524658],[139.077474,36.052466],[139.0774744,36.052466],[139.0774814,36.0524658],[139.0774833,36.0524658],[139.0774923,36.0524649],[139.0775011,36.0524636],[139.0775015,36.0524636],[139.0775101,36.0524618],[139.0775188,36.0524594],[139.077523,36.0524581],[139.0776154,36.052419],[139.0776368,36.052409],[139.0777244,36.0523634],[139.0778079,36.0523129],[139.0778138,36.0523089],[139.077899,36.0522411],[139.0780682,36.0521116],[139.0780821,36.0521234],[139.0779128,36.0522528],[139.0778272,36.0523211],[139.0778201,36.0523257],[139.0777358,36.0523768],[139.0776471,36.0524228],[139.0776249,36.0524332],[139.0775315,36.0524729],[139.0775256,36.0524747],[139.077516,36.0524773],[139.0775156,36.0524773],[139.0775056,36.0524795],[139.0774952,36.052481],[139.0774849,36.0524819],[139.0774845,36.0524819],[139.0774824,36.052482],[139.0774742,36.0524822],[139.0774682,36.0524821],[139.077467,36.0524821],[139.0774636,36.052482],[139.0774569,36.0524814],[139.0774532,36.052481],[139.0774428,36.0524795],[139.0774326,36.0524774],[139.0774228,36.0524748],[139.0774179,36.0524732],[139.0774083,36.0524697],[139.0773992,36.0524656],[139.0773903,36.052461],[139.0773819,36.0524559],[139.0773764,36.0524521],[139.0773741,36.0524513],[139.0773666,36.0524488],[139.0773592,36.0524468],[139.0773589,36.0524467],[139.0773516,36.0524452],[139.0773512,36.0524452],[139.0773435,36.0524441],[139.0773358,36.0524434],[139.0773355,36.0524434],[139.0773276,36.0524432],[139.0773225,36.0524433],[139.0773146,36.0524438],[139.0773143,36.0524438],[139.0773066,36.0524449],[139.0772991,36.0524463],[139.0772987,36.0524463],[139.0772904,36.0524485],[139.0772785,36.0524512],[139.077266,36.0524533],[139.0772532,36.0524548],[139.0772406,36.0524554],[139.0772403,36.0524554],[139.0772276,36.0524553],[139.0772206,36.0524548],[139.077215,36.0524545],[139.0772146,36.0524544],[139.0772118,36.0524541],[139.0772021,36.0524529],[139.0771898,36.0524507],[139.0771839,36.0524493],[139.0771721,36.0524461],[139.0771717,36.052446],[139.07716,36.052442],[139.0771488,36.0524372],[139.0771376,36.0524319],[139.0771272,36.0524259],[139.0771171,36.0524193],[139.077108,36.0524122],[139.0771031,36.052408],[139.0770876,36.0523931],[139.0770731,36.0523772],[139.0770604,36.0523605],[139.0770488,36.0523431],[139.077039,36.0523251],[139.0770309,36.0523065],[139.0770243,36.0522876],[139.077021,36.0522755],[139.0770171,36.0522561],[139.0770152,36.0522365],[139.0770147,36.0522166],[139.0770169,36.0521958],[139.0770176,36.0521692],[139.0770158,36.0521428],[139.077012,36.0521162],[139.0770099,36.0521062],[139.0770025,36.0520802],[139.0769935,36.0520555],[139.0769924,36.0520537],[139.0769873,36.0520463],[139.0769817,36.0520393],[139.0769755,36.0520328],[139.0769686,36.0520266],[139.0769614,36.0520207],[139.0769537,36.0520154],[139.0769454,36.0520104],[139.0769367,36.052006],[139.0769364,36.0520059],[139.0769276,36.0520021],[139.076918,36.0519986],[139.0769174,36.0519983],[139.0769072,36.0519955],[139.0768974,36.0519933],[139.0768874,36.0519917],[139.0768772,36.0519906],[139.0768671,36.0519902],[139.0768668,36.0519902],[139.0768568,36.0519904],[139.0768428,36.0519949],[139.0768424,36.051995],[139.0768202,36.052003],[139.0767868,36.0520187],[139.0767321,36.0520445],[139.0766907,36.0520641],[139.0767857,36.052206],[139.0768704,36.0523269],[139.0768727,36.0523374],[139.0768866,36.052413],[139.0768901,36.0524306],[139.0768999,36.052445],[139.0769032,36.052448],[139.0769635,36.0524896],[139.0769873,36.0525106],[139.077102,36.052679],[139.0772412,36.0528873],[139.0772855,36.0529595],[139.0773344,36.0530316],[139.0773871,36.0531021],[139.0774253,36.0531495],[139.0774841,36.0532167],[139.0776224,36.0533705],[139.0777177,36.0533047],[139.0777295,36.0532966],[139.0777464,36.0533126],[139.0777346,36.0533206],[139.077698,36.0533459],[139.0776391,36.0533865],[139.0776109,36.0534168],[139.0776,36.0534283],[139.0775964,36.0534341],[139.0775952,36.0534422],[139.0776159,36.0535134],[139.0776182,36.0535239],[139.0776206,36.0535394],[139.0776338,36.0536016],[139.0776351,36.053607],[139.0776381,36.0536146],[139.0776417,36.0536213],[139.0776481,36.053629],[139.077688,36.0536577],[139.0777511,36.0536971],[139.0777996,36.0537183],[139.0777999,36.0537184],[139.0778141,36.0537238],[139.077825,36.0537266],[139.0779031,36.0537409],[139.0779233,36.0537461],[139.0779399,36.0537501],[139.0779971,36.053764],[139.0780165,36.0537729],[139.0780168,36.0537731],[139.0780504,36.0537871],[139.0780507,36.0537873],[139.0780643,36.0537931],[139.0781167,36.0538158],[139.0781233,36.0538171],[139.0781299,36.0538178],[139.0781338,36.0538179],[139.0781471,36.0538183],[139.0781475,36.0538184],[139.0781642,36.0538101],[139.0782257,36.053769],[139.0782546,36.0537497],[139.0782791,36.0537333],[139.0782888,36.053727],[139.0782924,36.0537071],[139.078308,36.0536951],[139.078312,36.0536922],[139.0783434,36.0536702],[139.0783768,36.0536489],[139.0784119,36.0536293],[139.0784446,36.0536129],[139.0784849,36.053595],[139.0786047,36.053558],[139.0786836,36.0535414],[139.0786871,36.0535407],[139.0786906,36.05354],[139.0786979,36.0535383],[139.0787043,36.0535364],[139.0787107,36.0535342],[139.0787165,36.0535316],[139.0787222,36.0535286],[139.078728,36.0535252],[139.0787323,36.0535225],[139.0787373,36.0535185],[139.0787419,36.0535144],[139.0787451,36.0535109],[139.0787747,36.053472],[139.0787747,36.0534712],[139.0787713,36.0534634],[139.0787701,36.0534623],[139.0787241,36.0534174],[139.0786725,36.0533671],[139.0785399,36.0532511],[139.0784323,36.0531547],[139.0784173,36.0531409],[139.0784022,36.0531268],[139.0783983,36.05312],[139.0783828,36.0530929],[139.0783798,36.0530874],[139.0784166,36.0530835],[139.0784222,36.0530931],[139.0784276,36.0531026],[139.0784387,36.0531223],[139.078439,36.0531229],[139.0784439,36.0531409],[139.0784469,36.0531476],[139.0785523,36.053242],[139.0786849,36.0533582],[139.0787346,36.0534067],[139.07878,36.0534509],[139.0787833,36.053454],[139.0787873,36.0534569],[139.0788005,36.0534534],[139.0788223,36.0534234],[139.078828,36.0534126],[139.078835,36.0534018],[139.0788428,36.0533913],[139.0788444,36.0533896],[139.0788517,36.0533814],[139.0788613,36.0533719],[139.0788717,36.0533632],[139.0788829,36.053355],[139.078894,36.0533479],[139.0788972,36.0533459],[139.0789089,36.0533397],[139.078922,36.0533338],[139.0789357,36.0533285],[139.0789535,36.0533195],[139.0789576,36.0533175],[139.0790307,36.0532941],[139.0790386,36.0532916],[139.0790509,36.053288],[139.0791557,36.053257],[139.0791645,36.0532544],[139.0793637,36.0531945],[139.0793904,36.0531858],[139.0794046,36.0531813],[139.0794161,36.0531755],[139.0794204,36.0531734],[139.0794419,36.0531606],[139.0794623,36.0531466],[139.0794814,36.0531315],[139.0794862,36.0531273],[139.0795035,36.0531108],[139.0795194,36.0530934],[139.0795337,36.0530751],[139.0795463,36.053056],[139.0795542,36.0530465],[139.0795567,36.0530436],[139.0795751,36.0530247],[139.0795815,36.053019],[139.0795779,36.0529999],[139.0795771,36.0529955],[139.0795799,36.0529832],[139.079589,36.0529668],[139.0796069,36.0529453],[139.0796409,36.0529078],[139.0796392,36.0529004],[139.079633,36.0528738],[139.0796328,36.0528724],[139.0795851,36.0527943],[139.0795786,36.052788],[139.0793649,36.052584],[139.0793503,36.0525749],[139.0793366,36.0525663],[139.0793063,36.0525512],[139.0792739,36.0525393],[139.0792736,36.0525392],[139.0792662,36.0525372],[139.0792399,36.0525302],[139.0792053,36.0525244],[139.0792049,36.0525244],[139.0791991,36.0525237],[139.0791977,36.0525236],[139.0791974,36.0525236],[139.079162,36.0525217],[139.0791339,36.0525229],[139.0791265,36.0525232],[139.0790913,36.0525279],[139.0790571,36.0525359],[139.0790242,36.0525469],[139.0789933,36.052561],[139.0789761,36.0525703],[139.0788521,36.0526255],[139.078641,36.0527133],[139.0786321,36.0526989],[139.0788429,36.0526112],[139.0789657,36.0525565],[139.0789827,36.0525472],[139.0790155,36.0525323],[139.0790504,36.0525205],[139.0790869,36.052512],[139.0791243,36.052507],[139.0791621,36.0525055],[139.0791995,36.0525074],[139.0792084,36.0525084],[139.079241,36.0525138],[139.079245,36.0525145],[139.0792811,36.0525241],[139.0793155,36.0525369],[139.0793481,36.0525528],[139.0793545,36.052557],[139.0793787,36.0525722],[139.0796021,36.0527854],[139.0796054,36.0527896],[139.0796656,36.0528673],[139.0796675,36.0528753],[139.0796699,36.0528859],[139.0796738,36.0529028],[139.0796233,36.0529547],[139.0796065,36.0529747],[139.0795991,36.0529881],[139.079599,36.0529886],[139.0795973,36.0529958],[139.0795988,36.0530039],[139.0796097,36.0529954],[139.0796322,36.0529797],[139.0796703,36.052955],[139.0796922,36.0529387],[139.0797108,36.052925],[139.0797195,36.0529067],[139.0798199,36.0528641],[139.0798575,36.0528482],[139.0798687,36.052849],[139.0798884,36.0528505],[139.0798888,36.0528505],[139.0798947,36.0528452],[139.0798951,36.0528447],[139.0799056,36.0528339],[139.0799142,36.0528233],[139.0799231,36.0528103],[139.080003,36.0527354],[139.0800548,36.0526848],[139.0801101,36.0526367],[139.0801306,36.0526202],[139.0801522,36.052604],[139.0801903,36.0525756],[139.0802528,36.0525339],[139.0802797,36.0525256],[139.080316,36.0525161],[139.0803527,36.0525083],[139.0803531,36.0525083],[139.0803903,36.0525022],[139.0804279,36.0524978],[139.0804659,36.0524952],[139.0804666,36.0524951],[139.0804699,36.052495],[139.0804981,36.0524944],[139.080508,36.0524943],[139.0805256,36.0524948],[139.0805461,36.0524953],[139.080584,36.0524981],[139.0806215,36.0525026],[139.0806219,36.0525026],[139.080659,36.0525089],[139.0806908,36.0525312],[139.0807613,36.0525769],[139.0808352,36.0526193],[139.0809115,36.0526582],[139.0809894,36.052693],[139.0810706,36.0527247],[139.0811543,36.0527527],[139.0812394,36.0527768],[139.0813265,36.0527968],[139.0813333,36.052802],[139.0813692,36.0529058],[139.0814385,36.0531322],[139.0815293,36.0534131],[139.0815722,36.0535658],[139.0815729,36.0535682],[139.0815784,36.0535929],[139.0815821,36.0536179],[139.0815837,36.053643],[139.0815834,36.0536682],[139.0815811,36.0536933],[139.0815796,36.0537036],[139.0815746,36.0537284],[139.0815676,36.053753],[139.0815588,36.0537771],[139.0815233,36.0538511],[139.0814701,36.0539758],[139.0814202,36.0540715],[139.0813549,36.054185],[139.0813468,36.0541975],[139.081328,36.0542297],[139.0813118,36.0542629],[139.0812981,36.0542968],[139.0812884,36.0543273],[139.0812799,36.0543623],[139.0812715,36.0545904],[139.0812633,36.0547794],[139.0812667,36.0547876],[139.0812733,36.0548008],[139.0812806,36.0548138],[139.0812888,36.0548265],[139.0812979,36.0548387],[139.0813077,36.0548506],[139.0813182,36.054862],[139.0813295,36.054873],[139.0813414,36.0548835],[139.0813541,36.0548935],[139.0813677,36.0549031],[139.0813821,36.0549122],[139.0813963,36.0549204],[139.0814115,36.054928],[139.0814266,36.054935],[139.0814425,36.0549412],[139.0814603,36.0549473],[139.0814755,36.0549529],[139.0814865,36.0549562],[139.0814977,36.0549591],[139.0815042,36.0549606],[139.0815089,36.0549616],[139.0815093,36.0549617],[139.0815205,36.0549636],[139.0815322,36.054965],[139.0815439,36.054966],[139.0815556,36.0549664],[139.0815673,36.0549664],[139.0815789,36.0549659],[139.0815793,36.0549659],[139.0815917,36.0549647],[139.0815924,36.0549647],[139.0816047,36.0549629],[139.0816052,36.0549629],[139.0816162,36.0549609],[139.0816166,36.0549608],[139.0816277,36.0549582],[139.0816388,36.0549551],[139.0816498,36.0549515],[139.0816604,36.0549476],[139.0816708,36.0549431],[139.0816811,36.0549383],[139.081685,36.054936],[139.0816919,36.0549245],[139.081759,36.0548024],[139.081804,36.0547085],[139.0818238,36.0546612],[139.0818587,36.0545776],[139.0818643,36.0545673],[139.0818723,36.0545542],[139.0818814,36.0545411],[139.0818913,36.0545283],[139.0819018,36.054516],[139.0819134,36.0545042],[139.0819259,36.0544929],[139.0819386,36.0544822],[139.0819522,36.0544719],[139.0819665,36.0544624],[139.0819813,36.0544534],[139.0819928,36.0544473],[139.0819866,36.0544263],[139.0819797,36.0544126],[139.0819781,36.0544092],[139.0819727,36.0543985],[139.0819011,36.0543073],[139.0819617,36.0542383],[139.0820141,36.054319],[139.0820465,36.054369],[139.0820501,36.054374],[139.0820799,36.0544141],[139.0820935,36.0544108],[139.0821133,36.054407],[139.0823276,36.0543819],[139.0825144,36.0543614],[139.0827007,36.0543411],[139.082701,36.0543411],[139.0827236,36.0543412],[139.0827259,36.0543411],[139.0827321,36.0543409],[139.0827445,36.0543406],[139.0827649,36.0543391],[139.0827853,36.0543367],[139.0828054,36.0543335],[139.0828253,36.0543294],[139.0828451,36.0543246],[139.0828643,36.0543188],[139.0828809,36.054313],[139.082883,36.0543123],[139.0828833,36.0543122],[139.0829016,36.0543049],[139.0829195,36.0542968],[139.082937,36.0542879],[139.0829539,36.0542784],[139.0829698,36.054268],[139.0829856,36.054257],[139.0829983,36.0542471],[139.0830125,36.0542349],[139.0830256,36.0542222],[139.0830381,36.0542089],[139.0830497,36.0541951],[139.0830604,36.0541808],[139.0830627,36.0541773],[139.08307,36.0541662],[139.0830789,36.0541511],[139.0830867,36.0541356],[139.0830935,36.0541199],[139.0831011,36.0540982],[139.0832393,36.0538302],[139.083321,36.0538579],[139.0833214,36.053858],[139.0831851,36.0541223],[139.0831781,36.0541419],[139.0831697,36.0541612],[139.0831653,36.0541701],[139.0831317,36.0542245],[139.0831244,36.0542341],[139.0831102,36.0542511],[139.083095,36.0542674],[139.0830787,36.054283],[139.0830614,36.0542978],[139.0830456,36.0543101],[139.0830267,36.0543236],[139.0830069,36.0543362],[139.0829861,36.054348],[139.0829726,36.0543548],[139.0829648,36.0543588],[139.0829429,36.0543688],[139.0829426,36.0543689],[139.0829203,36.0543779],[139.0828971,36.0543858],[139.0828968,36.0543859],[139.0828733,36.0543929],[139.0828494,36.054399],[139.0828248,36.0544039],[139.0828003,36.0544078],[139.0827999,36.0544079],[139.0827751,36.0544108],[139.0827503,36.0544126],[139.0827499,36.0544126],[139.0827249,36.0544133],[139.0827064,36.0544132],[139.0826964,36.0544143],[139.0826282,36.0544218],[139.0823398,36.0544533],[139.0823394,36.0544533],[139.0821301,36.0544778],[139.0821297,36.0544778],[139.0821164,36.0544805],[139.0821033,36.0544837],[139.0820902,36.0544874],[139.0820898,36.0544875],[139.0820772,36.0544917],[139.0820646,36.0544966],[139.0820561,36.0545003],[139.0820558,36.0545004],[139.0820442,36.0545061],[139.0820327,36.0545124],[139.0820213,36.054519],[139.0820109,36.0545263],[139.0820006,36.0545339],[139.0819909,36.054542],[139.0819817,36.0545504],[139.0819732,36.0545593],[139.0819651,36.0545685],[139.0819577,36.0545781],[139.0819508,36.0545878],[139.0819447,36.054598],[139.0819414,36.0546039],[139.0818875,36.0547332],[139.0818409,36.0548301],[139.0817726,36.0549549],[139.0817554,36.0549838],[139.0817422,36.0549917],[139.0817286,36.0549992],[139.0817145,36.055006],[139.0816998,36.0550122],[139.0816849,36.0550178],[139.0816697,36.0550227],[139.0816542,36.055027],[139.0816384,36.0550307],[139.0816226,36.0550337],[139.0816062,36.0550359],[139.0816026,36.0550364],[139.0815863,36.0550378],[139.0815701,36.0550385],[139.0815698,36.0550385],[139.0815535,36.0550386],[139.0815401,36.055038],[139.0815372,36.0550379],[139.081521,36.0550365],[139.0815206,36.0550365],[139.0815048,36.0550345],[139.0815045,36.0550345],[139.0814887,36.0550318],[139.0814884,36.0550318],[139.0814727,36.0550284],[139.0814571,36.0550243],[139.0814418,36.0550195],[139.081427,36.0550142],[139.0814266,36.0550141],[139.0814261,36.0550139],[139.0814165,36.0550106],[139.0814056,36.0550069],[139.0813856,36.054999],[139.0813664,36.0549902],[139.0813475,36.0549806],[139.0813292,36.0549702],[139.0813117,36.0549591],[139.0813106,36.0549584],[139.0812939,36.0549465],[139.0812779,36.0549338],[139.0812712,36.0549282],[139.0812333,36.0549225],[139.0812329,36.0549225],[139.0812268,36.0549224],[139.0812221,36.0549224],[139.0812052,36.0549305],[139.0811987,36.0549878],[139.0811912,36.0550372],[139.0811799,36.0550868],[139.0811647,36.0551356],[139.081152,36.055169],[139.0811305,36.0552162],[139.0811053,36.0552623],[139.0810765,36.055307],[139.0810446,36.0553498],[139.081041,36.0553543],[139.0809903,36.0554257],[139.0809588,36.0554649],[139.0809475,36.0554814],[139.0809326,36.0555154],[139.0809091,36.055566],[139.0808975,36.055585],[139.0808745,36.0556122],[139.0807688,36.0556857],[139.0807202,36.0557227],[139.0807079,36.0557397],[139.0806886,36.0557735],[139.0806346,36.0558845],[139.080599,36.055999],[139.0805957,36.0560291],[139.0805945,36.0560597],[139.0805966,36.0560873],[139.0805992,36.0561102],[139.0806074,36.0561533],[139.0806267,36.0562028],[139.080678,36.0562557],[139.0807594,36.0563032],[139.0808119,36.056325],[139.0809171,36.0563529],[139.0809175,36.0563529],[139.0810161,36.0563679],[139.0810082,36.0564033],[139.0810078,36.0564033],[139.0809063,36.0563879],[139.0807949,36.0563584],[139.0807362,36.0563341],[139.0806468,36.056282],[139.0805868,36.0562199],[139.0805642,36.0561616],[139.0805552,36.0561146],[139.0805524,36.0560901],[139.0805501,36.0560602],[139.0805514,36.056027],[139.0805549,36.055993],[139.0805921,36.0558735],[139.0806476,36.0557593],[139.0806683,36.055723],[139.0806851,36.0556999],[139.08074,36.0556583],[139.0808411,36.0555879],[139.0808592,36.0555666],[139.0808684,36.0555516],[139.0808909,36.0555031],[139.0809069,36.0554664],[139.0809207,36.0554462],[139.0809524,36.0554068],[139.0810031,36.0553354],[139.0810071,36.0553305],[139.0810379,36.0552893],[139.0810652,36.0552466],[139.0810892,36.0552026],[139.0811099,36.0551574],[139.081122,36.0551258],[139.0811365,36.0550791],[139.0811471,36.0550317],[139.0811545,36.0549839],[139.0811762,36.0547955],[139.081174,36.0547895],[139.0811827,36.054588],[139.081191,36.0543601],[139.0811968,36.0542977],[139.0812076,36.0542458],[139.0812126,36.0542338],[139.0812313,36.0541956],[139.0812525,36.0541591],[139.0812603,36.0541469],[139.0813238,36.0540366],[139.0813716,36.0539451],[139.0814243,36.0538216],[139.081459,36.0537493],[139.0814657,36.0537311],[139.081471,36.0537119],[139.0814752,36.0536916],[139.0814761,36.0536851],[139.081478,36.0536646],[139.0814783,36.0536456],[139.0814789,36.0536231],[139.0814786,36.0535815],[139.081475,36.0535399],[139.0814721,36.0535179],[139.0814643,36.0534768],[139.0814541,36.0534359],[139.0814221,36.0532945],[139.081374,36.0531456],[139.0813357,36.0530205],[139.0813295,36.0530037],[139.0813221,36.0529871],[139.0813139,36.052971],[139.0813045,36.0529552],[139.0812939,36.0529398],[139.0812822,36.052925],[139.0812699,36.0529107],[139.0812564,36.052897],[139.0812421,36.0528838],[139.0812269,36.0528714],[139.0812108,36.0528596],[139.0812033,36.0528545],[139.0811859,36.0528438],[139.0811681,36.0528339],[139.0811497,36.0528247],[139.0811306,36.0528164],[139.081111,36.052809],[139.0809437,36.0527652],[139.0809433,36.0527651],[139.080861,36.0527281],[139.080817,36.0527059],[139.0807254,36.0526341],[139.0806376,36.0525652],[139.0806286,36.052559],[139.0806103,36.0525559],[139.08061,36.0525559],[139.0805762,36.0525518],[139.080564,36.0525509],[139.0805616,36.0525507],[139.080542,36.0525493],[139.0805227,36.0525488],[139.0805079,36.0525484],[139.0805075,36.0525484],[139.0804725,36.052549],[139.0804708,36.0525491],[139.0804704,36.0525491],[139.0804356,36.0525515],[139.0804016,36.0525555],[139.0803681,36.052561],[139.0803678,36.052561],[139.0803349,36.0525681],[139.0803019,36.0525767],[139.0802868,36.0525814],[139.0802338,36.0526165],[139.0801766,36.0526593],[139.0801579,36.0526743],[139.0801049,36.0527206],[139.0800554,36.0527688],[139.080009,36.0528197],[139.0799909,36.0528413],[139.0799805,36.0528563],[139.0799687,36.0528707],[139.0799632,36.0528765],[139.0799558,36.0528843],[139.0799531,36.0528869],[139.0799388,36.0528996],[139.0799234,36.0529114],[139.0799201,36.0529134],[139.079907,36.0529223],[139.0798901,36.0529318],[139.0797697,36.0529819],[139.0797167,36.0530031],[139.0797163,36.0530032],[139.0797038,36.0530071],[139.0796917,36.0530118],[139.0796796,36.0530172],[139.0796683,36.0530233],[139.0796598,36.0530285],[139.0796495,36.0530358],[139.0796397,36.0530435],[139.0796308,36.0530519],[139.0796226,36.0530607],[139.0796161,36.0530688],[139.0796083,36.0530805],[139.0795775,36.0531266],[139.079558,36.0531571],[139.0795502,36.053167],[139.0795416,36.0531766],[139.0795322,36.0531856],[139.0795251,36.0531915],[139.0795144,36.0531996],[139.079503,36.0532069],[139.0794908,36.0532136],[139.0794785,36.0532196],[139.0794651,36.0532248],[139.079464,36.0532252],[139.0794581,36.0532272],[139.0793897,36.0532493],[139.0792688,36.0532855],[139.0792033,36.0533052],[139.0791893,36.0533094],[139.0790643,36.0533463],[139.0790639,36.0533464],[139.0789815,36.0533729],[139.0789715,36.0533753],[139.0789621,36.0533784],[139.0789527,36.0533819],[139.0789437,36.053386],[139.0789351,36.0533905],[139.078934,36.0533912],[139.0789258,36.0533964],[139.0789181,36.053402],[139.0789109,36.053408],[139.0789044,36.0534145],[139.0788984,36.0534213],[139.078893,36.0534284],[139.0788883,36.0534358],[139.0788841,36.0534436],[139.0788826,36.0534468],[139.0788529,36.0534883],[139.0788379,36.0535092],[139.0788239,36.0535275],[139.078809,36.053547],[139.0788014,36.0535549],[139.0787931,36.0535624],[139.0787843,36.0535693],[139.0787763,36.0535748],[139.0787662,36.0535808],[139.0787558,36.0535862],[139.0787449,36.0535908],[139.0787446,36.0535909],[139.0787336,36.0535949],[139.0787333,36.053595],[139.0787218,36.0535984],[139.0787182,36.0535992],[139.0787118,36.0536066],[139.0787115,36.0536127],[139.0787126,36.0536183],[139.078714,36.0536245],[139.0787593,36.0536987],[139.078772,36.0537106],[139.0787857,36.0537214],[139.0787888,36.0537234],[139.0788043,36.0537329],[139.0788205,36.0537412],[139.078838,36.0537481],[139.078852,36.0537527],[139.0789501,36.0537931],[139.0791349,36.0538747],[139.0792433,36.0539203],[139.079392,36.0539921],[139.0794076,36.0540011],[139.0794223,36.0540107],[139.0794362,36.0540211],[139.0794408,36.0540249],[139.0794536,36.0540362],[139.0794655,36.0540482],[139.0794763,36.0540607],[139.0794862,36.0540738],[139.079495,36.0540873],[139.0795028,36.0541013],[139.0795032,36.0541022],[139.079593,36.0542595],[139.0796476,36.0543581],[139.0796544,36.0543722],[139.0796525,36.054383],[139.0796508,36.0543914],[139.0796478,36.0543945],[139.0796428,36.0543993],[139.0796327,36.0544037],[139.0795517,36.0544374],[139.0795205,36.0544576],[139.079491,36.0544795],[139.0794632,36.054503],[139.079444,36.0545211],[139.0794195,36.0545468],[139.0793972,36.0545737],[139.0793769,36.0546017],[139.079359,36.0546307],[139.0793433,36.0546605],[139.0793343,36.0546803],[139.079323,36.0546977],[139.079313,36.0547155],[139.0793044,36.054734],[139.0793025,36.0547386],[139.0792957,36.0547575],[139.0792905,36.0547767],[139.0792866,36.0547961],[139.0792844,36.0548156],[139.0792842,36.0548211],[139.0792837,36.0548349],[139.0792847,36.0548383],[139.0792854,36.0548417],[139.0792858,36.0548452],[139.0792859,36.0548487],[139.0792858,36.0548522],[139.0792854,36.0548556],[139.0792847,36.054859],[139.0792838,36.0548625],[139.0792825,36.0548658],[139.079282,36.0548669],[139.0792806,36.0548702],[139.0792788,36.0548733],[139.079277,36.0548757],[139.0792766,36.0548764],[139.0792744,36.0548793],[139.0792719,36.0548822],[139.0792692,36.0548849],[139.0792662,36.0548874],[139.0792632,36.0548898],[139.0792598,36.054892],[139.0792564,36.0548941],[139.0792528,36.054896],[139.079249,36.0548977],[139.0792461,36.0548987],[139.0791339,36.0549493],[139.0789831,36.0550195],[139.0789443,36.0550355],[139.0789381,36.05504],[139.0789365,36.0550449],[139.0789367,36.0550479],[139.0789369,36.0550539],[139.0789979,36.055171],[139.0790995,36.0553714],[139.079154,36.0554515],[139.07916,36.0554638],[139.0791667,36.0554832],[139.0791702,36.0554993],[139.0791733,36.0555193],[139.0791772,36.0555401],[139.0791853,36.0555586],[139.079192,36.0555741],[139.0792006,36.0555875],[139.0792139,36.0555922],[139.0793587,36.0556138],[139.0793891,36.0556146],[139.0794994,36.0556178],[139.0794998,36.0556178],[139.0795043,36.0556173],[139.0795166,36.0556161],[139.079517,36.0556161],[139.0795875,36.0556011],[139.0795879,36.0556009],[139.0796023,36.0555958],[139.0796304,36.0555824],[139.0796461,36.0555817],[139.0796607,36.0555811],[139.0796611,36.0555811],[139.0796774,36.0555812],[139.0796852,36.0555813],[139.0796903,36.0555815],[139.079707,36.055582],[139.0798811,36.0556024],[139.0800026,36.0556238],[139.080003,36.0556239],[139.0800251,36.0556284],[139.0801987,36.0556632],[139.0802101,36.0556715],[139.0802136,36.0556797],[139.0802793,36.0559461],[139.0802882,36.0559819],[139.0802919,36.055997],[139.0803269,36.0562119],[139.0803283,36.0562362],[139.0803263,36.0562666],[139.0803146,36.0564632],[139.080314,36.0564725],[139.0803127,36.056495],[139.0803095,36.0565111],[139.0803046,36.0565272],[139.0802543,36.0566238],[139.0802486,36.0566423],[139.080247,36.0566648],[139.0802499,36.0566767],[139.0802541,36.0566855],[139.0802613,36.0566988],[139.080277,36.05672],[139.0804287,36.0568217],[139.0804826,36.0568647],[139.080529,36.0569317],[139.0805257,36.0569464],[139.0805192,36.0569568],[139.0805188,36.0569568],[139.0805048,36.0569598],[139.0804939,36.0569598],[139.0804851,36.056959],[139.0804847,36.056959],[139.0804741,36.0569564],[139.0804428,36.0569487],[139.0802281,36.0568956],[139.0802278,36.0568956],[139.0801943,36.0568946],[139.0801742,36.0568944],[139.0801739,36.0568944],[139.0801576,36.0568954],[139.0801479,36.0568964],[139.0801475,36.0568965],[139.0801352,36.0569001],[139.0801253,36.056906],[139.0801158,36.0569161],[139.0801151,36.0569174],[139.0801091,36.0569287],[139.080102,36.0569465],[139.0800957,36.0569671],[139.0800803,36.057035],[139.0800594,36.0570969],[139.0800474,36.0571224],[139.0800413,36.0571353],[139.0800265,36.0571503],[139.079989,36.0571893],[139.0799641,36.0572059],[139.0799611,36.057208],[139.07993,36.0572236],[139.0799056,36.0572359],[139.0799052,36.057236],[139.0798805,36.0572462],[139.0798801,36.0572463],[139.079797,36.0572586],[139.0797967,36.0572586],[139.0797114,36.0572682],[139.079697,36.0572672],[139.079663,36.0572647],[139.0796099,36.0572477],[139.0796049,36.0572461],[139.0795274,36.0572161],[139.079527,36.0572161],[139.0795009,36.0572121],[139.079478,36.0572133],[139.0794596,36.0572177],[139.0794593,36.0572178],[139.0794442,36.0572257],[139.079431,36.0572326],[139.0793548,36.0572825],[139.079348,36.0572755],[139.0794245,36.0572253],[139.0794384,36.0572181],[139.0794547,36.0572095],[139.0794761,36.0572044],[139.079497,36.0572032],[139.0795016,36.057203],[139.0795306,36.0572075],[139.0796094,36.0572378],[139.0796196,36.0572411],[139.0796656,36.0572558],[139.0797111,36.0572592],[139.0797951,36.0572497],[139.0798769,36.0572377],[139.0798999,36.0572281],[139.0799547,36.0572007],[139.0799596,36.0571973],[139.0799808,36.0571829],[139.0800178,36.0571446],[139.0800316,36.0571307],[139.0800489,36.0570941],[139.0800693,36.057033],[139.0800847,36.0569653],[139.0800911,36.056944],[139.0800987,36.0569256],[139.0801029,36.0569175],[139.080106,36.0569116],[139.0801175,36.0568995],[139.0801297,36.0568922],[139.08013,36.0568921],[139.0801451,36.0568876],[139.0801564,36.0568865],[139.0801568,36.0568865],[139.0801735,36.0568854],[139.0801739,36.0568854],[139.0801944,36.0568856],[139.0801947,36.0568856],[139.0802298,36.0568866],[139.0804869,36.0569502],[139.0804873,36.0569502],[139.0804946,36.0569508],[139.0805033,36.0569508],[139.0805112,36.0569491],[139.0805116,36.0569491],[139.080515,36.0569434],[139.0805173,36.0569333],[139.0804736,36.0568703],[139.0804211,36.0568284],[139.0802685,36.056726],[139.0802514,36.056703],[139.0802436,36.056689],[139.0802392,36.0566793],[139.0802358,36.0566654],[139.0802373,36.056641],[139.0802438,36.056621],[139.0802938,36.0565243],[139.0802984,36.0565093],[139.0803014,36.056494],[139.0803018,36.0564866],[139.0803053,36.0564304],[139.0803153,36.0562661],[139.0803173,36.0562361],[139.0803157,36.0562128],[139.0802811,36.0559988],[139.0802028,36.055682],[139.0802005,36.0556767],[139.0801931,36.0556715],[139.080018,36.0556363],[139.0800004,36.0556327],[139.08,36.0556326],[139.0798792,36.0556113],[139.079706,36.055591],[139.0796849,36.0555903],[139.0796775,36.0555903],[139.0796613,36.0555901],[139.079644,36.0556101],[139.079658,36.0556369],[139.0796604,36.0556441],[139.0796628,36.0556557],[139.0796633,36.0556711],[139.0796632,36.0556874],[139.0796615,36.0557079],[139.0796321,36.0558153],[139.079627,36.0558261],[139.0796225,36.0558397],[139.0796214,36.0558507],[139.0796212,36.0558661],[139.079654,36.0560088],[139.0797428,36.0562463],[139.079723,36.056249],[139.0796344,36.0560126],[139.0796012,36.0558675],[139.0796015,36.0558499],[139.0796026,36.0558369],[139.0796078,36.055821],[139.0796129,36.0558106],[139.0796417,36.0557056],[139.0796432,36.0556868],[139.0796433,36.0556713],[139.0796428,36.0556573],[139.0796409,36.0556476],[139.0796394,36.0556436],[139.0796151,36.055614],[139.0796041,36.055613],[139.0795943,36.0556164],[139.0795206,36.0556321],[139.0795004,36.055634],[139.0794701,36.0556332],[139.0794694,36.0556331],[139.0793565,36.0556299],[139.0792083,36.0556079],[139.0792079,36.0556079],[139.0790296,36.0555881],[139.0790151,36.055586],[139.0790003,36.0555846],[139.0789978,36.0555844],[139.0789973,36.0555844],[139.0789856,36.0555838],[139.0789755,36.0555837],[139.078971,36.0555837],[139.0789706,36.0555837],[139.0789562,36.0555842],[139.0789558,36.0555842],[139.0789462,36.055585],[139.0789413,36.0555854],[139.0789379,36.0555858],[139.0789266,36.0555873],[139.0789165,36.0555889],[139.0789162,36.055589],[139.078902,36.0555919],[139.0788879,36.0555955],[139.0788741,36.0555996],[139.0788607,36.0556044],[139.0788603,36.0556045],[139.0788474,36.0556099],[139.0788344,36.0556158],[139.0788222,36.0556224],[139.0788102,36.0556294],[139.0787988,36.055637],[139.0787951,36.0556397],[139.0787762,36.055653],[139.0786209,36.0557625],[139.0785359,36.0558264],[139.0785297,36.055831],[139.078524,36.0558359],[139.0785187,36.0558412],[139.0785136,36.0558466],[139.0785089,36.0558522],[139.0785046,36.0558581],[139.0785008,36.0558642],[139.0784973,36.0558703],[139.0784948,36.0558753],[139.0784921,36.0558818],[139.0784899,36.0558883],[139.0784881,36.0558949],[139.0784867,36.0559017],[139.0784857,36.0559084],[139.0784852,36.0559152],[139.0784853,36.055922],[139.0784856,36.0559288],[139.0784866,36.0559356],[139.078488,36.0559423],[139.0784898,36.0559489],[139.0784907,36.0559519],[139.0784915,36.0559718],[139.0784893,36.0559839],[139.0784869,36.0559955],[139.0784852,36.0560034],[139.0784855,36.0560084],[139.0784933,36.056013],[139.0785919,36.0559851],[139.0786034,36.0559818],[139.0787067,36.0559508],[139.078714,36.0559488],[139.0787144,36.0559487],[139.0787245,36.0559465],[139.0787351,36.0559447],[139.0787458,36.0559435],[139.0787532,36.0559431],[139.0787565,36.0559429],[139.0787672,36.0559427],[139.0787675,36.0559427],[139.078778,36.0559431],[139.0787783,36.0559432],[139.0787887,36.0559441],[139.0787891,36.0559442],[139.0787995,36.0559457],[139.0788,36.0559457],[139.0788099,36.0559478],[139.0788193,36.0559501],[139.0788293,36.0559532],[139.0788391,36.0559568],[139.0788487,36.0559608],[139.0788579,36.0559655],[139.0788667,36.0559705],[139.0788753,36.055976],[139.0788819,36.055981],[139.0788833,36.055982],[139.0788908,36.0559882],[139.0788978,36.0559949],[139.0789086,36.0560067],[139.0789144,36.0560387],[139.0789214,36.0560772],[139.0789211,36.0560772],[139.0788883,36.0560811],[139.0788768,36.0560174],[139.0788717,36.0560118],[139.078866,36.0560064],[139.0788599,36.0560013],[139.0788536,36.0559965],[139.0788469,36.0559921],[139.0788396,36.0559881],[139.0788322,36.0559844],[139.0788247,36.0559812],[139.0788243,36.055981],[139.0788166,36.0559782],[139.0788098,36.0559761],[139.0788085,36.0559757],[139.0788011,36.0559738],[139.0787928,36.0559722],[139.0787924,36.0559721],[139.0787897,36.0559717],[139.0787841,36.0559709],[139.0787756,36.0559701],[139.0787752,36.0559701],[139.0787734,36.05597],[139.0787709,36.0559699],[139.0787669,36.0559698],[139.0787582,36.0559699],[139.0787495,36.0559704],[139.078741,36.0559714],[139.0787325,36.0559728],[139.0787241,36.0559747],[139.0787179,36.0559764],[139.0786149,36.0560072],[139.0784489,36.0560544],[139.0784453,36.0560553],[139.0781841,36.0561369],[139.0780683,36.0561696],[139.0780595,36.0561721],[139.078008,36.0561867],[139.0780293,36.0562358],[139.0780611,36.0563007],[139.0780618,36.0563027],[139.078071,36.0563234],[139.0780819,36.0563436],[139.0780945,36.0563631],[139.0781088,36.0563818],[139.0781197,36.056394],[139.0781247,36.0563997],[139.0781421,36.0564166],[139.078155,36.0564276],[139.0781747,36.0564426],[139.0781849,36.0564492],[139.0781959,36.0564565],[139.078218,36.0564691],[139.0784657,36.0566099],[139.078484,36.0566203],[139.0786342,36.0567096],[139.0786592,36.0567275],[139.0786889,36.0567517],[139.0787163,36.0567775],[139.0787414,36.0568047],[139.0787642,36.0568335],[139.0787843,36.0568634],[139.078801,36.0568932],[139.0788158,36.0569251],[139.0788277,36.0569578],[139.0788367,36.0569911],[139.0788416,36.0570009],[139.0788489,36.0570182],[139.0788547,36.0570358],[139.0788588,36.0570538],[139.0788614,36.0570719],[139.0788625,36.0570902],[139.0788619,36.0571085],[139.0788597,36.0571267],[139.0788559,36.0571447],[139.0788505,36.0571624],[139.0788436,36.0571799],[139.0788352,36.0571969],[139.0788252,36.0572133],[139.0788139,36.0572291],[139.0788013,36.0572442],[139.0787873,36.0572586],[139.0787721,36.0572721],[139.0787556,36.0572846],[139.0787382,36.0572962],[139.0787004,36.0573256],[139.0785806,36.0574101],[139.0785601,36.0574232],[139.0784324,36.0574994],[139.0784273,36.0575032],[139.0783997,36.057524],[139.0783586,36.057559],[139.0783208,36.0575963],[139.0782862,36.0576358],[139.0782553,36.0576771],[139.078228,36.0577201],[139.0782199,36.0577347],[139.0781977,36.0577797],[139.0781797,36.0578258],[139.0781657,36.0578728],[139.0781377,36.0580099],[139.0781137,36.0581356],[139.078112,36.0581506],[139.0781116,36.0581607],[139.0781151,36.0581772],[139.0781194,36.0581838],[139.0781366,36.0581959],[139.0781665,36.0582119],[139.078251,36.0582607],[139.0783331,36.0583123],[139.07836402079772,36.05833333333333],[139.08095705974844,36.05833333333333],[139.0809586,36.0583323],[139.0810559,36.0582851],[139.0812063,36.0582127],[139.0812207,36.058204],[139.0812882,36.0580996],[139.0813291,36.0580337],[139.0813342,36.0580253],[139.0813387,36.0580165],[139.0813427,36.0580077],[139.0813458,36.0579986],[139.0813475,36.0579941],[139.0813499,36.0579849],[139.0813515,36.0579755],[139.0813528,36.0579661],[139.0813534,36.0579566],[139.0813532,36.0579471],[139.0813525,36.0579378],[139.0813511,36.0579284],[139.0813497,36.0579215],[139.081349,36.0579054],[139.0813496,36.0578893],[139.0813515,36.0578731],[139.0813542,36.0578572],[139.0813545,36.0578556],[139.0813585,36.0578397],[139.0813633,36.0578242],[139.0813693,36.0578088],[139.0813755,36.0577862],[139.0814082,36.0577057],[139.081384,36.0576971],[139.0813653,36.0576904],[139.0813542,36.0576864],[139.0813147,36.0576724],[139.0813144,36.0576723],[139.0812968,36.0576685],[139.0812596,36.0576606],[139.0811275,36.0576326],[139.0811025,36.0576273],[139.0811021,36.0576272],[139.0810759,36.0576219],[139.0810756,36.0576218],[139.0809569,36.0575876],[139.0809084,36.0575736],[139.080899,36.0575712],[139.0808837,36.0575672],[139.0808711,36.05757],[139.0808609,36.0575755],[139.0808606,36.0575756],[139.0808314,36.0575945],[139.0807554,36.0576439],[139.0805927,36.0577665],[139.0804653,36.0578717],[139.0804229,36.0579045],[139.0803733,36.057937],[139.0803425,36.0579524],[139.0802406,36.0579894],[139.0801549,36.0580145],[139.080135,36.0580233],[139.0801092,36.0580359],[139.0800669,36.0580628],[139.0799868,36.0581359],[139.0799798,36.0581423],[139.0799773,36.0581445],[139.0798895,36.058218],[139.0798674,36.0582272],[139.0798524,36.0582316],[139.0798496,36.0582324],[139.0797257,36.0582461],[139.0796499,36.0582539],[139.0796403,36.0582554],[139.0795535,36.0582682],[139.0795532,36.0582682],[139.0794589,36.0582845],[139.0794562,36.0582849],[139.0794493,36.0582881],[139.0794428,36.0582917],[139.0794366,36.0582956],[139.0794309,36.0583],[139.0794255,36.0583047],[139.0794208,36.0583098],[139.0794166,36.0583151],[139.0794128,36.0583208],[139.0794109,36.058324],[139.0794081,36.05833],[139.0794068978142,36.05833333333333],[139.07938385701755,36.05833333333333],[139.0793842,36.0583318],[139.0793869,36.0583242],[139.0793903,36.058317],[139.0793929,36.0583127],[139.0793972,36.0583059],[139.0794025,36.0582993],[139.0794086,36.0582931],[139.0794151,36.0582873],[139.0794219,36.0582819],[139.0794297,36.0582771],[139.0794376,36.0582727],[139.0794423,36.0582706],[139.0794454,36.0582693],[139.0794513,36.0582674],[139.0794516,36.0582673],[139.079549,36.0582505],[139.0796463,36.0582361],[139.0796467,36.0582361],[139.0797228,36.0582283],[139.0798442,36.0582149],[139.0798468,36.0582141],[139.0798586,36.0582107],[139.0798758,36.0582033],[139.0799611,36.0581323],[139.0800516,36.0580497],[139.0800966,36.0580209],[139.0800988,36.0580199],[139.0801242,36.0580077],[139.0801457,36.0579981],[139.0802322,36.0579726],[139.0803321,36.0579364],[139.0803605,36.0579223],[139.0804082,36.0578909],[139.0804497,36.0578588],[139.0805772,36.0577536],[139.0807407,36.0576302],[139.0808028,36.0575901],[139.0808312,36.0575717],[139.0808362,36.0575615],[139.080836,36.0575588],[139.0808094,36.0575542],[139.0807989,36.0575539],[139.0807918,36.0575541],[139.0807411,36.0575677],[139.0806948,36.057581],[139.0806944,36.057581],[139.0806394,36.0575968],[139.0806282,36.0575713],[139.0807301,36.057542],[139.0807732,36.0575304],[139.0807857,36.0575271],[139.0807769,36.0575115],[139.0807714,36.0574909],[139.0807704,36.0574643],[139.0807527,36.0574137],[139.0807382,36.0573823],[139.0806862,36.0572695],[139.0806812,36.0572607],[139.0806769,36.0572549],[139.0806386,36.0572228],[139.0806626,36.0572041],[139.0807034,36.0572383],[139.0807108,36.057248],[139.080717,36.0572592],[139.0807503,36.0573314],[139.0807843,36.0574052],[139.0808082,36.0574734],[139.0808182,36.0574908],[139.0808305,36.0575023],[139.080843,36.0575116],[139.0808846,36.0575296],[139.0809226,36.0575394],[139.0810886,36.0575872],[139.0811134,36.0575923],[139.0813108,36.0576149],[139.0813436,36.0576187],[139.0813551,36.0576227],[139.0813968,36.0576376],[139.0814082,36.0576417],[139.0814198,36.0576459],[139.0814375,36.0576522],[139.0814505,36.0576548],[139.0814626,36.0576545],[139.0814774,36.0576528],[139.0814778,36.0576528],[139.0814875,36.0576511],[139.0815111,36.0576421],[139.0815148,36.0576386],[139.0815263,36.0576285],[139.0815385,36.057619],[139.0815512,36.05761],[139.0815645,36.0576016],[139.0815694,36.0575988],[139.0815786,36.0575938],[139.0815927,36.0575867],[139.0815931,36.0575866],[139.0816079,36.0575801],[139.0816229,36.0575744],[139.0816263,36.0575732],[139.0816417,36.0575682],[139.0816577,36.057564],[139.081658,36.0575639],[139.0816741,36.0575604],[139.0816907,36.0575575],[139.0816949,36.057557],[139.0817072,36.0575554],[139.0817076,36.0575554],[139.081724,36.057554],[139.0817244,36.057554],[139.0817411,36.0575534],[139.0817576,36.0575535],[139.081758,36.0575535],[139.0817659,36.0575538],[139.0818711,36.0575527],[139.082042,36.0575543],[139.0820424,36.0575543],[139.0820874,36.0575547],[139.0822441,36.0575562],[139.0824683,36.0575618],[139.0824781,36.0575621],[139.0825182,36.0575631],[139.0825186,36.0575631],[139.0825257,36.0575631],[139.0825476,36.0575632],[139.0825654,36.0575624],[139.0825768,36.0575618],[139.0825839,36.0575614],[139.0825843,36.0575613],[139.0825914,36.0575606],[139.0826045,36.0575593],[139.082613,36.0575584],[139.0826413,36.0575543],[139.0826417,36.0575542],[139.0826696,36.0575489],[139.0826973,36.0575422],[139.0827037,36.0575403],[139.0827245,36.0575343],[139.0827517,36.0575252],[139.0827551,36.0575238],[139.082775,36.0575132],[139.0827987,36.0575022],[139.0828228,36.0574923],[139.0828473,36.0574834],[139.0828653,36.0574779],[139.0828907,36.0574709],[139.0829167,36.0574651],[139.082917,36.057465],[139.0829298,36.0574628],[139.0829433,36.0574604],[139.0829658,36.0574575],[139.0829701,36.0574569],[139.0829789,36.0574562],[139.0829971,36.0574546],[139.083024,36.0574535],[139.0830243,36.0574535],[139.0830481,36.0574536],[139.0830484,36.0574536],[139.0831337,36.0574608],[139.0831681,36.0574649],[139.0831754,36.0574659],[139.0832157,36.0574719],[139.0832959,36.0574754],[139.083297,36.0574755],[139.0833159,36.0574763],[139.0833237,36.0574764],[139.08334,36.0574766],[139.0833701,36.0574766],[139.0833706,36.0574766],[139.0833896,36.0574771]]]]},"properties":{"layer":"landuse","class_code":"215","class_label":"道路用地（道路、駅前広場、私有地内に存在する沿道用途の「私道」または、私有地の一部分であるものの公共の通行に供されている土地の部分）"}}]}