{"type":"FeatureCollection","properties":{"mesh_code":"54390034","source":"PLATEAU秩父市2025","layer":"landuse"},"features":[{"type":"Feature","id":"luse_3dcaf41c-9f0f-479a-a019-2e3c75471cb9","geometry":{"type":"Polygon","coordinates":[[[139.0614601,36.0289421],[139.0615785,36.0291542],[139.0613791,36.0292057],[139.0613725,36.0292078],[139.0613442,36.029217],[139.0613333,36.029215],[139.0613202,36.0292027],[139.0613103,36.0291857],[139.0612959,36.0291537],[139.061232,36.0289976],[139.0612188,36.0289615],[139.061188,36.0288777],[139.0611894,36.0288655],[139.0611958,36.0288482],[139.0612757,36.0288126],[139.0613692,36.0287692],[139.0614601,36.0289421]]]},"properties":{"layer":"landuse","class_code":"201","class_label":"田（水田）"}},{"type":"Feature","id":"luse_68ac1c93-4253-4f2a-8ec7-310ae354c53c","geometry":{"type":"Polygon","coordinates":[[[139.0621727,36.02913],[139.0620609,36.0291848],[139.0620739,36.0292167],[139.0620088,36.0292465],[139.0620085,36.0292465],[139.0620063,36.0292465],[139.0620059,36.0292464],[139.0620042,36.0292463],[139.0620038,36.0292463],[139.0620019,36.0292461],[139.0620001,36.0292458],[139.0619997,36.0292457],[139.0619978,36.0292454],[139.0619958,36.0292449],[139.0619938,36.0292443],[139.061992,36.0292435],[139.0619901,36.0292428],[139.0619882,36.0292419],[139.0619864,36.029241],[139.0619849,36.02924],[139.0619833,36.0292389],[139.0619811,36.0292373],[139.0619781,36.0292352],[139.0619574,36.0292201],[139.061952,36.029216],[139.0619273,36.0291959],[139.0619093,36.0291795],[139.0618872,36.0291575],[139.0618669,36.0291349],[139.0618653,36.0291325],[139.061862,36.0291286],[139.0618586,36.0291247],[139.0618547,36.029121],[139.0618507,36.0291175],[139.0618466,36.0291141],[139.0618422,36.0291109],[139.0618373,36.029108],[139.0618325,36.0291053],[139.0618275,36.0291027],[139.0618223,36.0291004],[139.0618171,36.0290983],[139.0618115,36.0290965],[139.0618059,36.029095],[139.0618003,36.0290936],[139.0617948,36.0290926],[139.0617938,36.0290924],[139.0617884,36.0290916],[139.0617881,36.0290916],[139.0617866,36.0290915],[139.0617824,36.0290911],[139.0617767,36.0290908],[139.0617763,36.0290908],[139.0617742,36.0290908],[139.0617705,36.0290908],[139.0617646,36.029091],[139.0617587,36.0290915],[139.061753,36.0290923],[139.0617472,36.0290933],[139.0617415,36.0290946],[139.0617395,36.0290951],[139.0617361,36.0290961],[139.0617358,36.0290962],[139.0617304,36.0290979],[139.0617251,36.0290999],[139.0617198,36.0291021],[139.061716,36.029104],[139.0617118,36.0291057],[139.0616581,36.0290078],[139.0615668,36.0289035],[139.0614786,36.0287476],[139.0615314,36.0287377],[139.0615555,36.0287286],[139.061659,36.0286671],[139.0616044,36.0285475],[139.0616608,36.0285346],[139.0616088,36.0284921],[139.061549,36.0284298],[139.0614882,36.0283534],[139.061486,36.0283499],[139.0614418,36.0282809],[139.0613816,36.0282082],[139.0613805,36.0282069],[139.061364,36.028191],[139.0613475,36.0281695],[139.0613405,36.0281376],[139.0613383,36.0281129],[139.061339,36.0280727],[139.0613434,36.0280442],[139.0613474,36.0280311],[139.0614384,36.0280792],[139.0614736,36.0281152],[139.0615173,36.0281634],[139.061588,36.0281283],[139.0616595,36.0282071],[139.0616697,36.0282154],[139.0617107,36.0281876],[139.0617232,36.0280451],[139.0617382,36.0279634],[139.0617386,36.0279306],[139.0616943,36.0278338],[139.0617264,36.0278151],[139.0617431,36.0278019],[139.0617862,36.0278499],[139.0618178,36.0278775],[139.061832,36.0278883],[139.061901,36.0279334],[139.0619204,36.0279444],[139.0619526,36.0279599],[139.0619697,36.0279674],[139.0620053,36.0279838],[139.0620769,36.0280217],[139.062084,36.028026],[139.0620999,36.028035],[139.0621211,36.028047],[139.0621742,36.0280826],[139.0621925,36.0280959],[139.0622033,36.0281055],[139.0622095,36.0281132],[139.0622196,36.0281269],[139.0622244,36.0281357],[139.0622289,36.0281463],[139.0622322,36.0281597],[139.0622335,36.0281733],[139.0622325,36.0281947],[139.0622296,36.0282134],[139.062224,36.0282379],[139.0621935,36.0283484],[139.062169,36.0284429],[139.0621515,36.0285162],[139.0621459,36.0285397],[139.062145,36.0285437],[139.0621292,36.0286389],[139.0621263,36.0286904],[139.0621258,36.0287096],[139.0621282,36.0287256],[139.0621296,36.0287289],[139.0621335,36.0287349],[139.0621432,36.0287441],[139.0621527,36.0287505],[139.0621591,36.028754],[139.0621791,36.0287622],[139.0621916,36.0287664],[139.0622011,36.0287683],[139.0622146,36.0287702],[139.0622241,36.0287708],[139.0622263,36.0288304],[139.0622126,36.0288512],[139.062213,36.0288526],[139.0622139,36.0288567],[139.0622412,36.028902],[139.0622833,36.0289506],[139.0623069,36.0289722],[139.0621392,36.029079],[139.0621727,36.02913]]]},"properties":{"layer":"landuse","class_code":"201","class_label":"田（水田）"}},{"type":"Feature","id":"luse_ffcfad00-c734-461a-910b-13a29d2c0e91","geometry":{"type":"Polygon","coordinates":[[[139.0619366,36.029229],[139.0617189,36.0292965],[139.0616973,36.0292627],[139.0616767,36.0292307],[139.0616354,36.0291578],[139.0617267,36.0291197],[139.0617308,36.0291178],[139.0617349,36.029116],[139.061739,36.0291145],[139.0617394,36.0291144],[139.0617435,36.029113],[139.0617482,36.0291119],[139.0617525,36.0291108],[139.0617571,36.02911],[139.0617617,36.0291094],[139.0617664,36.029109],[139.0617676,36.029109],[139.0617709,36.0291088],[139.0617713,36.0291088],[139.0617739,36.0291088],[139.0617755,36.0291088],[139.0617759,36.0291088],[139.0617786,36.029109],[139.0617804,36.0291091],[139.0617818,36.0291092],[139.0617851,36.0291095],[139.0617895,36.0291101],[139.0617901,36.0291102],[139.0617946,36.0291111],[139.0617992,36.0291122],[139.0618033,36.0291133],[139.0618037,36.0291134],[139.0618079,36.0291148],[139.0618121,36.0291165],[139.0618165,36.0291183],[139.0618204,36.0291203],[139.0618243,36.0291225],[139.0618278,36.0291248],[139.0618313,36.0291274],[139.0618349,36.02913],[139.061838,36.0291328],[139.061841,36.0291357],[139.0618438,36.0291388],[139.0618463,36.0291421],[139.0618483,36.0291448],[139.0618696,36.0291685],[139.0618924,36.0291913],[139.061911,36.0292082],[139.0619243,36.0292191],[139.0619366,36.029229]]]},"properties":{"layer":"landuse","class_code":"201","class_label":"田（水田）"}},{"type":"Feature","id":"luse_42cd52b5-93d3-4773-bdbd-28a05324d6fc","geometry":{"type":"Polygon","coordinates":[[[139.05934839817232,36.025],[139.0593293,36.0250167],[139.0592988,36.0250353],[139.059262,36.0250467],[139.0592341,36.0250495],[139.0592063,36.0250507],[139.0591863,36.0250477],[139.0591644,36.0250421],[139.05918245622223,36.025],[139.05934839817232,36.025]]]},"properties":{"layer":"landuse","class_code":"202","class_label":"畑（畑、樹園地、採草地、養鶏（牛・豚）場）"}},{"type":"Feature","id":"luse_8ef0c0e9-f8b4-444a-9a2a-a99502b561f9","geometry":{"type":"Polygon","coordinates":[[[139.0597465,36.0253674],[139.0597591,36.0253744],[139.0597866,36.0253939],[139.059802,36.0254069],[139.0598199,36.0254249],[139.0598268,36.0254335],[139.0598337,36.0254441],[139.0598398,36.0254559],[139.059845,36.0254678],[139.0598492,36.0254794],[139.0598521,36.0254886],[139.0598563,36.0255086],[139.0598615,36.0255542],[139.0598587,36.0255863],[139.0598561,36.025601],[139.0598504,36.025624],[139.0598449,36.0256384],[139.0598411,36.0256459],[139.0598357,36.0256548],[139.0598299,36.0256624],[139.0598162,36.0256764],[139.0598026,36.0256883],[139.0597954,36.0256928],[139.0597733,36.0257043],[139.0597662,36.0257072],[139.0597504,36.0257127],[139.0597448,36.0257149],[139.0597293,36.0257244],[139.0597235,36.0257293],[139.0596985,36.0257468],[139.0596885,36.0257522],[139.0596717,36.0257593],[139.0596688,36.0257602],[139.059648,36.0257013],[139.0595519,36.0255243],[139.0597458,36.0253672],[139.0597465,36.0253674]]]},"properties":{"layer":"landuse","class_code":"202","class_label":"畑（畑、樹園地、採草地、養鶏（牛・豚）場）"}},{"type":"Feature","id":"luse_af782386-6e3c-4caa-af81-2f9e27b27dea","geometry":{"type":"Polygon","coordinates":[[[139.0594597,36.0258781],[139.0594251,36.0258815],[139.059389,36.0258759],[139.0593472,36.0258641],[139.0592997,36.0258491],[139.0592543,36.0258428],[139.0592271,36.025841],[139.0591933,36.0258417],[139.0591641,36.0258422],[139.0590822,36.0256175],[139.0592368,36.025561],[139.0592644,36.0256154],[139.0592992,36.025675],[139.0593302,36.025722],[139.0593723,36.0257784],[139.0593852,36.0257939],[139.0594179,36.0258329],[139.0594597,36.0258781]]]},"properties":{"layer":"landuse","class_code":"202","class_label":"畑（畑、樹園地、採草地、養鶏（牛・豚）場）"}},{"type":"Feature","id":"luse_0de9a98a-aeed-498b-9a7a-f26f55b13789","geometry":{"type":"Polygon","coordinates":[[[139.0597681,36.0262119],[139.0597842,36.0262289],[139.0596958,36.0263951],[139.0596568,36.0265242],[139.0596465,36.0265603],[139.0596378,36.0266058],[139.0596283,36.0266328],[139.0595971,36.0266647],[139.0595701,36.0266742],[139.0595475,36.0266792],[139.0595096,36.0266802],[139.0594233,36.0266664],[139.0593859,36.0266524],[139.0593552,36.026636],[139.0593284,36.0266154],[139.059317,36.0265894],[139.0593167,36.026546],[139.0593108,36.0264668],[139.0593093,36.0263683],[139.0593097,36.0263347],[139.05931,36.0263051],[139.0592306,36.0262834],[139.0591469,36.0262396],[139.0591332,36.0262233],[139.0591278,36.0262064],[139.0591277,36.0261964],[139.059131,36.0261825],[139.0591972,36.0261295],[139.0592825,36.0260599],[139.059443,36.0261993],[139.0595328,36.0261393],[139.0594891,36.0261],[139.0595608,36.0259877],[139.0596147,36.0260463],[139.0596163,36.026048],[139.0597369,36.0261789],[139.0597681,36.0262119]]]},"properties":{"layer":"landuse","class_code":"202","class_label":"畑（畑、樹園地、採草地、養鶏（牛・豚）場）"}},{"type":"Feature","id":"luse_543becbc-1a5d-4c05-a540-cc11b1ac3bc6","geometry":{"type":"Polygon","coordinates":[[[139.0608893,36.0268914],[139.0608837,36.0268925],[139.0608791,36.0268941],[139.060875,36.0268959],[139.0607894,36.0269448],[139.0607626,36.0269531],[139.0605903,36.0270536],[139.0603977,36.0268445],[139.0603392,36.0267826],[139.0603031,36.0267444],[139.0601676,36.0265906],[139.0600837,36.0264978],[139.0603246,36.02639],[139.0603378,36.0263681],[139.0603542,36.026343],[139.0603634,36.0263315],[139.0603876,36.0263036],[139.0603995,36.026289],[139.0604143,36.0262681],[139.0604218,36.0262539],[139.0604236,36.0262498],[139.0606949,36.0262744],[139.0611736,36.0267075],[139.0611147,36.0267621],[139.0610794,36.0267858],[139.061016,36.0268318],[139.0609656,36.0268704],[139.0609525,36.0268841],[139.0609463,36.0268924],[139.0609389,36.0268967],[139.0609386,36.0268967],[139.0609278,36.0268978],[139.0609219,36.0268979],[139.0609091,36.026895],[139.0609088,36.0268949],[139.0608998,36.0268919],[139.0608994,36.0268918],[139.0608947,36.0268912],[139.0608893,36.0268914]]]},"properties":{"layer":"landuse","class_code":"202","class_label":"畑（畑、樹園地、採草地、養鶏（牛・豚）場）"}},{"type":"Feature","id":"luse_aea67c0a-766f-408c-be9e-9f99e556d36d","geometry":{"type":"Polygon","coordinates":[[[139.0608048,36.0273708],[139.0606233,36.0274815],[139.0606052,36.0274679],[139.0605891,36.0274495],[139.0605819,36.0274377],[139.060575,36.0274213],[139.0605699,36.0273959],[139.0605617,36.0273551],[139.0605596,36.0273374],[139.0605593,36.0273324],[139.0604351,36.0271857],[139.0604392,36.0271838],[139.0604334,36.0271762],[139.0604289,36.0271783],[139.0603972,36.0271408],[139.0603623,36.0270956],[139.0603326,36.0271013],[139.0602669,36.0270085],[139.0602247,36.0269452],[139.0603658,36.0268776],[139.0605538,36.0270814],[139.0606132,36.0271499],[139.0606066,36.0271511],[139.0605954,36.0271501],[139.060548,36.0271204],[139.0604498,36.0271685],[139.0604553,36.0271763],[139.0605274,36.027141],[139.0605472,36.0271312],[139.0605688,36.0271448],[139.0605911,36.0271588],[139.0606073,36.0271603],[139.0606202,36.0271578],[139.0606986,36.0272475],[139.0608048,36.0273708]]]},"properties":{"layer":"landuse","class_code":"202","class_label":"畑（畑、樹園地、採草地、養鶏（牛・豚）場）"}},{"type":"Feature","id":"luse_ceba9c03-868a-4301-bbc5-1ff58fa9b803","geometry":{"type":"Polygon","coordinates":[[[139.0613699,36.0277469],[139.0613594,36.0277477],[139.0613476,36.0277487],[139.0612569,36.027763],[139.0612565,36.0277631],[139.0611708,36.0277751],[139.0611672,36.027752],[139.0611596,36.0277277],[139.0611546,36.0277184],[139.0610873,36.0276364],[139.0609806,36.0275067],[139.0609313,36.0274485],[139.0610293,36.0273992],[139.0610206,36.0273877],[139.0610202,36.0273878],[139.0609663,36.0274149],[139.0609218,36.0274373],[139.060859,36.0273631],[139.0607393,36.0272242],[139.0606099,36.0270756],[139.0607814,36.0269754],[139.0607991,36.0269559],[139.0608846,36.026907],[139.060889,36.0269048],[139.0608914,36.0269039],[139.0608938,36.0269034],[139.0609004,36.0269044],[139.060904,36.0269056],[139.0609218,36.0269097],[139.0609312,36.0269097],[139.0609316,36.0269097],[139.0609446,36.0269073],[139.0609527,36.0269034],[139.060964,36.0268905],[139.0609759,36.026878],[139.06101,36.026852],[139.0611879,36.0270018],[139.0611506,36.0270338],[139.0611428,36.0270489],[139.0611313,36.0270778],[139.0611392,36.0270808],[139.061157,36.0270982],[139.0611734,36.0271161],[139.0612038,36.0271542],[139.0612263,36.0271387],[139.0612582,36.0271275],[139.0613188,36.0271181],[139.0613457,36.0271175],[139.0613763,36.0271115],[139.0613945,36.0271004],[139.0614105,36.0271214],[139.0614261,36.0271401],[139.0614459,36.0271621],[139.0614593,36.0271786],[139.0614841,36.0272005],[139.0615006,36.0272158],[139.0615201,36.0272382],[139.0615482,36.0272737],[139.0615525,36.0272838],[139.0615579,36.0273026],[139.0615601,36.027326],[139.0615591,36.0273476],[139.0615542,36.0273655],[139.0615433,36.0273802],[139.0615189,36.0273875],[139.0614786,36.0273967],[139.0614541,36.0274016],[139.0614275,36.0274111],[139.061404,36.0274232],[139.0613776,36.0274395],[139.0613584,36.0274536],[139.0613494,36.0274602],[139.0613434,36.0274647],[139.0613316,36.0274737],[139.0613181,36.0274892],[139.0613404,36.0275141],[139.061379,36.0275668],[139.0615715,36.0275703],[139.0615937,36.0275661],[139.0616049,36.0275647],[139.061616,36.0275645],[139.0616282,36.0275658],[139.0616387,36.0275682],[139.0616678,36.0275786],[139.0616978,36.027594],[139.0613958,36.0276858],[139.0613699,36.0277469]]]},"properties":{"layer":"landuse","class_code":"202","class_label":"畑（畑、樹園地、採草地、養鶏（牛・豚）場）"}},{"type":"Feature","id":"luse_b05cbdf3-e006-4655-92f4-de6f918e3866","geometry":{"type":"Polygon","coordinates":[[[139.0613579,36.0277758],[139.0613694,36.0277777],[139.0613698,36.0277777],[139.0613864,36.0277816],[139.0613868,36.0277817],[139.0613966,36.0277871],[139.0614145,36.027815],[139.0614255,36.0278436],[139.0614278,36.0278512],[139.0613886,36.0279198],[139.0613723,36.0279657],[139.0613546,36.0280075],[139.0613474,36.0280311],[139.0613434,36.0280442],[139.061339,36.0280727],[139.0613383,36.0281129],[139.0613405,36.0281376],[139.0613475,36.0281695],[139.061364,36.028191],[139.0613805,36.0282069],[139.0613816,36.0282082],[139.0614418,36.0282809],[139.061486,36.0283499],[139.0614882,36.0283534],[139.061549,36.0284298],[139.0616088,36.0284921],[139.0616608,36.0285346],[139.0616044,36.0285475],[139.061659,36.0286671],[139.0615555,36.0287286],[139.0615314,36.0287377],[139.0614786,36.0287476],[139.0615668,36.0289035],[139.0616581,36.0290078],[139.0617118,36.0291057],[139.061626,36.0291414],[139.0615059,36.0289258],[139.061384,36.0286937],[139.0613131,36.0285666],[139.0612919,36.0285337],[139.0612838,36.0285212],[139.0612665,36.0284904],[139.0612588,36.0284767],[139.061237,36.0284313],[139.0612179,36.0283844],[139.0612175,36.0283833],[139.0612035,36.0283409],[139.0612017,36.0283355],[139.0611894,36.0282877],[139.061187,36.0282749],[139.0611803,36.0282393],[139.0611775,36.0282176],[139.0611771,36.0282145],[139.061177,36.0282138],[139.0611754,36.0282008],[139.0611749,36.0280827],[139.0611743,36.0279414],[139.0611773,36.0278963],[139.0611779,36.027863],[139.0611764,36.0278309],[139.0611764,36.0278297],[139.0611734,36.0278033],[139.0612629,36.0277896],[139.061354,36.0277752],[139.0613579,36.0277758]]]},"properties":{"layer":"landuse","class_code":"202","class_label":"畑（畑、樹園地、採草地、養鶏（牛・豚）場）"}},{"type":"Feature","id":"luse_0081dce5-37cd-4bb2-8a83-c52fd1d5b938","geometry":{"type":"Polygon","coordinates":[[[139.0617883,36.0294702],[139.0618638,36.0295641],[139.0618705,36.0295725],[139.0618545,36.029626],[139.0617016,36.0296611],[139.0616113,36.0294862],[139.0616873,36.0294417],[139.0617175,36.0294333],[139.0617186,36.0293995],[139.0617192,36.0293809],[139.0617883,36.0294702]]]},"properties":{"layer":"landuse","class_code":"202","class_label":"畑（畑、樹園地、採草地、養鶏（牛・豚）場）"}},{"type":"Feature","id":"luse_5f90ac9a-a595-46db-8b3f-8e9362f17afc","geometry":{"type":"Polygon","coordinates":[[[139.0625,36.030100493341706],[139.0623863,36.0301233],[139.0623259,36.0300528],[139.0622202,36.0299006],[139.0622166,36.0298957],[139.0621572,36.0298594],[139.0621042,36.0297882],[139.0620236,36.0296897],[139.0620132,36.0296766],[139.062032,36.0296591],[139.0622601,36.0296295],[139.06226,36.0296288],[139.0623364,36.029806],[139.0625,36.029754240488295],[139.0625,36.030100493341706]]]},"properties":{"layer":"landuse","class_code":"202","class_label":"畑（畑、樹園地、採草地、養鶏（牛・豚）場）"}},{"type":"Feature","id":"luse_6e80ceae-951b-4f2e-91fe-bc171e6ce985","geometry":{"type":"Polygon","coordinates":[[[139.0608393,36.0301872],[139.0608219,36.0301936],[139.0607911,36.0302128],[139.060766,36.0302236],[139.0607357,36.0302332],[139.0607028,36.030241],[139.0606782,36.0302496],[139.0606436,36.0302622],[139.0605823,36.0302752],[139.0604772,36.0302911],[139.0603735,36.0302867],[139.0602742,36.0302802],[139.0601264,36.0302709],[139.0599925,36.0302134],[139.0599934,36.0302123],[139.0599864,36.0302085],[139.059977,36.0302032],[139.0599199,36.03018],[139.0598566,36.0301593],[139.0598119,36.0301441],[139.0597766,36.0301294],[139.0597566,36.0301186],[139.0597346,36.030104],[139.0596697,36.0300543],[139.0596529,36.0300404],[139.0596458,36.0300267],[139.0596592,36.0300262],[139.0596931,36.030025],[139.0599861,36.0299903],[139.0600122,36.0299887],[139.0600292,36.0299883],[139.0600758,36.029987],[139.0600762,36.029987],[139.0601095,36.0299876],[139.0601311,36.029988],[139.0601399,36.0299881],[139.0602036,36.0299921],[139.0602509,36.0299968],[139.0603138,36.0300057],[139.060376,36.0300173],[139.0604103,36.0300254],[139.0604253,36.0300289],[139.0604257,36.030029],[139.0604914,36.0300416],[139.0605489,36.0300501],[139.0605493,36.0300502],[139.0606164,36.0300573],[139.0606168,36.0300573],[139.0606494,36.0300583],[139.0606924,36.0300597],[139.0607346,36.0300605],[139.0607889,36.0300613],[139.0607902,36.0300613],[139.0608358,36.0301773],[139.0608393,36.0301872]]]},"properties":{"layer":"landuse","class_code":"202","class_label":"畑（畑、樹園地、採草地、養鶏（牛・豚）場）"}},{"type":"Feature","id":"luse_063c90aa-1ab6-4cc4-88d7-9424bc61e9c4","geometry":{"type":"Polygon","coordinates":[[[139.0621929,36.0309066],[139.0621678,36.0309146],[139.0620076,36.0307387],[139.0619782,36.0307064],[139.06191,36.0306718],[139.061853,36.0306785],[139.0617611,36.0305527],[139.0617788,36.0305457],[139.0618061,36.0305311],[139.0618202,36.0305232],[139.061838,36.0305133],[139.0618693,36.0304922],[139.0619126,36.030458],[139.0619161,36.0304526],[139.0616587,36.0301047],[139.0615844,36.0301329],[139.0613772,36.0302013],[139.0613541,36.0302124],[139.0613334,36.0302189],[139.061317,36.0302235],[139.0613043,36.0302262],[139.0612588,36.0302358],[139.0612413,36.0302361],[139.06122,36.0302363],[139.0612038,36.0302362],[139.0611582,36.0302344],[139.0611632,36.030212],[139.0611659,36.0301983],[139.0611667,36.0301903],[139.0611649,36.0301855],[139.0611764,36.0301148],[139.0611948,36.0299974],[139.061196,36.029997],[139.0612839,36.0299658],[139.0613799,36.0299286],[139.0614592,36.0298837],[139.0614741,36.0298748],[139.0615573,36.0298214],[139.0615689,36.0298134],[139.061585,36.0298035],[139.0616014,36.0297944],[139.0616187,36.029786],[139.0616367,36.0297785],[139.0616525,36.0297723],[139.0616712,36.0297662],[139.0616902,36.029761],[139.0617096,36.0297566],[139.0617301,36.0297529],[139.0619153,36.0297104],[139.0619269,36.0297099],[139.061978,36.0297076],[139.0619784,36.0297076],[139.0619819,36.0297119],[139.0620621,36.0298099],[139.0621326,36.0299049],[139.0620115,36.0299524],[139.0619581,36.0299808],[139.0618057,36.0300567],[139.061818,36.0300761],[139.0618378,36.0301318],[139.0618739,36.0302113],[139.0618816,36.0302249],[139.0618884,36.0302324],[139.061897,36.0302351],[139.0619024,36.0302357],[139.0619083,36.0302387],[139.0619136,36.0302478],[139.0619234,36.0302613],[139.0619555,36.0303083],[139.061976,36.0303341],[139.0620191,36.0303899],[139.0620506,36.0303752],[139.0621266,36.0303471],[139.06219,36.0303215],[139.0622852,36.0302837],[139.0622902,36.0302913],[139.0623849,36.0302492],[139.0623954,36.0302445],[139.0624015,36.0302514],[139.0625,36.03035389214226],[139.0625,36.030390525160826],[139.0623847,36.0304422],[139.0623602,36.0304427],[139.0621708,36.0305386],[139.0622305,36.0306368],[139.0621703,36.0306464],[139.0623162,36.0308493],[139.0621929,36.0309066]]]},"properties":{"layer":"landuse","class_code":"202","class_label":"畑（畑、樹園地、採草地、養鶏（牛・豚）場）"}},{"type":"Feature","id":"luse_5ce17339-f01e-493f-a01d-7cfe2be6c851","geometry":{"type":"Polygon","coordinates":[[[139.0625,36.025],[139.0625,36.029129198220076],[139.0624389,36.0290854],[139.0624149,36.029066],[139.0623833,36.0290406],[139.062336,36.028999],[139.0623069,36.0289722],[139.0622833,36.0289506],[139.0622412,36.028902],[139.0622139,36.0288567],[139.062213,36.0288526],[139.0622126,36.0288512],[139.0622263,36.0288304],[139.0622241,36.0287708],[139.0622146,36.0287702],[139.0622011,36.0287683],[139.0621916,36.0287664],[139.0621791,36.0287622],[139.0621591,36.028754],[139.0621527,36.0287505],[139.0621432,36.0287441],[139.0621335,36.0287349],[139.0621296,36.0287289],[139.0621282,36.0287256],[139.0621258,36.0287096],[139.0621263,36.0286904],[139.0621292,36.0286389],[139.062145,36.0285437],[139.0621459,36.0285397],[139.0621515,36.0285162],[139.062169,36.0284429],[139.0621935,36.0283484],[139.062224,36.0282379],[139.0622296,36.0282134],[139.0622325,36.0281947],[139.0622335,36.0281733],[139.0622322,36.0281597],[139.0622289,36.0281463],[139.0622244,36.0281357],[139.0622196,36.0281269],[139.0622095,36.0281132],[139.0622033,36.0281055],[139.0621925,36.0280959],[139.0621742,36.0280826],[139.0621211,36.028047],[139.0620999,36.028035],[139.062084,36.028026],[139.0620769,36.0280217],[139.0620053,36.0279838],[139.0619697,36.0279674],[139.0619526,36.0279599],[139.0619204,36.0279444],[139.061901,36.0279334],[139.061832,36.0278883],[139.0618178,36.0278775],[139.0617862,36.0278499],[139.0617431,36.0278019],[139.0617399,36.0277955],[139.061738,36.0277882],[139.0617377,36.0277799],[139.0617388,36.0277732],[139.0617427,36.0277613],[139.0617466,36.0277469],[139.0617509,36.0277259],[139.0617522,36.0277125],[139.0617521,36.0276957],[139.0617506,36.0276797],[139.0617457,36.0276481],[139.0617417,36.0276377],[139.0617373,36.0276295],[139.0617332,36.027624],[139.0617242,36.0276144],[139.0617075,36.0276],[139.0616978,36.027594],[139.0616678,36.0275786],[139.0616387,36.0275682],[139.0616282,36.0275658],[139.061616,36.0275645],[139.0616049,36.0275647],[139.0615937,36.0275661],[139.0615715,36.0275703],[139.061379,36.0275668],[139.0613404,36.0275141],[139.0613181,36.0274892],[139.0613316,36.0274737],[139.0613434,36.0274647],[139.0613494,36.0274602],[139.0613584,36.0274536],[139.0613776,36.0274395],[139.061404,36.0274232],[139.0614275,36.0274111],[139.0614541,36.0274016],[139.0614786,36.0273967],[139.0615189,36.0273875],[139.0615433,36.0273802],[139.0615542,36.0273655],[139.0615591,36.0273476],[139.0615601,36.027326],[139.0615579,36.0273026],[139.0615525,36.0272838],[139.0615482,36.0272737],[139.0615201,36.0272382],[139.0615006,36.0272158],[139.0614841,36.0272005],[139.0614593,36.0271786],[139.0614459,36.0271621],[139.0614261,36.0271401],[139.0614105,36.0271214],[139.0613945,36.0271004],[139.0613763,36.0271115],[139.0613457,36.0271175],[139.0613188,36.0271181],[139.0612582,36.0271275],[139.0612263,36.0271387],[139.0612038,36.0271542],[139.0611734,36.0271161],[139.061157,36.0270982],[139.0611392,36.0270808],[139.0611313,36.0270778],[139.0611428,36.0270489],[139.0611506,36.0270338],[139.0611879,36.0270018],[139.06101,36.026852],[139.0610255,36.0268402],[139.0610887,36.0267944],[139.0611245,36.0267702],[139.0611844,36.0267149],[139.0611736,36.0267075],[139.0606949,36.0262744],[139.0604236,36.0262498],[139.0604271,36.0262419],[139.0604326,36.0262243],[139.060434,36.0261999],[139.0604325,36.0261724],[139.0604294,36.0261568],[139.0604245,36.0261418],[139.0604111,36.0261137],[139.0603982,36.0260921],[139.0603854,36.0260746],[139.0603583,36.0260415],[139.0603445,36.0260269],[139.0603374,36.0260203],[139.0603212,36.0260073],[139.0603175,36.0260048],[139.060292,36.0259902],[139.0602598,36.0259771],[139.0601859,36.025948],[139.0600813,36.025916],[139.0600017,36.0258999],[139.0599,36.025888],[139.0598306,36.025885],[139.059768,36.0258784],[139.059747,36.0258741],[139.0597001,36.0258608],[139.0596969,36.0258599],[139.0596816,36.0258562],[139.0596591,36.0258496],[139.0596471,36.0258454],[139.0596889,36.0258171],[139.0596688,36.0257602],[139.0596717,36.0257593],[139.0596885,36.0257522],[139.0596985,36.0257468],[139.0597235,36.0257293],[139.0597293,36.0257244],[139.0597448,36.0257149],[139.0597504,36.0257127],[139.0597662,36.0257072],[139.0597733,36.0257043],[139.0597954,36.0256928],[139.0598026,36.0256883],[139.0598162,36.0256764],[139.0598299,36.0256624],[139.0598357,36.0256548],[139.0598411,36.0256459],[139.0598449,36.0256384],[139.0598504,36.025624],[139.0598561,36.025601],[139.0598587,36.0255863],[139.0598615,36.0255542],[139.0598563,36.0255086],[139.0598521,36.0254886],[139.0598492,36.0254794],[139.059845,36.0254678],[139.0598398,36.0254559],[139.0598337,36.0254441],[139.0598268,36.0254335],[139.0598199,36.0254249],[139.059802,36.0254069],[139.0597866,36.0253939],[139.0597591,36.0253744],[139.0597465,36.0253674],[139.0597458,36.0253672],[139.0595519,36.0255243],[139.0593853,36.0253615],[139.0593212,36.0253565],[139.0592786,36.0253512],[139.0592365,36.0253494],[139.0591985,36.025346],[139.0591944,36.0253362],[139.0591936,36.025334],[139.0591881,36.0253181],[139.059166,36.0252478],[139.0591515,36.0251996],[139.0591468,36.0251832],[139.059144,36.0251709],[139.0591419,36.0251585],[139.0591408,36.025146],[139.0591404,36.0251334],[139.059141,36.0251209],[139.0591423,36.0251084],[139.0591424,36.0251076],[139.0591447,36.0250951],[139.0591478,36.0250829],[139.0591517,36.0250708],[139.0591563,36.0250588],[139.0591619,36.0250471],[139.0591641,36.0250426],[139.0591644,36.0250421],[139.0591863,36.0250477],[139.0592063,36.0250507],[139.0592341,36.0250495],[139.059262,36.0250467],[139.0592988,36.0250353],[139.0593293,36.0250167],[139.05934839817232,36.025],[139.0625,36.025]]]},"properties":{"layer":"landuse","class_code":"203","class_label":"山林（樹林地）"}},{"type":"Feature","id":"luse_1bd406af-000f-4d11-9e3c-3b7e0bfbd923","geometry":{"type":"MultiPolygon","coordinates":[[[[139.0625,36.03333333333333],[139.05,36.03333333333333],[139.05,36.025],[139.05912954582394,36.025],[139.0591176,36.025028],[139.0591154,36.0250319],[139.059109,36.0250453],[139.0591036,36.0250595],[139.0590989,36.0250738],[139.0590955,36.0250882],[139.0590927,36.0251023],[139.0590926,36.0251043],[139.0590911,36.0251184],[139.0590905,36.0251332],[139.0590907,36.025148],[139.0590852,36.0251757],[139.0590757,36.0251874],[139.0590549,36.0252147],[139.0590313,36.0252456],[139.0590206,36.0252642],[139.0589939,36.0253145],[139.0589658,36.0253651],[139.058955,36.0253848],[139.0589071,36.0254715],[139.0589068,36.025472],[139.0589056,36.0254748],[139.0589043,36.0254774],[139.0589027,36.0254801],[139.0589009,36.0254827],[139.058899,36.0254852],[139.0588967,36.0254876],[139.0588946,36.0254899],[139.0588922,36.0254921],[139.0588897,36.0254942],[139.058887,36.0254962],[139.0588842,36.0254981],[139.0588812,36.0254997],[139.0588782,36.0255013],[139.0588749,36.0255028],[139.0588718,36.0255041],[139.0588685,36.0255052],[139.0588681,36.0255053],[139.0588648,36.0255063],[139.0588615,36.0255071],[139.0588612,36.0255072],[139.0588579,36.0255078],[139.0588543,36.0255084],[139.0588507,36.0255088],[139.0588485,36.0255089],[139.0588474,36.025509],[139.058847,36.025509],[139.0588455,36.0255091],[139.0588435,36.0255091],[139.0588399,36.025509],[139.0588392,36.025509],[139.0588365,36.0255088],[139.0588361,36.0255088],[139.0588327,36.0255084],[139.0588292,36.0255078],[139.0588257,36.0255071],[139.0588222,36.0255062],[139.0588215,36.025506],[139.0588183,36.0255049],[139.058815,36.0255037],[139.0588118,36.0255024],[139.0588084,36.0255009],[139.0588056,36.0254993],[139.0588028,36.0254975],[139.0588,36.0254956],[139.0587973,36.0254936],[139.0587948,36.0254915],[139.0587924,36.0254892],[139.0587902,36.0254869],[139.0587881,36.0254845],[139.0587862,36.025482],[139.0587846,36.0254794],[139.058783,36.0254768],[139.0587817,36.0254739],[139.0587805,36.0254712],[139.0587795,36.0254683],[139.0587788,36.0254655],[139.0587781,36.0254626],[139.0587777,36.0254597],[139.0587775,36.0254567],[139.0587776,36.0254538],[139.0587778,36.0254508],[139.0587782,36.025448],[139.0587819,36.0254301],[139.0587835,36.0254231],[139.0587856,36.0254155],[139.0587873,36.0254084],[139.0587893,36.0254005],[139.0587911,36.0253914],[139.0588021,36.0253438],[139.0588146,36.0252973],[139.0588292,36.0252504],[139.0588456,36.0252037],[139.0588485,36.0251953],[139.0588616,36.0251559],[139.058873,36.0251161],[139.0588831,36.0250761],[139.0588915,36.0250358],[139.0588916,36.0250348],[139.0588949,36.0250214],[139.0588978,36.0250003],[139.0588977885246,36.025],[139.0582251013158,36.025],[139.0582261,36.0250011],[139.0582321,36.0250088],[139.0582378,36.0250169],[139.0582429,36.0250252],[139.0582552,36.0250601],[139.0582652,36.0250966],[139.0582728,36.0251335],[139.0582779,36.0251706],[139.0582781,36.0251711],[139.0582787,36.0251727],[139.0582794,36.0251743],[139.05828,36.0251759],[139.0582803,36.0251775],[139.0582806,36.0251791],[139.0582808,36.0251808],[139.0582807,36.0251825],[139.0582808,36.0251841],[139.0582804,36.0251858],[139.0582803,36.0251874],[139.05828,36.0251891],[139.0582793,36.0251907],[139.0582788,36.0251923],[139.0582781,36.0251938],[139.0582774,36.0251953],[139.0582762,36.0251968],[139.0582752,36.0251983],[139.0582741,36.0251997],[139.0582731,36.025201],[139.0582716,36.0252023],[139.0582701,36.0252036],[139.0582687,36.0252048],[139.0582672,36.0252059],[139.0582656,36.025207],[139.0582639,36.0252079],[139.0582619,36.0252088],[139.0582602,36.0252096],[139.0582583,36.0252103],[139.0582564,36.0252109],[139.0582547,36.0252114],[139.0582543,36.0252115],[139.0582527,36.0252119],[139.0582505,36.0252123],[139.0582485,36.0252126],[139.0582467,36.0252127],[139.0582463,36.0252127],[139.0582444,36.0252128],[139.0582424,36.0252129],[139.0582403,36.0252128],[139.0582383,36.0252126],[139.0582368,36.0252124],[139.0582365,36.0252124],[139.0582361,36.0252123],[139.0581058,36.0252192],[139.0580477,36.0252175],[139.058013,36.0252165],[139.0579377,36.0252172],[139.057925,36.0252179],[139.0578383,36.0252241],[139.0578224,36.025225],[139.057822,36.025225],[139.0578061,36.0252264],[139.0577901,36.0252282],[139.0577744,36.0252304],[139.057774,36.0252304],[139.0577676,36.0252314],[139.0577518,36.0252342],[139.0577361,36.0252373],[139.0577205,36.0252409],[139.0577053,36.0252448],[139.057705,36.0252449],[139.0577024,36.0252456],[139.057702,36.0252457],[139.0576947,36.0252476],[139.0576943,36.0252477],[139.0576866,36.0252494],[139.0576789,36.0252509],[139.0576785,36.025251],[139.0576709,36.0252523],[139.0576705,36.0252524],[139.0576627,36.0252535],[139.0576548,36.0252544],[139.0576544,36.0252544],[139.0576467,36.0252551],[139.0576463,36.0252552],[139.0576383,36.0252557],[139.0576302,36.0252561],[139.0576282,36.0252561],[139.0576203,36.0252562],[139.0576199,36.0252562],[139.0576172,36.0252561],[139.0576119,36.0252561],[139.0576076,36.0252559],[139.0576039,36.0252557],[139.0576036,36.0252557],[139.0575956,36.0252552],[139.0575875,36.0252544],[139.0575794,36.0252535],[139.0575716,36.0252523],[139.0575712,36.0252523],[139.0575636,36.025251],[139.0575633,36.0252509],[139.0575617,36.0252506],[139.0575464,36.0252483],[139.0575315,36.0252456],[139.0575311,36.0252455],[139.0575163,36.0252425],[139.0575016,36.025239],[139.0575012,36.0252389],[139.0574866,36.0252351],[139.0574853,36.0252348],[139.0574709,36.0252305],[139.0574706,36.0252304],[139.0574563,36.0252258],[139.0574423,36.0252209],[139.0574419,36.0252208],[139.0574282,36.0252154],[139.0574143,36.0252097],[139.0574008,36.0252036],[139.0573875,36.0251972],[139.0573745,36.0251905],[139.0573739,36.0251902],[139.0572362,36.0250987],[139.0571183,36.0250209],[139.0570772215783,36.025],[139.05703543519206,36.025],[139.0571054,36.0250356],[139.0572222,36.0251127],[139.0573606,36.0252048],[139.0573624,36.0252056],[139.0573759,36.0252126],[139.0573898,36.0252193],[139.0574041,36.0252257],[139.0574184,36.0252316],[139.0574328,36.0252372],[139.0574331,36.0252373],[139.0574478,36.0252425],[139.0574629,36.0252473],[139.0574778,36.0252517],[139.0574781,36.0252518],[139.0574797,36.0252522],[139.0574947,36.0252562],[139.0574951,36.0252563],[139.0575104,36.0252599],[139.0575262,36.0252631],[139.0575418,36.0252659],[139.0575421,36.025266],[139.0575531,36.0252676],[139.0575544,36.0252678],[139.0575571,36.0252683],[139.0575587,36.0252685],[139.0575671,36.02527],[139.0575757,36.0252712],[139.0575761,36.0252713],[139.0575845,36.0252723],[139.0575848,36.0252723],[139.0575874,36.0252726],[139.0575932,36.0252731],[139.0575936,36.0252731],[139.0576023,36.0252737],[139.057606,36.0252739],[139.0576065,36.0252739],[139.0576111,36.0252741],[139.0576167,36.0252742],[139.0576198,36.0252742],[139.0576202,36.0252742],[139.0576287,36.0252742],[139.0576311,36.0252741],[139.0576398,36.0252737],[139.0576487,36.0252731],[139.0576574,36.0252723],[139.057666,36.0252713],[139.0576664,36.0252712],[139.0576749,36.02527],[139.0576836,36.0252685],[139.0576922,36.0252668],[139.0577006,36.0252649],[139.0577009,36.0252648],[139.0577089,36.0252628],[139.0577093,36.0252627],[139.057712,36.025262],[139.0577271,36.0252582],[139.057742,36.0252548],[139.0577566,36.0252518],[139.057757,36.0252517],[139.0577718,36.0252491],[139.0577722,36.025249],[139.0577781,36.0252481],[139.0577933,36.025246],[139.0577937,36.025246],[139.0578086,36.0252444],[139.057809,36.0252443],[139.0578241,36.025243],[139.0578399,36.0252421],[139.0578403,36.025242],[139.0579266,36.0252359],[139.057927,36.0252359],[139.0579386,36.0252353],[139.0580127,36.0252345],[139.058106,36.0252373],[139.058235,36.0252305],[139.0582354,36.0252305],[139.0582385,36.0252307],[139.0582388,36.0252307],[139.0582404,36.0252308],[139.0582417,36.0252309],[139.058242,36.0252309],[139.0582451,36.0252308],[139.0582482,36.0252307],[139.0582486,36.0252306],[139.0582516,36.0252304],[139.0582549,36.0252299],[139.058258,36.0252294],[139.0582613,36.0252287],[139.0582642,36.0252278],[139.0582674,36.0252268],[139.05827,36.0252257],[139.0582703,36.0252256],[139.0582732,36.0252244],[139.0582758,36.025223],[139.0582785,36.0252215],[139.0582811,36.0252199],[139.0582837,36.0252181],[139.0582859,36.0252164],[139.0582866,36.0252159],[139.0582886,36.0252141],[139.0582906,36.025212],[139.0582925,36.0252099],[139.0582943,36.0252076],[139.0582959,36.0252054],[139.0582974,36.025203],[139.0582987,36.0252005],[139.0582999,36.0251981],[139.0583008,36.0251955],[139.0583016,36.025193],[139.0583022,36.0251904],[139.0583026,36.0251878],[139.058303,36.0251851],[139.058303,36.0251824],[139.0583029,36.0251798],[139.0583027,36.0251772],[139.0583022,36.0251746],[139.0583017,36.025172],[139.0583008,36.0251694],[139.0582998,36.0251668],[139.0582996,36.0251664],[139.0582947,36.025131],[139.058287,36.0250931],[139.0582767,36.0250557],[139.0582639,36.0250187],[139.0582576,36.0250084],[139.0582516539326,36.025],[139.05887532964826,36.025],[139.0588726,36.0250194],[139.0588704,36.0250282],[139.0588695,36.025033],[139.0588613,36.0250728],[139.0588515,36.0251123],[139.0588401,36.0251515],[139.058827,36.0251904],[139.0588242,36.0251988],[139.0588078,36.0252456],[139.058793,36.0252932],[139.0587803,36.0253402],[139.0587692,36.0253882],[139.0587675,36.0253972],[139.0587653,36.0254049],[139.0587639,36.0254118],[139.0587618,36.0254195],[139.05876,36.0254269],[139.0587562,36.0254455],[139.0587555,36.0254494],[139.0587554,36.0254533],[139.0587552,36.0254572],[139.0587555,36.0254611],[139.058756,36.0254651],[139.058757,36.0254689],[139.0587581,36.0254728],[139.0587594,36.0254765],[139.0587609,36.0254803],[139.0587627,36.0254839],[139.0587645,36.0254875],[139.058767,36.0254909],[139.0587695,36.0254943],[139.0587722,36.0254975],[139.0587752,36.0255007],[139.0587784,36.0255036],[139.0587815,36.0255065],[139.0587851,36.0255091],[139.058789,36.0255117],[139.0587928,36.0255139],[139.0587969,36.0255161],[139.0588009,36.0255182],[139.0588051,36.02552],[139.0588097,36.0255215],[139.0588136,36.0255229],[139.058814,36.025523],[139.0588152,36.0255233],[139.0588198,36.0255244],[139.0588243,36.0255254],[139.0588291,36.0255261],[139.0588338,36.0255267],[139.0588385,36.025527],[139.0588389,36.025527],[139.0588435,36.0255271],[139.0588458,36.0255271],[139.0588481,36.0255271],[139.0588485,36.025527],[139.0588531,36.0255267],[139.0588579,36.0255262],[139.0588627,36.0255254],[139.0588673,36.0255245],[139.058872,36.0255234],[139.0588765,36.025522],[139.0588797,36.0255209],[139.0588811,36.0255205],[139.0588854,36.0255187],[139.0588893,36.0255168],[139.0588896,36.0255167],[139.0588935,36.0255146],[139.0588974,36.0255123],[139.0589014,36.0255099],[139.0589048,36.0255072],[139.0589084,36.0255044],[139.0589116,36.0255015],[139.0589146,36.0254984],[139.0589174,36.0254952],[139.05892,36.0254919],[139.0589223,36.0254885],[139.0589245,36.025485],[139.0589263,36.0254813],[139.0589278,36.025478],[139.0589542,36.0254302],[139.0590058,36.0255732],[139.0590107,36.0255909],[139.0589921,36.0256012],[139.0589642,36.0256113],[139.0589416,36.0256198],[139.0588843,36.0256471],[139.0588377,36.0256819],[139.058808,36.0257115],[139.058799,36.0257184],[139.0587952,36.0257298],[139.0588671,36.025886],[139.0589158,36.0258638],[139.0589638,36.0258533],[139.0590067,36.0258495],[139.0590595,36.0258452],[139.0591028,36.0258451],[139.05898,36.0259395],[139.0589904,36.0259486],[139.0591972,36.0261295],[139.059131,36.0261825],[139.0591277,36.0261964],[139.0591278,36.0262064],[139.0591332,36.0262233],[139.0591469,36.0262396],[139.0592306,36.0262834],[139.05931,36.0263051],[139.0593097,36.0263347],[139.0593093,36.0263683],[139.0593108,36.0264668],[139.0593167,36.026546],[139.059317,36.0265894],[139.0593284,36.0266154],[139.0593552,36.026636],[139.0593859,36.0266524],[139.0594233,36.0266664],[139.0595096,36.0266802],[139.0595475,36.0266792],[139.0595701,36.0266742],[139.0595971,36.0266647],[139.0596283,36.0266328],[139.0596378,36.0266058],[139.0596465,36.0265603],[139.0596568,36.0265242],[139.0596958,36.0263951],[139.0597842,36.0262289],[139.0598505,36.0262991],[139.0598534,36.0263022],[139.0599501,36.0264162],[139.0599837,36.0264557],[139.0600693,36.0265504],[139.0601272,36.0266144],[139.0602147,36.0267138],[139.0602134,36.0267185],[139.0602105,36.0267252],[139.0602097,36.0267264],[139.0601993,36.0267409],[139.0601841,36.0267579],[139.0601747,36.0267663],[139.0601725,36.0267694],[139.0601682,36.0267755],[139.060164,36.026782],[139.0601606,36.0267887],[139.0601576,36.0267956],[139.0601547,36.0268025],[139.0601528,36.0268096],[139.0601511,36.0268168],[139.0601497,36.0268238],[139.0601495,36.0268271],[139.0601488,36.0268343],[139.060149,36.0268415],[139.0601495,36.0268488],[139.0601503,36.026856],[139.0601519,36.0268632],[139.0601539,36.0268704],[139.0601562,36.0268774],[139.0601592,36.0268843],[139.0601627,36.0268916],[139.0601957,36.0269412],[139.0601982,36.026945],[139.0601816,36.0269535],[139.0601712,36.0269642],[139.0601564,36.0269789],[139.060144,36.027004],[139.0601324,36.0270272],[139.0601312,36.0270394],[139.0601306,36.0270545],[139.0601314,36.027065],[139.0601377,36.0270763],[139.0602306,36.0272079],[139.0603766,36.027425],[139.060415,36.0274808],[139.0604363,36.0274865],[139.0604506,36.0275052],[139.0604572,36.0275177],[139.0604892,36.0275681],[139.0605138,36.0275983],[139.0605507,36.0276266],[139.0605757,36.0276422],[139.060601,36.0276566],[139.0606084,36.0276605],[139.060636,36.0276664],[139.0606488,36.0276671],[139.0606674,36.0276661],[139.0606906,36.0276689],[139.0607163,36.0276749],[139.0607271,36.0276761],[139.0607416,36.0276749],[139.0607512,36.0276646],[139.0607581,36.0276438],[139.0607531,36.0276314],[139.0607376,36.0276138],[139.0607237,36.0275969],[139.0606972,36.027556],[139.0606875,36.0275354],[139.0606787,36.0275245],[139.0606525,36.0275021],[139.0606436,36.0274967],[139.0606233,36.0274815],[139.0608048,36.0273708],[139.0608181,36.0273862],[139.0608319,36.0274025],[139.0609393,36.0275294],[139.0609999,36.0276032],[139.06102,36.0276336],[139.0610524,36.0277215],[139.0610633,36.0277521],[139.0610845,36.0278023],[139.06111,36.0278658],[139.0611211,36.0279087],[139.0611244,36.0279466],[139.0611255,36.028203],[139.0611307,36.0282444],[139.0611402,36.0282949],[139.061153,36.0283449],[139.0611693,36.0283943],[139.0611703,36.0283965],[139.0611899,36.028445],[139.061203,36.0284722],[139.0612129,36.0284926],[139.061239,36.0285391],[139.0612552,36.0285642],[139.0612682,36.0285843],[139.061338,36.02871],[139.0613692,36.0287692],[139.0612757,36.0288126],[139.0611958,36.0288482],[139.0611894,36.0288655],[139.061188,36.0288777],[139.0612188,36.0289615],[139.061232,36.0289976],[139.0612959,36.0291537],[139.0613103,36.0291857],[139.0613202,36.0292027],[139.0613333,36.029215],[139.0613442,36.029217],[139.0613725,36.0292078],[139.0614156,36.0292896],[139.0615116,36.0294715],[139.0617186,36.0293995],[139.0617175,36.0294333],[139.0616873,36.0294417],[139.0616113,36.0294862],[139.0617016,36.0296611],[139.0616953,36.0296622],[139.0616812,36.0296648],[139.0616559,36.0296706],[139.0616556,36.0296706],[139.0616307,36.0296776],[139.0616063,36.0296855],[139.0615848,36.0296936],[139.0615786,36.0296962],[139.0615618,36.0297035],[139.061539,36.0297146],[139.061517,36.0297267],[139.0614963,36.0297394],[139.0614838,36.029748],[139.0614033,36.0297997],[139.0613914,36.0298068],[139.0613211,36.0298465],[139.0612356,36.0298797],[139.0611799,36.0298994],[139.0611381,36.0299141],[139.0611161,36.0299215],[139.0610934,36.0299288],[139.061093,36.0299289],[139.0610658,36.0299367],[139.0610198,36.029948],[139.0610131,36.0299494],[139.0609733,36.0299565],[139.0609325,36.029962],[139.060932,36.029962],[139.0608912,36.0299655],[139.0608908,36.0299656],[139.0608846,36.0299658],[139.0608505,36.0299672],[139.0608501,36.0299672],[139.0608326,36.0299674],[139.0608323,36.0299674],[139.0606959,36.0299651],[139.0606507,36.0299637],[139.0606371,36.0299633],[139.0606341,36.0299632],[139.0606265,36.0299629],[139.0605673,36.0299566],[139.060567,36.0299566],[139.0605154,36.0299489],[139.060515,36.0299489],[139.0604552,36.0299374],[139.0604548,36.0299373],[139.0604052,36.0299257],[139.0604048,36.0299256],[139.0603368,36.0299129],[139.0603365,36.0299129],[139.0602679,36.0299032],[139.0602333,36.0298997],[139.0602153,36.0298979],[139.0602149,36.0298979],[139.060223,36.0297646],[139.0601949,36.0297449],[139.0601926,36.0297429],[139.0601605,36.0297127],[139.0601373,36.0296886],[139.0600917,36.0296515],[139.0600587,36.0296194],[139.059997,36.0295556],[139.0599703,36.0295219],[139.0599395,36.0294889],[139.0599158,36.029467],[139.0599011,36.0294563],[139.0598633,36.0294344],[139.0598422,36.0294265],[139.0598177,36.0294197],[139.059812,36.0294187],[139.0597893,36.0294167],[139.0597055,36.0294233],[139.059681,36.0294282],[139.059668,36.0294326],[139.0596555,36.0294406],[139.0596433,36.0294495],[139.0596312,36.0294646],[139.059619,36.029484],[139.0596133,36.0294959],[139.0595742,36.0295783],[139.0595373,36.0296562],[139.0595075,36.0297025],[139.0594982,36.0297129],[139.0594909,36.0297187],[139.0594733,36.0297276],[139.0594844,36.0299335],[139.0594441,36.029931],[139.0594438,36.029931],[139.0593601,36.029922],[139.0593597,36.029922],[139.0593079,36.0299144],[139.0592249,36.0298993],[139.0591592,36.0298845],[139.059083,36.0298665],[139.0590092,36.0298454],[139.0589369,36.0298211],[139.0588664,36.0297935],[139.0588603,36.0297909],[139.0587272,36.0297339],[139.058581,36.029668],[139.058485,36.0296247],[139.0584838,36.0296242],[139.0584177,36.0295911],[139.0584058,36.0295847],[139.058353,36.0295584],[139.0582046,36.0294935],[139.0581948,36.0294896],[139.0580162,36.0293938],[139.0578585,36.0292978],[139.0576731,36.0291964],[139.0576213,36.0291702],[139.0574723,36.0291006],[139.0574709,36.0290999],[139.0574273,36.0290795],[139.0574017,36.0290684],[139.0573752,36.0290566],[139.057112,36.0289394],[139.0571117,36.0289393],[139.0570465,36.0289123],[139.0568767,36.0288464],[139.0566786,36.0287477],[139.056541,36.0286822],[139.0563831,36.0286111],[139.0562585,36.0285561],[139.0561049,36.0284801],[139.0560457,36.0284482],[139.0558918,36.0283653],[139.0557968,36.0283189],[139.0556343,36.0282473],[139.0555787,36.0282248],[139.0555479,36.0282135],[139.0554482,36.028177],[139.0553147,36.0281352],[139.0552729,36.0281232],[139.0552305,36.028113],[139.0551928,36.0281057],[139.0551492,36.0280991],[139.0551053,36.0280945],[139.0550612,36.0280919],[139.0550573,36.0280918],[139.0549942,36.0280925],[139.0549504,36.028095],[139.0549377,36.0280957],[139.054875,36.0281018],[139.0548445,36.0281062],[139.054813,36.0281106],[139.0548127,36.0281107],[139.0547686,36.0281168],[139.0547241,36.0281208],[139.0547238,36.0281208],[139.0546901,36.0281224],[139.0546792,36.0281229],[139.0546525,36.0281232],[139.0546306,36.0281227],[139.0546077,36.0281222],[139.0545921,36.0281211],[139.0545903,36.028121],[139.0545632,36.0281191],[139.0545628,36.0281191],[139.0545186,36.0281141],[139.054487,36.0281093],[139.0543635,36.0280944],[139.0543306,36.0280905],[139.0542928,36.0280809],[139.0542925,36.0280808],[139.0542267,36.0280539],[139.0541299,36.0280132],[139.0541258,36.0280114],[139.0541132,36.0280078],[139.0541017,36.0280056],[139.0540944,36.0280041],[139.0540331,36.0279922],[139.0539887,36.0279858],[139.0539884,36.0279858],[139.0539046,36.0279766],[139.0539043,36.0279766],[139.0538457,36.0279724],[139.0538454,36.0279724],[139.0538355,36.0279726],[139.0538256,36.0279724],[139.0538252,36.0279724],[139.0538154,36.0279717],[139.0538054,36.0279705],[139.0537956,36.0279689],[139.0537858,36.0279669],[139.0537764,36.0279645],[139.0537761,36.0279644],[139.053767,36.0279617],[139.0537667,36.0279616],[139.0537576,36.0279583],[139.0537487,36.0279547],[139.0537399,36.0279506],[139.0537317,36.0279461],[139.0537236,36.0279413],[139.0537158,36.0279361],[139.0537083,36.0279306],[139.0537051,36.027928],[139.0536983,36.027922],[139.0536918,36.0279158],[139.0536858,36.0279093],[139.0536803,36.0279025],[139.0536752,36.0278954],[139.0536706,36.0278882],[139.0536664,36.0278807],[139.0536628,36.0278731],[139.0536597,36.0278654],[139.0536571,36.0278574],[139.0536551,36.0278495],[139.0536535,36.0278414],[139.0536526,36.0278332],[139.0536524,36.0278309],[139.0536512,36.0278239],[139.0536472,36.027801],[139.053645,36.0277829],[139.0536434,36.0277593],[139.053643,36.0277528],[139.053643,36.0277226],[139.0536439,36.0277057],[139.053643,36.0276859],[139.0536406,36.0276662],[139.053637,36.0276468],[139.0536321,36.0276275],[139.0536319,36.0276269],[139.0536258,36.0276078],[139.0536182,36.027589],[139.0536095,36.0275707],[139.0535994,36.0275527],[139.0535963,36.0275478],[139.0535883,36.0275352],[139.0535802,36.027524],[139.05353,36.0274528],[139.0534864,36.0273825],[139.0534845,36.0273795],[139.0534499,36.0273157],[139.0534163,36.0272446],[139.0534137,36.0272391],[139.0533888,36.0271773],[139.0533617,36.0270909],[139.0533389,36.026998],[139.0533381,36.0269937],[139.0533254,36.0269645],[139.0533108,36.0269359],[139.0532988,36.0269151],[139.053281,36.0268878],[139.0532613,36.0268613],[139.0532398,36.0268356],[139.0532167,36.0268109],[139.0532087,36.026803],[139.0531602,36.0267534],[139.0529816,36.0265712],[139.0529787,36.0265683],[139.0529729,36.0265603],[139.0529665,36.0265525],[139.0529596,36.0265451],[139.0529524,36.0265379],[139.0529446,36.0265311],[139.0529363,36.0265247],[139.0529276,36.0265186],[139.0529183,36.0265129],[139.0529089,36.0265076],[139.0529016,36.026504],[139.0528917,36.0264994],[139.0528813,36.0264954],[139.0528707,36.0264918],[139.0528601,36.0264887],[139.0528597,36.0264886],[139.05285,36.0264863],[139.0528489,36.026486],[139.0528379,36.0264839],[139.0528376,36.0264838],[139.0528266,36.0264822],[139.0528263,36.0264822],[139.0528151,36.0264811],[139.0528036,36.0264804],[139.0527922,36.0264802],[139.0527809,36.0264806],[139.0527806,36.0264806],[139.0527767,36.0264809],[139.0527695,36.0264815],[139.0527691,36.0264815],[139.0527582,36.0264828],[139.0527578,36.0264829],[139.0527468,36.0264848],[139.0527357,36.0264871],[139.052729,36.0264884],[139.0527165,36.0264911],[139.0527161,36.0264912],[139.0527057,36.0264946],[139.0526924,36.0264982],[139.0526793,36.0265023],[139.0526666,36.026507],[139.0526541,36.0265123],[139.052649,36.0265147],[139.0526421,36.0265181],[139.0526304,36.0265244],[139.0526195,36.0265313],[139.0526087,36.0265386],[139.0526003,36.0265449],[139.0525904,36.0265531],[139.0525812,36.0265616],[139.0525726,36.0265706],[139.0525647,36.0265799],[139.0525572,36.0265897],[139.0525507,36.0265997],[139.0525444,36.0266099],[139.0525458,36.0265677],[139.05256,36.026507],[139.0525741,36.0264798],[139.0525909,36.0264581],[139.0525417,36.0264409],[139.0524216,36.026399],[139.0524145,36.0263776],[139.0524077,36.0263547],[139.0524049,36.0263371],[139.0523984,36.0263177],[139.05237,36.0262464],[139.0523692,36.0262443],[139.0523395,36.0261853],[139.052319,36.0261489],[139.0523153,36.0261423],[139.0523033,36.0261039],[139.0522988,36.0260843],[139.0522953,36.026069],[139.0522856,36.0260398],[139.0522776,36.0260201],[139.0522771,36.0260189],[139.0521931,36.0260065],[139.0521851,36.0259912],[139.0521411,36.0259133],[139.0521155,36.0258552],[139.0521006,36.0258333],[139.0520746,36.0258062],[139.0520411,36.0257744],[139.0520136,36.0257439],[139.051996,36.0257077],[139.0519849,36.0256835],[139.0519756,36.0256516],[139.0519704,36.0256191],[139.051966,36.0255645],[139.0519545,36.0255365],[139.0519357,36.0255065],[139.0518741,36.0254425],[139.0518726,36.0254412],[139.0518528,36.0254247],[139.0517671,36.0253545],[139.0516767,36.0252722],[139.0516544,36.0252557],[139.0516306,36.0252299],[139.0516093,36.025208],[139.0515529,36.0251806],[139.0515073,36.0251675],[139.0514792,36.0251597],[139.05153684099128,36.025],[139.05192608321167,36.025],[139.051927,36.0250004],[139.051987,36.0250269],[139.0520648,36.0250674],[139.0521508,36.0251209],[139.0522145,36.0251618],[139.052276,36.0252061],[139.052329,36.0252536],[139.0523973,36.0253319],[139.0524717,36.0253003],[139.0525418,36.0252668],[139.0526143,36.0252395],[139.0526288,36.0252342],[139.0527211,36.0252007],[139.052789,36.0251769],[139.0528034,36.0251719],[139.0529531,36.0251375],[139.0529545,36.0251374],[139.0530241,36.0251298],[139.0530817,36.0251274],[139.0531105,36.0251273],[139.0531405,36.0251271],[139.0532286,36.0251213],[139.0532874,36.0251167],[139.0533802,36.0251227],[139.0534603,36.0251279],[139.0534883,36.0251297],[139.0534887,36.0251299],[139.0535085,36.0251575],[139.0535192,36.02518],[139.0535278,36.0252159],[139.0535419,36.025262],[139.053548,36.0253019],[139.0535558,36.0253358],[139.0535766,36.0253579],[139.0535946,36.0253744],[139.0536195,36.0253978],[139.0536331,36.0254307],[139.0536655,36.02547],[139.053697,36.0254854],[139.0537229,36.0255037],[139.0537453,36.0255272],[139.0537635,36.0255599],[139.053779,36.025589],[139.0537964,36.025613],[139.0538141,36.0256428],[139.0538333,36.0256655],[139.0538478,36.0256709],[139.0539018,36.0256768],[139.0539244,36.0256835],[139.0539438,36.0256992],[139.0539616,36.0257195],[139.0539789,36.0257276],[139.0540025,36.0257343],[139.0540472,36.0257431],[139.0540787,36.0257467],[139.0541116,36.0257528],[139.0541397,36.025762],[139.0542616,36.0258081],[139.0543168,36.0258434],[139.0543714,36.0258749],[139.0544642,36.0259553],[139.0544997,36.025993],[139.0545213,36.0260217],[139.0545283,36.0260383],[139.0545338,36.0260536],[139.0545355,36.0260744],[139.0545454,36.0260913],[139.0545626,36.02611],[139.0545802,36.0261249],[139.0546023,36.0261422],[139.0546084,36.026164],[139.0546076,36.0261874],[139.0546058,36.026206],[139.0546089,36.0262237],[139.0546111,36.0262308],[139.0546167,36.0262503],[139.0546154,36.026275],[139.0546157,36.0262868],[139.0545886,36.0263174],[139.0545561,36.0263589],[139.0545256,36.026401],[139.054512,36.0264198],[139.0544997,36.0264394],[139.054499,36.0264405],[139.0544881,36.0264606],[139.0544784,36.0264812],[139.0544777,36.026483],[139.0544602,36.0265238],[139.0544562,36.026533],[139.0543701,36.0265841],[139.0543215,36.0265945],[139.0542465,36.0266155],[139.0542364,36.0266619],[139.0542373,36.0266875],[139.054239,36.0267334],[139.0542403,36.026772],[139.0542426,36.0268153],[139.0542515,36.0268585],[139.0542627,36.0269051],[139.0542917,36.0269597],[139.0543344,36.0270244],[139.0543424,36.0270379],[139.0543562,36.0270565],[139.0543669,36.027068],[139.0544089,36.0271106],[139.0544246,36.0271229],[139.0544612,36.0271398],[139.0544864,36.0271513],[139.054522,36.0271651],[139.0545598,36.0271774],[139.0545924,36.0271892],[139.0546307,36.0272021],[139.0546575,36.0272099],[139.0546955,36.0272212],[139.0547281,36.0272355],[139.0547782,36.0272556],[139.0547987,36.0272671],[139.0548202,36.0272783],[139.0548426,36.0272911],[139.0548676,36.0273041],[139.0549002,36.0273163],[139.0549286,36.0273213],[139.0549577,36.0273241],[139.0549929,36.0273276],[139.0550214,36.0273324],[139.0550664,36.0273405],[139.0550922,36.0273454],[139.0551156,36.027346],[139.0551683,36.0273404],[139.055195,36.0273361],[139.0552168,36.0273317],[139.0552381,36.027325],[139.0552505,36.0273165],[139.0552589,36.0273047],[139.0552628,36.0272916],[139.0552734,36.0272672],[139.055287,36.0272251],[139.0552945,36.0271999],[139.055297,36.027179],[139.0552918,36.0271599],[139.055288,36.0271476],[139.0552739,36.0271126],[139.0552618,36.0270868],[139.0552562,36.0270808],[139.0552358,36.027063],[139.0552147,36.0270485],[139.0551863,36.0270333],[139.0551602,36.0270112],[139.0551446,36.0270034],[139.0551289,36.0269772],[139.0551117,36.0269391],[139.0551045,36.0269028],[139.0551036,36.0268932],[139.0550964,36.0268436],[139.0550913,36.0268007],[139.055084,36.0267652],[139.0550828,36.0267395],[139.0550868,36.0267166],[139.0551001,36.0267147],[139.0551145,36.0267141],[139.0551278,36.0267142],[139.0551391,36.0267135],[139.0551403,36.0267134],[139.0551971,36.0267286],[139.0552046,36.0267079],[139.0552093,36.0266983],[139.0552343,36.0266552],[139.0552502,36.0266313],[139.0552678,36.0266099],[139.0552981,36.0265834],[139.0553235,36.0265669],[139.0553519,36.0265455],[139.0553776,36.0265259],[139.0554172,36.0265109],[139.055449,36.0264961],[139.0554706,36.0264792],[139.055496,36.0264611],[139.0555189,36.0264447],[139.0555551,36.0264264],[139.0555878,36.0264106],[139.0556238,36.0263934],[139.0556597,36.0263813],[139.0556832,36.0263733],[139.0557047,36.0263615],[139.0557171,36.0263493],[139.0557219,36.0263446],[139.0557369,36.0263312],[139.0557516,36.0263222],[139.0557726,36.0263194],[139.055792,36.0263245],[139.0558038,36.0263336],[139.0558185,36.0263464],[139.0558355,36.026366],[139.0558734,36.0264166],[139.0558893,36.026431],[139.0559033,36.0264373],[139.0559192,36.0264382],[139.0559379,36.0264367],[139.0559559,36.0264267],[139.0559693,36.0264178],[139.055998,36.02639],[139.0560267,36.0263533],[139.0560424,36.026344],[139.0560584,36.0263346],[139.0560799,36.0263238],[139.0561351,36.0263064],[139.0561553,36.0263032],[139.0561873,36.0262991],[139.0561908,36.0262986],[139.0561977,36.0262985],[139.0563278,36.0262808],[139.0563421,36.0262787],[139.0564066,36.026279],[139.0564668,36.0262906],[139.0565171,36.0263118],[139.0565526,36.0263383],[139.0565704,36.0263468],[139.0566009,36.0263544],[139.056636,36.0263603],[139.0566865,36.0263619],[139.0567343,36.0263587],[139.0567841,36.026339],[139.0568243,36.0263054],[139.0568835,36.026235],[139.0569044,36.0261959],[139.0569194,36.0261592],[139.0569384,36.0261216],[139.0569627,36.0260885],[139.0569737,36.0260488],[139.0569747,36.0260072],[139.0569727,36.0259853],[139.0569694,36.0259661],[139.0569534,36.0259454],[139.0569433,36.025925],[139.0569297,36.0258914],[139.0569232,36.0258727],[139.0569195,36.0258487],[139.0569236,36.0258255],[139.0569211,36.0258176],[139.0569186,36.0258093],[139.0569166,36.0258022],[139.0568994,36.025787],[139.0568801,36.025785],[139.0568399,36.0257853],[139.0567871,36.0257901],[139.0567664,36.0257905],[139.0567425,36.0257894],[139.0567223,36.0257844],[139.0567021,36.0257734],[139.0566528,36.0257189],[139.0566341,36.0256909],[139.0566163,36.0256712],[139.056592,36.025639],[139.0565598,36.0256063],[139.0565062,36.0255669],[139.0564271,36.0255292],[139.056302,36.025437],[139.0562677,36.0254151],[139.0562587,36.0254106],[139.0562346,36.0253988],[139.0561724,36.0251971],[139.0561724,36.0251643],[139.0561724,36.025112],[139.0561628,36.0250224],[139.0561604,36.0250032],[139.05615973744494,36.025],[139.05562012,36.025],[139.0556158,36.0250036],[139.0555897,36.0250307],[139.0554715,36.0251436],[139.0554544,36.0251508],[139.0554404,36.0251546],[139.0554265,36.0251551],[139.0554089,36.0251531],[139.0553946,36.0251462],[139.0553788,36.0251267],[139.0553672,36.0250988],[139.0553417,36.025011],[139.0553374539204,36.025],[139.0507896023952,36.025],[139.0507868,36.0250026],[139.0507696,36.025017],[139.0507505,36.0250341],[139.0507308,36.0250497],[139.0507166,36.0250599],[139.0506954,36.0250739],[139.0506729,36.025087],[139.0506606,36.0250937],[139.0506338,36.0251117],[139.0506073,36.0251275],[139.0506027,36.02513],[139.050575,36.0251444],[139.0505541,36.0251541],[139.0505464,36.0251576],[139.0505342,36.0251627],[139.0504925,36.0251775],[139.0504584,36.025188],[139.050415,36.0251995],[139.0503805,36.025207],[139.050358,36.0252131],[139.0503366,36.025218],[139.0503147,36.0252219],[139.0503029,36.0252236],[139.0502807,36.025226],[139.0502585,36.0252274],[139.050236,36.0252278],[139.0502327,36.0252277],[139.0501975,36.0252277],[139.0501627,36.025226],[139.0501282,36.0252228],[139.050094,36.0252182],[139.0500717,36.0252142],[139.05,36.025194754659694],[139.05,36.02995242145522],[139.050095,36.0299339],[139.0501512,36.0299173],[139.0502184,36.0299067],[139.0502644,36.0298923],[139.0502942,36.0298863],[139.0503342,36.0298892],[139.0504033,36.0299177],[139.0504628,36.0299307],[139.050554,36.0299406],[139.05063,36.0299467],[139.0506656,36.0299474],[139.0506983,36.0299447],[139.0507598,36.029924],[139.0508725,36.0298921],[139.0509191,36.0298821],[139.0510185,36.0298533],[139.0510657,36.0298443],[139.0511018,36.0298377],[139.0511277,36.029837],[139.0511814,36.0298373],[139.0512309,36.0298456],[139.0513142,36.0298608],[139.0513155,36.0298612],[139.0513786,36.0298582],[139.0514088,36.0298449],[139.0514573,36.0298211],[139.0514756,36.0298063],[139.0515004,36.0297899],[139.0515357,36.0297589],[139.0515372,36.0297571],[139.0515552,36.0297473],[139.0515866,36.0297368],[139.0516249,36.0297249],[139.0516961,36.0297206],[139.0517887,36.0297263],[139.0518298,36.0297288],[139.0518902,36.0297306],[139.0519389,36.0297378],[139.0519825,36.0297575],[139.0520167,36.029887],[139.0520245,36.0299824],[139.0519989,36.029978],[139.051986,36.0299745],[139.0519279,36.0299641],[139.0518663,36.0299597],[139.0517711,36.0299552],[139.0517071,36.0299583],[139.0516487,36.0299762],[139.0516094,36.0299963],[139.051565,36.0300181],[139.05152,36.0300548],[139.0514725,36.0301103],[139.0514406,36.0301405],[139.0513814,36.0301857],[139.0513267,36.030215],[139.0512847,36.0302324],[139.0512631,36.0302419],[139.0512312,36.0302486],[139.0512051,36.0302507],[139.0511842,36.0302554],[139.0511733,36.0302589],[139.0511168,36.0302871],[139.0510275,36.0303421],[139.0509095,36.0304112],[139.0507855,36.030489],[139.0507556,36.0305119],[139.050704,36.0305549],[139.0507158,36.0305671],[139.0507332,36.0305849],[139.0507492,36.0306013],[139.0507936,36.0306469],[139.050837,36.0306914],[139.0510855,36.0309464],[139.0511533,36.031016],[139.0511752,36.0310386],[139.0511758,36.0310391],[139.0511746,36.0310614],[139.0511718,36.031068],[139.0511544,36.031114],[139.0511362,36.0311654],[139.0511208,36.0311922],[139.0511053,36.0312168],[139.0510899,36.0312476],[139.0510817,36.0312696],[139.0510656,36.0313311],[139.0510653,36.0313327],[139.0510426,36.0313916],[139.0510293,36.0314134],[139.051008,36.0314407],[139.0509856,36.0314718],[139.0509605,36.0315018],[139.050934,36.0315285],[139.050899,36.0315565],[139.0508769,36.0315715],[139.0508188,36.0316196],[139.0508184,36.0316202],[139.0507748,36.0316597],[139.050764,36.031669],[139.0507366,36.0316917],[139.0507251,36.0317039],[139.0507015,36.0317381],[139.0507004,36.0317403],[139.0506816,36.0317728],[139.050667,36.0318135],[139.0506545,36.03186],[139.0506627,36.0318886],[139.0506663,36.0319012],[139.0506682,36.0319121],[139.0506734,36.031941],[139.0506779,36.0319664],[139.0506803,36.0319871],[139.0506889,36.0320195],[139.0507042,36.0320745],[139.0507173,36.0321124],[139.0507305,36.0321505],[139.0507591,36.0322055],[139.0507674,36.0322214],[139.0507769,36.0322395],[139.0508368,36.0323119],[139.0508747,36.0323668],[139.0509008,36.0323904],[139.0509177,36.0324057],[139.0509759,36.0324432],[139.0509915,36.0324511],[139.051039,36.0324705],[139.051049,36.0324745],[139.0510988,36.0324826],[139.0511554,36.0324943],[139.0511809,36.0325037],[139.0511954,36.032513],[139.0512023,36.0325164],[139.0512078,36.0325238],[139.0512098,36.0325348],[139.0512076,36.0325444],[139.0512057,36.0325747],[139.0512066,36.0326125],[139.0512099,36.0326604],[139.0513049,36.0327294],[139.051346,36.0327593],[139.051397,36.0327986],[139.0514453,36.0328357],[139.0515136,36.0328961],[139.0515741,36.0329497],[139.0516298,36.0329964],[139.0516847,36.0330426],[139.0517313,36.0330861],[139.05181,36.0331597],[139.051843,36.0331905],[139.0518426,36.0332035],[139.0518366,36.0332231],[139.051828,36.0332386],[139.0518124,36.0332617],[139.0517943,36.0332798],[139.0517744,36.0333096],[139.051769,36.0333249],[139.05176767083333,36.03333333333333],[139.05597642774327,36.03333333333333],[139.0560182,36.0332913],[139.0560315,36.0332735],[139.0560554,36.0332413],[139.0560823,36.0332104],[139.0561192,36.0332316],[139.0561198,36.0331692],[139.0561236,36.0331654],[139.0561537,36.0331355],[139.0561561,36.0331331],[139.0561786,36.0331163],[139.0561943,36.0331045],[139.0562045,36.033097],[139.0562198,36.0330855],[139.0562564,36.0330457],[139.0562696,36.0330189],[139.0562732,36.0329948],[139.056275,36.0329693],[139.0562786,36.0329325],[139.0562799,36.0329006],[139.0564253,36.0328261],[139.0564682,36.0328671],[139.0565054,36.0328802],[139.0565432,36.0328943],[139.0566045,36.0329124],[139.0566164,36.0329261],[139.0566199,36.0329432],[139.0566163,36.0329604],[139.0566109,36.0329713],[139.0566017,36.0329908],[139.0565772,36.033037],[139.0565646,36.0330631],[139.0565557,36.0330894],[139.0565473,36.0331171],[139.0565424,36.0331404],[139.0565389,36.0331587],[139.0565327,36.0332046],[139.0565287,36.0332174],[139.0565164,36.0332444],[139.0565098,36.0332795],[139.0565046,36.0333123],[139.0566144,36.0332959],[139.0566803,36.0333178],[139.0567005695096,36.03333333333333],[139.05805598194905,36.03333333333333],[139.0580593,36.0333263],[139.058077,36.0333018],[139.0580847,36.0332926],[139.0580975,36.0332714],[139.0581036,36.0332536],[139.0581092,36.0332276],[139.0581116,36.0331728],[139.0581125,36.0331126],[139.0581134,36.0330576],[139.058112,36.0329756],[139.0581057,36.0329245],[139.0580989,36.0328984],[139.058089,36.0328762],[139.0580779,36.032861],[139.0580709,36.0328536],[139.0580563,36.0328461],[139.0580381,36.0328417],[139.0580145,36.0328393],[139.057964,36.0328398],[139.0579562,36.0328395],[139.0579329,36.032837],[139.0579229,36.0328345],[139.0579022,36.0328275],[139.0578632,36.0328054],[139.0578428,36.0327917],[139.0578215,36.0327733],[139.057794,36.0327495],[139.0577688,36.0327228],[139.0576969,36.032618],[139.0576958,36.0326163],[139.0576437,36.0325139],[139.0576126,36.03241],[139.0575894,36.0323086],[139.0575772,36.0322751],[139.0575737,36.0322656],[139.057548,36.0321954],[139.0575215,36.0321131],[139.0575184,36.0321037],[139.0575112,36.0320839],[139.0575008,36.0320621],[139.0574893,36.0320437],[139.0574613,36.0320063],[139.057451,36.0319933],[139.0574356,36.0319729],[139.0574222,36.0319564],[139.0573538,36.0318509],[139.0573346,36.0318165],[139.0573058,36.03175],[139.0572889,36.03171],[139.0572501,36.031618],[139.0572234,36.0315467],[139.0571782,36.0314471],[139.0571479,36.0313896],[139.0571392,36.0313618],[139.0571344,36.0313307],[139.057133,36.0313065],[139.057134,36.0312786],[139.0571428,36.0312562],[139.0571503,36.0312448],[139.0571756,36.0312225],[139.057183,36.0312179],[139.0571928,36.0312117],[139.0572305,36.0311975],[139.0572429,36.0311948],[139.0572786,36.0311869],[139.057308,36.0311841],[139.057328,36.0311876],[139.0573321,36.0311865],[139.0573374,36.0311831],[139.0573476,36.0311721],[139.0574294,36.0311252],[139.0574982,36.0310988],[139.0575741,36.0310751],[139.0576708,36.0310468],[139.0576816,36.0310442],[139.0576865,36.0310397],[139.0576878,36.0310312],[139.0576861,36.0310239],[139.0576249,36.0309206],[139.0576192,36.0309168],[139.0576105,36.0309129],[139.0575991,36.0309117],[139.057583,36.0309119],[139.0575655,36.0309136],[139.057546,36.0309169],[139.0575326,36.0309195],[139.0575158,36.0309206],[139.057489,36.0309221],[139.0574725,36.0309225],[139.0574539,36.0309198],[139.0574395,36.0309133],[139.0574238,36.0309015],[139.0574082,36.0308841],[139.0573863,36.0308491],[139.0573464,36.0307772],[139.0573071,36.0307234],[139.0572358,36.0306042],[139.0571921,36.0305453],[139.0571188,36.0304781],[139.0570493,36.0304336],[139.0569759,36.0303963],[139.0568862,36.0303551],[139.0567953,36.030327],[139.0567252,36.0303126],[139.0566249,36.0302943],[139.0565125,36.0302801],[139.0564928,36.030279],[139.0564733,36.0302747],[139.0564711,36.0302737],[139.0564521,36.0302646],[139.0564408,36.0302568],[139.0564333,36.0302481],[139.0564208,36.0302289],[139.0563941,36.0301759],[139.0563599,36.0301124],[139.0563295,36.0300583],[139.0563217,36.0300456],[139.0563058,36.0300118],[139.0562871,36.0299666],[139.056279,36.0299434],[139.0562652,36.0299159],[139.0562474,36.0298896],[139.0562276,36.029866],[139.0562042,36.029842],[139.0561887,36.0298297],[139.0561705,36.0298144],[139.0561529,36.0298027],[139.0561398,36.029794],[139.0561139,36.0297803],[139.0560704,36.029759],[139.0560057,36.029732],[139.0559723,36.0297143],[139.0559523,36.0297033],[139.0559305,36.0296908],[139.055911,36.02968],[139.0558872,36.0296734],[139.055865,36.0296728],[139.0558438,36.0296748],[139.0558265,36.0296808],[139.0557999,36.0296965],[139.0558016,36.0295914],[139.0557504,36.0295825],[139.0558033,36.0292093],[139.0554531,36.0291437],[139.0553945,36.029536],[139.0553813,36.0295801],[139.0553631,36.0295767],[139.0553491,36.0295736],[139.0553422,36.029571],[139.055339,36.0295712],[139.0553123,36.0295573],[139.0553108,36.0295553],[139.0552992,36.0295401],[139.0552991,36.0295394],[139.0552978,36.0295304],[139.0552979,36.0295192],[139.0552978,36.0295087],[139.0552972,36.0295069],[139.0552934,36.0294963],[139.0552805,36.0294814],[139.0552771,36.0294777],[139.0552681,36.029468],[139.0552607,36.0294589],[139.0552589,36.0294568],[139.0552546,36.0294533],[139.0552193,36.0294458],[139.0550592,36.029253],[139.0550159,36.0292123],[139.055015,36.0289237],[139.0544729,36.0288927],[139.0544642,36.0288921],[139.0543502,36.0288856],[139.0542479,36.0288797],[139.0542054,36.0288369],[139.0541696,36.0287853],[139.0541176,36.0287304],[139.0540412,36.0286851],[139.0539896,36.0286601],[139.0539386,36.0286519],[139.0538826,36.0286587],[139.0537948,36.0286826],[139.0537214,36.0287076],[139.0536625,36.0287209],[139.0535949,36.0287217],[139.0535032,36.0287091],[139.0534132,36.02869],[139.0533431,36.0286716],[139.0532589,36.0286467],[139.0531644,36.0286088],[139.0530859,36.0285672],[139.0530585,36.0285598],[139.0530296,36.02854],[139.0529945,36.0285003],[139.0529572,36.0284513],[139.0529316,36.0283965],[139.0529034,36.028317],[139.0528682,36.0282225],[139.0528612,36.0281921],[139.0528499,36.0281428],[139.0528478,36.0280865],[139.0528466,36.0280529],[139.0528508,36.0279994],[139.0528571,36.0279775],[139.0528904,36.0279409],[139.0529278,36.0279121],[139.0529354,36.0279062],[139.0529696,36.0278835],[139.0529921,36.0278686],[139.0530047,36.0278599],[139.0530336,36.0278401],[139.0530499,36.0278289],[139.0530583,36.0278255],[139.0530737,36.0278249],[139.053121,36.0278153],[139.0531346,36.0278089],[139.0531502,36.0277928],[139.0531834,36.0277502],[139.0532099,36.0276993],[139.0531439,36.0276021],[139.0531305,36.0275929],[139.0530723,36.0275868],[139.0530699,36.0275634],[139.0530696,36.0275459],[139.0530681,36.027526],[139.0530663,36.027509],[139.0530645,36.0274754],[139.053062,36.027455],[139.0530605,36.0274426],[139.0530543,36.0274092],[139.0530457,36.0273762],[139.0530351,36.0273437],[139.0530228,36.0273133],[139.0530054,36.0272696],[139.0529301,36.0270805],[139.0529149,36.0270422],[139.0529124,36.0270359],[139.052904,36.0270176],[139.0528941,36.026999],[139.052883,36.0269809],[139.0528709,36.0269637],[139.0528639,36.0269546],[139.0528614,36.0269515],[139.0528278,36.0269115],[139.0527904,36.0268716],[139.0527741,36.0268556],[139.052733,36.0268182],[139.0526894,36.0267826],[139.0526871,36.026781],[139.0526807,36.0267766],[139.0526791,36.0267753],[139.0526787,36.026775],[139.0526748,36.0267718],[139.0526691,36.0267667],[139.0526637,36.0267616],[139.0526587,36.026756],[139.0526541,36.0267503],[139.05265,36.0267444],[139.0526461,36.0267384],[139.0526428,36.0267321],[139.0526397,36.0267258],[139.0526373,36.0267193],[139.0526351,36.0267127],[139.0526335,36.026706],[139.0526322,36.0266993],[139.0526319,36.0266961],[139.0526315,36.0266925],[139.0526312,36.0266857],[139.0526313,36.02668],[139.0526319,36.0266731],[139.0526329,36.0266664],[139.0526344,36.0266597],[139.0526362,36.0266531],[139.0526386,36.0266465],[139.0526415,36.0266401],[139.0526446,36.0266338],[139.0526482,36.0266277],[139.0526523,36.0266217],[139.0526568,36.026616],[139.0526616,36.0266103],[139.0526668,36.026605],[139.0526723,36.0265999],[139.0526782,36.0265963],[139.0526857,36.0265921],[139.0526933,36.0265883],[139.0527013,36.0265848],[139.0527095,36.0265817],[139.0527177,36.0265789],[139.052726,36.0265766],[139.0527264,36.0265765],[139.0527349,36.0265746],[139.0527437,36.026573],[139.0527526,36.0265718],[139.0527614,36.026571],[139.0527618,36.026571],[139.0527656,36.0265708],[139.0527704,36.0265706],[139.0527708,36.0265706],[139.0527774,36.0265706],[139.0527796,36.0265706],[139.0527886,36.026571],[139.0527975,36.0265718],[139.0528063,36.0265729],[139.0528067,36.026573],[139.0528153,36.0265745],[139.0528242,36.0265765],[139.0528294,36.0265779],[139.0528378,36.0265805],[139.0528461,36.0265834],[139.0528539,36.0265868],[139.0528617,36.0265905],[139.0528695,36.0265944],[139.0528768,36.0265987],[139.0528837,36.0266034],[139.0528903,36.0266084],[139.0528965,36.0266137],[139.0529026,36.0266191],[139.052908,36.0266249],[139.0529131,36.0266309],[139.0529181,36.0266371],[139.053123,36.026817],[139.0531483,36.0268427],[139.0531556,36.0268501],[139.0531766,36.0268724],[139.0531958,36.0268953],[139.0532133,36.0269188],[139.0532293,36.0269433],[139.0532398,36.0269614],[139.0532528,36.026987],[139.0532626,36.0270096],[139.053286,36.0271048],[139.053314,36.0271949],[139.0533405,36.0272601],[139.053378,36.0273397],[139.0534143,36.0274065],[139.0534616,36.0274827],[139.0534851,36.027516],[139.053513,36.0275555],[139.05352,36.0275655],[139.0535293,36.0275802],[139.0535347,36.0275899],[139.0535376,36.0275951],[139.0535449,36.0276102],[139.0535512,36.0276257],[139.0535563,36.0276417],[139.0535606,36.0276579],[139.0535634,36.0276739],[139.0535652,36.0276902],[139.0535662,36.0277055],[139.0535651,36.0277213],[139.0535653,36.0277284],[139.0535643,36.027778],[139.0535642,36.0277791],[139.0535604,36.0278151],[139.0535594,36.027851],[139.0535594,36.0278615],[139.0535617,36.0278974],[139.0535661,36.0279333],[139.0535665,36.0279344],[139.05357,36.027944],[139.0535743,36.0279535],[139.0535792,36.0279627],[139.0535845,36.0279717],[139.0535908,36.0279805],[139.0535972,36.0279889],[139.0536046,36.0279971],[139.0536124,36.0280049],[139.0536136,36.028006],[139.053622,36.0280135],[139.0536308,36.0280205],[139.0536399,36.0280271],[139.0536496,36.0280333],[139.0536597,36.0280391],[139.0536702,36.0280444],[139.053681,36.0280492],[139.0536847,36.0280499],[139.0536851,36.0280499],[139.0537087,36.0280534],[139.053709,36.0280534],[139.0537158,36.0280541],[139.053733,36.0280559],[139.0537418,36.0280563],[139.0537454,36.0280565],[139.0537574,36.0280572],[139.053758,36.0280573],[139.0537586,36.0280573],[139.0537829,36.0280575],[139.0537832,36.0280575],[139.0537878,36.0280573],[139.0538073,36.0280566],[139.0538315,36.0280547],[139.0538318,36.0280547],[139.0538556,36.0280517],[139.0538559,36.0280517],[139.0538624,36.0280506],[139.0538796,36.0280477],[139.0538924,36.0280451],[139.0538928,36.0280451],[139.0539079,36.0280427],[139.0539083,36.0280426],[139.0539236,36.0280409],[139.053924,36.0280408],[139.0539393,36.0280398],[139.0539396,36.0280398],[139.0539512,36.0280396],[139.0539552,36.0280396],[139.0539613,36.0280397],[139.053971,36.0280399],[139.0539781,36.0280403],[139.0539867,36.0280409],[139.0539961,36.028042],[139.0539978,36.0280422],[139.0540023,36.0280427],[139.0540176,36.0280451],[139.054018,36.0280452],[139.0540192,36.0280454],[139.0540344,36.0280486],[139.0540495,36.0280524],[139.0540642,36.0280569],[139.0540789,36.0280621],[139.0540926,36.0280678],[139.0540929,36.028068],[139.0541064,36.0280743],[139.0541913,36.0281102],[139.0542633,36.0281394],[139.0542636,36.0281395],[139.0543132,36.0281522],[139.054474,36.0281715],[139.0544743,36.0281715],[139.054506,36.0281764],[139.0545543,36.0281818],[139.0545688,36.0281828],[139.0546033,36.0281852],[139.0546307,36.0281858],[139.0546518,36.0281863],[139.0546522,36.0281863],[139.054682,36.028186],[139.0547304,36.0281837],[139.0547308,36.0281837],[139.0547794,36.0281792],[139.054826,36.0281728],[139.0548862,36.0281642],[139.0548865,36.0281642],[139.054945,36.0281585],[139.0549973,36.0281556],[139.0550336,36.0281551],[139.0550559,36.0281549],[139.0550564,36.0281549],[139.0550974,36.0281573],[139.0551254,36.0281602],[139.0551291,36.0281606],[139.055137,36.0281615],[139.0551765,36.0281674],[139.0552103,36.028174],[139.0552487,36.0281832],[139.055249,36.0281832],[139.0552878,36.0281943],[139.055418,36.0282353],[139.0555454,36.0282819],[139.0555982,36.0283032],[139.0555986,36.0283034],[139.0556418,36.0283224],[139.0557579,36.0283737],[139.0557582,36.0283738],[139.0558502,36.0284187],[139.0560029,36.0285008],[139.0560427,36.0285222],[139.0560434,36.0285428],[139.0560522,36.0285475],[139.0562093,36.0286254],[139.0562376,36.0286379],[139.0562401,36.0286375],[139.0562698,36.028633],[139.0563459,36.0286664],[139.0565024,36.028737],[139.0566386,36.0288018],[139.0567933,36.0288788],[139.0568395,36.0289018],[139.0570118,36.0289689],[139.0570122,36.028969],[139.0570759,36.0289951],[139.0573648,36.0291238],[139.0573897,36.0291347],[139.0575311,36.029201],[139.0575812,36.0292244],[139.0576308,36.0292494],[139.0578135,36.0293493],[139.0579716,36.0294454],[139.0581519,36.0295423],[139.0581623,36.0295464],[139.0581969,36.0295674],[139.0582489,36.0296017],[139.0582615,36.0296116],[139.0582996,36.0296408],[139.0583197,36.0296525],[139.0583564,36.0296716],[139.0584235,36.0297052],[139.058427,36.0297069],[139.0585248,36.0297508],[139.0586719,36.0298171],[139.0588063,36.0298747],[139.0588141,36.0298782],[139.0588894,36.0299075],[139.0589664,36.0299335],[139.0589685,36.0299341],[139.0589688,36.0299342],[139.0590474,36.0299566],[139.0591274,36.0299756],[139.0591966,36.0299911],[139.0592848,36.0300072],[139.059342,36.0300155],[139.0594316,36.0300251],[139.059432,36.0300251],[139.0594632,36.0300271],[139.0595226,36.0300308],[139.0596028,36.0300281],[139.0596032,36.0300281],[139.059605,36.0300379],[139.0596178,36.0300479],[139.059648,36.030073],[139.0597137,36.0301233],[139.059738,36.0301392],[139.0597604,36.0301516],[139.0597984,36.0301674],[139.0598446,36.030183],[139.0599069,36.0302035],[139.0599596,36.0302249],[139.0599609,36.0302253],[139.0599752,36.0302333],[139.0599768,36.0302513],[139.0599741,36.0302685],[139.0599717,36.0302863],[139.0599705,36.0303095],[139.059969,36.0303339],[139.0599677,36.030359],[139.059967,36.0303988],[139.0599677,36.030406],[139.0599715,36.0304168],[139.0599741,36.0304236],[139.0599805,36.0304291],[139.0600183,36.0304375],[139.060407,36.0304788],[139.0604717,36.0303624],[139.0604772,36.0302911],[139.0605823,36.0302752],[139.0606436,36.0302622],[139.0606782,36.0302496],[139.0607028,36.030241],[139.0607357,36.0302332],[139.060766,36.0302236],[139.0607911,36.0302128],[139.0608219,36.0301936],[139.0608393,36.0301872],[139.0608395,36.0301878],[139.0608695,36.0302605],[139.0608874,36.0302715],[139.0609075,36.0302764],[139.0609231,36.0302814],[139.060973,36.0302858],[139.0610308,36.0302897],[139.0611164,36.0302895],[139.061135,36.0302658],[139.0611493,36.0302519],[139.0611537,36.030245],[139.0611576,36.0302372],[139.0611582,36.0302344],[139.0612038,36.0302362],[139.06122,36.0302363],[139.0612413,36.0302361],[139.0612588,36.0302358],[139.0613043,36.0302262],[139.061317,36.0302235],[139.0613334,36.0302189],[139.0613541,36.0302124],[139.0613772,36.0302013],[139.0615844,36.0301329],[139.0616587,36.0301047],[139.0619161,36.0304526],[139.0619126,36.030458],[139.0618693,36.0304922],[139.061838,36.0305133],[139.0618202,36.0305232],[139.0618061,36.0305311],[139.0617788,36.0305457],[139.0617611,36.0305527],[139.061853,36.0306785],[139.06191,36.0306718],[139.0619782,36.0307064],[139.0620076,36.0307387],[139.0621678,36.0309146],[139.0621929,36.0309066],[139.0622634,36.030999],[139.0622889,36.0309862],[139.0622348,36.0309152],[139.0623093,36.0308806],[139.0624911,36.0310953],[139.0625,36.031091452145205],[139.0625,36.03333333333333]]],[[[139.0615752,36.0305119],[139.0616383,36.0305905],[139.0616534,36.0305865],[139.0617078,36.0305656],[139.06176,36.0305531],[139.0617609,36.0305526],[139.0616713,36.0304656],[139.0615752,36.0305119]]],[[[139.0613822,36.0306468],[139.0613575,36.0306425],[139.0613343,36.0306352],[139.0612948,36.0306098],[139.0612569,36.0307178],[139.0613472,36.0307536],[139.0613678,36.0307429],[139.0613739,36.0307357],[139.0613862,36.0307116],[139.0613923,36.030697],[139.0613955,36.030665],[139.0613977,36.030646],[139.0613822,36.0306468]]],[[[139.0617369,36.0323546],[139.0613939,36.0318552],[139.061241,36.0317326],[139.0607936,36.0315437],[139.0604772,36.0314773],[139.0597088,36.0316976],[139.0596404,36.0323804],[139.059603,36.0330562],[139.0596593,36.0331567],[139.0605359443538,36.03333333333333],[139.0625,36.03333333333333],[139.0625,36.03254049031896],[139.0622413,36.0325617],[139.0618995,36.0323878],[139.0617369,36.0323546]]]]},"properties":{"layer":"landuse","class_code":"203","class_label":"山林（樹林地）"}},{"type":"Feature","id":"luse_63a9699d-87d6-4f49-80f3-d0b4fe608672","geometry":{"type":"Polygon","coordinates":[[[139.051665,36.0268733],[139.0516641,36.0268818],[139.0516628,36.0268901],[139.0516608,36.0268984],[139.0516583,36.0269066],[139.0516552,36.0269148],[139.0516541,36.0269207],[139.0516526,36.0269264],[139.0516506,36.026932],[139.0516484,36.0269376],[139.0516456,36.0269431],[139.0516426,36.0269484],[139.0516392,36.0269536],[139.0516355,36.0269586],[139.0516315,36.0269635],[139.0516271,36.0269681],[139.0516224,36.0269726],[139.0516219,36.0269729],[139.051617,36.0269772],[139.0516117,36.0269811],[139.0516062,36.0269849],[139.0516004,36.0269884],[139.0515943,36.0269916],[139.0515881,36.0269946],[139.0515816,36.0269973],[139.0515802,36.0269978],[139.0515378,36.0270137],[139.0515335,36.0270148],[139.0515284,36.027016],[139.0515233,36.0270169],[139.051518,36.0270176],[139.0515128,36.027018],[139.051509,36.0270183],[139.0515037,36.0270183],[139.0514983,36.0270181],[139.0514931,36.0270177],[139.0514896,36.0270174],[139.0514759,36.0270122],[139.0514661,36.0270053],[139.0514578,36.0269987],[139.0514504,36.0269954],[139.0514428,36.0269924],[139.0514349,36.0269898],[139.0514269,36.0269876],[139.0514188,36.0269856],[139.051415,36.0269856],[139.0514104,36.0269854],[139.051406,36.0269849],[139.0514015,36.0269842],[139.051397,36.0269834],[139.0513927,36.0269824],[139.0513884,36.0269811],[139.0513842,36.0269797],[139.0513801,36.0269781],[139.0513761,36.0269763],[139.0513723,36.0269743],[139.0513684,36.0269722],[139.0513649,36.0269699],[139.0513615,36.0269675],[139.0513582,36.0269648],[139.0513552,36.0269621],[139.0513522,36.0269592],[139.0513496,36.0269562],[139.0513471,36.0269531],[139.0513449,36.02695],[139.0513428,36.0269466],[139.051341,36.0269433],[139.0513394,36.0269397],[139.0513391,36.0269384],[139.0513376,36.026933],[139.0513359,36.0269276],[139.0513337,36.0269222],[139.0513311,36.026917],[139.0513283,36.0269119],[139.0513251,36.0269069],[139.0513216,36.0269021],[139.0513177,36.0268975],[139.0513146,36.0268942],[139.0513102,36.0268898],[139.0513056,36.0268857],[139.0513006,36.0268818],[139.0512954,36.0268781],[139.05129,36.0268746],[139.0512844,36.0268714],[139.051283,36.0268711],[139.0512715,36.0268682],[139.0512598,36.0268658],[139.051248,36.026864],[139.0512361,36.0268626],[139.051232,36.0268623],[139.0511944,36.0268631],[139.0511829,36.026862],[139.0511725,36.0268598],[139.0511447,36.0268517],[139.0511286,36.0268457],[139.0511199,36.0268422],[139.0511046,36.026835],[139.0510897,36.0268273],[139.0510753,36.0268189],[139.0510617,36.0268099],[139.0510606,36.0268091],[139.0510547,36.0268046],[139.0510493,36.0267998],[139.0510442,36.0267948],[139.0510393,36.0267895],[139.0510349,36.0267841],[139.0510308,36.0267785],[139.0510271,36.0267727],[139.0510238,36.0267667],[139.0510221,36.0267631],[139.0510195,36.026757],[139.0510172,36.0267506],[139.0510154,36.0267443],[139.051014,36.0267378],[139.0510131,36.0267313],[139.0510126,36.0267248],[139.0510126,36.0267232],[139.0510165,36.0267094],[139.0510195,36.0267032],[139.0510259,36.0266911],[139.0510332,36.0266794],[139.0510412,36.026668],[139.0510474,36.0266603],[139.0510507,36.0266565],[139.0510996,36.0265855],[139.0511039,36.0265779],[139.0511107,36.026567],[139.0511263,36.026544],[139.0511435,36.0265216],[139.0511445,36.0265206],[139.0511526,36.0265131],[139.0511611,36.026506],[139.05117,36.0264992],[139.0511794,36.0264928],[139.0511892,36.0264869],[139.0511995,36.0264814],[139.0512074,36.0264775],[139.0512182,36.0264728],[139.0512294,36.0264687],[139.0512378,36.0264659],[139.0512407,36.0264649],[139.0512524,36.0264618],[139.0512642,36.0264591],[139.0512761,36.0264571],[139.0512826,36.0264555],[139.0512964,36.0264528],[139.0513104,36.0264506],[139.0513245,36.0264492],[139.0513388,36.0264483],[139.0513529,36.026448],[139.0513568,36.0264481],[139.051371,36.0264487],[139.0513852,36.0264498],[139.0513992,36.0264516],[139.0514131,36.0264541],[139.0514269,36.0264571],[139.0514315,36.0264592],[139.0514414,36.0264639],[139.0514512,36.0264691],[139.0514604,36.0264748],[139.0514693,36.0264808],[139.0514778,36.0264872],[139.051486,36.0264939],[139.0514875,36.0264954],[139.051495,36.0265026],[139.051502,36.0265101],[139.0515085,36.026518],[139.0515144,36.026526],[139.051519,36.0265331],[139.0515198,36.0265344],[139.0515257,36.0265414],[139.051528,36.0265451],[139.0515321,36.0265523],[139.0515357,36.0265596],[139.0515387,36.0265671],[139.0515413,36.0265748],[139.0515423,36.0265783],[139.0515441,36.0265861],[139.0515455,36.0265939],[139.0515462,36.0266018],[139.0515464,36.0266097],[139.0515461,36.0266176],[139.0515458,36.0266225],[139.0515458,36.0266257],[139.0515458,36.0266299],[139.0515463,36.0266372],[139.0515472,36.0266445],[139.0515486,36.0266518],[139.0515505,36.0266589],[139.051553,36.0266661],[139.0515558,36.026673],[139.051556,36.0266734],[139.0515592,36.0266802],[139.0515631,36.0266869],[139.0515673,36.0266933],[139.051572,36.0266996],[139.0515772,36.0267057],[139.0515827,36.0267115],[139.0515885,36.0267171],[139.0515948,36.0267224],[139.0515974,36.0267244],[139.0516045,36.0267303],[139.0516112,36.0267366],[139.0516174,36.0267431],[139.0516233,36.0267498],[139.0516286,36.0267569],[139.0516307,36.0267599],[139.0516354,36.0267673],[139.0516395,36.0267748],[139.0516431,36.0267825],[139.0516463,36.0267903],[139.0516488,36.0267983],[139.0516509,36.0268064],[139.0516526,36.0268099],[139.0516561,36.0268179],[139.051659,36.0268259],[139.0516614,36.0268343],[139.0516632,36.0268425],[139.0516644,36.0268509],[139.0516651,36.0268594],[139.0516653,36.0268648],[139.051665,36.0268733]]]},"properties":{"layer":"landuse","class_code":"204","class_label":"水面（河川水面、湖沼、ため池、用水路、濠、運河水面）"}},{"type":"Feature","id":"luse_95b925cb-667a-4175-a22f-a0ec734ec8d2","geometry":{"type":"Polygon","coordinates":[[[139.0525836,36.0285693],[139.0525803,36.0285695],[139.0525769,36.02857],[139.0525736,36.0285705],[139.0525703,36.0285712],[139.052567,36.028572],[139.0525637,36.028573],[139.0525606,36.0285741],[139.0525576,36.0285753],[139.0525547,36.0285768],[139.0525519,36.0285783],[139.0525491,36.0285799],[139.0525465,36.0285817],[139.052544,36.0285835],[139.0525416,36.0285855],[139.0525409,36.0285861],[139.0525398,36.0285869],[139.0525387,36.0285876],[139.0525376,36.0285882],[139.0525364,36.0285888],[139.0525351,36.0285893],[139.0525339,36.0285899],[139.0525326,36.0285903],[139.0525312,36.0285908],[139.0525299,36.028591],[139.0525285,36.0285913],[139.0525271,36.0285916],[139.0525257,36.0285917],[139.0525242,36.0285918],[139.0525229,36.0285918],[139.0525215,36.0285917],[139.05252,36.0285916],[139.0525191,36.0285915],[139.0525178,36.0285913],[139.0525164,36.028591],[139.052515,36.0285907],[139.0525137,36.0285904],[139.0525124,36.0285899],[139.0525112,36.0285894],[139.0525098,36.0285888],[139.0525086,36.0285882],[139.0525075,36.0285875],[139.0525064,36.0285868],[139.0525053,36.0285861],[139.0525043,36.0285853],[139.0525033,36.0285844],[139.0525025,36.0285834],[139.0525017,36.0285826],[139.0525009,36.0285815],[139.0525002,36.0285806],[139.0524996,36.0285796],[139.052499,36.0285785],[139.0524987,36.0285781],[139.0524976,36.0285768],[139.0524964,36.0285757],[139.0524951,36.0285745],[139.0524938,36.0285734],[139.0524924,36.0285723],[139.0524909,36.0285713],[139.0524893,36.0285704],[139.0524877,36.0285696],[139.0524861,36.0285687],[139.0524844,36.0285681],[139.0524826,36.0285675],[139.0524809,36.0285669],[139.052479,36.0285664],[139.0524771,36.0285661],[139.0524752,36.0285658],[139.0524733,36.0285656],[139.0524713,36.0285654],[139.0524695,36.0285654],[139.0524676,36.0285654],[139.0524656,36.0285656],[139.0524637,36.0285657],[139.0524455,36.0285666],[139.0524345,36.0285672],[139.0524325,36.0285676],[139.0524299,36.028568],[139.0524275,36.0285683],[139.0524251,36.0285684],[139.0524225,36.0285684],[139.0524201,36.0285684],[139.0524175,36.0285682],[139.0524151,36.0285679],[139.0524125,36.0285675],[139.0524102,36.0285671],[139.0524082,36.0285665],[139.0524059,36.0285659],[139.0524036,36.0285651],[139.0524013,36.0285641],[139.0523991,36.0285632],[139.052397,36.0285621],[139.0523949,36.0285609],[139.0523931,36.0285597],[139.0523912,36.0285583],[139.0523894,36.0285569],[139.0523877,36.0285553],[139.0523861,36.0285537],[139.0523831,36.0285525],[139.0523802,36.0285514],[139.0523772,36.0285505],[139.0523741,36.0285496],[139.052371,36.028549],[139.0523699,36.0285488],[139.0523667,36.0285483],[139.0523636,36.028548],[139.0523602,36.0285478],[139.052357,36.0285477],[139.0523538,36.0285479],[139.0523506,36.0285481],[139.0523333,36.028551],[139.0523158,36.0285543],[139.0523146,36.0285545],[139.0523112,36.0285551],[139.0523079,36.0285555],[139.0523045,36.0285558],[139.052301,36.0285558],[139.0522977,36.0285558],[139.0522942,36.0285556],[139.0522908,36.0285552],[139.0522875,36.0285547],[139.0522846,36.0285542],[139.0522813,36.0285534],[139.0522781,36.0285525],[139.052275,36.0285514],[139.0522719,36.0285502],[139.0522689,36.0285489],[139.0522659,36.0285475],[139.0522632,36.0285458],[139.0522605,36.0285442],[139.0522594,36.0285431],[139.0522573,36.0285408],[139.0522555,36.0285385],[139.0522536,36.028536],[139.0522521,36.0285336],[139.0522507,36.028531],[139.0522494,36.0285284],[139.0522492,36.0285281],[139.0522482,36.0285254],[139.0522473,36.0285227],[139.0522467,36.02852],[139.0522461,36.0285172],[139.0522458,36.0285144],[139.0522456,36.0285115],[139.0522458,36.0285087],[139.052246,36.0285059],[139.0522448,36.0285013],[139.0522437,36.0284976],[139.0522423,36.028494],[139.0522406,36.0284903],[139.0522387,36.0284869],[139.0522365,36.0284835],[139.0522353,36.0284817],[139.0522328,36.0284784],[139.05223,36.0284753],[139.0522272,36.0284722],[139.052224,36.0284694],[139.0522207,36.0284667],[139.0522173,36.0284641],[139.0522136,36.0284617],[139.0522121,36.0284607],[139.0522098,36.028459],[139.0522076,36.0284573],[139.0522055,36.0284553],[139.0522035,36.0284533],[139.0522017,36.0284513],[139.0522001,36.0284493],[139.0521986,36.028447],[139.0521971,36.0284448],[139.0521959,36.0284425],[139.0521957,36.028442],[139.0521948,36.0284397],[139.0521939,36.0284372],[139.0521931,36.0284348],[139.0521926,36.0284324],[139.0521922,36.0284298],[139.052192,36.0284273],[139.052192,36.0284248],[139.0521921,36.0284223],[139.0521924,36.0284198],[139.0521917,36.0284175],[139.0521912,36.0284148],[139.0521908,36.0284121],[139.0521906,36.0284094],[139.0521906,36.0284066],[139.0521908,36.0284039],[139.0521911,36.0284011],[139.0521917,36.0283984],[139.0521924,36.0283957],[139.0521926,36.0283952],[139.0521935,36.0283925],[139.0521947,36.0283899],[139.0521959,36.0283874],[139.0521974,36.0283849],[139.052199,36.0283825],[139.0522008,36.0283801],[139.0522027,36.0283779],[139.0522048,36.0283758],[139.052207,36.0283737],[139.0522247,36.0283587],[139.0522422,36.0283454],[139.0522634,36.0283306],[139.0522654,36.0283293],[139.0522683,36.0283272],[139.0522711,36.0283251],[139.0522738,36.0283228],[139.0522763,36.0283204],[139.0522785,36.0283179],[139.0522803,36.0283157],[139.0522823,36.028313],[139.0522841,36.0283102],[139.0522854,36.028308],[139.0522891,36.0283008],[139.0522906,36.0282978],[139.0522936,36.0282903],[139.0522963,36.0282826],[139.0523118,36.0282614],[139.0523244,36.0282456],[139.0523257,36.0282444],[139.0523296,36.0282416],[139.0523335,36.0282389],[139.0523378,36.0282364],[139.0523421,36.0282341],[139.0523466,36.0282319],[139.0523513,36.02823],[139.0523535,36.0282291],[139.0523583,36.0282275],[139.0523632,36.0282261],[139.0523682,36.028225],[139.0523733,36.028224],[139.0523784,36.0282232],[139.0523793,36.0282228],[139.0523804,36.0282222],[139.0523815,36.0282218],[139.0523826,36.0282214],[139.0523838,36.0282211],[139.0523849,36.0282208],[139.0523861,36.0282206],[139.0523873,36.0282204],[139.0523885,36.0282202],[139.0523897,36.0282201],[139.0523909,36.0282201],[139.0523921,36.0282201],[139.0523933,36.0282202],[139.0523945,36.0282204],[139.0523957,36.0282206],[139.052397,36.0282208],[139.0523981,36.0282212],[139.0523992,36.0282214],[139.0524003,36.0282219],[139.0524014,36.0282224],[139.0524025,36.0282228],[139.0524035,36.0282234],[139.0524039,36.0282237],[139.0524049,36.0282242],[139.0524058,36.0282249],[139.0524067,36.0282256],[139.0524076,36.0282263],[139.0524083,36.028227],[139.052409,36.0282278],[139.0524096,36.0282286],[139.0524103,36.0282296],[139.0524109,36.0282304],[139.0524114,36.0282313],[139.0524118,36.0282323],[139.0524122,36.0282332],[139.0524125,36.0282342],[139.0524127,36.0282351],[139.0524129,36.028236],[139.052413,36.0282371],[139.0524131,36.028238],[139.0524132,36.0282397],[139.0524148,36.0282497],[139.0524169,36.0282595],[139.0524197,36.0282692],[139.0524231,36.0282787],[139.0524273,36.0282881],[139.0524289,36.028293],[139.0524331,36.0283044],[139.0524381,36.0283156],[139.0524411,36.0283215],[139.0524472,36.0283323],[139.0524571,36.0283471],[139.0524683,36.0283621],[139.05247,36.0283642],[139.0524824,36.0283785],[139.0524835,36.0283796],[139.052485,36.0283813],[139.0524867,36.0283828],[139.0524884,36.0283843],[139.05249,36.0283855],[139.052492,36.0283867],[139.052494,36.028388],[139.0524961,36.0283891],[139.0524983,36.0283902],[139.0525005,36.0283911],[139.0525029,36.0283922],[139.0525067,36.0283941],[139.0525102,36.0283961],[139.0525136,36.0283983],[139.0525169,36.0284007],[139.05252,36.0284031],[139.052523,36.0284058],[139.0525257,36.0284085],[139.0525283,36.0284114],[139.0525288,36.0284119],[139.0525312,36.0284149],[139.0525333,36.028418],[139.0525352,36.0284212],[139.052537,36.0284244],[139.0525384,36.0284278],[139.0525397,36.0284311],[139.0525408,36.0284346],[139.0525415,36.0284381],[139.052542,36.0284393],[139.0525438,36.0284437],[139.0525459,36.0284479],[139.0525481,36.0284521],[139.0525508,36.0284561],[139.0525536,36.02846],[139.0525568,36.0284639],[139.0525589,36.0284662],[139.0525624,36.0284697],[139.0525662,36.0284731],[139.0525702,36.0284764],[139.0525744,36.0284794],[139.0525788,36.0284822],[139.0525834,36.0284849],[139.0525882,36.0284873],[139.0525899,36.0284879],[139.0525946,36.0284899],[139.0525991,36.028492],[139.0526035,36.0284943],[139.0526077,36.0284967],[139.0526118,36.0284993],[139.0526136,36.0285006],[139.0526174,36.0285036],[139.0526209,36.0285066],[139.0526244,36.0285099],[139.0526274,36.0285133],[139.0526286,36.0285157],[139.0526297,36.0285184],[139.0526306,36.0285211],[139.0526313,36.0285239],[139.0526318,36.0285267],[139.0526321,36.0285296],[139.0526322,36.0285324],[139.0526322,36.0285351],[139.052632,36.028538],[139.0526316,36.0285408],[139.0526309,36.0285436],[139.0526301,36.0285463],[139.0526291,36.0285491],[139.0526284,36.0285508],[139.0526276,36.0285522],[139.0526267,36.0285537],[139.0526258,36.0285552],[139.0526247,36.0285565],[139.0526235,36.0285578],[139.0526223,36.0285591],[139.052621,36.0285603],[139.0526195,36.0285615],[139.0526181,36.0285626],[139.0526165,36.0285637],[139.0526148,36.0285646],[139.0526132,36.0285655],[139.0526114,36.0285663],[139.0526099,36.0285669],[139.052608,36.0285676],[139.0526061,36.0285682],[139.0526042,36.0285686],[139.0526024,36.0285691],[139.0526004,36.0285694],[139.0525984,36.0285696],[139.0525963,36.0285697],[139.0525938,36.0285695],[139.0525905,36.0285692],[139.052587,36.0285692],[139.0525836,36.0285693]]]},"properties":{"layer":"landuse","class_code":"204","class_label":"水面（河川水面、湖沼、ため池、用水路、濠、運河水面）"}},{"type":"Feature","id":"luse_72ae48f1-7375-4897-a09a-bbea25da0917","geometry":{"type":"Polygon","coordinates":[[[139.0625,36.02927790588235],[139.0624972,36.0292784],[139.0624906,36.0292799],[139.0624841,36.0292816],[139.0624776,36.0292837],[139.0624714,36.029286],[139.0624652,36.0292885],[139.0624593,36.0292914],[139.0624506,36.0292963],[139.0624317,36.029308],[139.0624134,36.0293205],[139.0624061,36.0293259],[139.0623891,36.0293396],[139.0623731,36.0293539],[139.062358,36.029369],[139.0623095,36.0294207],[139.0622718,36.0294655],[139.0622705,36.029467],[139.0622613,36.0294782],[139.0622512,36.0294891],[139.0622406,36.0294994],[139.0622292,36.0295092],[139.0622171,36.0295185],[139.0622091,36.0295241],[139.0621961,36.0295325],[139.0621825,36.0295403],[139.0621685,36.0295475],[139.062154,36.029554],[139.062139,36.0295596],[139.0621153,36.0295674],[139.0620912,36.0295741],[139.0620665,36.0295797],[139.0620646,36.0295802],[139.0620396,36.0295846],[139.0620144,36.0295879],[139.0619889,36.0295901],[139.0619634,36.0295912],[139.0619553,36.0295918],[139.0619486,36.0295516],[139.0619596,36.0295507],[139.0619847,36.0295496],[139.061985,36.0295496],[139.0620076,36.0295477],[139.0620302,36.0295447],[139.062053,36.0295406],[139.0620533,36.0295405],[139.0620537,36.0295404],[139.0620761,36.0295353],[139.0620978,36.0295293],[139.0621192,36.0295223],[139.0621313,36.0295178],[139.0621431,36.0295126],[139.0621548,36.0295066],[139.0621661,36.0295],[139.0621772,36.0294929],[139.0621836,36.0294884],[139.0621937,36.0294806],[139.0622033,36.0294723],[139.0622122,36.0294637],[139.0622206,36.0294547],[139.0622286,36.0294449],[139.0622301,36.0294432],[139.062269,36.029397],[139.0623188,36.0293439],[139.0623351,36.0293275],[139.0623531,36.0293115],[139.0623716,36.0292965],[139.0623805,36.0292901],[139.0624005,36.0292763],[139.0624213,36.0292635],[139.0624321,36.0292572],[139.0624409,36.0292531],[139.0624494,36.0292494],[139.0624582,36.0292462],[139.0624672,36.0292434],[139.0624763,36.0292409],[139.0624856,36.0292389],[139.062495,36.0292374],[139.0625,36.02923675294117],[139.0625,36.02927790588235]]]},"properties":{"layer":"landuse","class_code":"204","class_label":"水面（河川水面、湖沼、ため池、用水路、濠、運河水面）"}},{"type":"Feature","id":"luse_9d869cde-3cbb-48ef-a3e7-347934b95ba9","geometry":{"type":"Polygon","coordinates":[[[139.0545417,36.0318728],[139.0545369,36.0318732],[139.0545321,36.0318738],[139.0545273,36.0318744],[139.0545227,36.0318754],[139.054518,36.0318766],[139.0545134,36.031878],[139.0545125,36.0318781],[139.0545087,36.0318787],[139.0545048,36.0318796],[139.0545009,36.0318806],[139.0544972,36.0318817],[139.0544935,36.0318831],[139.05449,36.0318846],[139.0544865,36.0318863],[139.0544832,36.031888],[139.0544799,36.03189],[139.0544768,36.0318921],[139.0544759,36.0318927],[139.0544731,36.0318949],[139.0544703,36.0318973],[139.0544677,36.0318998],[139.0544653,36.0319024],[139.0544631,36.0319051],[139.054461,36.0319079],[139.0544592,36.0319108],[139.0544575,36.0319137],[139.0544561,36.0319168],[139.0544549,36.03192],[139.0544538,36.0319231],[139.0544529,36.0319262],[139.0544526,36.0319275],[139.0544516,36.0319301],[139.0544503,36.0319327],[139.054449,36.0319352],[139.0544475,36.0319377],[139.0544458,36.0319401],[139.0544439,36.0319424],[139.0544429,36.0319436],[139.0544409,36.0319457],[139.0544386,36.0319479],[139.0544363,36.0319498],[139.0544337,36.0319517],[139.0544214,36.0319629],[139.054402,36.0319805],[139.0544017,36.0319813],[139.0543981,36.0319877],[139.0543941,36.0319941],[139.0543897,36.0320002],[139.0543849,36.0320061],[139.0543796,36.0320118],[139.0543778,36.0320135],[139.0543722,36.0320189],[139.0543661,36.032024],[139.0543597,36.0320288],[139.0543509,36.0320347],[139.0543391,36.0320419],[139.0543336,36.0320449],[139.0543212,36.0320512],[139.0543181,36.0320539],[139.0543109,36.0320596],[139.0543034,36.032065],[139.0543022,36.0320658],[139.0542943,36.0320708],[139.0542861,36.0320753],[139.0542775,36.0320796],[139.0542758,36.0320806],[139.054274,36.0320815],[139.0542722,36.0320823],[139.0542704,36.0320831],[139.0542685,36.0320837],[139.0542665,36.0320843],[139.0542646,36.0320847],[139.0542626,36.0320851],[139.0542606,36.0320854],[139.0542591,36.0320856],[139.0542571,36.0320857],[139.0542551,36.0320857],[139.054253,36.0320857],[139.054251,36.0320855],[139.0542489,36.0320854],[139.0542458,36.0320853],[139.0542385,36.032085],[139.0542313,36.0320843],[139.0542242,36.0320834],[139.0542171,36.0320822],[139.0542102,36.0320806],[139.0542087,36.0320802],[139.0542019,36.0320783],[139.0541952,36.0320761],[139.0541932,36.0320739],[139.0541907,36.0320712],[139.0541885,36.0320684],[139.0541865,36.0320655],[139.0541846,36.0320625],[139.0541835,36.0320605],[139.0541821,36.0320573],[139.0541808,36.0320542],[139.0541797,36.0320509],[139.0541789,36.0320477],[139.0541783,36.0320443],[139.0541779,36.032041],[139.0541778,36.0320376],[139.0541778,36.0320343],[139.0541752,36.0320166],[139.054175,36.0320154],[139.0541708,36.0319964],[139.0541693,36.0319918],[139.0541606,36.0319672],[139.0541584,36.0319618],[139.0541476,36.0319379],[139.0541336,36.0319113],[139.0541147,36.0318792],[139.0541144,36.0318775],[139.0541125,36.031866],[139.0541114,36.0318544],[139.0541111,36.0318465],[139.0541113,36.0318349],[139.0541123,36.0318233],[139.0541124,36.0318224],[139.0541128,36.0318192],[139.0541129,36.031816],[139.0541128,36.0318127],[139.0541125,36.0318096],[139.054112,36.0318063],[139.0541113,36.0318032],[139.0541112,36.0318028],[139.0541102,36.0317996],[139.054109,36.0317966],[139.0541076,36.0317936],[139.0541061,36.0317906],[139.0541042,36.0317877],[139.0541023,36.031785],[139.0541002,36.0317823],[139.0540982,36.03178],[139.054096,36.0317772],[139.054094,36.0317743],[139.0540922,36.0317713],[139.0540905,36.0317682],[139.0540892,36.0317651],[139.054088,36.0317619],[139.0540871,36.0317587],[139.0540863,36.0317554],[139.0540858,36.0317522],[139.0540857,36.0317513],[139.0540855,36.031748],[139.0540854,36.0317447],[139.0540857,36.0317413],[139.0540861,36.031738],[139.0540868,36.0317348],[139.0540876,36.0317315],[139.0540887,36.0317283],[139.05409,36.0317251],[139.0540915,36.0317221],[139.0540932,36.0317191],[139.0540963,36.0317097],[139.0541052,36.0316864],[139.0541065,36.0316834],[139.054117,36.0316606],[139.0541179,36.0316593],[139.0541334,36.0316347],[139.0541471,36.0316094],[139.0541493,36.0315949],[139.0541508,36.0315759],[139.0541511,36.0315645],[139.0541506,36.0315454],[139.0541501,36.0315435],[139.0541448,36.0315271],[139.0541383,36.0315111],[139.0541381,36.0315107],[139.0541306,36.031495],[139.054122,36.0314795],[139.0541173,36.0314718],[139.0541013,36.0314481],[139.0540947,36.0314389],[139.0540765,36.0314163],[139.0540761,36.0314154],[139.0540741,36.0314093],[139.0540726,36.0314032],[139.0540713,36.031397],[139.0540706,36.0313907],[139.0540703,36.0313855],[139.0540703,36.0313792],[139.0540708,36.031373],[139.0540716,36.0313668],[139.0540729,36.0313606],[139.0540776,36.0313314],[139.0540855,36.0312959],[139.0540823,36.0312935],[139.0540784,36.0312907],[139.0540757,36.031289],[139.0540715,36.0312866],[139.0540672,36.0312844],[139.0540627,36.0312823],[139.0540506,36.0312803],[139.0540372,36.0312777],[139.054017,36.0312737],[139.0539944,36.0312694],[139.0539723,36.0312669],[139.0539345,36.0312638],[139.0539334,36.0312633],[139.0539323,36.0312629],[139.0539312,36.0312627],[139.05393,36.0312625],[139.0539289,36.0312623],[139.0539276,36.0312621],[139.0539264,36.0312621],[139.0539253,36.031262],[139.0539241,36.0312621],[139.0539229,36.0312622],[139.0539218,36.0312622],[139.0539205,36.0312624],[139.0539194,36.0312627],[139.0539183,36.0312629],[139.0539172,36.0312633],[139.0539161,36.0312636],[139.053915,36.0312641],[139.0539138,36.0312647],[139.0539127,36.0312652],[139.0539118,36.0312658],[139.0539108,36.0312664],[139.0539101,36.031267],[139.0539092,36.0312677],[139.0539084,36.0312684],[139.0539077,36.0312693],[139.053907,36.0312701],[139.0539064,36.0312709],[139.0539058,36.0312717],[139.0539053,36.0312726],[139.0539049,36.0312735],[139.0539044,36.0312744],[139.0539042,36.0312753],[139.0539039,36.0312763],[139.0539037,36.0312772],[139.0539035,36.0312781],[139.053901,36.0312831],[139.0538979,36.03129],[139.0538975,36.0312912],[139.0538949,36.0312982],[139.0538928,36.0313054],[139.0538924,36.0313061],[139.0538909,36.031308],[139.0538894,36.0313099],[139.0538878,36.0313117],[139.053886,36.0313134],[139.053884,36.031315],[139.053882,36.0313166],[139.0538799,36.031318],[139.0538781,36.0313191],[139.0538758,36.0313203],[139.0538734,36.0313216],[139.053871,36.0313226],[139.0538686,36.0313235],[139.053866,36.0313244],[139.0538633,36.0313251],[139.0538606,36.0313257],[139.053858,36.0313263],[139.0538553,36.0313266],[139.0538525,36.0313268],[139.0538456,36.0313281],[139.0538365,36.0313293],[139.0538274,36.0313301],[139.0538183,36.0313305],[139.0538091,36.0313304],[139.0537999,36.03133],[139.0537916,36.0313289],[139.0537777,36.0313275],[139.0537694,36.031327],[139.0537555,36.0313266],[139.0537546,36.0313268],[139.0537513,36.0313271],[139.0537482,36.0313273],[139.053745,36.0313273],[139.0537418,36.0313273],[139.0537387,36.031327],[139.0537355,36.0313267],[139.0537324,36.0313262],[139.0537293,36.0313256],[139.0537262,36.0313248],[139.0537232,36.0313239],[139.0537203,36.0313228],[139.0537198,36.0313226],[139.0537169,36.0313215],[139.0537142,36.0313202],[139.0537115,36.0313187],[139.0537089,36.0313172],[139.0537065,36.0313156],[139.0537042,36.0313138],[139.0537008,36.0313123],[139.0536972,36.0313104],[139.0536938,36.0313085],[139.0536906,36.0313064],[139.0536874,36.0313041],[139.0536844,36.0313018],[139.0536826,36.0313001],[139.05368,36.0312975],[139.0536774,36.0312949],[139.0536751,36.031292],[139.0536729,36.0312891],[139.053671,36.0312861],[139.0536677,36.0312795],[139.0536627,36.0312708],[139.0536584,36.0312643],[139.0536524,36.0312561],[139.0536458,36.0312481],[139.0536449,36.0312468],[139.0536429,36.0312442],[139.0536406,36.0312417],[139.053638,36.0312393],[139.0536355,36.0312369],[139.0536326,36.0312348],[139.0536298,36.0312328],[139.053627,36.0312309],[139.0536238,36.0312292],[139.0536206,36.0312275],[139.0536172,36.031226],[139.0536138,36.0312246],[139.0536101,36.0312234],[139.0536064,36.0312223],[139.0536028,36.0312215],[139.0536023,36.0312212],[139.0536005,36.0312202],[139.0535987,36.0312191],[139.0535971,36.0312179],[139.0535954,36.0312167],[139.053594,36.0312154],[139.0535926,36.031214],[139.0535912,36.0312127],[139.05359,36.0312112],[139.0535888,36.0312097],[139.0535878,36.0312081],[139.0535874,36.0312073],[139.0535865,36.0312056],[139.0535858,36.031204],[139.0535851,36.0312023],[139.0535847,36.0312006],[139.0535843,36.0311987],[139.053584,36.031197],[139.0535839,36.0311952],[139.0535838,36.0311934],[139.0535839,36.0311917],[139.053584,36.0311899],[139.0535846,36.0311879],[139.0535851,36.0311856],[139.0535854,36.0311832],[139.0535856,36.0311807],[139.0535856,36.0311783],[139.0535854,36.0311759],[139.0535851,36.0311735],[139.0535845,36.0311712],[139.0535839,36.0311688],[139.0535832,36.0311665],[139.0535822,36.0311643],[139.0535811,36.031162],[139.0535798,36.0311599],[139.0535785,36.0311577],[139.0535768,36.0311556],[139.0535762,36.0311551],[139.0535752,36.0311542],[139.0535743,36.0311533],[139.0535734,36.0311523],[139.0535727,36.0311514],[139.053572,36.0311504],[139.0535713,36.0311494],[139.0535708,36.0311483],[139.0535703,36.0311472],[139.0535698,36.0311461],[139.0535696,36.0311453],[139.0535693,36.0311442],[139.0535691,36.031143],[139.053569,36.0311419],[139.0535689,36.0311408],[139.0535689,36.0311396],[139.053569,36.0311385],[139.0535691,36.0311373],[139.053569,36.0311367],[139.0535688,36.0311359],[139.0535687,36.0311351],[139.0535686,36.0311343],[139.0535686,36.0311335],[139.0535686,36.0311326],[139.0535687,36.0311318],[139.0535689,36.031131],[139.0535691,36.0311302],[139.0535693,36.0311293],[139.0535696,36.0311285],[139.05357,36.0311277],[139.0535703,36.031127],[139.0535709,36.0311263],[139.0535713,36.0311255],[139.0535719,36.0311248],[139.0535726,36.0311241],[139.0535731,36.0311235],[139.0535739,36.0311229],[139.0535746,36.0311223],[139.0535754,36.0311217],[139.0535757,36.0311216],[139.0535766,36.031121],[139.0535774,36.0311206],[139.0535783,36.0311201],[139.0535793,36.0311198],[139.0535802,36.0311194],[139.0535812,36.0311191],[139.0535822,36.0311189],[139.0535831,36.0311186],[139.0535842,36.0311184],[139.0535852,36.0311184],[139.0535862,36.0311183],[139.0535872,36.0311183],[139.0535882,36.0311183],[139.0535893,36.0311183],[139.0535903,36.0311184],[139.0535913,36.0311186],[139.0535923,36.0311188],[139.0535933,36.031119],[139.0535943,36.0311193],[139.0535952,36.0311196],[139.053598,36.0311211],[139.0536023,36.0311239],[139.0536066,36.0311268],[139.0536075,36.0311274],[139.0536115,36.0311305],[139.0536152,36.0311339],[139.0536187,36.0311372],[139.05362,36.0311394],[139.053623,36.0311441],[139.0536263,36.0311486],[139.0536299,36.0311531],[139.0536329,36.0311563],[139.0536369,36.0311604],[139.0536413,36.0311644],[139.0536459,36.0311681],[139.0536473,36.0311694],[139.0536529,36.0311745],[139.0536588,36.0311793],[139.0536651,36.031184],[139.0536717,36.0311882],[139.0536785,36.0311922],[139.0536826,36.0311943],[139.0536898,36.0311979],[139.0536973,36.031201],[139.0537049,36.0312039],[139.0537128,36.0312064],[139.0537135,36.0312065],[139.0537169,36.0312074],[139.0537204,36.0312081],[139.053724,36.0312086],[139.0537275,36.031209],[139.0537311,36.0312092],[139.0537347,36.0312092],[139.0537383,36.031209],[139.0537418,36.0312088],[139.0537454,36.0312084],[139.0537477,36.031208],[139.0537512,36.0312073],[139.0537546,36.0312064],[139.053758,36.0312055],[139.0537613,36.0312043],[139.0537645,36.031203],[139.0537677,36.0312015],[139.053776,36.0311961],[139.053784,36.0311904],[139.0537911,36.0311846],[139.0537982,36.0311783],[139.0538049,36.0311716],[139.0538058,36.0311707],[139.0538108,36.0311658],[139.0538156,36.0311605],[139.0538199,36.0311551],[139.0538239,36.0311496],[139.0538275,36.0311438],[139.0538292,36.0311407],[139.0538322,36.0311347],[139.0538347,36.0311285],[139.0538369,36.0311223],[139.0538369,36.0311206],[139.0538367,36.0311177],[139.0538364,36.0311146],[139.0538359,36.0311116],[139.053835,36.0311087],[139.0538341,36.0311057],[139.0538334,36.0311039],[139.0538321,36.031101],[139.0538307,36.0310983],[139.053829,36.0310956],[139.0538272,36.031093],[139.0538251,36.0310904],[139.0538229,36.031088],[139.0538206,36.0310857],[139.0538163,36.0310769],[139.0538119,36.0310668],[139.0538083,36.0310566],[139.0538069,36.0310521],[139.0538043,36.0310416],[139.053805,36.0310389],[139.0538058,36.0310363],[139.0538068,36.0310339],[139.0538079,36.0310315],[139.0538094,36.031029],[139.0538109,36.0310265],[139.0538126,36.0310243],[139.0538144,36.0310221],[139.0538164,36.03102],[139.0538184,36.031018],[139.0538206,36.0310161],[139.053823,36.0310143],[139.0538256,36.0310125],[139.0538309,36.0310075],[139.0538359,36.0310023],[139.0538405,36.0309969],[139.0538446,36.0309914],[139.0538456,36.0309898],[139.0538494,36.0309841],[139.0538528,36.0309781],[139.0538557,36.030972],[139.0538561,36.0309644],[139.0538563,36.0309421],[139.0538563,36.0309408],[139.053855,36.0309185],[139.0538933,36.0309136],[139.0539209,36.0309097],[139.0539241,36.0309146],[139.0539414,36.0309397],[139.0539425,36.0309413],[139.0539617,36.0309655],[139.0539812,36.0310135],[139.0539942,36.0310458],[139.0539952,36.0310491],[139.0539973,36.0310574],[139.0539989,36.0310658],[139.0539998,36.0310743],[139.0540003,36.031081],[139.0540002,36.0310895],[139.0539996,36.0310981],[139.0539985,36.0311065],[139.0539968,36.0311149],[139.0539825,36.0311251],[139.0539783,36.0311283],[139.0539649,36.0311393],[139.0539635,36.0311412],[139.0539622,36.0311435],[139.0539611,36.0311459],[139.05396,36.0311483],[139.0539591,36.0311507],[139.0539583,36.0311531],[139.0539579,36.0311557],[139.0539576,36.0311565],[139.0539574,36.031159],[139.0539571,36.0311615],[139.0539572,36.031164],[139.0539574,36.0311666],[139.0539577,36.0311691],[139.0539583,36.0311716],[139.0539589,36.031174],[139.0539598,36.0311765],[139.0539609,36.0311789],[139.0539619,36.0311813],[139.0539634,36.0311836],[139.0539648,36.0311858],[139.0539664,36.0311879],[139.0539682,36.03119],[139.0539701,36.0311921],[139.0539721,36.031194],[139.0539798,36.0312005],[139.05399,36.0312083],[139.0539965,36.0312129],[139.0540073,36.03122],[139.0540186,36.0312265],[139.0540215,36.0312274],[139.0540286,36.0312296],[139.0540485,36.0312349],[139.0540523,36.0312358],[139.054068,36.031239],[139.0540802,36.0312409],[139.0540963,36.0312428],[139.0540993,36.0312425],[139.0541069,36.0312414],[139.0541145,36.03124],[139.0541219,36.0312382],[139.0541293,36.0312361],[139.0541297,36.031236],[139.054137,36.0312335],[139.054144,36.0312308],[139.0541508,36.0312278],[139.0541542,36.0312266],[139.0541576,36.0312254],[139.0541609,36.0312239],[139.054164,36.0312224],[139.0541672,36.0312207],[139.0541701,36.0312188],[139.0541729,36.0312168],[139.0541756,36.0312147],[139.0541782,36.0312124],[139.0541806,36.0312101],[139.0541828,36.0312077],[139.0541848,36.0312052],[139.0541868,36.0312026],[139.0541884,36.0311999],[139.0541899,36.0311972],[139.0541947,36.0311981],[139.0542124,36.0312024],[139.0542237,36.0312055],[139.0542408,36.0312111],[139.0542406,36.0312191],[139.0542409,36.0312286],[139.0542411,36.0312311],[139.0542422,36.0312405],[139.0542479,36.0312585],[139.0542574,36.0312893],[139.0542585,36.0312925],[139.0542595,36.0312955],[139.0542602,36.0312987],[139.0542607,36.0313018],[139.054261,36.031305],[139.0542611,36.0313083],[139.0542609,36.0313114],[139.0542606,36.0313143],[139.0542601,36.0313174],[139.0542593,36.0313206],[139.0542582,36.0313236],[139.0542571,36.0313267],[139.0542557,36.0313297],[139.0542542,36.0313326],[139.0542524,36.0313355],[139.0542509,36.0313398],[139.0542493,36.0313456],[139.0542481,36.0313513],[139.0542479,36.0313525],[139.0542471,36.0313584],[139.0542468,36.0313642],[139.0542468,36.0313701],[139.0542473,36.0313759],[139.0542481,36.0313778],[139.0542496,36.0313811],[139.0542513,36.0313843],[139.0542533,36.0313874],[139.0542555,36.0313905],[139.0542579,36.0313936],[139.0542606,36.0313965],[139.0542634,36.0313992],[139.0542664,36.0314018],[139.0542694,36.0314043],[139.0542726,36.0314066],[139.0542762,36.0314087],[139.0542797,36.0314107],[139.0542833,36.0314126],[139.054284,36.0314131],[139.0542856,36.0314145],[139.0542875,36.0314158],[139.0542893,36.031417],[139.0542913,36.0314181],[139.0542933,36.0314192],[139.0542953,36.0314201],[139.0542976,36.031421],[139.0542997,36.0314218],[139.054302,36.0314224],[139.0543042,36.031423],[139.0543065,36.0314235],[139.054309,36.0314238],[139.0543114,36.0314241],[139.0543137,36.0314243],[139.0543162,36.0314243],[139.0543185,36.0314243],[139.054321,36.0314241],[139.0543233,36.0314238],[139.0543256,36.0314234],[139.0543279,36.031423],[139.0543303,36.0314223],[139.0543325,36.0314216],[139.0543346,36.0314208],[139.0543374,36.0314206],[139.0543407,36.0314203],[139.054344,36.0314203],[139.0543473,36.0314204],[139.0543505,36.0314206],[139.0543538,36.031421],[139.054357,36.0314215],[139.0543579,36.0314216],[139.054361,36.0314224],[139.0543641,36.0314232],[139.0543672,36.0314241],[139.0543702,36.0314252],[139.0543731,36.0314265],[139.054376,36.0314279],[139.0543786,36.0314293],[139.0543812,36.031431],[139.0543996,36.0314412],[139.0544138,36.0314483],[139.0544158,36.0314491],[139.0544177,36.0314498],[139.0544197,36.0314503],[139.0544217,36.0314508],[139.0544238,36.0314512],[139.0544258,36.0314514],[139.0544279,36.0314516],[139.05443,36.0314518],[139.0544321,36.0314519],[139.0544329,36.0314518],[139.0544349,36.0314517],[139.054437,36.0314514],[139.0544391,36.0314512],[139.0544411,36.0314508],[139.0544431,36.0314503],[139.0544451,36.0314498],[139.054447,36.0314491],[139.054449,36.0314483],[139.0544541,36.0314442],[139.0544589,36.0314401],[139.0544634,36.0314358],[139.0544676,36.0314313],[139.0544697,36.0314288],[139.0544734,36.0314241],[139.0544768,36.0314191],[139.0544798,36.031414],[139.05448,36.0314132],[139.0544801,36.0314124],[139.0544803,36.0314116],[139.0544806,36.0314109],[139.054481,36.0314101],[139.0544813,36.0314093],[139.0544818,36.0314087],[139.0544822,36.0314079],[139.0544828,36.0314072],[139.0544833,36.0314066],[139.0544839,36.0314059],[139.0544846,36.0314053],[139.0544854,36.0314047],[139.0544862,36.0314041],[139.0544869,36.0314035],[139.0544878,36.0314031],[139.0544886,36.0314026],[139.0544895,36.0314023],[139.0544904,36.0314019],[139.0544913,36.0314016],[139.0544923,36.0314013],[139.0544932,36.031401],[139.0544957,36.0314005],[139.0545056,36.0313981],[139.0545126,36.0313961],[139.0545223,36.031393],[139.0545399,36.0313783],[139.0545586,36.0313615],[139.0545596,36.0313606],[139.0545622,36.0313579],[139.0545646,36.031355],[139.0545669,36.0313521],[139.0545689,36.0313491],[139.0545707,36.031346],[139.0545724,36.0313428],[139.0545738,36.0313396],[139.0545748,36.0313369],[139.0545758,36.0313335],[139.0545766,36.0313301],[139.0545771,36.0313267],[139.0545775,36.0313233],[139.0545775,36.0313199],[139.0545774,36.0313171],[139.054577,36.0313135],[139.0545763,36.03131],[139.0545754,36.0313066],[139.0545743,36.0313032],[139.0545729,36.0312997],[139.0545727,36.0312992],[139.0545711,36.0312959],[139.0545692,36.0312927],[139.0545673,36.0312895],[139.054565,36.0312865],[139.0545626,36.0312835],[139.0545599,36.0312807],[139.0545584,36.0312795],[139.0545568,36.0312782],[139.0545554,36.0312767],[139.0545541,36.0312752],[139.0545528,36.0312736],[139.0545517,36.031272],[139.0545507,36.0312703],[139.0545497,36.0312686],[139.054549,36.0312669],[139.0545484,36.0312656],[139.0545479,36.0312638],[139.0545474,36.0312619],[139.054547,36.0312601],[139.0545468,36.0312582],[139.0545467,36.0312564],[139.0545468,36.0312545],[139.0545469,36.0312526],[139.0545472,36.0312508],[139.0545476,36.0312489],[139.0545482,36.0312471],[139.0545485,36.0312458],[139.054549,36.0312438],[139.0545493,36.0312418],[139.0545496,36.0312398],[139.0545496,36.0312377],[139.0545495,36.0312358],[139.0545493,36.0312338],[139.054549,36.0312318],[139.0545485,36.0312298],[139.0545479,36.0312278],[139.0545475,36.0312266],[139.0545466,36.0312246],[139.0545456,36.0312228],[139.0545445,36.0312209],[139.0545434,36.0312192],[139.0545421,36.0312175],[139.0545416,36.0312171],[139.0545397,36.0312154],[139.0545378,36.031214],[139.0545357,36.0312126],[139.0545336,36.0312113],[139.0545314,36.03121],[139.0545309,36.0312098],[139.0545286,36.0312087],[139.0545261,36.0312077],[139.0545237,36.0312068],[139.0545213,36.0312061],[139.0545187,36.0312055],[139.0545162,36.0312049],[139.0545136,36.0312044],[139.054511,36.0312041],[139.0545094,36.0312039],[139.0545078,36.0312035],[139.0545061,36.0312031],[139.0545045,36.0312026],[139.054503,36.031202],[139.0545015,36.0312014],[139.0544999,36.0312007],[139.0544986,36.0311998],[139.0544972,36.031199],[139.0544958,36.0311981],[139.0544946,36.0311971],[139.0544934,36.0311961],[139.0544923,36.031195],[139.0544913,36.0311939],[139.0544909,36.0311935],[139.05449,36.0311923],[139.0544891,36.0311911],[139.0544884,36.0311898],[139.0544877,36.0311886],[139.0544871,36.0311872],[139.0544865,36.031186],[139.0544862,36.0311846],[139.0544858,36.0311832],[139.0544856,36.0311818],[139.0544855,36.0311805],[139.0544846,36.0311789],[139.0544817,36.0311746],[139.0544786,36.0311703],[139.0544751,36.0311662],[139.0544743,36.0311653],[139.0544704,36.0311613],[139.0544665,36.0311576],[139.0544622,36.0311541],[139.0544594,36.0311532],[139.0544559,36.0311521],[139.0544521,36.0311511],[139.0544484,36.0311504],[139.0544446,36.0311498],[139.0544433,36.0311496],[139.0544395,36.0311493],[139.0544356,36.0311491],[139.0544317,36.0311491],[139.0544278,36.0311492],[139.0544241,36.0311496],[139.054423,36.0311492],[139.054419,36.0311479],[139.0544151,36.0311463],[139.0544114,36.0311446],[139.0544077,36.0311427],[139.0544071,36.0311424],[139.0544035,36.0311403],[139.0544002,36.0311381],[139.054397,36.0311357],[139.0543939,36.0311332],[139.0543911,36.0311305],[139.0543884,36.0311278],[139.0543882,36.0311275],[139.0543876,36.0311266],[139.0543869,36.0311256],[139.0543862,36.0311248],[139.0543855,36.031124],[139.0543846,36.0311232],[139.0543837,36.0311225],[139.0543828,36.0311218],[139.0543818,36.0311211],[139.0543809,36.0311206],[139.0543801,36.0311201],[139.054379,36.0311197],[139.0543779,36.0311191],[139.0543767,36.0311187],[139.0543756,36.0311184],[139.0543743,36.031118],[139.0543731,36.0311177],[139.0543719,36.0311175],[139.0543707,36.0311173],[139.0543694,36.0311173],[139.0543686,36.0311173],[139.054364,36.0311177],[139.0543595,36.0311185],[139.0543549,36.0311193],[139.0543505,36.0311203],[139.0543461,36.0311216],[139.0543419,36.031123],[139.0543375,36.0311247],[139.0543341,36.0311258],[139.0543309,36.031127],[139.0543277,36.0311283],[139.0543247,36.0311298],[139.0543218,36.0311314],[139.054319,36.0311332],[139.0543178,36.031134],[139.0543151,36.0311359],[139.0543127,36.031138],[139.0543103,36.0311401],[139.0543081,36.0311424],[139.0543061,36.0311447],[139.0543041,36.0311471],[139.0543024,36.0311496],[139.0543009,36.0311522],[139.0543008,36.0311526],[139.0543005,36.0311537],[139.0543001,36.0311548],[139.0542997,36.0311559],[139.0542992,36.031157],[139.0542986,36.031158],[139.0542979,36.031159],[139.0542972,36.0311599],[139.0542963,36.0311609],[139.0542956,36.0311618],[139.0542947,36.0311627],[139.0542937,36.0311635],[139.0542927,36.0311643],[139.0542919,36.0311649],[139.0542909,36.0311656],[139.0542896,36.0311662],[139.0542884,36.0311668],[139.0542872,36.0311674],[139.054286,36.0311679],[139.0542846,36.0311683],[139.0542833,36.0311687],[139.054282,36.031169],[139.0542806,36.0311693],[139.0542792,36.0311695],[139.0542778,36.0311696],[139.0542764,36.0311697],[139.054275,36.0311697],[139.0542724,36.031171],[139.0542685,36.0311729],[139.0542649,36.0311752],[139.0542646,36.0311753],[139.054261,36.0311776],[139.0542577,36.0311801],[139.0542545,36.0311827],[139.054223,36.0311744],[139.0541953,36.0311671],[139.054196,36.0311645],[139.0541968,36.0311598],[139.0541974,36.031155],[139.0541976,36.031152],[139.0541976,36.0311472],[139.0541973,36.0311424],[139.0541968,36.0311377],[139.0541959,36.031133],[139.0541951,36.0311311],[139.0541945,36.0311289],[139.0541939,36.0311266],[139.0541935,36.0311244],[139.0541932,36.0311221],[139.0541931,36.0311199],[139.0541932,36.0311176],[139.0541934,36.0311154],[139.0541937,36.0311131],[139.0541943,36.031111],[139.0541947,36.0311094],[139.0541955,36.0311073],[139.0541964,36.0311051],[139.0541974,36.0311031],[139.0541986,36.031101],[139.0541999,36.031099],[139.0542013,36.0310971],[139.0542029,36.0310953],[139.0542058,36.0310929],[139.054209,36.03109],[139.054212,36.0310869],[139.0542148,36.0310837],[139.0542172,36.0310804],[139.054218,36.0310793],[139.0542203,36.0310759],[139.0542223,36.0310723],[139.0542241,36.0310687],[139.0542243,36.0310672],[139.0542245,36.0310618],[139.0542244,36.0310563],[139.0542239,36.0310509],[139.054223,36.0310455],[139.0542218,36.0310401],[139.0542205,36.0310356],[139.0542186,36.0310304],[139.0542163,36.0310252],[139.0542138,36.0310202],[139.0542109,36.0310153],[139.0542106,36.031015],[139.0542075,36.0310121],[139.0542042,36.0310093],[139.0542007,36.0310066],[139.0541969,36.0310042],[139.0541931,36.0310019],[139.0541891,36.0309998],[139.054185,36.0309979],[139.0541828,36.0309969],[139.0541785,36.0309952],[139.0541741,36.0309938],[139.0541696,36.0309926],[139.054165,36.0309914],[139.0541603,36.0309906],[139.0541557,36.0309899],[139.0541509,36.0309895],[139.0541461,36.0309892],[139.0541444,36.0309894],[139.0541415,36.0309897],[139.0541386,36.0309898],[139.0541357,36.0309896],[139.0541329,36.0309895],[139.05413,36.0309891],[139.0541273,36.0309888],[139.0541245,36.0309882],[139.0541217,36.0309875],[139.0541191,36.0309867],[139.0541164,36.0309858],[139.0541139,36.0309847],[139.0541113,36.0309836],[139.054109,36.0309823],[139.0541067,36.030981],[139.0541055,36.0309802],[139.0541033,36.0309787],[139.0541013,36.0309771],[139.0540993,36.0309754],[139.0540975,36.0309737],[139.0540957,36.0309718],[139.0540942,36.0309699],[139.0540927,36.0309679],[139.0540913,36.0309658],[139.0540852,36.0309417],[139.0540802,36.0309179],[139.0540799,36.0309172],[139.0540795,36.0309154],[139.0540792,36.0309136],[139.0540791,36.0309118],[139.054079,36.0309101],[139.0540791,36.0309083],[139.0540793,36.0309065],[139.0540796,36.0309048],[139.0540801,36.0309031],[139.0540805,36.0309014],[139.0540812,36.0308997],[139.054082,36.030898],[139.0540829,36.0308963],[139.0540839,36.0308948],[139.054085,36.0308931],[139.0540863,36.0308917],[139.0540875,36.0308903],[139.054089,36.0308889],[139.0540904,36.0308876],[139.054092,36.0308864],[139.0540937,36.0308853],[139.0540954,36.0308841],[139.0540971,36.0308831],[139.054099,36.0308822],[139.0541037,36.0308797],[139.0541138,36.0308739],[139.0541187,36.0308708],[139.0541281,36.0308644],[139.0541288,36.0308637],[139.0541306,36.030862],[139.0541323,36.0308603],[139.0541338,36.0308584],[139.0541352,36.0308565],[139.0541365,36.0308545],[139.0541376,36.0308526],[139.0541386,36.0308505],[139.0541394,36.0308484],[139.0541399,36.0308473],[139.0541405,36.0308451],[139.054141,36.0308429],[139.0541414,36.0308408],[139.0541415,36.0308385],[139.0541416,36.0308364],[139.0541416,36.0308341],[139.0541412,36.0308319],[139.0541409,36.0308298],[139.0541404,36.0308276],[139.0541396,36.0308254],[139.0541396,36.030825],[139.0541396,36.0308217],[139.0541396,36.0308184],[139.05414,36.0308152],[139.0541405,36.0308119],[139.0541412,36.0308087],[139.0541423,36.0308055],[139.0541434,36.0308023],[139.0541442,36.0308005],[139.0541458,36.0307975],[139.0541475,36.0307944],[139.0541494,36.0307915],[139.0541516,36.0307887],[139.0541539,36.0307861],[139.0541546,36.0307853],[139.0541583,36.0307823],[139.0541622,36.0307794],[139.0541663,36.0307767],[139.0541706,36.0307741],[139.054175,36.0307718],[139.0541796,36.0307697],[139.0541843,36.0307677],[139.0541873,36.0307666],[139.0541922,36.030765],[139.0541972,36.0307636],[139.0542023,36.0307625],[139.0542074,36.0307616],[139.0542151,36.0307611],[139.0542322,36.0307604],[139.0542394,36.0307605],[139.0542566,36.030761],[139.0542736,36.0307621],[139.0542779,36.0307627],[139.0542966,36.0307647],[139.0543153,36.0307659],[139.054318,36.030766],[139.0543368,36.0307662],[139.0543557,36.0307657],[139.054358,36.0307656],[139.0543786,36.0307648],[139.054399,36.0307649],[139.0544172,36.0307659],[139.0544375,36.0307678],[139.0544409,36.0307678],[139.0544548,36.0307679],[139.0544687,36.0307673],[139.0544824,36.0307661],[139.0544853,36.0307658],[139.054499,36.0307639],[139.0545124,36.0307613],[139.0545134,36.0307608],[139.0545182,36.0307587],[139.0545231,36.0307568],[139.0545282,36.0307551],[139.0545333,36.0307536],[139.0545385,36.0307524],[139.0545395,36.0307522],[139.0545448,36.0307513],[139.0545502,36.0307506],[139.0545556,36.0307501],[139.054561,36.0307499],[139.0545836,36.0307487],[139.054642,36.030746],[139.0547126,36.0307453],[139.0547503,36.0307452],[139.0547886,36.0307497],[139.0548519,36.0307594],[139.0548529,36.0307595],[139.0548577,36.0307603],[139.0548624,36.0307612],[139.0548671,36.0307623],[139.0548716,36.0307636],[139.0548761,36.0307652],[139.0548804,36.0307669],[139.0548846,36.0307688],[139.0548873,36.0307701],[139.0548914,36.0307723],[139.0548951,36.0307746],[139.0548989,36.0307773],[139.0549024,36.0307799],[139.0549072,36.0307843],[139.0549128,36.0307887],[139.0549188,36.030793],[139.054925,36.0307969],[139.0549273,36.0307984],[139.0549338,36.0308019],[139.0549406,36.0308052],[139.0549477,36.0308082],[139.0549524,36.0308095],[139.0549568,36.0308106],[139.0549616,36.0308116],[139.0549663,36.0308123],[139.054971,36.0308128],[139.0549758,36.0308131],[139.0549804,36.0308132],[139.0549852,36.0308131],[139.0549898,36.0308128],[139.0549908,36.0308131],[139.0549932,36.0308141],[139.0549954,36.0308152],[139.0549976,36.0308164],[139.0549997,36.0308177],[139.0550017,36.0308191],[139.0550035,36.0308205],[139.0550054,36.0308221],[139.055007,36.0308237],[139.0550087,36.0308254],[139.0550101,36.0308271],[139.0550113,36.0308288],[139.0550125,36.0308306],[139.0550136,36.0308326],[139.0550146,36.0308345],[139.0550155,36.0308365],[139.0550162,36.0308385],[139.0550167,36.0308406],[139.0550172,36.0308428],[139.0550175,36.0308449],[139.055018,36.030848],[139.0550187,36.0308537],[139.0550191,36.0308594],[139.0550191,36.0308651],[139.0550187,36.0308703],[139.055018,36.0308759],[139.0550168,36.0308816],[139.0550152,36.0308872],[139.0550134,36.0308928],[139.0550111,36.0308982],[139.0550079,36.0309045],[139.0550028,36.0309166],[139.0549986,36.0309287],[139.0549957,36.0309385],[139.0549929,36.0309509],[139.0549909,36.0309636],[139.0549898,36.0309763],[139.0549888,36.0309918],[139.0549885,36.0310184],[139.0549889,36.0310312],[139.0549912,36.0310578],[139.0550107,36.0310976],[139.0550246,36.0311237],[139.0550472,36.0311491],[139.0550793,36.0311876],[139.0550941,36.0312057],[139.055119,36.0312334],[139.0551279,36.0312426],[139.0551552,36.0312688],[139.0551627,36.0312753],[139.0551731,36.0312851],[139.0551828,36.0312954],[139.0551918,36.0313061],[139.0552001,36.0313172],[139.0552047,36.0313241],[139.0552117,36.0313357],[139.055218,36.0313477],[139.0552409,36.0313782],[139.0552652,36.0314075],[139.0552668,36.0314146],[139.0552704,36.0314358],[139.0552708,36.0314385],[139.0552729,36.0314597],[139.0552735,36.0314811],[139.0552755,36.0315273],[139.0552795,36.0315699],[139.05528,36.0315709],[139.0552817,36.0315753],[139.0552832,36.03158],[139.0552844,36.0315846],[139.0552852,36.0315892],[139.0552857,36.0315939],[139.055286,36.0315985],[139.0552859,36.0316032],[139.0552855,36.0316079],[139.0552853,36.0316098],[139.0552844,36.0316145],[139.0552833,36.0316191],[139.0552818,36.0316236],[139.05528,36.0316281],[139.0552779,36.0316325],[139.0552756,36.0316368],[139.0552748,36.0316381],[139.0552695,36.031647],[139.0552635,36.0316556],[139.055257,36.0316641],[139.0552499,36.0316721],[139.0552423,36.0316798],[139.0552342,36.0316872],[139.0552338,36.0316875],[139.0552283,36.0316916],[139.055223,36.0316959],[139.0552181,36.0317005],[139.0552134,36.0317052],[139.0552131,36.0317058],[139.0552088,36.0317107],[139.0552049,36.0317159],[139.0552013,36.0317212],[139.0551981,36.0317267],[139.0551953,36.0317323],[139.0551921,36.0317475],[139.05519,36.0317631],[139.0551887,36.0317802],[139.0551874,36.0317885],[139.055185,36.0318002],[139.0551816,36.0318118],[139.0551776,36.0318233],[139.0551758,36.0318276],[139.0551708,36.0318387],[139.055165,36.0318497],[139.0551584,36.0318603],[139.0551511,36.0318706],[139.0551503,36.0318723],[139.0551458,36.0318805],[139.0551408,36.0318885],[139.0551353,36.0318963],[139.0551292,36.0319037],[139.0551235,36.0319102],[139.0551166,36.0319171],[139.0551091,36.0319237],[139.0551013,36.03193],[139.055093,36.031936],[139.0550919,36.0319366],[139.0550789,36.0319433],[139.0550657,36.0319494],[139.0550634,36.0319504],[139.0550496,36.0319558],[139.0550355,36.0319607],[139.0550336,36.031961],[139.0550197,36.031963],[139.0550058,36.0319644],[139.0550007,36.0319647],[139.0549866,36.0319652],[139.0549725,36.0319651],[139.0549713,36.0319648],[139.0549696,36.0319644],[139.054968,36.0319641],[139.0549663,36.0319639],[139.0549648,36.0319638],[139.054963,36.0319637],[139.0549613,36.0319637],[139.0549597,36.0319638],[139.0549581,36.031964],[139.0549564,36.0319642],[139.0549548,36.0319645],[139.0549532,36.0319649],[139.0549516,36.0319654],[139.0549509,36.0319655],[139.0549494,36.0319661],[139.0549479,36.0319667],[139.0549464,36.0319674],[139.0549451,36.0319681],[139.0549437,36.0319689],[139.0549424,36.0319698],[139.0549412,36.0319707],[139.05494,36.0319717],[139.0549389,36.0319727],[139.0549379,36.0319737],[139.054934,36.0319788],[139.0549288,36.031986],[139.0549258,36.0319911],[139.0549215,36.0319987],[139.0549178,36.032003],[139.0549066,36.0320148],[139.0548947,36.0320262],[139.054892,36.0320286],[139.0548791,36.0320392],[139.0548786,36.0320398],[139.0548777,36.0320406],[139.0548767,36.0320413],[139.0548757,36.0320419],[139.0548745,36.0320425],[139.0548734,36.0320432],[139.0548723,36.0320437],[139.0548711,36.0320441],[139.0548699,36.0320446],[139.0548687,36.0320449],[139.0548674,36.0320453],[139.0548661,36.0320456],[139.0548649,36.0320457],[139.0548635,36.0320459],[139.0548622,36.032046],[139.0548609,36.032046],[139.0548595,36.032046],[139.0548582,36.0320459],[139.0548569,36.0320457],[139.0548557,36.0320455],[139.0548543,36.0320452],[139.0548531,36.0320449],[139.0548519,36.0320446],[139.0548508,36.0320442],[139.0548497,36.0320437],[139.0548485,36.0320432],[139.0548474,36.0320426],[139.0548463,36.032042],[139.0548453,36.0320413],[139.0548443,36.0320406],[139.0548434,36.0320398],[139.0548425,36.032039],[139.0548416,36.0320382],[139.0548409,36.0320374],[139.0548402,36.0320365],[139.0548396,36.0320355],[139.0548389,36.0320346],[139.0548385,36.0320336],[139.054838,36.0320325],[139.0548376,36.0320315],[139.0548373,36.0320305],[139.0548371,36.0320294],[139.0548368,36.0320283],[139.0548367,36.0320272],[139.0548361,36.0320236],[139.0548348,36.0320143],[139.054834,36.0320048],[139.054834,36.0320036],[139.054834,36.0319942],[139.0548346,36.0319846],[139.0548348,36.031982],[139.0548348,36.0319795],[139.0548347,36.0319768],[139.0548344,36.0319743],[139.0548339,36.0319717],[139.0548332,36.0319692],[139.0548324,36.0319667],[139.0548314,36.0319643],[139.0548303,36.0319619],[139.0548298,36.0319609],[139.0548283,36.0319585],[139.0548268,36.0319563],[139.0548251,36.0319541],[139.0548233,36.031952],[139.0548213,36.03195],[139.0548192,36.031948],[139.0548169,36.0319462],[139.0548146,36.0319444],[139.0548142,36.0319442],[139.0548051,36.0319378],[139.0547965,36.0319312],[139.054794,36.0319291],[139.054786,36.0319218],[139.0547785,36.0319144],[139.0547767,36.0319127],[139.0547734,36.0319096],[139.0547699,36.0319067],[139.0547662,36.0319038],[139.0547622,36.0319013],[139.0547615,36.0319009],[139.0547575,36.0318985],[139.0547532,36.0318963],[139.0547487,36.0318943],[139.0547442,36.0318924],[139.0547394,36.0318908],[139.0547347,36.0318894],[139.0547298,36.0318882],[139.054725,36.0318873],[139.0547225,36.0318867],[139.0547172,36.0318858],[139.0547119,36.031885],[139.0547066,36.0318846],[139.0547011,36.0318843],[139.0546955,36.0318844],[139.0546899,36.0318846],[139.0546846,36.0318851],[139.0546792,36.0318858],[139.0546739,36.0318868],[139.0546688,36.031888],[139.0546637,36.0318894],[139.0546601,36.0318901],[139.0546541,36.031891],[139.0546481,36.0318915],[139.054642,36.031892],[139.0546359,36.031892],[139.0546325,36.031892],[139.0546265,36.0318916],[139.0546204,36.031891],[139.0546144,36.0318902],[139.0546081,36.0318884],[139.0545996,36.0318856],[139.0545913,36.0318826],[139.0545832,36.0318791],[139.0545802,36.0318781],[139.0545757,36.0318768],[139.0545712,36.0318755],[139.0545664,36.0318745],[139.0545616,36.0318738],[139.0545569,36.0318732],[139.0545521,36.0318729],[139.0545514,36.0318728],[139.0545465,36.0318728],[139.0545417,36.0318728]]]},"properties":{"layer":"landuse","class_code":"204","class_label":"水面（河川水面、湖沼、ため池、用水路、濠、運河水面）"}},{"type":"Feature","id":"luse_41b4b29b-2c21-4ae6-837e-ce44896cf8fd","geometry":{"type":"Polygon","coordinates":[[[139.0544921,36.0329081],[139.0544882,36.0329095],[139.0544842,36.0329106],[139.0544823,36.0329113],[139.0544797,36.0329121],[139.0544771,36.0329128],[139.0544744,36.0329133],[139.0544716,36.0329137],[139.054469,36.032914],[139.0544662,36.0329142],[139.0544634,36.0329142],[139.0544615,36.0329142],[139.0544587,36.032914],[139.0544561,36.0329137],[139.0544533,36.0329133],[139.0544507,36.0329129],[139.054448,36.0329122],[139.0544469,36.0329117],[139.0544446,36.0329107],[139.0544422,36.0329099],[139.0544398,36.0329091],[139.0544374,36.0329085],[139.054435,36.0329079],[139.0544324,36.0329074],[139.0544298,36.0329071],[139.0544287,36.032907],[139.0544262,36.0329069],[139.0544236,36.0329068],[139.0544211,36.0329069],[139.0544185,36.0329071],[139.054416,36.0329073],[139.0544134,36.0329078],[139.054411,36.0329083],[139.0544084,36.0329089],[139.0544043,36.0329089],[139.0543998,36.0329087],[139.0543953,36.0329082],[139.0543908,36.0329075],[139.0543864,36.0329067],[139.0543854,36.0329065],[139.0543809,36.0329054],[139.0543767,36.0329041],[139.0543725,36.0329026],[139.0543684,36.032901],[139.0543645,36.0328991],[139.0543541,36.0328929],[139.0543424,36.0328852],[139.0543404,36.0328838],[139.0543295,36.0328756],[139.0543191,36.0328668],[139.0543162,36.0328581],[139.0543138,36.0328492],[139.054312,36.0328401],[139.0543116,36.0328377],[139.0543106,36.0328286],[139.0543102,36.0328194],[139.05431,36.0328181],[139.0543096,36.0328165],[139.054309,36.0328149],[139.0543084,36.0328133],[139.0543076,36.0328118],[139.0543067,36.0328103],[139.0543059,36.0328088],[139.0543048,36.0328074],[139.0543037,36.032806],[139.0543025,36.0328047],[139.0543015,36.0328038],[139.0543002,36.0328026],[139.0542987,36.0328015],[139.0542972,36.0328004],[139.0542955,36.0327993],[139.0542939,36.0327984],[139.0542921,36.0327975],[139.0542904,36.0327967],[139.0542886,36.032796],[139.0542867,36.0327954],[139.0542847,36.0327948],[139.0542828,36.0327944],[139.0542816,36.0327935],[139.0542745,36.0327885],[139.0542677,36.0327832],[139.0542613,36.0327775],[139.054261,36.0327772],[139.0542551,36.0327713],[139.0542495,36.0327651],[139.0542443,36.0327587],[139.0542396,36.032752],[139.0542227,36.0327238],[139.0542075,36.0326982],[139.0542072,36.0326978],[139.0542056,36.0326953],[139.0542042,36.0326929],[139.054203,36.0326904],[139.0542019,36.0326877],[139.0542009,36.0326851],[139.0542007,36.0326846],[139.0542,36.0326819],[139.0541995,36.0326791],[139.0541992,36.0326764],[139.054199,36.0326738],[139.054199,36.032671],[139.0541992,36.0326704],[139.0541995,36.0326668],[139.0541996,36.0326633],[139.0541995,36.0326597],[139.0541991,36.0326561],[139.0541985,36.0326525],[139.0541976,36.032649],[139.0541965,36.0326455],[139.0541951,36.0326421],[139.0541941,36.0326398],[139.0541924,36.0326365],[139.0541905,36.0326332],[139.0541884,36.0326301],[139.054186,36.0326271],[139.0541834,36.0326241],[139.0541807,36.0326213],[139.0541771,36.0326187],[139.0541718,36.0326152],[139.0541662,36.032612],[139.0541604,36.032609],[139.0541543,36.0326062],[139.0541494,36.0326042],[139.0541431,36.0326019],[139.0541367,36.0325999],[139.0541301,36.0325982],[139.0541234,36.0325968],[139.054121,36.0325963],[139.0541166,36.0325953],[139.0541121,36.0325941],[139.0541078,36.0325927],[139.0541036,36.0325911],[139.0540994,36.0325894],[139.0540955,36.0325874],[139.0540917,36.0325853],[139.0540879,36.0325829],[139.0540844,36.0325804],[139.054081,36.0325779],[139.0540778,36.0325751],[139.0540749,36.0325722],[139.0540721,36.0325692],[139.0540695,36.032566],[139.054069,36.0325651],[139.0540681,36.0325629],[139.0540672,36.0325606],[139.0540665,36.0325583],[139.054066,36.032556],[139.0540656,36.0325535],[139.0540654,36.0325512],[139.0540653,36.0325488],[139.0540653,36.0325468],[139.0540656,36.0325445],[139.054066,36.0325421],[139.0540665,36.0325397],[139.0540673,36.0325374],[139.0540681,36.0325351],[139.0540691,36.0325328],[139.0540704,36.0325307],[139.0540716,36.0325285],[139.0540731,36.0325265],[139.0540746,36.0325245],[139.0540764,36.0325225],[139.054092,36.0325011],[139.0541064,36.0324816],[139.0541074,36.0324775],[139.0541099,36.0324691],[139.0541129,36.0324608],[139.0541161,36.0324536],[139.0541201,36.0324456],[139.0541248,36.0324377],[139.054125,36.0324375],[139.0541273,36.0324351],[139.0541298,36.0324327],[139.0541324,36.0324306],[139.0541352,36.0324285],[139.0541381,36.0324266],[139.054141,36.0324248],[139.0541442,36.0324231],[139.0541475,36.0324216],[139.0541508,36.0324202],[139.0541543,36.0324189],[139.0541578,36.0324179],[139.0541625,36.0324175],[139.0541781,36.0324157],[139.0541911,36.0324138],[139.0542065,36.0324107],[139.0542099,36.0324093],[139.0542139,36.0324078],[139.054218,36.0324065],[139.0542191,36.0324062],[139.0542233,36.032405],[139.0542275,36.0324042],[139.0542319,36.0324035],[139.0542481,36.0324029],[139.0542837,36.0324009],[139.0542846,36.0324009],[139.0542861,36.0324011],[139.0542877,36.0324014],[139.0542892,36.0324018],[139.0542908,36.0324022],[139.0542922,36.0324026],[139.0542937,36.0324032],[139.0542951,36.0324037],[139.0542958,36.032404],[139.0542971,36.0324046],[139.0542984,36.0324053],[139.0542996,36.0324062],[139.0543008,36.032407],[139.0543019,36.0324079],[139.0543025,36.0324082],[139.0543052,36.0324093],[139.0543076,36.0324106],[139.05431,36.0324119],[139.0543123,36.0324134],[139.0543145,36.0324149],[139.0543167,36.0324167],[139.0543187,36.0324184],[139.0543206,36.0324202],[139.0543223,36.0324221],[139.0543239,36.0324241],[139.0543254,36.0324262],[139.0543262,36.0324274],[139.0543275,36.0324296],[139.0543286,36.0324319],[139.0543295,36.0324341],[139.0543303,36.0324364],[139.0543309,36.0324387],[139.0543315,36.0324411],[139.0543318,36.0324434],[139.0543319,36.0324459],[139.0543318,36.0324505],[139.0543312,36.0324577],[139.0543301,36.0324648],[139.0543296,36.0324671],[139.054328,36.0324741],[139.0543258,36.0324811],[139.0543232,36.0324879],[139.0543223,36.0324923],[139.0543216,36.0324973],[139.0543212,36.0325023],[139.0543213,36.0325074],[139.0543215,36.0325124],[139.0543222,36.0325174],[139.0543227,36.0325201],[139.0543239,36.032525],[139.0543254,36.0325299],[139.0543272,36.0325347],[139.0543293,36.0325395],[139.0543304,36.0325405],[139.0543341,36.0325446],[139.0543376,36.0325488],[139.0543409,36.0325532],[139.0543437,36.0325577],[139.0543455,36.0325607],[139.0543479,36.0325654],[139.0543499,36.0325702],[139.0543518,36.032575],[139.0543518,36.0325757],[139.0543524,36.0325806],[139.0543526,36.0325856],[139.0543524,36.0325906],[139.0543519,36.0325954],[139.0543518,36.0325969],[139.0543508,36.0326017],[139.0543496,36.0326066],[139.0543481,36.0326114],[139.0543462,36.0326161],[139.0543457,36.0326185],[139.0543451,36.0326223],[139.0543446,36.0326263],[139.0543446,36.0326303],[139.0543446,36.0326342],[139.0543452,36.0326382],[139.0543458,36.0326422],[139.0543464,36.032645],[139.0543476,36.0326489],[139.054349,36.0326527],[139.0543507,36.0326565],[139.0543526,36.0326601],[139.0543547,36.0326638],[139.0543569,36.0326668],[139.0543595,36.03267],[139.0543622,36.0326732],[139.0543653,36.0326762],[139.0543685,36.0326791],[139.0543719,36.0326818],[139.0543726,36.0326823],[139.0543761,36.0326848],[139.05438,36.0326872],[139.0543839,36.0326895],[139.054388,36.0326915],[139.0543922,36.0326933],[139.054393,36.0326937],[139.0543949,36.0326946],[139.0543967,36.0326955],[139.0543983,36.0326965],[139.0544,36.0326976],[139.0544015,36.0326988],[139.0544029,36.0326999],[139.0544044,36.0327013],[139.0544057,36.0327027],[139.0544068,36.032704],[139.0544079,36.0327055],[139.054409,36.032707],[139.0544098,36.0327086],[139.0544106,36.0327101],[139.0544111,36.0327114],[139.0544118,36.0327131],[139.0544122,36.0327147],[139.0544126,36.0327164],[139.0544129,36.0327181],[139.054413,36.0327198],[139.054413,36.0327215],[139.054413,36.0327233],[139.0544128,36.032725],[139.0544124,36.0327266],[139.0544121,36.0327283],[139.054412,36.0327333],[139.0544115,36.0327392],[139.0544109,36.032744],[139.0544098,36.0327499],[139.0544083,36.0327557],[139.0544075,36.0327572],[139.0544066,36.0327591],[139.0544059,36.0327611],[139.0544053,36.032763],[139.0544048,36.0327649],[139.0544046,36.0327669],[139.0544044,36.0327689],[139.0544043,36.0327709],[139.0544044,36.032773],[139.0544046,36.0327749],[139.0544049,36.0327769],[139.0544055,36.0327788],[139.0544061,36.0327808],[139.0544068,36.0327827],[139.0544073,36.0327838],[139.0544083,36.0327856],[139.0544093,36.0327874],[139.0544105,36.0327891],[139.0544118,36.0327909],[139.0544132,36.0327925],[139.0544148,36.0327941],[139.0544164,36.0327956],[139.0544181,36.032797],[139.0544199,36.0327984],[139.0544218,36.0327997],[139.0544238,36.0328008],[139.0544259,36.0328018],[139.054428,36.0328029],[139.054431,36.0328038],[139.0544514,36.0328108],[139.0544716,36.0328186],[139.0544911,36.0328273],[139.05451,36.0328369],[139.0545249,36.0328454],[139.0545259,36.0328469],[139.0545271,36.0328491],[139.054528,36.0328514],[139.0545289,36.0328535],[139.0545297,36.0328559],[139.0545303,36.0328581],[139.0545306,36.0328605],[139.0545308,36.0328614],[139.054531,36.0328637],[139.054531,36.0328661],[139.0545309,36.0328684],[139.0545306,36.0328708],[139.0545302,36.0328731],[139.0545296,36.0328754],[139.0545289,36.0328777],[139.054528,36.0328799],[139.054527,36.0328822],[139.054526,36.0328834],[139.0545237,36.0328863],[139.0545212,36.0328891],[139.0545186,36.0328918],[139.0545158,36.0328944],[139.0545127,36.0328968],[139.0545096,36.0328991],[139.0545066,36.0329011],[139.0545031,36.032903],[139.0544996,36.0329049],[139.0544959,36.0329066],[139.0544921,36.0329081]]]},"properties":{"layer":"landuse","class_code":"204","class_label":"水面（河川水面、湖沼、ため池、用水路、濠、運河水面）"}},{"type":"Feature","id":"luse_5a5a87c4-4118-48d3-a3c8-aee0879c344a","geometry":{"type":"Polygon","coordinates":[[[139.0594891,36.0261],[139.0595328,36.0261393],[139.059443,36.0261993],[139.0592825,36.0260599],[139.0591972,36.0261295],[139.0589904,36.0259486],[139.05898,36.0259395],[139.0591028,36.0258451],[139.0590595,36.0258452],[139.0590067,36.0258495],[139.0589638,36.0258533],[139.0589158,36.0258638],[139.0588671,36.025886],[139.0587952,36.0257298],[139.058799,36.0257184],[139.058808,36.0257115],[139.0588377,36.0256819],[139.0588843,36.0256471],[139.0589416,36.0256198],[139.0589642,36.0256113],[139.0589921,36.0256012],[139.0590107,36.0255909],[139.0590058,36.0255732],[139.0589542,36.0254302],[139.0589752,36.0253921],[139.0589859,36.0253725],[139.0590144,36.0253219],[139.0590409,36.0252716],[139.059051,36.0252542],[139.0590738,36.0252242],[139.0590799,36.0252173],[139.0590854,36.0252149],[139.0590919,36.0252144],[139.0590991,36.0252155],[139.0591057,36.0252178],[139.0591174,36.0252576],[139.0591397,36.0253286],[139.0591457,36.0253455],[139.0591468,36.0253488],[139.0592017,36.0254786],[139.059207,36.0254924],[139.0592334,36.0255543],[139.0592368,36.025561],[139.0590822,36.0256175],[139.0591641,36.0258422],[139.0591933,36.0258417],[139.0592271,36.025841],[139.0592543,36.0258428],[139.0592997,36.0258491],[139.0593472,36.0258641],[139.059389,36.0258759],[139.0594251,36.0258815],[139.0594597,36.0258781],[139.0594641,36.0258829],[139.0595431,36.0259685],[139.059557,36.0259836],[139.0595593,36.0259861],[139.0595608,36.0259877],[139.0594891,36.0261]]]},"properties":{"layer":"landuse","class_code":"211","class_label":"住宅用地（住宅、共同住宅、店舗等併用住宅、店舗等併用共同住宅、作業所併用住宅）"}},{"type":"Feature","id":"luse_d9b7a839-70b8-4aa5-8466-de4bf7a57e48","geometry":{"type":"Polygon","coordinates":[[[139.0607416,36.0276749],[139.0607271,36.0276761],[139.0607163,36.0276749],[139.0606906,36.0276689],[139.0606674,36.0276661],[139.0606488,36.0276671],[139.060636,36.0276664],[139.0606084,36.0276605],[139.060601,36.0276566],[139.0605757,36.0276422],[139.0605507,36.0276266],[139.0605138,36.0275983],[139.0604892,36.0275681],[139.0604572,36.0275177],[139.0604506,36.0275052],[139.0604363,36.0274865],[139.060415,36.0274808],[139.0603766,36.027425],[139.0602306,36.0272079],[139.0601377,36.0270763],[139.0601314,36.027065],[139.0601306,36.0270545],[139.0601312,36.0270394],[139.0601324,36.0270272],[139.060144,36.027004],[139.0601564,36.0269789],[139.0601712,36.0269642],[139.0601816,36.0269535],[139.0601982,36.026945],[139.0602466,36.0270177],[139.0603456,36.0271576],[139.0603656,36.0271483],[139.0603659,36.0271482],[139.0603326,36.0271013],[139.0603623,36.0270956],[139.0603972,36.0271408],[139.0604289,36.0271783],[139.0604334,36.0271762],[139.0604392,36.0271838],[139.0604351,36.0271857],[139.0605593,36.0273324],[139.0605596,36.0273374],[139.0605617,36.0273551],[139.0605699,36.0273959],[139.060575,36.0274213],[139.0605819,36.0274377],[139.0605891,36.0274495],[139.0606052,36.0274679],[139.0606233,36.0274815],[139.0606436,36.0274967],[139.0606525,36.0275021],[139.0606787,36.0275245],[139.0606875,36.0275354],[139.0606972,36.027556],[139.0607237,36.0275969],[139.0607376,36.0276138],[139.0607531,36.0276314],[139.0607581,36.0276438],[139.0607512,36.0276646],[139.0607416,36.0276749]]]},"properties":{"layer":"landuse","class_code":"211","class_label":"住宅用地（住宅、共同住宅、店舗等併用住宅、店舗等併用共同住宅、作業所併用住宅）"}},{"type":"Feature","id":"luse_701ddb37-cd64-4966-abf3-7dba16a00846","geometry":{"type":"Polygon","coordinates":[[[139.0617107,36.0281876],[139.0616697,36.0282154],[139.0616595,36.0282071],[139.061588,36.0281283],[139.0615173,36.0281634],[139.0614736,36.0281152],[139.0614384,36.0280792],[139.0613474,36.0280311],[139.0613546,36.0280075],[139.0613723,36.0279657],[139.0613886,36.0279198],[139.0614278,36.0278512],[139.0614367,36.0278823],[139.0614635,36.0278772],[139.0616943,36.0278338],[139.0617386,36.0279306],[139.0617382,36.0279634],[139.0617232,36.0280451],[139.0617107,36.0281876]]]},"properties":{"layer":"landuse","class_code":"211","class_label":"住宅用地（住宅、共同住宅、店舗等併用住宅、店舗等併用共同住宅、作業所併用住宅）"}},{"type":"Feature","id":"luse_8a7eedbe-01d8-402b-8cd6-178300a184bd","geometry":{"type":"Polygon","coordinates":[[[139.0615845,36.0291651],[139.0615847,36.0291654],[139.0616318,36.0292487],[139.0616919,36.0293421],[139.0617192,36.0293809],[139.0617186,36.0293995],[139.0615116,36.0294715],[139.0614156,36.0292896],[139.0613725,36.0292078],[139.0613791,36.0292057],[139.0615785,36.0291542],[139.0615845,36.0291651]]]},"properties":{"layer":"landuse","class_code":"211","class_label":"住宅用地（住宅、共同住宅、店舗等併用住宅、店舗等併用共同住宅、作業所併用住宅）"}},{"type":"Feature","id":"luse_88371896-7723-4d7a-b2ef-905fb9a77119","geometry":{"type":"Polygon","coordinates":[[[139.0619486,36.0295516],[139.0619482,36.0295516],[139.0619057,36.029542],[139.0618303,36.0294483],[139.0617622,36.0293601],[139.0617357,36.0293225],[139.0617279,36.0293104],[139.0617189,36.0292965],[139.0619366,36.029229],[139.0619633,36.0292488],[139.0619663,36.0292508],[139.0619688,36.0292525],[139.0619714,36.0292543],[139.061974,36.0292558],[139.0619768,36.0292573],[139.0619793,36.0292586],[139.0619796,36.0292587],[139.0619824,36.0292599],[139.0619855,36.029261],[139.0619858,36.0292611],[139.0619886,36.0292619],[139.0619889,36.029262],[139.0619919,36.0292627],[139.0619951,36.0292634],[139.0619982,36.0292638],[139.0619985,36.0292639],[139.0620016,36.0292642],[139.0620047,36.0292644],[139.0620051,36.0292644],[139.062007,36.0292645],[139.0620081,36.0292645],[139.0620085,36.0292645],[139.062009,36.0292645],[139.0620088,36.0292465],[139.0620739,36.0292167],[139.0620609,36.0291848],[139.0621727,36.02913],[139.0621392,36.029079],[139.0623069,36.0289722],[139.062336,36.028999],[139.0623833,36.0290406],[139.0624149,36.029066],[139.0624389,36.0290854],[139.0625,36.029129198220076],[139.0625,36.02923675294117],[139.062495,36.0292374],[139.0624856,36.0292389],[139.0624763,36.0292409],[139.0624672,36.0292434],[139.0624582,36.0292462],[139.0624494,36.0292494],[139.0624409,36.0292531],[139.0624321,36.0292572],[139.0624213,36.0292635],[139.0624005,36.0292763],[139.0623805,36.0292901],[139.0623716,36.0292965],[139.0623531,36.0293115],[139.0623351,36.0293275],[139.0623188,36.0293439],[139.062269,36.029397],[139.0622301,36.0294432],[139.0622286,36.0294449],[139.0622206,36.0294547],[139.0622122,36.0294637],[139.0622033,36.0294723],[139.0621937,36.0294806],[139.0621836,36.0294884],[139.0621772,36.0294929],[139.0621661,36.0295],[139.0621548,36.0295066],[139.0621431,36.0295126],[139.0621313,36.0295178],[139.0621192,36.0295223],[139.0620978,36.0295293],[139.0620761,36.0295353],[139.0620537,36.0295404],[139.0620533,36.0295405],[139.062053,36.0295406],[139.0620302,36.0295447],[139.0620076,36.0295477],[139.061985,36.0295496],[139.0619847,36.0295496],[139.0619596,36.0295507],[139.0619486,36.0295516]]]},"properties":{"layer":"landuse","class_code":"211","class_label":"住宅用地（住宅、共同住宅、店舗等併用住宅、店舗等併用共同住宅、作業所併用住宅）"}},{"type":"Feature","id":"luse_ae7c9692-1cac-472b-a49a-8849cf892bda","geometry":{"type":"Polygon","coordinates":[[[139.0625,36.029754240488295],[139.0623364,36.029806],[139.06226,36.0296288],[139.0622556,36.0296017],[139.0625,36.029536597816595],[139.0625,36.029754240488295]]]},"properties":{"layer":"landuse","class_code":"211","class_label":"住宅用地（住宅、共同住宅、店舗等併用住宅、店舗等併用共同住宅、作業所併用住宅）"}},{"type":"Feature","id":"luse_c514326d-9e19-4d7f-9bc3-dfc496fc2150","geometry":{"type":"Polygon","coordinates":[[[139.0611582,36.0302344],[139.0611576,36.0302372],[139.0611537,36.030245],[139.0611493,36.0302519],[139.061135,36.0302658],[139.0611164,36.0302895],[139.0610308,36.0302897],[139.060973,36.0302858],[139.0609231,36.0302814],[139.0609075,36.0302764],[139.0608874,36.0302715],[139.0608695,36.0302605],[139.0608395,36.0301878],[139.0608393,36.0301872],[139.0608358,36.0301773],[139.0607902,36.0300613],[139.0608319,36.030062],[139.0608449,36.0300619],[139.0608538,36.0300619],[139.0608667,36.0300613],[139.0608999,36.0300599],[139.0609003,36.0300599],[139.0609459,36.030056],[139.0609463,36.030056],[139.0609498,36.0300556],[139.060952,36.0300553],[139.0609952,36.0300495],[139.0609956,36.0300495],[139.0610405,36.0300413],[139.0610408,36.0300413],[139.0610514,36.030039],[139.0611019,36.0300267],[139.0611342,36.0300174],[139.0611688,36.0300061],[139.0611834,36.0300015],[139.0611948,36.0299974],[139.0611764,36.0301148],[139.0611649,36.0301855],[139.0611667,36.0301903],[139.0611659,36.0301983],[139.0611632,36.030212],[139.0611582,36.0302344]]]},"properties":{"layer":"landuse","class_code":"211","class_label":"住宅用地（住宅、共同住宅、店舗等併用住宅、店舗等併用共同住宅、作業所併用住宅）"}},{"type":"Feature","id":"luse_2274456e-6b95-4e66-b5bf-3b6899784301","geometry":{"type":"Polygon","coordinates":[[[139.0622852,36.0302837],[139.06219,36.0303215],[139.0621266,36.0303471],[139.0620506,36.0303752],[139.0620191,36.0303899],[139.061976,36.0303341],[139.0619555,36.0303083],[139.0619234,36.0302613],[139.0619136,36.0302478],[139.0619083,36.0302387],[139.0619024,36.0302357],[139.061897,36.0302351],[139.0618884,36.0302324],[139.0618816,36.0302249],[139.0618739,36.0302113],[139.0618378,36.0301318],[139.061818,36.0300761],[139.0618057,36.0300567],[139.0619581,36.0299808],[139.0620115,36.0299524],[139.0621326,36.0299049],[139.0621531,36.0299324],[139.0622599,36.0300864],[139.0623843,36.0302312],[139.0622809,36.0302772],[139.0622852,36.0302837]]]},"properties":{"layer":"landuse","class_code":"211","class_label":"住宅用地（住宅、共同住宅、店舗等併用住宅、店舗等併用共同住宅、作業所併用住宅）"}},{"type":"Feature","id":"luse_b436c00c-5db2-43aa-a111-bedde3def7ff","geometry":{"type":"Polygon","coordinates":[[[139.0604772,36.0302911],[139.0604717,36.0303624],[139.060407,36.0304788],[139.0600183,36.0304375],[139.0599805,36.0304291],[139.0599741,36.0304236],[139.0599715,36.0304168],[139.0599677,36.030406],[139.059967,36.0303988],[139.0599677,36.030359],[139.059969,36.0303339],[139.0599705,36.0303095],[139.0599717,36.0302863],[139.0599741,36.0302685],[139.0599768,36.0302513],[139.0599752,36.0302333],[139.0599925,36.0302134],[139.0601264,36.0302709],[139.0602742,36.0302802],[139.0603735,36.0302867],[139.0604772,36.0302911]]]},"properties":{"layer":"landuse","class_code":"211","class_label":"住宅用地（住宅、共同住宅、店舗等併用住宅、店舗等併用共同住宅、作業所併用住宅）"}},{"type":"Feature","id":"luse_fde23338-7f8d-47c4-a2c1-55763a0c4d8f","geometry":{"type":"Polygon","coordinates":[[[139.0625,36.03058465074627],[139.0624572,36.0305904],[139.0623312,36.0306208],[139.0622305,36.0306368],[139.0621708,36.0305386],[139.0623602,36.0304427],[139.0623847,36.0304422],[139.0625,36.030390525160826],[139.0625,36.03058465074627]]]},"properties":{"layer":"landuse","class_code":"211","class_label":"住宅用地（住宅、共同住宅、店舗等併用住宅、店舗等併用共同住宅、作業所併用住宅）"}},{"type":"Feature","id":"luse_9b8def25-fc16-45f8-a430-b9506768b9a4","geometry":{"type":"Polygon","coordinates":[[[139.0625,36.03083085527452],[139.0624808,36.0308052],[139.0625,36.03079745177665],[139.0625,36.03083085527452]]]},"properties":{"layer":"landuse","class_code":"211","class_label":"住宅用地（住宅、共同住宅、店舗等併用住宅、店舗等併用共同住宅、作業所併用住宅）"}},{"type":"Feature","id":"luse_88ef2013-ded3-419c-a2e3-4f7f149a2c12","geometry":{"type":"Polygon","coordinates":[[[139.0592365,36.0253494],[139.0592786,36.0253512],[139.0593212,36.0253565],[139.0593853,36.0253615],[139.0595519,36.0255243],[139.059648,36.0257013],[139.0596688,36.0257602],[139.0596889,36.0258171],[139.0596471,36.0258454],[139.0596173,36.0258655],[139.0595527,36.0259114],[139.0594585,36.0258093],[139.0594144,36.0257565],[139.0593743,36.0257028],[139.0593737,36.0257019],[139.0593617,36.0256838],[139.0593438,36.0256566],[139.05931,36.025599],[139.0592802,36.02554],[139.0592544,36.0254797],[139.0592491,36.025466],[139.0592443,36.0254545],[139.0591985,36.025346],[139.0592365,36.0253494]]]},"properties":{"layer":"landuse","class_code":"213","class_label":"工業用地（工場）"}},{"type":"Feature","id":"luse_70c97024-3219-41cb-be79-dd3df30b24da","geometry":{"type":"Polygon","coordinates":[[[139.0625,36.03028791944444],[139.0624815,36.0302687],[139.0624812,36.0302658],[139.0624772,36.0302277],[139.0624641,36.030214],[139.0624552,36.0302036],[139.0623863,36.0301233],[139.0625,36.030100493341706],[139.0625,36.03028791944444]]]},"properties":{"layer":"landuse","class_code":"213","class_label":"工業用地（工場）"}},{"type":"Feature","id":"luse_674d08cc-2f2f-45cd-a2b3-51701fd13d56","geometry":{"type":"Polygon","coordinates":[[[139.0625,36.03077013001605],[139.0624459,36.0307921],[139.0624242,36.0308009],[139.0623931,36.0308135],[139.0623162,36.0308493],[139.0621703,36.0306464],[139.0622305,36.0306368],[139.0623312,36.0306208],[139.0624572,36.0305904],[139.0625,36.03058465074627],[139.0625,36.03077013001605]]]},"properties":{"layer":"landuse","class_code":"213","class_label":"工業用地（工場）"}},{"type":"Feature","id":"luse_b10f3fe2-57b1-49df-9f52-a36fe3d9ffc0","geometry":{"type":"Polygon","coordinates":[[[139.0617609,36.0305526],[139.06176,36.0305531],[139.0617078,36.0305656],[139.0616534,36.0305865],[139.0616383,36.0305905],[139.0615752,36.0305119],[139.0616713,36.0304656],[139.0617609,36.0305526]]]},"properties":{"layer":"landuse","class_code":"214","class_label":"公益施設用地（官公庁施設、文教厚生施設、供給処理施設）"}},{"type":"Feature","id":"luse_d5488c94-2bb4-47cf-bc10-d73408fb9674","geometry":{"type":"Polygon","coordinates":[[[139.0613955,36.030665],[139.0613923,36.030697],[139.0613862,36.0307116],[139.0613739,36.0307357],[139.0613678,36.0307429],[139.0613472,36.0307536],[139.0612569,36.0307178],[139.0612948,36.0306098],[139.0613343,36.0306352],[139.0613575,36.0306425],[139.0613822,36.0306468],[139.0613977,36.030646],[139.0613955,36.030665]]]},"properties":{"layer":"landuse","class_code":"214","class_label":"公益施設用地（官公庁施設、文教厚生施設、供給処理施設）"}},{"type":"Feature","id":"luse_d88e95a5-8091-4a59-9e9e-7758fd1a5e2e","geometry":{"type":"Polygon","coordinates":[[[139.0596591,36.0258496],[139.0596816,36.0258562],[139.0596969,36.0258599],[139.0597001,36.0258608],[139.059747,36.0258741],[139.059768,36.0258784],[139.0598306,36.025885],[139.0599,36.025888],[139.0600017,36.0258999],[139.0600813,36.025916],[139.0601859,36.025948],[139.0602598,36.0259771],[139.060292,36.0259902],[139.0603175,36.0260048],[139.0603212,36.0260073],[139.0603374,36.0260203],[139.0603445,36.0260269],[139.0603583,36.0260415],[139.0603854,36.0260746],[139.0603982,36.0260921],[139.0604111,36.0261137],[139.0604245,36.0261418],[139.0604294,36.0261568],[139.0604325,36.0261724],[139.060434,36.0261999],[139.0604326,36.0262243],[139.0604271,36.0262419],[139.0604236,36.0262498],[139.0604218,36.0262539],[139.0604143,36.0262681],[139.0603995,36.026289],[139.0603876,36.0263036],[139.0603634,36.0263315],[139.0603542,36.026343],[139.0603378,36.0263681],[139.0603246,36.02639],[139.0600837,36.0264978],[139.0600682,36.0264806],[139.0600244,36.0264322],[139.0598941,36.0262787],[139.0598905,36.0262748],[139.0597767,36.0261545],[139.0595993,36.0259619],[139.0595629,36.0259224],[139.0596294,36.0258748],[139.0596173,36.0258655],[139.0596471,36.0258454],[139.0596591,36.0258496]]]},"properties":{"layer":"landuse","class_code":"219","class_label":"農林漁業施設用地（農林漁業用施設）"}},{"type":"Feature","id":"luse_b61bcac5-49b8-4ab6-8231-5d83e5b738f7","geometry":{"type":"Polygon","coordinates":[[[139.0603658,36.0268776],[139.0602247,36.0269452],[139.0602209,36.0269396],[139.0602139,36.026929],[139.0601838,36.0268835],[139.060181,36.0268777],[139.0601785,36.0268718],[139.0601764,36.0268658],[139.0601748,36.0268597],[139.0601736,36.0268535],[139.0601727,36.0268473],[139.0601723,36.026841],[139.0601723,36.0268348],[139.0601728,36.0268286],[139.060173,36.026826],[139.0601741,36.0268198],[139.0601755,36.0268136],[139.0601773,36.0268076],[139.0601796,36.0268016],[139.0601823,36.0267957],[139.0601853,36.02679],[139.0601888,36.0267844],[139.0601926,36.0267789],[139.0601971,36.0267741],[139.0602026,36.0267707],[139.0602191,36.0267673],[139.0602365,36.0267657],[139.0602369,36.0267657],[139.0602435,36.0267657],[139.0602507,36.0267658],[139.0602601,36.0267656],[139.0602629,36.0267686],[139.0603579,36.026869],[139.0603658,36.0268776]]]},"properties":{"layer":"landuse","class_code":"219","class_label":"農林漁業施設用地（農林漁業用施設）"}},{"type":"Feature","id":"luse_0ca8c6b7-f5e2-4f76-9c24-93054b5f37ae","geometry":{"type":"Polygon","coordinates":[[[139.0616943,36.0278338],[139.0614635,36.0278772],[139.061452,36.0278376],[139.06144,36.0278064],[139.0614209,36.0277768],[139.0614103,36.0277599],[139.0613979,36.0277508],[139.0613833,36.0277472],[139.0613699,36.0277469],[139.0613958,36.0276858],[139.0616978,36.027594],[139.0617075,36.0276],[139.0617242,36.0276144],[139.0617332,36.027624],[139.0617373,36.0276295],[139.0617417,36.0276377],[139.0617457,36.0276481],[139.0617506,36.0276797],[139.0617521,36.0276957],[139.0617522,36.0277125],[139.0617509,36.0277259],[139.0617466,36.0277469],[139.0617427,36.0277613],[139.0617388,36.0277732],[139.0617377,36.0277799],[139.061738,36.0277882],[139.0617399,36.0277955],[139.0617431,36.0278019],[139.0617264,36.0278151],[139.0616943,36.0278338]]]},"properties":{"layer":"landuse","class_code":"219","class_label":"農林漁業施設用地（農林漁業用施設）"}},{"type":"Feature","id":"luse_2b7ca694-5969-4854-8239-f05de27b5349","geometry":{"type":"Polygon","coordinates":[[[139.0625,36.029536597816595],[139.0622556,36.0296017],[139.062186,36.0296107],[139.0621856,36.0296108],[139.0620194,36.0296278],[139.0619723,36.0296254],[139.0619057,36.029542],[139.0619482,36.0295516],[139.0619486,36.0295516],[139.0619553,36.0295918],[139.0619634,36.0295912],[139.0619889,36.0295901],[139.0620144,36.0295879],[139.0620396,36.0295846],[139.0620646,36.0295802],[139.0620665,36.0295797],[139.0620912,36.0295741],[139.0621153,36.0295674],[139.062139,36.0295596],[139.062154,36.029554],[139.0621685,36.0295475],[139.0621825,36.0295403],[139.0621961,36.0295325],[139.0622091,36.0295241],[139.0622171,36.0295185],[139.0622292,36.0295092],[139.0622406,36.0294994],[139.0622512,36.0294891],[139.0622613,36.0294782],[139.0622705,36.029467],[139.0622718,36.0294655],[139.0623095,36.0294207],[139.062358,36.029369],[139.0623731,36.0293539],[139.0623891,36.0293396],[139.0624061,36.0293259],[139.0624134,36.0293205],[139.0624317,36.029308],[139.0624506,36.0292963],[139.0624593,36.0292914],[139.0624652,36.0292885],[139.0624714,36.029286],[139.0624776,36.0292837],[139.0624841,36.0292816],[139.0624906,36.0292799],[139.0624972,36.0292784],[139.0625,36.02927790588235],[139.0625,36.029536597816595]]]},"properties":{"layer":"landuse","class_code":"219","class_label":"農林漁業施設用地（農林漁業用施設）"}},{"type":"Feature","id":"luse_86659f68-7b3e-4d67-b268-5aecf229c71b","geometry":{"type":"Polygon","coordinates":[[[139.0600753,36.0298923],[139.0600062,36.0298942],[139.0600059,36.0298942],[139.0599735,36.0298961],[139.0599089,36.0299038],[139.0596824,36.0299306],[139.0596821,36.0299307],[139.0595939,36.0299337],[139.0595498,36.0299352],[139.0595247,36.029936],[139.0594844,36.0299335],[139.0594733,36.0297276],[139.0594909,36.0297187],[139.0594982,36.0297129],[139.0595075,36.0297025],[139.0595373,36.0296562],[139.0595742,36.0295783],[139.0596133,36.0294959],[139.059619,36.029484],[139.0596312,36.0294646],[139.0596433,36.0294495],[139.0596555,36.0294406],[139.059668,36.0294326],[139.059681,36.0294282],[139.0597055,36.0294233],[139.0597893,36.0294167],[139.059812,36.0294187],[139.0598177,36.0294197],[139.0598422,36.0294265],[139.0598633,36.0294344],[139.0599011,36.0294563],[139.0599158,36.029467],[139.0599395,36.0294889],[139.0599703,36.0295219],[139.059997,36.0295556],[139.0600587,36.0296194],[139.0600917,36.0296515],[139.0601373,36.0296886],[139.0601605,36.0297127],[139.0601926,36.0297429],[139.0601949,36.0297449],[139.060223,36.0297646],[139.0602149,36.0298979],[139.0601807,36.0298958],[139.0601795,36.0298957],[139.0601456,36.0298936],[139.0601453,36.0298936],[139.0600753,36.0298923]]]},"properties":{"layer":"landuse","class_code":"219","class_label":"農林漁業施設用地（農林漁業用施設）"}},{"type":"Feature","id":"luse_3f367433-b646-4d59-a2bb-0001b0955b93","geometry":{"type":"MultiPolygon","coordinates":[[[[139.05176767083333,36.03333333333333],[139.051769,36.0333249],[139.0517744,36.0333096],[139.0517943,36.0332798],[139.0518124,36.0332617],[139.051828,36.0332386],[139.0518366,36.0332231],[139.0518426,36.0332035],[139.051843,36.0331905],[139.05181,36.0331597],[139.0517313,36.0330861],[139.0516847,36.0330426],[139.0516298,36.0329964],[139.0515741,36.0329497],[139.0515136,36.0328961],[139.0514453,36.0328357],[139.051397,36.0327986],[139.051346,36.0327593],[139.0513049,36.0327294],[139.0512099,36.0326604],[139.0512066,36.0326125],[139.0512057,36.0325747],[139.0512076,36.0325444],[139.0512098,36.0325348],[139.0512078,36.0325238],[139.0512023,36.0325164],[139.0511954,36.032513],[139.0511809,36.0325037],[139.0511554,36.0324943],[139.0510988,36.0324826],[139.051049,36.0324745],[139.051039,36.0324705],[139.0509915,36.0324511],[139.0509759,36.0324432],[139.0509177,36.0324057],[139.0509008,36.0323904],[139.0508747,36.0323668],[139.0508368,36.0323119],[139.0507769,36.0322395],[139.0507674,36.0322214],[139.0507591,36.0322055],[139.0507305,36.0321505],[139.0507173,36.0321124],[139.0507042,36.0320745],[139.0506889,36.0320195],[139.0506803,36.0319871],[139.0506779,36.0319664],[139.0506734,36.031941],[139.0506682,36.0319121],[139.0506663,36.0319012],[139.0506627,36.0318886],[139.0506545,36.03186],[139.050667,36.0318135],[139.0506816,36.0317728],[139.0507004,36.0317403],[139.0507015,36.0317381],[139.0507251,36.0317039],[139.0507366,36.0316917],[139.050764,36.031669],[139.0507748,36.0316597],[139.0508184,36.0316202],[139.0508188,36.0316196],[139.0508769,36.0315715],[139.050899,36.0315565],[139.050934,36.0315285],[139.0509605,36.0315018],[139.0509856,36.0314718],[139.051008,36.0314407],[139.0510293,36.0314134],[139.0510426,36.0313916],[139.0510653,36.0313327],[139.0510656,36.0313311],[139.0510817,36.0312696],[139.0510899,36.0312476],[139.0511053,36.0312168],[139.0511208,36.0311922],[139.0511362,36.0311654],[139.0511544,36.031114],[139.0511718,36.031068],[139.0511746,36.0310614],[139.0511758,36.0310391],[139.0511752,36.0310386],[139.0511533,36.031016],[139.0510855,36.0309464],[139.050837,36.0306914],[139.0507936,36.0306469],[139.0507492,36.0306013],[139.0507332,36.0305849],[139.0507158,36.0305671],[139.050704,36.0305549],[139.0507556,36.0305119],[139.0507855,36.030489],[139.0509095,36.0304112],[139.0510275,36.0303421],[139.0511168,36.0302871],[139.0511733,36.0302589],[139.0511842,36.0302554],[139.0512051,36.0302507],[139.0512312,36.0302486],[139.0512631,36.0302419],[139.0512847,36.0302324],[139.0513267,36.030215],[139.0513814,36.0301857],[139.0514406,36.0301405],[139.0514725,36.0301103],[139.05152,36.0300548],[139.051565,36.0300181],[139.0516094,36.0299963],[139.0516487,36.0299762],[139.0517071,36.0299583],[139.0517711,36.0299552],[139.0518663,36.0299597],[139.0519279,36.0299641],[139.051986,36.0299745],[139.0519989,36.029978],[139.0520245,36.0299824],[139.0520167,36.029887],[139.0519825,36.0297575],[139.0519389,36.0297378],[139.0518902,36.0297306],[139.0518298,36.0297288],[139.0517887,36.0297263],[139.0516961,36.0297206],[139.0516249,36.0297249],[139.0515866,36.0297368],[139.0515552,36.0297473],[139.0515372,36.0297571],[139.0515357,36.0297589],[139.0515004,36.0297899],[139.0514756,36.0298063],[139.0514573,36.0298211],[139.0514088,36.0298449],[139.0513786,36.0298582],[139.0513155,36.0298612],[139.0513142,36.0298608],[139.0512309,36.0298456],[139.0511814,36.0298373],[139.0511277,36.029837],[139.0511018,36.0298377],[139.0510657,36.0298443],[139.0510185,36.0298533],[139.0509191,36.0298821],[139.0508725,36.0298921],[139.0507598,36.029924],[139.0506983,36.0299447],[139.0506656,36.0299474],[139.05063,36.0299467],[139.050554,36.0299406],[139.0504628,36.0299307],[139.0504033,36.0299177],[139.0503342,36.0298892],[139.0502942,36.0298863],[139.0502644,36.0298923],[139.0502184,36.0299067],[139.0501512,36.0299173],[139.050095,36.0299339],[139.05,36.02995242145522],[139.05,36.025194754659694],[139.0500717,36.0252142],[139.050094,36.0252182],[139.0501282,36.0252228],[139.0501627,36.025226],[139.0501975,36.0252277],[139.0502327,36.0252277],[139.050236,36.0252278],[139.0502585,36.0252274],[139.0502807,36.025226],[139.0503029,36.0252236],[139.0503147,36.0252219],[139.0503366,36.025218],[139.050358,36.0252131],[139.0503805,36.025207],[139.050415,36.0251995],[139.0504584,36.025188],[139.0504925,36.0251775],[139.0505342,36.0251627],[139.0505464,36.0251576],[139.0505541,36.0251541],[139.050575,36.0251444],[139.0506027,36.02513],[139.0506073,36.0251275],[139.0506338,36.0251117],[139.0506606,36.0250937],[139.0506729,36.025087],[139.0506954,36.0250739],[139.0507166,36.0250599],[139.0507308,36.0250497],[139.0507505,36.0250341],[139.0507696,36.025017],[139.0507868,36.0250026],[139.0507896023952,36.025],[139.0553374539204,36.025],[139.0553417,36.025011],[139.0553672,36.0250988],[139.0553788,36.0251267],[139.0553946,36.0251462],[139.0554089,36.0251531],[139.0554265,36.0251551],[139.0554404,36.0251546],[139.0554544,36.0251508],[139.0554715,36.0251436],[139.0555897,36.0250307],[139.0556158,36.0250036],[139.05562012,36.025],[139.05615973744494,36.025],[139.0561604,36.0250032],[139.0561628,36.0250224],[139.0561724,36.025112],[139.0561724,36.0251643],[139.0561724,36.0251971],[139.0562346,36.0253988],[139.0562587,36.0254106],[139.0562677,36.0254151],[139.056302,36.025437],[139.0564271,36.0255292],[139.0565062,36.0255669],[139.0565598,36.0256063],[139.056592,36.025639],[139.0566163,36.0256712],[139.0566341,36.0256909],[139.0566528,36.0257189],[139.0567021,36.0257734],[139.0567223,36.0257844],[139.0567425,36.0257894],[139.0567664,36.0257905],[139.0567871,36.0257901],[139.0568399,36.0257853],[139.0568801,36.025785],[139.0568994,36.025787],[139.0569166,36.0258022],[139.0569186,36.0258093],[139.0569211,36.0258176],[139.0569236,36.0258255],[139.0569195,36.0258487],[139.0569232,36.0258727],[139.0569297,36.0258914],[139.0569433,36.025925],[139.0569534,36.0259454],[139.0569694,36.0259661],[139.0569727,36.0259853],[139.0569747,36.0260072],[139.0569737,36.0260488],[139.0569627,36.0260885],[139.0569384,36.0261216],[139.0569194,36.0261592],[139.0569044,36.0261959],[139.0568835,36.026235],[139.0568243,36.0263054],[139.0567841,36.026339],[139.0567343,36.0263587],[139.0566865,36.0263619],[139.056636,36.0263603],[139.0566009,36.0263544],[139.0565704,36.0263468],[139.0565526,36.0263383],[139.0565171,36.0263118],[139.0564668,36.0262906],[139.0564066,36.026279],[139.0563421,36.0262787],[139.0563278,36.0262808],[139.0561977,36.0262985],[139.0561908,36.0262986],[139.0561873,36.0262991],[139.0561553,36.0263032],[139.0561351,36.0263064],[139.0560799,36.0263238],[139.0560584,36.0263346],[139.0560424,36.026344],[139.0560267,36.0263533],[139.055998,36.02639],[139.0559693,36.0264178],[139.0559559,36.0264267],[139.0559379,36.0264367],[139.0559192,36.0264382],[139.0559033,36.0264373],[139.0558893,36.026431],[139.0558734,36.0264166],[139.0558355,36.026366],[139.0558185,36.0263464],[139.0558038,36.0263336],[139.055792,36.0263245],[139.0557726,36.0263194],[139.0557516,36.0263222],[139.0557369,36.0263312],[139.0557219,36.0263446],[139.0557171,36.0263493],[139.0557047,36.0263615],[139.0556832,36.0263733],[139.0556597,36.0263813],[139.0556238,36.0263934],[139.0555878,36.0264106],[139.0555551,36.0264264],[139.0555189,36.0264447],[139.055496,36.0264611],[139.0554706,36.0264792],[139.055449,36.0264961],[139.0554172,36.0265109],[139.0553776,36.0265259],[139.0553519,36.0265455],[139.0553235,36.0265669],[139.0552981,36.0265834],[139.0552678,36.0266099],[139.0552502,36.0266313],[139.0552343,36.0266552],[139.0552093,36.0266983],[139.0552046,36.0267079],[139.0551971,36.0267286],[139.0551403,36.0267134],[139.0551391,36.0267135],[139.0551278,36.0267142],[139.0551145,36.0267141],[139.0551001,36.0267147],[139.0550868,36.0267166],[139.0550828,36.0267395],[139.055084,36.0267652],[139.0550913,36.0268007],[139.0550964,36.0268436],[139.0551036,36.0268932],[139.0551045,36.0269028],[139.0551117,36.0269391],[139.0551289,36.0269772],[139.0551446,36.0270034],[139.0551602,36.0270112],[139.0551863,36.0270333],[139.0552147,36.0270485],[139.0552358,36.027063],[139.0552562,36.0270808],[139.0552618,36.0270868],[139.0552739,36.0271126],[139.055288,36.0271476],[139.0552918,36.0271599],[139.055297,36.027179],[139.0552945,36.0271999],[139.055287,36.0272251],[139.0552734,36.0272672],[139.0552628,36.0272916],[139.0552589,36.0273047],[139.0552505,36.0273165],[139.0552381,36.027325],[139.0552168,36.0273317],[139.055195,36.0273361],[139.0551683,36.0273404],[139.0551156,36.027346],[139.0550922,36.0273454],[139.0550664,36.0273405],[139.0550214,36.0273324],[139.0549929,36.0273276],[139.0549577,36.0273241],[139.0549286,36.0273213],[139.0549002,36.0273163],[139.0548676,36.0273041],[139.0548426,36.0272911],[139.0548202,36.0272783],[139.0547987,36.0272671],[139.0547782,36.0272556],[139.0547281,36.0272355],[139.0546955,36.0272212],[139.0546575,36.0272099],[139.0546307,36.0272021],[139.0545924,36.0271892],[139.0545598,36.0271774],[139.054522,36.0271651],[139.0544864,36.0271513],[139.0544612,36.0271398],[139.0544246,36.0271229],[139.0544089,36.0271106],[139.0543669,36.027068],[139.0543562,36.0270565],[139.0543424,36.0270379],[139.0543344,36.0270244],[139.0542917,36.0269597],[139.0542627,36.0269051],[139.0542515,36.0268585],[139.0542426,36.0268153],[139.0542403,36.026772],[139.054239,36.0267334],[139.0542373,36.0266875],[139.0542364,36.0266619],[139.0542465,36.0266155],[139.0543215,36.0265945],[139.0543701,36.0265841],[139.0544562,36.026533],[139.0544602,36.0265238],[139.0544777,36.026483],[139.0544784,36.0264812],[139.0544881,36.0264606],[139.054499,36.0264405],[139.0544997,36.0264394],[139.054512,36.0264198],[139.0545256,36.026401],[139.0545561,36.0263589],[139.0545886,36.0263174],[139.0546157,36.0262868],[139.0546154,36.026275],[139.0546167,36.0262503],[139.0546111,36.0262308],[139.0546089,36.0262237],[139.0546058,36.026206],[139.0546076,36.0261874],[139.0546084,36.026164],[139.0546023,36.0261422],[139.0545802,36.0261249],[139.0545626,36.02611],[139.0545454,36.0260913],[139.0545355,36.0260744],[139.0545338,36.0260536],[139.0545283,36.0260383],[139.0545213,36.0260217],[139.0544997,36.025993],[139.0544642,36.0259553],[139.0543714,36.0258749],[139.0543168,36.0258434],[139.0542616,36.0258081],[139.0541397,36.025762],[139.0541116,36.0257528],[139.0540787,36.0257467],[139.0540472,36.0257431],[139.0540025,36.0257343],[139.0539789,36.0257276],[139.0539616,36.0257195],[139.0539438,36.0256992],[139.0539244,36.0256835],[139.0539018,36.0256768],[139.0538478,36.0256709],[139.0538333,36.0256655],[139.0538141,36.0256428],[139.0537964,36.025613],[139.053779,36.025589],[139.0537635,36.0255599],[139.0537453,36.0255272],[139.0537229,36.0255037],[139.053697,36.0254854],[139.0536655,36.02547],[139.0536331,36.0254307],[139.0536195,36.0253978],[139.0535946,36.0253744],[139.0535766,36.0253579],[139.0535558,36.0253358],[139.053548,36.0253019],[139.0535419,36.025262],[139.0535278,36.0252159],[139.0535192,36.02518],[139.0535085,36.0251575],[139.0534887,36.0251299],[139.0534883,36.0251297],[139.0534603,36.0251279],[139.0533802,36.0251227],[139.0532874,36.0251167],[139.0532286,36.0251213],[139.0531405,36.0251271],[139.0531105,36.0251273],[139.0530817,36.0251274],[139.0530241,36.0251298],[139.0529545,36.0251374],[139.0529531,36.0251375],[139.0528034,36.0251719],[139.052789,36.0251769],[139.0527211,36.0252007],[139.0526288,36.0252342],[139.0526143,36.0252395],[139.0525418,36.0252668],[139.0524717,36.0253003],[139.0523973,36.0253319],[139.052329,36.0252536],[139.052276,36.0252061],[139.0522145,36.0251618],[139.0521508,36.0251209],[139.0520648,36.0250674],[139.051987,36.0250269],[139.051927,36.0250004],[139.05192608321167,36.025],[139.05153684099128,36.025],[139.0514792,36.0251597],[139.0515073,36.0251675],[139.0515529,36.0251806],[139.0516093,36.025208],[139.0516306,36.0252299],[139.0516544,36.0252557],[139.0516767,36.0252722],[139.0517671,36.0253545],[139.0518528,36.0254247],[139.0518726,36.0254412],[139.0518741,36.0254425],[139.0519357,36.0255065],[139.0519545,36.0255365],[139.051966,36.0255645],[139.0519704,36.0256191],[139.0519756,36.0256516],[139.0519849,36.0256835],[139.051996,36.0257077],[139.0520136,36.0257439],[139.0520411,36.0257744],[139.0520746,36.0258062],[139.0521006,36.0258333],[139.0521155,36.0258552],[139.0521411,36.0259133],[139.0521851,36.0259912],[139.0521931,36.0260065],[139.0522771,36.0260189],[139.0522776,36.0260201],[139.0522856,36.0260398],[139.0522953,36.026069],[139.0522988,36.0260843],[139.0523033,36.0261039],[139.0523153,36.0261423],[139.052319,36.0261489],[139.0523395,36.0261853],[139.0523692,36.0262443],[139.05237,36.0262464],[139.0523984,36.0263177],[139.0524049,36.0263371],[139.0524077,36.0263547],[139.0524145,36.0263776],[139.0524216,36.026399],[139.0525417,36.0264409],[139.0525909,36.0264581],[139.0525741,36.0264798],[139.05256,36.026507],[139.0525458,36.0265677],[139.0525444,36.0266099],[139.0525394,36.0266199],[139.0525358,36.0266348],[139.0525328,36.0266499],[139.0525313,36.0266652],[139.0525306,36.0266804],[139.0525309,36.0266957],[139.0525311,36.0267006],[139.0525326,36.0267158],[139.0525355,36.0267309],[139.052539,36.0267459],[139.0525439,36.0267607],[139.0525495,36.0267752],[139.052556,36.0267895],[139.0525636,36.0268035],[139.0525747,36.0268161],[139.0526011,36.0268383],[139.0526471,36.0268709],[139.0527091,36.0269134],[139.0527417,36.0269338],[139.0527471,36.0269371],[139.0527614,36.0269492],[139.0527748,36.0269619],[139.0527871,36.0269753],[139.0527989,36.026989],[139.0528041,36.0269961],[139.0528143,36.0270106],[139.0528235,36.0270256],[139.0528319,36.027041],[139.052839,36.0270567],[139.0528409,36.0270618],[139.052949,36.0273329],[139.0529605,36.0273616],[139.05297,36.0273909],[139.0529778,36.0274205],[139.0529834,36.0274504],[139.052987,36.0274798],[139.0529886,36.0275101],[139.0529882,36.0275403],[139.0529877,36.0275604],[139.0529887,36.0275801],[139.0529885,36.0275936],[139.0529894,36.0276079],[139.0529886,36.0276271],[139.0529885,36.0276407],[139.0529876,36.0276543],[139.0529868,36.0276599],[139.0529848,36.027676],[139.0529828,36.0276854],[139.0529822,36.0276887],[139.0529784,36.0277033],[139.0529729,36.0277151],[139.0529659,36.0277305],[139.0529581,36.0277455],[139.0529502,36.0277579],[139.052941,36.0277698],[139.0529349,36.0277765],[139.0529236,36.0277857],[139.052828,36.0278669],[139.0527429,36.0279454],[139.0527269,36.0279651],[139.0527126,36.0279856],[139.0526996,36.0280066],[139.052688,36.0280281],[139.052687,36.0280303],[139.052677,36.0280524],[139.0526685,36.028075],[139.0526615,36.0280978],[139.0526562,36.0281209],[139.0526559,36.028122],[139.0526558,36.0281414],[139.0526571,36.0281608],[139.0526597,36.0281801],[139.0526633,36.0281992],[139.052668,36.028216],[139.0526742,36.0282347],[139.0526817,36.0282531],[139.0526904,36.0282712],[139.0527012,36.0282925],[139.0527047,36.0282997],[139.0527208,36.0283345],[139.0527407,36.0283738],[139.0527631,36.0284124],[139.0527882,36.0284498],[139.052816,36.028486],[139.0528326,36.0285061],[139.0528641,36.0285403],[139.0528974,36.028573],[139.0529333,36.0286043],[139.0529497,36.0286177],[139.0529865,36.0286537],[139.0530018,36.0286688],[139.0530152,36.0286598],[139.0530618,36.0286287],[139.0530073,36.0285751],[139.0529891,36.0285605],[139.052956,36.0285314],[139.0529251,36.0285013],[139.0528962,36.0284696],[139.0528811,36.0284517],[139.0528556,36.028418],[139.0528532,36.0284144],[139.0528325,36.0283837],[139.0528118,36.0283484],[139.0527931,36.0283113],[139.0527786,36.0282803],[139.0527771,36.0282771],[139.0527732,36.028269],[139.0527624,36.0282477],[139.0527547,36.0282317],[139.0527486,36.0282166],[139.0527435,36.0282011],[139.0527398,36.0281875],[139.0527367,36.0281717],[139.0527346,36.0281558],[139.0527335,36.0281398],[139.0527335,36.0281278],[139.0527374,36.0281113],[139.0527433,36.0280918],[139.0527506,36.0280725],[139.0527595,36.0280529],[139.0527597,36.0280526],[139.05277,36.0280334],[139.0527811,36.0280155],[139.0527934,36.027998],[139.052805,36.0279836],[139.0528853,36.0279095],[139.0529647,36.027842],[139.0530053,36.0278057],[139.0530125,36.0277992],[139.0530209,36.0277908],[139.0530288,36.0277821],[139.0530359,36.0277731],[139.0530426,36.0277636],[139.0530486,36.027754],[139.0530539,36.0277442],[139.0530568,36.027738],[139.053061,36.0277277],[139.0530646,36.0277173],[139.0530673,36.0277068],[139.0530695,36.0276961],[139.0530709,36.0276853],[139.0530715,36.0276745],[139.0530741,36.0276431],[139.0530742,36.0276266],[139.053074,36.027604],[139.0530729,36.0275929],[139.0530723,36.0275868],[139.0531305,36.0275929],[139.0531439,36.0276021],[139.0532099,36.0276993],[139.0531834,36.0277502],[139.0531502,36.0277928],[139.0531346,36.0278089],[139.053121,36.0278153],[139.0530737,36.0278249],[139.0530583,36.0278255],[139.0530499,36.0278289],[139.0530336,36.0278401],[139.0530047,36.0278599],[139.0529921,36.0278686],[139.0529696,36.0278835],[139.0529354,36.0279062],[139.0529278,36.0279121],[139.0528904,36.0279409],[139.0528571,36.0279775],[139.0528508,36.0279994],[139.0528466,36.0280529],[139.0528478,36.0280865],[139.0528499,36.0281428],[139.0528612,36.0281921],[139.0528682,36.0282225],[139.0529034,36.028317],[139.0529316,36.0283965],[139.0529572,36.0284513],[139.0529945,36.0285003],[139.0530296,36.02854],[139.0530585,36.0285598],[139.0530859,36.0285672],[139.0531644,36.0286088],[139.0532589,36.0286467],[139.0533431,36.0286716],[139.0534132,36.02869],[139.0535032,36.0287091],[139.0535949,36.0287217],[139.0536625,36.0287209],[139.0537214,36.0287076],[139.0537948,36.0286826],[139.0538826,36.0286587],[139.0539386,36.0286519],[139.0539896,36.0286601],[139.0540412,36.0286851],[139.0541176,36.0287304],[139.0541696,36.0287853],[139.0542054,36.0288369],[139.0542479,36.0288797],[139.0543502,36.0288856],[139.0544642,36.0288921],[139.0544729,36.0288927],[139.055015,36.0289237],[139.0550159,36.0292123],[139.0550592,36.029253],[139.0552193,36.0294458],[139.0552546,36.0294533],[139.0552589,36.0294568],[139.0552607,36.0294589],[139.0552681,36.029468],[139.0552771,36.0294777],[139.0552805,36.0294814],[139.0552934,36.0294963],[139.0552972,36.0295069],[139.0552978,36.0295087],[139.0552979,36.0295192],[139.0552978,36.0295304],[139.0552991,36.0295394],[139.0552992,36.0295401],[139.0553108,36.0295553],[139.0553123,36.0295573],[139.055339,36.0295712],[139.0553422,36.029571],[139.0553491,36.0295736],[139.0553631,36.0295767],[139.0553813,36.0295801],[139.0553945,36.029536],[139.0554531,36.0291437],[139.0558033,36.0292093],[139.0557504,36.0295825],[139.0558016,36.0295914],[139.0557999,36.0296965],[139.0558265,36.0296808],[139.0558438,36.0296748],[139.055865,36.0296728],[139.0558872,36.0296734],[139.055911,36.02968],[139.0559305,36.0296908],[139.0559523,36.0297033],[139.0559723,36.0297143],[139.0560057,36.029732],[139.0560704,36.029759],[139.0561139,36.0297803],[139.0561398,36.029794],[139.0561529,36.0298027],[139.0561705,36.0298144],[139.0561887,36.0298297],[139.0562042,36.029842],[139.0562276,36.029866],[139.0562474,36.0298896],[139.0562652,36.0299159],[139.056279,36.0299434],[139.0562871,36.0299666],[139.0563058,36.0300118],[139.0563217,36.0300456],[139.0563295,36.0300583],[139.0563599,36.0301124],[139.0563941,36.0301759],[139.0564208,36.0302289],[139.0564333,36.0302481],[139.0564408,36.0302568],[139.0564521,36.0302646],[139.0564711,36.0302737],[139.0564733,36.0302747],[139.0564928,36.030279],[139.0565125,36.0302801],[139.0566249,36.0302943],[139.0567252,36.0303126],[139.0567953,36.030327],[139.0568862,36.0303551],[139.0569759,36.0303963],[139.0570493,36.0304336],[139.0571188,36.0304781],[139.0571921,36.0305453],[139.0572358,36.0306042],[139.0573071,36.0307234],[139.0573464,36.0307772],[139.0573863,36.0308491],[139.0574082,36.0308841],[139.0574238,36.0309015],[139.0574395,36.0309133],[139.0574539,36.0309198],[139.0574725,36.0309225],[139.057489,36.0309221],[139.0575158,36.0309206],[139.0575326,36.0309195],[139.057546,36.0309169],[139.0575655,36.0309136],[139.057583,36.0309119],[139.0575991,36.0309117],[139.0576105,36.0309129],[139.0576192,36.0309168],[139.0576249,36.0309206],[139.0576861,36.0310239],[139.0576878,36.0310312],[139.0576865,36.0310397],[139.0576816,36.0310442],[139.0576708,36.0310468],[139.0575741,36.0310751],[139.0574982,36.0310988],[139.0574294,36.0311252],[139.0573476,36.0311721],[139.0573374,36.0311831],[139.0573321,36.0311865],[139.057328,36.0311876],[139.057308,36.0311841],[139.0572786,36.0311869],[139.0572429,36.0311948],[139.0572305,36.0311975],[139.0571928,36.0312117],[139.057183,36.0312179],[139.0571756,36.0312225],[139.0571503,36.0312448],[139.0571428,36.0312562],[139.057134,36.0312786],[139.057133,36.0313065],[139.0571344,36.0313307],[139.0571392,36.0313618],[139.0571479,36.0313896],[139.0571782,36.0314471],[139.0572234,36.0315467],[139.0572501,36.031618],[139.0572889,36.03171],[139.0573058,36.03175],[139.0573346,36.0318165],[139.0573538,36.0318509],[139.0574222,36.0319564],[139.0574356,36.0319729],[139.057451,36.0319933],[139.0574613,36.0320063],[139.0574893,36.0320437],[139.0575008,36.0320621],[139.0575112,36.0320839],[139.0575184,36.0321037],[139.0575215,36.0321131],[139.057548,36.0321954],[139.0575737,36.0322656],[139.0575772,36.0322751],[139.0575894,36.0323086],[139.0576126,36.03241],[139.0576437,36.0325139],[139.0576958,36.0326163],[139.0576969,36.032618],[139.0577688,36.0327228],[139.057794,36.0327495],[139.0578215,36.0327733],[139.0578428,36.0327917],[139.0578632,36.0328054],[139.0579022,36.0328275],[139.0579229,36.0328345],[139.0579329,36.032837],[139.0579562,36.0328395],[139.057964,36.0328398],[139.0580145,36.0328393],[139.0580381,36.0328417],[139.0580563,36.0328461],[139.0580709,36.0328536],[139.0580779,36.032861],[139.058089,36.0328762],[139.0580989,36.0328984],[139.0581057,36.0329245],[139.058112,36.0329756],[139.0581134,36.0330576],[139.0581125,36.0331126],[139.0581116,36.0331728],[139.0581092,36.0332276],[139.0581036,36.0332536],[139.0580975,36.0332714],[139.0580847,36.0332926],[139.058077,36.0333018],[139.0580593,36.0333263],[139.05805598194905,36.03333333333333],[139.0567005695096,36.03333333333333],[139.0566803,36.0333178],[139.0566144,36.0332959],[139.0565046,36.0333123],[139.0565098,36.0332795],[139.0565164,36.0332444],[139.0565287,36.0332174],[139.0565327,36.0332046],[139.0565389,36.0331587],[139.0565424,36.0331404],[139.0565473,36.0331171],[139.0565557,36.0330894],[139.0565646,36.0330631],[139.0565772,36.033037],[139.0566017,36.0329908],[139.0566109,36.0329713],[139.0566163,36.0329604],[139.0566199,36.0329432],[139.0566164,36.0329261],[139.0566045,36.0329124],[139.0565432,36.0328943],[139.0565054,36.0328802],[139.0564682,36.0328671],[139.0564253,36.0328261],[139.0562799,36.0329006],[139.0562786,36.0329325],[139.056275,36.0329693],[139.0562732,36.0329948],[139.0562696,36.0330189],[139.0562564,36.0330457],[139.0562198,36.0330855],[139.0562045,36.033097],[139.0561943,36.0331045],[139.0561786,36.0331163],[139.0561561,36.0331331],[139.0561537,36.0331355],[139.0561236,36.0331654],[139.0561198,36.0331692],[139.0561192,36.0332316],[139.0560823,36.0332104],[139.0560554,36.0332413],[139.0560315,36.0332735],[139.0560182,36.0332913],[139.05597642774327,36.03333333333333],[139.05176767083333,36.03333333333333]]],[[[139.0524877,36.0285696],[139.0524893,36.0285704],[139.0524909,36.0285713],[139.0524924,36.0285723],[139.0524938,36.0285734],[139.0524951,36.0285745],[139.0524964,36.0285757],[139.0524976,36.0285768],[139.0524987,36.0285781],[139.052499,36.0285785],[139.0524996,36.0285796],[139.0525002,36.0285806],[139.0525009,36.0285815],[139.0525017,36.0285826],[139.0525025,36.0285834],[139.0525033,36.0285844],[139.0525043,36.0285853],[139.0525053,36.0285861],[139.0525064,36.0285868],[139.0525075,36.0285875],[139.0525086,36.0285882],[139.0525098,36.0285888],[139.0525112,36.0285894],[139.0525124,36.0285899],[139.0525137,36.0285904],[139.052515,36.0285907],[139.0525164,36.028591],[139.0525178,36.0285913],[139.0525191,36.0285915],[139.05252,36.0285916],[139.0525215,36.0285917],[139.0525229,36.0285918],[139.0525242,36.0285918],[139.0525257,36.0285917],[139.0525271,36.0285916],[139.0525285,36.0285913],[139.0525299,36.028591],[139.0525312,36.0285908],[139.0525326,36.0285903],[139.0525339,36.0285899],[139.0525351,36.0285893],[139.0525364,36.0285888],[139.0525376,36.0285882],[139.0525387,36.0285876],[139.0525398,36.0285869],[139.0525409,36.0285861],[139.0525416,36.0285855],[139.052544,36.0285835],[139.0525465,36.0285817],[139.0525491,36.0285799],[139.0525519,36.0285783],[139.0525547,36.0285768],[139.0525576,36.0285753],[139.0525606,36.0285741],[139.0525637,36.028573],[139.052567,36.028572],[139.0525703,36.0285712],[139.0525736,36.0285705],[139.0525769,36.02857],[139.0525803,36.0285695],[139.0525836,36.0285693],[139.052587,36.0285692],[139.0525905,36.0285692],[139.0525938,36.0285695],[139.0525963,36.0285697],[139.0525984,36.0285696],[139.0526004,36.0285694],[139.0526024,36.0285691],[139.0526042,36.0285686],[139.0526061,36.0285682],[139.052608,36.0285676],[139.0526099,36.0285669],[139.0526114,36.0285663],[139.0526132,36.0285655],[139.0526148,36.0285646],[139.0526165,36.0285637],[139.0526181,36.0285626],[139.0526195,36.0285615],[139.052621,36.0285603],[139.0526223,36.0285591],[139.0526235,36.0285578],[139.0526247,36.0285565],[139.0526258,36.0285552],[139.0526267,36.0285537],[139.0526276,36.0285522],[139.0526284,36.0285508],[139.0526291,36.0285491],[139.0526301,36.0285463],[139.0526309,36.0285436],[139.0526316,36.0285408],[139.052632,36.028538],[139.0526322,36.0285351],[139.0526322,36.0285324],[139.0526321,36.0285296],[139.0526318,36.0285267],[139.0526313,36.0285239],[139.0526306,36.0285211],[139.0526297,36.0285184],[139.0526286,36.0285157],[139.0526274,36.0285133],[139.0526244,36.0285099],[139.0526209,36.0285066],[139.0526174,36.0285036],[139.0526136,36.0285006],[139.0526118,36.0284993],[139.0526077,36.0284967],[139.0526035,36.0284943],[139.0525991,36.028492],[139.0525946,36.0284899],[139.0525899,36.0284879],[139.0525882,36.0284873],[139.0525834,36.0284849],[139.0525788,36.0284822],[139.0525744,36.0284794],[139.0525702,36.0284764],[139.0525662,36.0284731],[139.0525624,36.0284697],[139.0525589,36.0284662],[139.0525568,36.0284639],[139.0525536,36.02846],[139.0525508,36.0284561],[139.0525481,36.0284521],[139.0525459,36.0284479],[139.0525438,36.0284437],[139.052542,36.0284393],[139.0525415,36.0284381],[139.0525408,36.0284346],[139.0525397,36.0284311],[139.0525384,36.0284278],[139.052537,36.0284244],[139.0525352,36.0284212],[139.0525333,36.028418],[139.0525312,36.0284149],[139.0525288,36.0284119],[139.0525283,36.0284114],[139.0525257,36.0284085],[139.052523,36.0284058],[139.05252,36.0284031],[139.0525169,36.0284007],[139.0525136,36.0283983],[139.0525102,36.0283961],[139.0525067,36.0283941],[139.0525029,36.0283922],[139.0525005,36.0283911],[139.0524983,36.0283902],[139.0524961,36.0283891],[139.052494,36.028388],[139.052492,36.0283867],[139.05249,36.0283855],[139.0524884,36.0283843],[139.0524867,36.0283828],[139.052485,36.0283813],[139.0524835,36.0283796],[139.0524824,36.0283785],[139.05247,36.0283642],[139.0524683,36.0283621],[139.0524571,36.0283471],[139.0524472,36.0283323],[139.0524411,36.0283215],[139.0524381,36.0283156],[139.0524331,36.0283044],[139.0524289,36.028293],[139.0524273,36.0282881],[139.0524231,36.0282787],[139.0524197,36.0282692],[139.0524169,36.0282595],[139.0524148,36.0282497],[139.0524132,36.0282397],[139.0524131,36.028238],[139.052413,36.0282371],[139.0524129,36.028236],[139.0524127,36.0282351],[139.0524125,36.0282342],[139.0524122,36.0282332],[139.0524118,36.0282323],[139.0524114,36.0282313],[139.0524109,36.0282304],[139.0524103,36.0282296],[139.0524096,36.0282286],[139.052409,36.0282278],[139.0524083,36.028227],[139.0524076,36.0282263],[139.0524067,36.0282256],[139.0524058,36.0282249],[139.0524049,36.0282242],[139.0524039,36.0282237],[139.0524035,36.0282234],[139.0524025,36.0282228],[139.0524014,36.0282224],[139.0524003,36.0282219],[139.0523992,36.0282214],[139.0523981,36.0282212],[139.052397,36.0282208],[139.0523957,36.0282206],[139.0523945,36.0282204],[139.0523933,36.0282202],[139.0523921,36.0282201],[139.0523909,36.0282201],[139.0523897,36.0282201],[139.0523885,36.0282202],[139.0523873,36.0282204],[139.0523861,36.0282206],[139.0523849,36.0282208],[139.0523838,36.0282211],[139.0523826,36.0282214],[139.0523815,36.0282218],[139.0523804,36.0282222],[139.0523793,36.0282228],[139.0523784,36.0282232],[139.0523733,36.028224],[139.0523682,36.028225],[139.0523632,36.0282261],[139.0523583,36.0282275],[139.0523535,36.0282291],[139.0523513,36.02823],[139.0523466,36.0282319],[139.0523421,36.0282341],[139.0523378,36.0282364],[139.0523335,36.0282389],[139.0523296,36.0282416],[139.0523257,36.0282444],[139.0523244,36.0282456],[139.0523118,36.0282614],[139.0522963,36.0282826],[139.0522936,36.0282903],[139.0522906,36.0282978],[139.0522891,36.0283008],[139.0522854,36.028308],[139.0522841,36.0283102],[139.0522823,36.028313],[139.0522803,36.0283157],[139.0522785,36.0283179],[139.0522763,36.0283204],[139.0522738,36.0283228],[139.0522711,36.0283251],[139.0522683,36.0283272],[139.0522654,36.0283293],[139.0522634,36.0283306],[139.0522422,36.0283454],[139.0522247,36.0283587],[139.052207,36.0283737],[139.0522048,36.0283758],[139.0522027,36.0283779],[139.0522008,36.0283801],[139.052199,36.0283825],[139.0521974,36.0283849],[139.0521959,36.0283874],[139.0521947,36.0283899],[139.0521935,36.0283925],[139.0521926,36.0283952],[139.0521924,36.0283957],[139.0521917,36.0283984],[139.0521911,36.0284011],[139.0521908,36.0284039],[139.0521906,36.0284066],[139.0521906,36.0284094],[139.0521908,36.0284121],[139.0521912,36.0284148],[139.0521917,36.0284175],[139.0521924,36.0284198],[139.0521921,36.0284223],[139.052192,36.0284248],[139.052192,36.0284273],[139.0521922,36.0284298],[139.0521926,36.0284324],[139.0521931,36.0284348],[139.0521939,36.0284372],[139.0521948,36.0284397],[139.0521957,36.028442],[139.0521959,36.0284425],[139.0521971,36.0284448],[139.0521986,36.028447],[139.0522001,36.0284493],[139.0522017,36.0284513],[139.0522035,36.0284533],[139.0522055,36.0284553],[139.0522076,36.0284573],[139.0522098,36.028459],[139.0522121,36.0284607],[139.0522136,36.0284617],[139.0522173,36.0284641],[139.0522207,36.0284667],[139.052224,36.0284694],[139.0522272,36.0284722],[139.05223,36.0284753],[139.0522328,36.0284784],[139.0522353,36.0284817],[139.0522365,36.0284835],[139.0522387,36.0284869],[139.0522406,36.0284903],[139.0522423,36.028494],[139.0522437,36.0284976],[139.0522448,36.0285013],[139.052246,36.0285059],[139.0522458,36.0285087],[139.0522456,36.0285115],[139.0522458,36.0285144],[139.0522461,36.0285172],[139.0522467,36.02852],[139.0522473,36.0285227],[139.0522482,36.0285254],[139.0522492,36.0285281],[139.0522494,36.0285284],[139.0522507,36.028531],[139.0522521,36.0285336],[139.0522536,36.028536],[139.0522555,36.0285385],[139.0522573,36.0285408],[139.0522594,36.0285431],[139.0522605,36.0285442],[139.0522632,36.0285458],[139.0522659,36.0285475],[139.0522689,36.0285489],[139.0522719,36.0285502],[139.052275,36.0285514],[139.0522781,36.0285525],[139.0522813,36.0285534],[139.0522846,36.0285542],[139.0522875,36.0285547],[139.0522908,36.0285552],[139.0522942,36.0285556],[139.0522977,36.0285558],[139.052301,36.0285558],[139.0523045,36.0285558],[139.0523079,36.0285555],[139.0523112,36.0285551],[139.0523146,36.0285545],[139.0523158,36.0285543],[139.0523333,36.028551],[139.0523506,36.0285481],[139.0523538,36.0285479],[139.052357,36.0285477],[139.0523602,36.0285478],[139.0523636,36.028548],[139.0523667,36.0285483],[139.0523699,36.0285488],[139.052371,36.028549],[139.0523741,36.0285496],[139.0523772,36.0285505],[139.0523802,36.0285514],[139.0523831,36.0285525],[139.0523861,36.0285537],[139.0523877,36.0285553],[139.0523894,36.0285569],[139.0523912,36.0285583],[139.0523931,36.0285597],[139.0523949,36.0285609],[139.052397,36.0285621],[139.0523991,36.0285632],[139.0524013,36.0285641],[139.0524036,36.0285651],[139.0524059,36.0285659],[139.0524082,36.0285665],[139.0524102,36.0285671],[139.0524125,36.0285675],[139.0524151,36.0285679],[139.0524175,36.0285682],[139.0524201,36.0285684],[139.0524225,36.0285684],[139.0524251,36.0285684],[139.0524275,36.0285683],[139.0524299,36.028568],[139.0524325,36.0285676],[139.0524345,36.0285672],[139.0524455,36.0285666],[139.0524637,36.0285657],[139.0524656,36.0285656],[139.0524676,36.0285654],[139.0524695,36.0285654],[139.0524713,36.0285654],[139.0524733,36.0285656],[139.0524752,36.0285658],[139.0524771,36.0285661],[139.052479,36.0285664],[139.0524809,36.0285669],[139.0524826,36.0285675],[139.0524844,36.0285681],[139.0524861,36.0285687],[139.0524877,36.0285696]]],[[[139.0544398,36.0329091],[139.0544422,36.0329099],[139.0544446,36.0329107],[139.0544469,36.0329117],[139.054448,36.0329122],[139.0544507,36.0329129],[139.0544533,36.0329133],[139.0544561,36.0329137],[139.0544587,36.032914],[139.0544615,36.0329142],[139.0544634,36.0329142],[139.0544662,36.0329142],[139.054469,36.032914],[139.0544716,36.0329137],[139.0544744,36.0329133],[139.0544771,36.0329128],[139.0544797,36.0329121],[139.0544823,36.0329113],[139.0544842,36.0329106],[139.0544882,36.0329095],[139.0544921,36.0329081],[139.0544959,36.0329066],[139.0544996,36.0329049],[139.0545031,36.032903],[139.0545066,36.0329011],[139.0545096,36.0328991],[139.0545127,36.0328968],[139.0545158,36.0328944],[139.0545186,36.0328918],[139.0545212,36.0328891],[139.0545237,36.0328863],[139.054526,36.0328834],[139.054527,36.0328822],[139.054528,36.0328799],[139.0545289,36.0328777],[139.0545296,36.0328754],[139.0545302,36.0328731],[139.0545306,36.0328708],[139.0545309,36.0328684],[139.054531,36.0328661],[139.054531,36.0328637],[139.0545308,36.0328614],[139.0545306,36.0328605],[139.0545303,36.0328581],[139.0545297,36.0328559],[139.0545289,36.0328535],[139.054528,36.0328514],[139.0545271,36.0328491],[139.0545259,36.0328469],[139.0545249,36.0328454],[139.05451,36.0328369],[139.0544911,36.0328273],[139.0544716,36.0328186],[139.0544514,36.0328108],[139.054431,36.0328038],[139.054428,36.0328029],[139.0544259,36.0328018],[139.0544238,36.0328008],[139.0544218,36.0327997],[139.0544199,36.0327984],[139.0544181,36.032797],[139.0544164,36.0327956],[139.0544148,36.0327941],[139.0544132,36.0327925],[139.0544118,36.0327909],[139.0544105,36.0327891],[139.0544093,36.0327874],[139.0544083,36.0327856],[139.0544073,36.0327838],[139.0544068,36.0327827],[139.0544061,36.0327808],[139.0544055,36.0327788],[139.0544049,36.0327769],[139.0544046,36.0327749],[139.0544044,36.032773],[139.0544043,36.0327709],[139.0544044,36.0327689],[139.0544046,36.0327669],[139.0544048,36.0327649],[139.0544053,36.032763],[139.0544059,36.0327611],[139.0544066,36.0327591],[139.0544075,36.0327572],[139.0544083,36.0327557],[139.0544098,36.0327499],[139.0544109,36.032744],[139.0544115,36.0327392],[139.054412,36.0327333],[139.0544121,36.0327283],[139.0544124,36.0327266],[139.0544128,36.032725],[139.054413,36.0327233],[139.054413,36.0327215],[139.054413,36.0327198],[139.0544129,36.0327181],[139.0544126,36.0327164],[139.0544122,36.0327147],[139.0544118,36.0327131],[139.0544111,36.0327114],[139.0544106,36.0327101],[139.0544098,36.0327086],[139.054409,36.032707],[139.0544079,36.0327055],[139.0544068,36.032704],[139.0544057,36.0327027],[139.0544044,36.0327013],[139.0544029,36.0326999],[139.0544015,36.0326988],[139.0544,36.0326976],[139.0543983,36.0326965],[139.0543967,36.0326955],[139.0543949,36.0326946],[139.054393,36.0326937],[139.0543922,36.0326933],[139.054388,36.0326915],[139.0543839,36.0326895],[139.05438,36.0326872],[139.0543761,36.0326848],[139.0543726,36.0326823],[139.0543719,36.0326818],[139.0543685,36.0326791],[139.0543653,36.0326762],[139.0543622,36.0326732],[139.0543595,36.03267],[139.0543569,36.0326668],[139.0543547,36.0326638],[139.0543526,36.0326601],[139.0543507,36.0326565],[139.054349,36.0326527],[139.0543476,36.0326489],[139.0543464,36.032645],[139.0543458,36.0326422],[139.0543452,36.0326382],[139.0543446,36.0326342],[139.0543446,36.0326303],[139.0543446,36.0326263],[139.0543451,36.0326223],[139.0543457,36.0326185],[139.0543462,36.0326161],[139.0543481,36.0326114],[139.0543496,36.0326066],[139.0543508,36.0326017],[139.0543518,36.0325969],[139.0543519,36.0325954],[139.0543524,36.0325906],[139.0543526,36.0325856],[139.0543524,36.0325806],[139.0543518,36.0325757],[139.0543518,36.032575],[139.0543499,36.0325702],[139.0543479,36.0325654],[139.0543455,36.0325607],[139.0543437,36.0325577],[139.0543409,36.0325532],[139.0543376,36.0325488],[139.0543341,36.0325446],[139.0543304,36.0325405],[139.0543293,36.0325395],[139.0543272,36.0325347],[139.0543254,36.0325299],[139.0543239,36.032525],[139.0543227,36.0325201],[139.0543222,36.0325174],[139.0543215,36.0325124],[139.0543213,36.0325074],[139.0543212,36.0325023],[139.0543216,36.0324973],[139.0543223,36.0324923],[139.0543232,36.0324879],[139.0543258,36.0324811],[139.054328,36.0324741],[139.0543296,36.0324671],[139.0543301,36.0324648],[139.0543312,36.0324577],[139.0543318,36.0324505],[139.0543319,36.0324459],[139.0543318,36.0324434],[139.0543315,36.0324411],[139.0543309,36.0324387],[139.0543303,36.0324364],[139.0543295,36.0324341],[139.0543286,36.0324319],[139.0543275,36.0324296],[139.0543262,36.0324274],[139.0543254,36.0324262],[139.0543239,36.0324241],[139.0543223,36.0324221],[139.0543206,36.0324202],[139.0543187,36.0324184],[139.0543167,36.0324167],[139.0543145,36.0324149],[139.0543123,36.0324134],[139.05431,36.0324119],[139.0543076,36.0324106],[139.0543052,36.0324093],[139.0543025,36.0324082],[139.0543019,36.0324079],[139.0543008,36.032407],[139.0542996,36.0324062],[139.0542984,36.0324053],[139.0542971,36.0324046],[139.0542958,36.032404],[139.0542951,36.0324037],[139.0542937,36.0324032],[139.0542922,36.0324026],[139.0542908,36.0324022],[139.0542892,36.0324018],[139.0542877,36.0324014],[139.0542861,36.0324011],[139.0542846,36.0324009],[139.0542837,36.0324009],[139.0542481,36.0324029],[139.0542319,36.0324035],[139.0542275,36.0324042],[139.0542233,36.032405],[139.0542191,36.0324062],[139.054218,36.0324065],[139.0542139,36.0324078],[139.0542099,36.0324093],[139.0542065,36.0324107],[139.0541911,36.0324138],[139.0541781,36.0324157],[139.0541625,36.0324175],[139.0541578,36.0324179],[139.0541543,36.0324189],[139.0541508,36.0324202],[139.0541475,36.0324216],[139.0541442,36.0324231],[139.054141,36.0324248],[139.0541381,36.0324266],[139.0541352,36.0324285],[139.0541324,36.0324306],[139.0541298,36.0324327],[139.0541273,36.0324351],[139.054125,36.0324375],[139.0541248,36.0324377],[139.0541201,36.0324456],[139.0541161,36.0324536],[139.0541129,36.0324608],[139.0541099,36.0324691],[139.0541074,36.0324775],[139.0541064,36.0324816],[139.054092,36.0325011],[139.0540764,36.0325225],[139.0540746,36.0325245],[139.0540731,36.0325265],[139.0540716,36.0325285],[139.0540704,36.0325307],[139.0540691,36.0325328],[139.0540681,36.0325351],[139.0540673,36.0325374],[139.0540665,36.0325397],[139.054066,36.0325421],[139.0540656,36.0325445],[139.0540653,36.0325468],[139.0540653,36.0325488],[139.0540654,36.0325512],[139.0540656,36.0325535],[139.054066,36.032556],[139.0540665,36.0325583],[139.0540672,36.0325606],[139.0540681,36.0325629],[139.054069,36.0325651],[139.0540695,36.032566],[139.0540721,36.0325692],[139.0540749,36.0325722],[139.0540778,36.0325751],[139.054081,36.0325779],[139.0540844,36.0325804],[139.0540879,36.0325829],[139.0540917,36.0325853],[139.0540955,36.0325874],[139.0540994,36.0325894],[139.0541036,36.0325911],[139.0541078,36.0325927],[139.0541121,36.0325941],[139.0541166,36.0325953],[139.054121,36.0325963],[139.0541234,36.0325968],[139.0541301,36.0325982],[139.0541367,36.0325999],[139.0541431,36.0326019],[139.0541494,36.0326042],[139.0541543,36.0326062],[139.0541604,36.032609],[139.0541662,36.032612],[139.0541718,36.0326152],[139.0541771,36.0326187],[139.0541807,36.0326213],[139.0541834,36.0326241],[139.054186,36.0326271],[139.0541884,36.0326301],[139.0541905,36.0326332],[139.0541924,36.0326365],[139.0541941,36.0326398],[139.0541951,36.0326421],[139.0541965,36.0326455],[139.0541976,36.032649],[139.0541985,36.0326525],[139.0541991,36.0326561],[139.0541995,36.0326597],[139.0541996,36.0326633],[139.0541995,36.0326668],[139.0541992,36.0326704],[139.054199,36.032671],[139.054199,36.0326738],[139.0541992,36.0326764],[139.0541995,36.0326791],[139.0542,36.0326819],[139.0542007,36.0326846],[139.0542009,36.0326851],[139.0542019,36.0326877],[139.054203,36.0326904],[139.0542042,36.0326929],[139.0542056,36.0326953],[139.0542072,36.0326978],[139.0542075,36.0326982],[139.0542227,36.0327238],[139.0542396,36.032752],[139.0542443,36.0327587],[139.0542495,36.0327651],[139.0542551,36.0327713],[139.054261,36.0327772],[139.0542613,36.0327775],[139.0542677,36.0327832],[139.0542745,36.0327885],[139.0542816,36.0327935],[139.0542828,36.0327944],[139.0542847,36.0327948],[139.0542867,36.0327954],[139.0542886,36.032796],[139.0542904,36.0327967],[139.0542921,36.0327975],[139.0542939,36.0327984],[139.0542955,36.0327993],[139.0542972,36.0328004],[139.0542987,36.0328015],[139.0543002,36.0328026],[139.0543015,36.0328038],[139.0543025,36.0328047],[139.0543037,36.032806],[139.0543048,36.0328074],[139.0543059,36.0328088],[139.0543067,36.0328103],[139.0543076,36.0328118],[139.0543084,36.0328133],[139.054309,36.0328149],[139.0543096,36.0328165],[139.05431,36.0328181],[139.0543102,36.0328194],[139.0543106,36.0328286],[139.0543116,36.0328377],[139.054312,36.0328401],[139.0543138,36.0328492],[139.0543162,36.0328581],[139.0543191,36.0328668],[139.0543295,36.0328756],[139.0543404,36.0328838],[139.0543424,36.0328852],[139.0543541,36.0328929],[139.0543645,36.0328991],[139.0543684,36.032901],[139.0543725,36.0329026],[139.0543767,36.0329041],[139.0543809,36.0329054],[139.0543854,36.0329065],[139.0543864,36.0329067],[139.0543908,36.0329075],[139.0543953,36.0329082],[139.0543998,36.0329087],[139.0544043,36.0329089],[139.0544084,36.0329089],[139.054411,36.0329083],[139.0544134,36.0329078],[139.054416,36.0329073],[139.0544185,36.0329071],[139.0544211,36.0329069],[139.0544236,36.0329068],[139.0544262,36.0329069],[139.0544287,36.032907],[139.0544298,36.0329071],[139.0544324,36.0329074],[139.054435,36.0329079],[139.0544374,36.0329085],[139.0544398,36.0329091]]],[[[139.051248,36.026864],[139.0512598,36.0268658],[139.0512715,36.0268682],[139.051283,36.0268711],[139.0512844,36.0268714],[139.05129,36.0268746],[139.0512954,36.0268781],[139.0513006,36.0268818],[139.0513056,36.0268857],[139.0513102,36.0268898],[139.0513146,36.0268942],[139.0513177,36.0268975],[139.0513216,36.0269021],[139.0513251,36.0269069],[139.0513283,36.0269119],[139.0513311,36.026917],[139.0513337,36.0269222],[139.0513359,36.0269276],[139.0513376,36.026933],[139.0513391,36.0269384],[139.0513394,36.0269397],[139.051341,36.0269433],[139.0513428,36.0269466],[139.0513449,36.02695],[139.0513471,36.0269531],[139.0513496,36.0269562],[139.0513522,36.0269592],[139.0513552,36.0269621],[139.0513582,36.0269648],[139.0513615,36.0269675],[139.0513649,36.0269699],[139.0513684,36.0269722],[139.0513723,36.0269743],[139.0513761,36.0269763],[139.0513801,36.0269781],[139.0513842,36.0269797],[139.0513884,36.0269811],[139.0513927,36.0269824],[139.051397,36.0269834],[139.0514015,36.0269842],[139.051406,36.0269849],[139.0514104,36.0269854],[139.051415,36.0269856],[139.0514188,36.0269856],[139.0514269,36.0269876],[139.0514349,36.0269898],[139.0514428,36.0269924],[139.0514504,36.0269954],[139.0514578,36.0269987],[139.0514661,36.0270053],[139.0514759,36.0270122],[139.0514896,36.0270174],[139.0514931,36.0270177],[139.0514983,36.0270181],[139.0515037,36.0270183],[139.051509,36.0270183],[139.0515128,36.027018],[139.051518,36.0270176],[139.0515233,36.0270169],[139.0515284,36.027016],[139.0515335,36.0270148],[139.0515378,36.0270137],[139.0515802,36.0269978],[139.0515816,36.0269973],[139.0515881,36.0269946],[139.0515943,36.0269916],[139.0516004,36.0269884],[139.0516062,36.0269849],[139.0516117,36.0269811],[139.051617,36.0269772],[139.0516219,36.0269729],[139.0516224,36.0269726],[139.0516271,36.0269681],[139.0516315,36.0269635],[139.0516355,36.0269586],[139.0516392,36.0269536],[139.0516426,36.0269484],[139.0516456,36.0269431],[139.0516484,36.0269376],[139.0516506,36.026932],[139.0516526,36.0269264],[139.0516541,36.0269207],[139.0516552,36.0269148],[139.0516583,36.0269066],[139.0516608,36.0268984],[139.0516628,36.0268901],[139.0516641,36.0268818],[139.051665,36.0268733],[139.0516653,36.0268648],[139.0516651,36.0268594],[139.0516644,36.0268509],[139.0516632,36.0268425],[139.0516614,36.0268343],[139.051659,36.0268259],[139.0516561,36.0268179],[139.0516526,36.0268099],[139.0516509,36.0268064],[139.0516488,36.0267983],[139.0516463,36.0267903],[139.0516431,36.0267825],[139.0516395,36.0267748],[139.0516354,36.0267673],[139.0516307,36.0267599],[139.0516286,36.0267569],[139.0516233,36.0267498],[139.0516174,36.0267431],[139.0516112,36.0267366],[139.0516045,36.0267303],[139.0515974,36.0267244],[139.0515948,36.0267224],[139.0515885,36.0267171],[139.0515827,36.0267115],[139.0515772,36.0267057],[139.051572,36.0266996],[139.0515673,36.0266933],[139.0515631,36.0266869],[139.0515592,36.0266802],[139.051556,36.0266734],[139.0515558,36.026673],[139.051553,36.0266661],[139.0515505,36.0266589],[139.0515486,36.0266518],[139.0515472,36.0266445],[139.0515463,36.0266372],[139.0515458,36.0266299],[139.0515458,36.0266257],[139.0515458,36.0266225],[139.0515461,36.0266176],[139.0515464,36.0266097],[139.0515462,36.0266018],[139.0515455,36.0265939],[139.0515441,36.0265861],[139.0515423,36.0265783],[139.0515413,36.0265748],[139.0515387,36.0265671],[139.0515357,36.0265596],[139.0515321,36.0265523],[139.051528,36.0265451],[139.0515257,36.0265414],[139.0515198,36.0265344],[139.051519,36.0265331],[139.0515144,36.026526],[139.0515085,36.026518],[139.051502,36.0265101],[139.051495,36.0265026],[139.0514875,36.0264954],[139.051486,36.0264939],[139.0514778,36.0264872],[139.0514693,36.0264808],[139.0514604,36.0264748],[139.0514512,36.0264691],[139.0514414,36.0264639],[139.0514315,36.0264592],[139.0514269,36.0264571],[139.0514131,36.0264541],[139.0513992,36.0264516],[139.0513852,36.0264498],[139.051371,36.0264487],[139.0513568,36.0264481],[139.0513529,36.026448],[139.0513388,36.0264483],[139.0513245,36.0264492],[139.0513104,36.0264506],[139.0512964,36.0264528],[139.0512826,36.0264555],[139.0512761,36.0264571],[139.0512642,36.0264591],[139.0512524,36.0264618],[139.0512407,36.0264649],[139.0512378,36.0264659],[139.0512294,36.0264687],[139.0512182,36.0264728],[139.0512074,36.0264775],[139.0511995,36.0264814],[139.0511892,36.0264869],[139.0511794,36.0264928],[139.05117,36.0264992],[139.0511611,36.026506],[139.0511526,36.0265131],[139.0511445,36.0265206],[139.0511435,36.0265216],[139.0511263,36.026544],[139.0511107,36.026567],[139.0511039,36.0265779],[139.0510996,36.0265855],[139.0510507,36.0266565],[139.0510474,36.0266603],[139.0510412,36.026668],[139.0510332,36.0266794],[139.0510259,36.0266911],[139.0510195,36.0267032],[139.0510165,36.0267094],[139.0510126,36.0267232],[139.0510126,36.0267248],[139.0510131,36.0267313],[139.051014,36.0267378],[139.0510154,36.0267443],[139.0510172,36.0267506],[139.0510195,36.026757],[139.0510221,36.0267631],[139.0510238,36.0267667],[139.0510271,36.0267727],[139.0510308,36.0267785],[139.0510349,36.0267841],[139.0510393,36.0267895],[139.0510442,36.0267948],[139.0510493,36.0267998],[139.0510547,36.0268046],[139.0510606,36.0268091],[139.0510617,36.0268099],[139.0510753,36.0268189],[139.0510897,36.0268273],[139.0511046,36.026835],[139.0511199,36.0268422],[139.0511286,36.0268457],[139.0511447,36.0268517],[139.0511725,36.0268598],[139.0511829,36.026862],[139.0511944,36.0268631],[139.051232,36.0268623],[139.0512361,36.0268626],[139.051248,36.026864]]],[[[139.0540729,36.0313606],[139.0540716,36.0313668],[139.0540708,36.031373],[139.0540703,36.0313792],[139.0540703,36.0313855],[139.0540706,36.0313907],[139.0540713,36.031397],[139.0540726,36.0314032],[139.0540741,36.0314093],[139.0540761,36.0314154],[139.0540765,36.0314163],[139.0540947,36.0314389],[139.0541013,36.0314481],[139.0541173,36.0314718],[139.054122,36.0314795],[139.0541306,36.031495],[139.0541381,36.0315107],[139.0541383,36.0315111],[139.0541448,36.0315271],[139.0541501,36.0315435],[139.0541506,36.0315454],[139.0541511,36.0315645],[139.0541508,36.0315759],[139.0541493,36.0315949],[139.0541471,36.0316094],[139.0541334,36.0316347],[139.0541179,36.0316593],[139.054117,36.0316606],[139.0541065,36.0316834],[139.0541052,36.0316864],[139.0540963,36.0317097],[139.0540932,36.0317191],[139.0540915,36.0317221],[139.05409,36.0317251],[139.0540887,36.0317283],[139.0540876,36.0317315],[139.0540868,36.0317348],[139.0540861,36.031738],[139.0540857,36.0317413],[139.0540854,36.0317447],[139.0540855,36.031748],[139.0540857,36.0317513],[139.0540858,36.0317522],[139.0540863,36.0317554],[139.0540871,36.0317587],[139.054088,36.0317619],[139.0540892,36.0317651],[139.0540905,36.0317682],[139.0540922,36.0317713],[139.054094,36.0317743],[139.054096,36.0317772],[139.0540982,36.03178],[139.0541002,36.0317823],[139.0541023,36.031785],[139.0541042,36.0317877],[139.0541061,36.0317906],[139.0541076,36.0317936],[139.054109,36.0317966],[139.0541102,36.0317996],[139.0541112,36.0318028],[139.0541113,36.0318032],[139.054112,36.0318063],[139.0541125,36.0318096],[139.0541128,36.0318127],[139.0541129,36.031816],[139.0541128,36.0318192],[139.0541124,36.0318224],[139.0541123,36.0318233],[139.0541113,36.0318349],[139.0541111,36.0318465],[139.0541114,36.0318544],[139.0541125,36.031866],[139.0541144,36.0318775],[139.0541147,36.0318792],[139.0541336,36.0319113],[139.0541476,36.0319379],[139.0541584,36.0319618],[139.0541606,36.0319672],[139.0541693,36.0319918],[139.0541708,36.0319964],[139.054175,36.0320154],[139.0541752,36.0320166],[139.0541778,36.0320343],[139.0541778,36.0320376],[139.0541779,36.032041],[139.0541783,36.0320443],[139.0541789,36.0320477],[139.0541797,36.0320509],[139.0541808,36.0320542],[139.0541821,36.0320573],[139.0541835,36.0320605],[139.0541846,36.0320625],[139.0541865,36.0320655],[139.0541885,36.0320684],[139.0541907,36.0320712],[139.0541932,36.0320739],[139.0541952,36.0320761],[139.0542019,36.0320783],[139.0542087,36.0320802],[139.0542102,36.0320806],[139.0542171,36.0320822],[139.0542242,36.0320834],[139.0542313,36.0320843],[139.0542385,36.032085],[139.0542458,36.0320853],[139.0542489,36.0320854],[139.054251,36.0320855],[139.054253,36.0320857],[139.0542551,36.0320857],[139.0542571,36.0320857],[139.0542591,36.0320856],[139.0542606,36.0320854],[139.0542626,36.0320851],[139.0542646,36.0320847],[139.0542665,36.0320843],[139.0542685,36.0320837],[139.0542704,36.0320831],[139.0542722,36.0320823],[139.054274,36.0320815],[139.0542758,36.0320806],[139.0542775,36.0320796],[139.0542861,36.0320753],[139.0542943,36.0320708],[139.0543022,36.0320658],[139.0543034,36.032065],[139.0543109,36.0320596],[139.0543181,36.0320539],[139.0543212,36.0320512],[139.0543336,36.0320449],[139.0543391,36.0320419],[139.0543509,36.0320347],[139.0543597,36.0320288],[139.0543661,36.032024],[139.0543722,36.0320189],[139.0543778,36.0320135],[139.0543796,36.0320118],[139.0543849,36.0320061],[139.0543897,36.0320002],[139.0543941,36.0319941],[139.0543981,36.0319877],[139.0544017,36.0319813],[139.054402,36.0319805],[139.0544214,36.0319629],[139.0544337,36.0319517],[139.0544363,36.0319498],[139.0544386,36.0319479],[139.0544409,36.0319457],[139.0544429,36.0319436],[139.0544439,36.0319424],[139.0544458,36.0319401],[139.0544475,36.0319377],[139.054449,36.0319352],[139.0544503,36.0319327],[139.0544516,36.0319301],[139.0544526,36.0319275],[139.0544529,36.0319262],[139.0544538,36.0319231],[139.0544549,36.03192],[139.0544561,36.0319168],[139.0544575,36.0319137],[139.0544592,36.0319108],[139.054461,36.0319079],[139.0544631,36.0319051],[139.0544653,36.0319024],[139.0544677,36.0318998],[139.0544703,36.0318973],[139.0544731,36.0318949],[139.0544759,36.0318927],[139.0544768,36.0318921],[139.0544799,36.03189],[139.0544832,36.031888],[139.0544865,36.0318863],[139.05449,36.0318846],[139.0544935,36.0318831],[139.0544972,36.0318817],[139.0545009,36.0318806],[139.0545048,36.0318796],[139.0545087,36.0318787],[139.0545125,36.0318781],[139.0545134,36.031878],[139.054518,36.0318766],[139.0545227,36.0318754],[139.0545273,36.0318744],[139.0545321,36.0318738],[139.0545369,36.0318732],[139.0545417,36.0318728],[139.0545465,36.0318728],[139.0545514,36.0318728],[139.0545521,36.0318729],[139.0545569,36.0318732],[139.0545616,36.0318738],[139.0545664,36.0318745],[139.0545712,36.0318755],[139.0545757,36.0318768],[139.0545802,36.0318781],[139.0545832,36.0318791],[139.0545913,36.0318826],[139.0545996,36.0318856],[139.0546081,36.0318884],[139.0546144,36.0318902],[139.0546204,36.031891],[139.0546265,36.0318916],[139.0546325,36.031892],[139.0546359,36.031892],[139.054642,36.031892],[139.0546481,36.0318915],[139.0546541,36.031891],[139.0546601,36.0318901],[139.0546637,36.0318894],[139.0546688,36.031888],[139.0546739,36.0318868],[139.0546792,36.0318858],[139.0546846,36.0318851],[139.0546899,36.0318846],[139.0546955,36.0318844],[139.0547011,36.0318843],[139.0547066,36.0318846],[139.0547119,36.031885],[139.0547172,36.0318858],[139.0547225,36.0318867],[139.054725,36.0318873],[139.0547298,36.0318882],[139.0547347,36.0318894],[139.0547394,36.0318908],[139.0547442,36.0318924],[139.0547487,36.0318943],[139.0547532,36.0318963],[139.0547575,36.0318985],[139.0547615,36.0319009],[139.0547622,36.0319013],[139.0547662,36.0319038],[139.0547699,36.0319067],[139.0547734,36.0319096],[139.0547767,36.0319127],[139.0547785,36.0319144],[139.054786,36.0319218],[139.054794,36.0319291],[139.0547965,36.0319312],[139.0548051,36.0319378],[139.0548142,36.0319442],[139.0548146,36.0319444],[139.0548169,36.0319462],[139.0548192,36.031948],[139.0548213,36.03195],[139.0548233,36.031952],[139.0548251,36.0319541],[139.0548268,36.0319563],[139.0548283,36.0319585],[139.0548298,36.0319609],[139.0548303,36.0319619],[139.0548314,36.0319643],[139.0548324,36.0319667],[139.0548332,36.0319692],[139.0548339,36.0319717],[139.0548344,36.0319743],[139.0548347,36.0319768],[139.0548348,36.0319795],[139.0548348,36.031982],[139.0548346,36.0319846],[139.054834,36.0319942],[139.054834,36.0320036],[139.054834,36.0320048],[139.0548348,36.0320143],[139.0548361,36.0320236],[139.0548367,36.0320272],[139.0548368,36.0320283],[139.0548371,36.0320294],[139.0548373,36.0320305],[139.0548376,36.0320315],[139.054838,36.0320325],[139.0548385,36.0320336],[139.0548389,36.0320346],[139.0548396,36.0320355],[139.0548402,36.0320365],[139.0548409,36.0320374],[139.0548416,36.0320382],[139.0548425,36.032039],[139.0548434,36.0320398],[139.0548443,36.0320406],[139.0548453,36.0320413],[139.0548463,36.032042],[139.0548474,36.0320426],[139.0548485,36.0320432],[139.0548497,36.0320437],[139.0548508,36.0320442],[139.0548519,36.0320446],[139.0548531,36.0320449],[139.0548543,36.0320452],[139.0548557,36.0320455],[139.0548569,36.0320457],[139.0548582,36.0320459],[139.0548595,36.032046],[139.0548609,36.032046],[139.0548622,36.032046],[139.0548635,36.0320459],[139.0548649,36.0320457],[139.0548661,36.0320456],[139.0548674,36.0320453],[139.0548687,36.0320449],[139.0548699,36.0320446],[139.0548711,36.0320441],[139.0548723,36.0320437],[139.0548734,36.0320432],[139.0548745,36.0320425],[139.0548757,36.0320419],[139.0548767,36.0320413],[139.0548777,36.0320406],[139.0548786,36.0320398],[139.0548791,36.0320392],[139.054892,36.0320286],[139.0548947,36.0320262],[139.0549066,36.0320148],[139.0549178,36.032003],[139.0549215,36.0319987],[139.0549258,36.0319911],[139.0549288,36.031986],[139.054934,36.0319788],[139.0549379,36.0319737],[139.0549389,36.0319727],[139.05494,36.0319717],[139.0549412,36.0319707],[139.0549424,36.0319698],[139.0549437,36.0319689],[139.0549451,36.0319681],[139.0549464,36.0319674],[139.0549479,36.0319667],[139.0549494,36.0319661],[139.0549509,36.0319655],[139.0549516,36.0319654],[139.0549532,36.0319649],[139.0549548,36.0319645],[139.0549564,36.0319642],[139.0549581,36.031964],[139.0549597,36.0319638],[139.0549613,36.0319637],[139.054963,36.0319637],[139.0549648,36.0319638],[139.0549663,36.0319639],[139.054968,36.0319641],[139.0549696,36.0319644],[139.0549713,36.0319648],[139.0549725,36.0319651],[139.0549866,36.0319652],[139.0550007,36.0319647],[139.0550058,36.0319644],[139.0550197,36.031963],[139.0550336,36.031961],[139.0550355,36.0319607],[139.0550496,36.0319558],[139.0550634,36.0319504],[139.0550657,36.0319494],[139.0550789,36.0319433],[139.0550919,36.0319366],[139.055093,36.031936],[139.0551013,36.03193],[139.0551091,36.0319237],[139.0551166,36.0319171],[139.0551235,36.0319102],[139.0551292,36.0319037],[139.0551353,36.0318963],[139.0551408,36.0318885],[139.0551458,36.0318805],[139.0551503,36.0318723],[139.0551511,36.0318706],[139.0551584,36.0318603],[139.055165,36.0318497],[139.0551708,36.0318387],[139.0551758,36.0318276],[139.0551776,36.0318233],[139.0551816,36.0318118],[139.055185,36.0318002],[139.0551874,36.0317885],[139.0551887,36.0317802],[139.05519,36.0317631],[139.0551921,36.0317475],[139.0551953,36.0317323],[139.0551981,36.0317267],[139.0552013,36.0317212],[139.0552049,36.0317159],[139.0552088,36.0317107],[139.0552131,36.0317058],[139.0552134,36.0317052],[139.0552181,36.0317005],[139.055223,36.0316959],[139.0552283,36.0316916],[139.0552338,36.0316875],[139.0552342,36.0316872],[139.0552423,36.0316798],[139.0552499,36.0316721],[139.055257,36.0316641],[139.0552635,36.0316556],[139.0552695,36.031647],[139.0552748,36.0316381],[139.0552756,36.0316368],[139.0552779,36.0316325],[139.05528,36.0316281],[139.0552818,36.0316236],[139.0552833,36.0316191],[139.0552844,36.0316145],[139.0552853,36.0316098],[139.0552855,36.0316079],[139.0552859,36.0316032],[139.055286,36.0315985],[139.0552857,36.0315939],[139.0552852,36.0315892],[139.0552844,36.0315846],[139.0552832,36.03158],[139.0552817,36.0315753],[139.05528,36.0315709],[139.0552795,36.0315699],[139.0552755,36.0315273],[139.0552735,36.0314811],[139.0552729,36.0314597],[139.0552708,36.0314385],[139.0552704,36.0314358],[139.0552668,36.0314146],[139.0552652,36.0314075],[139.0552409,36.0313782],[139.055218,36.0313477],[139.0552117,36.0313357],[139.0552047,36.0313241],[139.0552001,36.0313172],[139.0551918,36.0313061],[139.0551828,36.0312954],[139.0551731,36.0312851],[139.0551627,36.0312753],[139.0551552,36.0312688],[139.0551279,36.0312426],[139.055119,36.0312334],[139.0550941,36.0312057],[139.0550793,36.0311876],[139.0550472,36.0311491],[139.0550246,36.0311237],[139.0550107,36.0310976],[139.0549912,36.0310578],[139.0549889,36.0310312],[139.0549885,36.0310184],[139.0549888,36.0309918],[139.0549898,36.0309763],[139.0549909,36.0309636],[139.0549929,36.0309509],[139.0549957,36.0309385],[139.0549986,36.0309287],[139.0550028,36.0309166],[139.0550079,36.0309045],[139.0550111,36.0308982],[139.0550134,36.0308928],[139.0550152,36.0308872],[139.0550168,36.0308816],[139.055018,36.0308759],[139.0550187,36.0308703],[139.0550191,36.0308651],[139.0550191,36.0308594],[139.0550187,36.0308537],[139.055018,36.030848],[139.0550175,36.0308449],[139.0550172,36.0308428],[139.0550167,36.0308406],[139.0550162,36.0308385],[139.0550155,36.0308365],[139.0550146,36.0308345],[139.0550136,36.0308326],[139.0550125,36.0308306],[139.0550113,36.0308288],[139.0550101,36.0308271],[139.0550087,36.0308254],[139.055007,36.0308237],[139.0550054,36.0308221],[139.0550035,36.0308205],[139.0550017,36.0308191],[139.0549997,36.0308177],[139.0549976,36.0308164],[139.0549954,36.0308152],[139.0549932,36.0308141],[139.0549908,36.0308131],[139.0549898,36.0308128],[139.0549852,36.0308131],[139.0549804,36.0308132],[139.0549758,36.0308131],[139.054971,36.0308128],[139.0549663,36.0308123],[139.0549616,36.0308116],[139.0549568,36.0308106],[139.0549524,36.0308095],[139.0549477,36.0308082],[139.0549406,36.0308052],[139.0549338,36.0308019],[139.0549273,36.0307984],[139.054925,36.0307969],[139.0549188,36.030793],[139.0549128,36.0307887],[139.0549072,36.0307843],[139.0549024,36.0307799],[139.0548989,36.0307773],[139.0548951,36.0307746],[139.0548914,36.0307723],[139.0548873,36.0307701],[139.0548846,36.0307688],[139.0548804,36.0307669],[139.0548761,36.0307652],[139.0548716,36.0307636],[139.0548671,36.0307623],[139.0548624,36.0307612],[139.0548577,36.0307603],[139.0548529,36.0307595],[139.0548519,36.0307594],[139.0547886,36.0307497],[139.0547503,36.0307452],[139.0547126,36.0307453],[139.054642,36.030746],[139.0545836,36.0307487],[139.054561,36.0307499],[139.0545556,36.0307501],[139.0545502,36.0307506],[139.0545448,36.0307513],[139.0545395,36.0307522],[139.0545385,36.0307524],[139.0545333,36.0307536],[139.0545282,36.0307551],[139.0545231,36.0307568],[139.0545182,36.0307587],[139.0545134,36.0307608],[139.0545124,36.0307613],[139.054499,36.0307639],[139.0544853,36.0307658],[139.0544824,36.0307661],[139.0544687,36.0307673],[139.0544548,36.0307679],[139.0544409,36.0307678],[139.0544375,36.0307678],[139.0544172,36.0307659],[139.054399,36.0307649],[139.0543786,36.0307648],[139.054358,36.0307656],[139.0543557,36.0307657],[139.0543368,36.0307662],[139.054318,36.030766],[139.0543153,36.0307659],[139.0542966,36.0307647],[139.0542779,36.0307627],[139.0542736,36.0307621],[139.0542566,36.030761],[139.0542394,36.0307605],[139.0542322,36.0307604],[139.0542151,36.0307611],[139.0542074,36.0307616],[139.0542023,36.0307625],[139.0541972,36.0307636],[139.0541922,36.030765],[139.0541873,36.0307666],[139.0541843,36.0307677],[139.0541796,36.0307697],[139.054175,36.0307718],[139.0541706,36.0307741],[139.0541663,36.0307767],[139.0541622,36.0307794],[139.0541583,36.0307823],[139.0541546,36.0307853],[139.0541539,36.0307861],[139.0541516,36.0307887],[139.0541494,36.0307915],[139.0541475,36.0307944],[139.0541458,36.0307975],[139.0541442,36.0308005],[139.0541434,36.0308023],[139.0541423,36.0308055],[139.0541412,36.0308087],[139.0541405,36.0308119],[139.05414,36.0308152],[139.0541396,36.0308184],[139.0541396,36.0308217],[139.0541396,36.030825],[139.0541396,36.0308254],[139.0541404,36.0308276],[139.0541409,36.0308298],[139.0541412,36.0308319],[139.0541416,36.0308341],[139.0541416,36.0308364],[139.0541415,36.0308385],[139.0541414,36.0308408],[139.054141,36.0308429],[139.0541405,36.0308451],[139.0541399,36.0308473],[139.0541394,36.0308484],[139.0541386,36.0308505],[139.0541376,36.0308526],[139.0541365,36.0308545],[139.0541352,36.0308565],[139.0541338,36.0308584],[139.0541323,36.0308603],[139.0541306,36.030862],[139.0541288,36.0308637],[139.0541281,36.0308644],[139.0541187,36.0308708],[139.0541138,36.0308739],[139.0541037,36.0308797],[139.054099,36.0308822],[139.0540971,36.0308831],[139.0540954,36.0308841],[139.0540937,36.0308853],[139.054092,36.0308864],[139.0540904,36.0308876],[139.054089,36.0308889],[139.0540875,36.0308903],[139.0540863,36.0308917],[139.054085,36.0308931],[139.0540839,36.0308948],[139.0540829,36.0308963],[139.054082,36.030898],[139.0540812,36.0308997],[139.0540805,36.0309014],[139.0540801,36.0309031],[139.0540796,36.0309048],[139.0540793,36.0309065],[139.0540791,36.0309083],[139.054079,36.0309101],[139.0540791,36.0309118],[139.0540792,36.0309136],[139.0540795,36.0309154],[139.0540799,36.0309172],[139.0540802,36.0309179],[139.0540852,36.0309417],[139.0540913,36.0309658],[139.0540927,36.0309679],[139.0540942,36.0309699],[139.0540957,36.0309718],[139.0540975,36.0309737],[139.0540993,36.0309754],[139.0541013,36.0309771],[139.0541033,36.0309787],[139.0541055,36.0309802],[139.0541067,36.030981],[139.054109,36.0309823],[139.0541113,36.0309836],[139.0541139,36.0309847],[139.0541164,36.0309858],[139.0541191,36.0309867],[139.0541217,36.0309875],[139.0541245,36.0309882],[139.0541273,36.0309888],[139.05413,36.0309891],[139.0541329,36.0309895],[139.0541357,36.0309896],[139.0541386,36.0309898],[139.0541415,36.0309897],[139.0541444,36.0309894],[139.0541461,36.0309892],[139.0541509,36.0309895],[139.0541557,36.0309899],[139.0541603,36.0309906],[139.054165,36.0309914],[139.0541696,36.0309926],[139.0541741,36.0309938],[139.0541785,36.0309952],[139.0541828,36.0309969],[139.054185,36.0309979],[139.0541891,36.0309998],[139.0541931,36.0310019],[139.0541969,36.0310042],[139.0542007,36.0310066],[139.0542042,36.0310093],[139.0542075,36.0310121],[139.0542106,36.031015],[139.0542109,36.0310153],[139.0542138,36.0310202],[139.0542163,36.0310252],[139.0542186,36.0310304],[139.0542205,36.0310356],[139.0542218,36.0310401],[139.054223,36.0310455],[139.0542239,36.0310509],[139.0542244,36.0310563],[139.0542245,36.0310618],[139.0542243,36.0310672],[139.0542241,36.0310687],[139.0542223,36.0310723],[139.0542203,36.0310759],[139.054218,36.0310793],[139.0542172,36.0310804],[139.0542148,36.0310837],[139.054212,36.0310869],[139.054209,36.03109],[139.0542058,36.0310929],[139.0542029,36.0310953],[139.0542013,36.0310971],[139.0541999,36.031099],[139.0541986,36.031101],[139.0541974,36.0311031],[139.0541964,36.0311051],[139.0541955,36.0311073],[139.0541947,36.0311094],[139.0541943,36.031111],[139.0541937,36.0311131],[139.0541934,36.0311154],[139.0541932,36.0311176],[139.0541931,36.0311199],[139.0541932,36.0311221],[139.0541935,36.0311244],[139.0541939,36.0311266],[139.0541945,36.0311289],[139.0541951,36.0311311],[139.0541959,36.031133],[139.0541968,36.0311377],[139.0541973,36.0311424],[139.0541976,36.0311472],[139.0541976,36.031152],[139.0541974,36.031155],[139.0541968,36.0311598],[139.054196,36.0311645],[139.0541953,36.0311671],[139.054223,36.0311744],[139.0542545,36.0311827],[139.0542577,36.0311801],[139.054261,36.0311776],[139.0542646,36.0311753],[139.0542649,36.0311752],[139.0542685,36.0311729],[139.0542724,36.031171],[139.054275,36.0311697],[139.0542764,36.0311697],[139.0542778,36.0311696],[139.0542792,36.0311695],[139.0542806,36.0311693],[139.054282,36.031169],[139.0542833,36.0311687],[139.0542846,36.0311683],[139.054286,36.0311679],[139.0542872,36.0311674],[139.0542884,36.0311668],[139.0542896,36.0311662],[139.0542909,36.0311656],[139.0542919,36.0311649],[139.0542927,36.0311643],[139.0542937,36.0311635],[139.0542947,36.0311627],[139.0542956,36.0311618],[139.0542963,36.0311609],[139.0542972,36.0311599],[139.0542979,36.031159],[139.0542986,36.031158],[139.0542992,36.031157],[139.0542997,36.0311559],[139.0543001,36.0311548],[139.0543005,36.0311537],[139.0543008,36.0311526],[139.0543009,36.0311522],[139.0543024,36.0311496],[139.0543041,36.0311471],[139.0543061,36.0311447],[139.0543081,36.0311424],[139.0543103,36.0311401],[139.0543127,36.031138],[139.0543151,36.0311359],[139.0543178,36.031134],[139.054319,36.0311332],[139.0543218,36.0311314],[139.0543247,36.0311298],[139.0543277,36.0311283],[139.0543309,36.031127],[139.0543341,36.0311258],[139.0543375,36.0311247],[139.0543419,36.031123],[139.0543461,36.0311216],[139.0543505,36.0311203],[139.0543549,36.0311193],[139.0543595,36.0311185],[139.054364,36.0311177],[139.0543686,36.0311173],[139.0543694,36.0311173],[139.0543707,36.0311173],[139.0543719,36.0311175],[139.0543731,36.0311177],[139.0543743,36.031118],[139.0543756,36.0311184],[139.0543767,36.0311187],[139.0543779,36.0311191],[139.054379,36.0311197],[139.0543801,36.0311201],[139.0543809,36.0311206],[139.0543818,36.0311211],[139.0543828,36.0311218],[139.0543837,36.0311225],[139.0543846,36.0311232],[139.0543855,36.031124],[139.0543862,36.0311248],[139.0543869,36.0311256],[139.0543876,36.0311266],[139.0543882,36.0311275],[139.0543884,36.0311278],[139.0543911,36.0311305],[139.0543939,36.0311332],[139.054397,36.0311357],[139.0544002,36.0311381],[139.0544035,36.0311403],[139.0544071,36.0311424],[139.0544077,36.0311427],[139.0544114,36.0311446],[139.0544151,36.0311463],[139.054419,36.0311479],[139.054423,36.0311492],[139.0544241,36.0311496],[139.0544278,36.0311492],[139.0544317,36.0311491],[139.0544356,36.0311491],[139.0544395,36.0311493],[139.0544433,36.0311496],[139.0544446,36.0311498],[139.0544484,36.0311504],[139.0544521,36.0311511],[139.0544559,36.0311521],[139.0544594,36.0311532],[139.0544622,36.0311541],[139.0544665,36.0311576],[139.0544704,36.0311613],[139.0544743,36.0311653],[139.0544751,36.0311662],[139.0544786,36.0311703],[139.0544817,36.0311746],[139.0544846,36.0311789],[139.0544855,36.0311805],[139.0544856,36.0311818],[139.0544858,36.0311832],[139.0544862,36.0311846],[139.0544865,36.031186],[139.0544871,36.0311872],[139.0544877,36.0311886],[139.0544884,36.0311898],[139.0544891,36.0311911],[139.05449,36.0311923],[139.0544909,36.0311935],[139.0544913,36.0311939],[139.0544923,36.031195],[139.0544934,36.0311961],[139.0544946,36.0311971],[139.0544958,36.0311981],[139.0544972,36.031199],[139.0544986,36.0311998],[139.0544999,36.0312007],[139.0545015,36.0312014],[139.054503,36.031202],[139.0545045,36.0312026],[139.0545061,36.0312031],[139.0545078,36.0312035],[139.0545094,36.0312039],[139.054511,36.0312041],[139.0545136,36.0312044],[139.0545162,36.0312049],[139.0545187,36.0312055],[139.0545213,36.0312061],[139.0545237,36.0312068],[139.0545261,36.0312077],[139.0545286,36.0312087],[139.0545309,36.0312098],[139.0545314,36.03121],[139.0545336,36.0312113],[139.0545357,36.0312126],[139.0545378,36.031214],[139.0545397,36.0312154],[139.0545416,36.0312171],[139.0545421,36.0312175],[139.0545434,36.0312192],[139.0545445,36.0312209],[139.0545456,36.0312228],[139.0545466,36.0312246],[139.0545475,36.0312266],[139.0545479,36.0312278],[139.0545485,36.0312298],[139.054549,36.0312318],[139.0545493,36.0312338],[139.0545495,36.0312358],[139.0545496,36.0312377],[139.0545496,36.0312398],[139.0545493,36.0312418],[139.054549,36.0312438],[139.0545485,36.0312458],[139.0545482,36.0312471],[139.0545476,36.0312489],[139.0545472,36.0312508],[139.0545469,36.0312526],[139.0545468,36.0312545],[139.0545467,36.0312564],[139.0545468,36.0312582],[139.054547,36.0312601],[139.0545474,36.0312619],[139.0545479,36.0312638],[139.0545484,36.0312656],[139.054549,36.0312669],[139.0545497,36.0312686],[139.0545507,36.0312703],[139.0545517,36.031272],[139.0545528,36.0312736],[139.0545541,36.0312752],[139.0545554,36.0312767],[139.0545568,36.0312782],[139.0545584,36.0312795],[139.0545599,36.0312807],[139.0545626,36.0312835],[139.054565,36.0312865],[139.0545673,36.0312895],[139.0545692,36.0312927],[139.0545711,36.0312959],[139.0545727,36.0312992],[139.0545729,36.0312997],[139.0545743,36.0313032],[139.0545754,36.0313066],[139.0545763,36.03131],[139.054577,36.0313135],[139.0545774,36.0313171],[139.0545775,36.0313199],[139.0545775,36.0313233],[139.0545771,36.0313267],[139.0545766,36.0313301],[139.0545758,36.0313335],[139.0545748,36.0313369],[139.0545738,36.0313396],[139.0545724,36.0313428],[139.0545707,36.031346],[139.0545689,36.0313491],[139.0545669,36.0313521],[139.0545646,36.031355],[139.0545622,36.0313579],[139.0545596,36.0313606],[139.0545586,36.0313615],[139.0545399,36.0313783],[139.0545223,36.031393],[139.0545126,36.0313961],[139.0545056,36.0313981],[139.0544957,36.0314005],[139.0544932,36.031401],[139.0544923,36.0314013],[139.0544913,36.0314016],[139.0544904,36.0314019],[139.0544895,36.0314023],[139.0544886,36.0314026],[139.0544878,36.0314031],[139.0544869,36.0314035],[139.0544862,36.0314041],[139.0544854,36.0314047],[139.0544846,36.0314053],[139.0544839,36.0314059],[139.0544833,36.0314066],[139.0544828,36.0314072],[139.0544822,36.0314079],[139.0544818,36.0314087],[139.0544813,36.0314093],[139.054481,36.0314101],[139.0544806,36.0314109],[139.0544803,36.0314116],[139.0544801,36.0314124],[139.05448,36.0314132],[139.0544798,36.031414],[139.0544768,36.0314191],[139.0544734,36.0314241],[139.0544697,36.0314288],[139.0544676,36.0314313],[139.0544634,36.0314358],[139.0544589,36.0314401],[139.0544541,36.0314442],[139.054449,36.0314483],[139.054447,36.0314491],[139.0544451,36.0314498],[139.0544431,36.0314503],[139.0544411,36.0314508],[139.0544391,36.0314512],[139.054437,36.0314514],[139.0544349,36.0314517],[139.0544329,36.0314518],[139.0544321,36.0314519],[139.05443,36.0314518],[139.0544279,36.0314516],[139.0544258,36.0314514],[139.0544238,36.0314512],[139.0544217,36.0314508],[139.0544197,36.0314503],[139.0544177,36.0314498],[139.0544158,36.0314491],[139.0544138,36.0314483],[139.0543996,36.0314412],[139.0543812,36.031431],[139.0543786,36.0314293],[139.054376,36.0314279],[139.0543731,36.0314265],[139.0543702,36.0314252],[139.0543672,36.0314241],[139.0543641,36.0314232],[139.054361,36.0314224],[139.0543579,36.0314216],[139.054357,36.0314215],[139.0543538,36.031421],[139.0543505,36.0314206],[139.0543473,36.0314204],[139.054344,36.0314203],[139.0543407,36.0314203],[139.0543374,36.0314206],[139.0543346,36.0314208],[139.0543325,36.0314216],[139.0543303,36.0314223],[139.0543279,36.031423],[139.0543256,36.0314234],[139.0543233,36.0314238],[139.054321,36.0314241],[139.0543185,36.0314243],[139.0543162,36.0314243],[139.0543137,36.0314243],[139.0543114,36.0314241],[139.054309,36.0314238],[139.0543065,36.0314235],[139.0543042,36.031423],[139.054302,36.0314224],[139.0542997,36.0314218],[139.0542976,36.031421],[139.0542953,36.0314201],[139.0542933,36.0314192],[139.0542913,36.0314181],[139.0542893,36.031417],[139.0542875,36.0314158],[139.0542856,36.0314145],[139.054284,36.0314131],[139.0542833,36.0314126],[139.0542797,36.0314107],[139.0542762,36.0314087],[139.0542726,36.0314066],[139.0542694,36.0314043],[139.0542664,36.0314018],[139.0542634,36.0313992],[139.0542606,36.0313965],[139.0542579,36.0313936],[139.0542555,36.0313905],[139.0542533,36.0313874],[139.0542513,36.0313843],[139.0542496,36.0313811],[139.0542481,36.0313778],[139.0542473,36.0313759],[139.0542468,36.0313701],[139.0542468,36.0313642],[139.0542471,36.0313584],[139.0542479,36.0313525],[139.0542481,36.0313513],[139.0542493,36.0313456],[139.0542509,36.0313398],[139.0542524,36.0313355],[139.0542542,36.0313326],[139.0542557,36.0313297],[139.0542571,36.0313267],[139.0542582,36.0313236],[139.0542593,36.0313206],[139.0542601,36.0313174],[139.0542606,36.0313143],[139.0542609,36.0313114],[139.0542611,36.0313083],[139.054261,36.031305],[139.0542607,36.0313018],[139.0542602,36.0312987],[139.0542595,36.0312955],[139.0542585,36.0312925],[139.0542574,36.0312893],[139.0542479,36.0312585],[139.0542422,36.0312405],[139.0542411,36.0312311],[139.0542409,36.0312286],[139.0542406,36.0312191],[139.0542408,36.0312111],[139.0542237,36.0312055],[139.0542124,36.0312024],[139.0541947,36.0311981],[139.0541899,36.0311972],[139.0541884,36.0311999],[139.0541868,36.0312026],[139.0541848,36.0312052],[139.0541828,36.0312077],[139.0541806,36.0312101],[139.0541782,36.0312124],[139.0541756,36.0312147],[139.0541729,36.0312168],[139.0541701,36.0312188],[139.0541672,36.0312207],[139.054164,36.0312224],[139.0541609,36.0312239],[139.0541576,36.0312254],[139.0541542,36.0312266],[139.0541508,36.0312278],[139.054144,36.0312308],[139.054137,36.0312335],[139.0541297,36.031236],[139.0541293,36.0312361],[139.0541219,36.0312382],[139.0541145,36.03124],[139.0541069,36.0312414],[139.0540993,36.0312425],[139.0540963,36.0312428],[139.0540802,36.0312409],[139.054068,36.031239],[139.0540523,36.0312358],[139.0540485,36.0312349],[139.0540286,36.0312296],[139.0540215,36.0312274],[139.0540186,36.0312265],[139.0540073,36.03122],[139.0539965,36.0312129],[139.05399,36.0312083],[139.0539798,36.0312005],[139.0539721,36.031194],[139.0539701,36.0311921],[139.0539682,36.03119],[139.0539664,36.0311879],[139.0539648,36.0311858],[139.0539634,36.0311836],[139.0539619,36.0311813],[139.0539609,36.0311789],[139.0539598,36.0311765],[139.0539589,36.031174],[139.0539583,36.0311716],[139.0539577,36.0311691],[139.0539574,36.0311666],[139.0539572,36.031164],[139.0539571,36.0311615],[139.0539574,36.031159],[139.0539576,36.0311565],[139.0539579,36.0311557],[139.0539583,36.0311531],[139.0539591,36.0311507],[139.05396,36.0311483],[139.0539611,36.0311459],[139.0539622,36.0311435],[139.0539635,36.0311412],[139.0539649,36.0311393],[139.0539783,36.0311283],[139.0539825,36.0311251],[139.0539968,36.0311149],[139.0539985,36.0311065],[139.0539996,36.0310981],[139.0540002,36.0310895],[139.0540003,36.031081],[139.0539998,36.0310743],[139.0539989,36.0310658],[139.0539973,36.0310574],[139.0539952,36.0310491],[139.0539942,36.0310458],[139.0539812,36.0310135],[139.0539617,36.0309655],[139.0539425,36.0309413],[139.0539414,36.0309397],[139.0539241,36.0309146],[139.0539209,36.0309097],[139.0538933,36.0309136],[139.053855,36.0309185],[139.0538563,36.0309408],[139.0538563,36.0309421],[139.0538561,36.0309644],[139.0538557,36.030972],[139.0538528,36.0309781],[139.0538494,36.0309841],[139.0538456,36.0309898],[139.0538446,36.0309914],[139.0538405,36.0309969],[139.0538359,36.0310023],[139.0538309,36.0310075],[139.0538256,36.0310125],[139.053823,36.0310143],[139.0538206,36.0310161],[139.0538184,36.031018],[139.0538164,36.03102],[139.0538144,36.0310221],[139.0538126,36.0310243],[139.0538109,36.0310265],[139.0538094,36.031029],[139.0538079,36.0310315],[139.0538068,36.0310339],[139.0538058,36.0310363],[139.053805,36.0310389],[139.0538043,36.0310416],[139.0538069,36.0310521],[139.0538083,36.0310566],[139.0538119,36.0310668],[139.0538163,36.0310769],[139.0538206,36.0310857],[139.0538229,36.031088],[139.0538251,36.0310904],[139.0538272,36.031093],[139.053829,36.0310956],[139.0538307,36.0310983],[139.0538321,36.031101],[139.0538334,36.0311039],[139.0538341,36.0311057],[139.053835,36.0311087],[139.0538359,36.0311116],[139.0538364,36.0311146],[139.0538367,36.0311177],[139.0538369,36.0311206],[139.0538369,36.0311223],[139.0538347,36.0311285],[139.0538322,36.0311347],[139.0538292,36.0311407],[139.0538275,36.0311438],[139.0538239,36.0311496],[139.0538199,36.0311551],[139.0538156,36.0311605],[139.0538108,36.0311658],[139.0538058,36.0311707],[139.0538049,36.0311716],[139.0537982,36.0311783],[139.0537911,36.0311846],[139.053784,36.0311904],[139.053776,36.0311961],[139.0537677,36.0312015],[139.0537645,36.031203],[139.0537613,36.0312043],[139.053758,36.0312055],[139.0537546,36.0312064],[139.0537512,36.0312073],[139.0537477,36.031208],[139.0537454,36.0312084],[139.0537418,36.0312088],[139.0537383,36.031209],[139.0537347,36.0312092],[139.0537311,36.0312092],[139.0537275,36.031209],[139.053724,36.0312086],[139.0537204,36.0312081],[139.0537169,36.0312074],[139.0537135,36.0312065],[139.0537128,36.0312064],[139.0537049,36.0312039],[139.0536973,36.031201],[139.0536898,36.0311979],[139.0536826,36.0311943],[139.0536785,36.0311922],[139.0536717,36.0311882],[139.0536651,36.031184],[139.0536588,36.0311793],[139.0536529,36.0311745],[139.0536473,36.0311694],[139.0536459,36.0311681],[139.0536413,36.0311644],[139.0536369,36.0311604],[139.0536329,36.0311563],[139.0536299,36.0311531],[139.0536263,36.0311486],[139.053623,36.0311441],[139.05362,36.0311394],[139.0536187,36.0311372],[139.0536152,36.0311339],[139.0536115,36.0311305],[139.0536075,36.0311274],[139.0536066,36.0311268],[139.0536023,36.0311239],[139.053598,36.0311211],[139.0535952,36.0311196],[139.0535943,36.0311193],[139.0535933,36.031119],[139.0535923,36.0311188],[139.0535913,36.0311186],[139.0535903,36.0311184],[139.0535893,36.0311183],[139.0535882,36.0311183],[139.0535872,36.0311183],[139.0535862,36.0311183],[139.0535852,36.0311184],[139.0535842,36.0311184],[139.0535831,36.0311186],[139.0535822,36.0311189],[139.0535812,36.0311191],[139.0535802,36.0311194],[139.0535793,36.0311198],[139.0535783,36.0311201],[139.0535774,36.0311206],[139.0535766,36.031121],[139.0535757,36.0311216],[139.0535754,36.0311217],[139.0535746,36.0311223],[139.0535739,36.0311229],[139.0535731,36.0311235],[139.0535726,36.0311241],[139.0535719,36.0311248],[139.0535713,36.0311255],[139.0535709,36.0311263],[139.0535703,36.031127],[139.05357,36.0311277],[139.0535696,36.0311285],[139.0535693,36.0311293],[139.0535691,36.0311302],[139.0535689,36.031131],[139.0535687,36.0311318],[139.0535686,36.0311326],[139.0535686,36.0311335],[139.0535686,36.0311343],[139.0535687,36.0311351],[139.0535688,36.0311359],[139.053569,36.0311367],[139.0535691,36.0311373],[139.053569,36.0311385],[139.0535689,36.0311396],[139.0535689,36.0311408],[139.053569,36.0311419],[139.0535691,36.031143],[139.0535693,36.0311442],[139.0535696,36.0311453],[139.0535698,36.0311461],[139.0535703,36.0311472],[139.0535708,36.0311483],[139.0535713,36.0311494],[139.053572,36.0311504],[139.0535727,36.0311514],[139.0535734,36.0311523],[139.0535743,36.0311533],[139.0535752,36.0311542],[139.0535762,36.0311551],[139.0535768,36.0311556],[139.0535785,36.0311577],[139.0535798,36.0311599],[139.0535811,36.031162],[139.0535822,36.0311643],[139.0535832,36.0311665],[139.0535839,36.0311688],[139.0535845,36.0311712],[139.0535851,36.0311735],[139.0535854,36.0311759],[139.0535856,36.0311783],[139.0535856,36.0311807],[139.0535854,36.0311832],[139.0535851,36.0311856],[139.0535846,36.0311879],[139.053584,36.0311899],[139.0535839,36.0311917],[139.0535838,36.0311934],[139.0535839,36.0311952],[139.053584,36.031197],[139.0535843,36.0311987],[139.0535847,36.0312006],[139.0535851,36.0312023],[139.0535858,36.031204],[139.0535865,36.0312056],[139.0535874,36.0312073],[139.0535878,36.0312081],[139.0535888,36.0312097],[139.05359,36.0312112],[139.0535912,36.0312127],[139.0535926,36.031214],[139.053594,36.0312154],[139.0535954,36.0312167],[139.0535971,36.0312179],[139.0535987,36.0312191],[139.0536005,36.0312202],[139.0536023,36.0312212],[139.0536028,36.0312215],[139.0536064,36.0312223],[139.0536101,36.0312234],[139.0536138,36.0312246],[139.0536172,36.031226],[139.0536206,36.0312275],[139.0536238,36.0312292],[139.053627,36.0312309],[139.0536298,36.0312328],[139.0536326,36.0312348],[139.0536355,36.0312369],[139.053638,36.0312393],[139.0536406,36.0312417],[139.0536429,36.0312442],[139.0536449,36.0312468],[139.0536458,36.0312481],[139.0536524,36.0312561],[139.0536584,36.0312643],[139.0536627,36.0312708],[139.0536677,36.0312795],[139.053671,36.0312861],[139.0536729,36.0312891],[139.0536751,36.031292],[139.0536774,36.0312949],[139.05368,36.0312975],[139.0536826,36.0313001],[139.0536844,36.0313018],[139.0536874,36.0313041],[139.0536906,36.0313064],[139.0536938,36.0313085],[139.0536972,36.0313104],[139.0537008,36.0313123],[139.0537042,36.0313138],[139.0537065,36.0313156],[139.0537089,36.0313172],[139.0537115,36.0313187],[139.0537142,36.0313202],[139.0537169,36.0313215],[139.0537198,36.0313226],[139.0537203,36.0313228],[139.0537232,36.0313239],[139.0537262,36.0313248],[139.0537293,36.0313256],[139.0537324,36.0313262],[139.0537355,36.0313267],[139.0537387,36.031327],[139.0537418,36.0313273],[139.053745,36.0313273],[139.0537482,36.0313273],[139.0537513,36.0313271],[139.0537546,36.0313268],[139.0537555,36.0313266],[139.0537694,36.031327],[139.0537777,36.0313275],[139.0537916,36.0313289],[139.0537999,36.03133],[139.0538091,36.0313304],[139.0538183,36.0313305],[139.0538274,36.0313301],[139.0538365,36.0313293],[139.0538456,36.0313281],[139.0538525,36.0313268],[139.0538553,36.0313266],[139.053858,36.0313263],[139.0538606,36.0313257],[139.0538633,36.0313251],[139.053866,36.0313244],[139.0538686,36.0313235],[139.053871,36.0313226],[139.0538734,36.0313216],[139.0538758,36.0313203],[139.0538781,36.0313191],[139.0538799,36.031318],[139.053882,36.0313166],[139.053884,36.031315],[139.053886,36.0313134],[139.0538878,36.0313117],[139.0538894,36.0313099],[139.0538909,36.031308],[139.0538924,36.0313061],[139.0538928,36.0313054],[139.0538949,36.0312982],[139.0538975,36.0312912],[139.0538979,36.03129],[139.053901,36.0312831],[139.0539035,36.0312781],[139.0539037,36.0312772],[139.0539039,36.0312763],[139.0539042,36.0312753],[139.0539044,36.0312744],[139.0539049,36.0312735],[139.0539053,36.0312726],[139.0539058,36.0312717],[139.0539064,36.0312709],[139.053907,36.0312701],[139.0539077,36.0312693],[139.0539084,36.0312684],[139.0539092,36.0312677],[139.0539101,36.031267],[139.0539108,36.0312664],[139.0539118,36.0312658],[139.0539127,36.0312652],[139.0539138,36.0312647],[139.053915,36.0312641],[139.0539161,36.0312636],[139.0539172,36.0312633],[139.0539183,36.0312629],[139.0539194,36.0312627],[139.0539205,36.0312624],[139.0539218,36.0312622],[139.0539229,36.0312622],[139.0539241,36.0312621],[139.0539253,36.031262],[139.0539264,36.0312621],[139.0539276,36.0312621],[139.0539289,36.0312623],[139.05393,36.0312625],[139.0539312,36.0312627],[139.0539323,36.0312629],[139.0539334,36.0312633],[139.0539345,36.0312638],[139.0539723,36.0312669],[139.0539944,36.0312694],[139.054017,36.0312737],[139.0540372,36.0312777],[139.0540506,36.0312803],[139.0540627,36.0312823],[139.0540672,36.0312844],[139.0540715,36.0312866],[139.0540757,36.031289],[139.0540784,36.0312907],[139.0540823,36.0312935],[139.0540855,36.0312959],[139.0540776,36.0313314],[139.0540729,36.0313606]]]]},"properties":{"layer":"landuse","class_code":"220","class_label":"その他①（ゴルフ場）"}},{"type":"Feature","id":"luse_eb8cd599-dbb9-4ae5-9af5-b77b9ee91b29","geometry":{"type":"Polygon","coordinates":[[[139.0625,36.03083085527452],[139.0625,36.031091452145205],[139.0624911,36.0310953],[139.0623093,36.0308806],[139.0624073,36.0308351],[139.0624415,36.0308212],[139.0624808,36.0308052],[139.0625,36.03083085527452]]]},"properties":{"layer":"landuse","class_code":"221","class_label":"その他②（太陽光発電のシステムを直接整備している土地）"}},{"type":"Feature","id":"luse_10b3dfd5-e7af-4e6e-a5a9-49cded10708d","geometry":{"type":"Polygon","coordinates":[[[139.0605359443538,36.03333333333333],[139.0596593,36.0331567],[139.059603,36.0330562],[139.0596404,36.0323804],[139.0597088,36.0316976],[139.0604772,36.0314773],[139.0607936,36.0315437],[139.061241,36.0317326],[139.0613939,36.0318552],[139.0617369,36.0323546],[139.0618995,36.0323878],[139.0622413,36.0325617],[139.0625,36.03254049031896],[139.0625,36.03333333333333],[139.0605359443538,36.03333333333333]]]},"properties":{"layer":"landuse","class_code":"221","class_label":"その他②（太陽光発電のシステムを直接整備している土地）"}},{"type":"Feature","id":"luse_144bbcca-16c1-447a-bf29-1c22ed7d93ca","geometry":{"type":"Polygon","coordinates":[[[139.0625,36.025],[139.0625,36.03333333333333],[139.0625,36.03333333333333],[139.0625,36.03079745177665],[139.0624808,36.0308052],[139.0624415,36.0308212],[139.0624073,36.0308351],[139.0623093,36.0308806],[139.0622348,36.0309152],[139.0622889,36.0309862],[139.0622634,36.030999],[139.0621929,36.0309066],[139.0623162,36.0308493],[139.0623931,36.0308135],[139.0624242,36.0308009],[139.0624459,36.0307921],[139.0625,36.03077013001605],[139.0625,36.03035389214226],[139.0624015,36.0302514],[139.0623954,36.0302445],[139.0623849,36.0302492],[139.0622902,36.0302913],[139.0622852,36.0302837],[139.0622809,36.0302772],[139.0623843,36.0302312],[139.0622599,36.0300864],[139.0621531,36.0299324],[139.0621326,36.0299049],[139.0620621,36.0298099],[139.0619819,36.0297119],[139.0619784,36.0297076],[139.061978,36.0297076],[139.0619269,36.0297099],[139.0619153,36.0297104],[139.0617301,36.0297529],[139.0617096,36.0297566],[139.0616902,36.029761],[139.0616712,36.0297662],[139.0616525,36.0297723],[139.0616367,36.0297785],[139.0616187,36.029786],[139.0616014,36.0297944],[139.061585,36.0298035],[139.0615689,36.0298134],[139.0615573,36.0298214],[139.0614741,36.0298748],[139.0614592,36.0298837],[139.0613799,36.0299286],[139.0612839,36.0299658],[139.061196,36.029997],[139.0611948,36.0299974],[139.0611834,36.0300015],[139.0611688,36.0300061],[139.0611342,36.0300174],[139.0611019,36.0300267],[139.0610514,36.030039],[139.0610408,36.0300413],[139.0610405,36.0300413],[139.0609956,36.0300495],[139.0609952,36.0300495],[139.060952,36.0300553],[139.0609498,36.0300556],[139.0609463,36.030056],[139.0609459,36.030056],[139.0609003,36.0300599],[139.0608999,36.0300599],[139.0608667,36.0300613],[139.0608538,36.0300619],[139.0608449,36.0300619],[139.0608319,36.030062],[139.0607902,36.0300613],[139.0607889,36.0300613],[139.0607346,36.0300605],[139.0606924,36.0300597],[139.0606494,36.0300583],[139.0606168,36.0300573],[139.0606164,36.0300573],[139.0605493,36.0300502],[139.0605489,36.0300501],[139.0604914,36.0300416],[139.0604257,36.030029],[139.0604253,36.0300289],[139.0604103,36.0300254],[139.060376,36.0300173],[139.0603138,36.0300057],[139.0602509,36.0299968],[139.0602036,36.0299921],[139.0601399,36.0299881],[139.0601311,36.029988],[139.0601095,36.0299876],[139.0600762,36.029987],[139.0600758,36.029987],[139.0600292,36.0299883],[139.0600122,36.0299887],[139.0599861,36.0299903],[139.0596931,36.030025],[139.0596592,36.0300262],[139.0596458,36.0300267],[139.0596529,36.0300404],[139.0596697,36.0300543],[139.0597346,36.030104],[139.0597566,36.0301186],[139.0597766,36.0301294],[139.0598119,36.0301441],[139.0598566,36.0301593],[139.0599199,36.03018],[139.059977,36.0302032],[139.0599864,36.0302085],[139.0599934,36.0302123],[139.0599925,36.0302134],[139.0599752,36.0302333],[139.0599609,36.0302253],[139.0599596,36.0302249],[139.0599069,36.0302035],[139.0598446,36.030183],[139.0597984,36.0301674],[139.0597604,36.0301516],[139.059738,36.0301392],[139.0597137,36.0301233],[139.059648,36.030073],[139.0596178,36.0300479],[139.059605,36.0300379],[139.0596032,36.0300281],[139.0596028,36.0300281],[139.0595226,36.0300308],[139.0594632,36.0300271],[139.059432,36.0300251],[139.0594316,36.0300251],[139.059342,36.0300155],[139.0592848,36.0300072],[139.0591966,36.0299911],[139.0591274,36.0299756],[139.0590474,36.0299566],[139.0589688,36.0299342],[139.0589685,36.0299341],[139.0589664,36.0299335],[139.0588894,36.0299075],[139.0588141,36.0298782],[139.0588063,36.0298747],[139.0586719,36.0298171],[139.0585248,36.0297508],[139.058427,36.0297069],[139.0584235,36.0297052],[139.0583564,36.0296716],[139.0583197,36.0296525],[139.0582996,36.0296408],[139.0582615,36.0296116],[139.0582489,36.0296017],[139.0581969,36.0295674],[139.0581623,36.0295464],[139.0581519,36.0295423],[139.0579716,36.0294454],[139.0578135,36.0293493],[139.0576308,36.0292494],[139.0575812,36.0292244],[139.0575311,36.029201],[139.0573897,36.0291347],[139.0573648,36.0291238],[139.0570759,36.0289951],[139.0570122,36.028969],[139.0570118,36.0289689],[139.0568395,36.0289018],[139.0567933,36.0288788],[139.0566386,36.0288018],[139.0565024,36.028737],[139.0563459,36.0286664],[139.0562698,36.028633],[139.0562401,36.0286375],[139.0562376,36.0286379],[139.0562093,36.0286254],[139.0560522,36.0285475],[139.0560434,36.0285428],[139.0560427,36.0285222],[139.0560029,36.0285008],[139.0558502,36.0284187],[139.0557582,36.0283738],[139.0557579,36.0283737],[139.0556418,36.0283224],[139.0555986,36.0283034],[139.0555982,36.0283032],[139.0555454,36.0282819],[139.055418,36.0282353],[139.0552878,36.0281943],[139.055249,36.0281832],[139.0552487,36.0281832],[139.0552103,36.028174],[139.0551765,36.0281674],[139.055137,36.0281615],[139.0551291,36.0281606],[139.0551254,36.0281602],[139.0550974,36.0281573],[139.0550564,36.0281549],[139.0550559,36.0281549],[139.0550336,36.0281551],[139.0549973,36.0281556],[139.054945,36.0281585],[139.0548865,36.0281642],[139.0548862,36.0281642],[139.054826,36.0281728],[139.0547794,36.0281792],[139.0547308,36.0281837],[139.0547304,36.0281837],[139.054682,36.028186],[139.0546522,36.0281863],[139.0546518,36.0281863],[139.0546307,36.0281858],[139.0546033,36.0281852],[139.0545688,36.0281828],[139.0545543,36.0281818],[139.054506,36.0281764],[139.0544743,36.0281715],[139.054474,36.0281715],[139.0543132,36.0281522],[139.0542636,36.0281395],[139.0542633,36.0281394],[139.0541913,36.0281102],[139.0541064,36.0280743],[139.0540929,36.028068],[139.0540926,36.0280678],[139.0540789,36.0280621],[139.0540642,36.0280569],[139.0540495,36.0280524],[139.0540344,36.0280486],[139.0540192,36.0280454],[139.054018,36.0280452],[139.0540176,36.0280451],[139.0540023,36.0280427],[139.0539978,36.0280422],[139.0539961,36.028042],[139.0539867,36.0280409],[139.0539781,36.0280403],[139.053971,36.0280399],[139.0539613,36.0280397],[139.0539552,36.0280396],[139.0539512,36.0280396],[139.0539396,36.0280398],[139.0539393,36.0280398],[139.053924,36.0280408],[139.0539236,36.0280409],[139.0539083,36.0280426],[139.0539079,36.0280427],[139.0538928,36.0280451],[139.0538924,36.0280451],[139.0538796,36.0280477],[139.0538624,36.0280506],[139.0538559,36.0280517],[139.0538556,36.0280517],[139.0538318,36.0280547],[139.0538315,36.0280547],[139.0538073,36.0280566],[139.0537878,36.0280573],[139.0537832,36.0280575],[139.0537829,36.0280575],[139.0537586,36.0280573],[139.053758,36.0280573],[139.0537574,36.0280572],[139.0537454,36.0280565],[139.0537418,36.0280563],[139.053733,36.0280559],[139.0537158,36.0280541],[139.053709,36.0280534],[139.0537087,36.0280534],[139.0536851,36.0280499],[139.0536847,36.0280499],[139.053681,36.0280492],[139.0536702,36.0280444],[139.0536597,36.0280391],[139.0536496,36.0280333],[139.0536399,36.0280271],[139.0536308,36.0280205],[139.053622,36.0280135],[139.0536136,36.028006],[139.0536124,36.0280049],[139.0536046,36.0279971],[139.0535972,36.0279889],[139.0535908,36.0279805],[139.0535845,36.0279717],[139.0535792,36.0279627],[139.0535743,36.0279535],[139.05357,36.027944],[139.0535665,36.0279344],[139.0535661,36.0279333],[139.0535617,36.0278974],[139.0535594,36.0278615],[139.0535594,36.027851],[139.0535604,36.0278151],[139.0535642,36.0277791],[139.0535643,36.027778],[139.0535653,36.0277284],[139.0535651,36.0277213],[139.0535662,36.0277055],[139.0535652,36.0276902],[139.0535634,36.0276739],[139.0535606,36.0276579],[139.0535563,36.0276417],[139.0535512,36.0276257],[139.0535449,36.0276102],[139.0535376,36.0275951],[139.0535347,36.0275899],[139.0535293,36.0275802],[139.05352,36.0275655],[139.053513,36.0275555],[139.0534851,36.027516],[139.0534616,36.0274827],[139.0534143,36.0274065],[139.053378,36.0273397],[139.0533405,36.0272601],[139.053314,36.0271949],[139.053286,36.0271048],[139.0532626,36.0270096],[139.0532528,36.026987],[139.0532398,36.0269614],[139.0532293,36.0269433],[139.0532133,36.0269188],[139.0531958,36.0268953],[139.0531766,36.0268724],[139.0531556,36.0268501],[139.0531483,36.0268427],[139.053123,36.026817],[139.0529181,36.0266371],[139.0529131,36.0266309],[139.052908,36.0266249],[139.0529026,36.0266191],[139.0528965,36.0266137],[139.0528903,36.0266084],[139.0528837,36.0266034],[139.0528768,36.0265987],[139.0528695,36.0265944],[139.0528617,36.0265905],[139.0528539,36.0265868],[139.0528461,36.0265834],[139.0528378,36.0265805],[139.0528294,36.0265779],[139.0528242,36.0265765],[139.0528153,36.0265745],[139.0528067,36.026573],[139.0528063,36.0265729],[139.0527975,36.0265718],[139.0527886,36.026571],[139.0527796,36.0265706],[139.0527774,36.0265706],[139.0527708,36.0265706],[139.0527704,36.0265706],[139.0527656,36.0265708],[139.0527618,36.026571],[139.0527614,36.026571],[139.0527526,36.0265718],[139.0527437,36.026573],[139.0527349,36.0265746],[139.0527264,36.0265765],[139.052726,36.0265766],[139.0527177,36.0265789],[139.0527095,36.0265817],[139.0527013,36.0265848],[139.0526933,36.0265883],[139.0526857,36.0265921],[139.0526782,36.0265963],[139.0526723,36.0265999],[139.0526668,36.026605],[139.0526616,36.0266103],[139.0526568,36.026616],[139.0526523,36.0266217],[139.0526482,36.0266277],[139.0526446,36.0266338],[139.0526415,36.0266401],[139.0526386,36.0266465],[139.0526362,36.0266531],[139.0526344,36.0266597],[139.0526329,36.0266664],[139.0526319,36.0266731],[139.0526313,36.02668],[139.0526312,36.0266857],[139.0526315,36.0266925],[139.0526319,36.0266961],[139.0526322,36.0266993],[139.0526335,36.026706],[139.0526351,36.0267127],[139.0526373,36.0267193],[139.0526397,36.0267258],[139.0526428,36.0267321],[139.0526461,36.0267384],[139.05265,36.0267444],[139.0526541,36.0267503],[139.0526587,36.026756],[139.0526637,36.0267616],[139.0526691,36.0267667],[139.0526748,36.0267718],[139.0526787,36.026775],[139.0526791,36.0267753],[139.0526807,36.0267766],[139.0526871,36.026781],[139.0526894,36.0267826],[139.052733,36.0268182],[139.0527741,36.0268556],[139.0527904,36.0268716],[139.0528278,36.0269115],[139.0528614,36.0269515],[139.0528639,36.0269546],[139.0528709,36.0269637],[139.052883,36.0269809],[139.0528941,36.026999],[139.052904,36.0270176],[139.0529124,36.0270359],[139.0529149,36.0270422],[139.0529301,36.0270805],[139.0530054,36.0272696],[139.0530228,36.0273133],[139.0530351,36.0273437],[139.0530457,36.0273762],[139.0530543,36.0274092],[139.0530605,36.0274426],[139.053062,36.027455],[139.0530645,36.0274754],[139.0530663,36.027509],[139.0530681,36.027526],[139.0530696,36.0275459],[139.0530699,36.0275634],[139.0530723,36.0275868],[139.0530729,36.0275929],[139.053074,36.027604],[139.0530742,36.0276266],[139.0530741,36.0276431],[139.0530715,36.0276745],[139.0530709,36.0276853],[139.0530695,36.0276961],[139.0530673,36.0277068],[139.0530646,36.0277173],[139.053061,36.0277277],[139.0530568,36.027738],[139.0530539,36.0277442],[139.0530486,36.027754],[139.0530426,36.0277636],[139.0530359,36.0277731],[139.0530288,36.0277821],[139.0530209,36.0277908],[139.0530125,36.0277992],[139.0530053,36.0278057],[139.0529647,36.027842],[139.0528853,36.0279095],[139.052805,36.0279836],[139.0527934,36.027998],[139.0527811,36.0280155],[139.05277,36.0280334],[139.0527597,36.0280526],[139.0527595,36.0280529],[139.0527506,36.0280725],[139.0527433,36.0280918],[139.0527374,36.0281113],[139.0527335,36.0281278],[139.0527335,36.0281398],[139.0527346,36.0281558],[139.0527367,36.0281717],[139.0527398,36.0281875],[139.0527435,36.0282011],[139.0527486,36.0282166],[139.0527547,36.0282317],[139.0527624,36.0282477],[139.0527732,36.028269],[139.0527771,36.0282771],[139.0527786,36.0282803],[139.0527931,36.0283113],[139.0528118,36.0283484],[139.0528325,36.0283837],[139.0528532,36.0284144],[139.0528556,36.028418],[139.0528811,36.0284517],[139.0528962,36.0284696],[139.0529251,36.0285013],[139.052956,36.0285314],[139.0529891,36.0285605],[139.0530073,36.0285751],[139.0530618,36.0286287],[139.0530152,36.0286598],[139.0530018,36.0286688],[139.0529865,36.0286537],[139.0529497,36.0286177],[139.0529333,36.0286043],[139.0528974,36.028573],[139.0528641,36.0285403],[139.0528326,36.0285061],[139.052816,36.028486],[139.0527882,36.0284498],[139.0527631,36.0284124],[139.0527407,36.0283738],[139.0527208,36.0283345],[139.0527047,36.0282997],[139.0527012,36.0282925],[139.0526904,36.0282712],[139.0526817,36.0282531],[139.0526742,36.0282347],[139.052668,36.028216],[139.0526633,36.0281992],[139.0526597,36.0281801],[139.0526571,36.0281608],[139.0526558,36.0281414],[139.0526559,36.028122],[139.0526562,36.0281209],[139.0526615,36.0280978],[139.0526685,36.028075],[139.052677,36.0280524],[139.052687,36.0280303],[139.052688,36.0280281],[139.0526996,36.0280066],[139.0527126,36.0279856],[139.0527269,36.0279651],[139.0527429,36.0279454],[139.052828,36.0278669],[139.0529236,36.0277857],[139.0529349,36.0277765],[139.052941,36.0277698],[139.0529502,36.0277579],[139.0529581,36.0277455],[139.0529659,36.0277305],[139.0529729,36.0277151],[139.0529784,36.0277033],[139.0529822,36.0276887],[139.0529828,36.0276854],[139.0529848,36.027676],[139.0529868,36.0276599],[139.0529876,36.0276543],[139.0529885,36.0276407],[139.0529886,36.0276271],[139.0529894,36.0276079],[139.0529885,36.0275936],[139.0529887,36.0275801],[139.0529877,36.0275604],[139.0529882,36.0275403],[139.0529886,36.0275101],[139.052987,36.0274798],[139.0529834,36.0274504],[139.0529778,36.0274205],[139.05297,36.0273909],[139.0529605,36.0273616],[139.052949,36.0273329],[139.0528409,36.0270618],[139.052839,36.0270567],[139.0528319,36.027041],[139.0528235,36.0270256],[139.0528143,36.0270106],[139.0528041,36.0269961],[139.0527989,36.026989],[139.0527871,36.0269753],[139.0527748,36.0269619],[139.0527614,36.0269492],[139.0527471,36.0269371],[139.0527417,36.0269338],[139.0527091,36.0269134],[139.0526471,36.0268709],[139.0526011,36.0268383],[139.0525747,36.0268161],[139.0525636,36.0268035],[139.052556,36.0267895],[139.0525495,36.0267752],[139.0525439,36.0267607],[139.052539,36.0267459],[139.0525355,36.0267309],[139.0525326,36.0267158],[139.0525311,36.0267006],[139.0525309,36.0266957],[139.0525306,36.0266804],[139.0525313,36.0266652],[139.0525328,36.0266499],[139.0525358,36.0266348],[139.0525394,36.0266199],[139.0525444,36.0266099],[139.0525507,36.0265997],[139.0525572,36.0265897],[139.0525647,36.0265799],[139.0525726,36.0265706],[139.0525812,36.0265616],[139.0525904,36.0265531],[139.0526003,36.0265449],[139.0526087,36.0265386],[139.0526195,36.0265313],[139.0526304,36.0265244],[139.0526421,36.0265181],[139.052649,36.0265147],[139.0526541,36.0265123],[139.0526666,36.026507],[139.0526793,36.0265023],[139.0526924,36.0264982],[139.0527057,36.0264946],[139.0527161,36.0264912],[139.0527165,36.0264911],[139.052729,36.0264884],[139.0527357,36.0264871],[139.0527468,36.0264848],[139.0527578,36.0264829],[139.0527582,36.0264828],[139.0527691,36.0264815],[139.0527695,36.0264815],[139.0527767,36.0264809],[139.0527806,36.0264806],[139.0527809,36.0264806],[139.0527922,36.0264802],[139.0528036,36.0264804],[139.0528151,36.0264811],[139.0528263,36.0264822],[139.0528266,36.0264822],[139.0528376,36.0264838],[139.0528379,36.0264839],[139.0528489,36.026486],[139.05285,36.0264863],[139.0528597,36.0264886],[139.0528601,36.0264887],[139.0528707,36.0264918],[139.0528813,36.0264954],[139.0528917,36.0264994],[139.0529016,36.026504],[139.0529089,36.0265076],[139.0529183,36.0265129],[139.0529276,36.0265186],[139.0529363,36.0265247],[139.0529446,36.0265311],[139.0529524,36.0265379],[139.0529596,36.0265451],[139.0529665,36.0265525],[139.0529729,36.0265603],[139.0529787,36.0265683],[139.0529816,36.0265712],[139.0531602,36.0267534],[139.0532087,36.026803],[139.0532167,36.0268109],[139.0532398,36.0268356],[139.0532613,36.0268613],[139.053281,36.0268878],[139.0532988,36.0269151],[139.0533108,36.0269359],[139.0533254,36.0269645],[139.0533381,36.0269937],[139.0533389,36.026998],[139.0533617,36.0270909],[139.0533888,36.0271773],[139.0534137,36.0272391],[139.0534163,36.0272446],[139.0534499,36.0273157],[139.0534845,36.0273795],[139.0534864,36.0273825],[139.05353,36.0274528],[139.0535802,36.027524],[139.0535883,36.0275352],[139.0535963,36.0275478],[139.0535994,36.0275527],[139.0536095,36.0275707],[139.0536182,36.027589],[139.0536258,36.0276078],[139.0536319,36.0276269],[139.0536321,36.0276275],[139.053637,36.0276468],[139.0536406,36.0276662],[139.053643,36.0276859],[139.0536439,36.0277057],[139.053643,36.0277226],[139.053643,36.0277528],[139.0536434,36.0277593],[139.053645,36.0277829],[139.0536472,36.027801],[139.0536512,36.0278239],[139.0536524,36.0278309],[139.0536526,36.0278332],[139.0536535,36.0278414],[139.0536551,36.0278495],[139.0536571,36.0278574],[139.0536597,36.0278654],[139.0536628,36.0278731],[139.0536664,36.0278807],[139.0536706,36.0278882],[139.0536752,36.0278954],[139.0536803,36.0279025],[139.0536858,36.0279093],[139.0536918,36.0279158],[139.0536983,36.027922],[139.0537051,36.027928],[139.0537083,36.0279306],[139.0537158,36.0279361],[139.0537236,36.0279413],[139.0537317,36.0279461],[139.0537399,36.0279506],[139.0537487,36.0279547],[139.0537576,36.0279583],[139.0537667,36.0279616],[139.053767,36.0279617],[139.0537761,36.0279644],[139.0537764,36.0279645],[139.0537858,36.0279669],[139.0537956,36.0279689],[139.0538054,36.0279705],[139.0538154,36.0279717],[139.0538252,36.0279724],[139.0538256,36.0279724],[139.0538355,36.0279726],[139.0538454,36.0279724],[139.0538457,36.0279724],[139.0539043,36.0279766],[139.0539046,36.0279766],[139.0539884,36.0279858],[139.0539887,36.0279858],[139.0540331,36.0279922],[139.0540944,36.0280041],[139.0541017,36.0280056],[139.0541132,36.0280078],[139.0541258,36.0280114],[139.0541299,36.0280132],[139.0542267,36.0280539],[139.0542925,36.0280808],[139.0542928,36.0280809],[139.0543306,36.0280905],[139.0543635,36.0280944],[139.054487,36.0281093],[139.0545186,36.0281141],[139.0545628,36.0281191],[139.0545632,36.0281191],[139.0545903,36.028121],[139.0545921,36.0281211],[139.0546077,36.0281222],[139.0546306,36.0281227],[139.0546525,36.0281232],[139.0546792,36.0281229],[139.0546901,36.0281224],[139.0547238,36.0281208],[139.0547241,36.0281208],[139.0547686,36.0281168],[139.0548127,36.0281107],[139.054813,36.0281106],[139.0548445,36.0281062],[139.054875,36.0281018],[139.0549377,36.0280957],[139.0549504,36.028095],[139.0549942,36.0280925],[139.0550573,36.0280918],[139.0550612,36.0280919],[139.0551053,36.0280945],[139.0551492,36.0280991],[139.0551928,36.0281057],[139.0552305,36.028113],[139.0552729,36.0281232],[139.0553147,36.0281352],[139.0554482,36.028177],[139.0555479,36.0282135],[139.0555787,36.0282248],[139.0556343,36.0282473],[139.0557968,36.0283189],[139.0558918,36.0283653],[139.0560457,36.0284482],[139.0561049,36.0284801],[139.0562585,36.0285561],[139.0563831,36.0286111],[139.056541,36.0286822],[139.0566786,36.0287477],[139.0568767,36.0288464],[139.0570465,36.0289123],[139.0571117,36.0289393],[139.057112,36.0289394],[139.0573752,36.0290566],[139.0574017,36.0290684],[139.0574273,36.0290795],[139.0574709,36.0290999],[139.0574723,36.0291006],[139.0576213,36.0291702],[139.0576731,36.0291964],[139.0578585,36.0292978],[139.0580162,36.0293938],[139.0581948,36.0294896],[139.0582046,36.0294935],[139.058353,36.0295584],[139.0584058,36.0295847],[139.0584177,36.0295911],[139.0584838,36.0296242],[139.058485,36.0296247],[139.058581,36.029668],[139.0587272,36.0297339],[139.0588603,36.0297909],[139.0588664,36.0297935],[139.0589369,36.0298211],[139.0590092,36.0298454],[139.059083,36.0298665],[139.0591592,36.0298845],[139.0592249,36.0298993],[139.0593079,36.0299144],[139.0593597,36.029922],[139.0593601,36.029922],[139.0594438,36.029931],[139.0594441,36.029931],[139.0594844,36.0299335],[139.0595247,36.029936],[139.0595498,36.0299352],[139.0595939,36.0299337],[139.0596821,36.0299307],[139.0596824,36.0299306],[139.0599089,36.0299038],[139.0599735,36.0298961],[139.0600059,36.0298942],[139.0600062,36.0298942],[139.0600753,36.0298923],[139.0601453,36.0298936],[139.0601456,36.0298936],[139.0601795,36.0298957],[139.0601807,36.0298958],[139.0602149,36.0298979],[139.0602153,36.0298979],[139.0602333,36.0298997],[139.0602679,36.0299032],[139.0603365,36.0299129],[139.0603368,36.0299129],[139.0604048,36.0299256],[139.0604052,36.0299257],[139.0604548,36.0299373],[139.0604552,36.0299374],[139.060515,36.0299489],[139.0605154,36.0299489],[139.060567,36.0299566],[139.0605673,36.0299566],[139.0606265,36.0299629],[139.0606341,36.0299632],[139.0606371,36.0299633],[139.0606507,36.0299637],[139.0606959,36.0299651],[139.0608323,36.0299674],[139.0608326,36.0299674],[139.0608501,36.0299672],[139.0608505,36.0299672],[139.0608846,36.0299658],[139.0608908,36.0299656],[139.0608912,36.0299655],[139.060932,36.029962],[139.0609325,36.029962],[139.0609733,36.0299565],[139.0610131,36.0299494],[139.0610198,36.029948],[139.0610658,36.0299367],[139.061093,36.0299289],[139.0610934,36.0299288],[139.0611161,36.0299215],[139.0611381,36.0299141],[139.0611799,36.0298994],[139.0612356,36.0298797],[139.0613211,36.0298465],[139.0613914,36.0298068],[139.0614033,36.0297997],[139.0614838,36.029748],[139.0614963,36.0297394],[139.061517,36.0297267],[139.061539,36.0297146],[139.0615618,36.0297035],[139.0615786,36.0296962],[139.0615848,36.0296936],[139.0616063,36.0296855],[139.0616307,36.0296776],[139.0616556,36.0296706],[139.0616559,36.0296706],[139.0616812,36.0296648],[139.0616953,36.0296622],[139.0617016,36.0296611],[139.0618545,36.029626],[139.0618705,36.0295725],[139.0618638,36.0295641],[139.0617883,36.0294702],[139.0617192,36.0293809],[139.0616919,36.0293421],[139.0616318,36.0292487],[139.0615847,36.0291654],[139.0615845,36.0291651],[139.0615785,36.0291542],[139.0614601,36.0289421],[139.0613692,36.0287692],[139.061338,36.02871],[139.0612682,36.0285843],[139.0612552,36.0285642],[139.061239,36.0285391],[139.0612129,36.0284926],[139.061203,36.0284722],[139.0611899,36.028445],[139.0611703,36.0283965],[139.0611693,36.0283943],[139.061153,36.0283449],[139.0611402,36.0282949],[139.0611307,36.0282444],[139.0611255,36.028203],[139.0611244,36.0279466],[139.0611211,36.0279087],[139.06111,36.0278658],[139.0610845,36.0278023],[139.0610633,36.0277521],[139.0610524,36.0277215],[139.06102,36.0276336],[139.0609999,36.0276032],[139.0609393,36.0275294],[139.0608319,36.0274025],[139.0608181,36.0273862],[139.0608048,36.0273708],[139.0606986,36.0272475],[139.0606202,36.0271578],[139.0606073,36.0271603],[139.0605911,36.0271588],[139.0605688,36.0271448],[139.0605472,36.0271312],[139.0605274,36.027141],[139.0604553,36.0271763],[139.0604498,36.0271685],[139.060548,36.0271204],[139.0605954,36.0271501],[139.0606066,36.0271511],[139.0606132,36.0271499],[139.0605538,36.0270814],[139.0603658,36.0268776],[139.0603579,36.026869],[139.0602629,36.0267686],[139.0602601,36.0267656],[139.0602507,36.0267658],[139.0602435,36.0267657],[139.0602369,36.0267657],[139.0602365,36.0267657],[139.0602191,36.0267673],[139.0602026,36.0267707],[139.0601971,36.0267741],[139.0601926,36.0267789],[139.0601888,36.0267844],[139.0601853,36.02679],[139.0601823,36.0267957],[139.0601796,36.0268016],[139.0601773,36.0268076],[139.0601755,36.0268136],[139.0601741,36.0268198],[139.060173,36.026826],[139.0601728,36.0268286],[139.0601723,36.0268348],[139.0601723,36.026841],[139.0601727,36.0268473],[139.0601736,36.0268535],[139.0601748,36.0268597],[139.0601764,36.0268658],[139.0601785,36.0268718],[139.060181,36.0268777],[139.0601838,36.0268835],[139.0602139,36.026929],[139.0602209,36.0269396],[139.0602247,36.0269452],[139.0602669,36.0270085],[139.0603326,36.0271013],[139.0603659,36.0271482],[139.0603656,36.0271483],[139.0603456,36.0271576],[139.0602466,36.0270177],[139.0601982,36.026945],[139.0601957,36.0269412],[139.0601627,36.0268916],[139.0601592,36.0268843],[139.0601562,36.0268774],[139.0601539,36.0268704],[139.0601519,36.0268632],[139.0601503,36.026856],[139.0601495,36.0268488],[139.060149,36.0268415],[139.0601488,36.0268343],[139.0601495,36.0268271],[139.0601497,36.0268238],[139.0601511,36.0268168],[139.0601528,36.0268096],[139.0601547,36.0268025],[139.0601576,36.0267956],[139.0601606,36.0267887],[139.060164,36.026782],[139.0601682,36.0267755],[139.0601725,36.0267694],[139.0601747,36.0267663],[139.0601841,36.0267579],[139.0601993,36.0267409],[139.0602097,36.0267264],[139.0602105,36.0267252],[139.0602134,36.0267185],[139.0602147,36.0267138],[139.0601272,36.0266144],[139.0600693,36.0265504],[139.0599837,36.0264557],[139.0599501,36.0264162],[139.0598534,36.0263022],[139.0598505,36.0262991],[139.0597842,36.0262289],[139.0597681,36.0262119],[139.0597369,36.0261789],[139.0596163,36.026048],[139.0596147,36.0260463],[139.0595608,36.0259877],[139.0595593,36.0259861],[139.059557,36.0259836],[139.0595431,36.0259685],[139.0594641,36.0258829],[139.0594597,36.0258781],[139.0594179,36.0258329],[139.0593852,36.0257939],[139.0593723,36.0257784],[139.0593302,36.025722],[139.0592992,36.025675],[139.0592644,36.0256154],[139.0592368,36.025561],[139.0592334,36.0255543],[139.059207,36.0254924],[139.0592017,36.0254786],[139.0591468,36.0253488],[139.0591457,36.0253455],[139.0591397,36.0253286],[139.0591174,36.0252576],[139.0591057,36.0252178],[139.0590991,36.0252155],[139.0590919,36.0252144],[139.0590854,36.0252149],[139.0590799,36.0252173],[139.0590738,36.0252242],[139.059051,36.0252542],[139.0590409,36.0252716],[139.0590144,36.0253219],[139.0589859,36.0253725],[139.0589752,36.0253921],[139.0589542,36.0254302],[139.0589278,36.025478],[139.0589263,36.0254813],[139.0589245,36.025485],[139.0589223,36.0254885],[139.05892,36.0254919],[139.0589174,36.0254952],[139.0589146,36.0254984],[139.0589116,36.0255015],[139.0589084,36.0255044],[139.0589048,36.0255072],[139.0589014,36.0255099],[139.0588974,36.0255123],[139.0588935,36.0255146],[139.0588896,36.0255167],[139.0588893,36.0255168],[139.0588854,36.0255187],[139.0588811,36.0255205],[139.0588797,36.0255209],[139.0588765,36.025522],[139.058872,36.0255234],[139.0588673,36.0255245],[139.0588627,36.0255254],[139.0588579,36.0255262],[139.0588531,36.0255267],[139.0588485,36.025527],[139.0588481,36.0255271],[139.0588458,36.0255271],[139.0588435,36.0255271],[139.0588389,36.025527],[139.0588385,36.025527],[139.0588338,36.0255267],[139.0588291,36.0255261],[139.0588243,36.0255254],[139.0588198,36.0255244],[139.0588152,36.0255233],[139.058814,36.025523],[139.0588136,36.0255229],[139.0588097,36.0255215],[139.0588051,36.02552],[139.0588009,36.0255182],[139.0587969,36.0255161],[139.0587928,36.0255139],[139.058789,36.0255117],[139.0587851,36.0255091],[139.0587815,36.0255065],[139.0587784,36.0255036],[139.0587752,36.0255007],[139.0587722,36.0254975],[139.0587695,36.0254943],[139.058767,36.0254909],[139.0587645,36.0254875],[139.0587627,36.0254839],[139.0587609,36.0254803],[139.0587594,36.0254765],[139.0587581,36.0254728],[139.058757,36.0254689],[139.058756,36.0254651],[139.0587555,36.0254611],[139.0587552,36.0254572],[139.0587554,36.0254533],[139.0587555,36.0254494],[139.0587562,36.0254455],[139.05876,36.0254269],[139.0587618,36.0254195],[139.0587639,36.0254118],[139.0587653,36.0254049],[139.0587675,36.0253972],[139.0587692,36.0253882],[139.0587803,36.0253402],[139.058793,36.0252932],[139.0588078,36.0252456],[139.0588242,36.0251988],[139.058827,36.0251904],[139.0588401,36.0251515],[139.0588515,36.0251123],[139.0588613,36.0250728],[139.0588695,36.025033],[139.0588704,36.0250282],[139.0588726,36.0250194],[139.05887532964826,36.025],[139.0582516539326,36.025],[139.0582576,36.0250084],[139.0582639,36.0250187],[139.0582767,36.0250557],[139.058287,36.0250931],[139.0582947,36.025131],[139.0582996,36.0251664],[139.0582998,36.0251668],[139.0583008,36.0251694],[139.0583017,36.025172],[139.0583022,36.0251746],[139.0583027,36.0251772],[139.0583029,36.0251798],[139.058303,36.0251824],[139.058303,36.0251851],[139.0583026,36.0251878],[139.0583022,36.0251904],[139.0583016,36.025193],[139.0583008,36.0251955],[139.0582999,36.0251981],[139.0582987,36.0252005],[139.0582974,36.025203],[139.0582959,36.0252054],[139.0582943,36.0252076],[139.0582925,36.0252099],[139.0582906,36.025212],[139.0582886,36.0252141],[139.0582866,36.0252159],[139.0582859,36.0252164],[139.0582837,36.0252181],[139.0582811,36.0252199],[139.0582785,36.0252215],[139.0582758,36.025223],[139.0582732,36.0252244],[139.0582703,36.0252256],[139.05827,36.0252257],[139.0582674,36.0252268],[139.0582642,36.0252278],[139.0582613,36.0252287],[139.058258,36.0252294],[139.0582549,36.0252299],[139.0582516,36.0252304],[139.0582486,36.0252306],[139.0582482,36.0252307],[139.0582451,36.0252308],[139.058242,36.0252309],[139.0582417,36.0252309],[139.0582404,36.0252308],[139.0582388,36.0252307],[139.0582385,36.0252307],[139.0582354,36.0252305],[139.058235,36.0252305],[139.058106,36.0252373],[139.0580127,36.0252345],[139.0579386,36.0252353],[139.057927,36.0252359],[139.0579266,36.0252359],[139.0578403,36.025242],[139.0578399,36.0252421],[139.0578241,36.025243],[139.057809,36.0252443],[139.0578086,36.0252444],[139.0577937,36.025246],[139.0577933,36.025246],[139.0577781,36.0252481],[139.0577722,36.025249],[139.0577718,36.0252491],[139.057757,36.0252517],[139.0577566,36.0252518],[139.057742,36.0252548],[139.0577271,36.0252582],[139.057712,36.025262],[139.0577093,36.0252627],[139.0577089,36.0252628],[139.0577009,36.0252648],[139.0577006,36.0252649],[139.0576922,36.0252668],[139.0576836,36.0252685],[139.0576749,36.02527],[139.0576664,36.0252712],[139.057666,36.0252713],[139.0576574,36.0252723],[139.0576487,36.0252731],[139.0576398,36.0252737],[139.0576311,36.0252741],[139.0576287,36.0252742],[139.0576202,36.0252742],[139.0576198,36.0252742],[139.0576167,36.0252742],[139.0576111,36.0252741],[139.0576065,36.0252739],[139.057606,36.0252739],[139.0576023,36.0252737],[139.0575936,36.0252731],[139.0575932,36.0252731],[139.0575874,36.0252726],[139.0575848,36.0252723],[139.0575845,36.0252723],[139.0575761,36.0252713],[139.0575757,36.0252712],[139.0575671,36.02527],[139.0575587,36.0252685],[139.0575571,36.0252683],[139.0575544,36.0252678],[139.0575531,36.0252676],[139.0575421,36.025266],[139.0575418,36.0252659],[139.0575262,36.0252631],[139.0575104,36.0252599],[139.0574951,36.0252563],[139.0574947,36.0252562],[139.0574797,36.0252522],[139.0574781,36.0252518],[139.0574778,36.0252517],[139.0574629,36.0252473],[139.0574478,36.0252425],[139.0574331,36.0252373],[139.0574328,36.0252372],[139.0574184,36.0252316],[139.0574041,36.0252257],[139.0573898,36.0252193],[139.0573759,36.0252126],[139.0573624,36.0252056],[139.0573606,36.0252048],[139.0572222,36.0251127],[139.0571054,36.0250356],[139.05703543519206,36.025],[139.0570772215783,36.025],[139.0571183,36.0250209],[139.0572362,36.0250987],[139.0573739,36.0251902],[139.0573745,36.0251905],[139.0573875,36.0251972],[139.0574008,36.0252036],[139.0574143,36.0252097],[139.0574282,36.0252154],[139.0574419,36.0252208],[139.0574423,36.0252209],[139.0574563,36.0252258],[139.0574706,36.0252304],[139.0574709,36.0252305],[139.0574853,36.0252348],[139.0574866,36.0252351],[139.0575012,36.0252389],[139.0575016,36.025239],[139.0575163,36.0252425],[139.0575311,36.0252455],[139.0575315,36.0252456],[139.0575464,36.0252483],[139.0575617,36.0252506],[139.0575633,36.0252509],[139.0575636,36.025251],[139.0575712,36.0252523],[139.0575716,36.0252523],[139.0575794,36.0252535],[139.0575875,36.0252544],[139.0575956,36.0252552],[139.0576036,36.0252557],[139.0576039,36.0252557],[139.0576076,36.0252559],[139.0576119,36.0252561],[139.0576172,36.0252561],[139.0576199,36.0252562],[139.0576203,36.0252562],[139.0576282,36.0252561],[139.0576302,36.0252561],[139.0576383,36.0252557],[139.0576463,36.0252552],[139.0576467,36.0252551],[139.0576544,36.0252544],[139.0576548,36.0252544],[139.0576627,36.0252535],[139.0576705,36.0252524],[139.0576709,36.0252523],[139.0576785,36.025251],[139.0576789,36.0252509],[139.0576866,36.0252494],[139.0576943,36.0252477],[139.0576947,36.0252476],[139.057702,36.0252457],[139.0577024,36.0252456],[139.057705,36.0252449],[139.0577053,36.0252448],[139.0577205,36.0252409],[139.0577361,36.0252373],[139.0577518,36.0252342],[139.0577676,36.0252314],[139.057774,36.0252304],[139.0577744,36.0252304],[139.0577901,36.0252282],[139.0578061,36.0252264],[139.057822,36.025225],[139.0578224,36.025225],[139.0578383,36.0252241],[139.057925,36.0252179],[139.0579377,36.0252172],[139.058013,36.0252165],[139.0580477,36.0252175],[139.0581058,36.0252192],[139.0582361,36.0252123],[139.0582365,36.0252124],[139.0582368,36.0252124],[139.0582383,36.0252126],[139.0582403,36.0252128],[139.0582424,36.0252129],[139.0582444,36.0252128],[139.0582463,36.0252127],[139.0582467,36.0252127],[139.0582485,36.0252126],[139.0582505,36.0252123],[139.0582527,36.0252119],[139.0582543,36.0252115],[139.0582547,36.0252114],[139.0582564,36.0252109],[139.0582583,36.0252103],[139.0582602,36.0252096],[139.0582619,36.0252088],[139.0582639,36.0252079],[139.0582656,36.025207],[139.0582672,36.0252059],[139.0582687,36.0252048],[139.0582701,36.0252036],[139.0582716,36.0252023],[139.0582731,36.025201],[139.0582741,36.0251997],[139.0582752,36.0251983],[139.0582762,36.0251968],[139.0582774,36.0251953],[139.0582781,36.0251938],[139.0582788,36.0251923],[139.0582793,36.0251907],[139.05828,36.0251891],[139.0582803,36.0251874],[139.0582804,36.0251858],[139.0582808,36.0251841],[139.0582807,36.0251825],[139.0582808,36.0251808],[139.0582806,36.0251791],[139.0582803,36.0251775],[139.05828,36.0251759],[139.0582794,36.0251743],[139.0582787,36.0251727],[139.0582781,36.0251711],[139.0582779,36.0251706],[139.0582728,36.0251335],[139.0582652,36.0250966],[139.0582552,36.0250601],[139.0582429,36.0250252],[139.0582378,36.0250169],[139.0582321,36.0250088],[139.0582261,36.0250011],[139.0582251013158,36.025],[139.0588977885246,36.025],[139.0588978,36.0250003],[139.0588949,36.0250214],[139.0588916,36.0250348],[139.0588915,36.0250358],[139.0588831,36.0250761],[139.058873,36.0251161],[139.0588616,36.0251559],[139.0588485,36.0251953],[139.0588456,36.0252037],[139.0588292,36.0252504],[139.0588146,36.0252973],[139.0588021,36.0253438],[139.0587911,36.0253914],[139.0587893,36.0254005],[139.0587873,36.0254084],[139.0587856,36.0254155],[139.0587835,36.0254231],[139.0587819,36.0254301],[139.0587782,36.025448],[139.0587778,36.0254508],[139.0587776,36.0254538],[139.0587775,36.0254567],[139.0587777,36.0254597],[139.0587781,36.0254626],[139.0587788,36.0254655],[139.0587795,36.0254683],[139.0587805,36.0254712],[139.0587817,36.0254739],[139.058783,36.0254768],[139.0587846,36.0254794],[139.0587862,36.025482],[139.0587881,36.0254845],[139.0587902,36.0254869],[139.0587924,36.0254892],[139.0587948,36.0254915],[139.0587973,36.0254936],[139.0588,36.0254956],[139.0588028,36.0254975],[139.0588056,36.0254993],[139.0588084,36.0255009],[139.0588118,36.0255024],[139.058815,36.0255037],[139.0588183,36.0255049],[139.0588215,36.025506],[139.0588222,36.0255062],[139.0588257,36.0255071],[139.0588292,36.0255078],[139.0588327,36.0255084],[139.0588361,36.0255088],[139.0588365,36.0255088],[139.0588392,36.025509],[139.0588399,36.025509],[139.0588435,36.0255091],[139.0588455,36.0255091],[139.058847,36.025509],[139.0588474,36.025509],[139.0588485,36.0255089],[139.0588507,36.0255088],[139.0588543,36.0255084],[139.0588579,36.0255078],[139.0588612,36.0255072],[139.0588615,36.0255071],[139.0588648,36.0255063],[139.0588681,36.0255053],[139.0588685,36.0255052],[139.0588718,36.0255041],[139.0588749,36.0255028],[139.0588782,36.0255013],[139.0588812,36.0254997],[139.0588842,36.0254981],[139.058887,36.0254962],[139.0588897,36.0254942],[139.0588922,36.0254921],[139.0588946,36.0254899],[139.0588967,36.0254876],[139.058899,36.0254852],[139.0589009,36.0254827],[139.0589027,36.0254801],[139.0589043,36.0254774],[139.0589056,36.0254748],[139.0589068,36.025472],[139.0589071,36.0254715],[139.058955,36.0253848],[139.0589658,36.0253651],[139.0589939,36.0253145],[139.0590206,36.0252642],[139.0590313,36.0252456],[139.0590549,36.0252147],[139.0590757,36.0251874],[139.0590852,36.0251757],[139.0590907,36.025148],[139.0590905,36.0251332],[139.0590911,36.0251184],[139.0590926,36.0251043],[139.0590927,36.0251023],[139.0590955,36.0250882],[139.0590989,36.0250738],[139.0591036,36.0250595],[139.059109,36.0250453],[139.0591154,36.0250319],[139.0591176,36.025028],[139.05912954582394,36.025],[139.05918245622223,36.025],[139.0591644,36.0250421],[139.0591641,36.0250426],[139.0591619,36.0250471],[139.0591563,36.0250588],[139.0591517,36.0250708],[139.0591478,36.0250829],[139.0591447,36.0250951],[139.0591424,36.0251076],[139.0591423,36.0251084],[139.059141,36.0251209],[139.0591404,36.0251334],[139.0591408,36.025146],[139.0591419,36.0251585],[139.059144,36.0251709],[139.0591468,36.0251832],[139.0591515,36.0251996],[139.059166,36.0252478],[139.0591881,36.0253181],[139.0591936,36.025334],[139.0591944,36.0253362],[139.0591985,36.025346],[139.0592443,36.0254545],[139.0592491,36.025466],[139.0592544,36.0254797],[139.0592802,36.02554],[139.05931,36.025599],[139.0593438,36.0256566],[139.0593617,36.0256838],[139.0593737,36.0257019],[139.0593743,36.0257028],[139.0594144,36.0257565],[139.0594585,36.0258093],[139.0595527,36.0259114],[139.0596173,36.0258655],[139.0596294,36.0258748],[139.0595629,36.0259224],[139.0595993,36.0259619],[139.0597767,36.0261545],[139.0598905,36.0262748],[139.0598941,36.0262787],[139.0600244,36.0264322],[139.0600682,36.0264806],[139.0600837,36.0264978],[139.0601676,36.0265906],[139.0603031,36.0267444],[139.0603392,36.0267826],[139.0603977,36.0268445],[139.0605903,36.0270536],[139.0607626,36.0269531],[139.0607894,36.0269448],[139.060875,36.0268959],[139.0608791,36.0268941],[139.0608837,36.0268925],[139.0608893,36.0268914],[139.0608947,36.0268912],[139.0608994,36.0268918],[139.0608998,36.0268919],[139.0609088,36.0268949],[139.0609091,36.026895],[139.0609219,36.0268979],[139.0609278,36.0268978],[139.0609386,36.0268967],[139.0609389,36.0268967],[139.0609463,36.0268924],[139.0609525,36.0268841],[139.0609656,36.0268704],[139.061016,36.0268318],[139.0610794,36.0267858],[139.0611147,36.0267621],[139.0611736,36.0267075],[139.0611844,36.0267149],[139.0611245,36.0267702],[139.0610887,36.0267944],[139.0610255,36.0268402],[139.06101,36.026852],[139.0609759,36.026878],[139.060964,36.0268905],[139.0609527,36.0269034],[139.0609446,36.0269073],[139.0609316,36.0269097],[139.0609312,36.0269097],[139.0609218,36.0269097],[139.060904,36.0269056],[139.0609004,36.0269044],[139.0608938,36.0269034],[139.0608914,36.0269039],[139.060889,36.0269048],[139.0608846,36.026907],[139.0607991,36.0269559],[139.0607814,36.0269754],[139.0606099,36.0270756],[139.0607393,36.0272242],[139.060859,36.0273631],[139.0609218,36.0274373],[139.0609663,36.0274149],[139.0610202,36.0273878],[139.0610206,36.0273877],[139.0610293,36.0273992],[139.0609313,36.0274485],[139.0609806,36.0275067],[139.0610873,36.0276364],[139.0611546,36.0277184],[139.0611596,36.0277277],[139.0611672,36.027752],[139.0611708,36.0277751],[139.0612565,36.0277631],[139.0612569,36.027763],[139.0613476,36.0277487],[139.0613594,36.0277477],[139.0613699,36.0277469],[139.0613833,36.0277472],[139.0613979,36.0277508],[139.0614103,36.0277599],[139.0614209,36.0277768],[139.06144,36.0278064],[139.061452,36.0278376],[139.0614635,36.0278772],[139.0614367,36.0278823],[139.0614278,36.0278512],[139.0614255,36.0278436],[139.0614145,36.027815],[139.0613966,36.0277871],[139.0613868,36.0277817],[139.0613864,36.0277816],[139.0613698,36.0277777],[139.0613694,36.0277777],[139.0613579,36.0277758],[139.061354,36.0277752],[139.0612629,36.0277896],[139.0611734,36.0278033],[139.0611764,36.0278297],[139.0611764,36.0278309],[139.0611779,36.027863],[139.0611773,36.0278963],[139.0611743,36.0279414],[139.0611749,36.0280827],[139.0611754,36.0282008],[139.061177,36.0282138],[139.0611771,36.0282145],[139.0611775,36.0282176],[139.0611803,36.0282393],[139.061187,36.0282749],[139.0611894,36.0282877],[139.0612017,36.0283355],[139.0612035,36.0283409],[139.0612175,36.0283833],[139.0612179,36.0283844],[139.061237,36.0284313],[139.0612588,36.0284767],[139.0612665,36.0284904],[139.0612838,36.0285212],[139.0612919,36.0285337],[139.0613131,36.0285666],[139.061384,36.0286937],[139.0615059,36.0289258],[139.061626,36.0291414],[139.0617118,36.0291057],[139.061716,36.029104],[139.0617198,36.0291021],[139.0617251,36.0290999],[139.0617304,36.0290979],[139.0617358,36.0290962],[139.0617361,36.0290961],[139.0617395,36.0290951],[139.0617415,36.0290946],[139.0617472,36.0290933],[139.061753,36.0290923],[139.0617587,36.0290915],[139.0617646,36.029091],[139.0617705,36.0290908],[139.0617742,36.0290908],[139.0617763,36.0290908],[139.0617767,36.0290908],[139.0617824,36.0290911],[139.0617866,36.0290915],[139.0617881,36.0290916],[139.0617884,36.0290916],[139.0617938,36.0290924],[139.0617948,36.0290926],[139.0618003,36.0290936],[139.0618059,36.029095],[139.0618115,36.0290965],[139.0618171,36.0290983],[139.0618223,36.0291004],[139.0618275,36.0291027],[139.0618325,36.0291053],[139.0618373,36.029108],[139.0618422,36.0291109],[139.0618466,36.0291141],[139.0618507,36.0291175],[139.0618547,36.029121],[139.0618586,36.0291247],[139.061862,36.0291286],[139.0618653,36.0291325],[139.0618669,36.0291349],[139.0618872,36.0291575],[139.0619093,36.0291795],[139.0619273,36.0291959],[139.061952,36.029216],[139.0619574,36.0292201],[139.0619781,36.0292352],[139.0619811,36.0292373],[139.0619833,36.0292389],[139.0619849,36.02924],[139.0619864,36.029241],[139.0619882,36.0292419],[139.0619901,36.0292428],[139.061992,36.0292435],[139.0619938,36.0292443],[139.0619958,36.0292449],[139.0619978,36.0292454],[139.0619997,36.0292457],[139.0620001,36.0292458],[139.0620019,36.0292461],[139.0620038,36.0292463],[139.0620042,36.0292463],[139.0620059,36.0292464],[139.0620063,36.0292465],[139.0620085,36.0292465],[139.0620088,36.0292465],[139.062009,36.0292645],[139.0620085,36.0292645],[139.0620081,36.0292645],[139.062007,36.0292645],[139.0620051,36.0292644],[139.0620047,36.0292644],[139.0620016,36.0292642],[139.0619985,36.0292639],[139.0619982,36.0292638],[139.0619951,36.0292634],[139.0619919,36.0292627],[139.0619889,36.029262],[139.0619886,36.0292619],[139.0619858,36.0292611],[139.0619855,36.029261],[139.0619824,36.0292599],[139.0619796,36.0292587],[139.0619793,36.0292586],[139.0619768,36.0292573],[139.061974,36.0292558],[139.0619714,36.0292543],[139.0619688,36.0292525],[139.0619663,36.0292508],[139.0619633,36.0292488],[139.0619366,36.029229],[139.0619243,36.0292191],[139.061911,36.0292082],[139.0618924,36.0291913],[139.0618696,36.0291685],[139.0618483,36.0291448],[139.0618463,36.0291421],[139.0618438,36.0291388],[139.061841,36.0291357],[139.061838,36.0291328],[139.0618349,36.02913],[139.0618313,36.0291274],[139.0618278,36.0291248],[139.0618243,36.0291225],[139.0618204,36.0291203],[139.0618165,36.0291183],[139.0618121,36.0291165],[139.0618079,36.0291148],[139.0618037,36.0291134],[139.0618033,36.0291133],[139.0617992,36.0291122],[139.0617946,36.0291111],[139.0617901,36.0291102],[139.0617895,36.0291101],[139.0617851,36.0291095],[139.0617818,36.0291092],[139.0617804,36.0291091],[139.0617786,36.029109],[139.0617759,36.0291088],[139.0617755,36.0291088],[139.0617739,36.0291088],[139.0617713,36.0291088],[139.0617709,36.0291088],[139.0617676,36.029109],[139.0617664,36.029109],[139.0617617,36.0291094],[139.0617571,36.02911],[139.0617525,36.0291108],[139.0617482,36.0291119],[139.0617435,36.029113],[139.0617394,36.0291144],[139.061739,36.0291145],[139.0617349,36.029116],[139.0617308,36.0291178],[139.0617267,36.0291197],[139.0616354,36.0291578],[139.0616767,36.0292307],[139.0616973,36.0292627],[139.0617189,36.0292965],[139.0617279,36.0293104],[139.0617357,36.0293225],[139.0617622,36.0293601],[139.0618303,36.0294483],[139.0619057,36.029542],[139.0619723,36.0296254],[139.0620194,36.0296278],[139.0621856,36.0296108],[139.062186,36.0296107],[139.0622556,36.0296017],[139.06226,36.0296288],[139.0622601,36.0296295],[139.062032,36.0296591],[139.0620132,36.0296766],[139.0620236,36.0296897],[139.0621042,36.0297882],[139.0621572,36.0298594],[139.0622166,36.0298957],[139.0622202,36.0299006],[139.0623259,36.0300528],[139.0623863,36.0301233],[139.0624552,36.0302036],[139.0624641,36.030214],[139.0624772,36.0302277],[139.0624812,36.0302658],[139.0624815,36.0302687],[139.0625,36.03028791944444],[139.0625,36.025],[139.0625,36.025]]]},"properties":{"layer":"landuse","class_code":"215","class_label":"道路用地（道路、駅前広場、私有地内に存在する沿道用途の「私道」または、私有地の一部分であるものの公共の通行に供されている土地の部分）"}}]}