{"type":"FeatureCollection","properties":{"mesh_code":"53386798","source":"PLATEAU秩父市2025","layer":"flood"},"features":[{"type":"Feature","id":"fld_29fa54ed-9ddd-4d7c-ab88-3bd70ab125b1","geometry":{"type":"MultiPolygon","coordinates":[[[[138.985438,35.909792],[138.985375,35.909792],[138.9854065,35.909771],[138.985438,35.909792]]],[[[138.985375,35.90975],[138.9854065,35.909771],[138.985375,35.909792],[138.985375,35.90975]]],[[[138.985438,35.90975],[138.9854065,35.909771],[138.985375,35.90975],[138.985438,35.90975]]],[[[138.985438,35.90975],[138.985438,35.909792],[138.9854065,35.909771],[138.985438,35.90975]]]]},"properties":{"layer":"flood","class_code":"1","class_label":"0.5m未満","scale_code":"1","scale_label":"L1（計画規模）"}},{"type":"Feature","id":"fld_75db589b-025b-4edf-a9b8-1d43c65b2215","geometry":{"type":"MultiPolygon","coordinates":[[[[138.978375,35.909583],[138.9784065,35.9095625],[138.978438,35.909583],[138.978375,35.909583]]],[[[138.978375,35.909583],[138.978375,35.909542],[138.9784065,35.9095625],[138.978375,35.909583]]],[[[138.978438,35.909583],[138.9784065,35.9095625],[138.978438,35.909542],[138.978438,35.909583]]],[[[138.978375,35.909542],[138.978438,35.909542],[138.9784065,35.9095625],[138.978375,35.909542]]]]},"properties":{"layer":"flood","class_code":"1","class_label":"0.5m未満","scale_code":"1","scale_label":"L1（計画規模）"}},{"type":"Feature","id":"fld_9c4f1d5d-9ca6-4c94-9cf9-175665887534","geometry":{"type":"MultiPolygon","coordinates":[[[[138.986063,35.909333],[138.986063,35.909292],[138.986094,35.9093125],[138.986063,35.909333]]],[[[138.986125,35.909333],[138.986063,35.909333],[138.986094,35.9093125],[138.986125,35.909333]]],[[[138.986125,35.909292],[138.986125,35.909333],[138.986094,35.9093125],[138.986125,35.909292]]],[[[138.986125,35.909292],[138.986094,35.9093125],[138.986063,35.909292],[138.986125,35.909292]]]]},"properties":{"layer":"flood","class_code":"1","class_label":"0.5m未満","scale_code":"1","scale_label":"L1（計画規模）"}},{"type":"Feature","id":"fld_4ea32e6e-a24b-4801-881f-be679cb6cb7e","geometry":{"type":"MultiPolygon","coordinates":[[[[138.986875,35.909208],[138.986875,35.909167],[138.986906,35.9091875],[138.986875,35.909208]]],[[[138.986875,35.909208],[138.986844,35.9091875],[138.986875,35.909167],[138.986875,35.909208]]],[[[138.986875,35.909208],[138.986813,35.909208],[138.986844,35.9091875],[138.986875,35.909208]]],[[[138.986937,35.909167],[138.986906,35.9091875],[138.986875,35.909167],[138.986937,35.909167]]],[[[138.986937,35.909167],[138.986937,35.909208],[138.986906,35.9091875],[138.986937,35.909167]]],[[[138.986875,35.909167],[138.986844,35.9091875],[138.986813,35.909167],[138.986875,35.909167]]],[[[138.986813,35.909208],[138.986813,35.909167],[138.986844,35.9091875],[138.986813,35.909208]]],[[[138.986875,35.909208],[138.986906,35.9091875],[138.986937,35.909208],[138.986875,35.909208]]]]},"properties":{"layer":"flood","class_code":"1","class_label":"0.5m未満","scale_code":"1","scale_label":"L1（計画規模）"}},{"type":"Feature","id":"fld_adfa469b-e443-48a0-aa24-f8ddad251cd6","geometry":{"type":"MultiPolygon","coordinates":[[[[138.97925,35.908917],[138.97925,35.908875],[138.9792815,35.908896],[138.97925,35.908917]]],[[[138.97925,35.908875],[138.979313,35.908875],[138.9792815,35.908896],[138.97925,35.908875]]],[[[138.97925,35.908917],[138.9792815,35.908896],[138.979313,35.908917],[138.97925,35.908917]]],[[[138.979313,35.908917],[138.9792815,35.908896],[138.979313,35.908875],[138.979313,35.908917]]]]},"properties":{"layer":"flood","class_code":"1","class_label":"0.5m未満","scale_code":"1","scale_label":"L1（計画規模）"}},{"type":"Feature","id":"fld_c74ac604-b565-4747-899a-9e030378c9e3","geometry":{"type":"MultiPolygon","coordinates":[[[[138.979375,35.908833],[138.9794065,35.908854],[138.979375,35.908875],[138.979375,35.908833]]],[[[138.979438,35.908833],[138.9794065,35.908854],[138.979375,35.908833],[138.979438,35.908833]]],[[[138.979438,35.908833],[138.979438,35.908875],[138.9794065,35.908854],[138.979438,35.908833]]],[[[138.979438,35.908875],[138.979375,35.908875],[138.9794065,35.908854],[138.979438,35.908875]]]]},"properties":{"layer":"flood","class_code":"1","class_label":"0.5m未満","scale_code":"1","scale_label":"L1（計画規模）"}},{"type":"Feature","id":"fld_7075cb7f-ef02-4377-9fd8-77ddd4fb3a36","geometry":{"type":"MultiPolygon","coordinates":[[[[138.981937,35.910583],[138.981875,35.910583],[138.981906,35.9105625],[138.981937,35.910583]]],[[[138.981937,35.910542],[138.981937,35.910583],[138.981906,35.9105625],[138.981937,35.910542]]],[[[138.981875,35.910542],[138.981937,35.910542],[138.981906,35.9105625],[138.981875,35.910542]]],[[[138.981875,35.910542],[138.981906,35.9105625],[138.981875,35.910583],[138.981875,35.910542]]]]},"properties":{"layer":"flood","class_code":"1","class_label":"0.5m未満","scale_code":"1","scale_label":"L1（計画規模）"}},{"type":"Feature","id":"fld_727f8e28-9446-4a09-8840-bb60592bdee4","geometry":{"type":"MultiPolygon","coordinates":[[[[138.981875,35.9105],[138.981875,35.910542],[138.981844,35.910521],[138.981875,35.9105]]],[[[138.981875,35.9105],[138.981844,35.910479],[138.981875,35.910458],[138.981875,35.9105]]],[[[138.981875,35.9105],[138.981844,35.910521],[138.981844,35.910479],[138.981875,35.9105]]],[[[138.981813,35.910542],[138.981813,35.9105],[138.981844,35.910521],[138.981813,35.910542]]],[[[138.981813,35.9105],[138.981844,35.910479],[138.981844,35.910521],[138.981813,35.9105]]],[[[138.981813,35.910458],[138.981844,35.910479],[138.981813,35.9105],[138.981813,35.910458]]],[[[138.981813,35.910458],[138.981875,35.910458],[138.981844,35.910479],[138.981813,35.910458]]],[[[138.981875,35.910542],[138.981813,35.910542],[138.981844,35.910521],[138.981875,35.910542]]]]},"properties":{"layer":"flood","class_code":"1","class_label":"0.5m未満","scale_code":"1","scale_label":"L1（計画規模）"}},{"type":"Feature","id":"fld_63de3e8a-a5bf-47ed-a7b5-82c09db6b12e","geometry":{"type":"MultiPolygon","coordinates":[[[[138.981813,35.910125],[138.981844,35.910104],[138.981875,35.910125],[138.981813,35.910125]]],[[[138.981875,35.910042],[138.981875,35.910083],[138.981844,35.9100625],[138.981875,35.910042]]],[[[138.981875,35.910042],[138.981844,35.9100625],[138.981813,35.910042],[138.981875,35.910042]]],[[[138.981813,35.910083],[138.981844,35.9100625],[138.981844,35.910104],[138.981813,35.910083]]],[[[138.981813,35.910083],[138.981844,35.910104],[138.981813,35.910125],[138.981813,35.910083]]],[[[138.981813,35.910042],[138.981844,35.9100625],[138.981813,35.910083],[138.981813,35.910042]]],[[[138.981875,35.910083],[138.981844,35.910104],[138.981844,35.9100625],[138.981875,35.910083]]],[[[138.981875,35.910083],[138.981875,35.910125],[138.981844,35.910104],[138.981875,35.910083]]]]},"properties":{"layer":"flood","class_code":"1","class_label":"0.5m未満","scale_code":"1","scale_label":"L1（計画規模）"}},{"type":"Feature","id":"fld_10387eda-6749-45f1-af02-302a51850ad0","geometry":{"type":"MultiPolygon","coordinates":[[[[138.981312,35.909458],[138.981375,35.909458],[138.9813435,35.909479],[138.981312,35.909458]]],[[[138.981375,35.9095],[138.9813435,35.909479],[138.981375,35.909458],[138.981375,35.9095]]],[[[138.981312,35.9095],[138.9813435,35.909479],[138.981375,35.9095],[138.981312,35.9095]]],[[[138.981312,35.9095],[138.981312,35.909458],[138.9813435,35.909479],[138.981312,35.9095]]]]},"properties":{"layer":"flood","class_code":"1","class_label":"0.5m未満","scale_code":"1","scale_label":"L1（計画規模）"}},{"type":"Feature","id":"fld_6d81198d-4897-4f9a-a4d1-835df17f5148","geometry":{"type":"MultiPolygon","coordinates":[[[[138.982062,35.9105],[138.9820935,35.910521],[138.982062,35.910542],[138.982062,35.9105]]],[[[138.982125,35.910542],[138.9820935,35.9105625],[138.9820935,35.910521],[138.982125,35.910542]]],[[[138.982062,35.910583],[138.982062,35.910542],[138.9820935,35.9105625],[138.982062,35.910583]]],[[[138.982125,35.9105],[138.9820935,35.910521],[138.982062,35.9105],[138.982125,35.9105]]],[[[138.982125,35.910583],[138.982062,35.910583],[138.9820935,35.9105625],[138.982125,35.910583]]],[[[138.982125,35.9105],[138.982125,35.910542],[138.9820935,35.910521],[138.982125,35.9105]]],[[[138.982125,35.910542],[138.982125,35.910583],[138.9820935,35.9105625],[138.982125,35.910542]]],[[[138.982062,35.910542],[138.9820935,35.910521],[138.9820935,35.9105625],[138.982062,35.910542]]]]},"properties":{"layer":"flood","class_code":"1","class_label":"0.5m未満","scale_code":"1","scale_label":"L1（計画規模）"}},{"type":"Feature","id":"fld_c90f8713-fd6c-47fa-9a9f-376f14b96fec","geometry":{"type":"MultiPolygon","coordinates":[[[[138.9795,35.910667],[138.9795315,35.910646],[138.979563,35.910667],[138.9795,35.910667]]],[[[138.9795,35.910667],[138.9795,35.910625],[138.9795315,35.910646],[138.9795,35.910667]]],[[[138.979563,35.910667],[138.9795315,35.910646],[138.979563,35.910625],[138.979563,35.910667]]],[[[138.9795,35.910625],[138.979563,35.910625],[138.9795315,35.910646],[138.9795,35.910625]]]]},"properties":{"layer":"flood","class_code":"1","class_label":"0.5m未満","scale_code":"1","scale_label":"L1（計画規模）"}},{"type":"Feature","id":"fld_a0a68671-2e1f-4e83-8a79-6a478cd19996","geometry":{"type":"MultiPolygon","coordinates":[[[[138.98525,35.909833],[138.98525,35.909875],[138.985219,35.909854],[138.98525,35.909833]]],[[[138.985188,35.909875],[138.985219,35.909854],[138.98525,35.909875],[138.985188,35.909875]]],[[[138.985188,35.909875],[138.985188,35.909833],[138.985219,35.909854],[138.985188,35.909875]]],[[[138.985188,35.909833],[138.98525,35.909833],[138.985219,35.909854],[138.985188,35.909833]]]]},"properties":{"layer":"flood","class_code":"1","class_label":"0.5m未満","scale_code":"1","scale_label":"L1（計画規模）"}},{"type":"Feature","id":"fld_f48316c2-c8a3-42c1-87f6-80c05c1b0de5","geometry":{"type":"MultiPolygon","coordinates":[[[[138.97525,35.915167],[138.975219,35.915146],[138.97525,35.915125],[138.97525,35.915167]]],[[[138.975188,35.915208],[138.975188,35.915167],[138.975219,35.9151875],[138.975188,35.915208]]],[[[138.975188,35.915208],[138.975219,35.9151875],[138.97525,35.915208],[138.975188,35.915208]]],[[[138.975188,35.915167],[138.975188,35.915125],[138.975219,35.915146],[138.975188,35.915167]]],[[[138.975188,35.915167],[138.975219,35.915146],[138.975219,35.9151875],[138.975188,35.915167]]],[[[138.975188,35.915125],[138.97525,35.915125],[138.975219,35.915146],[138.975188,35.915125]]],[[[138.97525,35.915167],[138.975219,35.9151875],[138.975219,35.915146],[138.97525,35.915167]]],[[[138.97525,35.915167],[138.97525,35.915208],[138.975219,35.9151875],[138.97525,35.915167]]]]},"properties":{"layer":"flood","class_code":"1","class_label":"0.5m未満","scale_code":"1","scale_label":"L1（計画規模）"}},{"type":"Feature","id":"fld_c3ea8f07-81a5-4056-8dae-860ef4d8a1d8","geometry":{"type":"MultiPolygon","coordinates":[[[[138.97525,35.9145],[138.975312,35.9145],[138.975281,35.914521],[138.97525,35.9145]]],[[[138.97525,35.9145],[138.975281,35.914521],[138.97525,35.914542],[138.97525,35.9145]]],[[[138.975312,35.9145],[138.975312,35.914542],[138.975281,35.914521],[138.975312,35.9145]]],[[[138.975312,35.914542],[138.97525,35.914542],[138.975281,35.914521],[138.975312,35.914542]]]]},"properties":{"layer":"flood","class_code":"1","class_label":"0.5m未満","scale_code":"1","scale_label":"L1（計画規模）"}},{"type":"Feature","id":"fld_4945e774-e6c2-4066-99fe-b9637ac43afb","geometry":{"type":"MultiPolygon","coordinates":[[[[138.975188,35.914292],[138.975219,35.9143125],[138.975188,35.914333],[138.975188,35.914292]]],[[[138.975188,35.914333],[138.975219,35.9143125],[138.975219,35.914354],[138.975188,35.914333]]],[[[138.975188,35.914333],[138.975219,35.914354],[138.975188,35.914375],[138.975188,35.914333]]],[[[138.97525,35.914333],[138.975219,35.914354],[138.975219,35.9143125],[138.97525,35.914333]]],[[[138.975188,35.914375],[138.975219,35.914354],[138.97525,35.914375],[138.975188,35.914375]]],[[[138.97525,35.914333],[138.97525,35.914375],[138.975219,35.914354],[138.97525,35.914333]]],[[[138.97525,35.914292],[138.97525,35.914333],[138.975219,35.9143125],[138.97525,35.914292]]],[[[138.975188,35.914292],[138.97525,35.914292],[138.975219,35.9143125],[138.975188,35.914292]]]]},"properties":{"layer":"flood","class_code":"1","class_label":"0.5m未満","scale_code":"1","scale_label":"L1（計画規模）"}},{"type":"Feature","id":"fld_df5f89c4-62e8-4455-8b64-6cc54a7dc13e","geometry":{"type":"MultiPolygon","coordinates":[[[[138.975312,35.914083],[138.9753435,35.914104],[138.975312,35.914125],[138.975312,35.914083]]],[[[138.975312,35.914125],[138.9753435,35.914104],[138.975375,35.914125],[138.975312,35.914125]]],[[[138.975312,35.914083],[138.975375,35.914083],[138.9753435,35.914104],[138.975312,35.914083]]],[[[138.975375,35.914083],[138.975375,35.914125],[138.9753435,35.914104],[138.975375,35.914083]]]]},"properties":{"layer":"flood","class_code":"1","class_label":"0.5m未満","scale_code":"1","scale_label":"L1（計画規模）"}},{"type":"Feature","id":"fld_5dc71b2c-a273-43db-8164-31573c9fc2c1","geometry":{"type":"MultiPolygon","coordinates":[[[[138.975375,35.914083],[138.9754065,35.9140625],[138.975438,35.914083],[138.975375,35.914083]]],[[[138.975438,35.914042],[138.9754065,35.9140625],[138.975375,35.914042],[138.975438,35.914042]]],[[[138.975438,35.914042],[138.975438,35.914083],[138.9754065,35.9140625],[138.975438,35.914042]]],[[[138.975375,35.914042],[138.9754065,35.9140625],[138.975375,35.914083],[138.975375,35.914042]]]]},"properties":{"layer":"flood","class_code":"1","class_label":"0.5m未満","scale_code":"1","scale_label":"L1（計画規模）"}},{"type":"Feature","id":"fld_05df64b8-0182-447a-9b22-ddd24122f467","geometry":{"type":"MultiPolygon","coordinates":[[[[138.975438,35.914042],[138.975438,35.914],[138.975469,35.914021],[138.975438,35.914042]]],[[[138.975438,35.914],[138.9755,35.914],[138.975469,35.914021],[138.975438,35.914]]],[[[138.975438,35.914042],[138.975469,35.914021],[138.9755,35.914042],[138.975438,35.914042]]],[[[138.9755,35.914042],[138.975469,35.914021],[138.9755,35.914],[138.9755,35.914042]]]]},"properties":{"layer":"flood","class_code":"1","class_label":"0.5m未満","scale_code":"1","scale_label":"L1（計画規模）"}},{"type":"Feature","id":"fld_2f8143e6-ad57-43a3-9eb6-be534514fb0f","geometry":{"type":"MultiPolygon","coordinates":[[[[138.977063,35.912917],[138.977094,35.912896],[138.977125,35.912917],[138.977063,35.912917]]],[[[138.977063,35.912875],[138.977094,35.912896],[138.977063,35.912917],[138.977063,35.912875]]],[[[138.977063,35.912875],[138.977125,35.912875],[138.977094,35.912896],[138.977063,35.912875]]],[[[138.977125,35.912917],[138.977094,35.912896],[138.977125,35.912875],[138.977125,35.912917]]]]},"properties":{"layer":"flood","class_code":"1","class_label":"0.5m未満","scale_code":"1","scale_label":"L1（計画規模）"}},{"type":"Feature","id":"fld_c1fc652a-e156-4bbf-be8a-b0849e192d4f","geometry":{"type":"MultiPolygon","coordinates":[[[[138.977188,35.912875],[138.977219,35.912854],[138.97725,35.912875],[138.977188,35.912875]]],[[[138.97725,35.912875],[138.977219,35.912854],[138.97725,35.912833],[138.97725,35.912875]]],[[[138.977188,35.912833],[138.97725,35.912833],[138.977219,35.912854],[138.977188,35.912833]]],[[[138.977188,35.912833],[138.977219,35.912854],[138.977188,35.912875],[138.977188,35.912833]]]]},"properties":{"layer":"flood","class_code":"1","class_label":"0.5m未満","scale_code":"1","scale_label":"L1（計画規模）"}},{"type":"Feature","id":"fld_5e9825c4-520e-4fe8-81f7-81f66043d738","geometry":{"type":"MultiPolygon","coordinates":[[[[138.979625,35.91075],[138.979594,35.910729],[138.979625,35.910708],[138.979625,35.91075]]],[[[138.979563,35.910708],[138.979625,35.910708],[138.979594,35.910729],[138.979563,35.910708]]],[[[138.979563,35.91075],[138.979563,35.910708],[138.979594,35.910729],[138.979563,35.91075]]],[[[138.979563,35.91075],[138.979594,35.910729],[138.979625,35.91075],[138.979563,35.91075]]]]},"properties":{"layer":"flood","class_code":"1","class_label":"0.5m未満","scale_code":"1","scale_label":"L1（計画規模）"}},{"type":"Feature","id":"fld_3a027298-3331-4bb5-b6fa-dd3598efc858","geometry":{"type":"MultiPolygon","coordinates":[[[[138.979375,35.9105],[138.979438,35.9105],[138.9794065,35.910521],[138.979375,35.9105]]],[[[138.979375,35.910542],[138.9794065,35.910521],[138.979438,35.910542],[138.979375,35.910542]]],[[[138.979375,35.910542],[138.979375,35.9105],[138.9794065,35.910521],[138.979375,35.910542]]],[[[138.979438,35.910542],[138.9794065,35.910521],[138.979438,35.9105],[138.979438,35.910542]]]]},"properties":{"layer":"flood","class_code":"1","class_label":"0.5m未満","scale_code":"1","scale_label":"L1（計画規模）"}},{"type":"Feature","id":"fld_662b0774-14e7-45fb-aba5-8986bf8207e0","geometry":{"type":"MultiPolygon","coordinates":[[[[138.979313,35.910458],[138.979344,35.9104375],[138.979375,35.910458],[138.979313,35.910458]]],[[[138.979344,35.9104375],[138.979313,35.910417],[138.979375,35.910417],[138.979344,35.9104375]]],[[[138.979313,35.910458],[138.979313,35.910417],[138.979344,35.9104375],[138.979313,35.910458]]],[[[138.979375,35.910458],[138.979344,35.9104375],[138.979375,35.910417],[138.979375,35.910458]]]]},"properties":{"layer":"flood","class_code":"1","class_label":"0.5m未満","scale_code":"1","scale_label":"L1（計画規模）"}},{"type":"Feature","id":"fld_d2d9553e-8883-4005-a921-746edc7e7d90","geometry":{"type":"MultiPolygon","coordinates":[[[[138.9792815,35.910396],[138.97925,35.910375],[138.979313,35.910375],[138.9792815,35.910396]]],[[[138.97925,35.910417],[138.97925,35.910375],[138.9792815,35.910396],[138.97925,35.910417]]],[[[138.97925,35.910417],[138.9792815,35.910396],[138.979313,35.910417],[138.97925,35.910417]]],[[[138.9792815,35.910396],[138.979313,35.910375],[138.979313,35.910417],[138.9792815,35.910396]]]]},"properties":{"layer":"flood","class_code":"1","class_label":"0.5m未満","scale_code":"1","scale_label":"L1（計画規模）"}},{"type":"Feature","id":"fld_edf14e65-b785-4e92-bd5c-b4fd266f3083","geometry":{"type":"MultiPolygon","coordinates":[[[[138.97925,35.910292],[138.97925,35.910333],[138.9792185,35.9103125],[138.97925,35.910292]]],[[[138.9792185,35.9103125],[138.97925,35.910333],[138.979187,35.910333],[138.9792185,35.9103125]]],[[[138.979187,35.910292],[138.97925,35.910292],[138.9792185,35.9103125],[138.979187,35.910292]]],[[[138.979187,35.910292],[138.9792185,35.9103125],[138.979187,35.910333],[138.979187,35.910292]]]]},"properties":{"layer":"flood","class_code":"1","class_label":"0.5m未満","scale_code":"1","scale_label":"L1（計画規模）"}},{"type":"Feature","id":"fld_4c0194c3-c48d-4e49-a2a5-820aedea1c0b","geometry":{"type":"MultiPolygon","coordinates":[[[[138.978687,35.910208],[138.978656,35.9101875],[138.978687,35.910167],[138.978687,35.910208]]],[[[138.978687,35.910208],[138.978687,35.910167],[138.9787185,35.9101875],[138.978687,35.910208]]],[[[138.978687,35.910208],[138.9787185,35.9101875],[138.9787185,35.910229],[138.978687,35.910208]]],[[[138.978687,35.910208],[138.9787185,35.910229],[138.978687,35.91025],[138.978687,35.910208]]],[[[138.978687,35.910208],[138.978625,35.910208],[138.978656,35.9101875],[138.978687,35.910208]]],[[[138.97875,35.91025],[138.9787185,35.910229],[138.97875,35.910208],[138.97875,35.91025]]],[[[138.97875,35.910167],[138.9787185,35.9101875],[138.978687,35.910167],[138.97875,35.910167]]],[[[138.978625,35.910208],[138.978625,35.910167],[138.978656,35.9101875],[138.978625,35.910208]]],[[[138.97875,35.910208],[138.9787185,35.9101875],[138.97875,35.910167],[138.97875,35.910208]]],[[[138.97875,35.910208],[138.9787185,35.910229],[138.9787185,35.9101875],[138.97875,35.910208]]],[[[138.978625,35.910167],[138.978625,35.910125],[138.978656,35.910146],[138.978625,35.910167]]],[[[138.978625,35.910167],[138.978656,35.910146],[138.978656,35.9101875],[138.978625,35.910167]]],[[[138.978687,35.910167],[138.978656,35.910146],[138.978687,35.910125],[138.978687,35.910167]]],[[[138.978625,35.910125],[138.978687,35.910125],[138.978656,35.910146],[138.978625,35.910125]]],[[[138.978687,35.910167],[138.978656,35.9101875],[138.978656,35.910146],[138.978687,35.910167]]],[[[138.978687,35.91025],[138.9787185,35.910229],[138.97875,35.91025],[138.978687,35.91025]]]]},"properties":{"layer":"flood","class_code":"1","class_label":"0.5m未満","scale_code":"1","scale_label":"L1（計画規模）"}},{"type":"Feature","id":"fld_28ad99ff-e236-43ac-8c5b-c18ccfa43942","geometry":{"type":"MultiPolygon","coordinates":[[[[138.978563,35.910083],[138.978625,35.910083],[138.978594,35.910104],[138.978563,35.910083]]],[[[138.978563,35.910083],[138.978594,35.910104],[138.978563,35.910125],[138.978563,35.910083]]],[[[138.978625,35.910125],[138.978594,35.910104],[138.978625,35.910083],[138.978625,35.910125]]],[[[138.978625,35.910125],[138.978563,35.910125],[138.978594,35.910104],[138.978625,35.910125]]]]},"properties":{"layer":"flood","class_code":"1","class_label":"0.5m未満","scale_code":"1","scale_label":"L1（計画規模）"}},{"type":"Feature","id":"fld_218cae38-594e-4270-96b1-ac2dafe15cd4","geometry":{"type":"MultiPolygon","coordinates":[[[[138.9775,35.908875],[138.9775,35.908917],[138.977469,35.908896],[138.9775,35.908875]]],[[[138.9775,35.908875],[138.977469,35.908896],[138.977438,35.908875],[138.9775,35.908875]]],[[[138.977438,35.908917],[138.977438,35.908875],[138.977469,35.908896],[138.977438,35.908917]]],[[[138.977438,35.908917],[138.977469,35.908896],[138.9775,35.908917],[138.977438,35.908917]]]]},"properties":{"layer":"flood","class_code":"1","class_label":"0.5m未満","scale_code":"1","scale_label":"L1（計画規模）"}},{"type":"Feature","id":"fld_eb960919-57cc-43c5-b6ee-51cd7837f10c","geometry":{"type":"MultiPolygon","coordinates":[[[[138.977375,35.908792],[138.977313,35.908792],[138.977344,35.908771],[138.977375,35.908792]]],[[[138.977313,35.90875],[138.977375,35.90875],[138.977344,35.908771],[138.977313,35.90875]]],[[[138.977313,35.90875],[138.977344,35.908771],[138.977313,35.908792],[138.977313,35.90875]]],[[[138.977375,35.908792],[138.977344,35.908771],[138.977375,35.90875],[138.977375,35.908792]]]]},"properties":{"layer":"flood","class_code":"1","class_label":"0.5m未満","scale_code":"1","scale_label":"L1（計画規模）"}},{"type":"Feature","id":"fld_d4eed12b-44ad-44c1-8b94-53ff54d1d8d6","geometry":{"type":"MultiPolygon","coordinates":[[[[138.977313,35.908708],[138.9772815,35.9086875],[138.977313,35.908667],[138.977313,35.908708]]],[[[138.977313,35.908708],[138.97725,35.908708],[138.9772815,35.9086875],[138.977313,35.908708]]],[[[138.97725,35.908667],[138.977313,35.908667],[138.9772815,35.9086875],[138.97725,35.908667]]],[[[138.97725,35.908667],[138.9772815,35.9086875],[138.97725,35.908708],[138.97725,35.908667]]]]},"properties":{"layer":"flood","class_code":"1","class_label":"0.5m未満","scale_code":"1","scale_label":"L1（計画規模）"}},{"type":"Feature","id":"fld_6ecce77b-5a26-4766-95d3-197e95cc3434","geometry":{"type":"MultiPolygon","coordinates":[[[[138.977125,35.908583],[138.9771565,35.9085625],[138.9771565,35.908604],[138.977125,35.908583]]],[[[138.977188,35.9085],[138.977188,35.908542],[138.9771565,35.908521],[138.977188,35.9085]]],[[[138.977188,35.9085],[138.9771565,35.908521],[138.977125,35.9085],[138.977188,35.9085]]],[[[138.977188,35.908542],[138.97725,35.908542],[138.977219,35.9085625],[138.977188,35.908542]]],[[[138.977188,35.908542],[138.977219,35.9085625],[138.9771565,35.9085625],[138.977188,35.908542]]],[[[138.977188,35.908542],[138.9771565,35.9085625],[138.9771565,35.908521],[138.977188,35.908542]]],[[[138.977219,35.9085625],[138.9771565,35.908604],[138.9771565,35.9085625],[138.977219,35.9085625]]],[[[138.97725,35.908542],[138.97725,35.908583],[138.977219,35.9085625],[138.97725,35.908542]]],[[[138.977063,35.9085],[138.977125,35.9085],[138.977094,35.908521],[138.977063,35.9085]]],[[[138.977125,35.908542],[138.9771565,35.908521],[138.9771565,35.9085625],[138.977125,35.908542]]],[[[138.977125,35.908542],[138.977094,35.908521],[138.977125,35.9085],[138.977125,35.908542]]],[[[138.977125,35.908542],[138.9771565,35.9085625],[138.977125,35.908583],[138.977125,35.908542]]],[[[138.977188,35.908625],[138.9771565,35.908604],[138.977219,35.908604],[138.977188,35.908625]]],[[[138.977125,35.908542],[138.977125,35.9085],[138.9771565,35.908521],[138.977125,35.908542]]],[[[138.977125,35.908583],[138.9771565,35.908604],[138.977125,35.908625],[138.977125,35.908583]]],[[[138.977219,35.9085625],[138.977219,35.908604],[138.9771565,35.908604],[138.977219,35.9085625]]],[[[138.977188,35.908625],[138.977125,35.908625],[138.9771565,35.908604],[138.977188,35.908625]]],[[[138.97725,35.908583],[138.977219,35.908604],[138.977219,35.9085625],[138.97725,35.908583]]],[[[138.97725,35.908583],[138.97725,35.908625],[138.977219,35.908604],[138.97725,35.908583]]],[[[138.977063,35.908542],[138.977063,35.9085],[138.977094,35.908521],[138.977063,35.908542]]],[[[138.977063,35.908542],[138.977094,35.908521],[138.977125,35.908542],[138.977063,35.908542]]],[[[138.97725,35.908625],[138.977188,35.908625],[138.977219,35.908604],[138.97725,35.908625]]]]},"properties":{"layer":"flood","class_code":"1","class_label":"0.5m未満","scale_code":"1","scale_label":"L1（計画規模）"}},{"type":"Feature","id":"fld_1c98e5bc-7c71-4881-8f6a-e71a29098212","geometry":{"type":"MultiPolygon","coordinates":[[[[138.977,35.908458],[138.977063,35.908458],[138.9770315,35.908479],[138.977,35.908458]]],[[[138.977063,35.9085],[138.9770315,35.908479],[138.977063,35.908458],[138.977063,35.9085]]],[[[138.977,35.9085],[138.9770315,35.908479],[138.977063,35.9085],[138.977,35.9085]]],[[[138.977,35.9085],[138.977,35.908458],[138.9770315,35.908479],[138.977,35.9085]]]]},"properties":{"layer":"flood","class_code":"1","class_label":"0.5m未満","scale_code":"1","scale_label":"L1（計画規模）"}},{"type":"Feature","id":"fld_2624531f-dec4-4b06-8d24-c5c790fd482a","geometry":{"type":"MultiPolygon","coordinates":[[[[138.976781,35.908396],[138.97675,35.908417],[138.97675,35.908375],[138.976781,35.908396]]],[[[138.9768435,35.908396],[138.976875,35.908375],[138.976875,35.908417],[138.9768435,35.908396]]],[[[138.9768435,35.908396],[138.976875,35.908417],[138.976812,35.908417],[138.9768435,35.908396]]],[[[138.9768435,35.908396],[138.976812,35.908417],[138.976812,35.908375],[138.9768435,35.908396]]],[[[138.9768435,35.908396],[138.976812,35.908375],[138.976875,35.908375],[138.9768435,35.908396]]],[[[138.976781,35.908396],[138.976812,35.908375],[138.976812,35.908417],[138.976781,35.908396]]],[[[138.976781,35.908396],[138.97675,35.908375],[138.976812,35.908375],[138.976781,35.908396]]],[[[138.976781,35.908396],[138.976812,35.908417],[138.97675,35.908417],[138.976781,35.908396]]]]},"properties":{"layer":"flood","class_code":"1","class_label":"0.5m未満","scale_code":"1","scale_label":"L1（計画規模）"}},{"type":"Feature","id":"fld_45820a66-a5b7-40be-a861-737d8341b130","geometry":{"type":"MultiPolygon","coordinates":[[[[138.977906,35.912729],[138.977937,35.91275],[138.977875,35.91275],[138.977906,35.912729]]],[[[138.977906,35.912729],[138.977875,35.912708],[138.977937,35.912708],[138.977906,35.912729]]],[[[138.977906,35.912729],[138.977937,35.912708],[138.977937,35.91275],[138.977906,35.912729]]],[[[138.977906,35.912729],[138.977875,35.91275],[138.977875,35.912708],[138.977906,35.912729]]]]},"properties":{"layer":"flood","class_code":"1","class_label":"0.5m未満","scale_code":"1","scale_label":"L1（計画規模）"}},{"type":"Feature","id":"fld_73804d96-b46a-413e-9858-eb5a6182cac6","geometry":{"type":"MultiPolygon","coordinates":[[[[138.9779685,35.912646],[138.9779685,35.9126875],[138.977937,35.912667],[138.9779685,35.912646]]],[[[138.9779685,35.912646],[138.978,35.912625],[138.978,35.912667],[138.9779685,35.912646]]],[[[138.9779685,35.9126875],[138.977937,35.912708],[138.977937,35.912667],[138.9779685,35.9126875]]],[[[138.9779685,35.9126875],[138.978,35.912708],[138.977937,35.912708],[138.9779685,35.9126875]]],[[[138.9779685,35.9126875],[138.978,35.912667],[138.978,35.912708],[138.9779685,35.9126875]]],[[[138.9779685,35.912646],[138.977937,35.912625],[138.978,35.912625],[138.9779685,35.912646]]],[[[138.9779685,35.912646],[138.977937,35.912667],[138.977937,35.912625],[138.9779685,35.912646]]],[[[138.9779685,35.912646],[138.978,35.912667],[138.9779685,35.9126875],[138.9779685,35.912646]]]]},"properties":{"layer":"flood","class_code":"1","class_label":"0.5m未満","scale_code":"1","scale_label":"L1（計画規模）"}},{"type":"Feature","id":"fld_2596594f-8371-464d-95a4-6a97ba7e2d33","geometry":{"type":"MultiPolygon","coordinates":[[[[138.978344,35.911646],[138.978375,35.911667],[138.978313,35.911667],[138.978344,35.911646]]],[[[138.978344,35.911646],[138.978375,35.911625],[138.978375,35.911667],[138.978344,35.911646]]],[[[138.978344,35.911646],[138.978313,35.911625],[138.978375,35.911625],[138.978344,35.911646]]],[[[138.978344,35.911646],[138.978313,35.911667],[138.978313,35.911625],[138.978344,35.911646]]]]},"properties":{"layer":"flood","class_code":"1","class_label":"0.5m未満","scale_code":"1","scale_label":"L1（計画規模）"}},{"type":"Feature","id":"fld_f5db9385-f493-4572-a13f-c5822d1f2cc5","geometry":{"type":"MultiPolygon","coordinates":[[[[138.978469,35.911604],[138.9785,35.911583],[138.9785,35.911625],[138.978469,35.911604]]],[[[138.978469,35.911604],[138.9785,35.911625],[138.978438,35.911625],[138.978469,35.911604]]],[[[138.978469,35.911604],[138.978438,35.911625],[138.978438,35.911583],[138.978469,35.911604]]],[[[138.978469,35.911604],[138.978438,35.911583],[138.9785,35.911583],[138.978469,35.911604]]]]},"properties":{"layer":"flood","class_code":"1","class_label":"0.5m未満","scale_code":"1","scale_label":"L1（計画規模）"}},{"type":"Feature","id":"fld_1987b585-525b-40f2-8a56-37c97b44c805","geometry":{"type":"MultiPolygon","coordinates":[[[[138.9785315,35.9115625],[138.9785,35.911542],[138.978563,35.911542],[138.9785315,35.9115625]]],[[[138.9785315,35.9115625],[138.9785,35.911583],[138.9785,35.911542],[138.9785315,35.9115625]]],[[[138.9785315,35.9115625],[138.978563,35.911583],[138.9785,35.911583],[138.9785315,35.9115625]]],[[[138.9785315,35.9115625],[138.978563,35.911542],[138.978563,35.911583],[138.9785315,35.9115625]]]]},"properties":{"layer":"flood","class_code":"1","class_label":"0.5m未満","scale_code":"1","scale_label":"L1（計画規模）"}},{"type":"Feature","id":"fld_c3389a26-45b7-4f91-aa04-d043c7d6cb00","geometry":{"type":"MultiPolygon","coordinates":[[[[138.978656,35.911479],[138.978625,35.9115],[138.978625,35.911458],[138.978656,35.911479]]],[[[138.978656,35.911479],[138.978687,35.9115],[138.978625,35.9115],[138.978656,35.911479]]],[[[138.978656,35.911479],[138.978687,35.911458],[138.978687,35.9115],[138.978656,35.911479]]],[[[138.978656,35.911479],[138.978625,35.911458],[138.978687,35.911458],[138.978656,35.911479]]]]},"properties":{"layer":"flood","class_code":"1","class_label":"0.5m未満","scale_code":"1","scale_label":"L1（計画規模）"}},{"type":"Feature","id":"fld_c9824450-98f0-43d8-ade3-97c83f8f5fc1","geometry":{"type":"MultiPolygon","coordinates":[[[[138.978687,35.911417],[138.97875,35.911417],[138.9787185,35.9114375],[138.978687,35.911417]]],[[[138.97875,35.911417],[138.97875,35.911458],[138.9787185,35.9114375],[138.97875,35.911417]]],[[[138.9787185,35.9114375],[138.97875,35.911458],[138.978687,35.911458],[138.9787185,35.9114375]]],[[[138.978687,35.911417],[138.9787185,35.9114375],[138.978687,35.911458],[138.978687,35.911417]]]]},"properties":{"layer":"flood","class_code":"1","class_label":"0.5m未満","scale_code":"1","scale_label":"L1（計画規模）"}},{"type":"Feature","id":"fld_b0c52090-c82a-4f57-8bf6-e00b70b11f3c","geometry":{"type":"MultiPolygon","coordinates":[[[[138.979,35.911333],[138.979,35.911375],[138.978969,35.911354],[138.979,35.911333]]],[[[138.978938,35.911333],[138.979,35.911333],[138.978969,35.911354],[138.978938,35.911333]]],[[[138.978938,35.911375],[138.978969,35.911354],[138.979,35.911375],[138.978938,35.911375]]],[[[138.978938,35.911375],[138.978938,35.911333],[138.978969,35.911354],[138.978938,35.911375]]]]},"properties":{"layer":"flood","class_code":"1","class_label":"0.5m未満","scale_code":"1","scale_label":"L1（計画規模）"}},{"type":"Feature","id":"fld_bec1bf6f-ddc1-41dc-a8bf-0d0a39847d60","geometry":{"type":"MultiPolygon","coordinates":[[[[138.982344,35.910896],[138.982313,35.910875],[138.982375,35.910875],[138.982344,35.910896]]],[[[138.982344,35.910896],[138.982375,35.910875],[138.982375,35.910917],[138.982344,35.910896]]],[[[138.982344,35.910896],[138.982375,35.910917],[138.982313,35.910917],[138.982344,35.910896]]],[[[138.982344,35.910896],[138.982313,35.910917],[138.982313,35.910875],[138.982344,35.910896]]]]},"properties":{"layer":"flood","class_code":"1","class_label":"0.5m未満","scale_code":"1","scale_label":"L1（計画規模）"}},{"type":"Feature","id":"fld_6841cac1-a388-4252-91f8-414af0065380","geometry":{"type":"MultiPolygon","coordinates":[[[[138.9835,35.910792],[138.9835,35.910833],[138.983469,35.9108125],[138.9835,35.910792]]],[[[138.9835,35.910792],[138.983469,35.9108125],[138.983438,35.910792],[138.9835,35.910792]]],[[[138.983,35.910875],[138.983062,35.910875],[138.983031,35.910896],[138.983,35.910875]]],[[[138.9834065,35.9108125],[138.9834065,35.910854],[138.983344,35.9108125],[138.9834065,35.9108125]]],[[[138.983344,35.9108125],[138.9834065,35.910854],[138.983344,35.910854],[138.983344,35.9108125]]],[[[138.983438,35.910792],[138.9834065,35.9108125],[138.983375,35.910792],[138.983438,35.910792]]],[[[138.9835,35.910833],[138.983438,35.910833],[138.983469,35.9108125],[138.9835,35.910833]]],[[[138.983438,35.910833],[138.9834065,35.910854],[138.9834065,35.9108125],[138.983438,35.910833]]],[[[138.983438,35.910833],[138.9834065,35.9108125],[138.983438,35.910792],[138.983438,35.910833]]],[[[138.983438,35.910833],[138.983438,35.910792],[138.983469,35.9108125],[138.983438,35.910833]]],[[[138.983438,35.910833],[138.983438,35.910875],[138.9834065,35.910854],[138.983438,35.910833]]],[[[138.983375,35.910792],[138.983344,35.9108125],[138.983313,35.910792],[138.983375,35.910792]]],[[[138.983375,35.910792],[138.9834065,35.9108125],[138.983344,35.9108125],[138.983375,35.910792]]],[[[138.983313,35.910792],[138.983344,35.9108125],[138.983313,35.910833],[138.983313,35.910792]]],[[[138.983438,35.910875],[138.983375,35.910875],[138.9834065,35.910854],[138.983438,35.910875]]],[[[138.983313,35.910833],[138.983344,35.910854],[138.983313,35.910875],[138.983313,35.910833]]],[[[138.983313,35.910833],[138.983313,35.910875],[138.9832815,35.910854],[138.983313,35.910833]]],[[[138.983313,35.910833],[138.9832815,35.910854],[138.98325,35.910833],[138.983313,35.910833]]],[[[138.983313,35.910833],[138.983344,35.9108125],[138.983344,35.910854],[138.983313,35.910833]]],[[[138.983375,35.910875],[138.983313,35.910875],[138.983344,35.910854],[138.983375,35.910875]]],[[[138.983375,35.910875],[138.983344,35.910854],[138.9834065,35.910854],[138.983375,35.910875]]],[[[138.983313,35.910875],[138.98325,35.910875],[138.9832815,35.910854],[138.983313,35.910875]]],[[[138.98325,35.910875],[138.983219,35.910896],[138.983219,35.910854],[138.98325,35.910875]]],[[[138.98325,35.910875],[138.983219,35.910854],[138.98325,35.910833],[138.98325,35.910875]]],[[[138.98325,35.910875],[138.98325,35.910833],[138.9832815,35.910854],[138.98325,35.910875]]],[[[138.98325,35.910875],[138.98325,35.910917],[138.983219,35.910896],[138.98325,35.910875]]],[[[138.98325,35.910833],[138.983219,35.910854],[138.983188,35.910833],[138.98325,35.910833]]],[[[138.983188,35.910833],[138.983219,35.910854],[138.983188,35.910875],[138.983188,35.910833]]],[[[138.98325,35.910917],[138.983188,35.910917],[138.983219,35.910896],[138.98325,35.910917]]],[[[138.983188,35.910875],[138.983219,35.910896],[138.983188,35.910917],[138.983188,35.910875]]],[[[138.983188,35.910875],[138.983188,35.910917],[138.9831565,35.910896],[138.983188,35.910875]]],[[[138.983188,35.910875],[138.9831565,35.910896],[138.983125,35.910875],[138.983188,35.910875]]],[[[138.983188,35.910875],[138.983219,35.910854],[138.983219,35.910896],[138.983188,35.910875]]],[[[138.983188,35.910917],[138.983125,35.910917],[138.9831565,35.910896],[138.983188,35.910917]]],[[[138.983125,35.910917],[138.983062,35.910917],[138.9830935,35.910896],[138.983125,35.910917]]],[[[138.983125,35.910917],[138.9830935,35.910896],[138.983125,35.910875],[138.983125,35.910917]]],[[[138.983125,35.910917],[138.983125,35.910875],[138.9831565,35.910896],[138.983125,35.910917]]],[[[138.983125,35.910875],[138.9830935,35.910896],[138.983062,35.910875],[138.983125,35.910875]]],[[[138.983062,35.910917],[138.983,35.910917],[138.983031,35.910896],[138.983062,35.910917]]],[[[138.983062,35.910917],[138.983031,35.910896],[138.983062,35.910875],[138.983062,35.910917]]],[[[138.983062,35.910917],[138.983062,35.910875],[138.9830935,35.910896],[138.983062,35.910917]]],[[[138.983,35.910917],[138.983,35.910875],[138.983031,35.910896],[138.983,35.910917]]]]},"properties":{"layer":"flood","class_code":"1","class_label":"0.5m未満","scale_code":"1","scale_label":"L1（計画規模）"}},{"type":"Feature","id":"fld_8b86f5d0-cf9a-4ef0-8e3c-e7e28e810818","geometry":{"type":"MultiPolygon","coordinates":[[[[138.983562,35.91075],[138.983562,35.910708],[138.9835935,35.910729],[138.983562,35.91075]]],[[[138.983562,35.91075],[138.9835935,35.910729],[138.983625,35.91075],[138.983562,35.91075]]],[[[138.983625,35.910708],[138.983625,35.91075],[138.9835935,35.910729],[138.983625,35.910708]]],[[[138.983625,35.910708],[138.9835935,35.910729],[138.983562,35.910708],[138.983625,35.910708]]]]},"properties":{"layer":"flood","class_code":"1","class_label":"0.5m未満","scale_code":"1","scale_label":"L1（計画規模）"}},{"type":"Feature","id":"fld_4323abd0-9dc5-4ca1-b20e-f1be14ceb430","geometry":{"type":"MultiPolygon","coordinates":[[[[138.9817815,35.910271],[138.9817815,35.910229],[138.981813,35.91025],[138.9817815,35.910271]]],[[[138.9817815,35.910271],[138.981813,35.91025],[138.981813,35.910292],[138.9817815,35.910271]]],[[[138.981813,35.910417],[138.981813,35.910375],[138.981844,35.910396],[138.981813,35.910417]]],[[[138.981813,35.910417],[138.9817815,35.910396],[138.981813,35.910375],[138.981813,35.910417]]],[[[138.981875,35.910458],[138.981844,35.9104375],[138.981875,35.910417],[138.981875,35.910458]]],[[[138.981813,35.910458],[138.981844,35.9104375],[138.981875,35.910458],[138.981813,35.910458]]],[[[138.981813,35.910458],[138.981813,35.910417],[138.981844,35.9104375],[138.981813,35.910458]]],[[[138.981875,35.910417],[138.981844,35.9104375],[138.981844,35.910396],[138.981875,35.910417]]],[[[138.9817815,35.910229],[138.98175,35.91025],[138.98175,35.910208],[138.9817815,35.910229]]],[[[138.9817815,35.910229],[138.981813,35.910208],[138.981813,35.91025],[138.9817815,35.910229]]],[[[138.9817815,35.910229],[138.98175,35.910208],[138.9817815,35.9101875],[138.9817815,35.910229]]],[[[138.9817815,35.910229],[138.9817815,35.9101875],[138.981813,35.910208],[138.9817815,35.910229]]],[[[138.9817815,35.9101875],[138.98175,35.910208],[138.98175,35.910167],[138.9817815,35.9101875]]],[[[138.9817815,35.910354],[138.98175,35.910333],[138.9817815,35.9103125],[138.9817815,35.910354]]],[[[138.9817815,35.9101875],[138.98175,35.910167],[138.981813,35.910167],[138.9817815,35.9101875]]],[[[138.9817815,35.9101875],[138.981813,35.910167],[138.981813,35.910208],[138.9817815,35.9101875]]],[[[138.9817815,35.9103125],[138.9817815,35.910271],[138.981813,35.910292],[138.9817815,35.9103125]]],[[[138.9817815,35.9103125],[138.98175,35.910292],[138.9817815,35.910271],[138.9817815,35.9103125]]],[[[138.9817815,35.9103125],[138.98175,35.910333],[138.98175,35.910292],[138.9817815,35.9103125]]],[[[138.9817815,35.910354],[138.9817815,35.9103125],[138.981813,35.910333],[138.9817815,35.910354]]],[[[138.9817815,35.910354],[138.98175,35.910375],[138.98175,35.910333],[138.9817815,35.910354]]],[[[138.9817815,35.910354],[138.9817815,35.910396],[138.98175,35.910375],[138.9817815,35.910354]]],[[[138.9817815,35.910354],[138.981813,35.910375],[138.9817815,35.910396],[138.9817815,35.910354]]],[[[138.9817815,35.910354],[138.981813,35.910333],[138.981813,35.910375],[138.9817815,35.910354]]],[[[138.981875,35.910375],[138.981844,35.910396],[138.981813,35.910375],[138.981875,35.910375]]],[[[138.981875,35.910417],[138.981844,35.910396],[138.981875,35.910375],[138.981875,35.910417]]],[[[138.98175,35.910417],[138.98175,35.910375],[138.9817815,35.910396],[138.98175,35.910417]]],[[[138.981813,35.910417],[138.98175,35.910417],[138.9817815,35.910396],[138.981813,35.910417]]],[[[138.9817815,35.9103125],[138.981813,35.910292],[138.981813,35.910333],[138.9817815,35.9103125]]],[[[138.9817815,35.910271],[138.98175,35.910292],[138.98175,35.91025],[138.9817815,35.910271]]],[[[138.9817815,35.910271],[138.98175,35.91025],[138.9817815,35.910229],[138.9817815,35.910271]]],[[[138.981813,35.910417],[138.981844,35.910396],[138.981844,35.9104375],[138.981813,35.910417]]]]},"properties":{"layer":"flood","class_code":"2","class_label":"0.5m以上3m未満","scale_code":"1","scale_label":"L1（計画規模）"}},{"type":"Feature","id":"fld_0d073de3-49d7-487b-a02a-b8277d900eb1","geometry":{"type":"MultiPolygon","coordinates":[[[[138.985281,35.909854],[138.98525,35.909833],[138.985312,35.909833],[138.985281,35.909854]]],[[[138.985281,35.909854],[138.985312,35.909875],[138.98525,35.909875],[138.985281,35.909854]]],[[[138.985281,35.909854],[138.98525,35.909875],[138.98525,35.909833],[138.985281,35.909854]]],[[[138.985281,35.909854],[138.985312,35.909833],[138.985312,35.909875],[138.985281,35.909854]]]]},"properties":{"layer":"flood","class_code":"2","class_label":"0.5m以上3m未満","scale_code":"1","scale_label":"L1（計画規模）"}},{"type":"Feature","id":"fld_c5a48b36-0d68-4e74-b54f-c39c7b53c5ff","geometry":{"type":"MultiPolygon","coordinates":[[[[138.987469,35.908396],[138.987469,35.908354],[138.9875,35.908375],[138.987469,35.908396]]],[[[138.9874065,35.908354],[138.987438,35.908333],[138.987438,35.908375],[138.9874065,35.908354]]],[[[138.9874065,35.908354],[138.987438,35.908375],[138.987375,35.908375],[138.9874065,35.908354]]],[[[138.987469,35.908354],[138.9875,35.908333],[138.9875,35.908375],[138.987469,35.908354]]],[[[138.987469,35.908354],[138.987438,35.908375],[138.987438,35.908333],[138.987469,35.908354]]],[[[138.9874065,35.908354],[138.987375,35.908375],[138.987375,35.908333],[138.9874065,35.908354]]],[[[138.9874065,35.908354],[138.987375,35.908333],[138.987438,35.908333],[138.9874065,35.908354]]],[[[138.987469,35.908354],[138.987438,35.908333],[138.9875,35.908333],[138.987469,35.908354]]],[[[138.987469,35.908396],[138.987438,35.908375],[138.987469,35.908354],[138.987469,35.908396]]],[[[138.987469,35.908396],[138.987438,35.908417],[138.987438,35.908375],[138.987469,35.908396]]],[[[138.987469,35.908396],[138.9875,35.908417],[138.987438,35.908417],[138.987469,35.908396]]],[[[138.987469,35.908396],[138.9875,35.908375],[138.9875,35.908417],[138.987469,35.908396]]]]},"properties":{"layer":"flood","class_code":"2","class_label":"0.5m以上3m未満","scale_code":"1","scale_label":"L1（計画規模）"}},{"type":"Feature","id":"fld_3d2d236d-79e6-4831-90a3-3e859bf0de2a","geometry":{"type":"MultiPolygon","coordinates":[[[[138.9803435,35.9091875],[138.980375,35.909208],[138.980312,35.909208],[138.9803435,35.9091875]]],[[[138.9803435,35.909146],[138.980312,35.909167],[138.980312,35.909125],[138.9803435,35.909146]]],[[[138.9803435,35.909146],[138.980375,35.909125],[138.980375,35.909167],[138.9803435,35.909146]]],[[[138.9803435,35.909104],[138.980312,35.909125],[138.980312,35.909083],[138.9803435,35.909104]]],[[[138.9803435,35.909104],[138.980312,35.909083],[138.9803435,35.9090625],[138.9803435,35.909104]]],[[[138.9803435,35.909104],[138.9803435,35.9090625],[138.980375,35.909083],[138.9803435,35.909104]]],[[[138.9803435,35.909146],[138.9803435,35.909104],[138.980375,35.909125],[138.9803435,35.909146]]],[[[138.9803435,35.9090625],[138.980375,35.909042],[138.980375,35.909083],[138.9803435,35.9090625]]],[[[138.9803435,35.9090625],[138.980312,35.909083],[138.980312,35.909042],[138.9803435,35.9090625]]],[[[138.9803435,35.9090625],[138.980312,35.909042],[138.980375,35.909042],[138.9803435,35.9090625]]],[[[138.9803435,35.909104],[138.980375,35.909083],[138.980375,35.909125],[138.9803435,35.909104]]],[[[138.9803435,35.909146],[138.980312,35.909125],[138.9803435,35.909104],[138.9803435,35.909146]]],[[[138.9803435,35.9091875],[138.980312,35.909208],[138.980312,35.909167],[138.9803435,35.9091875]]],[[[138.9803435,35.9091875],[138.980312,35.909167],[138.9803435,35.909146],[138.9803435,35.9091875]]],[[[138.9803435,35.9091875],[138.9803435,35.909146],[138.980375,35.909167],[138.9803435,35.9091875]]],[[[138.9803435,35.9091875],[138.980375,35.909167],[138.980375,35.909208],[138.9803435,35.9091875]]]]},"properties":{"layer":"flood","class_code":"2","class_label":"0.5m以上3m未満","scale_code":"1","scale_label":"L1（計画規模）"}},{"type":"Feature","id":"fld_a5e0600f-dc13-41c6-a5a0-7d4b3bd14efe","geometry":{"type":"MultiPolygon","coordinates":[[[[138.9804065,35.909271],[138.980375,35.90925],[138.980438,35.90925],[138.9804065,35.909271]]],[[[138.980469,35.9093125],[138.980438,35.909292],[138.9805,35.909292],[138.980469,35.9093125]]],[[[138.980469,35.9093125],[138.980438,35.909333],[138.980438,35.909292],[138.980469,35.9093125]]],[[[138.980469,35.9093125],[138.9805,35.909292],[138.9805,35.909333],[138.980469,35.9093125]]],[[[138.9804065,35.9093125],[138.980438,35.909292],[138.980438,35.909333],[138.9804065,35.9093125]]],[[[138.9804065,35.9093125],[138.9804065,35.909271],[138.980438,35.909292],[138.9804065,35.9093125]]],[[[138.9804065,35.9093125],[138.980375,35.909333],[138.980375,35.909292],[138.9804065,35.9093125]]],[[[138.9804065,35.9093125],[138.980375,35.909292],[138.9804065,35.909271],[138.9804065,35.9093125]]],[[[138.9804065,35.909271],[138.980375,35.909292],[138.980375,35.90925],[138.9804065,35.909271]]],[[[138.980469,35.9093125],[138.9805,35.909333],[138.980438,35.909333],[138.980469,35.9093125]]],[[[138.9804065,35.9093125],[138.980438,35.909333],[138.980375,35.909333],[138.9804065,35.9093125]]],[[[138.9804065,35.909271],[138.980438,35.90925],[138.980438,35.909292],[138.9804065,35.909271]]]]},"properties":{"layer":"flood","class_code":"2","class_label":"0.5m以上3m未満","scale_code":"1","scale_label":"L1（計画規模）"}},{"type":"Feature","id":"fld_689c5547-6ead-4ad8-b053-ca9edafc514d","geometry":{"type":"MultiPolygon","coordinates":[[[[138.981406,35.909479],[138.981406,35.9094375],[138.981437,35.909458],[138.981406,35.909479]]],[[[138.981406,35.909479],[138.981375,35.909458],[138.981406,35.9094375],[138.981406,35.909479]]],[[[138.981406,35.909479],[138.981375,35.9095],[138.981375,35.909458],[138.981406,35.909479]]],[[[138.9814685,35.909521],[138.981437,35.9095],[138.9815,35.9095],[138.9814685,35.909521]]],[[[138.9814685,35.909521],[138.981437,35.909542],[138.981437,35.9095],[138.9814685,35.909521]]],[[[138.9814685,35.909521],[138.9815,35.909542],[138.981437,35.909542],[138.9814685,35.909521]]],[[[138.9814685,35.909521],[138.9815,35.9095],[138.9815,35.909542],[138.9814685,35.909521]]],[[[138.981406,35.909521],[138.981375,35.909542],[138.981375,35.9095],[138.981406,35.909521]]],[[[138.981406,35.909521],[138.981437,35.909542],[138.981375,35.909542],[138.981406,35.909521]]],[[[138.981406,35.909521],[138.981437,35.9095],[138.981437,35.909542],[138.981406,35.909521]]],[[[138.981406,35.909521],[138.981406,35.909479],[138.981437,35.9095],[138.981406,35.909521]]],[[[138.981406,35.909521],[138.981375,35.9095],[138.981406,35.909479],[138.981406,35.909521]]],[[[138.981406,35.9094375],[138.981437,35.909417],[138.981437,35.909458],[138.981406,35.9094375]]],[[[138.981406,35.9094375],[138.981375,35.909458],[138.981375,35.909417],[138.981406,35.9094375]]],[[[138.981406,35.9094375],[138.981375,35.909417],[138.981437,35.909417],[138.981406,35.9094375]]],[[[138.981406,35.909479],[138.981437,35.909458],[138.981437,35.9095],[138.981406,35.909479]]]]},"properties":{"layer":"flood","class_code":"2","class_label":"0.5m以上3m未満","scale_code":"1","scale_label":"L1（計画規模）"}},{"type":"Feature","id":"fld_c0c10402-2115-489a-8de6-3ef03179d55e","geometry":{"type":"MultiPolygon","coordinates":[[[[138.981844,35.910146],[138.981875,35.910167],[138.981813,35.910167],[138.981844,35.910146]]],[[[138.981844,35.910146],[138.981813,35.910125],[138.981875,35.910125],[138.981844,35.910146]]],[[[138.981844,35.910146],[138.981813,35.910167],[138.981813,35.910125],[138.981844,35.910146]]],[[[138.981844,35.910146],[138.981875,35.910125],[138.981875,35.910167],[138.981844,35.910146]]]]},"properties":{"layer":"flood","class_code":"2","class_label":"0.5m以上3m未満","scale_code":"1","scale_label":"L1（計画規模）"}},{"type":"Feature","id":"fld_79a21a35-168d-4043-97b2-88da249b1ab1","geometry":{"type":"MultiPolygon","coordinates":[[[[138.978687,35.911458],[138.978656,35.9114375],[138.978687,35.911417],[138.978687,35.911458]]],[[[138.978625,35.911417],[138.978687,35.911417],[138.978656,35.9114375],[138.978625,35.911417]]],[[[138.978625,35.911458],[138.978656,35.9114375],[138.978687,35.911458],[138.978625,35.911458]]],[[[138.978625,35.911458],[138.978625,35.911417],[138.978656,35.9114375],[138.978625,35.911458]]]]},"properties":{"layer":"flood","class_code":"2","class_label":"0.5m以上3m未満","scale_code":"1","scale_label":"L1（計画規模）"}},{"type":"Feature","id":"fld_b0dd4ec0-d52b-4940-a15d-c5f11e66a296","geometry":{"type":"MultiPolygon","coordinates":[[[[138.981875,35.9105],[138.981906,35.910521],[138.981875,35.910542],[138.981875,35.9105]]],[[[138.981875,35.910542],[138.981906,35.910521],[138.981937,35.910542],[138.981875,35.910542]]],[[[138.981937,35.910542],[138.981906,35.910521],[138.981937,35.9105],[138.981937,35.910542]]],[[[138.981875,35.9105],[138.981937,35.9105],[138.981906,35.910521],[138.981875,35.9105]]]]},"properties":{"layer":"flood","class_code":"2","class_label":"0.5m以上3m未満","scale_code":"1","scale_label":"L1（計画規模）"}},{"type":"Feature","id":"fld_18da2c35-3032-4f09-8168-1c86d65ec179","geometry":{"type":"MultiPolygon","coordinates":[[[[138.9835,35.910792],[138.9835,35.91075],[138.983531,35.910771],[138.9835,35.910792]]],[[[138.9835,35.910792],[138.983531,35.910771],[138.983562,35.910792],[138.9835,35.910792]]],[[[138.9835,35.91075],[138.983562,35.91075],[138.983531,35.910771],[138.9835,35.91075]]],[[[138.983562,35.91075],[138.983562,35.910792],[138.983531,35.910771],[138.983562,35.91075]]]]},"properties":{"layer":"flood","class_code":"2","class_label":"0.5m以上3m未満","scale_code":"1","scale_label":"L1（計画規模）"}},{"type":"Feature","id":"fld_5f622fe3-bc53-47e1-bb73-e48182ebfc1b","geometry":{"type":"MultiPolygon","coordinates":[[[[138.982,35.910833],[138.982,35.910792],[138.982031,35.9108125],[138.982,35.910833]]],[[[138.982125,35.910875],[138.9821565,35.910854],[138.982188,35.910875],[138.982125,35.910875]]],[[[138.982125,35.910833],[138.982125,35.910875],[138.9820935,35.910854],[138.982125,35.910833]]],[[[138.982125,35.910833],[138.9821565,35.910854],[138.982125,35.910875],[138.982125,35.910833]]],[[[138.982125,35.910833],[138.982188,35.910833],[138.9821565,35.910854],[138.982125,35.910833]]],[[[138.982062,35.910875],[138.982,35.910875],[138.982031,35.910854],[138.982062,35.910875]]],[[[138.982062,35.910875],[138.982031,35.910854],[138.982062,35.910833],[138.982062,35.910875]]],[[[138.982062,35.910875],[138.982062,35.910833],[138.9820935,35.910854],[138.982062,35.910875]]],[[[138.982062,35.910875],[138.9820935,35.910854],[138.982125,35.910875],[138.982062,35.910875]]],[[[138.982,35.910875],[138.982,35.910833],[138.982031,35.910854],[138.982,35.910875]]],[[[138.982125,35.910833],[138.9820935,35.910854],[138.982062,35.910833],[138.982125,35.910833]]],[[[138.982062,35.910833],[138.982031,35.910854],[138.982031,35.9108125],[138.982062,35.910833]]],[[[138.982062,35.910833],[138.982031,35.9108125],[138.982062,35.910792],[138.982062,35.910833]]],[[[138.982,35.910792],[138.982062,35.910792],[138.982031,35.9108125],[138.982,35.910792]]],[[[138.982188,35.910875],[138.9821565,35.910854],[138.982188,35.910833],[138.982188,35.910875]]],[[[138.982,35.910833],[138.982031,35.9108125],[138.982031,35.910854],[138.982,35.910833]]]]},"properties":{"layer":"flood","class_code":"2","class_label":"0.5m以上3m未満","scale_code":"1","scale_label":"L1（計画規模）"}},{"type":"Feature","id":"fld_dc200f1a-6bde-437f-8739-81f96f8e5607","geometry":{"type":"MultiPolygon","coordinates":[[[[138.979187,35.911292],[138.979156,35.9113125],[138.979125,35.911292],[138.979187,35.911292]]],[[[138.979062,35.91125],[138.9790935,35.911271],[138.979062,35.911292],[138.979062,35.91125]]],[[[138.979062,35.91125],[138.979062,35.911292],[138.979031,35.911271],[138.979062,35.91125]]],[[[138.979187,35.911333],[138.979156,35.9113125],[138.979187,35.911292],[138.979187,35.911333]]],[[[138.979,35.911292],[138.979031,35.911271],[138.979062,35.911292],[138.979,35.911292]]],[[[138.979,35.911292],[138.979,35.91125],[138.979031,35.911271],[138.979,35.911292]]],[[[138.979,35.91125],[138.979062,35.91125],[138.979031,35.911271],[138.979,35.91125]]],[[[138.979062,35.91125],[138.979125,35.91125],[138.9790935,35.911271],[138.979062,35.91125]]],[[[138.979125,35.911333],[138.9790935,35.9113125],[138.979125,35.911292],[138.979125,35.911333]]],[[[138.979062,35.911292],[138.9790935,35.911271],[138.9790935,35.9113125],[138.979062,35.911292]]],[[[138.979062,35.911333],[138.979062,35.911292],[138.9790935,35.9113125],[138.979062,35.911333]]],[[[138.979125,35.911333],[138.979125,35.911292],[138.979156,35.9113125],[138.979125,35.911333]]],[[[138.979125,35.911333],[138.979156,35.9113125],[138.979187,35.911333],[138.979125,35.911333]]],[[[138.979125,35.911333],[138.979062,35.911333],[138.9790935,35.9113125],[138.979125,35.911333]]],[[[138.979125,35.911292],[138.9790935,35.9113125],[138.9790935,35.911271],[138.979125,35.911292]]],[[[138.979125,35.911292],[138.9790935,35.911271],[138.979125,35.91125],[138.979125,35.911292]]]]},"properties":{"layer":"flood","class_code":"2","class_label":"0.5m以上3m未満","scale_code":"1","scale_label":"L1（計画規模）"}},{"type":"Feature","id":"fld_f8d52956-b0e2-4dbd-8f49-0f56c6527c5d","geometry":{"type":"MultiPolygon","coordinates":[[[[138.978938,35.911292],[138.978969,35.9113125],[138.978938,35.911333],[138.978938,35.911292]]],[[[138.978938,35.911333],[138.978969,35.9113125],[138.979,35.911333],[138.978938,35.911333]]],[[[138.979,35.911333],[138.978969,35.9113125],[138.979,35.911292],[138.979,35.911333]]],[[[138.978938,35.911292],[138.979,35.911292],[138.978969,35.9113125],[138.978938,35.911292]]]]},"properties":{"layer":"flood","class_code":"2","class_label":"0.5m以上3m未満","scale_code":"1","scale_label":"L1（計画規模）"}},{"type":"Feature","id":"fld_59ed14fc-150d-4e26-a0a0-69d8664bc1b5","geometry":{"type":"MultiPolygon","coordinates":[[[[138.978875,35.911375],[138.9789065,35.911354],[138.978938,35.911375],[138.978875,35.911375]]],[[[138.978938,35.911375],[138.9789065,35.911354],[138.978938,35.911333],[138.978938,35.911375]]],[[[138.97875,35.911417],[138.9787815,35.911396],[138.978813,35.911417],[138.97875,35.911417]]],[[[138.978687,35.911417],[138.978687,35.911375],[138.9787185,35.911396],[138.978687,35.911417]]],[[[138.978687,35.911417],[138.9787185,35.911396],[138.97875,35.911417],[138.978687,35.911417]]],[[[138.978687,35.911375],[138.97875,35.911375],[138.9787185,35.911396],[138.978687,35.911375]]],[[[138.97875,35.911417],[138.9787185,35.911396],[138.97875,35.911375],[138.97875,35.911417]]],[[[138.97875,35.911417],[138.97875,35.911375],[138.9787815,35.911396],[138.97875,35.911417]]],[[[138.97875,35.911375],[138.97875,35.911333],[138.9787815,35.911354],[138.97875,35.911375]]],[[[138.97875,35.911375],[138.9787815,35.911354],[138.9787815,35.911396],[138.97875,35.911375]]],[[[138.978813,35.911417],[138.9787815,35.911396],[138.978813,35.911375],[138.978813,35.911417]]],[[[138.97875,35.911333],[138.978813,35.911333],[138.9787815,35.911354],[138.97875,35.911333]]],[[[138.978813,35.911333],[138.978875,35.911333],[138.978844,35.911354],[138.978813,35.911333]]],[[[138.978813,35.911333],[138.978844,35.911354],[138.978813,35.911375],[138.978813,35.911333]]],[[[138.978813,35.911333],[138.978813,35.911375],[138.9787815,35.911354],[138.978813,35.911333]]],[[[138.978813,35.911375],[138.9787815,35.911396],[138.9787815,35.911354],[138.978813,35.911375]]],[[[138.978813,35.911375],[138.978844,35.911354],[138.978875,35.911375],[138.978813,35.911375]]],[[[138.978875,35.911333],[138.978938,35.911333],[138.9789065,35.911354],[138.978875,35.911333]]],[[[138.978875,35.911333],[138.9789065,35.911354],[138.978875,35.911375],[138.978875,35.911333]]],[[[138.978875,35.911333],[138.978875,35.911375],[138.978844,35.911354],[138.978875,35.911333]]]]},"properties":{"layer":"flood","class_code":"2","class_label":"0.5m以上3m未満","scale_code":"1","scale_label":"L1（計画規模）"}},{"type":"Feature","id":"fld_df52c561-3e4a-479d-91a7-2636a423ffa0","geometry":{"type":"MultiPolygon","coordinates":[[[[138.978656,35.909854],[138.978687,35.909833],[138.978687,35.909875],[138.978656,35.909854]]],[[[138.978656,35.909854],[138.978687,35.909875],[138.978625,35.909875],[138.978656,35.909854]]],[[[138.978656,35.909854],[138.978625,35.909875],[138.978625,35.909833],[138.978656,35.909854]]],[[[138.978656,35.909854],[138.978625,35.909833],[138.978687,35.909833],[138.978656,35.909854]]]]},"properties":{"layer":"flood","class_code":"2","class_label":"0.5m以上3m未満","scale_code":"1","scale_label":"L1（計画規模）"}},{"type":"Feature","id":"fld_eb9e9a55-1de2-4293-a70e-0e45ded5edd5","geometry":{"type":"MultiPolygon","coordinates":[[[[138.9785,35.911542],[138.9785,35.9115],[138.9785315,35.911521],[138.9785,35.911542]]],[[[138.9785,35.911542],[138.9785315,35.911521],[138.978563,35.911542],[138.9785,35.911542]]],[[[138.9785,35.9115],[138.978563,35.9115],[138.9785315,35.911521],[138.9785,35.9115]]],[[[138.978563,35.911542],[138.978594,35.911521],[138.978625,35.911542],[138.978563,35.911542]]],[[[138.978563,35.911542],[138.9785315,35.911521],[138.978563,35.9115],[138.978563,35.911542]]],[[[138.978563,35.911542],[138.978563,35.9115],[138.978594,35.911521],[138.978563,35.911542]]],[[[138.978563,35.9115],[138.978563,35.911458],[138.978594,35.911479],[138.978563,35.9115]]],[[[138.978563,35.9115],[138.978594,35.911479],[138.978594,35.911521],[138.978563,35.9115]]],[[[138.978625,35.911542],[138.978594,35.911521],[138.978625,35.9115],[138.978625,35.911542]]],[[[138.978563,35.911458],[138.978625,35.911458],[138.978594,35.911479],[138.978563,35.911458]]],[[[138.978625,35.9115],[138.978594,35.911479],[138.978625,35.911458],[138.978625,35.9115]]],[[[138.978625,35.9115],[138.978594,35.911521],[138.978594,35.911479],[138.978625,35.9115]]]]},"properties":{"layer":"flood","class_code":"2","class_label":"0.5m以上3m未満","scale_code":"1","scale_label":"L1（計画規模）"}},{"type":"Feature","id":"fld_83ceed0f-80b1-4fd8-a181-1373f0fb5a81","geometry":{"type":"MultiPolygon","coordinates":[[[[138.978438,35.911542],[138.9785,35.911542],[138.978469,35.9115625],[138.978438,35.911542]]],[[[138.9785,35.911583],[138.978469,35.9115625],[138.9785,35.911542],[138.9785,35.911583]]],[[[138.978438,35.911583],[138.978438,35.911542],[138.978469,35.9115625],[138.978438,35.911583]]],[[[138.978438,35.911583],[138.978469,35.9115625],[138.9785,35.911583],[138.978438,35.911583]]]]},"properties":{"layer":"flood","class_code":"2","class_label":"0.5m以上3m未満","scale_code":"1","scale_label":"L1（計画規模）"}},{"type":"Feature","id":"fld_e6bb4b7f-d16d-4e04-9f0d-fc52491a1903","geometry":{"type":"MultiPolygon","coordinates":[[[[138.978313,35.911625],[138.978313,35.911583],[138.978344,35.911604],[138.978313,35.911625]]],[[[138.978438,35.911625],[138.9784065,35.911604],[138.978438,35.911583],[138.978438,35.911625]]],[[[138.978313,35.911583],[138.978375,35.911583],[138.978344,35.911604],[138.978313,35.911583]]],[[[138.978313,35.911625],[138.978344,35.911604],[138.978375,35.911625],[138.978313,35.911625]]],[[[138.978375,35.911583],[138.978438,35.911583],[138.9784065,35.911604],[138.978375,35.911583]]],[[[138.978375,35.911583],[138.9784065,35.911604],[138.978375,35.911625],[138.978375,35.911583]]],[[[138.978375,35.911583],[138.978375,35.911625],[138.978344,35.911604],[138.978375,35.911583]]],[[[138.978375,35.911625],[138.9784065,35.911604],[138.978438,35.911625],[138.978375,35.911625]]]]},"properties":{"layer":"flood","class_code":"2","class_label":"0.5m以上3m未満","scale_code":"1","scale_label":"L1（計画規模）"}},{"type":"Feature","id":"fld_b85c1e10-8e4b-4e3c-b821-7195e48bf952","geometry":{"type":"MultiPolygon","coordinates":[[[[138.978313,35.911667],[138.97825,35.911667],[138.9782815,35.911646],[138.978313,35.911667]]],[[[138.97825,35.911625],[138.978313,35.911625],[138.9782815,35.911646],[138.97825,35.911625]]],[[[138.97825,35.911625],[138.9782815,35.911646],[138.97825,35.911667],[138.97825,35.911625]]],[[[138.978313,35.911667],[138.9782815,35.911646],[138.978313,35.911625],[138.978313,35.911667]]]]},"properties":{"layer":"flood","class_code":"2","class_label":"0.5m以上3m未満","scale_code":"1","scale_label":"L1（計画規模）"}},{"type":"Feature","id":"fld_5556fec6-4655-45c9-81be-3b1604f81c7f","geometry":{"type":"MultiPolygon","coordinates":[[[[138.977844,35.912604],[138.977844,35.9125625],[138.977906,35.912604],[138.977844,35.912604]]],[[[138.977906,35.912646],[138.977844,35.912604],[138.977906,35.912604],[138.977906,35.912646]]],[[[138.977844,35.912646],[138.977844,35.912604],[138.977906,35.912646],[138.977844,35.912646]]],[[[138.977937,35.912458],[138.977906,35.9124375],[138.977937,35.912417],[138.977937,35.912458]]],[[[138.977813,35.91275],[138.977813,35.912708],[138.977844,35.912729],[138.977813,35.91275]]],[[[138.977844,35.9126875],[138.977844,35.912646],[138.977906,35.9126875],[138.977844,35.9126875]]],[[[138.977937,35.91225],[138.977906,35.912271],[138.977906,35.912229],[138.977937,35.91225]]],[[[138.977937,35.91225],[138.977906,35.912229],[138.977937,35.912208],[138.977937,35.91225]]],[[[138.977875,35.912208],[138.977937,35.912208],[138.977906,35.912229],[138.977875,35.912208]]],[[[138.977875,35.91225],[138.977906,35.912229],[138.977906,35.912271],[138.977875,35.91225]]],[[[138.977875,35.91225],[138.977875,35.912208],[138.977906,35.912229],[138.977875,35.91225]]],[[[138.977937,35.912292],[138.977906,35.9123125],[138.977906,35.912271],[138.977937,35.912292]]],[[[138.977937,35.912292],[138.977906,35.912271],[138.977937,35.91225],[138.977937,35.912292]]],[[[138.977937,35.912708],[138.977906,35.9126875],[138.977937,35.912667],[138.977937,35.912708]]],[[[138.977813,35.912792],[138.977813,35.91275],[138.977844,35.912771],[138.977813,35.912792]]],[[[138.977813,35.912792],[138.977844,35.912771],[138.977875,35.912792],[138.977813,35.912792]]],[[[138.977937,35.912542],[138.977906,35.912521],[138.977937,35.9125],[138.977937,35.912542]]],[[[138.977937,35.912542],[138.977906,35.9125625],[138.977906,35.912521],[138.977937,35.912542]]],[[[138.977875,35.912708],[138.977906,35.9126875],[138.977937,35.912708],[138.977875,35.912708]]],[[[138.977937,35.912542],[138.977937,35.912583],[138.977906,35.9125625],[138.977937,35.912542]]],[[[138.977875,35.912708],[138.977844,35.912729],[138.977844,35.9126875],[138.977875,35.912708]]],[[[138.977906,35.9126875],[138.977844,35.912646],[138.977906,35.912646],[138.977906,35.9126875]]],[[[138.977844,35.9125625],[138.977906,35.912521],[138.977906,35.9125625],[138.977844,35.9125625]]],[[[138.977844,35.9125625],[138.977844,35.912521],[138.977906,35.912521],[138.977844,35.9125625]]],[[[138.977906,35.912604],[138.977844,35.9125625],[138.977906,35.9125625],[138.977906,35.912604]]],[[[138.977813,35.912667],[138.977813,35.912625],[138.977844,35.912646],[138.977813,35.912667]]],[[[138.977813,35.912667],[138.977844,35.912646],[138.977844,35.9126875],[138.977813,35.912667]]],[[[138.977937,35.912667],[138.977906,35.912646],[138.977937,35.912625],[138.977937,35.912667]]],[[[138.977937,35.912667],[138.977906,35.9126875],[138.977906,35.912646],[138.977937,35.912667]]],[[[138.977813,35.912625],[138.977813,35.912583],[138.977844,35.912604],[138.977813,35.912625]]],[[[138.977813,35.912625],[138.977844,35.912604],[138.977844,35.912646],[138.977813,35.912625]]],[[[138.977813,35.9125],[138.977875,35.9125],[138.977844,35.912521],[138.977813,35.9125]]],[[[138.977875,35.912708],[138.977844,35.9126875],[138.977906,35.9126875],[138.977875,35.912708]]],[[[138.977813,35.912708],[138.977844,35.9126875],[138.977844,35.912729],[138.977813,35.912708]]],[[[138.977813,35.912708],[138.977813,35.912667],[138.977844,35.9126875],[138.977813,35.912708]]],[[[138.977875,35.91275],[138.977844,35.912771],[138.977844,35.912729],[138.977875,35.91275]]],[[[138.977875,35.91275],[138.977844,35.912729],[138.977875,35.912708],[138.977875,35.91275]]],[[[138.977875,35.912792],[138.977844,35.912771],[138.977875,35.91275],[138.977875,35.912792]]],[[[138.977813,35.91275],[138.977844,35.912729],[138.977844,35.912771],[138.977813,35.91275]]],[[[138.977937,35.912458],[138.977937,35.9125],[138.977906,35.912479],[138.977937,35.912458]]],[[[138.977937,35.912458],[138.977906,35.912479],[138.977906,35.9124375],[138.977937,35.912458]]],[[[138.977937,35.912625],[138.977906,35.912604],[138.977937,35.912583],[138.977937,35.912625]]],[[[138.977937,35.912625],[138.977906,35.912646],[138.977906,35.912604],[138.977937,35.912625]]],[[[138.977813,35.912583],[138.977813,35.912542],[138.977844,35.9125625],[138.977813,35.912583]]],[[[138.977813,35.912583],[138.977844,35.9125625],[138.977844,35.912604],[138.977813,35.912583]]],[[[138.977937,35.912583],[138.977906,35.912604],[138.977906,35.9125625],[138.977937,35.912583]]],[[[138.977813,35.912542],[138.977813,35.9125],[138.977844,35.912521],[138.977813,35.912542]]],[[[138.977813,35.912542],[138.977844,35.912521],[138.977844,35.9125625],[138.977813,35.912542]]],[[[138.977875,35.9125],[138.977906,35.912479],[138.977906,35.912521],[138.977875,35.9125]]],[[[138.977875,35.9125],[138.977906,35.912521],[138.977844,35.912521],[138.977875,35.9125]]],[[[138.977875,35.9125],[138.977875,35.912458],[138.977906,35.912479],[138.977875,35.9125]]],[[[138.977937,35.9125],[138.977906,35.912521],[138.977906,35.912479],[138.977937,35.9125]]],[[[138.977875,35.912458],[138.977875,35.912417],[138.977906,35.9124375],[138.977875,35.912458]]],[[[138.977875,35.912458],[138.977906,35.9124375],[138.977906,35.912479],[138.977875,35.912458]]],[[[138.977875,35.912417],[138.977875,35.912375],[138.977906,35.912396],[138.977875,35.912417]]],[[[138.977875,35.912417],[138.977906,35.912396],[138.977906,35.9124375],[138.977875,35.912417]]],[[[138.977937,35.912417],[138.977906,35.912396],[138.977937,35.912375],[138.977937,35.912417]]],[[[138.977937,35.912417],[138.977906,35.9124375],[138.977906,35.912396],[138.977937,35.912417]]],[[[138.977875,35.912375],[138.977875,35.912333],[138.977906,35.912354],[138.977875,35.912375]]],[[[138.977875,35.912375],[138.977906,35.912354],[138.977906,35.912396],[138.977875,35.912375]]],[[[138.977937,35.912375],[138.977906,35.912354],[138.977937,35.912333],[138.977937,35.912375]]],[[[138.977937,35.912375],[138.977906,35.912396],[138.977906,35.912354],[138.977937,35.912375]]],[[[138.977875,35.912333],[138.977875,35.912292],[138.977906,35.9123125],[138.977875,35.912333]]],[[[138.977875,35.912333],[138.977906,35.9123125],[138.977906,35.912354],[138.977875,35.912333]]],[[[138.977937,35.912333],[138.977906,35.9123125],[138.977937,35.912292],[138.977937,35.912333]]],[[[138.977937,35.912333],[138.977906,35.912354],[138.977906,35.9123125],[138.977937,35.912333]]],[[[138.977875,35.912292],[138.977875,35.91225],[138.977906,35.912271],[138.977875,35.912292]]],[[[138.977875,35.912292],[138.977906,35.912271],[138.977906,35.9123125],[138.977875,35.912292]]]]},"properties":{"layer":"flood","class_code":"2","class_label":"0.5m以上3m未満","scale_code":"1","scale_label":"L1（計画規模）"}},{"type":"Feature","id":"fld_4a32e665-24e5-4c8a-b392-71d45863e67c","geometry":{"type":"MultiPolygon","coordinates":[[[[138.97775,35.912833],[138.9777815,35.9128125],[138.977813,35.912833],[138.97775,35.912833]]],[[[138.977813,35.912792],[138.977813,35.912833],[138.9777815,35.9128125],[138.977813,35.912792]]],[[[138.977813,35.912792],[138.9777815,35.9128125],[138.97775,35.912792],[138.977813,35.912792]]],[[[138.97775,35.912792],[138.9777815,35.9128125],[138.97775,35.912833],[138.97775,35.912792]]]]},"properties":{"layer":"flood","class_code":"2","class_label":"0.5m以上3m未満","scale_code":"1","scale_label":"L1（計画規模）"}},{"type":"Feature","id":"fld_845f85cb-7558-4bd4-9811-f0da3451954a","geometry":{"type":"MultiPolygon","coordinates":[[[[138.976781,35.9084375],[138.9768435,35.9084375],[138.976781,35.908479],[138.976781,35.9084375]]],[[[138.976781,35.9084375],[138.976781,35.908479],[138.976719,35.908479],[138.976781,35.9084375]]],[[[138.97675,35.908417],[138.976812,35.908417],[138.976781,35.9084375],[138.97675,35.908417]]],[[[138.976875,35.908375],[138.976937,35.908375],[138.976906,35.908396],[138.976875,35.908375]]],[[[138.976906,35.9084375],[138.9769685,35.9084375],[138.976906,35.908479],[138.976906,35.9084375]]],[[[138.976906,35.9084375],[138.976906,35.908479],[138.9768435,35.908479],[138.976906,35.9084375]]],[[[138.9769685,35.9084375],[138.9769685,35.908479],[138.976906,35.908479],[138.9769685,35.9084375]]],[[[138.97675,35.908417],[138.976781,35.9084375],[138.976719,35.9084375],[138.97675,35.908417]]],[[[138.976812,35.908417],[138.976875,35.908417],[138.9768435,35.9084375],[138.976812,35.908417]]],[[[138.976812,35.908417],[138.9768435,35.9084375],[138.976781,35.9084375],[138.976812,35.908417]]],[[[138.977,35.908417],[138.9769685,35.9084375],[138.976937,35.908417],[138.977,35.908417]]],[[[138.977,35.908417],[138.977063,35.908417],[138.9770315,35.9084375],[138.977,35.908417]]],[[[138.977,35.908417],[138.9770315,35.9084375],[138.977,35.908458],[138.977,35.908417]]],[[[138.977,35.908417],[138.977,35.908458],[138.9769685,35.9084375],[138.977,35.908417]]],[[[138.977,35.908458],[138.9769685,35.908479],[138.9769685,35.9084375],[138.977,35.908458]]],[[[138.977,35.908458],[138.9770315,35.9084375],[138.977063,35.908458],[138.977,35.908458]]],[[[138.977063,35.908458],[138.9770315,35.9084375],[138.977063,35.908417],[138.977063,35.908458]]],[[[138.976875,35.908375],[138.976906,35.908396],[138.976875,35.908417],[138.976875,35.908375]]],[[[138.976875,35.908417],[138.976906,35.908396],[138.976906,35.9084375],[138.976875,35.908417]]],[[[138.976875,35.908417],[138.976906,35.9084375],[138.9768435,35.9084375],[138.976875,35.908417]]],[[[138.976937,35.908417],[138.976906,35.908396],[138.976937,35.908375],[138.976937,35.908417]]],[[[138.976937,35.908417],[138.9769685,35.9084375],[138.976906,35.9084375],[138.976937,35.908417]]],[[[138.976937,35.908417],[138.976906,35.9084375],[138.976906,35.908396],[138.976937,35.908417]]],[[[138.9768435,35.9084375],[138.976906,35.9084375],[138.9768435,35.908479],[138.9768435,35.9084375]]],[[[138.976688,35.9085],[138.976625,35.9085],[138.9766565,35.908479],[138.976688,35.9085]]],[[[138.976688,35.9085],[138.9766565,35.908479],[138.976688,35.908458],[138.976688,35.9085]]],[[[138.976688,35.9085],[138.976688,35.908458],[138.976719,35.908479],[138.976688,35.9085]]],[[[138.976688,35.9085],[138.976719,35.908479],[138.97675,35.9085],[138.976688,35.9085]]],[[[138.976625,35.908458],[138.976688,35.908458],[138.9766565,35.908479],[138.976625,35.908458]]],[[[138.976625,35.908458],[138.9766565,35.908479],[138.976625,35.9085],[138.976625,35.908458]]],[[[138.97675,35.9085],[138.976719,35.908479],[138.976781,35.908479],[138.97675,35.9085]]],[[[138.97675,35.9085],[138.976781,35.908479],[138.976812,35.9085],[138.97675,35.9085]]],[[[138.976812,35.9085],[138.976781,35.908479],[138.9768435,35.908479],[138.976812,35.9085]]],[[[138.976812,35.9085],[138.9768435,35.908479],[138.976875,35.9085],[138.976812,35.9085]]],[[[138.976875,35.9085],[138.9768435,35.908479],[138.976906,35.908479],[138.976875,35.9085]]],[[[138.976875,35.9085],[138.976906,35.908479],[138.976937,35.9085],[138.976875,35.9085]]],[[[138.976937,35.9085],[138.976906,35.908479],[138.9769685,35.908479],[138.976937,35.9085]]],[[[138.976937,35.9085],[138.9769685,35.908479],[138.977,35.9085],[138.976937,35.9085]]],[[[138.977,35.9085],[138.9769685,35.908479],[138.977,35.908458],[138.977,35.9085]]],[[[138.976688,35.908458],[138.976688,35.908417],[138.976719,35.9084375],[138.976688,35.908458]]],[[[138.976688,35.908458],[138.976719,35.9084375],[138.976719,35.908479],[138.976688,35.908458]]],[[[138.976688,35.908417],[138.97675,35.908417],[138.976719,35.9084375],[138.976688,35.908417]]],[[[138.976719,35.9084375],[138.976781,35.9084375],[138.976719,35.908479],[138.976719,35.9084375]]],[[[138.9768435,35.9084375],[138.9768435,35.908479],[138.976781,35.908479],[138.9768435,35.9084375]]]]},"properties":{"layer":"flood","class_code":"2","class_label":"0.5m以上3m未満","scale_code":"1","scale_label":"L1（計画規模）"}},{"type":"Feature","id":"fld_f9c69f21-24b7-4bda-9b40-c9a63d9abf34","geometry":{"type":"MultiPolygon","coordinates":[[[[138.977125,35.908458],[138.977094,35.908479],[138.977063,35.908458],[138.977125,35.908458]]],[[[138.977125,35.9085],[138.977094,35.908479],[138.977125,35.908458],[138.977125,35.9085]]],[[[138.977063,35.9085],[138.977094,35.908479],[138.977125,35.9085],[138.977063,35.9085]]],[[[138.977063,35.9085],[138.977063,35.908458],[138.977094,35.908479],[138.977063,35.9085]]]]},"properties":{"layer":"flood","class_code":"2","class_label":"0.5m以上3m未満","scale_code":"1","scale_label":"L1（計画規模）"}},{"type":"Feature","id":"fld_92950e3e-5fb0-4362-9e6c-ddc2d7b030f9","geometry":{"type":"MultiPolygon","coordinates":[[[[138.97725,35.908667],[138.97725,35.908625],[138.9772815,35.908646],[138.97725,35.908667]]],[[[138.97725,35.908667],[138.9772815,35.908646],[138.977313,35.908667],[138.97725,35.908667]]],[[[138.97725,35.908625],[138.9772815,35.908604],[138.9772815,35.908646],[138.97725,35.908625]]],[[[138.977313,35.908625],[138.9772815,35.908604],[138.977313,35.908583],[138.977313,35.908625]]],[[[138.977313,35.908625],[138.9772815,35.908646],[138.9772815,35.908604],[138.977313,35.908625]]],[[[138.97725,35.908583],[138.9772815,35.908604],[138.97725,35.908625],[138.97725,35.908583]]],[[[138.977313,35.908667],[138.9772815,35.908646],[138.977313,35.908625],[138.977313,35.908667]]],[[[138.97725,35.908583],[138.977313,35.908583],[138.9772815,35.908604],[138.97725,35.908583]]]]},"properties":{"layer":"flood","class_code":"2","class_label":"0.5m以上3m未満","scale_code":"1","scale_label":"L1（計画規模）"}},{"type":"Feature","id":"fld_b9492130-d775-4906-bb7a-dd07176e5515","geometry":{"type":"MultiPolygon","coordinates":[[[[138.977375,35.908708],[138.977344,35.908729],[138.977344,35.9086875],[138.977375,35.908708]]],[[[138.977313,35.908708],[138.977313,35.908667],[138.977344,35.9086875],[138.977313,35.908708]]],[[[138.977375,35.90875],[138.977344,35.908729],[138.977375,35.908708],[138.977375,35.90875]]],[[[138.977313,35.90875],[138.977344,35.908729],[138.977375,35.90875],[138.977313,35.90875]]],[[[138.977313,35.90875],[138.977313,35.908708],[138.977344,35.908729],[138.977313,35.90875]]],[[[138.977375,35.908667],[138.977344,35.9086875],[138.977313,35.908667],[138.977375,35.908667]]],[[[138.977313,35.908708],[138.977344,35.9086875],[138.977344,35.908729],[138.977313,35.908708]]],[[[138.977375,35.908708],[138.977344,35.9086875],[138.977375,35.908667],[138.977375,35.908708]]]]},"properties":{"layer":"flood","class_code":"2","class_label":"0.5m以上3m未満","scale_code":"1","scale_label":"L1（計画規模）"}},{"type":"Feature","id":"fld_2323c5aa-eece-4c70-868f-7fbe28e09e4b","geometry":{"type":"MultiPolygon","coordinates":[[[[138.977438,35.908833],[138.9774065,35.9088125],[138.977438,35.908792],[138.977438,35.908833]]],[[[138.977438,35.908833],[138.9774065,35.908854],[138.9774065,35.9088125],[138.977438,35.908833]]],[[[138.977375,35.908792],[138.977375,35.90875],[138.9774065,35.908771],[138.977375,35.908792]]],[[[138.977375,35.908792],[138.9774065,35.908771],[138.9774065,35.9088125],[138.977375,35.908792]]],[[[138.977438,35.908792],[138.9774065,35.908771],[138.977438,35.90875],[138.977438,35.908792]]],[[[138.977438,35.90875],[138.9774065,35.908771],[138.977375,35.90875],[138.977438,35.90875]]],[[[138.977438,35.908792],[138.9774065,35.9088125],[138.9774065,35.908771],[138.977438,35.908792]]],[[[138.977375,35.908833],[138.977375,35.908792],[138.9774065,35.9088125],[138.977375,35.908833]]],[[[138.977375,35.908833],[138.9774065,35.9088125],[138.9774065,35.908854],[138.977375,35.908833]]],[[[138.977375,35.908833],[138.9774065,35.908854],[138.977375,35.908875],[138.977375,35.908833]]],[[[138.977438,35.908875],[138.977375,35.908875],[138.9774065,35.908854],[138.977438,35.908875]]],[[[138.977438,35.908875],[138.9774065,35.908854],[138.977438,35.908833],[138.977438,35.908875]]]]},"properties":{"layer":"flood","class_code":"2","class_label":"0.5m以上3m未満","scale_code":"1","scale_label":"L1（計画規模）"}},{"type":"Feature","id":"fld_796288ec-76b4-4d31-b1e1-7b0da6da7879","geometry":{"type":"MultiPolygon","coordinates":[[[[138.979313,35.910375],[138.9792815,35.910354],[138.979313,35.910333],[138.979313,35.910375]]],[[[138.979187,35.910333],[138.97925,35.910333],[138.9792185,35.910354],[138.979187,35.910333]]],[[[138.979187,35.910333],[138.9792185,35.910354],[138.979187,35.910375],[138.979187,35.910333]]],[[[138.97925,35.910333],[138.979313,35.910333],[138.9792815,35.910354],[138.97925,35.910333]]],[[[138.97925,35.910333],[138.9792815,35.910354],[138.97925,35.910375],[138.97925,35.910333]]],[[[138.97925,35.910333],[138.97925,35.910375],[138.9792185,35.910354],[138.97925,35.910333]]],[[[138.979187,35.910375],[138.9792185,35.910354],[138.97925,35.910375],[138.979187,35.910375]]],[[[138.97925,35.910375],[138.9792815,35.910354],[138.979313,35.910375],[138.97925,35.910375]]]]},"properties":{"layer":"flood","class_code":"2","class_label":"0.5m以上3m未満","scale_code":"1","scale_label":"L1（計画規模）"}},{"type":"Feature","id":"fld_4ba8c19c-0aa5-4687-92ac-74dc1858ff9f","geometry":{"type":"MultiPolygon","coordinates":[[[[138.979313,35.910417],[138.979344,35.910396],[138.979375,35.910417],[138.979313,35.910417]]],[[[138.979375,35.910417],[138.979344,35.910396],[138.979375,35.910375],[138.979375,35.910417]]],[[[138.979375,35.910375],[138.979344,35.910396],[138.979313,35.910375],[138.979375,35.910375]]],[[[138.979313,35.910417],[138.979313,35.910375],[138.979344,35.910396],[138.979313,35.910417]]]]},"properties":{"layer":"flood","class_code":"2","class_label":"0.5m以上3m未満","scale_code":"1","scale_label":"L1（計画規模）"}},{"type":"Feature","id":"fld_bdeee075-2377-439d-b532-4f8879bf6ebb","geometry":{"type":"MultiPolygon","coordinates":[[[[138.979375,35.910458],[138.979438,35.910458],[138.9794065,35.910479],[138.979375,35.910458]]],[[[138.979375,35.910458],[138.9794065,35.910479],[138.979375,35.9105],[138.979375,35.910458]]],[[[138.979375,35.9105],[138.9794065,35.910479],[138.979438,35.9105],[138.979375,35.9105]]],[[[138.979438,35.9105],[138.9794065,35.910479],[138.979438,35.910458],[138.979438,35.9105]]]]},"properties":{"layer":"flood","class_code":"2","class_label":"0.5m以上3m未満","scale_code":"1","scale_label":"L1（計画規模）"}},{"type":"Feature","id":"fld_17fcb8b5-a4d3-40e2-a0a2-63c8bc59324d","geometry":{"type":"MultiPolygon","coordinates":[[[[138.979438,35.910542],[138.9795,35.910542],[138.979469,35.9105625],[138.979438,35.910542]]],[[[138.9795,35.910583],[138.979469,35.9105625],[138.9795,35.910542],[138.9795,35.910583]]],[[[138.9795,35.910583],[138.979438,35.910583],[138.979469,35.9105625],[138.9795,35.910583]]],[[[138.979438,35.910542],[138.979469,35.9105625],[138.979438,35.910583],[138.979438,35.910542]]]]},"properties":{"layer":"flood","class_code":"2","class_label":"0.5m以上3m未満","scale_code":"1","scale_label":"L1（計画規模）"}},{"type":"Feature","id":"fld_7d7890c2-c369-4fb3-819c-10a3ecd83717","geometry":{"type":"MultiPolygon","coordinates":[[[[138.979563,35.910625],[138.9795315,35.910604],[138.979563,35.910583],[138.979563,35.910625]]],[[[138.979563,35.910583],[138.9795315,35.910604],[138.9795,35.910583],[138.979563,35.910583]]],[[[138.9795,35.910625],[138.9795,35.910583],[138.9795315,35.910604],[138.9795,35.910625]]],[[[138.9795,35.910625],[138.9795315,35.910604],[138.979563,35.910625],[138.9795,35.910625]]]]},"properties":{"layer":"flood","class_code":"2","class_label":"0.5m以上3m未満","scale_code":"1","scale_label":"L1（計画規模）"}},{"type":"Feature","id":"fld_b2b9c55d-be55-42ed-b612-c180fcb03c60","geometry":{"type":"MultiPolygon","coordinates":[[[[138.979625,35.910667],[138.979594,35.9106875],[138.979594,35.910646],[138.979625,35.910667]]],[[[138.979625,35.910625],[138.979594,35.910646],[138.979563,35.910625],[138.979625,35.910625]]],[[[138.979563,35.910708],[138.979563,35.910667],[138.979594,35.9106875],[138.979563,35.910708]]],[[[138.979625,35.910667],[138.979594,35.910646],[138.979625,35.910625],[138.979625,35.910667]]],[[[138.979563,35.910667],[138.979594,35.910646],[138.979594,35.9106875],[138.979563,35.910667]]],[[[138.979563,35.910667],[138.979563,35.910625],[138.979594,35.910646],[138.979563,35.910667]]],[[[138.979625,35.910708],[138.979594,35.9106875],[138.979625,35.910667],[138.979625,35.910708]]],[[[138.979563,35.910708],[138.979594,35.9106875],[138.979625,35.910708],[138.979563,35.910708]]]]},"properties":{"layer":"flood","class_code":"2","class_label":"0.5m以上3m未満","scale_code":"1","scale_label":"L1（計画規模）"}},{"type":"Feature","id":"fld_11c9362b-0468-4801-a86f-9be8a30341af","geometry":{"type":"MultiPolygon","coordinates":[[[[138.979062,35.911208],[138.979031,35.9111875],[138.979062,35.911167],[138.979062,35.911208]]],[[[138.979,35.911208],[138.979031,35.9111875],[138.979062,35.911208],[138.979,35.911208]]],[[[138.979,35.911167],[138.979031,35.9111875],[138.979,35.911208],[138.979,35.911167]]],[[[138.979,35.911167],[138.979062,35.911167],[138.979031,35.9111875],[138.979,35.911167]]]]},"properties":{"layer":"flood","class_code":"2","class_label":"0.5m以上3m未満","scale_code":"1","scale_label":"L1（計画規模）"}},{"type":"Feature","id":"fld_eb8bfa54-8bf1-4dfd-91a2-62e5f7a02604","geometry":{"type":"MultiPolygon","coordinates":[[[[138.978938,35.91125],[138.978938,35.911292],[138.9789065,35.911271],[138.978938,35.91125]]],[[[138.978875,35.911292],[138.9789065,35.911271],[138.978938,35.911292],[138.978875,35.911292]]],[[[138.978813,35.911292],[138.978844,35.911271],[138.978875,35.911292],[138.978813,35.911292]]],[[[138.978813,35.91125],[138.978844,35.911271],[138.978813,35.911292],[138.978813,35.91125]]],[[[138.978875,35.91125],[138.978844,35.911271],[138.978813,35.91125],[138.978875,35.91125]]],[[[138.978875,35.91125],[138.978875,35.911292],[138.978844,35.911271],[138.978875,35.91125]]],[[[138.978875,35.91125],[138.9789065,35.911271],[138.978875,35.911292],[138.978875,35.91125]]],[[[138.978875,35.91125],[138.978938,35.91125],[138.9789065,35.911271],[138.978875,35.91125]]]]},"properties":{"layer":"flood","class_code":"2","class_label":"0.5m以上3m未満","scale_code":"1","scale_label":"L1（計画規模）"}},{"type":"Feature","id":"fld_2a3bb652-fdba-4dd4-83b6-4c8850a6b7c2","geometry":{"type":"MultiPolygon","coordinates":[[[[138.975563,35.913917],[138.975625,35.913917],[138.975594,35.9139375],[138.975563,35.913917]]],[[[138.9755,35.914],[138.9755,35.913958],[138.9755315,35.913979],[138.9755,35.914]]],[[[138.9755,35.914],[138.9755315,35.913979],[138.975563,35.914],[138.9755,35.914]]],[[[138.9755,35.913958],[138.9755,35.913917],[138.9755315,35.9139375],[138.9755,35.913958]]],[[[138.9755,35.913958],[138.9755315,35.9139375],[138.9755315,35.913979],[138.9755,35.913958]]],[[[138.975563,35.914],[138.9755315,35.913979],[138.975563,35.913958],[138.975563,35.914]]],[[[138.9755,35.913917],[138.975563,35.913917],[138.9755315,35.9139375],[138.9755,35.913917]]],[[[138.975625,35.913917],[138.975687,35.913917],[138.975656,35.9139375],[138.975625,35.913917]]],[[[138.975563,35.913958],[138.975594,35.9139375],[138.975625,35.913958],[138.975563,35.913958]]],[[[138.975563,35.913958],[138.9755315,35.913979],[138.9755315,35.9139375],[138.975563,35.913958]]],[[[138.975563,35.913917],[138.975563,35.913958],[138.9755315,35.9139375],[138.975563,35.913917]]],[[[138.975625,35.913917],[138.975625,35.913958],[138.975594,35.9139375],[138.975625,35.913917]]],[[[138.975563,35.913917],[138.975594,35.9139375],[138.975563,35.913958],[138.975563,35.913917]]],[[[138.975687,35.913958],[138.975656,35.9139375],[138.975687,35.913917],[138.975687,35.913958]]],[[[138.975625,35.913917],[138.975656,35.9139375],[138.975625,35.913958],[138.975625,35.913917]]],[[[138.975625,35.913958],[138.975656,35.9139375],[138.975687,35.913958],[138.975625,35.913958]]]]},"properties":{"layer":"flood","class_code":"2","class_label":"0.5m以上3m未満","scale_code":"1","scale_label":"L1（計画規模）"}},{"type":"Feature","id":"fld_ab84fd2b-fd74-4064-bd8c-0457c2f716e7","geometry":{"type":"MultiPolygon","coordinates":[[[[138.975438,35.914083],[138.975438,35.914125],[138.9754065,35.914104],[138.975438,35.914083]]],[[[138.975375,35.914083],[138.975438,35.914083],[138.9754065,35.914104],[138.975375,35.914083]]],[[[138.975375,35.914125],[138.9754065,35.914104],[138.975438,35.914125],[138.975375,35.914125]]],[[[138.975375,35.914083],[138.9754065,35.914104],[138.975375,35.914125],[138.975375,35.914083]]]]},"properties":{"layer":"flood","class_code":"2","class_label":"0.5m以上3m未満","scale_code":"1","scale_label":"L1（計画規模）"}},{"type":"Feature","id":"fld_014cf1d2-be80-4557-bf90-248e626ad6b7","geometry":{"type":"MultiPolygon","coordinates":[[[[138.97525,35.914375],[138.975281,35.914354],[138.975312,35.914375],[138.97525,35.914375]]],[[[138.97525,35.914333],[138.975281,35.914354],[138.97525,35.914375],[138.97525,35.914333]]],[[[138.97525,35.914333],[138.975312,35.914333],[138.975281,35.914354],[138.97525,35.914333]]],[[[138.975312,35.914375],[138.975281,35.914354],[138.975312,35.914333],[138.975312,35.914375]]]]},"properties":{"layer":"flood","class_code":"2","class_label":"0.5m以上3m未満","scale_code":"1","scale_label":"L1（計画規模）"}},{"type":"Feature","id":"fld_4b0c83dc-1364-45ff-bac6-e79d3cbe6c17","geometry":{"type":"MultiPolygon","coordinates":[[[[138.975312,35.914833],[138.975281,35.914854],[138.975281,35.9148125],[138.975312,35.914833]]],[[[138.97525,35.914792],[138.97525,35.91475],[138.975281,35.914771],[138.97525,35.914792]]],[[[138.97525,35.914792],[138.975281,35.914771],[138.975281,35.9148125],[138.97525,35.914792]]],[[[138.975312,35.914792],[138.975281,35.914771],[138.975312,35.91475],[138.975312,35.914792]]],[[[138.975312,35.914792],[138.975281,35.9148125],[138.975281,35.914771],[138.975312,35.914792]]],[[[138.97525,35.91475],[138.975281,35.914729],[138.975281,35.914771],[138.97525,35.91475]]],[[[138.975312,35.91475],[138.975281,35.914729],[138.975312,35.914708],[138.975312,35.91475]]],[[[138.975312,35.91475],[138.975281,35.914771],[138.975281,35.914729],[138.975312,35.91475]]],[[[138.97525,35.914708],[138.97525,35.914667],[138.975281,35.9146875],[138.97525,35.914708]]],[[[138.97525,35.914708],[138.975281,35.9146875],[138.975281,35.914729],[138.97525,35.914708]]],[[[138.975312,35.914708],[138.975281,35.9146875],[138.975312,35.914667],[138.975312,35.914708]]],[[[138.975312,35.914708],[138.975281,35.914729],[138.975281,35.9146875],[138.975312,35.914708]]],[[[138.97525,35.914667],[138.97525,35.914625],[138.975281,35.914646],[138.97525,35.914667]]],[[[138.97525,35.914667],[138.975281,35.914646],[138.975281,35.9146875],[138.97525,35.914667]]],[[[138.975312,35.914667],[138.975281,35.914646],[138.975312,35.914625],[138.975312,35.914667]]],[[[138.975312,35.914667],[138.975281,35.9146875],[138.975281,35.914646],[138.975312,35.914667]]],[[[138.97525,35.914625],[138.97525,35.914583],[138.975281,35.914604],[138.97525,35.914625]]],[[[138.97525,35.914625],[138.975281,35.914604],[138.975281,35.914646],[138.97525,35.914625]]],[[[138.975312,35.914625],[138.975281,35.914604],[138.975312,35.914583],[138.975312,35.914625]]],[[[138.975312,35.914625],[138.975281,35.914646],[138.975281,35.914604],[138.975312,35.914625]]],[[[138.97525,35.914542],[138.975312,35.914542],[138.975281,35.9145625],[138.97525,35.914542]]],[[[138.97525,35.914542],[138.975281,35.9145625],[138.97525,35.914583],[138.97525,35.914542]]],[[[138.97525,35.914583],[138.975281,35.9145625],[138.975281,35.914604],[138.97525,35.914583]]],[[[138.975312,35.914583],[138.975281,35.9145625],[138.975312,35.914542],[138.975312,35.914583]]],[[[138.975312,35.914583],[138.975281,35.914604],[138.975281,35.9145625],[138.975312,35.914583]]],[[[138.97525,35.91475],[138.97525,35.914708],[138.975281,35.914729],[138.97525,35.91475]]],[[[138.97525,35.915],[138.975281,35.914979],[138.975281,35.915021],[138.97525,35.915]]],[[[138.975312,35.915],[138.975281,35.914979],[138.975312,35.914958],[138.975312,35.915]]],[[[138.975312,35.915],[138.975281,35.915021],[138.975281,35.914979],[138.975312,35.915]]],[[[138.97525,35.914958],[138.97525,35.914917],[138.975281,35.9149375],[138.97525,35.914958]]],[[[138.97525,35.914958],[138.975281,35.9149375],[138.975281,35.914979],[138.97525,35.914958]]],[[[138.975312,35.914958],[138.975281,35.9149375],[138.975312,35.914917],[138.975312,35.914958]]],[[[138.975312,35.914958],[138.975281,35.914979],[138.975281,35.9149375],[138.975312,35.914958]]],[[[138.97525,35.914917],[138.97525,35.914875],[138.975281,35.914896],[138.97525,35.914917]]],[[[138.97525,35.914917],[138.975281,35.914896],[138.975281,35.9149375],[138.97525,35.914917]]],[[[138.975312,35.914917],[138.975281,35.914896],[138.975312,35.914875],[138.975312,35.914917]]],[[[138.975312,35.914917],[138.975281,35.9149375],[138.975281,35.914896],[138.975312,35.914917]]],[[[138.97525,35.914875],[138.97525,35.914833],[138.975281,35.914854],[138.97525,35.914875]]],[[[138.97525,35.914875],[138.975281,35.914854],[138.975281,35.914896],[138.97525,35.914875]]],[[[138.975312,35.914875],[138.975281,35.914854],[138.975312,35.914833],[138.975312,35.914875]]],[[[138.975312,35.914875],[138.975281,35.914896],[138.975281,35.914854],[138.975312,35.914875]]],[[[138.97525,35.914833],[138.97525,35.914792],[138.975281,35.9148125],[138.97525,35.914833]]],[[[138.97525,35.914833],[138.975281,35.9148125],[138.975281,35.914854],[138.97525,35.914833]]],[[[138.97525,35.915],[138.97525,35.914958],[138.975281,35.914979],[138.97525,35.915]]],[[[138.975312,35.914833],[138.975281,35.9148125],[138.975312,35.914792],[138.975312,35.914833]]],[[[138.97525,35.915083],[138.97525,35.915042],[138.975281,35.9150625],[138.97525,35.915083]]],[[[138.97525,35.915083],[138.975281,35.9150625],[138.975312,35.915083],[138.97525,35.915083]]],[[[138.975312,35.915083],[138.975281,35.9150625],[138.975312,35.915042],[138.975312,35.915083]]],[[[138.97525,35.915042],[138.97525,35.915],[138.975281,35.915021],[138.97525,35.915042]]],[[[138.97525,35.915042],[138.975281,35.915021],[138.975281,35.9150625],[138.97525,35.915042]]],[[[138.975312,35.915042],[138.975281,35.915021],[138.975312,35.915],[138.975312,35.915042]]],[[[138.975312,35.915042],[138.975281,35.9150625],[138.975281,35.915021],[138.975312,35.915042]]]]},"properties":{"layer":"flood","class_code":"2","class_label":"0.5m以上3m未満","scale_code":"1","scale_label":"L1（計画規模）"}},{"type":"Feature","id":"fld_8c704d2f-aae5-4396-95bd-aa59de08f82d","geometry":{"type":"MultiPolygon","coordinates":[[[[138.975188,35.915292],[138.975219,35.915271],[138.975219,35.9153125],[138.975188,35.915292]]],[[[138.975188,35.915333],[138.975219,35.9153125],[138.97525,35.915333],[138.975188,35.915333]]],[[[138.975188,35.915333],[138.975188,35.915292],[138.975219,35.9153125],[138.975188,35.915333]]],[[[138.97525,35.91525],[138.975219,35.915271],[138.975219,35.915229],[138.97525,35.91525]]],[[[138.975188,35.915292],[138.975188,35.91525],[138.975219,35.915271],[138.975188,35.915292]]],[[[138.975188,35.915208],[138.97525,35.915208],[138.975219,35.915229],[138.975188,35.915208]]],[[[138.975188,35.915208],[138.975219,35.915229],[138.975188,35.91525],[138.975188,35.915208]]],[[[138.975188,35.91525],[138.975219,35.915229],[138.975219,35.915271],[138.975188,35.91525]]],[[[138.97525,35.91525],[138.975219,35.915229],[138.97525,35.915208],[138.97525,35.91525]]],[[[138.97525,35.915292],[138.975219,35.915271],[138.97525,35.91525],[138.97525,35.915292]]],[[[138.97525,35.915292],[138.97525,35.915333],[138.975219,35.9153125],[138.97525,35.915292]]],[[[138.97525,35.915292],[138.975219,35.9153125],[138.975219,35.915271],[138.97525,35.915292]]]]},"properties":{"layer":"flood","class_code":"2","class_label":"0.5m以上3m未満","scale_code":"1","scale_label":"L1（計画規模）"}},{"type":"Feature","id":"fld_40c0e937-dccd-4028-aeea-8b15de1c0155","geometry":{"type":"MultiPolygon","coordinates":[[[[138.982375,35.910917],[138.982406,35.910896],[138.982437,35.910917],[138.982375,35.910917]]],[[[138.982437,35.910875],[138.982437,35.910917],[138.982406,35.910896],[138.982437,35.910875]]],[[[138.982437,35.910917],[138.9824685,35.910896],[138.9825,35.910917],[138.982437,35.910917]]],[[[138.9825,35.910917],[138.9824685,35.910896],[138.9825,35.910875],[138.9825,35.910917]]],[[[138.982375,35.910875],[138.982437,35.910875],[138.982406,35.910896],[138.982375,35.910875]]],[[[138.982375,35.910875],[138.982406,35.910896],[138.982375,35.910917],[138.982375,35.910875]]],[[[138.982437,35.910875],[138.9825,35.910875],[138.9824685,35.910896],[138.982437,35.910875]]],[[[138.982437,35.910875],[138.9824685,35.910896],[138.982437,35.910917],[138.982437,35.910875]]]]},"properties":{"layer":"flood","class_code":"2","class_label":"0.5m以上3m未満","scale_code":"1","scale_label":"L1（計画規模）"}},{"type":"Feature","id":"fld_04c60e81-7267-45ec-9278-0136ef2162c7","geometry":{"type":"MultiPolygon","coordinates":[[[[138.975188,35.915375],[138.97525,35.915375],[138.975219,35.915396],[138.975188,35.915375]]],[[[138.97525,35.915458],[138.975219,35.9154375],[138.97525,35.915417],[138.97525,35.915458]]],[[[138.975188,35.915417],[138.975219,35.915396],[138.975219,35.9154375],[138.975188,35.915417]]],[[[138.975188,35.915458],[138.975188,35.915417],[138.975219,35.9154375],[138.975188,35.915458]]],[[[138.97525,35.915458],[138.975219,35.915479],[138.975219,35.9154375],[138.97525,35.915458]]],[[[138.975188,35.915458],[138.975219,35.9154375],[138.975219,35.915479],[138.975188,35.915458]]],[[[138.97525,35.9155],[138.975219,35.915479],[138.97525,35.915458],[138.97525,35.9155]]],[[[138.975188,35.9155],[138.975219,35.915479],[138.975219,35.915521],[138.975188,35.9155]]],[[[138.975188,35.9155],[138.975188,35.915458],[138.975219,35.915479],[138.975188,35.9155]]],[[[138.975188,35.915542],[138.975219,35.915521],[138.97525,35.915542],[138.975188,35.915542]]],[[[138.975188,35.915542],[138.975188,35.9155],[138.975219,35.915521],[138.975188,35.915542]]],[[[138.97525,35.915542],[138.975219,35.915521],[138.97525,35.9155],[138.97525,35.915542]]],[[[138.97525,35.9155],[138.975219,35.915521],[138.975219,35.915479],[138.97525,35.9155]]],[[[138.97525,35.915417],[138.975219,35.9154375],[138.975219,35.915396],[138.97525,35.915417]]],[[[138.97525,35.915417],[138.975219,35.915396],[138.97525,35.915375],[138.97525,35.915417]]],[[[138.975188,35.915375],[138.975219,35.915396],[138.975188,35.915417],[138.975188,35.915375]]]]},"properties":{"layer":"flood","class_code":"2","class_label":"0.5m以上3m未満","scale_code":"1","scale_label":"L1（計画規模）"}},{"type":"Feature","id":"fld_7b99395e-1f0d-43d3-a476-20c37e43397d","geometry":{"type":"MultiPolygon","coordinates":[[[[138.9751565,35.915646],[138.975188,35.915625],[138.975188,35.915667],[138.9751565,35.915646]]],[[[138.975125,35.915708],[138.975125,35.915667],[138.9751565,35.9156875],[138.975125,35.915708]]],[[[138.975125,35.915708],[138.9751565,35.9156875],[138.975188,35.915708],[138.975125,35.915708]]],[[[138.9751565,35.915646],[138.975188,35.915667],[138.9751565,35.9156875],[138.9751565,35.915646]]],[[[138.975125,35.915625],[138.975188,35.915625],[138.9751565,35.915646],[138.975125,35.915625]]],[[[138.975188,35.915708],[138.9751565,35.9156875],[138.975188,35.915667],[138.975188,35.915708]]],[[[138.975125,35.915625],[138.9751565,35.915646],[138.975125,35.915667],[138.975125,35.915625]]],[[[138.975125,35.915667],[138.9751565,35.915646],[138.9751565,35.9156875],[138.975125,35.915667]]]]},"properties":{"layer":"flood","class_code":"2","class_label":"0.5m以上3m未満","scale_code":"1","scale_label":"L1（計画規模）"}},{"type":"Feature","id":"fld_32175a57-f99e-4953-8369-8443af2d604d","geometry":{"type":"MultiPolygon","coordinates":[[[[138.9795315,35.908854],[138.979563,35.908833],[138.979563,35.908875],[138.9795315,35.908854]]],[[[138.9795315,35.908854],[138.9795,35.908833],[138.979563,35.908833],[138.9795315,35.908854]]],[[[138.979469,35.908854],[138.979438,35.908875],[138.979438,35.908833],[138.979469,35.908854]]],[[[138.979469,35.908854],[138.9795,35.908875],[138.979438,35.908875],[138.979469,35.908854]]],[[[138.979469,35.908854],[138.9795,35.908833],[138.9795,35.908875],[138.979469,35.908854]]],[[[138.979469,35.908854],[138.979438,35.908833],[138.9795,35.908833],[138.979469,35.908854]]],[[[138.9795315,35.908854],[138.979563,35.908875],[138.9795,35.908875],[138.9795315,35.908854]]],[[[138.9795315,35.908854],[138.9795,35.908875],[138.9795,35.908833],[138.9795315,35.908854]]]]},"properties":{"layer":"flood","class_code":"2","class_label":"0.5m以上3m未満","scale_code":"1","scale_label":"L1（計画規模）"}},{"type":"Feature","id":"fld_1acedd8e-6d91-44ee-a4a4-b749ca6964cd","geometry":{"type":"MultiPolygon","coordinates":[[[[138.9787185,35.9100625],[138.97875,35.910042],[138.97875,35.910083],[138.9787185,35.9100625]]],[[[138.9787185,35.910021],[138.978687,35.91],[138.9787185,35.909979],[138.9787185,35.910021]]],[[[138.9787185,35.910021],[138.9787185,35.909979],[138.97875,35.91],[138.9787185,35.910021]]],[[[138.9787185,35.9099375],[138.978687,35.909917],[138.97875,35.909917],[138.9787185,35.9099375]]],[[[138.9787185,35.9100625],[138.978687,35.910042],[138.9787185,35.910021],[138.9787185,35.9100625]]],[[[138.9787185,35.9099375],[138.978687,35.909958],[138.978687,35.909917],[138.9787185,35.9099375]]],[[[138.9787185,35.909979],[138.97875,35.909958],[138.97875,35.91],[138.9787185,35.909979]]],[[[138.9787185,35.9100625],[138.9787185,35.910021],[138.97875,35.910042],[138.9787185,35.9100625]]],[[[138.9787185,35.909979],[138.9787185,35.9099375],[138.97875,35.909958],[138.9787185,35.909979]]],[[[138.9787185,35.909979],[138.978687,35.909958],[138.9787185,35.9099375],[138.9787185,35.909979]]],[[[138.9787185,35.909979],[138.978687,35.91],[138.978687,35.909958],[138.9787185,35.909979]]],[[[138.9787185,35.910021],[138.97875,35.91],[138.97875,35.910042],[138.9787185,35.910021]]],[[[138.9787185,35.9100625],[138.978687,35.910083],[138.978687,35.910042],[138.9787185,35.9100625]]],[[[138.9787185,35.9100625],[138.97875,35.910083],[138.978687,35.910083],[138.9787185,35.9100625]]],[[[138.9787185,35.910021],[138.978687,35.910042],[138.978687,35.91],[138.9787185,35.910021]]],[[[138.9787185,35.9099375],[138.97875,35.909917],[138.97875,35.909958],[138.9787185,35.9099375]]]]},"properties":{"layer":"flood","class_code":"2","class_label":"0.5m以上3m未満","scale_code":"1","scale_label":"L1（計画規模）"}},{"type":"Feature","id":"fld_245d5ed6-43d2-449f-8ac2-c2208def4c00","geometry":{"type":"MultiPolygon","coordinates":[[[[138.9867815,35.9091875],[138.986813,35.909167],[138.986813,35.909208],[138.9867815,35.9091875]]],[[[138.9867815,35.9091875],[138.986813,35.909208],[138.98675,35.909208],[138.9867815,35.9091875]]],[[[138.9867815,35.9091875],[138.98675,35.909208],[138.98675,35.909167],[138.9867815,35.9091875]]],[[[138.9867815,35.9091875],[138.98675,35.909167],[138.986813,35.909167],[138.9867815,35.9091875]]],[[[138.986219,35.909229],[138.98625,35.909208],[138.98625,35.90925],[138.986219,35.909229]]],[[[138.986219,35.909229],[138.98625,35.90925],[138.986188,35.90925],[138.986219,35.909229]]],[[[138.986219,35.909229],[138.986188,35.90925],[138.986188,35.909208],[138.986219,35.909229]]],[[[138.9862815,35.909229],[138.98625,35.909208],[138.986313,35.909208],[138.9862815,35.909229]]],[[[138.9862815,35.909229],[138.986313,35.909208],[138.986313,35.90925],[138.9862815,35.909229]]],[[[138.9862815,35.909229],[138.986313,35.90925],[138.98625,35.90925],[138.9862815,35.909229]]],[[[138.9862815,35.909229],[138.98625,35.90925],[138.98625,35.909208],[138.9862815,35.909229]]],[[[138.986344,35.909229],[138.986406,35.909229],[138.986375,35.90925],[138.986344,35.909229]]],[[[138.986344,35.909229],[138.986375,35.90925],[138.986313,35.90925],[138.986344,35.909229]]],[[[138.986344,35.9091875],[138.986313,35.909167],[138.986375,35.909167],[138.986344,35.9091875]]],[[[138.986344,35.909229],[138.986313,35.909208],[138.986344,35.9091875],[138.986344,35.909229]]],[[[138.986344,35.909229],[138.986344,35.9091875],[138.986406,35.909229],[138.986344,35.909229]]],[[[138.986406,35.909229],[138.986437,35.90925],[138.986375,35.90925],[138.986406,35.909229]]],[[[138.986406,35.909229],[138.986344,35.9091875],[138.986406,35.9091875],[138.986406,35.909229]]],[[[138.986406,35.909229],[138.986406,35.9091875],[138.986437,35.909208],[138.986406,35.909229]]],[[[138.986406,35.909229],[138.986437,35.909208],[138.986437,35.90925],[138.986406,35.909229]]],[[[138.986344,35.9091875],[138.986313,35.909208],[138.986313,35.909167],[138.986344,35.9091875]]],[[[138.986219,35.909229],[138.986188,35.909208],[138.98625,35.909208],[138.986219,35.909229]]],[[[138.986344,35.9091875],[138.986375,35.909167],[138.986406,35.9091875],[138.986344,35.9091875]]],[[[138.986406,35.9091875],[138.986375,35.909167],[138.986437,35.909167],[138.986406,35.9091875]]],[[[138.986406,35.9091875],[138.986437,35.909167],[138.986437,35.909208],[138.986406,35.9091875]]],[[[138.9864685,35.9091875],[138.986437,35.909167],[138.9865,35.909167],[138.9864685,35.9091875]]],[[[138.9864685,35.9091875],[138.9865,35.909167],[138.9865,35.909208],[138.9864685,35.9091875]]],[[[138.9864685,35.9091875],[138.9865,35.909208],[138.986437,35.909208],[138.9864685,35.9091875]]],[[[138.9864685,35.9091875],[138.986437,35.909208],[138.986437,35.909167],[138.9864685,35.9091875]]],[[[138.9865315,35.9091875],[138.9865,35.909167],[138.986563,35.909167],[138.9865315,35.9091875]]],[[[138.9865315,35.9091875],[138.986563,35.909167],[138.986563,35.909208],[138.9865315,35.9091875]]],[[[138.9865315,35.9091875],[138.986563,35.909208],[138.9865,35.909208],[138.9865315,35.9091875]]],[[[138.9865315,35.9091875],[138.9865,35.909208],[138.9865,35.909167],[138.9865315,35.9091875]]],[[[138.986594,35.9091875],[138.986563,35.909167],[138.986625,35.909167],[138.986594,35.9091875]]],[[[138.986594,35.9091875],[138.986625,35.909167],[138.986625,35.909208],[138.986594,35.9091875]]],[[[138.986594,35.9091875],[138.986625,35.909208],[138.986563,35.909208],[138.986594,35.9091875]]],[[[138.986594,35.9091875],[138.986563,35.909208],[138.986563,35.909167],[138.986594,35.9091875]]],[[[138.9866565,35.9091875],[138.986625,35.909167],[138.986688,35.909167],[138.9866565,35.9091875]]],[[[138.9866565,35.9091875],[138.986688,35.909167],[138.986688,35.909208],[138.9866565,35.9091875]]],[[[138.9866565,35.9091875],[138.986688,35.909208],[138.986625,35.909208],[138.9866565,35.9091875]]],[[[138.9866565,35.9091875],[138.986625,35.909208],[138.986625,35.909167],[138.9866565,35.9091875]]],[[[138.986719,35.9091875],[138.986688,35.909167],[138.98675,35.909167],[138.986719,35.9091875]]],[[[138.986719,35.9091875],[138.98675,35.909167],[138.98675,35.909208],[138.986719,35.9091875]]],[[[138.986719,35.9091875],[138.98675,35.909208],[138.986688,35.909208],[138.986719,35.9091875]]],[[[138.986719,35.9091875],[138.986688,35.909208],[138.986688,35.909167],[138.986719,35.9091875]]],[[[138.986344,35.909229],[138.986313,35.90925],[138.986313,35.909208],[138.986344,35.909229]]]]},"properties":{"layer":"flood","class_code":"2","class_label":"0.5m以上3m未満","scale_code":"1","scale_label":"L1（計画規模）"}},{"type":"Feature","id":"fld_410c73fa-e098-4ceb-939f-fd5e96a31179","geometry":{"type":"MultiPolygon","coordinates":[[[[138.978344,35.9094375],[138.978375,35.909417],[138.978375,35.909458],[138.978344,35.9094375]]],[[[138.978344,35.9094375],[138.978313,35.909458],[138.978313,35.909417],[138.978344,35.9094375]]],[[[138.978344,35.909479],[138.978313,35.9095],[138.978313,35.909458],[138.978344,35.909479]]],[[[138.978469,35.909479],[138.978438,35.909458],[138.9785,35.909458],[138.978469,35.909479]]],[[[138.9784065,35.909479],[138.978375,35.9095],[138.978375,35.909458],[138.9784065,35.909479]]],[[[138.9784065,35.909479],[138.978438,35.909458],[138.978469,35.909479],[138.9784065,35.909479]]],[[[138.978344,35.909479],[138.978344,35.9094375],[138.978375,35.909458],[138.978344,35.909479]]],[[[138.9782815,35.9094375],[138.97825,35.909458],[138.97825,35.909417],[138.9782815,35.9094375]]],[[[138.9782815,35.9094375],[138.97825,35.909417],[138.978313,35.909417],[138.9782815,35.9094375]]],[[[138.9782815,35.9094375],[138.978313,35.909417],[138.978313,35.909458],[138.9782815,35.9094375]]],[[[138.9784065,35.909479],[138.978375,35.909458],[138.978438,35.909458],[138.9784065,35.909479]]],[[[138.978344,35.909479],[138.978375,35.909458],[138.978375,35.9095],[138.978344,35.909479]]],[[[138.9782815,35.9094375],[138.978313,35.909458],[138.97825,35.909458],[138.9782815,35.9094375]]],[[[138.978344,35.909479],[138.978313,35.909458],[138.978344,35.9094375],[138.978344,35.909479]]],[[[138.978469,35.909479],[138.9785,35.909458],[138.9785,35.9095],[138.978469,35.909479]]],[[[138.978344,35.909479],[138.978375,35.9095],[138.978313,35.9095],[138.978344,35.909479]]],[[[138.978469,35.909521],[138.9785,35.9095],[138.9785,35.909542],[138.978469,35.909521]]],[[[138.978469,35.909521],[138.978469,35.909479],[138.9785,35.9095],[138.978469,35.909521]]],[[[138.9784065,35.909521],[138.978469,35.909521],[138.978438,35.909542],[138.9784065,35.909521]]],[[[138.9784065,35.909521],[138.978469,35.909479],[138.978469,35.909521],[138.9784065,35.909521]]],[[[138.9784065,35.909521],[138.9784065,35.909479],[138.978469,35.909479],[138.9784065,35.909521]]],[[[138.9784065,35.909521],[138.978375,35.9095],[138.9784065,35.909479],[138.9784065,35.909521]]],[[[138.9784065,35.909521],[138.978375,35.909542],[138.978375,35.9095],[138.9784065,35.909521]]],[[[138.9784065,35.909521],[138.978438,35.909542],[138.978375,35.909542],[138.9784065,35.909521]]],[[[138.978469,35.9095625],[138.9785,35.909542],[138.9785,35.909583],[138.978469,35.9095625]]],[[[138.978469,35.9095625],[138.978469,35.909521],[138.9785,35.909542],[138.978469,35.9095625]]],[[[138.978469,35.9095625],[138.978438,35.909542],[138.978469,35.909521],[138.978469,35.9095625]]],[[[138.978469,35.9095625],[138.978438,35.909583],[138.978438,35.909542],[138.978469,35.9095625]]],[[[138.978469,35.909604],[138.978469,35.9095625],[138.9785,35.909583],[138.978469,35.909604]]],[[[138.978469,35.909604],[138.978438,35.909583],[138.978469,35.9095625],[138.978469,35.909604]]],[[[138.978469,35.909604],[138.978438,35.909625],[138.978438,35.909583],[138.978469,35.909604]]],[[[138.978469,35.909604],[138.9785,35.909625],[138.978438,35.909625],[138.978469,35.909604]]],[[[138.978469,35.909604],[138.9785,35.909583],[138.9785,35.909625],[138.978469,35.909604]]],[[[138.978344,35.9094375],[138.978313,35.909417],[138.978375,35.909417],[138.978344,35.9094375]]]]},"properties":{"layer":"flood","class_code":"2","class_label":"0.5m以上3m未満","scale_code":"1","scale_label":"L1（計画規模）"}},{"type":"Feature","id":"fld_1e88b68d-a42b-4ec5-a0b5-0c112e4c06a4","geometry":{"type":"MultiPolygon","coordinates":[[[[138.9785315,35.9096875],[138.9785,35.909667],[138.9785315,35.909646],[138.9785315,35.9096875]]],[[[138.9785315,35.9096875],[138.9785,35.909708],[138.9785,35.909667],[138.9785315,35.9096875]]],[[[138.9785315,35.909729],[138.9785315,35.9096875],[138.978563,35.909708],[138.9785315,35.909729]]],[[[138.9785315,35.909729],[138.9785,35.909708],[138.9785315,35.9096875],[138.9785315,35.909729]]],[[[138.9785315,35.909729],[138.9785,35.90975],[138.9785,35.909708],[138.9785315,35.909729]]],[[[138.9785315,35.9096875],[138.9785315,35.909646],[138.978563,35.909667],[138.9785315,35.9096875]]],[[[138.9785315,35.909729],[138.978563,35.909708],[138.978563,35.90975],[138.9785315,35.909729]]],[[[138.9785315,35.909646],[138.9785,35.909625],[138.978563,35.909625],[138.9785315,35.909646]]],[[[138.9785315,35.909646],[138.9785,35.909667],[138.9785,35.909625],[138.9785315,35.909646]]],[[[138.9785315,35.9096875],[138.978563,35.909667],[138.978563,35.909708],[138.9785315,35.9096875]]],[[[138.9785315,35.909646],[138.978563,35.909625],[138.978563,35.909667],[138.9785315,35.909646]]],[[[138.9785315,35.909729],[138.978563,35.90975],[138.9785,35.90975],[138.9785315,35.909729]]]]},"properties":{"layer":"flood","class_code":"2","class_label":"0.5m以上3m未満","scale_code":"1","scale_label":"L1（計画規模）"}},{"type":"Feature","id":"fld_48a63e08-8fdc-45a6-8cdb-4d55ec77ce53","geometry":{"type":"MultiPolygon","coordinates":[[[[138.9853435,35.9098125],[138.985375,35.909833],[138.985312,35.909833],[138.9853435,35.9098125]]],[[[138.9853435,35.9098125],[138.985312,35.909833],[138.985312,35.909792],[138.9853435,35.9098125]]],[[[138.9853435,35.9098125],[138.985312,35.909792],[138.985375,35.909792],[138.9853435,35.9098125]]],[[[138.9853435,35.9098125],[138.985375,35.909792],[138.985375,35.909833],[138.9853435,35.9098125]]]]},"properties":{"layer":"flood","class_code":"2","class_label":"0.5m以上3m未満","scale_code":"1","scale_label":"L1（計画規模）"}},{"type":"Feature","id":"fld_144d10b0-cb94-42de-b7a1-de1b80398d1c","geometry":{"type":"MultiPolygon","coordinates":[[[[138.978625,35.909917],[138.978625,35.909875],[138.978656,35.909896],[138.978625,35.909917]]],[[[138.978625,35.909958],[138.978656,35.909979],[138.978625,35.91],[138.978625,35.909958]]],[[[138.978625,35.909958],[138.978656,35.9099375],[138.978656,35.909979],[138.978625,35.909958]]],[[[138.978625,35.909917],[138.978656,35.909896],[138.978656,35.9099375],[138.978625,35.909917]]],[[[138.978625,35.91],[138.978656,35.909979],[138.978687,35.91],[138.978625,35.91]]],[[[138.978625,35.909958],[138.978625,35.909917],[138.978656,35.9099375],[138.978625,35.909958]]],[[[138.978625,35.909875],[138.978687,35.909875],[138.978656,35.909896],[138.978625,35.909875]]],[[[138.978687,35.91],[138.978656,35.909979],[138.978687,35.909958],[138.978687,35.91]]],[[[138.978687,35.909917],[138.978656,35.909896],[138.978687,35.909875],[138.978687,35.909917]]],[[[138.978687,35.909917],[138.978687,35.909958],[138.978656,35.9099375],[138.978687,35.909917]]],[[[138.978687,35.909917],[138.978656,35.9099375],[138.978656,35.909896],[138.978687,35.909917]]],[[[138.978687,35.909958],[138.978656,35.909979],[138.978656,35.9099375],[138.978687,35.909958]]]]},"properties":{"layer":"flood","class_code":"3","class_label":"3m以上5m未満","scale_code":"1","scale_label":"L1（計画規模）"}},{"type":"Feature","id":"fld_d5b7676e-e4d3-4f3a-901e-5bca6363a6e1","geometry":{"type":"MultiPolygon","coordinates":[[[[138.981875,35.91025],[138.981844,35.910271],[138.981844,35.910229],[138.981875,35.91025]]],[[[138.981875,35.910333],[138.981875,35.910375],[138.981844,35.910354],[138.981875,35.910333]]],[[[138.981875,35.910333],[138.981844,35.910354],[138.981844,35.9103125],[138.981875,35.910333]]],[[[138.981875,35.910208],[138.981844,35.9101875],[138.981875,35.910167],[138.981875,35.910208]]],[[[138.981844,35.910271],[138.981813,35.910292],[138.981813,35.91025],[138.981844,35.910271]]],[[[138.981875,35.910208],[138.981844,35.910229],[138.981844,35.9101875],[138.981875,35.910208]]],[[[138.981875,35.91025],[138.981844,35.910229],[138.981875,35.910208],[138.981875,35.91025]]],[[[138.981875,35.910292],[138.981844,35.910271],[138.981875,35.91025],[138.981875,35.910292]]],[[[138.981875,35.910292],[138.981844,35.9103125],[138.981844,35.910271],[138.981875,35.910292]]],[[[138.981844,35.9103125],[138.981813,35.910333],[138.981813,35.910292],[138.981844,35.9103125]]],[[[138.981875,35.910333],[138.981844,35.9103125],[138.981875,35.910292],[138.981875,35.910333]]],[[[138.981844,35.9101875],[138.981844,35.910229],[138.981813,35.910208],[138.981844,35.9101875]]],[[[138.981844,35.9101875],[138.981813,35.910208],[138.981813,35.910167],[138.981844,35.9101875]]],[[[138.981844,35.9101875],[138.981813,35.910167],[138.981875,35.910167],[138.981844,35.9101875]]],[[[138.981844,35.910271],[138.981813,35.91025],[138.981844,35.910229],[138.981844,35.910271]]],[[[138.981844,35.910271],[138.981844,35.9103125],[138.981813,35.910292],[138.981844,35.910271]]],[[[138.981844,35.9103125],[138.981844,35.910354],[138.981813,35.910333],[138.981844,35.9103125]]],[[[138.981844,35.910354],[138.981813,35.910375],[138.981813,35.910333],[138.981844,35.910354]]],[[[138.981844,35.910354],[138.981875,35.910375],[138.981813,35.910375],[138.981844,35.910354]]],[[[138.981813,35.91025],[138.981813,35.910208],[138.981844,35.910229],[138.981813,35.91025]]]]},"properties":{"layer":"flood","class_code":"3","class_label":"3m以上5m未満","scale_code":"1","scale_label":"L1（計画規模）"}},{"type":"Feature","id":"fld_eefccbcc-aa98-4396-891c-5d9fec595c70","geometry":{"type":"MultiPolygon","coordinates":[[[[138.978625,35.909708],[138.978594,35.9096875],[138.978625,35.909667],[138.978625,35.909708]]],[[[138.978625,35.909708],[138.978594,35.909729],[138.978594,35.9096875],[138.978625,35.909708]]],[[[138.978563,35.909833],[138.978594,35.909854],[138.978563,35.909875],[138.978563,35.909833]]],[[[138.978563,35.909875],[138.978594,35.909854],[138.978625,35.909875],[138.978563,35.909875]]],[[[138.978563,35.909792],[138.978563,35.90975],[138.978594,35.909771],[138.978563,35.909792]]],[[[138.978563,35.909792],[138.978594,35.909771],[138.978594,35.9098125],[138.978563,35.909792]]],[[[138.978563,35.90975],[138.978563,35.909708],[138.978594,35.909729],[138.978563,35.90975]]],[[[138.978563,35.909708],[138.978563,35.909667],[138.978594,35.9096875],[138.978563,35.909708]]],[[[138.978563,35.909708],[138.978594,35.9096875],[138.978594,35.909729],[138.978563,35.909708]]],[[[138.978563,35.909667],[138.978625,35.909667],[138.978594,35.9096875],[138.978563,35.909667]]],[[[138.978625,35.909792],[138.978594,35.909771],[138.978625,35.90975],[138.978625,35.909792]]],[[[138.978563,35.90975],[138.978594,35.909729],[138.978594,35.909771],[138.978563,35.90975]]],[[[138.978625,35.90975],[138.978594,35.909771],[138.978594,35.909729],[138.978625,35.90975]]],[[[138.978563,35.909833],[138.978563,35.909792],[138.978594,35.9098125],[138.978563,35.909833]]],[[[138.978563,35.909833],[138.978594,35.9098125],[138.978594,35.909854],[138.978563,35.909833]]],[[[138.978625,35.909792],[138.978594,35.9098125],[138.978594,35.909771],[138.978625,35.909792]]],[[[138.978625,35.90975],[138.978594,35.909729],[138.978625,35.909708],[138.978625,35.90975]]],[[[138.978625,35.909833],[138.978625,35.909875],[138.978594,35.909854],[138.978625,35.909833]]],[[[138.978625,35.909833],[138.978594,35.909854],[138.978594,35.9098125],[138.978625,35.909833]]],[[[138.978625,35.909792],[138.978625,35.909833],[138.978594,35.9098125],[138.978625,35.909792]]]]},"properties":{"layer":"flood","class_code":"3","class_label":"3m以上5m未満","scale_code":"1","scale_label":"L1（計画規模）"}},{"type":"Feature","id":"fld_5bccb7c9-124e-4109-aac8-1129bb9d0054","geometry":{"type":"MultiPolygon","coordinates":[[[[138.975312,35.914167],[138.9753435,35.914146],[138.975375,35.914167],[138.975312,35.914167]]],[[[138.975312,35.914167],[138.975312,35.914125],[138.9753435,35.914146],[138.975312,35.914167]]],[[[138.975375,35.914125],[138.9753435,35.914146],[138.975312,35.914125],[138.975375,35.914125]]],[[[138.975375,35.914167],[138.9753435,35.914146],[138.975375,35.914125],[138.975375,35.914167]]]]},"properties":{"layer":"flood","class_code":"3","class_label":"3m以上5m未満","scale_code":"1","scale_label":"L1（計画規模）"}},{"type":"Feature","id":"fld_baf9e02b-e16c-4755-8beb-a7a25c6f083d","geometry":{"type":"MultiPolygon","coordinates":[[[[138.97525,35.915083],[138.975312,35.915083],[138.975281,35.915104],[138.97525,35.915083]]],[[[138.97525,35.915083],[138.975281,35.915104],[138.97525,35.915125],[138.97525,35.915083]]],[[[138.97525,35.915208],[138.975281,35.9151875],[138.975281,35.915229],[138.97525,35.915208]]],[[[138.97525,35.915208],[138.975281,35.915229],[138.97525,35.91525],[138.97525,35.915208]]],[[[138.97525,35.915208],[138.97525,35.915167],[138.975281,35.9151875],[138.97525,35.915208]]],[[[138.97525,35.915292],[138.975281,35.915271],[138.975281,35.9153125],[138.97525,35.915292]]],[[[138.97525,35.915292],[138.975281,35.9153125],[138.97525,35.915333],[138.97525,35.915292]]],[[[138.97525,35.91525],[138.975281,35.915229],[138.975281,35.915271],[138.97525,35.91525]]],[[[138.975312,35.915292],[138.975312,35.915333],[138.975281,35.9153125],[138.975312,35.915292]]],[[[138.975312,35.915292],[138.975281,35.9153125],[138.975281,35.915271],[138.975312,35.915292]]],[[[138.975312,35.915292],[138.975281,35.915271],[138.975312,35.91525],[138.975312,35.915292]]],[[[138.975312,35.91525],[138.975281,35.915229],[138.975312,35.915208],[138.975312,35.91525]]],[[[138.975312,35.91525],[138.975281,35.915271],[138.975281,35.915229],[138.975312,35.91525]]],[[[138.975312,35.915208],[138.975281,35.9151875],[138.975312,35.915167],[138.975312,35.915208]]],[[[138.975312,35.915208],[138.975281,35.915229],[138.975281,35.9151875],[138.975312,35.915208]]],[[[138.97525,35.915167],[138.97525,35.915125],[138.975281,35.915146],[138.97525,35.915167]]],[[[138.97525,35.915292],[138.97525,35.91525],[138.975281,35.915271],[138.97525,35.915292]]],[[[138.975312,35.915167],[138.975281,35.915146],[138.975312,35.915125],[138.975312,35.915167]]],[[[138.975312,35.915167],[138.975281,35.9151875],[138.975281,35.915146],[138.975312,35.915167]]],[[[138.97525,35.915125],[138.975281,35.915104],[138.975281,35.915146],[138.97525,35.915125]]],[[[138.97525,35.915333],[138.975281,35.9153125],[138.975312,35.915333],[138.97525,35.915333]]],[[[138.975312,35.915125],[138.975281,35.915104],[138.975312,35.915083],[138.975312,35.915125]]],[[[138.975312,35.915125],[138.975281,35.915146],[138.975281,35.915104],[138.975312,35.915125]]],[[[138.97525,35.915167],[138.975281,35.915146],[138.975281,35.9151875],[138.97525,35.915167]]]]},"properties":{"layer":"flood","class_code":"3","class_label":"3m以上5m未満","scale_code":"1","scale_label":"L1（計画規模）"}},{"type":"Feature","id":"fld_5e1e05a0-d9ec-44d6-8acf-255b8fd0e4a5","geometry":{"type":"MultiPolygon","coordinates":[[[[138.975188,35.915333],[138.975219,35.915354],[138.975188,35.915375],[138.975188,35.915333]]],[[[138.975188,35.915333],[138.97525,35.915333],[138.975219,35.915354],[138.975188,35.915333]]],[[[138.975219,35.915354],[138.97525,35.915375],[138.975188,35.915375],[138.975219,35.915354]]],[[[138.975219,35.915354],[138.97525,35.915333],[138.97525,35.915375],[138.975219,35.915354]]]]},"properties":{"layer":"flood","class_code":"3","class_label":"3m以上5m未満","scale_code":"1","scale_label":"L1（計画規模）"}},{"type":"Feature","id":"fld_f872553d-7bcf-4756-b526-e397203dd02e","geometry":{"type":"MultiPolygon","coordinates":[[[[138.975188,35.915625],[138.975188,35.915583],[138.975219,35.915604],[138.975188,35.915625]]],[[[138.975219,35.9155625],[138.97525,35.915542],[138.97525,35.915583],[138.975219,35.9155625]]],[[[138.975219,35.9155625],[138.975188,35.915542],[138.97525,35.915542],[138.975219,35.9155625]]],[[[138.975219,35.9155625],[138.975188,35.915583],[138.975188,35.915542],[138.975219,35.9155625]]],[[[138.975219,35.9155625],[138.975219,35.915604],[138.975188,35.915583],[138.975219,35.9155625]]],[[[138.975219,35.9155625],[138.97525,35.915583],[138.975219,35.915604],[138.975219,35.9155625]]],[[[138.97525,35.915583],[138.97525,35.915625],[138.975219,35.915604],[138.97525,35.915583]]],[[[138.975188,35.915625],[138.975219,35.915604],[138.97525,35.915625],[138.975188,35.915625]]]]},"properties":{"layer":"flood","class_code":"3","class_label":"3m以上5m未満","scale_code":"1","scale_label":"L1（計画規模）"}},{"type":"Feature","id":"fld_ca8ea000-9211-4a3d-b331-f826b73f75b0","geometry":{"type":"MultiPolygon","coordinates":[[[[138.977469,35.908854],[138.9775,35.908833],[138.9775,35.908875],[138.977469,35.908854]]],[[[138.977438,35.908833],[138.9775,35.908833],[138.977469,35.908854],[138.977438,35.908833]]],[[[138.977438,35.908875],[138.977438,35.908833],[138.977469,35.908854],[138.977438,35.908875]]],[[[138.977438,35.908875],[138.977469,35.908854],[138.9775,35.908875],[138.977438,35.908875]]]]},"properties":{"layer":"flood","class_code":"3","class_label":"3m以上5m未満","scale_code":"1","scale_label":"L1（計画規模）"}},{"type":"Feature","id":"fld_c430795f-f7d6-4abd-9864-e0dd8b42bb00","geometry":{"type":"MultiPolygon","coordinates":[[[[138.97525,35.915333],[138.975312,35.915333],[138.975281,35.915354],[138.97525,35.915333]]],[[[138.97525,35.915333],[138.975281,35.915354],[138.97525,35.915375],[138.97525,35.915333]]],[[[138.97525,35.915375],[138.975281,35.915354],[138.975312,35.915375],[138.97525,35.915375]]],[[[138.975281,35.915354],[138.975312,35.915333],[138.975312,35.915375],[138.975281,35.915354]]]]},"properties":{"layer":"flood","class_code":"4","class_label":"5m以上10m未満","scale_code":"1","scale_label":"L1（計画規模）"}},{"type":"Feature","id":"fld_7d936a33-f306-4c17-9a54-256a6f89f6a0","geometry":{"type":"MultiPolygon","coordinates":[[[[138.975219,35.915646],[138.97525,35.915667],[138.975188,35.915667],[138.975219,35.915646]]],[[[138.975219,35.915646],[138.975188,35.915667],[138.975188,35.915625],[138.975219,35.915646]]],[[[138.975219,35.915646],[138.975188,35.915625],[138.97525,35.915625],[138.975219,35.915646]]],[[[138.975219,35.915646],[138.97525,35.915625],[138.97525,35.915667],[138.975219,35.915646]]]]},"properties":{"layer":"flood","class_code":"4","class_label":"5m以上10m未満","scale_code":"1","scale_label":"L1（計画規模）"}},{"type":"Feature","id":"fld_ef9408fe-6a66-4ac6-9775-58136038fd47","geometry":{"type":"MultiPolygon","coordinates":[[[[138.978813,35.911417],[138.978813,35.911375],[138.978844,35.911396],[138.978813,35.911417]]],[[[138.978813,35.911375],[138.978875,35.911375],[138.978844,35.911396],[138.978813,35.911375]]],[[[138.978875,35.911375],[138.978875,35.911417],[138.978844,35.911396],[138.978875,35.911375]]],[[[138.978813,35.911417],[138.978844,35.911396],[138.978875,35.911417],[138.978813,35.911417]]]]},"properties":{"layer":"flood","class_code":"1","class_label":"0.5m未満","scale_code":"2","scale_label":"L2（想定最大規模）"}},{"type":"Feature","id":"fld_75e12982-56e8-402c-8586-344a80719e61","geometry":{"type":"MultiPolygon","coordinates":[[[[138.978,35.91225],[138.9779685,35.912229],[138.978,35.912208],[138.978,35.91225]]],[[[138.977937,35.91225],[138.977937,35.912208],[138.9779685,35.912229],[138.977937,35.91225]]],[[[138.977937,35.912208],[138.978,35.912208],[138.9779685,35.912229],[138.977937,35.912208]]],[[[138.978,35.91225],[138.977937,35.91225],[138.9779685,35.912229],[138.978,35.91225]]]]},"properties":{"layer":"flood","class_code":"1","class_label":"0.5m未満","scale_code":"2","scale_label":"L2（想定最大規模）"}},{"type":"Feature","id":"fld_77c7dc77-6213-42ca-a247-4d85fa740498","geometry":{"type":"MultiPolygon","coordinates":[[[[138.977937,35.912542],[138.9779685,35.912521],[138.9779685,35.9125625],[138.977937,35.912542]]],[[[138.977937,35.9125],[138.978,35.9125],[138.9779685,35.912521],[138.977937,35.9125]]],[[[138.978,35.9125],[138.978,35.912542],[138.9779685,35.912521],[138.978,35.9125]]],[[[138.978,35.912625],[138.977937,35.912625],[138.9779685,35.912604],[138.978,35.912625]]],[[[138.978,35.912625],[138.9779685,35.912604],[138.978,35.912583],[138.978,35.912625]]],[[[138.977937,35.912625],[138.977937,35.912583],[138.9779685,35.912604],[138.977937,35.912625]]],[[[138.977937,35.912583],[138.977937,35.912542],[138.9779685,35.9125625],[138.977937,35.912583]]],[[[138.977937,35.912583],[138.9779685,35.9125625],[138.9779685,35.912604],[138.977937,35.912583]]],[[[138.978,35.912583],[138.9779685,35.9125625],[138.978,35.912542],[138.978,35.912583]]],[[[138.978,35.912542],[138.9779685,35.9125625],[138.9779685,35.912521],[138.978,35.912542]]],[[[138.978,35.912583],[138.9779685,35.912604],[138.9779685,35.9125625],[138.978,35.912583]]],[[[138.977937,35.912542],[138.977937,35.9125],[138.9779685,35.912521],[138.977937,35.912542]]]]},"properties":{"layer":"flood","class_code":"1","class_label":"0.5m未満","scale_code":"2","scale_label":"L2（想定最大規模）"}},{"type":"Feature","id":"fld_34622c09-a7e8-4126-9fda-b2fe5850106b","geometry":{"type":"MultiPolygon","coordinates":[[[[138.977937,35.91275],[138.977937,35.912708],[138.9779685,35.912729],[138.977937,35.91275]]],[[[138.977937,35.912708],[138.978,35.912708],[138.9779685,35.912729],[138.977937,35.912708]]],[[[138.978,35.912708],[138.978,35.91275],[138.9779685,35.912729],[138.978,35.912708]]],[[[138.977937,35.91275],[138.9779685,35.912729],[138.978,35.91275],[138.977937,35.91275]]]]},"properties":{"layer":"flood","class_code":"1","class_label":"0.5m未満","scale_code":"2","scale_label":"L2（想定最大規模）"}},{"type":"Feature","id":"fld_6ee60415-4c6d-49dc-bdfa-23e966fae168","geometry":{"type":"MultiPolygon","coordinates":[[[[138.9777815,35.912854],[138.977813,35.912875],[138.97775,35.912875],[138.9777815,35.912854]]],[[[138.977813,35.912833],[138.977813,35.912875],[138.9777815,35.912854],[138.977813,35.912833]]],[[[138.97775,35.912833],[138.9777815,35.912854],[138.97775,35.912875],[138.97775,35.912833]]],[[[138.97775,35.912833],[138.977813,35.912833],[138.9777815,35.912854],[138.97775,35.912833]]]]},"properties":{"layer":"flood","class_code":"1","class_label":"0.5m未満","scale_code":"2","scale_label":"L2（想定最大規模）"}},{"type":"Feature","id":"fld_a70ee9bb-f2ce-4bbb-9e71-55c82c886d25","geometry":{"type":"MultiPolygon","coordinates":[[[[138.977188,35.913125],[138.977188,35.913167],[138.9771565,35.913146],[138.977188,35.913125]]],[[[138.977188,35.913125],[138.9771565,35.913146],[138.977125,35.913125],[138.977188,35.913125]]],[[[138.977125,35.913167],[138.977125,35.913125],[138.9771565,35.913146],[138.977125,35.913167]]],[[[138.977125,35.913167],[138.9771565,35.913146],[138.977188,35.913167],[138.977125,35.913167]]]]},"properties":{"layer":"flood","class_code":"1","class_label":"0.5m未満","scale_code":"2","scale_label":"L2（想定最大規模）"}},{"type":"Feature","id":"fld_4eb1f1f2-4fe2-4d0f-b969-1b9c78e2b50b","geometry":{"type":"MultiPolygon","coordinates":[[[[138.976906,35.9133125],[138.976937,35.913292],[138.976937,35.913333],[138.976906,35.9133125]]],[[[138.976906,35.9133125],[138.976875,35.913292],[138.976937,35.913292],[138.976906,35.9133125]]],[[[138.976875,35.913333],[138.976875,35.913292],[138.976906,35.9133125],[138.976875,35.913333]]],[[[138.976875,35.913333],[138.976906,35.9133125],[138.976937,35.913333],[138.976875,35.913333]]]]},"properties":{"layer":"flood","class_code":"1","class_label":"0.5m未満","scale_code":"2","scale_label":"L2（想定最大規模）"}},{"type":"Feature","id":"fld_be4ca133-d921-482e-9c6d-7b5513919340","geometry":{"type":"MultiPolygon","coordinates":[[[[138.9750315,35.916021],[138.975063,35.916],[138.975063,35.916042],[138.9750315,35.916021]]],[[[138.975,35.916],[138.9750315,35.916021],[138.975,35.916042],[138.975,35.916]]],[[[138.975,35.916042],[138.9750315,35.916021],[138.975063,35.916042],[138.975,35.916042]]],[[[138.975,35.916],[138.975063,35.916],[138.9750315,35.916021],[138.975,35.916]]]]},"properties":{"layer":"flood","class_code":"1","class_label":"0.5m未満","scale_code":"2","scale_label":"L2（想定最大規模）"}},{"type":"Feature","id":"fld_14e24bf1-6c57-40f0-ac7e-353a443f1480","geometry":{"type":"MultiPolygon","coordinates":[[[[138.975969,35.908479],[138.975938,35.908458],[138.976,35.908458],[138.975969,35.908479]]],[[[138.976,35.9085],[138.975969,35.908479],[138.976,35.908458],[138.976,35.9085]]],[[[138.976,35.9085],[138.975938,35.9085],[138.975969,35.908479],[138.976,35.9085]]],[[[138.975969,35.908479],[138.975938,35.9085],[138.975938,35.908458],[138.975969,35.908479]]],[[[138.9759065,35.908479],[138.975938,35.9085],[138.975875,35.9085],[138.9759065,35.908479]]],[[[138.9759065,35.908479],[138.975875,35.9085],[138.975875,35.908458],[138.9759065,35.908479]]],[[[138.9759065,35.908479],[138.975875,35.908458],[138.975938,35.908458],[138.9759065,35.908479]]],[[[138.9759065,35.908479],[138.975938,35.908458],[138.975938,35.9085],[138.9759065,35.908479]]]]},"properties":{"layer":"flood","class_code":"1","class_label":"0.5m未満","scale_code":"2","scale_label":"L2（想定最大規模）"}},{"type":"Feature","id":"fld_06174f05-3b84-4c51-ba1f-90eb6fd79cb6","geometry":{"type":"MultiPolygon","coordinates":[[[[138.976875,35.9085],[138.976937,35.9085],[138.976906,35.908521],[138.976875,35.9085]]],[[[138.976875,35.9085],[138.976906,35.908521],[138.976875,35.908542],[138.976875,35.9085]]],[[[138.976875,35.9085],[138.976875,35.908542],[138.9768435,35.908521],[138.976875,35.9085]]],[[[138.976937,35.908542],[138.976906,35.908521],[138.976937,35.9085],[138.976937,35.908542]]],[[[138.976937,35.908542],[138.976875,35.908542],[138.976906,35.908521],[138.976937,35.908542]]],[[[138.976812,35.9085],[138.976875,35.9085],[138.9768435,35.908521],[138.976812,35.9085]]],[[[138.976812,35.908542],[138.976812,35.9085],[138.9768435,35.908521],[138.976812,35.908542]]],[[[138.976812,35.908542],[138.9768435,35.908521],[138.976875,35.908542],[138.976812,35.908542]]]]},"properties":{"layer":"flood","class_code":"1","class_label":"0.5m未満","scale_code":"2","scale_label":"L2（想定最大規模）"}},{"type":"Feature","id":"fld_cf32a241-b196-4714-afff-7999d28d5987","geometry":{"type":"MultiPolygon","coordinates":[[[[138.976375,35.9085],[138.976344,35.908521],[138.976313,35.9085],[138.976375,35.9085]]],[[[138.976375,35.9085],[138.976375,35.908542],[138.976344,35.908521],[138.976375,35.9085]]],[[[138.976344,35.908521],[138.976313,35.908542],[138.976313,35.9085],[138.976344,35.908521]]],[[[138.976375,35.908542],[138.976313,35.908542],[138.976344,35.908521],[138.976375,35.908542]]]]},"properties":{"layer":"flood","class_code":"1","class_label":"0.5m未満","scale_code":"2","scale_label":"L2（想定最大規模）"}},{"type":"Feature","id":"fld_b8d07853-dfb4-47a3-aa2d-9427038b269b","geometry":{"type":"MultiPolygon","coordinates":[[[[138.977344,35.9088125],[138.977375,35.908792],[138.977375,35.908833],[138.977344,35.9088125]]],[[[138.977344,35.9088125],[138.977375,35.908833],[138.977313,35.908833],[138.977344,35.9088125]]],[[[138.977344,35.9088125],[138.977313,35.908833],[138.977313,35.908792],[138.977344,35.9088125]]],[[[138.977344,35.9088125],[138.977313,35.908792],[138.977375,35.908792],[138.977344,35.9088125]]]]},"properties":{"layer":"flood","class_code":"1","class_label":"0.5m未満","scale_code":"2","scale_label":"L2（想定最大規模）"}},{"type":"Feature","id":"fld_db8d365f-e68c-4997-8979-5a19871d8a5e","geometry":{"type":"MultiPolygon","coordinates":[[[[138.977719,35.911896],[138.97775,35.911917],[138.977688,35.911917],[138.977719,35.911896]]],[[[138.977719,35.911896],[138.977688,35.911917],[138.977688,35.911875],[138.977719,35.911896]]],[[[138.977719,35.911896],[138.97775,35.911875],[138.97775,35.911917],[138.977719,35.911896]]],[[[138.977719,35.911854],[138.977688,35.911875],[138.977688,35.911833],[138.977719,35.911854]]],[[[138.977719,35.911854],[138.977688,35.911833],[138.97775,35.911833],[138.977719,35.911854]]],[[[138.977719,35.911854],[138.97775,35.911833],[138.97775,35.911875],[138.977719,35.911854]]],[[[138.977719,35.911854],[138.97775,35.911875],[138.977719,35.911896],[138.977719,35.911854]]],[[[138.977719,35.911854],[138.977719,35.911896],[138.977688,35.911875],[138.977719,35.911854]]]]},"properties":{"layer":"flood","class_code":"1","class_label":"0.5m未満","scale_code":"2","scale_label":"L2（想定最大規模）"}},{"type":"Feature","id":"fld_d1ef7bf3-8ded-45cc-ad13-07f93d8c7b77","geometry":{"type":"MultiPolygon","coordinates":[[[[138.977469,35.9089375],[138.977438,35.908958],[138.977438,35.908917],[138.977469,35.9089375]]],[[[138.977531,35.9089375],[138.9775,35.908917],[138.977562,35.908917],[138.977531,35.9089375]]],[[[138.977531,35.9089375],[138.9775,35.908958],[138.9775,35.908917],[138.977531,35.9089375]]],[[[138.977531,35.9089375],[138.977562,35.908958],[138.9775,35.908958],[138.977531,35.9089375]]],[[[138.977531,35.9089375],[138.977562,35.908917],[138.977562,35.908958],[138.977531,35.9089375]]],[[[138.977469,35.9089375],[138.9775,35.908958],[138.977438,35.908958],[138.977469,35.9089375]]],[[[138.977469,35.9089375],[138.9775,35.908917],[138.9775,35.908958],[138.977469,35.9089375]]],[[[138.977469,35.9089375],[138.977438,35.908917],[138.9775,35.908917],[138.977469,35.9089375]]]]},"properties":{"layer":"flood","class_code":"1","class_label":"0.5m未満","scale_code":"2","scale_label":"L2（想定最大規模）"}},{"type":"Feature","id":"fld_f4ee9985-1fb9-42dd-874f-41d34841dc6b","geometry":{"type":"MultiPolygon","coordinates":[[[[138.978594,35.910146],[138.978563,35.910167],[138.978563,35.910125],[138.978594,35.910146]]],[[[138.978594,35.9101875],[138.978563,35.910167],[138.978594,35.910146],[138.978594,35.9101875]]],[[[138.978594,35.9101875],[138.978563,35.910208],[138.978563,35.910167],[138.978594,35.9101875]]],[[[138.978625,35.910208],[138.978594,35.9101875],[138.978625,35.910167],[138.978625,35.910208]]],[[[138.978625,35.910208],[138.978563,35.910208],[138.978594,35.9101875],[138.978625,35.910208]]],[[[138.978594,35.910146],[138.978625,35.910125],[138.978625,35.910167],[138.978594,35.910146]]],[[[138.978594,35.910146],[138.978563,35.910125],[138.978625,35.910125],[138.978594,35.910146]]],[[[138.978594,35.9101875],[138.978594,35.910146],[138.978625,35.910167],[138.978594,35.9101875]]]]},"properties":{"layer":"flood","class_code":"1","class_label":"0.5m未満","scale_code":"2","scale_label":"L2（想定最大規模）"}},{"type":"Feature","id":"fld_6739eb22-6202-4d76-8f70-891ec7ad1160","geometry":{"type":"MultiPolygon","coordinates":[[[[138.978969,35.910229],[138.978938,35.910208],[138.979,35.910208],[138.978969,35.910229]]],[[[138.978969,35.910229],[138.978938,35.91025],[138.978938,35.910208],[138.978969,35.910229]]],[[[138.978969,35.910229],[138.979,35.91025],[138.978938,35.91025],[138.978969,35.910229]]],[[[138.978969,35.910229],[138.979,35.910208],[138.979,35.91025],[138.978969,35.910229]]]]},"properties":{"layer":"flood","class_code":"1","class_label":"0.5m未満","scale_code":"2","scale_label":"L2（想定最大規模）"}},{"type":"Feature","id":"fld_5f320b63-d0ce-40d6-980a-a8cf16528216","geometry":{"type":"MultiPolygon","coordinates":[[[[138.978844,35.910229],[138.978875,35.91025],[138.978813,35.91025],[138.978844,35.910229]]],[[[138.978844,35.910229],[138.978813,35.91025],[138.978813,35.910208],[138.978844,35.910229]]],[[[138.978844,35.910229],[138.978813,35.910208],[138.978875,35.910208],[138.978844,35.910229]]],[[[138.978844,35.910229],[138.978875,35.910208],[138.978875,35.91025],[138.978844,35.910229]]]]},"properties":{"layer":"flood","class_code":"1","class_label":"0.5m未満","scale_code":"2","scale_label":"L2（想定最大規模）"}},{"type":"Feature","id":"fld_7265af80-6a85-41e0-9f2d-aa861bab3ce2","geometry":{"type":"MultiPolygon","coordinates":[[[[138.9792815,35.910479],[138.979313,35.9105],[138.97925,35.9105],[138.9792815,35.910479]]],[[[138.9792815,35.910479],[138.97925,35.9105],[138.97925,35.910458],[138.9792815,35.910479]]],[[[138.9792815,35.910479],[138.979313,35.910458],[138.979313,35.9105],[138.9792815,35.910479]]],[[[138.9792815,35.910479],[138.97925,35.910458],[138.979313,35.910458],[138.9792815,35.910479]]]]},"properties":{"layer":"flood","class_code":"1","class_label":"0.5m未満","scale_code":"2","scale_label":"L2（想定最大規模）"}},{"type":"Feature","id":"fld_485d72ad-102b-49f6-8c2a-23cd9df7833e","geometry":{"type":"MultiPolygon","coordinates":[[[[138.979594,35.9108125],[138.979563,35.910833],[138.979563,35.910792],[138.979594,35.9108125]]],[[[138.979594,35.9108125],[138.979563,35.910792],[138.979625,35.910792],[138.979594,35.9108125]]],[[[138.979594,35.9108125],[138.979625,35.910792],[138.979625,35.910833],[138.979594,35.9108125]]],[[[138.979594,35.9108125],[138.979625,35.910833],[138.979563,35.910833],[138.979594,35.9108125]]]]},"properties":{"layer":"flood","class_code":"1","class_label":"0.5m未満","scale_code":"2","scale_label":"L2（想定最大規模）"}},{"type":"Feature","id":"fld_9539982f-04ce-4b90-931e-f8f5a121c468","geometry":{"type":"MultiPolygon","coordinates":[[[[138.9796565,35.910854],[138.979688,35.910833],[138.979688,35.910875],[138.9796565,35.910854]]],[[[138.9795315,35.9111875],[138.979563,35.911208],[138.9795,35.911208],[138.9795315,35.9111875]]],[[[138.9795315,35.9111875],[138.9795,35.911208],[138.979469,35.9111875],[138.9795315,35.9111875]]],[[[138.979469,35.9111875],[138.9795,35.911208],[138.979469,35.911229],[138.979469,35.9111875]]],[[[138.979594,35.911146],[138.979594,35.9111875],[138.9795315,35.9111875],[138.979594,35.911146]]],[[[138.979594,35.911146],[138.9795315,35.9111875],[138.9795315,35.911146],[138.979594,35.911146]]],[[[138.979594,35.911146],[138.9795315,35.911146],[138.9795315,35.911104],[138.979594,35.911146]]],[[[138.979594,35.911146],[138.9795315,35.911104],[138.979594,35.911104],[138.979594,35.911146]]],[[[138.979594,35.911146],[138.979594,35.911104],[138.9796565,35.911104],[138.979594,35.911146]]],[[[138.979594,35.911146],[138.9796565,35.911104],[138.9796565,35.911146],[138.979594,35.911146]]],[[[138.979594,35.911146],[138.9796565,35.911146],[138.979594,35.9111875],[138.979594,35.911146]]],[[[138.9796565,35.911146],[138.9796565,35.911104],[138.979719,35.911104],[138.9796565,35.911146]]],[[[138.9796565,35.911146],[138.979719,35.911104],[138.979719,35.911146],[138.9796565,35.911146]]],[[[138.9796565,35.911146],[138.979719,35.911146],[138.9796565,35.9111875],[138.9796565,35.911146]]],[[[138.9796565,35.911146],[138.9796565,35.9111875],[138.979594,35.9111875],[138.9796565,35.911146]]],[[[138.979719,35.911146],[138.979719,35.911104],[138.979781,35.911104],[138.979719,35.911146]]],[[[138.979719,35.911146],[138.979781,35.911104],[138.979781,35.911146],[138.979719,35.911146]]],[[[138.979719,35.911146],[138.979781,35.911146],[138.97975,35.911167],[138.979719,35.911146]]],[[[138.979719,35.911146],[138.97975,35.911167],[138.979719,35.9111875],[138.979719,35.911146]]],[[[138.979719,35.911146],[138.979719,35.9111875],[138.9796565,35.9111875],[138.979719,35.911146]]],[[[138.979781,35.911146],[138.979812,35.911125],[138.979812,35.911167],[138.979781,35.911146]]],[[[138.979781,35.911146],[138.979812,35.911167],[138.97975,35.911167],[138.979781,35.911146]]],[[[138.979781,35.911146],[138.979781,35.911104],[138.979812,35.911125],[138.979781,35.911146]]],[[[138.9795315,35.911104],[138.9795315,35.911146],[138.9795,35.911125],[138.9795315,35.911104]]],[[[138.9795315,35.911104],[138.9795,35.911125],[138.9795,35.911083],[138.9795315,35.911104]]],[[[138.9795315,35.911104],[138.9795,35.911083],[138.9795315,35.9110625],[138.9795315,35.911104]]],[[[138.9795315,35.911104],[138.9795315,35.9110625],[138.979594,35.911104],[138.9795315,35.911104]]],[[[138.979594,35.911104],[138.9795315,35.9110625],[138.979594,35.9110625],[138.979594,35.911104]]],[[[138.979594,35.911104],[138.979594,35.9110625],[138.9796565,35.911104],[138.979594,35.911104]]],[[[138.9796565,35.911104],[138.979594,35.9110625],[138.9796565,35.9110625],[138.9796565,35.911104]]],[[[138.9796565,35.911104],[138.9796565,35.9110625],[138.979719,35.911104],[138.9796565,35.911104]]],[[[138.979719,35.911104],[138.9796565,35.9110625],[138.979719,35.9110625],[138.979719,35.911104]]],[[[138.979719,35.911104],[138.979719,35.9110625],[138.979781,35.911104],[138.979719,35.911104]]],[[[138.979781,35.911104],[138.979719,35.9110625],[138.979781,35.9110625],[138.979781,35.911104]]],[[[138.979781,35.911104],[138.979781,35.9110625],[138.979812,35.911083],[138.979781,35.911104]]],[[[138.979781,35.911104],[138.979812,35.911083],[138.979812,35.911125],[138.979781,35.911104]]],[[[138.9795315,35.9110625],[138.9795,35.911083],[138.9795,35.911042],[138.9795315,35.9110625]]],[[[138.9795315,35.9110625],[138.9795,35.911042],[138.979563,35.911042],[138.9795315,35.9110625]]],[[[138.9795315,35.9110625],[138.979563,35.911042],[138.979594,35.9110625],[138.9795315,35.9110625]]],[[[138.979594,35.9110625],[138.979563,35.911042],[138.979594,35.911021],[138.979594,35.9110625]]],[[[138.979594,35.9110625],[138.979594,35.911021],[138.9796565,35.9110625],[138.979594,35.9110625]]],[[[138.9796565,35.9110625],[138.979594,35.911021],[138.9796565,35.911021],[138.9796565,35.9110625]]],[[[138.9796565,35.9110625],[138.9796565,35.911021],[138.979719,35.9110625],[138.9796565,35.9110625]]],[[[138.979719,35.9110625],[138.9796565,35.911021],[138.979719,35.911021],[138.979719,35.9110625]]],[[[138.979719,35.9110625],[138.979719,35.911021],[138.979781,35.9110625],[138.979719,35.9110625]]],[[[138.979781,35.9110625],[138.979719,35.911021],[138.979781,35.911021],[138.979781,35.9110625]]],[[[138.979781,35.9110625],[138.979781,35.911021],[138.979812,35.911042],[138.979781,35.9110625]]],[[[138.979781,35.9110625],[138.979812,35.911042],[138.979812,35.911083],[138.979781,35.9110625]]],[[[138.979594,35.911021],[138.979563,35.911],[138.979594,35.910979],[138.979594,35.911021]]],[[[138.979594,35.911021],[138.979594,35.910979],[138.9796565,35.910979],[138.979594,35.911021]]],[[[138.979594,35.911021],[138.9796565,35.910979],[138.9796565,35.911021],[138.979594,35.911021]]],[[[138.979594,35.911021],[138.979563,35.911042],[138.979563,35.911],[138.979594,35.911021]]],[[[138.9796565,35.911021],[138.9796565,35.910979],[138.979719,35.910979],[138.9796565,35.911021]]],[[[138.9796565,35.911021],[138.979719,35.910979],[138.979719,35.911021],[138.9796565,35.911021]]],[[[138.979719,35.911021],[138.979719,35.910979],[138.97975,35.911],[138.979719,35.911021]]],[[[138.979719,35.911021],[138.97975,35.911],[138.979781,35.911021],[138.979719,35.911021]]],[[[138.979781,35.911021],[138.97975,35.911],[138.979812,35.911],[138.979781,35.911021]]],[[[138.979781,35.911021],[138.979812,35.911],[138.979812,35.911042],[138.979781,35.911021]]],[[[138.979594,35.910979],[138.979563,35.911],[138.979563,35.910958],[138.979594,35.910979]]],[[[138.979594,35.910979],[138.979563,35.910958],[138.979594,35.9109375],[138.979594,35.910979]]],[[[138.979594,35.910979],[138.979594,35.9109375],[138.9796565,35.910979],[138.979594,35.910979]]],[[[138.9796565,35.910979],[138.979594,35.9109375],[138.9796565,35.9109375],[138.9796565,35.910979]]],[[[138.9796565,35.910979],[138.9796565,35.9109375],[138.979719,35.910979],[138.9796565,35.910979]]],[[[138.979719,35.910979],[138.9796565,35.9109375],[138.979719,35.9109375],[138.979719,35.910979]]],[[[138.979719,35.910979],[138.979719,35.9109375],[138.97975,35.910958],[138.979719,35.910979]]],[[[138.979719,35.910979],[138.97975,35.910958],[138.97975,35.911],[138.979719,35.910979]]],[[[138.979594,35.9109375],[138.979563,35.910958],[138.979563,35.910917],[138.979594,35.9109375]]],[[[138.979594,35.9109375],[138.979563,35.910917],[138.979594,35.910896],[138.979594,35.9109375]]],[[[138.979594,35.9109375],[138.979594,35.910896],[138.9796565,35.910896],[138.979594,35.9109375]]],[[[138.979594,35.9109375],[138.9796565,35.910896],[138.9796565,35.9109375],[138.979594,35.9109375]]],[[[138.9796565,35.9109375],[138.9796565,35.910896],[138.979719,35.910896],[138.9796565,35.9109375]]],[[[138.9796565,35.9109375],[138.979719,35.910896],[138.979719,35.9109375],[138.9796565,35.9109375]]],[[[138.979719,35.9109375],[138.979719,35.910896],[138.97975,35.910917],[138.979719,35.9109375]]],[[[138.979719,35.9109375],[138.97975,35.910917],[138.97975,35.910958],[138.979719,35.9109375]]],[[[138.979594,35.910896],[138.979563,35.910917],[138.979563,35.910875],[138.979594,35.910896]]],[[[138.979594,35.910896],[138.979563,35.910875],[138.979625,35.910875],[138.979594,35.910896]]],[[[138.979594,35.910896],[138.979625,35.910875],[138.9796565,35.910896],[138.979594,35.910896]]],[[[138.9796565,35.910896],[138.979625,35.910875],[138.9796565,35.910854],[138.9796565,35.910896]]],[[[138.9796565,35.910896],[138.9796565,35.910854],[138.979688,35.910875],[138.9796565,35.910896]]],[[[138.9796565,35.910896],[138.979688,35.910875],[138.979719,35.910896],[138.9796565,35.910896]]],[[[138.979719,35.910896],[138.979688,35.910875],[138.97975,35.910875],[138.979719,35.910896]]],[[[138.979719,35.910896],[138.97975,35.910875],[138.97975,35.910917],[138.979719,35.910896]]],[[[138.9796565,35.910854],[138.979625,35.910875],[138.979625,35.910833],[138.9796565,35.910854]]],[[[138.9796565,35.910854],[138.979625,35.910833],[138.979688,35.910833],[138.9796565,35.910854]]],[[[138.979469,35.9111875],[138.979469,35.911229],[138.9794065,35.911229],[138.979469,35.9111875]]],[[[138.979469,35.9111875],[138.9794065,35.911229],[138.9794065,35.9111875],[138.979469,35.9111875]]],[[[138.979469,35.9111875],[138.9794065,35.9111875],[138.979438,35.911167],[138.979469,35.9111875]]],[[[138.9794065,35.9111875],[138.9794065,35.911229],[138.979344,35.911229],[138.9794065,35.9111875]]],[[[138.9794065,35.9111875],[138.979344,35.911229],[138.979344,35.9111875],[138.9794065,35.9111875]]],[[[138.9794065,35.9111875],[138.979344,35.9111875],[138.979375,35.911167],[138.9794065,35.9111875]]],[[[138.9794065,35.9111875],[138.979375,35.911167],[138.979438,35.911167],[138.9794065,35.9111875]]],[[[138.979344,35.9111875],[138.979344,35.911229],[138.9792815,35.911229],[138.979344,35.9111875]]],[[[138.979344,35.9111875],[138.9792815,35.911229],[138.9792815,35.9111875],[138.979344,35.9111875]]],[[[138.979344,35.9111875],[138.9792815,35.9111875],[138.979313,35.911167],[138.979344,35.9111875]]],[[[138.979344,35.9111875],[138.979313,35.911167],[138.979375,35.911167],[138.979344,35.9111875]]],[[[138.9792815,35.9111875],[138.9792815,35.911229],[138.9792185,35.911229],[138.9792815,35.9111875]]],[[[138.9792815,35.9111875],[138.9792185,35.911229],[138.9792185,35.9111875],[138.9792815,35.9111875]]],[[[138.9792815,35.9111875],[138.9792185,35.9111875],[138.97925,35.911167],[138.9792815,35.9111875]]],[[[138.9792815,35.9111875],[138.97925,35.911167],[138.979313,35.911167],[138.9792815,35.9111875]]],[[[138.9792185,35.9111875],[138.9792185,35.911229],[138.979187,35.911208],[138.9792185,35.9111875]]],[[[138.9792185,35.9111875],[138.979187,35.911208],[138.979187,35.911167],[138.9792185,35.9111875]]],[[[138.9792185,35.9111875],[138.979187,35.911167],[138.97925,35.911167],[138.9792185,35.9111875]]],[[[138.979156,35.9111875],[138.979125,35.911208],[138.979125,35.911167],[138.979156,35.9111875]]],[[[138.979156,35.9111875],[138.979125,35.911167],[138.979187,35.911167],[138.979156,35.9111875]]],[[[138.979156,35.9111875],[138.979187,35.911167],[138.979187,35.911208],[138.979156,35.9111875]]],[[[138.979156,35.9111875],[138.979187,35.911208],[138.979125,35.911208],[138.979156,35.9111875]]],[[[138.979469,35.911229],[138.9795,35.91125],[138.979469,35.911271],[138.979469,35.911229]]],[[[138.979469,35.911229],[138.979469,35.911271],[138.9794065,35.911271],[138.979469,35.911229]]],[[[138.979469,35.911229],[138.9794065,35.911271],[138.9794065,35.911229],[138.979469,35.911229]]],[[[138.979469,35.911229],[138.9795,35.911208],[138.9795,35.91125],[138.979469,35.911229]]],[[[138.9794065,35.911229],[138.9794065,35.911271],[138.979344,35.911271],[138.9794065,35.911229]]],[[[138.9794065,35.911229],[138.979344,35.911271],[138.979344,35.911229],[138.9794065,35.911229]]],[[[138.979344,35.911229],[138.979344,35.911271],[138.9792815,35.911271],[138.979344,35.911229]]],[[[138.979344,35.911229],[138.9792815,35.911271],[138.9792815,35.911229],[138.979344,35.911229]]],[[[138.9792815,35.911229],[138.9792815,35.911271],[138.97925,35.91125],[138.9792815,35.911229]]],[[[138.9792815,35.911229],[138.97925,35.91125],[138.9792185,35.911229],[138.9792815,35.911229]]],[[[138.9792185,35.911229],[138.979187,35.91125],[138.979187,35.911208],[138.9792185,35.911229]]],[[[138.979469,35.911271],[138.9795,35.91125],[138.9795,35.911292],[138.979469,35.911271]]],[[[138.979469,35.911271],[138.9795,35.911292],[138.979438,35.911292],[138.979469,35.911271]]],[[[138.979469,35.911271],[138.979438,35.911292],[138.9794065,35.911271],[138.979469,35.911271]]],[[[138.9794065,35.911271],[138.979438,35.911292],[138.979375,35.911292],[138.9794065,35.911271]]],[[[138.9794065,35.911271],[138.979375,35.911292],[138.979344,35.911271],[138.9794065,35.911271]]],[[[138.979344,35.911271],[138.979375,35.911292],[138.979313,35.911292],[138.979344,35.911271]]],[[[138.979344,35.911271],[138.979313,35.911292],[138.9792815,35.911271],[138.979344,35.911271]]],[[[138.9792815,35.911271],[138.979313,35.911292],[138.97925,35.911292],[138.9792815,35.911271]]],[[[138.9792815,35.911271],[138.97925,35.911292],[138.97925,35.91125],[138.9792815,35.911271]]],[[[138.9792185,35.911229],[138.97925,35.91125],[138.979187,35.91125],[138.9792185,35.911229]]],[[[138.9795315,35.911146],[138.9795315,35.9111875],[138.979469,35.911146],[138.9795315,35.911146]]],[[[138.9795315,35.911146],[138.979469,35.911146],[138.9795,35.911125],[138.9795315,35.911146]]],[[[138.979469,35.911146],[138.979438,35.911125],[138.9795,35.911125],[138.979469,35.911146]]],[[[138.979469,35.911146],[138.9795315,35.9111875],[138.979469,35.9111875],[138.979469,35.911146]]],[[[138.979469,35.911146],[138.979469,35.9111875],[138.979438,35.911167],[138.979469,35.911146]]],[[[138.979469,35.911146],[138.979438,35.911167],[138.979438,35.911125],[138.979469,35.911146]]],[[[138.979719,35.9111875],[138.97975,35.911167],[138.97975,35.911208],[138.979719,35.9111875]]],[[[138.979719,35.9111875],[138.97975,35.911208],[138.979688,35.911208],[138.979719,35.9111875]]],[[[138.979719,35.9111875],[138.979688,35.911208],[138.9796565,35.9111875],[138.979719,35.9111875]]],[[[138.9796565,35.9111875],[138.979688,35.911208],[138.979625,35.911208],[138.9796565,35.9111875]]],[[[138.9796565,35.9111875],[138.979625,35.911208],[138.979594,35.9111875],[138.9796565,35.9111875]]],[[[138.979594,35.9111875],[138.979625,35.911208],[138.979563,35.911208],[138.979594,35.9111875]]],[[[138.979594,35.9111875],[138.979563,35.911208],[138.9795315,35.9111875],[138.979594,35.9111875]]]]},"properties":{"layer":"flood","class_code":"1","class_label":"0.5m未満","scale_code":"2","scale_label":"L2（想定最大規模）"}},{"type":"Feature","id":"fld_bc12f65e-4cbf-44ca-912e-95d3d5d25434","geometry":{"type":"MultiPolygon","coordinates":[[[[138.978375,35.911667],[138.9784065,35.911646],[138.978438,35.911667],[138.978375,35.911667]]],[[[138.978375,35.911667],[138.978375,35.911625],[138.9784065,35.911646],[138.978375,35.911667]]],[[[138.978438,35.911625],[138.978438,35.911667],[138.9784065,35.911646],[138.978438,35.911625]]],[[[138.978375,35.911625],[138.978438,35.911625],[138.9784065,35.911646],[138.978375,35.911625]]]]},"properties":{"layer":"flood","class_code":"1","class_label":"0.5m未満","scale_code":"2","scale_label":"L2（想定最大規模）"}},{"type":"Feature","id":"fld_bbd24b6f-2cd4-42f2-95ac-eb2984129499","geometry":{"type":"MultiPolygon","coordinates":[[[[138.975281,35.914396],[138.975312,35.914417],[138.97525,35.914417],[138.975281,35.914396]]],[[[138.975281,35.914396],[138.975312,35.914375],[138.975312,35.914417],[138.975281,35.914396]]],[[[138.975281,35.914396],[138.97525,35.914375],[138.975312,35.914375],[138.975281,35.914396]]],[[[138.975281,35.914396],[138.97525,35.914417],[138.97525,35.914375],[138.975281,35.914396]]]]},"properties":{"layer":"flood","class_code":"1","class_label":"0.5m未満","scale_code":"2","scale_label":"L2（想定最大規模）"}},{"type":"Feature","id":"fld_696156b2-3931-42ce-8310-7f8dc93c5b4c","geometry":{"type":"MultiPolygon","coordinates":[[[[138.981844,35.909771],[138.981844,35.909729],[138.981875,35.90975],[138.981844,35.909771]]],[[[138.981844,35.909771],[138.9817815,35.909729],[138.981844,35.909729],[138.981844,35.909771]]],[[[138.981844,35.9096875],[138.981813,35.909667],[138.981875,35.909667],[138.981844,35.9096875]]],[[[138.9816565,35.909646],[138.981688,35.909667],[138.981625,35.909667],[138.9816565,35.909646]]],[[[138.9816565,35.909646],[138.981625,35.909667],[138.981625,35.909625],[138.9816565,35.909646]]],[[[138.9816565,35.909646],[138.981625,35.909625],[138.981688,35.909625],[138.9816565,35.909646]]],[[[138.9816565,35.909646],[138.981688,35.909625],[138.981688,35.909667],[138.9816565,35.909646]]],[[[138.981719,35.909646],[138.981688,35.909625],[138.98175,35.909625],[138.981719,35.909646]]],[[[138.981719,35.909646],[138.98175,35.909625],[138.9817815,35.909646],[138.981719,35.909646]]],[[[138.981719,35.909646],[138.981719,35.9096875],[138.981688,35.909667],[138.981719,35.909646]]],[[[138.981719,35.909646],[138.981688,35.909667],[138.981688,35.909625],[138.981719,35.909646]]],[[[138.9817815,35.909646],[138.98175,35.909625],[138.981813,35.909625],[138.9817815,35.909646]]],[[[138.9817815,35.909646],[138.981813,35.909625],[138.981813,35.909667],[138.9817815,35.909646]]],[[[138.981844,35.909771],[138.9817815,35.9098125],[138.9817815,35.909771],[138.981844,35.909771]]],[[[138.981844,35.909771],[138.981875,35.90975],[138.981875,35.909792],[138.981844,35.909771]]],[[[138.981844,35.909771],[138.981875,35.909792],[138.981844,35.9098125],[138.981844,35.909771]]],[[[138.981844,35.909771],[138.981844,35.9098125],[138.9817815,35.9098125],[138.981844,35.909771]]],[[[138.981813,35.910125],[138.981844,35.910104],[138.981875,35.910125],[138.981813,35.910125]]],[[[138.98175,35.90975],[138.9817815,35.909729],[138.9817815,35.909771],[138.98175,35.90975]]],[[[138.981844,35.9096875],[138.981844,35.909729],[138.9817815,35.909729],[138.981844,35.9096875]]],[[[138.981844,35.909729],[138.981875,35.909708],[138.981875,35.90975],[138.981844,35.909729]]],[[[138.981844,35.9096875],[138.981875,35.909667],[138.981875,35.909708],[138.981844,35.9096875]]],[[[138.9817815,35.9096875],[138.981719,35.9096875],[138.981719,35.909646],[138.9817815,35.9096875]]],[[[138.98175,35.90975],[138.98175,35.909708],[138.9817815,35.909729],[138.98175,35.90975]]],[[[138.98175,35.909792],[138.9817815,35.909771],[138.9817815,35.9098125],[138.98175,35.909792]]],[[[138.9817815,35.9096875],[138.98175,35.909708],[138.981719,35.9096875],[138.9817815,35.9096875]]],[[[138.9817815,35.9096875],[138.9817815,35.909729],[138.98175,35.909708],[138.9817815,35.9096875]]],[[[138.9817815,35.9096875],[138.981844,35.9096875],[138.9817815,35.909729],[138.9817815,35.9096875]]],[[[138.9817815,35.9096875],[138.981813,35.909667],[138.981844,35.9096875],[138.9817815,35.9096875]]],[[[138.9817815,35.9096875],[138.9817815,35.909646],[138.981813,35.909667],[138.9817815,35.9096875]]],[[[138.9817815,35.9096875],[138.981719,35.909646],[138.9817815,35.909646],[138.9817815,35.9096875]]],[[[138.981875,35.909833],[138.981844,35.909854],[138.981844,35.9098125],[138.981875,35.909833]]],[[[138.981875,35.909833],[138.981844,35.9098125],[138.981875,35.909792],[138.981875,35.909833]]],[[[138.98175,35.909833],[138.98175,35.909792],[138.9817815,35.9098125],[138.98175,35.909833]]],[[[138.98175,35.909792],[138.98175,35.90975],[138.9817815,35.909771],[138.98175,35.909792]]],[[[138.981813,35.909833],[138.981844,35.9098125],[138.981844,35.909854],[138.981813,35.909833]]],[[[138.981813,35.909833],[138.9817815,35.9098125],[138.981844,35.9098125],[138.981813,35.909833]]],[[[138.981875,35.909875],[138.981844,35.909896],[138.981844,35.909854],[138.981875,35.909875]]],[[[138.981875,35.909875],[138.981844,35.909854],[138.981875,35.909833],[138.981875,35.909875]]],[[[138.981813,35.909875],[138.981844,35.909854],[138.981844,35.909896],[138.981813,35.909875]]],[[[138.981813,35.909875],[138.981813,35.909833],[138.981844,35.909854],[138.981813,35.909875]]],[[[138.981875,35.909917],[138.981844,35.9099375],[138.981844,35.909896],[138.981875,35.909917]]],[[[138.981813,35.909833],[138.98175,35.909833],[138.9817815,35.9098125],[138.981813,35.909833]]],[[[138.981844,35.9096875],[138.981875,35.909708],[138.981844,35.909729],[138.981844,35.9096875]]],[[[138.981875,35.909917],[138.981844,35.909896],[138.981875,35.909875],[138.981875,35.909917]]],[[[138.981813,35.909917],[138.981844,35.909896],[138.981844,35.9099375],[138.981813,35.909917]]],[[[138.981813,35.909917],[138.981813,35.909875],[138.981844,35.909896],[138.981813,35.909917]]],[[[138.981875,35.909958],[138.981844,35.909979],[138.981844,35.9099375],[138.981875,35.909958]]],[[[138.981875,35.909958],[138.981844,35.9099375],[138.981875,35.909917],[138.981875,35.909958]]],[[[138.981813,35.909958],[138.981844,35.9099375],[138.981844,35.909979],[138.981813,35.909958]]],[[[138.981813,35.909958],[138.981813,35.909917],[138.981844,35.9099375],[138.981813,35.909958]]],[[[138.981875,35.91],[138.981844,35.910021],[138.981844,35.909979],[138.981875,35.91]]],[[[138.981875,35.91],[138.981844,35.909979],[138.981875,35.909958],[138.981875,35.91]]],[[[138.981813,35.91],[138.981844,35.909979],[138.981844,35.910021],[138.981813,35.91]]],[[[138.981875,35.910042],[138.981844,35.9100625],[138.981844,35.910021],[138.981875,35.910042]]],[[[138.981875,35.910042],[138.981844,35.910021],[138.981875,35.91],[138.981875,35.910042]]],[[[138.981813,35.910042],[138.981844,35.910021],[138.981844,35.9100625],[138.981813,35.910042]]],[[[138.981813,35.910042],[138.981813,35.91],[138.981844,35.910021],[138.981813,35.910042]]],[[[138.981875,35.910083],[138.981844,35.910104],[138.981844,35.9100625],[138.981875,35.910083]]],[[[138.981875,35.910083],[138.981875,35.910125],[138.981844,35.910104],[138.981875,35.910083]]],[[[138.981875,35.910083],[138.981844,35.9100625],[138.981875,35.910042],[138.981875,35.910083]]],[[[138.981813,35.910083],[138.981844,35.9100625],[138.981844,35.910104],[138.981813,35.910083]]],[[[138.981813,35.910083],[138.981813,35.910042],[138.981844,35.9100625],[138.981813,35.910083]]],[[[138.981813,35.910083],[138.981844,35.910104],[138.981813,35.910125],[138.981813,35.910083]]],[[[138.981813,35.91],[138.981813,35.909958],[138.981844,35.909979],[138.981813,35.91]]],[[[138.981719,35.9096875],[138.981688,35.909708],[138.981688,35.909667],[138.981719,35.9096875]]],[[[138.981719,35.9096875],[138.98175,35.909708],[138.981688,35.909708],[138.981719,35.9096875]]],[[[138.981844,35.909771],[138.9817815,35.909771],[138.9817815,35.909729],[138.981844,35.909771]]]]},"properties":{"layer":"flood","class_code":"1","class_label":"0.5m未満","scale_code":"2","scale_label":"L2（想定最大規模）"}},{"type":"Feature","id":"fld_efa84b29-420f-4a66-be29-76cc9ca0d611","geometry":{"type":"MultiPolygon","coordinates":[[[[138.981813,35.910458],[138.981875,35.910458],[138.981844,35.910479],[138.981813,35.910458]]],[[[138.981875,35.9105],[138.981844,35.910479],[138.981875,35.910458],[138.981875,35.9105]]],[[[138.981813,35.9105],[138.981844,35.910479],[138.981875,35.9105],[138.981813,35.9105]]],[[[138.981813,35.9105],[138.981813,35.910458],[138.981844,35.910479],[138.981813,35.9105]]]]},"properties":{"layer":"flood","class_code":"1","class_label":"0.5m未満","scale_code":"2","scale_label":"L2（想定最大規模）"}},{"type":"Feature","id":"fld_8857c1b0-aceb-4eec-b79c-8e93a4a1847f","geometry":{"type":"MultiPolygon","coordinates":[[[[138.983625,35.910667],[138.983687,35.910667],[138.983656,35.9106875],[138.983625,35.910667]]],[[[138.983625,35.910708],[138.983625,35.910667],[138.983656,35.9106875],[138.983625,35.910708]]],[[[138.983625,35.910708],[138.983656,35.9106875],[138.983687,35.910708],[138.983625,35.910708]]],[[[138.983687,35.910708],[138.983656,35.9106875],[138.983687,35.910667],[138.983687,35.910708]]]]},"properties":{"layer":"flood","class_code":"1","class_label":"0.5m未満","scale_code":"2","scale_label":"L2（想定最大規模）"}},{"type":"Feature","id":"fld_d86cc655-a3a7-411b-818e-b2e3ad75ce86","geometry":{"type":"MultiPolygon","coordinates":[[[[138.983188,35.910875],[138.983219,35.910854],[138.983219,35.910896],[138.983188,35.910875]]],[[[138.98325,35.910917],[138.983219,35.910896],[138.98325,35.910875],[138.98325,35.910917]]],[[[138.983188,35.910833],[138.98325,35.910833],[138.983219,35.910854],[138.983188,35.910833]]],[[[138.98325,35.910833],[138.983313,35.910833],[138.9832815,35.910854],[138.98325,35.910833]]],[[[138.98325,35.910833],[138.9832815,35.910854],[138.98325,35.910875],[138.98325,35.910833]]],[[[138.98325,35.910833],[138.98325,35.910875],[138.983219,35.910854],[138.98325,35.910833]]],[[[138.98325,35.910875],[138.983219,35.910896],[138.983219,35.910854],[138.98325,35.910875]]],[[[138.98325,35.910875],[138.9832815,35.910854],[138.983313,35.910875],[138.98325,35.910875]]],[[[138.983313,35.910875],[138.983313,35.910833],[138.983344,35.910854],[138.983313,35.910875]]],[[[138.983313,35.910875],[138.983344,35.910854],[138.983375,35.910875],[138.983313,35.910875]]],[[[138.983375,35.910875],[138.983344,35.910854],[138.9834065,35.910854],[138.983375,35.910875]]],[[[138.983375,35.910875],[138.9834065,35.910854],[138.983438,35.910875],[138.983375,35.910875]]],[[[138.983313,35.910833],[138.983313,35.910792],[138.983344,35.9108125],[138.983313,35.910833]]],[[[138.983313,35.910833],[138.983344,35.9108125],[138.983344,35.910854],[138.983313,35.910833]]],[[[138.983438,35.910875],[138.9834065,35.910854],[138.983438,35.910833],[138.983438,35.910875]]],[[[138.983313,35.910792],[138.983375,35.910792],[138.983344,35.9108125],[138.983313,35.910792]]],[[[138.983375,35.910792],[138.983438,35.910792],[138.9834065,35.9108125],[138.983375,35.910792]]],[[[138.983375,35.910792],[138.9834065,35.9108125],[138.983344,35.9108125],[138.983375,35.910792]]],[[[138.983438,35.910792],[138.983469,35.9108125],[138.983438,35.910833],[138.983438,35.910792]]],[[[138.983438,35.910792],[138.983438,35.910833],[138.9834065,35.9108125],[138.983438,35.910792]]],[[[138.983438,35.910833],[138.9834065,35.910854],[138.9834065,35.9108125],[138.983438,35.910833]]],[[[138.983438,35.910833],[138.983469,35.9108125],[138.9835,35.910833],[138.983438,35.910833]]],[[[138.983344,35.910854],[138.983344,35.9108125],[138.9834065,35.910854],[138.983344,35.910854]]],[[[138.9834065,35.910854],[138.983344,35.9108125],[138.9834065,35.9108125],[138.9834065,35.910854]]],[[[138.983313,35.910875],[138.9832815,35.910854],[138.983313,35.910833],[138.983313,35.910875]]],[[[138.9835,35.910792],[138.9835,35.910833],[138.983469,35.9108125],[138.9835,35.910792]]],[[[138.9835,35.910792],[138.983469,35.9108125],[138.983438,35.910792],[138.9835,35.910792]]],[[[138.983062,35.910875],[138.983125,35.910875],[138.9830935,35.910896],[138.983062,35.910875]]],[[[138.983062,35.910875],[138.9830935,35.910896],[138.983062,35.910917],[138.983062,35.910875]]],[[[138.983062,35.910875],[138.983062,35.910917],[138.983031,35.910896],[138.983062,35.910875]]],[[[138.983062,35.910875],[138.983031,35.910896],[138.983,35.910875],[138.983062,35.910875]]],[[[138.983,35.910875],[138.983031,35.910896],[138.983,35.910917],[138.983,35.910875]]],[[[138.983,35.910917],[138.983031,35.910896],[138.983062,35.910917],[138.983,35.910917]]],[[[138.983062,35.910917],[138.9830935,35.910896],[138.983125,35.910917],[138.983062,35.910917]]],[[[138.983125,35.910875],[138.983188,35.910875],[138.9831565,35.910896],[138.983125,35.910875]]],[[[138.983125,35.910875],[138.9831565,35.910896],[138.983125,35.910917],[138.983125,35.910875]]],[[[138.983125,35.910875],[138.983125,35.910917],[138.9830935,35.910896],[138.983125,35.910875]]],[[[138.983125,35.910917],[138.9831565,35.910896],[138.983188,35.910917],[138.983125,35.910917]]],[[[138.983188,35.910917],[138.983219,35.910896],[138.98325,35.910917],[138.983188,35.910917]]],[[[138.983188,35.910917],[138.9831565,35.910896],[138.983188,35.910875],[138.983188,35.910917]]],[[[138.983188,35.910917],[138.983188,35.910875],[138.983219,35.910896],[138.983188,35.910917]]],[[[138.983188,35.910875],[138.983188,35.910833],[138.983219,35.910854],[138.983188,35.910875]]]]},"properties":{"layer":"flood","class_code":"1","class_label":"0.5m未満","scale_code":"2","scale_label":"L2（想定最大規模）"}},{"type":"Feature","id":"fld_e9fc38eb-3ef6-43f5-a9f0-8903e71d8602","geometry":{"type":"MultiPolygon","coordinates":[[[[138.979812,35.90875],[138.979812,35.908792],[138.979781,35.908771],[138.979812,35.90875]]],[[[138.980063,35.90875],[138.980094,35.908771],[138.980063,35.908792],[138.980063,35.90875]]],[[[138.980125,35.908792],[138.980063,35.908792],[138.980094,35.908771],[138.980125,35.908792]]],[[[138.97975,35.90875],[138.979719,35.908771],[138.979688,35.90875],[138.97975,35.90875]]],[[[138.97975,35.90875],[138.979812,35.90875],[138.979781,35.908771],[138.97975,35.90875]]],[[[138.97975,35.90875],[138.979781,35.908771],[138.97975,35.908792],[138.97975,35.90875]]],[[[138.97975,35.90875],[138.97975,35.908792],[138.979719,35.908771],[138.97975,35.90875]]],[[[138.97975,35.908792],[138.979688,35.908792],[138.979719,35.908771],[138.97975,35.908792]]],[[[138.97975,35.908792],[138.979781,35.908771],[138.979812,35.908792],[138.97975,35.908792]]],[[[138.979812,35.90875],[138.979875,35.90875],[138.9798435,35.908771],[138.979812,35.90875]]],[[[138.979812,35.90875],[138.9798435,35.908771],[138.979812,35.908792],[138.979812,35.90875]]],[[[138.98,35.90875],[138.9800315,35.908771],[138.98,35.908792],[138.98,35.90875]]],[[[138.979812,35.908792],[138.9798435,35.908771],[138.979875,35.908792],[138.979812,35.908792]]],[[[138.979875,35.90875],[138.979938,35.90875],[138.9799065,35.908771],[138.979875,35.90875]]],[[[138.979875,35.90875],[138.9799065,35.908771],[138.979875,35.908792],[138.979875,35.90875]]],[[[138.979875,35.90875],[138.979875,35.908792],[138.9798435,35.908771],[138.979875,35.90875]]],[[[138.979875,35.908792],[138.9799065,35.908771],[138.979938,35.908792],[138.979875,35.908792]]],[[[138.979938,35.90875],[138.98,35.90875],[138.979969,35.908771],[138.979938,35.90875]]],[[[138.979938,35.90875],[138.979969,35.908771],[138.979938,35.908792],[138.979938,35.90875]]],[[[138.979938,35.90875],[138.979938,35.908792],[138.9799065,35.908771],[138.979938,35.90875]]],[[[138.979938,35.908792],[138.979969,35.908771],[138.98,35.908792],[138.979938,35.908792]]],[[[138.98,35.90875],[138.980063,35.90875],[138.9800315,35.908771],[138.98,35.90875]]],[[[138.980063,35.90875],[138.980125,35.90875],[138.980094,35.908771],[138.980063,35.90875]]],[[[138.9795315,35.908771],[138.9795,35.90875],[138.979563,35.90875],[138.9795315,35.908771]]],[[[138.98,35.908792],[138.9800315,35.908771],[138.980063,35.908792],[138.98,35.908792]]],[[[138.98,35.90875],[138.98,35.908792],[138.979969,35.908771],[138.98,35.90875]]],[[[138.979594,35.9088125],[138.979594,35.908771],[138.979625,35.908792],[138.979594,35.9088125]]],[[[138.979594,35.9088125],[138.9795315,35.908771],[138.979594,35.908771],[138.979594,35.9088125]]],[[[138.979594,35.9088125],[138.979625,35.908833],[138.979563,35.908833],[138.979594,35.9088125]]],[[[138.980125,35.908792],[138.980094,35.908771],[138.980125,35.90875],[138.980125,35.908792]]],[[[138.979594,35.9088125],[138.979625,35.908792],[138.979625,35.908833],[138.979594,35.9088125]]],[[[138.9795315,35.9088125],[138.9795315,35.908771],[138.979594,35.9088125],[138.9795315,35.9088125]]],[[[138.9795315,35.9088125],[138.9795,35.908792],[138.9795315,35.908771],[138.9795315,35.9088125]]],[[[138.9795315,35.9088125],[138.9795,35.908833],[138.9795,35.908792],[138.9795315,35.9088125]]],[[[138.9795315,35.9088125],[138.979594,35.9088125],[138.979563,35.908833],[138.9795315,35.9088125]]],[[[138.9795315,35.9088125],[138.979563,35.908833],[138.9795,35.908833],[138.9795315,35.9088125]]],[[[138.979469,35.9088125],[138.9795,35.908792],[138.9795,35.908833],[138.979469,35.9088125]]],[[[138.979469,35.9088125],[138.979438,35.908792],[138.9795,35.908792],[138.979469,35.9088125]]],[[[138.979469,35.9088125],[138.979438,35.908833],[138.979438,35.908792],[138.979469,35.9088125]]],[[[138.979469,35.9088125],[138.9795,35.908833],[138.979438,35.908833],[138.979469,35.9088125]]],[[[138.9795315,35.908771],[138.979563,35.90875],[138.979594,35.908771],[138.9795315,35.908771]]],[[[138.9795315,35.908771],[138.9795,35.908792],[138.9795,35.90875],[138.9795315,35.908771]]],[[[138.979594,35.908771],[138.979563,35.90875],[138.979625,35.90875],[138.979594,35.908771]]],[[[138.979594,35.908771],[138.979625,35.90875],[138.979625,35.908792],[138.979594,35.908771]]],[[[138.9796565,35.908771],[138.979688,35.908792],[138.979625,35.908792],[138.9796565,35.908771]]],[[[138.9796565,35.908771],[138.979625,35.908792],[138.979625,35.90875],[138.9796565,35.908771]]],[[[138.9796565,35.908771],[138.979625,35.90875],[138.979688,35.90875],[138.9796565,35.908771]]],[[[138.9796565,35.908771],[138.979688,35.90875],[138.979688,35.908792],[138.9796565,35.908771]]],[[[138.979719,35.908771],[138.979688,35.908792],[138.979688,35.90875],[138.979719,35.908771]]],[[[138.980063,35.90875],[138.980063,35.908792],[138.9800315,35.908771],[138.980063,35.90875]]]]},"properties":{"layer":"flood","class_code":"1","class_label":"0.5m未満","scale_code":"2","scale_label":"L2（想定最大規模）"}},{"type":"Feature","id":"fld_5f5359d2-68a8-4ae5-8903-5c62561261ff","geometry":{"type":"MultiPolygon","coordinates":[[[[138.980125,35.908792],[138.980156,35.9088125],[138.980125,35.908833],[138.980125,35.908792]]],[[[138.980125,35.908792],[138.980187,35.908792],[138.980156,35.9088125],[138.980125,35.908792]]],[[[138.980156,35.9088125],[138.980187,35.908833],[138.980125,35.908833],[138.980156,35.9088125]]],[[[138.980156,35.9088125],[138.980187,35.908792],[138.980187,35.908833],[138.980156,35.9088125]]]]},"properties":{"layer":"flood","class_code":"1","class_label":"0.5m未満","scale_code":"2","scale_label":"L2（想定最大規模）"}},{"type":"Feature","id":"fld_ad26b452-5df7-4670-aa2d-4e272311f4aa","geometry":{"type":"MultiPolygon","coordinates":[[[[138.980281,35.908854],[138.980312,35.908875],[138.98025,35.908875],[138.980281,35.908854]]],[[[138.980281,35.908854],[138.98025,35.908875],[138.98025,35.908833],[138.980281,35.908854]]],[[[138.980281,35.908854],[138.980312,35.908833],[138.980312,35.908875],[138.980281,35.908854]]],[[[138.9802185,35.908854],[138.98025,35.908875],[138.980187,35.908875],[138.9802185,35.908854]]],[[[138.9802185,35.908854],[138.980187,35.908833],[138.98025,35.908833],[138.9802185,35.908854]]],[[[138.9802185,35.908854],[138.980187,35.908875],[138.980187,35.908833],[138.9802185,35.908854]]],[[[138.980281,35.908854],[138.98025,35.908833],[138.980312,35.908833],[138.980281,35.908854]]],[[[138.9802185,35.908854],[138.98025,35.908833],[138.98025,35.908875],[138.9802185,35.908854]]]]},"properties":{"layer":"flood","class_code":"1","class_label":"0.5m未満","scale_code":"2","scale_label":"L2（想定最大規模）"}},{"type":"Feature","id":"fld_0d93aa81-6f79-4715-b5ef-772d54163cc7","geometry":{"type":"MultiPolygon","coordinates":[[[[138.979344,35.908854],[138.979313,35.908875],[138.979313,35.908833],[138.979344,35.908854]]],[[[138.979344,35.908854],[138.979375,35.908875],[138.979313,35.908875],[138.979344,35.908854]]],[[[138.979344,35.908854],[138.979375,35.908833],[138.979375,35.908875],[138.979344,35.908854]]],[[[138.979344,35.908854],[138.979313,35.908833],[138.979375,35.908833],[138.979344,35.908854]]]]},"properties":{"layer":"flood","class_code":"1","class_label":"0.5m未満","scale_code":"2","scale_label":"L2（想定最大規模）"}},{"type":"Feature","id":"fld_096ab6be-4dbd-4025-b77d-5dbb23033748","geometry":{"type":"MultiPolygon","coordinates":[[[[138.977719,35.908979],[138.977688,35.909],[138.977688,35.908958],[138.977719,35.908979]]],[[[138.977719,35.908979],[138.97775,35.909],[138.977688,35.909],[138.977719,35.908979]]],[[[138.977719,35.908979],[138.97775,35.908958],[138.97775,35.909],[138.977719,35.908979]]],[[[138.977719,35.908979],[138.977688,35.908958],[138.97775,35.908958],[138.977719,35.908979]]]]},"properties":{"layer":"flood","class_code":"1","class_label":"0.5m未満","scale_code":"2","scale_label":"L2（想定最大規模）"}},{"type":"Feature","id":"fld_d00bde76-dc76-4bd2-b9be-d8d359cd5bd9","geometry":{"type":"MultiPolygon","coordinates":[[[[138.9864685,35.909146],[138.986437,35.909167],[138.986437,35.909125],[138.9864685,35.909146]]],[[[138.9864685,35.909146],[138.9865,35.909167],[138.986437,35.909167],[138.9864685,35.909146]]],[[[138.9864685,35.909146],[138.9865,35.909125],[138.9865,35.909167],[138.9864685,35.909146]]],[[[138.9864685,35.909146],[138.986437,35.909125],[138.9865,35.909125],[138.9864685,35.909146]]],[[[138.986406,35.909146],[138.986375,35.909167],[138.986375,35.909125],[138.986406,35.909146]]],[[[138.986406,35.909146],[138.986375,35.909125],[138.986437,35.909125],[138.986406,35.909146]]],[[[138.986406,35.909146],[138.986437,35.909125],[138.986437,35.909167],[138.986406,35.909146]]],[[[138.986344,35.909146],[138.986375,35.909167],[138.986313,35.909167],[138.986344,35.909146]]],[[[138.986344,35.909146],[138.986313,35.909167],[138.986313,35.909125],[138.986344,35.909146]]],[[[138.986344,35.909146],[138.986313,35.909125],[138.986375,35.909125],[138.986344,35.909146]]],[[[138.986344,35.909146],[138.986375,35.909125],[138.986375,35.909167],[138.986344,35.909146]]],[[[138.986406,35.909146],[138.986437,35.909167],[138.986375,35.909167],[138.986406,35.909146]]]]},"properties":{"layer":"flood","class_code":"1","class_label":"0.5m未満","scale_code":"2","scale_label":"L2（想定最大規模）"}},{"type":"Feature","id":"fld_b32031de-3b7d-46f0-b8c6-40d4a3032efa","geometry":{"type":"MultiPolygon","coordinates":[[[[138.986219,35.9091875],[138.986188,35.909208],[138.986188,35.909167],[138.986219,35.9091875]]],[[[138.986219,35.9091875],[138.98625,35.909208],[138.986188,35.909208],[138.986219,35.9091875]]],[[[138.986219,35.9091875],[138.98625,35.909167],[138.98625,35.909208],[138.986219,35.9091875]]],[[[138.986219,35.9091875],[138.986188,35.909167],[138.98625,35.909167],[138.986219,35.9091875]]]]},"properties":{"layer":"flood","class_code":"1","class_label":"0.5m未満","scale_code":"2","scale_label":"L2（想定最大規模）"}},{"type":"Feature","id":"fld_4ec80b8e-8b61-410c-9f33-67e2a72c9491","geometry":{"type":"MultiPolygon","coordinates":[[[[138.9784065,35.9094375],[138.978375,35.909458],[138.978375,35.909417],[138.9784065,35.9094375]]],[[[138.9784065,35.9094375],[138.978438,35.909458],[138.978375,35.909458],[138.9784065,35.9094375]]],[[[138.9784065,35.9094375],[138.978438,35.909417],[138.978438,35.909458],[138.9784065,35.9094375]]],[[[138.9784065,35.9094375],[138.978375,35.909417],[138.978438,35.909417],[138.9784065,35.9094375]]]]},"properties":{"layer":"flood","class_code":"1","class_label":"0.5m未満","scale_code":"2","scale_label":"L2（想定最大規模）"}},{"type":"Feature","id":"fld_3fad35f2-5c16-4e89-a4f1-1b3f212925a8","geometry":{"type":"MultiPolygon","coordinates":[[[[138.982813,35.910917],[138.982813,35.910958],[138.9827815,35.9109375],[138.982813,35.910917]]],[[[138.982875,35.910917],[138.982938,35.910917],[138.9829065,35.9109375],[138.982875,35.910917]]],[[[138.982875,35.910917],[138.9829065,35.9109375],[138.982875,35.910958],[138.982875,35.910917]]],[[[138.982875,35.910917],[138.982875,35.910958],[138.982844,35.9109375],[138.982875,35.910917]]],[[[138.982875,35.910958],[138.9829065,35.9109375],[138.982938,35.910958],[138.982875,35.910958]]],[[[138.9825,35.910917],[138.982531,35.9109375],[138.9825,35.910958],[138.9825,35.910917]]],[[[138.982813,35.910958],[138.982844,35.9109375],[138.982875,35.910958],[138.982813,35.910958]]],[[[138.9825,35.910917],[138.982562,35.910917],[138.982531,35.9109375],[138.9825,35.910917]]],[[[138.982562,35.910917],[138.982625,35.910917],[138.9825935,35.9109375],[138.982562,35.910917]]],[[[138.982938,35.910958],[138.9829065,35.9109375],[138.982938,35.910917],[138.982938,35.910958]]],[[[138.982562,35.910917],[138.9825935,35.9109375],[138.982562,35.910958],[138.982562,35.910917]]],[[[138.982562,35.910917],[138.982562,35.910958],[138.982531,35.9109375],[138.982562,35.910917]]],[[[138.9825,35.910958],[138.982531,35.9109375],[138.982562,35.910958],[138.9825,35.910958]]],[[[138.982562,35.910958],[138.9825935,35.9109375],[138.982625,35.910958],[138.982562,35.910958]]],[[[138.982625,35.910917],[138.982688,35.910917],[138.9826565,35.9109375],[138.982625,35.910917]]],[[[138.982625,35.910917],[138.9826565,35.9109375],[138.982625,35.910958],[138.982625,35.910917]]],[[[138.982625,35.910917],[138.982625,35.910958],[138.9825935,35.9109375],[138.982625,35.910917]]],[[[138.982625,35.910958],[138.9826565,35.9109375],[138.982688,35.910958],[138.982625,35.910958]]],[[[138.982688,35.910917],[138.98275,35.910917],[138.982719,35.9109375],[138.982688,35.910917]]],[[[138.982688,35.910917],[138.982719,35.9109375],[138.982688,35.910958],[138.982688,35.910917]]],[[[138.982688,35.910917],[138.982688,35.910958],[138.9826565,35.9109375],[138.982688,35.910917]]],[[[138.982688,35.910958],[138.982719,35.9109375],[138.98275,35.910958],[138.982688,35.910958]]],[[[138.98275,35.910917],[138.982813,35.910917],[138.9827815,35.9109375],[138.98275,35.910917]]],[[[138.98275,35.910917],[138.9827815,35.9109375],[138.98275,35.910958],[138.98275,35.910917]]],[[[138.98275,35.910917],[138.98275,35.910958],[138.982719,35.9109375],[138.98275,35.910917]]],[[[138.98275,35.910958],[138.9827815,35.9109375],[138.982813,35.910958],[138.98275,35.910958]]],[[[138.982813,35.910917],[138.982875,35.910917],[138.982844,35.9109375],[138.982813,35.910917]]],[[[138.982813,35.910917],[138.982844,35.9109375],[138.982813,35.910958],[138.982813,35.910917]]]]},"properties":{"layer":"flood","class_code":"1","class_label":"0.5m未満","scale_code":"2","scale_label":"L2（想定最大規模）"}},{"type":"Feature","id":"fld_0da1d9be-faea-4ee6-9404-ae8b8d84d232","geometry":{"type":"MultiPolygon","coordinates":[[[[138.978031,35.9116875],[138.978062,35.911708],[138.978,35.911708],[138.978031,35.9116875]]],[[[138.978031,35.9116875],[138.978,35.911708],[138.978,35.911667],[138.978031,35.9116875]]],[[[138.978031,35.9116875],[138.978,35.911667],[138.978062,35.911667],[138.978031,35.9116875]]],[[[138.978031,35.9116875],[138.978062,35.911667],[138.978062,35.911708],[138.978031,35.9116875]]]]},"properties":{"layer":"flood","class_code":"1","class_label":"0.5m未満","scale_code":"2","scale_label":"L2（想定最大規模）"}},{"type":"Feature","id":"fld_9a4fef50-762a-42c6-9249-c38623876c41","geometry":{"type":"MultiPolygon","coordinates":[[[[138.9779685,35.911729],[138.977937,35.91175],[138.977937,35.911708],[138.9779685,35.911729]]],[[[138.977906,35.911729],[138.977875,35.911708],[138.977937,35.911708],[138.977906,35.911729]]],[[[138.977906,35.911729],[138.977937,35.911708],[138.977937,35.91175],[138.977906,35.911729]]],[[[138.9779685,35.911729],[138.977937,35.911708],[138.978,35.911708],[138.9779685,35.911729]]],[[[138.9779685,35.911729],[138.978,35.911708],[138.978,35.91175],[138.9779685,35.911729]]],[[[138.9779685,35.911729],[138.978,35.91175],[138.977937,35.91175],[138.9779685,35.911729]]],[[[138.977906,35.911729],[138.977937,35.91175],[138.977875,35.91175],[138.977906,35.911729]]],[[[138.977906,35.911729],[138.977875,35.91175],[138.977875,35.911708],[138.977906,35.911729]]],[[[138.977844,35.911729],[138.977813,35.91175],[138.977813,35.911708],[138.977844,35.911729]]],[[[138.977844,35.911729],[138.977875,35.91175],[138.977813,35.91175],[138.977844,35.911729]]],[[[138.977844,35.911729],[138.977875,35.911708],[138.977875,35.91175],[138.977844,35.911729]]],[[[138.977844,35.911729],[138.977813,35.911708],[138.977875,35.911708],[138.977844,35.911729]]]]},"properties":{"layer":"flood","class_code":"1","class_label":"0.5m未満","scale_code":"2","scale_label":"L2（想定最大規模）"}},{"type":"Feature","id":"fld_51964093-8761-416b-a0ca-823cb0d3b6e0","geometry":{"type":"MultiPolygon","coordinates":[[[[138.9777815,35.9118125],[138.97775,35.911833],[138.97775,35.911792],[138.9777815,35.9118125]]],[[[138.9777815,35.9118125],[138.97775,35.911792],[138.977813,35.911792],[138.9777815,35.9118125]]],[[[138.9777815,35.9118125],[138.977813,35.911833],[138.97775,35.911833],[138.9777815,35.9118125]]],[[[138.9777815,35.9118125],[138.977813,35.911792],[138.977813,35.911833],[138.9777815,35.9118125]]]]},"properties":{"layer":"flood","class_code":"1","class_label":"0.5m未満","scale_code":"2","scale_label":"L2（想定最大規模）"}},{"type":"Feature","id":"fld_301818aa-6235-4708-8c19-93cd926d1553","geometry":{"type":"MultiPolygon","coordinates":[[[[138.979,35.911292],[138.979062,35.911292],[138.979031,35.9113125],[138.979,35.911292]]],[[[138.979062,35.911333],[138.979031,35.9113125],[138.979062,35.911292],[138.979062,35.911333]]],[[[138.979,35.911333],[138.979,35.911292],[138.979031,35.9113125],[138.979,35.911333]]],[[[138.979,35.911333],[138.979031,35.9113125],[138.979062,35.911333],[138.979,35.911333]]]]},"properties":{"layer":"flood","class_code":"1","class_label":"0.5m未満","scale_code":"2","scale_label":"L2（想定最大規模）"}},{"type":"Feature","id":"fld_b2d8525e-01fa-4346-930d-a03a1be1abad","geometry":{"type":"MultiPolygon","coordinates":[[[[138.976219,35.913729],[138.976188,35.91375],[138.9761565,35.913729],[138.976219,35.913729]]],[[[138.976219,35.913729],[138.97625,35.91375],[138.976188,35.91375],[138.976219,35.913729]]],[[[138.976125,35.91375],[138.9761565,35.913729],[138.9761565,35.913771],[138.976125,35.91375]]],[[[138.976125,35.91375],[138.976125,35.913708],[138.9761565,35.913729],[138.976125,35.91375]]],[[[138.976188,35.913833],[138.9761565,35.9138125],[138.976188,35.913792],[138.976188,35.913833]]],[[[138.976125,35.913833],[138.9761565,35.9138125],[138.976188,35.913833],[138.976125,35.913833]]],[[[138.976125,35.913792],[138.976125,35.91375],[138.9761565,35.913771],[138.976125,35.913792]]],[[[138.976125,35.913792],[138.9761565,35.9138125],[138.976125,35.913833],[138.976125,35.913792]]],[[[138.976125,35.913792],[138.9761565,35.913771],[138.9761565,35.9138125],[138.976125,35.913792]]],[[[138.97625,35.913708],[138.97625,35.91375],[138.976219,35.913729],[138.97625,35.913708]]],[[[138.9761565,35.9136875],[138.976125,35.913708],[138.976125,35.913667],[138.9761565,35.9136875]]],[[[138.9761565,35.9136875],[138.9761565,35.913729],[138.976125,35.913708],[138.9761565,35.9136875]]],[[[138.9761565,35.9136875],[138.976219,35.913729],[138.9761565,35.913729],[138.9761565,35.9136875]]],[[[138.976219,35.9136875],[138.976219,35.913729],[138.9761565,35.9136875],[138.976219,35.9136875]]],[[[138.976219,35.9136875],[138.97625,35.913708],[138.976219,35.913729],[138.976219,35.9136875]]],[[[138.976219,35.9136875],[138.97625,35.913667],[138.97625,35.913708],[138.976219,35.9136875]]],[[[138.9761565,35.913646],[138.976125,35.913667],[138.976125,35.913625],[138.9761565,35.913646]]],[[[138.9761565,35.913646],[138.9761565,35.9136875],[138.976125,35.913667],[138.9761565,35.913646]]],[[[138.976219,35.913646],[138.9761565,35.9136875],[138.9761565,35.913646],[138.976219,35.913646]]],[[[138.976219,35.913646],[138.976219,35.9136875],[138.9761565,35.9136875],[138.976219,35.913646]]],[[[138.976219,35.913646],[138.97625,35.913667],[138.976219,35.9136875],[138.976219,35.913646]]],[[[138.976219,35.913646],[138.97625,35.913625],[138.97625,35.913667],[138.976219,35.913646]]],[[[138.9761565,35.913604],[138.976125,35.913625],[138.976125,35.913583],[138.9761565,35.913604]]],[[[138.9761565,35.913604],[138.9761565,35.913646],[138.976125,35.913625],[138.9761565,35.913604]]],[[[138.976219,35.913604],[138.9761565,35.913604],[138.976188,35.913583],[138.976219,35.913604]]],[[[138.976219,35.913604],[138.9761565,35.913646],[138.9761565,35.913604],[138.976219,35.913604]]],[[[138.976219,35.913604],[138.976219,35.913646],[138.9761565,35.913646],[138.976219,35.913604]]],[[[138.976219,35.913604],[138.97625,35.913625],[138.976219,35.913646],[138.976219,35.913604]]],[[[138.976219,35.913604],[138.976188,35.913583],[138.97625,35.913583],[138.976219,35.913604]]],[[[138.9761565,35.913771],[138.976188,35.913792],[138.9761565,35.9138125],[138.9761565,35.913771]]],[[[138.9761565,35.913771],[138.976188,35.91375],[138.976188,35.913792],[138.9761565,35.913771]]],[[[138.9761565,35.913729],[138.976188,35.91375],[138.9761565,35.913771],[138.9761565,35.913729]]],[[[138.976219,35.913604],[138.97625,35.913583],[138.97625,35.913625],[138.976219,35.913604]]],[[[138.9761565,35.9135625],[138.976125,35.913583],[138.976125,35.913542],[138.9761565,35.9135625]]],[[[138.9761565,35.9135625],[138.9761565,35.913604],[138.976125,35.913583],[138.9761565,35.9135625]]],[[[138.9761565,35.9135625],[138.976188,35.913583],[138.9761565,35.913604],[138.9761565,35.9135625]]],[[[138.9761565,35.9135625],[138.976188,35.913542],[138.976188,35.913583],[138.9761565,35.9135625]]],[[[138.9761565,35.913521],[138.9761565,35.9135625],[138.976125,35.913542],[138.9761565,35.913521]]],[[[138.9761565,35.913521],[138.976188,35.913542],[138.9761565,35.9135625],[138.9761565,35.913521]]],[[[138.9761565,35.913521],[138.976188,35.9135],[138.976188,35.913542],[138.9761565,35.913521]]],[[[138.9761565,35.913521],[138.976125,35.9135],[138.976188,35.9135],[138.9761565,35.913521]]],[[[138.9761565,35.913521],[138.976125,35.913542],[138.976125,35.9135],[138.9761565,35.913521]]]]},"properties":{"layer":"flood","class_code":"1","class_label":"0.5m未満","scale_code":"2","scale_label":"L2（想定最大規模）"}},{"type":"Feature","id":"fld_ddb1daf3-ad90-4ffb-9c8d-1a4411ef30a7","geometry":{"type":"MultiPolygon","coordinates":[[[[138.975781,35.913896],[138.97575,35.913875],[138.975781,35.913854],[138.975781,35.913896]]],[[[138.975875,35.913833],[138.975938,35.913833],[138.9759065,35.913854],[138.975875,35.913833]]],[[[138.975875,35.913833],[138.9759065,35.913854],[138.9758435,35.913854],[138.975875,35.913833]]],[[[138.975938,35.913833],[138.976,35.913833],[138.975969,35.913854],[138.975938,35.913833]]],[[[138.975938,35.913833],[138.975969,35.913854],[138.9759065,35.913854],[138.975938,35.913833]]],[[[138.976,35.913833],[138.976063,35.913833],[138.9760315,35.913854],[138.976,35.913833]]],[[[138.976,35.913833],[138.9760315,35.913854],[138.976,35.913875],[138.976,35.913833]]],[[[138.976,35.913833],[138.976,35.913875],[138.975969,35.913854],[138.976,35.913833]]],[[[138.976,35.913875],[138.9760315,35.913854],[138.976063,35.913875],[138.976,35.913875]]],[[[138.976063,35.913875],[138.9760315,35.913854],[138.976063,35.913833],[138.976063,35.913875]]],[[[138.9759065,35.913896],[138.9758435,35.913854],[138.9759065,35.913854],[138.9759065,35.913896]]],[[[138.9759065,35.913896],[138.9759065,35.913854],[138.975969,35.913854],[138.9759065,35.913896]]],[[[138.9758435,35.913896],[138.975875,35.913917],[138.975812,35.913917],[138.9758435,35.913896]]],[[[138.9758435,35.913896],[138.975812,35.913917],[138.975781,35.913896],[138.9758435,35.913896]]],[[[138.9758435,35.913896],[138.975781,35.913896],[138.975781,35.913854],[138.9758435,35.913896]]],[[[138.9758435,35.913896],[138.975781,35.913854],[138.9758435,35.913854],[138.9758435,35.913896]]],[[[138.975781,35.913896],[138.975812,35.913917],[138.97575,35.913917],[138.975781,35.913896]]],[[[138.975781,35.913896],[138.97575,35.913917],[138.97575,35.913875],[138.975781,35.913896]]],[[[138.9759065,35.913896],[138.9758435,35.913896],[138.9758435,35.913854],[138.9759065,35.913896]]],[[[138.9759065,35.913896],[138.975875,35.913917],[138.9758435,35.913896],[138.9759065,35.913896]]],[[[138.9759065,35.913896],[138.975938,35.913917],[138.975875,35.913917],[138.9759065,35.913896]]],[[[138.975969,35.913896],[138.9759065,35.913896],[138.975969,35.913854],[138.975969,35.913896]]],[[[138.975969,35.913896],[138.975938,35.913917],[138.9759065,35.913896],[138.975969,35.913896]]],[[[138.975969,35.913896],[138.976,35.913917],[138.975938,35.913917],[138.975969,35.913896]]],[[[138.975969,35.913896],[138.976,35.913875],[138.976,35.913917],[138.975969,35.913896]]],[[[138.975969,35.913896],[138.975969,35.913854],[138.976,35.913875],[138.975969,35.913896]]],[[[138.975812,35.913833],[138.9758435,35.913854],[138.975781,35.913854],[138.975812,35.913833]]],[[[138.975812,35.913833],[138.975781,35.913854],[138.97575,35.913833],[138.975812,35.913833]]],[[[138.975812,35.913833],[138.975875,35.913833],[138.9758435,35.913854],[138.975812,35.913833]]],[[[138.97575,35.913833],[138.975781,35.913854],[138.97575,35.913875],[138.97575,35.913833]]]]},"properties":{"layer":"flood","class_code":"1","class_label":"0.5m未満","scale_code":"2","scale_label":"L2（想定最大規模）"}},{"type":"Feature","id":"fld_c62f3389-a596-4ccb-8dc4-1bdb453322b2","geometry":{"type":"MultiPolygon","coordinates":[[[[138.9754065,35.9140625],[138.975438,35.914083],[138.975375,35.914083],[138.9754065,35.9140625]]],[[[138.9754065,35.9140625],[138.975375,35.914083],[138.975375,35.914042],[138.9754065,35.9140625]]],[[[138.9754065,35.9140625],[138.975438,35.914042],[138.975438,35.914083],[138.9754065,35.9140625]]],[[[138.9754065,35.9140625],[138.975375,35.914042],[138.975438,35.914042],[138.9754065,35.9140625]]]]},"properties":{"layer":"flood","class_code":"1","class_label":"0.5m未満","scale_code":"2","scale_label":"L2（想定最大規模）"}},{"type":"Feature","id":"fld_af26c0a2-b417-4ec4-ab16-37bd256648be","geometry":{"type":"MultiPolygon","coordinates":[[[[138.9753435,35.914104],[138.975312,35.914083],[138.975375,35.914083],[138.9753435,35.914104]]],[[[138.9753435,35.914104],[138.975375,35.914083],[138.975375,35.914125],[138.9753435,35.914104]]],[[[138.9753435,35.914104],[138.975312,35.914125],[138.975312,35.914083],[138.9753435,35.914104]]],[[[138.9753435,35.914104],[138.975375,35.914125],[138.975312,35.914125],[138.9753435,35.914104]]]]},"properties":{"layer":"flood","class_code":"1","class_label":"0.5m未満","scale_code":"2","scale_label":"L2（想定最大規模）"}},{"type":"Feature","id":"fld_df4892f0-fc46-4450-806f-6e80e251092e","geometry":{"type":"MultiPolygon","coordinates":[[[[138.975281,35.914146],[138.975312,35.914167],[138.97525,35.914167],[138.975281,35.914146]]],[[[138.975281,35.914146],[138.97525,35.914125],[138.975312,35.914125],[138.975281,35.914146]]],[[[138.975281,35.914146],[138.97525,35.914167],[138.97525,35.914125],[138.975281,35.914146]]],[[[138.975281,35.914146],[138.975312,35.914125],[138.975312,35.914167],[138.975281,35.914146]]]]},"properties":{"layer":"flood","class_code":"1","class_label":"0.5m未満","scale_code":"2","scale_label":"L2（想定最大規模）"}},{"type":"Feature","id":"fld_a833f975-ab8b-4fa2-a44f-4420f45d15cc","geometry":{"type":"MultiPolygon","coordinates":[[[[138.985281,35.9098125],[138.985312,35.909792],[138.985312,35.909833],[138.985281,35.9098125]]],[[[138.985281,35.9098125],[138.98525,35.909792],[138.985312,35.909792],[138.985281,35.9098125]]],[[[138.985281,35.9098125],[138.98525,35.909833],[138.98525,35.909792],[138.985281,35.9098125]]],[[[138.985281,35.9098125],[138.985312,35.909833],[138.98525,35.909833],[138.985281,35.9098125]]]]},"properties":{"layer":"flood","class_code":"1","class_label":"0.5m未満","scale_code":"2","scale_label":"L2（想定最大規模）"}},{"type":"Feature","id":"fld_a61f8d21-1303-4060-8475-7ce42c0a41fb","geometry":{"type":"MultiPolygon","coordinates":[[[[138.975219,35.914896],[138.975188,35.914875],[138.97525,35.914875],[138.975219,35.914896]]],[[[138.975219,35.914896],[138.97525,35.914875],[138.97525,35.914917],[138.975219,35.914896]]],[[[138.975219,35.914896],[138.975188,35.914917],[138.975188,35.914875],[138.975219,35.914896]]],[[[138.975219,35.914896],[138.97525,35.914917],[138.975188,35.914917],[138.975219,35.914896]]]]},"properties":{"layer":"flood","class_code":"1","class_label":"0.5m未満","scale_code":"2","scale_label":"L2（想定最大規模）"}},{"type":"Feature","id":"fld_e8d123dc-f6aa-4f1c-ae0e-97b354ebfa99","geometry":{"type":"MultiPolygon","coordinates":[[[[138.975219,35.915146],[138.975188,35.915167],[138.975188,35.915125],[138.975219,35.915146]]],[[[138.975219,35.915104],[138.97525,35.915083],[138.97525,35.915125],[138.975219,35.915104]]],[[[138.975219,35.915104],[138.975188,35.915125],[138.975188,35.915083],[138.975219,35.915104]]],[[[138.975219,35.915104],[138.975219,35.915146],[138.975188,35.915125],[138.975219,35.915104]]],[[[138.975219,35.915104],[138.97525,35.915125],[138.975219,35.915146],[138.975219,35.915104]]],[[[138.975219,35.9150625],[138.97525,35.915042],[138.97525,35.915083],[138.975219,35.9150625]]],[[[138.975219,35.9150625],[138.975188,35.915083],[138.975188,35.915042],[138.975219,35.9150625]]],[[[138.975219,35.9150625],[138.975219,35.915104],[138.975188,35.915083],[138.975219,35.9150625]]],[[[138.975219,35.9150625],[138.97525,35.915083],[138.975219,35.915104],[138.975219,35.9150625]]],[[[138.975219,35.915021],[138.97525,35.915042],[138.975219,35.9150625],[138.975219,35.915021]]],[[[138.975219,35.915021],[138.975188,35.915042],[138.975188,35.915],[138.975219,35.915021]]],[[[138.975219,35.915021],[138.975219,35.9150625],[138.975188,35.915042],[138.975219,35.915021]]],[[[138.975219,35.914979],[138.97525,35.915],[138.975219,35.915021],[138.975219,35.914979]]],[[[138.97525,35.915167],[138.975219,35.915146],[138.97525,35.915125],[138.97525,35.915167]]],[[[138.975219,35.915021],[138.97525,35.915],[138.97525,35.915042],[138.975219,35.915021]]],[[[138.97525,35.915167],[138.975188,35.915167],[138.975219,35.915146],[138.97525,35.915167]]],[[[138.975219,35.914979],[138.97525,35.914958],[138.97525,35.915],[138.975219,35.914979]]],[[[138.975219,35.914979],[138.975188,35.914958],[138.97525,35.914958],[138.975219,35.914979]]],[[[138.975219,35.914979],[138.975188,35.915],[138.975188,35.914958],[138.975219,35.914979]]],[[[138.975219,35.914979],[138.975219,35.915021],[138.975188,35.915],[138.975219,35.914979]]]]},"properties":{"layer":"flood","class_code":"1","class_label":"0.5m未満","scale_code":"2","scale_label":"L2（想定最大規模）"}},{"type":"Feature","id":"fld_a6417ed1-f875-40c8-bc46-bc6038f933e8","geometry":{"type":"MultiPolygon","coordinates":[[[[138.978687,35.91],[138.9787185,35.910021],[138.978687,35.910042],[138.978687,35.91]]],[[[138.9787185,35.910021],[138.97875,35.91],[138.97875,35.910042],[138.9787185,35.910021]]],[[[138.9787185,35.910021],[138.97875,35.910042],[138.978687,35.910042],[138.9787185,35.910021]]],[[[138.978687,35.91],[138.97875,35.91],[138.9787185,35.910021],[138.978687,35.91]]]]},"properties":{"layer":"flood","class_code":"1","class_label":"0.5m未満","scale_code":"2","scale_label":"L2（想定最大規模）"}},{"type":"Feature","id":"fld_6b163d17-7228-434f-b20a-1c8ec51eee0d","geometry":{"type":"MultiPolygon","coordinates":[[[[138.9820935,35.910479],[138.982062,35.910458],[138.982125,35.910458],[138.9820935,35.910479]]],[[[138.9820935,35.910479],[138.982062,35.9105],[138.982062,35.910458],[138.9820935,35.910479]]],[[[138.9820935,35.910479],[138.982125,35.910458],[138.982125,35.9105],[138.9820935,35.910479]]],[[[138.9820935,35.910479],[138.982125,35.9105],[138.982062,35.9105],[138.9820935,35.910479]]]]},"properties":{"layer":"flood","class_code":"1","class_label":"0.5m未満","scale_code":"2","scale_label":"L2（想定最大規模）"}},{"type":"Feature","id":"fld_22703747-05de-4d4c-8ae6-664683b09c99","geometry":{"type":"MultiPolygon","coordinates":[[[[138.9820935,35.910604],[138.982125,35.910625],[138.982062,35.910625],[138.9820935,35.910604]]],[[[138.9820935,35.910604],[138.982062,35.910625],[138.982062,35.910583],[138.9820935,35.910604]]],[[[138.9820935,35.910604],[138.982125,35.910583],[138.982125,35.910625],[138.9820935,35.910604]]],[[[138.9820935,35.910604],[138.982062,35.910583],[138.982125,35.910583],[138.9820935,35.910604]]]]},"properties":{"layer":"flood","class_code":"1","class_label":"0.5m未満","scale_code":"2","scale_label":"L2（想定最大規模）"}},{"type":"Feature","id":"fld_fb0caa32-7ff1-4328-a941-84f110b866c6","geometry":{"type":"MultiPolygon","coordinates":[[[[138.987469,35.909146],[138.9875,35.909125],[138.9875,35.909167],[138.987469,35.909146]]],[[[138.987469,35.909146],[138.987438,35.909125],[138.9875,35.909125],[138.987469,35.909146]]],[[[138.987469,35.909146],[138.987438,35.909167],[138.987438,35.909125],[138.987469,35.909146]]],[[[138.987469,35.909146],[138.9875,35.909167],[138.987438,35.909167],[138.987469,35.909146]]]]},"properties":{"layer":"flood","class_code":"1","class_label":"0.5m未満","scale_code":"2","scale_label":"L2（想定最大規模）"}},{"type":"Feature","id":"fld_b895a50d-f89d-450a-b73d-811cbf943c46","geometry":{"type":"MultiPolygon","coordinates":[[[[138.987219,35.909271],[138.98725,35.909292],[138.987188,35.909292],[138.987219,35.909271]]],[[[138.987344,35.909271],[138.987375,35.90925],[138.987375,35.909292],[138.987344,35.909271]]],[[[138.987219,35.909271],[138.987188,35.909292],[138.987188,35.90925],[138.987219,35.909271]]],[[[138.9872815,35.909271],[138.98725,35.90925],[138.987313,35.90925],[138.9872815,35.909271]]],[[[138.987219,35.909271],[138.98725,35.90925],[138.98725,35.909292],[138.987219,35.909271]]],[[[138.987344,35.909271],[138.987375,35.909292],[138.987313,35.909292],[138.987344,35.909271]]],[[[138.987344,35.909271],[138.987313,35.90925],[138.987375,35.90925],[138.987344,35.909271]]],[[[138.987344,35.909271],[138.987313,35.909292],[138.987313,35.90925],[138.987344,35.909271]]],[[[138.9872815,35.909271],[138.98725,35.909292],[138.98725,35.90925],[138.9872815,35.909271]]],[[[138.9872815,35.909271],[138.987313,35.909292],[138.98725,35.909292],[138.9872815,35.909271]]],[[[138.9872815,35.909271],[138.987313,35.90925],[138.987313,35.909292],[138.9872815,35.909271]]],[[[138.987219,35.909271],[138.987188,35.90925],[138.98725,35.90925],[138.987219,35.909271]]]]},"properties":{"layer":"flood","class_code":"1","class_label":"0.5m未満","scale_code":"2","scale_label":"L2（想定最大規模）"}},{"type":"Feature","id":"fld_7f729d8d-953b-43e7-b31a-c2f967d7996a","geometry":{"type":"MultiPolygon","coordinates":[[[[138.980594,35.909271],[138.980563,35.90925],[138.980625,35.90925],[138.980594,35.909271]]],[[[138.980594,35.909271],[138.980625,35.90925],[138.980625,35.909292],[138.980594,35.909271]]],[[[138.980594,35.909271],[138.980625,35.909292],[138.980563,35.909292],[138.980594,35.909271]]],[[[138.980594,35.909271],[138.980563,35.909292],[138.980563,35.90925],[138.980594,35.909271]]]]},"properties":{"layer":"flood","class_code":"1","class_label":"0.5m未満","scale_code":"2","scale_label":"L2（想定最大規模）"}},{"type":"Feature","id":"fld_7f3abe9e-cd0f-4276-8e78-c809b0ba8c53","geometry":{"type":"MultiPolygon","coordinates":[[[[138.9805315,35.9093125],[138.9805,35.909333],[138.9805,35.909292],[138.9805315,35.9093125]]],[[[138.9805315,35.9093125],[138.980563,35.909333],[138.9805,35.909333],[138.9805315,35.9093125]]],[[[138.9805315,35.9093125],[138.980563,35.909292],[138.980563,35.909333],[138.9805315,35.9093125]]],[[[138.9805315,35.9093125],[138.9805,35.909292],[138.980563,35.909292],[138.9805315,35.9093125]]]]},"properties":{"layer":"flood","class_code":"1","class_label":"0.5m未満","scale_code":"2","scale_label":"L2（想定最大規模）"}},{"type":"Feature","id":"fld_9ec6e768-fb71-4e11-b895-286ffb26ddcb","geometry":{"type":"MultiPolygon","coordinates":[[[[138.9813435,35.9094375],[138.981375,35.909417],[138.981375,35.909458],[138.9813435,35.9094375]]],[[[138.9813435,35.9094375],[138.981312,35.909458],[138.981312,35.909417],[138.9813435,35.9094375]]],[[[138.9813435,35.9094375],[138.981375,35.909458],[138.981312,35.909458],[138.9813435,35.9094375]]],[[[138.9813435,35.9094375],[138.981312,35.909417],[138.981375,35.909417],[138.9813435,35.9094375]]]]},"properties":{"layer":"flood","class_code":"1","class_label":"0.5m未満","scale_code":"2","scale_label":"L2（想定最大規模）"}},{"type":"Feature","id":"fld_5dbff23d-b612-47e1-a194-cbf85cf8afd6","geometry":{"type":"MultiPolygon","coordinates":[[[[138.9814685,35.9095625],[138.9815,35.909542],[138.9815,35.909583],[138.9814685,35.9095625]]],[[[138.9814685,35.9095625],[138.9815,35.909583],[138.981437,35.909583],[138.9814685,35.9095625]]],[[[138.9814685,35.9095625],[138.981437,35.909542],[138.9815,35.909542],[138.9814685,35.9095625]]],[[[138.9814685,35.9095625],[138.981437,35.909583],[138.981437,35.909542],[138.9814685,35.9095625]]]]},"properties":{"layer":"flood","class_code":"1","class_label":"0.5m未満","scale_code":"2","scale_label":"L2（想定最大規模）"}},{"type":"Feature","id":"fld_0f8503e2-0268-49ca-a60d-f78029559dd8","geometry":{"type":"MultiPolygon","coordinates":[[[[138.981594,35.909604],[138.981563,35.909583],[138.981625,35.909583],[138.981594,35.909604]]],[[[138.981594,35.909604],[138.981563,35.909625],[138.981563,35.909583],[138.981594,35.909604]]],[[[138.981594,35.909604],[138.981625,35.909625],[138.981563,35.909625],[138.981594,35.909604]]],[[[138.981594,35.909604],[138.981625,35.909583],[138.981625,35.909625],[138.981594,35.909604]]]]},"properties":{"layer":"flood","class_code":"1","class_label":"0.5m未満","scale_code":"2","scale_label":"L2（想定最大規模）"}},{"type":"Feature","id":"fld_3b72b216-bed6-47e3-a372-3a4229d565a0","geometry":{"type":"MultiPolygon","coordinates":[[[[138.985188,35.909875],[138.985188,35.909833],[138.985219,35.909854],[138.985188,35.909875]]],[[[138.985312,35.909833],[138.985312,35.909875],[138.985281,35.909854],[138.985312,35.909833]]],[[[138.985312,35.909875],[138.98525,35.909875],[138.985281,35.909854],[138.985312,35.909875]]],[[[138.985188,35.909833],[138.98525,35.909833],[138.985219,35.909854],[138.985188,35.909833]]],[[[138.98525,35.909875],[138.98525,35.909833],[138.985281,35.909854],[138.98525,35.909875]]],[[[138.98525,35.909875],[138.985219,35.909854],[138.98525,35.909833],[138.98525,35.909875]]],[[[138.98525,35.909875],[138.985188,35.909875],[138.985219,35.909854],[138.98525,35.909875]]],[[[138.985312,35.909833],[138.985281,35.909854],[138.98525,35.909833],[138.985312,35.909833]]]]},"properties":{"layer":"flood","class_code":"2","class_label":"0.5m以上3m未満","scale_code":"2","scale_label":"L2（想定最大規模）"}},{"type":"Feature","id":"fld_c36a8f04-1238-43a6-9524-773c58a32363","geometry":{"type":"MultiPolygon","coordinates":[[[[138.985375,35.909833],[138.985312,35.909833],[138.9853435,35.9098125],[138.985375,35.909833]]],[[[138.985312,35.909833],[138.985312,35.909792],[138.9853435,35.9098125],[138.985312,35.909833]]],[[[138.985375,35.909792],[138.9853435,35.9098125],[138.985312,35.909792],[138.985375,35.909792]]],[[[138.985375,35.909833],[138.9853435,35.9098125],[138.985375,35.909792],[138.985375,35.909833]]]]},"properties":{"layer":"flood","class_code":"2","class_label":"0.5m以上3m未満","scale_code":"2","scale_label":"L2（想定最大規模）"}},{"type":"Feature","id":"fld_dff16fe2-34ab-48d1-888c-1b297d71da38","geometry":{"type":"MultiPolygon","coordinates":[[[[138.985438,35.909792],[138.985375,35.909792],[138.9854065,35.909771],[138.985438,35.909792]]],[[[138.985438,35.90975],[138.9854065,35.909771],[138.985375,35.90975],[138.985438,35.90975]]],[[[138.985438,35.90975],[138.985438,35.909792],[138.9854065,35.909771],[138.985438,35.90975]]],[[[138.985375,35.90975],[138.9854065,35.909771],[138.985375,35.909792],[138.985375,35.90975]]]]},"properties":{"layer":"flood","class_code":"2","class_label":"0.5m以上3m未満","scale_code":"2","scale_label":"L2（想定最大規模）"}},{"type":"Feature","id":"fld_05e48cf4-a24f-4bbc-9290-52e84e88b286","geometry":{"type":"MultiPolygon","coordinates":[[[[138.978438,35.909583],[138.9785,35.909583],[138.978469,35.909604],[138.978438,35.909583]]],[[[138.978563,35.909625],[138.9785,35.909625],[138.9785315,35.909604],[138.978563,35.909625]]],[[[138.9785,35.909625],[138.978438,35.909625],[138.978469,35.909604],[138.9785,35.909625]]],[[[138.9785,35.909625],[138.978469,35.909604],[138.9785,35.909583],[138.9785,35.909625]]],[[[138.978563,35.909583],[138.978563,35.909625],[138.9785315,35.909604],[138.978563,35.909583]]],[[[138.978563,35.909583],[138.9785315,35.909604],[138.9785,35.909583],[138.978563,35.909583]]],[[[138.978438,35.909583],[138.978469,35.909604],[138.978438,35.909625],[138.978438,35.909583]]],[[[138.9785,35.909625],[138.9785,35.909583],[138.9785315,35.909604],[138.9785,35.909625]]]]},"properties":{"layer":"flood","class_code":"2","class_label":"0.5m以上3m未満","scale_code":"2","scale_label":"L2（想定最大規模）"}},{"type":"Feature","id":"fld_bc13ea07-fb51-489d-802b-293e2613eb90","geometry":{"type":"MultiPolygon","coordinates":[[[[138.978375,35.909542],[138.9784065,35.9095625],[138.978375,35.909583],[138.978375,35.909542]]],[[[138.978375,35.909583],[138.9784065,35.9095625],[138.978438,35.909583],[138.978375,35.909583]]],[[[138.978375,35.9095],[138.9784065,35.909521],[138.978375,35.909542],[138.978375,35.9095]]],[[[138.978438,35.9095],[138.978438,35.909458],[138.978469,35.909479],[138.978438,35.9095]]],[[[138.978375,35.909542],[138.9784065,35.909521],[138.9784065,35.9095625],[138.978375,35.909542]]],[[[138.978438,35.9095],[138.9784065,35.909521],[138.9784065,35.909479],[138.978438,35.9095]]],[[[138.978438,35.9095],[138.9784065,35.909479],[138.978438,35.909458],[138.978438,35.9095]]],[[[138.978438,35.9095],[138.978438,35.909542],[138.9784065,35.909521],[138.978438,35.9095]]],[[[138.978313,35.9095],[138.978344,35.909479],[138.978375,35.9095],[138.978313,35.9095]]],[[[138.978375,35.9095],[138.9784065,35.909479],[138.9784065,35.909521],[138.978375,35.9095]]],[[[138.978438,35.909542],[138.978438,35.909583],[138.9784065,35.9095625],[138.978438,35.909542]]],[[[138.978438,35.909542],[138.9784065,35.9095625],[138.9784065,35.909521],[138.978438,35.909542]]],[[[138.978375,35.909417],[138.978375,35.909458],[138.978344,35.9094375],[138.978375,35.909417]]],[[[138.978375,35.909417],[138.978344,35.9094375],[138.978313,35.909417],[138.978375,35.909417]]],[[[138.978375,35.909458],[138.978438,35.909458],[138.9784065,35.909479],[138.978375,35.909458]]],[[[138.978375,35.909458],[138.9784065,35.909479],[138.978375,35.9095],[138.978375,35.909458]]],[[[138.978375,35.909458],[138.978375,35.9095],[138.978344,35.909479],[138.978375,35.909458]]],[[[138.978375,35.909458],[138.978344,35.909479],[138.978344,35.9094375],[138.978375,35.909458]]],[[[138.978313,35.909458],[138.978344,35.909479],[138.978313,35.9095],[138.978313,35.909458]]],[[[138.978313,35.909458],[138.97825,35.909458],[138.9782815,35.9094375],[138.978313,35.909458]]],[[[138.978313,35.909458],[138.9782815,35.9094375],[138.978313,35.909417],[138.978313,35.909458]]],[[[138.978313,35.909458],[138.978313,35.909417],[138.978344,35.9094375],[138.978313,35.909458]]],[[[138.978313,35.909458],[138.978344,35.9094375],[138.978344,35.909479],[138.978313,35.909458]]],[[[138.97825,35.909458],[138.97825,35.909417],[138.9782815,35.9094375],[138.97825,35.909458]]],[[[138.97825,35.909417],[138.978313,35.909417],[138.9782815,35.9094375],[138.97825,35.909417]]],[[[138.9785,35.909458],[138.9785,35.9095],[138.978469,35.909479],[138.9785,35.909458]]],[[[138.9785,35.909458],[138.978469,35.909479],[138.978438,35.909458],[138.9785,35.909458]]],[[[138.9785,35.9095],[138.978438,35.9095],[138.978469,35.909479],[138.9785,35.9095]]]]},"properties":{"layer":"flood","class_code":"2","class_label":"0.5m以上3m未満","scale_code":"2","scale_label":"L2（想定最大規模）"}},{"type":"Feature","id":"fld_8aaba773-6f10-41ab-8e24-1cc967bcb644","geometry":{"type":"MultiPolygon","coordinates":[[[[138.986437,35.909167],[138.986406,35.9091875],[138.986375,35.909167],[138.986437,35.909167]]],[[[138.986375,35.909167],[138.986344,35.9091875],[138.986313,35.909167],[138.986375,35.909167]]],[[[138.986375,35.909167],[138.986406,35.9091875],[138.986344,35.9091875],[138.986375,35.909167]]],[[[138.986313,35.909167],[138.9862815,35.9091875],[138.98625,35.909167],[138.986313,35.909167]]],[[[138.986313,35.909167],[138.986344,35.9091875],[138.9862815,35.9091875],[138.986313,35.909167]]],[[[138.98625,35.909208],[138.9862815,35.909229],[138.98625,35.90925],[138.98625,35.909208]]],[[[138.98625,35.909208],[138.98625,35.90925],[138.986219,35.909229],[138.98625,35.909208]]],[[[138.98625,35.909208],[138.986219,35.909229],[138.986188,35.909208],[138.98625,35.909208]]],[[[138.98625,35.909208],[138.98625,35.909167],[138.9862815,35.9091875],[138.98625,35.909208]]],[[[138.98625,35.909208],[138.9862815,35.9091875],[138.9862815,35.909229],[138.98625,35.909208]]],[[[138.986437,35.90925],[138.986375,35.90925],[138.986406,35.909229],[138.986437,35.90925]]],[[[138.986375,35.90925],[138.986313,35.90925],[138.986344,35.909229],[138.986375,35.90925]]],[[[138.986375,35.90925],[138.986344,35.909229],[138.986406,35.909229],[138.986375,35.90925]]],[[[138.986313,35.90925],[138.98625,35.90925],[138.9862815,35.909229],[138.986313,35.90925]]],[[[138.986313,35.90925],[138.9862815,35.909229],[138.986344,35.909229],[138.986313,35.90925]]],[[[138.986188,35.90925],[138.986188,35.909208],[138.986219,35.909229],[138.986188,35.90925]]],[[[138.986188,35.90925],[138.986219,35.909229],[138.98625,35.90925],[138.986188,35.90925]]],[[[138.986437,35.909208],[138.986437,35.90925],[138.986406,35.909229],[138.986437,35.909208]]],[[[138.986344,35.9091875],[138.986406,35.909229],[138.986344,35.909229],[138.986344,35.9091875]]],[[[138.986406,35.9091875],[138.986406,35.909229],[138.986344,35.9091875],[138.986406,35.9091875]]],[[[138.9862815,35.9091875],[138.986344,35.909229],[138.9862815,35.909229],[138.9862815,35.9091875]]],[[[138.986937,35.909167],[138.986937,35.909208],[138.986906,35.9091875],[138.986937,35.909167]]],[[[138.986937,35.909167],[138.986906,35.9091875],[138.986875,35.909167],[138.986937,35.909167]]],[[[138.986937,35.909208],[138.986875,35.909208],[138.986906,35.9091875],[138.986937,35.909208]]],[[[138.986875,35.909208],[138.986813,35.909208],[138.986844,35.9091875],[138.986875,35.909208]]],[[[138.986875,35.909208],[138.986844,35.9091875],[138.986875,35.909167],[138.986875,35.909208]]],[[[138.986875,35.909208],[138.986875,35.909167],[138.986906,35.9091875],[138.986875,35.909208]]],[[[138.986875,35.909167],[138.986844,35.9091875],[138.986813,35.909167],[138.986875,35.909167]]],[[[138.986813,35.909208],[138.98675,35.909208],[138.9867815,35.9091875],[138.986813,35.909208]]],[[[138.986813,35.909208],[138.9867815,35.9091875],[138.986813,35.909167],[138.986813,35.909208]]],[[[138.986813,35.909208],[138.986813,35.909167],[138.986844,35.9091875],[138.986813,35.909208]]],[[[138.986813,35.909167],[138.9867815,35.9091875],[138.98675,35.909167],[138.986813,35.909167]]],[[[138.98675,35.909208],[138.986688,35.909208],[138.986719,35.9091875],[138.98675,35.909208]]],[[[138.98675,35.909208],[138.986719,35.9091875],[138.98675,35.909167],[138.98675,35.909208]]],[[[138.98675,35.909208],[138.98675,35.909167],[138.9867815,35.9091875],[138.98675,35.909208]]],[[[138.986344,35.9091875],[138.986344,35.909229],[138.9862815,35.9091875],[138.986344,35.9091875]]],[[[138.98675,35.909167],[138.986719,35.9091875],[138.986688,35.909167],[138.98675,35.909167]]],[[[138.986688,35.909208],[138.986625,35.909208],[138.9866565,35.9091875],[138.986688,35.909208]]],[[[138.986688,35.909208],[138.9866565,35.9091875],[138.986688,35.909167],[138.986688,35.909208]]],[[[138.986688,35.909208],[138.986688,35.909167],[138.986719,35.9091875],[138.986688,35.909208]]],[[[138.986688,35.909167],[138.9866565,35.9091875],[138.986625,35.909167],[138.986688,35.909167]]],[[[138.986625,35.909208],[138.986563,35.909208],[138.986594,35.9091875],[138.986625,35.909208]]],[[[138.986625,35.909208],[138.986594,35.9091875],[138.986625,35.909167],[138.986625,35.909208]]],[[[138.986625,35.909208],[138.986625,35.909167],[138.9866565,35.9091875],[138.986625,35.909208]]],[[[138.986625,35.909167],[138.986594,35.9091875],[138.986563,35.909167],[138.986625,35.909167]]],[[[138.986563,35.909208],[138.9865,35.909208],[138.9865315,35.9091875],[138.986563,35.909208]]],[[[138.986563,35.909208],[138.9865315,35.9091875],[138.986563,35.909167],[138.986563,35.909208]]],[[[138.986563,35.909208],[138.986563,35.909167],[138.986594,35.9091875],[138.986563,35.909208]]],[[[138.986563,35.909167],[138.9865315,35.9091875],[138.9865,35.909167],[138.986563,35.909167]]],[[[138.9865,35.909208],[138.986437,35.909208],[138.9864685,35.9091875],[138.9865,35.909208]]],[[[138.9865,35.909208],[138.9864685,35.9091875],[138.9865,35.909167],[138.9865,35.909208]]],[[[138.9865,35.909208],[138.9865,35.909167],[138.9865315,35.9091875],[138.9865,35.909208]]],[[[138.9865,35.909167],[138.9864685,35.9091875],[138.986437,35.909167],[138.9865,35.909167]]],[[[138.986437,35.909208],[138.986406,35.909229],[138.986406,35.9091875],[138.986437,35.909208]]],[[[138.986437,35.909208],[138.986406,35.9091875],[138.986437,35.909167],[138.986437,35.909208]]],[[[138.986437,35.909208],[138.986437,35.909167],[138.9864685,35.9091875],[138.986437,35.909208]]]]},"properties":{"layer":"flood","class_code":"2","class_label":"0.5m以上3m未満","scale_code":"2","scale_label":"L2（想定最大規模）"}},{"type":"Feature","id":"fld_6624bf95-8049-486b-a576-4ed57a507fd2","geometry":{"type":"MultiPolygon","coordinates":[[[[138.977875,35.909042],[138.977875,35.909083],[138.977844,35.9090625],[138.977875,35.909042]]],[[[138.977813,35.909042],[138.977875,35.909042],[138.977844,35.9090625],[138.977813,35.909042]]],[[[138.977813,35.909042],[138.977844,35.9090625],[138.977813,35.909083],[138.977813,35.909042]]],[[[138.977875,35.909083],[138.977813,35.909083],[138.977844,35.9090625],[138.977875,35.909083]]]]},"properties":{"layer":"flood","class_code":"2","class_label":"0.5m以上3m未満","scale_code":"2","scale_label":"L2（想定最大規模）"}},{"type":"Feature","id":"fld_445b9434-1701-4bfb-8068-96837cafa975","geometry":{"type":"MultiPolygon","coordinates":[[[[138.977313,35.913125],[138.9772815,35.913104],[138.977313,35.913083],[138.977313,35.913125]]],[[[138.977313,35.913125],[138.977313,35.913083],[138.977344,35.913104],[138.977313,35.913125]]],[[[138.977313,35.913083],[138.9772815,35.913104],[138.97725,35.913083],[138.977313,35.913083]]],[[[138.97725,35.913125],[138.97725,35.913083],[138.9772815,35.913104],[138.97725,35.913125]]],[[[138.977375,35.913125],[138.977344,35.913104],[138.977375,35.913083],[138.977375,35.913125]]],[[[138.977375,35.913083],[138.977344,35.913104],[138.977313,35.913083],[138.977375,35.913083]]],[[[138.977313,35.913125],[138.97725,35.913125],[138.9772815,35.913104],[138.977313,35.913125]]],[[[138.977375,35.913125],[138.977313,35.913125],[138.977344,35.913104],[138.977375,35.913125]]]]},"properties":{"layer":"flood","class_code":"2","class_label":"0.5m以上3m未満","scale_code":"2","scale_label":"L2（想定最大規模）"}},{"type":"Feature","id":"fld_51c9f4ef-e1e5-4fa6-8492-b2fb8ae6d5e6","geometry":{"type":"MultiPolygon","coordinates":[[[[138.9775,35.913042],[138.9775,35.913083],[138.977469,35.9130625],[138.9775,35.913042]]],[[[138.9775,35.913042],[138.977469,35.9130625],[138.977438,35.913042],[138.9775,35.913042]]],[[[138.9775,35.913083],[138.977438,35.913083],[138.977469,35.9130625],[138.9775,35.913083]]],[[[138.977438,35.913083],[138.977375,35.913083],[138.9774065,35.9130625],[138.977438,35.913083]]],[[[138.977438,35.913083],[138.9774065,35.9130625],[138.977438,35.913042],[138.977438,35.913083]]],[[[138.977438,35.913083],[138.977438,35.913042],[138.977469,35.9130625],[138.977438,35.913083]]],[[[138.977438,35.913042],[138.9774065,35.9130625],[138.977375,35.913042],[138.977438,35.913042]]],[[[138.977375,35.913042],[138.9774065,35.9130625],[138.977375,35.913083],[138.977375,35.913042]]]]},"properties":{"layer":"flood","class_code":"2","class_label":"0.5m以上3m未満","scale_code":"2","scale_label":"L2（想定最大規模）"}},{"type":"Feature","id":"fld_e63f9c6e-0eaa-41bb-8a5f-8fd9f12dee82","geometry":{"type":"MultiPolygon","coordinates":[[[[138.977875,35.912792],[138.977875,35.912833],[138.977844,35.9128125],[138.977875,35.912792]]],[[[138.977875,35.91275],[138.977844,35.912771],[138.977813,35.91275],[138.977875,35.91275]]],[[[138.977875,35.91275],[138.977875,35.912792],[138.977844,35.912771],[138.977875,35.91275]]],[[[138.977813,35.912792],[138.977813,35.912833],[138.9777815,35.9128125],[138.977813,35.912792]]],[[[138.977875,35.912792],[138.977844,35.9128125],[138.977844,35.912771],[138.977875,35.912792]]],[[[138.977813,35.912792],[138.9777815,35.9128125],[138.97775,35.912792],[138.977813,35.912792]]],[[[138.977813,35.912792],[138.977813,35.91275],[138.977844,35.912771],[138.977813,35.912792]]],[[[138.977813,35.912792],[138.977844,35.912771],[138.977844,35.9128125],[138.977813,35.912792]]],[[[138.977813,35.912792],[138.977844,35.9128125],[138.977813,35.912833],[138.977813,35.912792]]],[[[138.977875,35.912833],[138.977813,35.912833],[138.977844,35.9128125],[138.977875,35.912833]]],[[[138.977813,35.912833],[138.97775,35.912833],[138.9777815,35.9128125],[138.977813,35.912833]]],[[[138.97775,35.912792],[138.9777815,35.9128125],[138.97775,35.912833],[138.97775,35.912792]]]]},"properties":{"layer":"flood","class_code":"2","class_label":"0.5m以上3m未満","scale_code":"2","scale_label":"L2（想定最大規模）"}},{"type":"Feature","id":"fld_967e817d-2f64-483c-9b4c-290e35071810","geometry":{"type":"MultiPolygon","coordinates":[[[[138.977875,35.912375],[138.977906,35.912354],[138.977906,35.912396],[138.977875,35.912375]]],[[[138.978,35.912417],[138.978,35.912458],[138.9779685,35.9124375],[138.978,35.912417]]],[[[138.978,35.912417],[138.9779685,35.9124375],[138.9779685,35.912396],[138.978,35.912417]]],[[[138.977875,35.912417],[138.977906,35.9124375],[138.977875,35.912458],[138.977875,35.912417]]],[[[138.977875,35.912417],[138.977906,35.912396],[138.977906,35.9124375],[138.977875,35.912417]]],[[[138.978,35.912458],[138.978,35.9125],[138.9779685,35.912479],[138.978,35.912458]]],[[[138.978,35.912458],[138.9779685,35.912479],[138.9779685,35.9124375],[138.978,35.912458]]],[[[138.977875,35.912458],[138.977906,35.912479],[138.977875,35.9125],[138.977875,35.912458]]],[[[138.977875,35.912458],[138.977906,35.9124375],[138.977906,35.912479],[138.977875,35.912458]]],[[[138.978,35.9125],[138.977937,35.9125],[138.9779685,35.912479],[138.978,35.9125]]],[[[138.977937,35.9125],[138.977906,35.912521],[138.977906,35.912479],[138.977937,35.9125]]],[[[138.9779685,35.912354],[138.9779685,35.912396],[138.977906,35.912396],[138.9779685,35.912354]]],[[[138.9779685,35.912354],[138.977906,35.912396],[138.977906,35.912354],[138.9779685,35.912354]]],[[[138.9779685,35.912396],[138.9779685,35.9124375],[138.977906,35.912396],[138.9779685,35.912396]]],[[[138.977906,35.912396],[138.9779685,35.9124375],[138.977906,35.9124375],[138.977906,35.912396]]],[[[138.9779685,35.9124375],[138.9779685,35.912479],[138.977906,35.9124375],[138.9779685,35.9124375]]],[[[138.977906,35.9124375],[138.9779685,35.912479],[138.977906,35.912479],[138.977906,35.9124375]]],[[[138.977906,35.912521],[138.977906,35.9125625],[138.977844,35.9125625],[138.977906,35.912521]]],[[[138.977906,35.912521],[138.977844,35.9125625],[138.977844,35.912521],[138.977906,35.912521]]],[[[138.977906,35.9125625],[138.977906,35.912604],[138.977844,35.9125625],[138.977906,35.9125625]]],[[[138.977844,35.9125625],[138.977906,35.912604],[138.977844,35.912604],[138.977844,35.9125625]]],[[[138.977875,35.912625],[138.977906,35.912646],[138.977875,35.912667],[138.977875,35.912625]]],[[[138.977906,35.912646],[138.9779685,35.9126875],[138.977906,35.9126875],[138.977906,35.912646]]],[[[138.977875,35.912625],[138.977844,35.912604],[138.977906,35.912604],[138.977875,35.912625]]],[[[138.977875,35.912625],[138.977906,35.912604],[138.977906,35.912646],[138.977875,35.912625]]],[[[138.978,35.912625],[138.978,35.912667],[138.9779685,35.912646],[138.978,35.912625]]],[[[138.978,35.912667],[138.978,35.912708],[138.9779685,35.9126875],[138.978,35.912667]]],[[[138.978,35.912667],[138.9779685,35.9126875],[138.9779685,35.912646],[138.978,35.912667]]],[[[138.977875,35.912667],[138.977906,35.9126875],[138.977875,35.912708],[138.977875,35.912667]]],[[[138.977937,35.912583],[138.977906,35.912604],[138.977906,35.9125625],[138.977937,35.912583]]],[[[138.977875,35.912667],[138.977906,35.912646],[138.977906,35.9126875],[138.977875,35.912667]]],[[[138.978,35.912708],[138.977937,35.912708],[138.9779685,35.9126875],[138.978,35.912708]]],[[[138.977937,35.912708],[138.977906,35.912729],[138.977906,35.9126875],[138.977937,35.912708]]],[[[138.977937,35.912708],[138.977906,35.9126875],[138.9779685,35.9126875],[138.977937,35.912708]]],[[[138.977937,35.912708],[138.977937,35.91275],[138.977906,35.912729],[138.977937,35.912708]]],[[[138.977875,35.912708],[138.977906,35.912729],[138.977875,35.91275],[138.977875,35.912708]]],[[[138.977875,35.912708],[138.977906,35.9126875],[138.977906,35.912729],[138.977875,35.912708]]],[[[138.977937,35.912625],[138.977906,35.912646],[138.977906,35.912604],[138.977937,35.912625]]],[[[138.977937,35.91275],[138.977875,35.91275],[138.977906,35.912729],[138.977937,35.91275]]],[[[138.977937,35.912625],[138.9779685,35.912646],[138.977906,35.912646],[138.977937,35.912625]]],[[[138.977937,35.912625],[138.978,35.912625],[138.9779685,35.912646],[138.977937,35.912625]]],[[[138.977813,35.912583],[138.977844,35.912604],[138.977813,35.912625],[138.977813,35.912583]]],[[[138.977937,35.912583],[138.977937,35.912625],[138.977906,35.912604],[138.977937,35.912583]]],[[[138.977813,35.912542],[138.977844,35.912521],[138.977844,35.9125625],[138.977813,35.912542]]],[[[138.977813,35.912542],[138.977844,35.9125625],[138.977813,35.912583],[138.977813,35.912542]]],[[[138.977813,35.9125],[138.977844,35.912521],[138.977813,35.912542],[138.977813,35.9125]]],[[[138.977937,35.912542],[138.977906,35.9125625],[138.977906,35.912521],[138.977937,35.912542]]],[[[138.977937,35.912542],[138.977937,35.912583],[138.977906,35.9125625],[138.977937,35.912542]]],[[[138.977875,35.912375],[138.977906,35.912396],[138.977875,35.912417],[138.977875,35.912375]]],[[[138.977875,35.9125],[138.977844,35.912521],[138.977813,35.9125],[138.977875,35.9125]]],[[[138.977875,35.9125],[138.977906,35.912521],[138.977844,35.912521],[138.977875,35.9125]]],[[[138.977937,35.9125],[138.977937,35.912542],[138.977906,35.912521],[138.977937,35.9125]]],[[[138.977937,35.9125],[138.977906,35.912479],[138.9779685,35.912479],[138.977937,35.9125]]],[[[138.977937,35.91225],[138.978,35.91225],[138.9779685,35.912271],[138.977937,35.91225]]],[[[138.977937,35.91225],[138.9779685,35.912271],[138.977937,35.912292],[138.977937,35.91225]]],[[[138.978,35.912292],[138.978,35.912333],[138.9779685,35.9123125],[138.978,35.912292]]],[[[138.978,35.912292],[138.9779685,35.9123125],[138.9779685,35.912271],[138.978,35.912292]]],[[[138.977937,35.912292],[138.9779685,35.9123125],[138.977937,35.912333],[138.977937,35.912292]]],[[[138.977875,35.9125],[138.977906,35.912479],[138.977906,35.912521],[138.977875,35.9125]]],[[[138.977937,35.912292],[138.9779685,35.912271],[138.9779685,35.9123125],[138.977937,35.912292]]],[[[138.977813,35.912583],[138.977844,35.9125625],[138.977844,35.912604],[138.977813,35.912583]]],[[[138.978,35.91225],[138.978,35.912292],[138.9779685,35.912271],[138.978,35.91225]]],[[[138.977875,35.912625],[138.977813,35.912625],[138.977844,35.912604],[138.977875,35.912625]]],[[[138.978,35.912333],[138.978,35.912375],[138.9779685,35.912354],[138.978,35.912333]]],[[[138.978,35.912333],[138.9779685,35.912354],[138.9779685,35.9123125],[138.978,35.912333]]],[[[138.977937,35.912333],[138.9779685,35.912354],[138.977906,35.912354],[138.977937,35.912333]]],[[[138.977937,35.912333],[138.977906,35.912354],[138.977875,35.912333],[138.977937,35.912333]]],[[[138.977937,35.912333],[138.9779685,35.9123125],[138.9779685,35.912354],[138.977937,35.912333]]],[[[138.978,35.912375],[138.978,35.912417],[138.9779685,35.912396],[138.978,35.912375]]],[[[138.978,35.912375],[138.9779685,35.912396],[138.9779685,35.912354],[138.978,35.912375]]],[[[138.977875,35.912375],[138.977875,35.912333],[138.977906,35.912354],[138.977875,35.912375]]],[[[138.9779685,35.912646],[138.9779685,35.9126875],[138.977906,35.912646],[138.9779685,35.912646]]]]},"properties":{"layer":"flood","class_code":"2","class_label":"0.5m以上3m未満","scale_code":"2","scale_label":"L2（想定最大規模）"}},{"type":"Feature","id":"fld_2a3d1731-1923-438e-a864-486f36bbcb5f","geometry":{"type":"MultiPolygon","coordinates":[[[[138.977937,35.912208],[138.977937,35.91225],[138.977906,35.912229],[138.977937,35.912208]]],[[[138.977875,35.912208],[138.977906,35.912229],[138.977875,35.91225],[138.977875,35.912208]]],[[[138.977937,35.91225],[138.977875,35.91225],[138.977906,35.912229],[138.977937,35.91225]]],[[[138.977937,35.912208],[138.977906,35.912229],[138.977875,35.912208],[138.977937,35.912208]]]]},"properties":{"layer":"flood","class_code":"2","class_label":"0.5m以上3m未満","scale_code":"2","scale_label":"L2（想定最大規模）"}},{"type":"Feature","id":"fld_18e637bf-26e5-4aa3-9823-0f10cab85147","geometry":{"type":"MultiPolygon","coordinates":[[[[138.97825,35.911625],[138.9782815,35.911646],[138.97825,35.911667],[138.97825,35.911625]]],[[[138.978375,35.911625],[138.978344,35.911646],[138.978313,35.911625],[138.978375,35.911625]]],[[[138.978375,35.911625],[138.978375,35.911667],[138.978344,35.911646],[138.978375,35.911625]]],[[[138.978375,35.911667],[138.978313,35.911667],[138.978344,35.911646],[138.978375,35.911667]]],[[[138.978313,35.911667],[138.9782815,35.9116875],[138.9782815,35.911646],[138.978313,35.911667]]],[[[138.978313,35.911667],[138.9782815,35.911646],[138.978313,35.911625],[138.978313,35.911667]]],[[[138.978313,35.911667],[138.978313,35.911625],[138.978344,35.911646],[138.978313,35.911667]]],[[[138.978313,35.911667],[138.978313,35.911708],[138.9782815,35.9116875],[138.978313,35.911667]]],[[[138.978313,35.911625],[138.9782815,35.911646],[138.97825,35.911625],[138.978313,35.911625]]],[[[138.978313,35.911708],[138.97825,35.911708],[138.9782815,35.9116875],[138.978313,35.911708]]],[[[138.97825,35.911667],[138.97825,35.911708],[138.978219,35.9116875],[138.97825,35.911667]]],[[[138.97825,35.911667],[138.978219,35.9116875],[138.978188,35.911667],[138.97825,35.911667]]],[[[138.97825,35.911667],[138.9782815,35.911646],[138.9782815,35.9116875],[138.97825,35.911667]]],[[[138.97825,35.911667],[138.9782815,35.9116875],[138.97825,35.911708],[138.97825,35.911667]]],[[[138.978188,35.911708],[138.978188,35.911667],[138.978219,35.9116875],[138.978188,35.911708]]],[[[138.978188,35.911708],[138.978219,35.9116875],[138.97825,35.911708],[138.978188,35.911708]]]]},"properties":{"layer":"flood","class_code":"2","class_label":"0.5m以上3m未満","scale_code":"2","scale_label":"L2（想定最大規模）"}},{"type":"Feature","id":"fld_ac32a3c8-ce50-4bb1-b634-5ebf646ed6ee","geometry":{"type":"MultiPolygon","coordinates":[[[[138.9785,35.911625],[138.978438,35.911625],[138.978469,35.911604],[138.9785,35.911625]]],[[[138.978375,35.911625],[138.978375,35.911583],[138.9784065,35.911604],[138.978375,35.911625]]],[[[138.978438,35.911583],[138.9784065,35.911604],[138.978375,35.911583],[138.978438,35.911583]]],[[[138.9785,35.911583],[138.9785,35.911625],[138.978469,35.911604],[138.9785,35.911583]]],[[[138.978438,35.911625],[138.978438,35.911583],[138.978469,35.911604],[138.978438,35.911625]]],[[[138.978438,35.911625],[138.9784065,35.911604],[138.978438,35.911583],[138.978438,35.911625]]],[[[138.978438,35.911625],[138.978375,35.911625],[138.9784065,35.911604],[138.978438,35.911625]]],[[[138.9785,35.911583],[138.978469,35.911604],[138.978438,35.911583],[138.9785,35.911583]]]]},"properties":{"layer":"flood","class_code":"2","class_label":"0.5m以上3m未満","scale_code":"2","scale_label":"L2（想定最大規模）"}},{"type":"Feature","id":"fld_a577169c-d0f1-4a7a-9585-59fb2b875c30","geometry":{"type":"MultiPolygon","coordinates":[[[[138.978563,35.911583],[138.9785,35.911583],[138.9785315,35.9115625],[138.978563,35.911583]]],[[[138.978563,35.911542],[138.978563,35.911583],[138.9785315,35.9115625],[138.978563,35.911542]]],[[[138.978563,35.911542],[138.9785315,35.9115625],[138.9785,35.911542],[138.978563,35.911542]]],[[[138.9785,35.911583],[138.9785,35.911542],[138.9785315,35.9115625],[138.9785,35.911583]]]]},"properties":{"layer":"flood","class_code":"2","class_label":"0.5m以上3m未満","scale_code":"2","scale_label":"L2（想定最大規模）"}},{"type":"Feature","id":"fld_556f3909-4c1f-4b71-b272-559f298476da","geometry":{"type":"MultiPolygon","coordinates":[[[[138.977813,35.909],[138.977813,35.909042],[138.9777815,35.909021],[138.977813,35.909]]],[[[138.97775,35.909042],[138.97775,35.909],[138.9777815,35.909021],[138.97775,35.909042]]],[[[138.97775,35.909042],[138.9777815,35.909021],[138.977813,35.909042],[138.97775,35.909042]]],[[[138.977813,35.909],[138.9777815,35.909021],[138.97775,35.909],[138.977813,35.909]]]]},"properties":{"layer":"flood","class_code":"2","class_label":"0.5m以上3m未満","scale_code":"2","scale_label":"L2（想定最大規模）"}},{"type":"Feature","id":"fld_6623bc11-09f9-4254-aedd-0200383da560","geometry":{"type":"MultiPolygon","coordinates":[[[[138.978563,35.911542],[138.978563,35.9115],[138.978594,35.911521],[138.978563,35.911542]]],[[[138.978625,35.911542],[138.978563,35.911542],[138.978594,35.911521],[138.978625,35.911542]]],[[[138.978625,35.9115],[138.978625,35.911542],[138.978594,35.911521],[138.978625,35.9115]]],[[[138.978625,35.9115],[138.978594,35.911521],[138.978563,35.9115],[138.978625,35.9115]]]]},"properties":{"layer":"flood","class_code":"2","class_label":"0.5m以上3m未満","scale_code":"2","scale_label":"L2（想定最大規模）"}},{"type":"Feature","id":"fld_10423c6c-ab38-4b3f-8f01-e2faa3acda74","geometry":{"type":"MultiPolygon","coordinates":[[[[138.978687,35.9115],[138.978625,35.9115],[138.978656,35.911479],[138.978687,35.9115]]],[[[138.978625,35.9115],[138.978625,35.911458],[138.978656,35.911479],[138.978625,35.9115]]],[[[138.978687,35.911458],[138.978656,35.911479],[138.978625,35.911458],[138.978687,35.911458]]],[[[138.978687,35.911458],[138.978687,35.9115],[138.978656,35.911479],[138.978687,35.911458]]]]},"properties":{"layer":"flood","class_code":"2","class_label":"0.5m以上3m未満","scale_code":"2","scale_label":"L2（想定最大規模）"}},{"type":"Feature","id":"fld_b548c38c-ef69-4d91-85f4-047a5695a56a","geometry":{"type":"MultiPolygon","coordinates":[[[[138.978687,35.911458],[138.978687,35.911417],[138.9787185,35.9114375],[138.978687,35.911458]]],[[[138.97875,35.911458],[138.978687,35.911458],[138.9787185,35.9114375],[138.97875,35.911458]]],[[[138.97875,35.911417],[138.9787185,35.9114375],[138.978687,35.911417],[138.97875,35.911417]]],[[[138.97875,35.911417],[138.97875,35.911458],[138.9787185,35.9114375],[138.97875,35.911417]]]]},"properties":{"layer":"flood","class_code":"2","class_label":"0.5m以上3m未満","scale_code":"2","scale_label":"L2（想定最大規模）"}},{"type":"Feature","id":"fld_987ff3fa-4be6-4fa0-9322-cefdbb52251b","geometry":{"type":"MultiPolygon","coordinates":[[[[138.978813,35.911375],[138.9787815,35.911396],[138.97875,35.911375],[138.978813,35.911375]]],[[[138.978813,35.911375],[138.978813,35.911417],[138.9787815,35.911396],[138.978813,35.911375]]],[[[138.978813,35.911417],[138.97875,35.911417],[138.9787815,35.911396],[138.978813,35.911417]]],[[[138.97875,35.911417],[138.97875,35.911375],[138.9787815,35.911396],[138.97875,35.911417]]]]},"properties":{"layer":"flood","class_code":"2","class_label":"0.5m以上3m未満","scale_code":"2","scale_label":"L2（想定最大規模）"}},{"type":"Feature","id":"fld_59f647a1-f816-497e-8a49-8f0bf45315e3","geometry":{"type":"MultiPolygon","coordinates":[[[[138.978938,35.911375],[138.978875,35.911375],[138.9789065,35.911354],[138.978938,35.911375]]],[[[138.978938,35.911333],[138.9789065,35.911354],[138.978875,35.911333],[138.978938,35.911333]]],[[[138.978938,35.911375],[138.978938,35.911333],[138.978969,35.911354],[138.978938,35.911375]]],[[[138.979,35.911375],[138.978969,35.911354],[138.979,35.911333],[138.979,35.911375]]],[[[138.978938,35.911375],[138.9789065,35.911354],[138.978938,35.911333],[138.978938,35.911375]]],[[[138.979,35.911375],[138.978938,35.911375],[138.978969,35.911354],[138.979,35.911375]]],[[[138.979,35.911333],[138.978969,35.911354],[138.978938,35.911333],[138.979,35.911333]]],[[[138.978875,35.911375],[138.978875,35.911333],[138.9789065,35.911354],[138.978875,35.911375]]]]},"properties":{"layer":"flood","class_code":"2","class_label":"0.5m以上3m未満","scale_code":"2","scale_label":"L2（想定最大規模）"}},{"type":"Feature","id":"fld_c2d1798b-005d-483b-966c-09b6822b2799","geometry":{"type":"MultiPolygon","coordinates":[[[[138.979062,35.911292],[138.9790935,35.911271],[138.9790935,35.9113125],[138.979062,35.911292]]],[[[138.979125,35.911292],[138.9790935,35.9113125],[138.9790935,35.911271],[138.979125,35.911292]]],[[[138.979187,35.911333],[138.979125,35.911333],[138.979156,35.9113125],[138.979187,35.911333]]],[[[138.979062,35.911292],[138.979062,35.91125],[138.9790935,35.911271],[138.979062,35.911292]]],[[[138.979125,35.91125],[138.979125,35.911292],[138.9790935,35.911271],[138.979125,35.91125]]],[[[138.979125,35.91125],[138.9790935,35.911271],[138.979062,35.91125],[138.979125,35.91125]]],[[[138.979125,35.911292],[138.979125,35.911333],[138.9790935,35.9113125],[138.979125,35.911292]]],[[[138.979062,35.911292],[138.979,35.911292],[138.979031,35.911271],[138.979062,35.911292]]],[[[138.979062,35.911292],[138.979031,35.911271],[138.979062,35.91125],[138.979062,35.911292]]],[[[138.979062,35.911292],[138.9790935,35.9113125],[138.979062,35.911333],[138.979062,35.911292]]],[[[138.979125,35.911333],[138.979062,35.911333],[138.9790935,35.9113125],[138.979125,35.911333]]],[[[138.979125,35.911292],[138.979156,35.9113125],[138.979125,35.911333],[138.979125,35.911292]]],[[[138.979125,35.911292],[138.979187,35.911292],[138.979156,35.9113125],[138.979125,35.911292]]],[[[138.979,35.91125],[138.979031,35.911271],[138.979,35.911292],[138.979,35.91125]]],[[[138.979062,35.91125],[138.979031,35.911271],[138.979,35.91125],[138.979062,35.91125]]],[[[138.979187,35.911292],[138.979187,35.911333],[138.979156,35.9113125],[138.979187,35.911292]]]]},"properties":{"layer":"flood","class_code":"2","class_label":"0.5m以上3m未満","scale_code":"2","scale_label":"L2（想定最大規模）"}},{"type":"Feature","id":"fld_6b22b8da-bd3a-4cc3-b85b-5a2c8789e4c6","geometry":{"type":"MultiPolygon","coordinates":[[[[138.982437,35.910917],[138.982406,35.910896],[138.982437,35.910875],[138.982437,35.910917]]],[[[138.982437,35.910917],[138.982375,35.910917],[138.982406,35.910896],[138.982437,35.910917]]],[[[138.9825,35.910875],[138.9824685,35.910896],[138.982437,35.910875],[138.9825,35.910875]]],[[[138.982437,35.910917],[138.982437,35.910875],[138.9824685,35.910896],[138.982437,35.910917]]],[[[138.9825,35.910875],[138.9825,35.910917],[138.9824685,35.910896],[138.9825,35.910875]]],[[[138.9825,35.910917],[138.982437,35.910917],[138.9824685,35.910896],[138.9825,35.910917]]],[[[138.982437,35.910875],[138.982406,35.910896],[138.982375,35.910875],[138.982437,35.910875]]],[[[138.982375,35.910917],[138.982313,35.910917],[138.982344,35.910896],[138.982375,35.910917]]],[[[138.982375,35.910917],[138.982344,35.910896],[138.982375,35.910875],[138.982375,35.910917]]],[[[138.982375,35.910917],[138.982375,35.910875],[138.982406,35.910896],[138.982375,35.910917]]],[[[138.982313,35.910917],[138.982313,35.910875],[138.982344,35.910896],[138.982313,35.910917]]],[[[138.982313,35.910875],[138.982375,35.910875],[138.982344,35.910896],[138.982313,35.910875]]]]},"properties":{"layer":"flood","class_code":"2","class_label":"0.5m以上3m未満","scale_code":"2","scale_label":"L2（想定最大規模）"}},{"type":"Feature","id":"fld_ba8eee90-3c4a-4b1d-8bb7-0c23fd5d85fc","geometry":{"type":"MultiPolygon","coordinates":[[[[138.982,35.910875],[138.982031,35.910854],[138.982062,35.910875],[138.982,35.910875]]],[[[138.982062,35.910792],[138.982062,35.910833],[138.982031,35.9108125],[138.982062,35.910792]]],[[[138.982125,35.910875],[138.982125,35.910833],[138.9821565,35.910854],[138.982125,35.910875]]],[[[138.982125,35.910875],[138.9820935,35.910854],[138.982125,35.910833],[138.982125,35.910875]]],[[[138.982,35.910833],[138.982031,35.9108125],[138.982031,35.910854],[138.982,35.910833]]],[[[138.982062,35.910833],[138.982125,35.910833],[138.9820935,35.910854],[138.982062,35.910833]]],[[[138.982062,35.910833],[138.9820935,35.910854],[138.982062,35.910875],[138.982062,35.910833]]],[[[138.982,35.910792],[138.982031,35.9108125],[138.982,35.910833],[138.982,35.910792]]],[[[138.982,35.910833],[138.982031,35.910854],[138.982,35.910875],[138.982,35.910833]]],[[[138.982188,35.910875],[138.982125,35.910875],[138.9821565,35.910854],[138.982188,35.910875]]],[[[138.982188,35.910833],[138.9821565,35.910854],[138.982125,35.910833],[138.982188,35.910833]]],[[[138.982188,35.910833],[138.982188,35.910875],[138.9821565,35.910854],[138.982188,35.910833]]],[[[138.982062,35.910792],[138.982031,35.9108125],[138.982,35.910792],[138.982062,35.910792]]],[[[138.982125,35.910875],[138.982062,35.910875],[138.9820935,35.910854],[138.982125,35.910875]]],[[[138.982062,35.910833],[138.982062,35.910875],[138.982031,35.910854],[138.982062,35.910833]]],[[[138.982062,35.910833],[138.982031,35.910854],[138.982031,35.9108125],[138.982062,35.910833]]]]},"properties":{"layer":"flood","class_code":"2","class_label":"0.5m以上3m未満","scale_code":"2","scale_label":"L2（想定最大規模）"}},{"type":"Feature","id":"fld_b37f10c3-ed14-49ce-ae10-2ce4a5fc39b4","geometry":{"type":"MultiPolygon","coordinates":[[[[138.983562,35.91075],[138.983531,35.910771],[138.9835,35.91075],[138.983562,35.91075]]],[[[138.9835,35.91075],[138.983531,35.910771],[138.9835,35.910792],[138.9835,35.91075]]],[[[138.983562,35.910792],[138.9835,35.910792],[138.983531,35.910771],[138.983562,35.910792]]],[[[138.983562,35.910792],[138.983531,35.910771],[138.983562,35.91075],[138.983562,35.910792]]]]},"properties":{"layer":"flood","class_code":"2","class_label":"0.5m以上3m未満","scale_code":"2","scale_label":"L2（想定最大規模）"}},{"type":"Feature","id":"fld_6ac3be4e-20ab-4f07-a983-d29484d2ed16","geometry":{"type":"MultiPolygon","coordinates":[[[[138.983562,35.910708],[138.9835935,35.910729],[138.983562,35.91075],[138.983562,35.910708]]],[[[138.983625,35.91075],[138.9835935,35.910729],[138.983625,35.910708],[138.983625,35.91075]]],[[[138.983625,35.91075],[138.983562,35.91075],[138.9835935,35.910729],[138.983625,35.91075]]],[[[138.983625,35.910708],[138.9835935,35.910729],[138.983562,35.910708],[138.983625,35.910708]]]]},"properties":{"layer":"flood","class_code":"2","class_label":"0.5m以上3m未満","scale_code":"2","scale_label":"L2（想定最大規模）"}},{"type":"Feature","id":"fld_89c425ca-c34a-415e-a9e5-0985a62d7a76","geometry":{"type":"MultiPolygon","coordinates":[[[[138.981875,35.910542],[138.981906,35.9105625],[138.981875,35.910583],[138.981875,35.910542]]],[[[138.981937,35.9105],[138.981937,35.910542],[138.981906,35.910521],[138.981937,35.9105]]],[[[138.981937,35.9105],[138.981906,35.910521],[138.981875,35.9105],[138.981937,35.9105]]],[[[138.981937,35.910542],[138.981937,35.910583],[138.981906,35.9105625],[138.981937,35.910542]]],[[[138.981937,35.910542],[138.981906,35.9105625],[138.981906,35.910521],[138.981937,35.910542]]],[[[138.981875,35.910542],[138.981813,35.910542],[138.981844,35.910521],[138.981875,35.910542]]],[[[138.981875,35.910542],[138.981844,35.910521],[138.981875,35.9105],[138.981875,35.910542]]],[[[138.981875,35.910542],[138.981875,35.9105],[138.981906,35.910521],[138.981875,35.910542]]],[[[138.981875,35.910542],[138.981906,35.910521],[138.981906,35.9105625],[138.981875,35.910542]]],[[[138.981813,35.910542],[138.981813,35.9105],[138.981844,35.910521],[138.981813,35.910542]]],[[[138.981875,35.9105],[138.981844,35.910521],[138.981813,35.9105],[138.981875,35.9105]]],[[[138.981937,35.910583],[138.981875,35.910583],[138.981906,35.9105625],[138.981937,35.910583]]]]},"properties":{"layer":"flood","class_code":"2","class_label":"0.5m以上3m未満","scale_code":"2","scale_label":"L2（想定最大規模）"}},{"type":"Feature","id":"fld_69124780-0c96-4ddb-92ac-a2c88c1c3a3e","geometry":{"type":"MultiPolygon","coordinates":[[[[138.98175,35.910375],[138.9817815,35.910396],[138.98175,35.910417],[138.98175,35.910375]]],[[[138.98175,35.910375],[138.9817815,35.910354],[138.9817815,35.910396],[138.98175,35.910375]]],[[[138.981875,35.910375],[138.981875,35.910417],[138.981844,35.910396],[138.981875,35.910375]]],[[[138.981875,35.910417],[138.981875,35.910458],[138.981844,35.9104375],[138.981875,35.910417]]],[[[138.981875,35.910417],[138.981844,35.9104375],[138.981844,35.910396],[138.981875,35.910417]]],[[[138.98175,35.910417],[138.9817815,35.910396],[138.981813,35.910417],[138.98175,35.910417]]],[[[138.981813,35.910417],[138.981844,35.9104375],[138.981813,35.910458],[138.981813,35.910417]]],[[[138.981813,35.910417],[138.981844,35.910396],[138.981844,35.9104375],[138.981813,35.910417]]],[[[138.981875,35.910458],[138.981813,35.910458],[138.981844,35.9104375],[138.981875,35.910458]]],[[[138.98175,35.91025],[138.9817815,35.910229],[138.9817815,35.910271],[138.98175,35.91025]]],[[[138.981813,35.910167],[138.981813,35.910208],[138.9817815,35.9101875],[138.981813,35.910167]]],[[[138.981813,35.910208],[138.981813,35.91025],[138.9817815,35.910229],[138.981813,35.910208]]],[[[138.98175,35.91025],[138.9817815,35.910271],[138.98175,35.910292],[138.98175,35.91025]]],[[[138.981813,35.910292],[138.981813,35.910333],[138.9817815,35.9103125],[138.981813,35.910292]]],[[[138.981813,35.910292],[138.9817815,35.9103125],[138.9817815,35.910271],[138.981813,35.910292]]],[[[138.98175,35.910292],[138.9817815,35.9103125],[138.98175,35.910333],[138.98175,35.910292]]],[[[138.981813,35.910333],[138.981813,35.910375],[138.9817815,35.910354],[138.981813,35.910333]]],[[[138.98175,35.910292],[138.9817815,35.910271],[138.9817815,35.9103125],[138.98175,35.910292]]],[[[138.981813,35.910375],[138.981875,35.910375],[138.981844,35.910396],[138.981813,35.910375]]],[[[138.981813,35.910333],[138.9817815,35.910354],[138.9817815,35.9103125],[138.981813,35.910333]]],[[[138.98175,35.910333],[138.9817815,35.910354],[138.98175,35.910375],[138.98175,35.910333]]],[[[138.98175,35.910208],[138.9817815,35.910229],[138.98175,35.91025],[138.98175,35.910208]]],[[[138.98175,35.910333],[138.9817815,35.9103125],[138.9817815,35.910354],[138.98175,35.910333]]],[[[138.981813,35.910375],[138.981844,35.910396],[138.981813,35.910417],[138.981813,35.910375]]],[[[138.981813,35.910375],[138.981813,35.910417],[138.9817815,35.910396],[138.981813,35.910375]]],[[[138.981813,35.910375],[138.9817815,35.910396],[138.9817815,35.910354],[138.981813,35.910375]]],[[[138.981813,35.910208],[138.9817815,35.910229],[138.9817815,35.9101875],[138.981813,35.910208]]],[[[138.98175,35.910167],[138.9817815,35.9101875],[138.98175,35.910208],[138.98175,35.910167]]],[[[138.981813,35.910167],[138.9817815,35.9101875],[138.98175,35.910167],[138.981813,35.910167]]],[[[138.98175,35.910208],[138.9817815,35.9101875],[138.9817815,35.910229],[138.98175,35.910208]]],[[[138.981813,35.91025],[138.981813,35.910292],[138.9817815,35.910271],[138.981813,35.91025]]],[[[138.981813,35.91025],[138.9817815,35.910271],[138.9817815,35.910229],[138.981813,35.91025]]]]},"properties":{"layer":"flood","class_code":"2","class_label":"0.5m以上3m未満","scale_code":"2","scale_label":"L2（想定最大規模）"}},{"type":"Feature","id":"fld_7158300a-9598-4acf-b5b9-02ff89a3d8c0","geometry":{"type":"MultiPolygon","coordinates":[[[[138.981813,35.910167],[138.981813,35.910125],[138.981844,35.910146],[138.981813,35.910167]]],[[[138.981875,35.910125],[138.981844,35.910146],[138.981813,35.910125],[138.981875,35.910125]]],[[[138.981875,35.910125],[138.981875,35.910167],[138.981844,35.910146],[138.981875,35.910125]]],[[[138.981875,35.910167],[138.981813,35.910167],[138.981844,35.910146],[138.981875,35.910167]]]]},"properties":{"layer":"flood","class_code":"2","class_label":"0.5m以上3m未満","scale_code":"2","scale_label":"L2（想定最大規模）"}},{"type":"Feature","id":"fld_23121091-3bd3-4838-a59d-57246c86235b","geometry":{"type":"MultiPolygon","coordinates":[[[[138.97525,35.915458],[138.97525,35.9155],[138.975219,35.915479],[138.97525,35.915458]]],[[[138.97525,35.915417],[138.97525,35.915458],[138.975219,35.9154375],[138.97525,35.915417]]],[[[138.97525,35.915417],[138.975219,35.9154375],[138.975188,35.915417],[138.97525,35.915417]]],[[[138.975188,35.915458],[138.975188,35.915417],[138.975219,35.9154375],[138.975188,35.915458]]],[[[138.97525,35.915458],[138.975219,35.915479],[138.975219,35.9154375],[138.97525,35.915458]]],[[[138.97525,35.915542],[138.975188,35.915542],[138.975219,35.915521],[138.97525,35.915542]]],[[[138.975188,35.9155],[138.975219,35.915479],[138.975219,35.915521],[138.975188,35.9155]]],[[[138.975188,35.9155],[138.975219,35.915521],[138.975188,35.915542],[138.975188,35.9155]]],[[[138.97525,35.9155],[138.97525,35.915542],[138.975219,35.915521],[138.97525,35.9155]]],[[[138.975188,35.915458],[138.975219,35.915479],[138.975188,35.9155],[138.975188,35.915458]]],[[[138.975188,35.915458],[138.975219,35.9154375],[138.975219,35.915479],[138.975188,35.915458]]],[[[138.97525,35.9155],[138.975219,35.915521],[138.975219,35.915479],[138.97525,35.9155]]]]},"properties":{"layer":"flood","class_code":"2","class_label":"0.5m以上3m未満","scale_code":"2","scale_label":"L2（想定最大規模）"}},{"type":"Feature","id":"fld_16edda84-68da-420c-bc07-b2a853689ac2","geometry":{"type":"MultiPolygon","coordinates":[[[[138.981625,35.909542],[138.981594,35.9095625],[138.981563,35.909542],[138.981625,35.909542]]],[[[138.981563,35.909583],[138.981563,35.909542],[138.981594,35.9095625],[138.981563,35.909583]]],[[[138.981563,35.909583],[138.9815315,35.9095625],[138.981563,35.909542],[138.981563,35.909583]]],[[[138.981563,35.909583],[138.9815,35.909583],[138.9815315,35.9095625],[138.981563,35.909583]]],[[[138.981625,35.909583],[138.981563,35.909583],[138.981594,35.9095625],[138.981625,35.909583]]],[[[138.9815,35.909542],[138.981563,35.909542],[138.9815315,35.9095625],[138.9815,35.909542]]],[[[138.981625,35.909542],[138.981625,35.909583],[138.981594,35.9095625],[138.981625,35.909542]]],[[[138.9815,35.909542],[138.9815315,35.9095625],[138.9815,35.909583],[138.9815,35.909542]]]]},"properties":{"layer":"flood","class_code":"2","class_label":"0.5m以上3m未満","scale_code":"2","scale_label":"L2（想定最大規模）"}},{"type":"Feature","id":"fld_298c8976-93a5-4e52-8b27-8f6bdf456f5d","geometry":{"type":"MultiPolygon","coordinates":[[[[138.981437,35.9095],[138.981406,35.909521],[138.981406,35.909479],[138.981437,35.9095]]],[[[138.981437,35.9095],[138.981437,35.909542],[138.981406,35.909521],[138.981437,35.9095]]],[[[138.981375,35.909458],[138.981375,35.9095],[138.9813435,35.909479],[138.981375,35.909458]]],[[[138.981375,35.909458],[138.981406,35.909479],[138.981375,35.9095],[138.981375,35.909458]]],[[[138.981375,35.909458],[138.981406,35.9094375],[138.981406,35.909479],[138.981375,35.909458]]],[[[138.981375,35.909458],[138.981375,35.909417],[138.981406,35.9094375],[138.981375,35.909458]]],[[[138.981437,35.909458],[138.981437,35.9095],[138.981406,35.909479],[138.981437,35.909458]]],[[[138.981437,35.909417],[138.981406,35.9094375],[138.981375,35.909417],[138.981437,35.909417]]],[[[138.981437,35.909417],[138.981437,35.909458],[138.981406,35.9094375],[138.981437,35.909417]]],[[[138.981437,35.909458],[138.981406,35.909479],[138.981406,35.9094375],[138.981437,35.909458]]],[[[138.981312,35.909458],[138.981375,35.909458],[138.9813435,35.909479],[138.981312,35.909458]]],[[[138.981312,35.9095],[138.981312,35.909458],[138.9813435,35.909479],[138.981312,35.9095]]],[[[138.981312,35.9095],[138.9813435,35.909479],[138.981375,35.9095],[138.981312,35.9095]]],[[[138.981375,35.909542],[138.981406,35.909521],[138.981437,35.909542],[138.981375,35.909542]]],[[[138.9815,35.909542],[138.981437,35.909542],[138.9814685,35.909521],[138.9815,35.909542]]],[[[138.9815,35.9095],[138.9815,35.909542],[138.9814685,35.909521],[138.9815,35.9095]]],[[[138.981375,35.9095],[138.981406,35.909479],[138.981406,35.909521],[138.981375,35.9095]]],[[[138.981375,35.9095],[138.981406,35.909521],[138.981375,35.909542],[138.981375,35.9095]]],[[[138.981437,35.9095],[138.9814685,35.909521],[138.981437,35.909542],[138.981437,35.9095]]],[[[138.981437,35.9095],[138.9815,35.9095],[138.9814685,35.909521],[138.981437,35.9095]]]]},"properties":{"layer":"flood","class_code":"2","class_label":"0.5m以上3m未満","scale_code":"2","scale_label":"L2（想定最大規模）"}},{"type":"Feature","id":"fld_b7fe4964-6c0a-45a7-ac49-87c6d17c5a60","geometry":{"type":"MultiPolygon","coordinates":[[[[138.980438,35.909292],[138.980438,35.909333],[138.9804065,35.9093125],[138.980438,35.909292]]],[[[138.980438,35.90925],[138.9804065,35.909271],[138.980375,35.90925],[138.980438,35.90925]]],[[[138.980438,35.90925],[138.980438,35.909292],[138.9804065,35.909271],[138.980438,35.90925]]],[[[138.9805,35.909333],[138.980438,35.909333],[138.980469,35.9093125],[138.9805,35.909333]]],[[[138.980375,35.909333],[138.9804065,35.9093125],[138.980438,35.909333],[138.980375,35.909333]]],[[[138.9805,35.909292],[138.9805,35.909333],[138.980469,35.9093125],[138.9805,35.909292]]],[[[138.980375,35.909292],[138.9804065,35.909271],[138.9804065,35.9093125],[138.980375,35.909292]]],[[[138.980375,35.90925],[138.9804065,35.909271],[138.980375,35.909292],[138.980375,35.90925]]],[[[138.980438,35.909292],[138.9804065,35.9093125],[138.9804065,35.909271],[138.980438,35.909292]]],[[[138.980375,35.909292],[138.9804065,35.9093125],[138.980375,35.909333],[138.980375,35.909292]]],[[[138.980438,35.909292],[138.980469,35.9093125],[138.980438,35.909333],[138.980438,35.909292]]],[[[138.980438,35.909292],[138.9805,35.909292],[138.980469,35.9093125],[138.980438,35.909292]]]]},"properties":{"layer":"flood","class_code":"2","class_label":"0.5m以上3m未満","scale_code":"2","scale_label":"L2（想定最大規模）"}},{"type":"Feature","id":"fld_2522e7d0-def3-4356-b0e3-349e99ddb411","geometry":{"type":"MultiPolygon","coordinates":[[[[138.987188,35.909292],[138.987125,35.909292],[138.9871565,35.909271],[138.987188,35.909292]]],[[[138.987062,35.90925],[138.987125,35.90925],[138.9870935,35.909271],[138.987062,35.90925]]],[[[138.987062,35.909292],[138.987062,35.90925],[138.9870935,35.909271],[138.987062,35.909292]]],[[[138.987125,35.909292],[138.987125,35.90925],[138.9871565,35.909271],[138.987125,35.909292]]],[[[138.987125,35.909292],[138.9870935,35.909271],[138.987125,35.90925],[138.987125,35.909292]]],[[[138.987125,35.909292],[138.987062,35.909292],[138.9870935,35.909271],[138.987125,35.909292]]],[[[138.987188,35.90925],[138.987188,35.909292],[138.9871565,35.909271],[138.987188,35.90925]]],[[[138.987188,35.90925],[138.9871565,35.909271],[138.987125,35.90925],[138.987188,35.90925]]]]},"properties":{"layer":"flood","class_code":"2","class_label":"0.5m以上3m未満","scale_code":"2","scale_label":"L2（想定最大規模）"}},{"type":"Feature","id":"fld_c7303cfb-b264-44f4-b080-796df6f4375a","geometry":{"type":"MultiPolygon","coordinates":[[[[138.987375,35.909208],[138.987375,35.90925],[138.987344,35.909229],[138.987375,35.909208]]],[[[138.987313,35.909208],[138.987344,35.909229],[138.987313,35.90925],[138.987313,35.909208]]],[[[138.987375,35.90925],[138.987313,35.90925],[138.987344,35.909229],[138.987375,35.90925]]],[[[138.987375,35.909208],[138.987344,35.909229],[138.987313,35.909208],[138.987375,35.909208]]]]},"properties":{"layer":"flood","class_code":"2","class_label":"0.5m以上3m未満","scale_code":"2","scale_label":"L2（想定最大規模）"}},{"type":"Feature","id":"fld_541c29de-fc29-4a72-be58-ad46bc57490f","geometry":{"type":"MultiPolygon","coordinates":[[[[138.980375,35.909042],[138.9803435,35.9090625],[138.980312,35.909042],[138.980375,35.909042]]],[[[138.980375,35.909042],[138.980375,35.909083],[138.9803435,35.9090625],[138.980375,35.909042]]],[[[138.980312,35.909167],[138.9803435,35.909146],[138.9803435,35.9091875],[138.980312,35.909167]]],[[[138.980312,35.909208],[138.980312,35.909167],[138.9803435,35.9091875],[138.980312,35.909208]]],[[[138.980375,35.909208],[138.980312,35.909208],[138.9803435,35.9091875],[138.980375,35.909208]]],[[[138.980375,35.909167],[138.9803435,35.9091875],[138.9803435,35.909146],[138.980375,35.909167]]],[[[138.980375,35.909167],[138.980375,35.909208],[138.9803435,35.9091875],[138.980375,35.909167]]],[[[138.980312,35.909125],[138.9803435,35.909104],[138.9803435,35.909146],[138.980312,35.909125]]],[[[138.980312,35.909125],[138.9803435,35.909146],[138.980312,35.909167],[138.980312,35.909125]]],[[[138.980375,35.909125],[138.9803435,35.909146],[138.9803435,35.909104],[138.980375,35.909125]]],[[[138.980375,35.909125],[138.980375,35.909167],[138.9803435,35.909146],[138.980375,35.909125]]],[[[138.980312,35.909083],[138.9803435,35.9090625],[138.9803435,35.909104],[138.980312,35.909083]]],[[[138.980312,35.909083],[138.9803435,35.909104],[138.980312,35.909125],[138.980312,35.909083]]],[[[138.980312,35.909042],[138.9803435,35.9090625],[138.980312,35.909083],[138.980312,35.909042]]],[[[138.980375,35.909083],[138.9803435,35.909104],[138.9803435,35.9090625],[138.980375,35.909083]]],[[[138.980375,35.909083],[138.980375,35.909125],[138.9803435,35.909104],[138.980375,35.909083]]]]},"properties":{"layer":"flood","class_code":"2","class_label":"0.5m以上3m未満","scale_code":"2","scale_label":"L2（想定最大規模）"}},{"type":"Feature","id":"fld_6f1e7cc0-6144-4e34-b37c-becd4449a15f","geometry":{"type":"MultiPolygon","coordinates":[[[[138.9875,35.908375],[138.9875,35.908417],[138.987469,35.908396],[138.9875,35.908375]]],[[[138.987438,35.908417],[138.987469,35.908396],[138.9875,35.908417],[138.987438,35.908417]]],[[[138.987438,35.908333],[138.9875,35.908333],[138.987469,35.908354],[138.987438,35.908333]]],[[[138.987375,35.908375],[138.987375,35.908333],[138.9874065,35.908354],[138.987375,35.908375]]],[[[138.9875,35.908375],[138.987469,35.908354],[138.9875,35.908333],[138.9875,35.908375]]],[[[138.987438,35.908375],[138.987375,35.908375],[138.9874065,35.908354],[138.987438,35.908375]]],[[[138.987438,35.908375],[138.987469,35.908396],[138.987438,35.908417],[138.987438,35.908375]]],[[[138.987438,35.908375],[138.987469,35.908354],[138.987469,35.908396],[138.987438,35.908375]]],[[[138.987438,35.908375],[138.987438,35.908333],[138.987469,35.908354],[138.987438,35.908375]]],[[[138.987438,35.908375],[138.9874065,35.908354],[138.987438,35.908333],[138.987438,35.908375]]],[[[138.9875,35.908375],[138.987469,35.908396],[138.987469,35.908354],[138.9875,35.908375]]],[[[138.987438,35.908333],[138.9874065,35.908354],[138.987375,35.908333],[138.987438,35.908333]]]]},"properties":{"layer":"flood","class_code":"2","class_label":"0.5m以上3m未満","scale_code":"2","scale_label":"L2（想定最大規模）"}},{"type":"Feature","id":"fld_fd38e64d-ee71-476c-8c82-a4cfc39a5500","geometry":{"type":"MultiPolygon","coordinates":[[[[138.982125,35.9105],[138.982125,35.910542],[138.9820935,35.910521],[138.982125,35.9105]]],[[[138.982125,35.9105],[138.9820935,35.910521],[138.982062,35.9105],[138.982125,35.9105]]],[[[138.982125,35.910542],[138.982125,35.910583],[138.9820935,35.9105625],[138.982125,35.910542]]],[[[138.982125,35.910542],[138.9820935,35.9105625],[138.9820935,35.910521],[138.982125,35.910542]]],[[[138.982062,35.910542],[138.982062,35.9105],[138.9820935,35.910521],[138.982062,35.910542]]],[[[138.982062,35.910542],[138.9820935,35.910521],[138.9820935,35.9105625],[138.982062,35.910542]]],[[[138.982062,35.910542],[138.9820935,35.9105625],[138.982062,35.910583],[138.982062,35.910542]]],[[[138.982125,35.910583],[138.982062,35.910583],[138.9820935,35.9105625],[138.982125,35.910583]]]]},"properties":{"layer":"flood","class_code":"2","class_label":"0.5m以上3m未満","scale_code":"2","scale_label":"L2（想定最大規模）"}},{"type":"Feature","id":"fld_06749943-12e5-4609-beda-8a0a0afc7e23","geometry":{"type":"MultiPolygon","coordinates":[[[[138.97875,35.910083],[138.9787185,35.9100625],[138.97875,35.910042],[138.97875,35.910083]]],[[[138.97875,35.910083],[138.978687,35.910083],[138.9787185,35.9100625],[138.97875,35.910083]]],[[[138.97875,35.910042],[138.9787185,35.9100625],[138.978687,35.910042],[138.97875,35.910042]]],[[[138.978687,35.910083],[138.978687,35.910042],[138.9787185,35.9100625],[138.978687,35.910083]]]]},"properties":{"layer":"flood","class_code":"2","class_label":"0.5m以上3m未満","scale_code":"2","scale_label":"L2（想定最大規模）"}},{"type":"Feature","id":"fld_94f00f67-a628-40b2-ba6e-0f46cfd47775","geometry":{"type":"MultiPolygon","coordinates":[[[[138.97875,35.909917],[138.97875,35.909958],[138.9787185,35.9099375],[138.97875,35.909917]]],[[[138.978687,35.91],[138.978687,35.909958],[138.9787185,35.909979],[138.978687,35.91]]],[[[138.978687,35.909958],[138.978687,35.909917],[138.9787185,35.9099375],[138.978687,35.909958]]],[[[138.978687,35.909958],[138.9787185,35.9099375],[138.9787185,35.909979],[138.978687,35.909958]]],[[[138.97875,35.909917],[138.9787185,35.9099375],[138.978687,35.909917],[138.97875,35.909917]]],[[[138.97875,35.91],[138.978687,35.91],[138.9787185,35.909979],[138.97875,35.91]]],[[[138.97875,35.909958],[138.9787185,35.909979],[138.9787185,35.9099375],[138.97875,35.909958]]],[[[138.97875,35.909958],[138.97875,35.91],[138.9787185,35.909979],[138.97875,35.909958]]]]},"properties":{"layer":"flood","class_code":"2","class_label":"0.5m以上3m未満","scale_code":"2","scale_label":"L2（想定最大規模）"}},{"type":"Feature","id":"fld_df044da8-0784-46aa-bfcf-3c7b4a61ccb4","geometry":{"type":"MultiPolygon","coordinates":[[[[138.978687,35.909875],[138.978625,35.909875],[138.978656,35.909854],[138.978687,35.909875]]],[[[138.978625,35.909875],[138.978625,35.909833],[138.978656,35.909854],[138.978625,35.909875]]],[[[138.978687,35.909833],[138.978656,35.909854],[138.978625,35.909833],[138.978687,35.909833]]],[[[138.978687,35.909833],[138.978687,35.909875],[138.978656,35.909854],[138.978687,35.909833]]]]},"properties":{"layer":"flood","class_code":"2","class_label":"0.5m以上3m未満","scale_code":"2","scale_label":"L2（想定最大規模）"}},{"type":"Feature","id":"fld_bc01efd3-b943-4017-b6c5-4b15cefd2f95","geometry":{"type":"MultiPolygon","coordinates":[[[[138.9775,35.908917],[138.977438,35.908917],[138.977469,35.908896],[138.9775,35.908917]]],[[[138.977438,35.908875],[138.9775,35.908875],[138.977469,35.908896],[138.977438,35.908875]]],[[[138.977438,35.908875],[138.977469,35.908896],[138.977438,35.908917],[138.977438,35.908875]]],[[[138.9775,35.908875],[138.9775,35.908917],[138.977469,35.908896],[138.9775,35.908875]]]]},"properties":{"layer":"flood","class_code":"2","class_label":"0.5m以上3m未満","scale_code":"2","scale_label":"L2（想定最大規模）"}},{"type":"Feature","id":"fld_1927b7f3-3387-455e-9efe-c5df3a448cb3","geometry":{"type":"MultiPolygon","coordinates":[[[[138.97925,35.908875],[138.979313,35.908875],[138.9792815,35.908896],[138.97925,35.908875]]],[[[138.97925,35.908917],[138.97925,35.908875],[138.9792815,35.908896],[138.97925,35.908917]]],[[[138.979313,35.908917],[138.9792815,35.908896],[138.979313,35.908875],[138.979313,35.908917]]],[[[138.979313,35.908917],[138.97925,35.908917],[138.9792815,35.908896],[138.979313,35.908917]]]]},"properties":{"layer":"flood","class_code":"2","class_label":"0.5m以上3m未満","scale_code":"2","scale_label":"L2（想定最大規模）"}},{"type":"Feature","id":"fld_67ac93dd-a8af-4bb2-b5b0-54f0c5c06415","geometry":{"type":"MultiPolygon","coordinates":[[[[138.980063,35.908833],[138.980094,35.9088125],[138.980125,35.908833],[138.980063,35.908833]]],[[[138.980125,35.908792],[138.980125,35.908833],[138.980094,35.9088125],[138.980125,35.908792]]],[[[138.980125,35.908792],[138.980094,35.9088125],[138.980063,35.908792],[138.980125,35.908792]]],[[[138.980063,35.908833],[138.980063,35.908792],[138.980094,35.9088125],[138.980063,35.908833]]]]},"properties":{"layer":"flood","class_code":"2","class_label":"0.5m以上3m未満","scale_code":"2","scale_label":"L2（想定最大規模）"}},{"type":"Feature","id":"fld_55252ed7-0f42-46e8-ab24-27fff8faa7d2","geometry":{"type":"MultiPolygon","coordinates":[[[[138.980125,35.908833],[138.980156,35.908854],[138.980125,35.908875],[138.980125,35.908833]]],[[[138.980125,35.908875],[138.980156,35.908854],[138.980187,35.908875],[138.980125,35.908875]]],[[[138.980187,35.908833],[138.980187,35.908875],[138.980156,35.908854],[138.980187,35.908833]]],[[[138.980125,35.908833],[138.980187,35.908833],[138.980156,35.908854],[138.980125,35.908833]]]]},"properties":{"layer":"flood","class_code":"2","class_label":"0.5m以上3m未満","scale_code":"2","scale_label":"L2（想定最大規模）"}},{"type":"Feature","id":"fld_4e3d5b46-9252-4d8e-a428-292c89f9adac","geometry":{"type":"MultiPolygon","coordinates":[[[[138.979563,35.908875],[138.9795315,35.908854],[138.979563,35.908833],[138.979563,35.908875]]],[[[138.979375,35.908875],[138.979375,35.908833],[138.9794065,35.908854],[138.979375,35.908875]]],[[[138.979438,35.908833],[138.9794065,35.908854],[138.979375,35.908833],[138.979438,35.908833]]],[[[138.979438,35.908875],[138.979438,35.908833],[138.979469,35.908854],[138.979438,35.908875]]],[[[138.979438,35.908875],[138.9794065,35.908854],[138.979438,35.908833],[138.979438,35.908875]]],[[[138.979438,35.908875],[138.979375,35.908875],[138.9794065,35.908854],[138.979438,35.908875]]],[[[138.9795,35.908833],[138.979469,35.908854],[138.979438,35.908833],[138.9795,35.908833]]],[[[138.9795,35.908875],[138.9795,35.908833],[138.9795315,35.908854],[138.9795,35.908875]]],[[[138.9795,35.908875],[138.979469,35.908854],[138.9795,35.908833],[138.9795,35.908875]]],[[[138.9795,35.908875],[138.979438,35.908875],[138.979469,35.908854],[138.9795,35.908875]]],[[[138.979563,35.908833],[138.9795315,35.908854],[138.9795,35.908833],[138.979563,35.908833]]],[[[138.979563,35.908875],[138.9795,35.908875],[138.9795315,35.908854],[138.979563,35.908875]]]]},"properties":{"layer":"flood","class_code":"2","class_label":"0.5m以上3m未満","scale_code":"2","scale_label":"L2（想定最大規模）"}},{"type":"Feature","id":"fld_0e3e6f44-8bf5-4b43-8f3a-59e48eed5993","geometry":{"type":"MultiPolygon","coordinates":[[[[138.98025,35.908917],[138.98025,35.908875],[138.980281,35.908896],[138.98025,35.908917]]],[[[138.980312,35.908917],[138.980281,35.908896],[138.980312,35.908875],[138.980312,35.908917]]],[[[138.980312,35.908917],[138.98025,35.908917],[138.980281,35.908896],[138.980312,35.908917]]],[[[138.980312,35.908875],[138.980281,35.908896],[138.98025,35.908875],[138.980312,35.908875]]]]},"properties":{"layer":"flood","class_code":"2","class_label":"0.5m以上3m未満","scale_code":"2","scale_label":"L2（想定最大規模）"}},{"type":"Feature","id":"fld_64ef8991-57f2-4d9b-867f-6ee22d40c713","geometry":{"type":"MultiPolygon","coordinates":[[[[138.9751565,35.9156875],[138.9751565,35.915646],[138.975188,35.915667],[138.9751565,35.9156875]]],[[[138.975125,35.915625],[138.975188,35.915625],[138.9751565,35.915646],[138.975125,35.915625]]],[[[138.975125,35.915625],[138.9751565,35.915646],[138.975125,35.915667],[138.975125,35.915625]]],[[[138.975125,35.915708],[138.975125,35.915667],[138.9751565,35.9156875],[138.975125,35.915708]]],[[[138.975125,35.915708],[138.9751565,35.9156875],[138.975188,35.915708],[138.975125,35.915708]]],[[[138.9751565,35.915646],[138.975188,35.915625],[138.975188,35.915667],[138.9751565,35.915646]]],[[[138.9751565,35.9156875],[138.975125,35.915667],[138.9751565,35.915646],[138.9751565,35.9156875]]],[[[138.9751565,35.9156875],[138.975188,35.915667],[138.975188,35.915708],[138.9751565,35.9156875]]]]},"properties":{"layer":"flood","class_code":"2","class_label":"0.5m以上3m未満","scale_code":"2","scale_label":"L2（想定最大規模）"}},{"type":"Feature","id":"fld_e6fb878f-cc90-45f1-9929-0d541bb028e3","geometry":{"type":"MultiPolygon","coordinates":[[[[138.981688,35.909583],[138.981688,35.909625],[138.9816565,35.909604],[138.981688,35.909583]]],[[[138.981625,35.909583],[138.9816565,35.909604],[138.981625,35.909625],[138.981625,35.909583]]],[[[138.981625,35.909583],[138.981688,35.909583],[138.9816565,35.909604],[138.981625,35.909583]]],[[[138.981688,35.909625],[138.981625,35.909625],[138.9816565,35.909604],[138.981688,35.909625]]]]},"properties":{"layer":"flood","class_code":"2","class_label":"0.5m以上3m未満","scale_code":"2","scale_label":"L2（想定最大規模）"}},{"type":"Feature","id":"fld_e33459d9-8b59-461d-9069-fd464dcf8401","geometry":{"type":"MultiPolygon","coordinates":[[[[138.975188,35.915208],[138.975188,35.915167],[138.975219,35.9151875],[138.975188,35.915208]]],[[[138.975188,35.915167],[138.97525,35.915167],[138.975219,35.9151875],[138.975188,35.915167]]],[[[138.97525,35.91525],[138.975219,35.915229],[138.97525,35.915208],[138.97525,35.91525]]],[[[138.97525,35.915167],[138.97525,35.915208],[138.975219,35.9151875],[138.97525,35.915167]]],[[[138.97525,35.915208],[138.975219,35.915229],[138.975219,35.9151875],[138.97525,35.915208]]],[[[138.975188,35.91525],[138.975219,35.915229],[138.97525,35.91525],[138.975188,35.91525]]],[[[138.975188,35.915208],[138.975219,35.9151875],[138.975219,35.915229],[138.975188,35.915208]]],[[[138.975188,35.915208],[138.975219,35.915229],[138.975188,35.91525],[138.975188,35.915208]]]]},"properties":{"layer":"flood","class_code":"2","class_label":"0.5m以上3m未満","scale_code":"2","scale_label":"L2（想定最大規模）"}},{"type":"Feature","id":"fld_6d8f96c2-fa12-4587-bc86-3fdeb87d1035","geometry":{"type":"MultiPolygon","coordinates":[[[[138.975312,35.914625],[138.975281,35.914646],[138.975281,35.914604],[138.975312,35.914625]]],[[[138.97525,35.914625],[138.975281,35.914646],[138.97525,35.914667],[138.97525,35.914625]]],[[[138.97525,35.914625],[138.975281,35.914604],[138.975281,35.914646],[138.97525,35.914625]]],[[[138.975312,35.914667],[138.975312,35.914708],[138.975281,35.9146875],[138.975312,35.914667]]],[[[138.975312,35.914667],[138.975281,35.9146875],[138.975281,35.914646],[138.975312,35.914667]]],[[[138.97525,35.914667],[138.975281,35.9146875],[138.97525,35.914708],[138.97525,35.914667]]],[[[138.97525,35.914667],[138.975281,35.914646],[138.975281,35.9146875],[138.97525,35.914667]]],[[[138.975312,35.914708],[138.975312,35.91475],[138.975281,35.914729],[138.975312,35.914708]]],[[[138.975312,35.914708],[138.975281,35.914729],[138.975281,35.9146875],[138.975312,35.914708]]],[[[138.97525,35.914708],[138.975281,35.914729],[138.97525,35.91475],[138.97525,35.914708]]],[[[138.97525,35.914708],[138.975281,35.9146875],[138.975281,35.914729],[138.97525,35.914708]]],[[[138.975312,35.91475],[138.975312,35.914792],[138.975281,35.914771],[138.975312,35.91475]]],[[[138.975312,35.91475],[138.975281,35.914771],[138.975281,35.914729],[138.975312,35.91475]]],[[[138.97525,35.91475],[138.975281,35.914771],[138.97525,35.914792],[138.97525,35.91475]]],[[[138.975312,35.914792],[138.975312,35.914833],[138.975281,35.9148125],[138.975312,35.914792]]],[[[138.975312,35.914792],[138.975281,35.9148125],[138.975281,35.914771],[138.975312,35.914792]]],[[[138.97525,35.914792],[138.975281,35.9148125],[138.97525,35.914833],[138.97525,35.914792]]],[[[138.97525,35.914792],[138.975281,35.914771],[138.975281,35.9148125],[138.97525,35.914792]]],[[[138.975312,35.914833],[138.975312,35.914875],[138.975281,35.914854],[138.975312,35.914833]]],[[[138.975312,35.914833],[138.975281,35.914854],[138.975281,35.9148125],[138.975312,35.914833]]],[[[138.97525,35.914833],[138.975281,35.914854],[138.97525,35.914875],[138.97525,35.914833]]],[[[138.97525,35.914833],[138.975281,35.9148125],[138.975281,35.914854],[138.97525,35.914833]]],[[[138.975312,35.914875],[138.975312,35.914917],[138.975281,35.914896],[138.975312,35.914875]]],[[[138.975312,35.914875],[138.975281,35.914896],[138.975281,35.914854],[138.975312,35.914875]]],[[[138.97525,35.914875],[138.975281,35.914896],[138.97525,35.914917],[138.97525,35.914875]]],[[[138.97525,35.914875],[138.975281,35.914854],[138.975281,35.914896],[138.97525,35.914875]]],[[[138.97525,35.914958],[138.975188,35.914958],[138.975219,35.9149375],[138.97525,35.914958]]],[[[138.97525,35.914958],[138.975281,35.914979],[138.97525,35.915],[138.97525,35.914958]]],[[[138.975312,35.914958],[138.975281,35.914979],[138.975281,35.9149375],[138.975312,35.914958]]],[[[138.975312,35.914958],[138.975312,35.915],[138.975281,35.914979],[138.975312,35.914958]]],[[[138.975312,35.914625],[138.975312,35.914667],[138.975281,35.914646],[138.975312,35.914625]]],[[[138.975312,35.914917],[138.975281,35.9149375],[138.975281,35.914896],[138.975312,35.914917]]],[[[138.97525,35.914917],[138.975281,35.9149375],[138.97525,35.914958],[138.97525,35.914917]]],[[[138.97525,35.914917],[138.97525,35.914958],[138.975219,35.9149375],[138.97525,35.914917]]],[[[138.97525,35.914917],[138.975281,35.914896],[138.975281,35.9149375],[138.97525,35.914917]]],[[[138.97525,35.914917],[138.975219,35.9149375],[138.975188,35.914917],[138.97525,35.914917]]],[[[138.97525,35.914583],[138.975281,35.914604],[138.97525,35.914625],[138.97525,35.914583]]],[[[138.975312,35.914917],[138.975312,35.914958],[138.975281,35.9149375],[138.975312,35.914917]]],[[[138.975312,35.914542],[138.975312,35.914583],[138.975281,35.9145625],[138.975312,35.914542]]],[[[138.97525,35.914583],[138.975281,35.9145625],[138.975281,35.914604],[138.97525,35.914583]]],[[[138.975312,35.9145],[138.975312,35.914542],[138.975281,35.914521],[138.975312,35.9145]]],[[[138.975312,35.914583],[138.975281,35.914604],[138.975281,35.9145625],[138.975312,35.914583]]],[[[138.975312,35.914583],[138.975312,35.914625],[138.975281,35.914604],[138.975312,35.914583]]],[[[138.97525,35.914542],[138.975281,35.914521],[138.975281,35.9145625],[138.97525,35.914542]]],[[[138.97525,35.914542],[138.975281,35.9145625],[138.97525,35.914583],[138.97525,35.914542]]],[[[138.97525,35.9145],[138.975281,35.914521],[138.97525,35.914542],[138.97525,35.9145]]],[[[138.975312,35.914542],[138.975281,35.9145625],[138.975281,35.914521],[138.975312,35.914542]]],[[[138.975312,35.9145],[138.975281,35.914521],[138.97525,35.9145],[138.975312,35.9145]]],[[[138.97525,35.91475],[138.975281,35.914729],[138.975281,35.914771],[138.97525,35.91475]]],[[[138.975312,35.915],[138.97525,35.915],[138.975281,35.914979],[138.975312,35.915]]],[[[138.975188,35.914958],[138.975188,35.914917],[138.975219,35.9149375],[138.975188,35.914958]]],[[[138.97525,35.914958],[138.975281,35.9149375],[138.975281,35.914979],[138.97525,35.914958]]]]},"properties":{"layer":"flood","class_code":"2","class_label":"0.5m以上3m未満","scale_code":"2","scale_label":"L2（想定最大規模）"}},{"type":"Feature","id":"fld_b1e5296d-c95a-4a2b-9981-e5d5674f80df","geometry":{"type":"MultiPolygon","coordinates":[[[[138.97525,35.91425],[138.97525,35.914292],[138.975219,35.914271],[138.97525,35.91425]]],[[[138.97525,35.914292],[138.975219,35.9143125],[138.975219,35.914271],[138.97525,35.914292]]],[[[138.975188,35.91425],[138.975219,35.914271],[138.975188,35.914292],[138.975188,35.91425]]],[[[138.975188,35.91425],[138.97525,35.91425],[138.975219,35.914271],[138.975188,35.91425]]],[[[138.97525,35.914333],[138.975219,35.9143125],[138.97525,35.914292],[138.97525,35.914333]]],[[[138.975188,35.914292],[138.975219,35.914271],[138.975219,35.9143125],[138.975188,35.914292]]],[[[138.975312,35.914333],[138.975312,35.914375],[138.975281,35.914354],[138.975312,35.914333]]],[[[138.975188,35.914333],[138.975219,35.914354],[138.975188,35.914375],[138.975188,35.914333]]],[[[138.975188,35.914333],[138.975219,35.9143125],[138.975219,35.914354],[138.975188,35.914333]]],[[[138.975312,35.914375],[138.97525,35.914375],[138.975281,35.914354],[138.975312,35.914375]]],[[[138.975188,35.914375],[138.975219,35.914354],[138.97525,35.914375],[138.975188,35.914375]]],[[[138.97525,35.914333],[138.97525,35.914375],[138.975219,35.914354],[138.97525,35.914333]]],[[[138.97525,35.914333],[138.975281,35.914354],[138.97525,35.914375],[138.97525,35.914333]]],[[[138.975188,35.914292],[138.975219,35.9143125],[138.975188,35.914333],[138.975188,35.914292]]],[[[138.97525,35.914333],[138.975312,35.914333],[138.975281,35.914354],[138.97525,35.914333]]],[[[138.97525,35.914333],[138.975219,35.914354],[138.975219,35.9143125],[138.97525,35.914333]]]]},"properties":{"layer":"flood","class_code":"2","class_label":"0.5m以上3m未満","scale_code":"2","scale_label":"L2（想定最大規模）"}},{"type":"Feature","id":"fld_712bcce1-92e2-4585-81c4-fc3f03fe0443","geometry":{"type":"MultiPolygon","coordinates":[[[[138.97525,35.91425],[138.97525,35.914208],[138.975281,35.914229],[138.97525,35.91425]]],[[[138.97525,35.91425],[138.975281,35.914229],[138.975312,35.91425],[138.97525,35.91425]]],[[[138.975281,35.9141875],[138.97525,35.914208],[138.97525,35.914167],[138.975281,35.9141875]]],[[[138.975281,35.914229],[138.975312,35.914208],[138.975312,35.91425],[138.975281,35.914229]]],[[[138.975281,35.9141875],[138.975281,35.914229],[138.97525,35.914208],[138.975281,35.9141875]]],[[[138.975281,35.9141875],[138.975312,35.914208],[138.975281,35.914229],[138.975281,35.9141875]]],[[[138.975281,35.9141875],[138.975312,35.914167],[138.975312,35.914208],[138.975281,35.9141875]]],[[[138.975281,35.9141875],[138.97525,35.914167],[138.975312,35.914167],[138.975281,35.9141875]]]]},"properties":{"layer":"flood","class_code":"2","class_label":"0.5m以上3m未満","scale_code":"2","scale_label":"L2（想定最大規模）"}},{"type":"Feature","id":"fld_b41a6024-d25d-4dfb-8695-5e83fb32c6db","geometry":{"type":"MultiPolygon","coordinates":[[[[138.9754065,35.914104],[138.975375,35.914125],[138.975375,35.914083],[138.9754065,35.914104]]],[[[138.9754065,35.914104],[138.975438,35.914125],[138.975375,35.914125],[138.9754065,35.914104]]],[[[138.9754065,35.914104],[138.975375,35.914083],[138.975438,35.914083],[138.9754065,35.914104]]],[[[138.9754065,35.914104],[138.975438,35.914083],[138.975438,35.914125],[138.9754065,35.914104]]]]},"properties":{"layer":"flood","class_code":"2","class_label":"0.5m以上3m未満","scale_code":"2","scale_label":"L2（想定最大規模）"}},{"type":"Feature","id":"fld_9bd2b0ec-7af4-481d-ab17-640ff0c98019","geometry":{"type":"MultiPolygon","coordinates":[[[[138.975469,35.914021],[138.9755,35.914],[138.9755,35.914042],[138.975469,35.914021]]],[[[138.975469,35.914021],[138.9755,35.914042],[138.975438,35.914042],[138.975469,35.914021]]],[[[138.975469,35.914021],[138.975438,35.914042],[138.975438,35.914],[138.975469,35.914021]]],[[[138.975469,35.914021],[138.975438,35.914],[138.9755,35.914],[138.975469,35.914021]]]]},"properties":{"layer":"flood","class_code":"2","class_label":"0.5m以上3m未満","scale_code":"2","scale_label":"L2（想定最大規模）"}},{"type":"Feature","id":"fld_941bda64-38c4-4c4e-8597-79bdec2acc10","geometry":{"type":"MultiPolygon","coordinates":[[[[138.975625,35.913875],[138.975594,35.913896],[138.975563,35.913875],[138.975625,35.913875]]],[[[138.97575,35.913875],[138.9757185,35.913896],[138.975687,35.913875],[138.97575,35.913875]]],[[[138.97575,35.913875],[138.97575,35.913917],[138.9757185,35.913896],[138.97575,35.913875]]],[[[138.97575,35.913917],[138.975687,35.913917],[138.9757185,35.913896],[138.97575,35.913917]]],[[[138.975687,35.913917],[138.975656,35.9139375],[138.975656,35.913896],[138.975687,35.913917]]],[[[138.975687,35.913917],[138.975687,35.913875],[138.9757185,35.913896],[138.975687,35.913917]]],[[[138.975687,35.913917],[138.975687,35.913958],[138.975656,35.9139375],[138.975687,35.913917]]],[[[138.975687,35.913917],[138.975656,35.913896],[138.975687,35.913875],[138.975687,35.913917]]],[[[138.9755315,35.9139375],[138.975563,35.913958],[138.9755,35.913958],[138.9755315,35.9139375]]],[[[138.9755315,35.9139375],[138.9755,35.913958],[138.9755,35.913917],[138.9755315,35.9139375]]],[[[138.975656,35.913896],[138.975594,35.9139375],[138.975594,35.913896],[138.975656,35.913896]]],[[[138.975656,35.913896],[138.975656,35.9139375],[138.975594,35.9139375],[138.975656,35.913896]]],[[[138.975625,35.913958],[138.975594,35.9139375],[138.975656,35.9139375],[138.975625,35.913958]]],[[[138.975687,35.913875],[138.975656,35.913896],[138.975625,35.913875],[138.975687,35.913875]]],[[[138.975563,35.913917],[138.975594,35.913896],[138.975594,35.9139375],[138.975563,35.913917]]],[[[138.975625,35.913875],[138.975656,35.913896],[138.975594,35.913896],[138.975625,35.913875]]],[[[138.975563,35.913875],[138.975594,35.913896],[138.975563,35.913917],[138.975563,35.913875]]],[[[138.975563,35.913917],[138.9755315,35.9139375],[138.9755,35.913917],[138.975563,35.913917]]],[[[138.975687,35.913958],[138.975625,35.913958],[138.975656,35.9139375],[138.975687,35.913958]]],[[[138.975625,35.913958],[138.975563,35.913958],[138.975594,35.9139375],[138.975625,35.913958]]],[[[138.975563,35.913917],[138.975594,35.9139375],[138.975563,35.913958],[138.975563,35.913917]]],[[[138.975563,35.913917],[138.975563,35.913958],[138.9755315,35.9139375],[138.975563,35.913917]]]]},"properties":{"layer":"flood","class_code":"2","class_label":"0.5m以上3m未満","scale_code":"2","scale_label":"L2（想定最大規模）"}},{"type":"Feature","id":"fld_7213b363-65d6-4588-9f5d-3a6bbae0dc5c","geometry":{"type":"MultiPolygon","coordinates":[[[[138.976188,35.913792],[138.976188,35.91375],[138.976219,35.913771],[138.976188,35.913792]]],[[[138.97625,35.91375],[138.976219,35.913771],[138.976188,35.91375],[138.97625,35.91375]]],[[[138.97625,35.913792],[138.976219,35.913771],[138.97625,35.91375],[138.97625,35.913792]]],[[[138.97625,35.913792],[138.976188,35.913792],[138.976219,35.913771],[138.97625,35.913792]]]]},"properties":{"layer":"flood","class_code":"2","class_label":"0.5m以上3m未満","scale_code":"2","scale_label":"L2（想定最大規模）"}},{"type":"Feature","id":"fld_30c16627-fd8f-4a3e-99e0-47de8cdf0934","geometry":{"type":"MultiPolygon","coordinates":[[[[138.976188,35.913542],[138.976188,35.9135],[138.976219,35.913521],[138.976188,35.913542]]],[[[138.97625,35.913542],[138.976188,35.913542],[138.976219,35.913521],[138.97625,35.913542]]],[[[138.97625,35.9135],[138.97625,35.913542],[138.976219,35.913521],[138.97625,35.9135]]],[[[138.97625,35.9135],[138.976219,35.913521],[138.976188,35.9135],[138.97625,35.9135]]],[[[138.97625,35.9135],[138.9762815,35.913521],[138.97625,35.913542],[138.97625,35.9135]]],[[[138.976313,35.913458],[138.976313,35.9135],[138.9762815,35.913479],[138.976313,35.913458]]],[[[138.976313,35.913458],[138.9762815,35.913479],[138.97625,35.913458],[138.976313,35.913458]]],[[[138.976313,35.9135],[138.976313,35.913542],[138.9762815,35.913521],[138.976313,35.9135]]],[[[138.976313,35.9135],[138.9762815,35.913521],[138.9762815,35.913479],[138.976313,35.9135]]],[[[138.97625,35.913458],[138.9762815,35.913479],[138.97625,35.9135],[138.97625,35.913458]]],[[[138.97625,35.9135],[138.9762815,35.913479],[138.9762815,35.913521],[138.97625,35.9135]]],[[[138.976313,35.913542],[138.97625,35.913542],[138.9762815,35.913521],[138.976313,35.913542]]]]},"properties":{"layer":"flood","class_code":"2","class_label":"0.5m以上3m未満","scale_code":"2","scale_label":"L2（想定最大規模）"}},{"type":"Feature","id":"fld_a7acde48-ac2b-49dc-a336-ddf4f0961505","geometry":{"type":"MultiPolygon","coordinates":[[[[138.976375,35.913417],[138.976344,35.9134375],[138.976313,35.913417],[138.976375,35.913417]]],[[[138.976375,35.913417],[138.976375,35.913458],[138.976344,35.9134375],[138.976375,35.913417]]],[[[138.976375,35.913458],[138.976313,35.913458],[138.976344,35.9134375],[138.976375,35.913458]]],[[[138.976313,35.913417],[138.976344,35.9134375],[138.976313,35.913458],[138.976313,35.913417]]]]},"properties":{"layer":"flood","class_code":"2","class_label":"0.5m以上3m未満","scale_code":"2","scale_label":"L2（想定最大規模）"}},{"type":"Feature","id":"fld_86ac6fea-8cd3-4cee-a05d-ff846a1031fe","geometry":{"type":"MultiPolygon","coordinates":[[[[138.977,35.912917],[138.977,35.912875],[138.9770315,35.912896],[138.977,35.912917]]],[[[138.977,35.912875],[138.977063,35.912875],[138.9770315,35.912896],[138.977,35.912875]]],[[[138.977063,35.912917],[138.9770315,35.912896],[138.977063,35.912875],[138.977063,35.912917]]],[[[138.977125,35.912917],[138.977094,35.912896],[138.977125,35.912875],[138.977125,35.912917]]],[[[138.977125,35.912875],[138.977094,35.912896],[138.977063,35.912875],[138.977125,35.912875]]],[[[138.977063,35.912917],[138.977,35.912917],[138.9770315,35.912896],[138.977063,35.912917]]],[[[138.977063,35.912917],[138.977063,35.912875],[138.977094,35.912896],[138.977063,35.912917]]],[[[138.977125,35.912917],[138.977063,35.912917],[138.977094,35.912896],[138.977125,35.912917]]]]},"properties":{"layer":"flood","class_code":"2","class_label":"0.5m以上3m未満","scale_code":"2","scale_label":"L2（想定最大規模）"}},{"type":"Feature","id":"fld_599bdadd-1276-4ed1-8fd6-96794ae159df","geometry":{"type":"MultiPolygon","coordinates":[[[[138.97725,35.912833],[138.97725,35.912875],[138.977219,35.912854],[138.97725,35.912833]]],[[[138.97725,35.912833],[138.977219,35.912854],[138.977188,35.912833],[138.97725,35.912833]]],[[[138.97725,35.912875],[138.977188,35.912875],[138.977219,35.912854],[138.97725,35.912875]]],[[[138.977188,35.912875],[138.977125,35.912875],[138.9771565,35.912854],[138.977188,35.912875]]],[[[138.977188,35.912875],[138.9771565,35.912854],[138.977188,35.912833],[138.977188,35.912875]]],[[[138.977188,35.912875],[138.977188,35.912833],[138.977219,35.912854],[138.977188,35.912875]]],[[[138.977188,35.912833],[138.9771565,35.912854],[138.977125,35.912833],[138.977188,35.912833]]],[[[138.977125,35.912833],[138.9771565,35.912854],[138.977125,35.912875],[138.977125,35.912833]]]]},"properties":{"layer":"flood","class_code":"2","class_label":"0.5m以上3m未満","scale_code":"2","scale_label":"L2（想定最大規模）"}},{"type":"Feature","id":"fld_93bad2a4-aa91-4d18-a827-113e41b6a6ca","geometry":{"type":"MultiPolygon","coordinates":[[[[138.977375,35.912792],[138.977344,35.9128125],[138.977313,35.912792],[138.977375,35.912792]]],[[[138.977375,35.912792],[138.977375,35.912833],[138.977344,35.9128125],[138.977375,35.912792]]],[[[138.977313,35.912833],[138.977313,35.912792],[138.977344,35.9128125],[138.977313,35.912833]]],[[[138.977375,35.912833],[138.977313,35.912833],[138.977344,35.9128125],[138.977375,35.912833]]]]},"properties":{"layer":"flood","class_code":"2","class_label":"0.5m以上3m未満","scale_code":"2","scale_label":"L2（想定最大規模）"}},{"type":"Feature","id":"fld_554d3e67-6baf-43a3-91cf-2d5a48eecaa3","geometry":{"type":"MultiPolygon","coordinates":[[[[138.978938,35.91125],[138.978875,35.91125],[138.9789065,35.911229],[138.978938,35.91125]]],[[[138.978938,35.911208],[138.978938,35.91125],[138.9789065,35.911229],[138.978938,35.911208]]],[[[138.978938,35.911208],[138.9789065,35.911229],[138.978875,35.911208],[138.978938,35.911208]]],[[[138.978875,35.911208],[138.9789065,35.911229],[138.978875,35.91125],[138.978875,35.911208]]]]},"properties":{"layer":"flood","class_code":"2","class_label":"0.5m以上3m未満","scale_code":"2","scale_label":"L2（想定最大規模）"}},{"type":"Feature","id":"fld_bedd0c18-6aed-4ec7-8a81-4776e919bb49","geometry":{"type":"MultiPolygon","coordinates":[[[[138.9795,35.91125],[138.9795,35.911208],[138.9795315,35.911229],[138.9795,35.91125]]],[[[138.979563,35.911208],[138.9795315,35.911229],[138.9795,35.911208],[138.979563,35.911208]]],[[[138.979688,35.911208],[138.9796565,35.911229],[138.979625,35.911208],[138.979688,35.911208]]],[[[138.979625,35.91125],[138.979594,35.911229],[138.979625,35.911208],[138.979625,35.91125]]],[[[138.979625,35.91125],[138.979625,35.911208],[138.9796565,35.911229],[138.979625,35.91125]]],[[[138.979625,35.911208],[138.979594,35.911229],[138.979563,35.911208],[138.979625,35.911208]]],[[[138.979563,35.91125],[138.9795,35.91125],[138.9795315,35.911229],[138.979563,35.91125]]],[[[138.979563,35.91125],[138.9795315,35.911229],[138.979563,35.911208],[138.979563,35.91125]]],[[[138.979563,35.91125],[138.979563,35.911208],[138.979594,35.911229],[138.979563,35.91125]]],[[[138.979625,35.91125],[138.979563,35.91125],[138.979594,35.911229],[138.979625,35.91125]]],[[[138.979688,35.91125],[138.979625,35.91125],[138.9796565,35.911229],[138.979688,35.91125]]],[[[138.979688,35.91125],[138.9796565,35.911229],[138.979688,35.911208],[138.979688,35.91125]]]]},"properties":{"layer":"flood","class_code":"2","class_label":"0.5m以上3m未満","scale_code":"2","scale_label":"L2（想定最大規模）"}},{"type":"Feature","id":"fld_fdff7e28-f404-4a5a-9ebb-ddef39f2a998","geometry":{"type":"MultiPolygon","coordinates":[[[[138.979,35.911208],[138.979,35.911167],[138.979031,35.9111875],[138.979,35.911208]]],[[[138.979,35.911167],[138.979062,35.911167],[138.979031,35.9111875],[138.979,35.911167]]],[[[138.979062,35.911208],[138.979031,35.9111875],[138.979062,35.911167],[138.979062,35.911208]]],[[[138.979125,35.911167],[138.9790935,35.9111875],[138.979062,35.911167],[138.979125,35.911167]]],[[[138.979125,35.911167],[138.979125,35.911208],[138.9790935,35.9111875],[138.979125,35.911167]]],[[[138.979125,35.911208],[138.979062,35.911208],[138.9790935,35.9111875],[138.979125,35.911208]]],[[[138.979062,35.911208],[138.979062,35.911167],[138.9790935,35.9111875],[138.979062,35.911208]]],[[[138.979062,35.911208],[138.979,35.911208],[138.979031,35.9111875],[138.979062,35.911208]]]]},"properties":{"layer":"flood","class_code":"2","class_label":"0.5m以上3m未満","scale_code":"2","scale_label":"L2（想定最大規模）"}},{"type":"Feature","id":"fld_4398eaa4-2237-4979-8a56-205c0b233edc","geometry":{"type":"MultiPolygon","coordinates":[[[[138.979812,35.911083],[138.979812,35.911042],[138.9798435,35.9110625],[138.979812,35.911083]]],[[[138.979875,35.911083],[138.9798435,35.911104],[138.9798435,35.9110625],[138.979875,35.911083]]],[[[138.979812,35.911083],[138.9798435,35.911104],[138.979812,35.911125],[138.979812,35.911083]]],[[[138.979875,35.911083],[138.979875,35.911125],[138.9798435,35.911104],[138.979875,35.911083]]],[[[138.979875,35.911042],[138.979875,35.911083],[138.9798435,35.9110625],[138.979875,35.911042]]],[[[138.979875,35.911042],[138.9798435,35.9110625],[138.979812,35.911042],[138.979875,35.911042]]],[[[138.979812,35.911083],[138.9798435,35.9110625],[138.9798435,35.911104],[138.979812,35.911083]]],[[[138.979875,35.911125],[138.979812,35.911125],[138.9798435,35.911104],[138.979875,35.911125]]]]},"properties":{"layer":"flood","class_code":"2","class_label":"0.5m以上3m未満","scale_code":"2","scale_label":"L2（想定最大規模）"}},{"type":"Feature","id":"fld_dc64fcda-705d-45d8-9d64-2cb9bba658be","geometry":{"type":"MultiPolygon","coordinates":[[[[138.97975,35.910875],[138.979812,35.910875],[138.979781,35.910896],[138.97975,35.910875]]],[[[138.979812,35.910917],[138.979812,35.910958],[138.979781,35.9109375],[138.979812,35.910917]]],[[[138.97975,35.910958],[138.979781,35.9109375],[138.979781,35.910979],[138.97975,35.910958]]],[[[138.979812,35.910917],[138.979781,35.9109375],[138.979781,35.910896],[138.979812,35.910917]]],[[[138.97975,35.910917],[138.979781,35.910896],[138.979781,35.9109375],[138.97975,35.910917]]],[[[138.97975,35.910917],[138.979781,35.9109375],[138.97975,35.910958],[138.97975,35.910917]]],[[[138.979812,35.911],[138.97975,35.911],[138.979781,35.910979],[138.979812,35.911]]],[[[138.979812,35.910958],[138.979781,35.910979],[138.979781,35.9109375],[138.979812,35.910958]]],[[[138.979812,35.910958],[138.979812,35.911],[138.979781,35.910979],[138.979812,35.910958]]],[[[138.97975,35.910958],[138.979781,35.910979],[138.97975,35.911],[138.97975,35.910958]]],[[[138.97975,35.910875],[138.979781,35.910896],[138.97975,35.910917],[138.97975,35.910875]]],[[[138.979812,35.910875],[138.979812,35.910917],[138.979781,35.910896],[138.979812,35.910875]]]]},"properties":{"layer":"flood","class_code":"2","class_label":"0.5m以上3m未満","scale_code":"2","scale_label":"L2（想定最大規模）"}},{"type":"Feature","id":"fld_91ce445b-d1f8-441e-a856-f22f5c5b2208","geometry":{"type":"MultiPolygon","coordinates":[[[[138.979688,35.910833],[138.97975,35.910833],[138.979719,35.910854],[138.979688,35.910833]]],[[[138.979688,35.910833],[138.979719,35.910854],[138.979688,35.910875],[138.979688,35.910833]]],[[[138.97975,35.910833],[138.97975,35.910875],[138.979719,35.910854],[138.97975,35.910833]]],[[[138.97975,35.910875],[138.979688,35.910875],[138.979719,35.910854],[138.97975,35.910875]]]]},"properties":{"layer":"flood","class_code":"2","class_label":"0.5m以上3m未満","scale_code":"2","scale_label":"L2（想定最大規模）"}},{"type":"Feature","id":"fld_e2668255-fc37-4697-bba5-78ecaf110cd5","geometry":{"type":"MultiPolygon","coordinates":[[[[138.979625,35.910708],[138.979625,35.91075],[138.979594,35.910729],[138.979625,35.910708]]],[[[138.979563,35.910708],[138.979625,35.910708],[138.979594,35.910729],[138.979563,35.910708]]],[[[138.979563,35.91075],[138.979594,35.910729],[138.979594,35.910771],[138.979563,35.91075]]],[[[138.979625,35.910792],[138.9796565,35.9108125],[138.979625,35.910833],[138.979625,35.910792]]],[[[138.979563,35.910708],[138.979594,35.910729],[138.979563,35.91075],[138.979563,35.910708]]],[[[138.979625,35.910792],[138.979563,35.910792],[138.979594,35.910771],[138.979625,35.910792]]],[[[138.979625,35.910792],[138.9796565,35.910771],[138.9796565,35.9108125],[138.979625,35.910792]]],[[[138.979625,35.91075],[138.979594,35.910771],[138.979594,35.910729],[138.979625,35.91075]]],[[[138.979688,35.91075],[138.979688,35.910792],[138.9796565,35.910771],[138.979688,35.91075]]],[[[138.979563,35.91075],[138.979594,35.910771],[138.979563,35.910792],[138.979563,35.91075]]],[[[138.979688,35.910833],[138.979625,35.910833],[138.9796565,35.9108125],[138.979688,35.910833]]],[[[138.979688,35.910792],[138.979688,35.910833],[138.9796565,35.9108125],[138.979688,35.910792]]],[[[138.979688,35.910792],[138.9796565,35.9108125],[138.9796565,35.910771],[138.979688,35.910792]]],[[[138.979625,35.91075],[138.979625,35.910792],[138.979594,35.910771],[138.979625,35.91075]]],[[[138.979625,35.91075],[138.9796565,35.910771],[138.979625,35.910792],[138.979625,35.91075]]],[[[138.979625,35.91075],[138.979688,35.91075],[138.9796565,35.910771],[138.979625,35.91075]]]]},"properties":{"layer":"flood","class_code":"2","class_label":"0.5m以上3m未満","scale_code":"2","scale_label":"L2（想定最大規模）"}},{"type":"Feature","id":"fld_06d2dd5e-f16e-4f0b-b491-3554307b7f31","geometry":{"type":"MultiPolygon","coordinates":[[[[138.9795,35.910667],[138.9795315,35.910646],[138.9795315,35.9106875],[138.9795,35.910667]]],[[[138.9795,35.910708],[138.9795315,35.9106875],[138.979563,35.910708],[138.9795,35.910708]]],[[[138.9795,35.910625],[138.9795315,35.910646],[138.9795,35.910667],[138.9795,35.910625]]],[[[138.979563,35.910625],[138.979563,35.910667],[138.9795315,35.910646],[138.979563,35.910625]]],[[[138.979563,35.910667],[138.979563,35.910708],[138.9795315,35.9106875],[138.979563,35.910667]]],[[[138.979563,35.910667],[138.9795315,35.9106875],[138.9795315,35.910646],[138.979563,35.910667]]],[[[138.9795,35.910667],[138.9795315,35.9106875],[138.9795,35.910708],[138.9795,35.910667]]],[[[138.9795,35.910625],[138.979563,35.910625],[138.9795315,35.910646],[138.9795,35.910625]]]]},"properties":{"layer":"flood","class_code":"2","class_label":"0.5m以上3m未満","scale_code":"2","scale_label":"L2（想定最大規模）"}},{"type":"Feature","id":"fld_ae2e5ddb-066f-47a9-8fb4-2e9eb8b6760b","geometry":{"type":"MultiPolygon","coordinates":[[[[138.979438,35.910583],[138.979469,35.910604],[138.979438,35.910625],[138.979438,35.910583]]],[[[138.9795,35.910583],[138.9795,35.910625],[138.979469,35.910604],[138.9795,35.910583]]],[[[138.979438,35.910625],[138.979469,35.910604],[138.9795,35.910625],[138.979438,35.910625]]],[[[138.979438,35.910583],[138.9795,35.910583],[138.979469,35.910604],[138.979438,35.910583]]]]},"properties":{"layer":"flood","class_code":"2","class_label":"0.5m以上3m未満","scale_code":"2","scale_label":"L2（想定最大規模）"}},{"type":"Feature","id":"fld_0b5b87c1-4faf-400e-8380-ec4aaba0d297","geometry":{"type":"MultiPolygon","coordinates":[[[[138.979375,35.9105],[138.979438,35.9105],[138.9794065,35.910521],[138.979375,35.9105]]],[[[138.979438,35.910542],[138.979438,35.910583],[138.9794065,35.9105625],[138.979438,35.910542]]],[[[138.979375,35.910583],[138.9794065,35.9105625],[138.979438,35.910583],[138.979375,35.910583]]],[[[138.979375,35.910542],[138.9794065,35.910521],[138.9794065,35.9105625],[138.979375,35.910542]]],[[[138.979375,35.910542],[138.9794065,35.9105625],[138.979375,35.910583],[138.979375,35.910542]]],[[[138.979438,35.910542],[138.9794065,35.9105625],[138.9794065,35.910521],[138.979438,35.910542]]],[[[138.979438,35.9105],[138.979438,35.910542],[138.9794065,35.910521],[138.979438,35.9105]]],[[[138.979375,35.9105],[138.9794065,35.910521],[138.979375,35.910542],[138.979375,35.9105]]]]},"properties":{"layer":"flood","class_code":"2","class_label":"0.5m以上3m未満","scale_code":"2","scale_label":"L2（想定最大規模）"}},{"type":"Feature","id":"fld_3ac42e95-8906-42b0-b16c-a1b3e32dcaf9","geometry":{"type":"MultiPolygon","coordinates":[[[[138.979375,35.910458],[138.979375,35.9105],[138.979344,35.910479],[138.979375,35.910458]]],[[[138.979375,35.9105],[138.979313,35.9105],[138.979344,35.910479],[138.979375,35.9105]]],[[[138.979313,35.910458],[138.979344,35.910479],[138.979313,35.9105],[138.979313,35.910458]]],[[[138.979313,35.910458],[138.979375,35.910458],[138.979344,35.910479],[138.979313,35.910458]]]]},"properties":{"layer":"flood","class_code":"2","class_label":"0.5m以上3m未満","scale_code":"2","scale_label":"L2（想定最大規模）"}},{"type":"Feature","id":"fld_933c3dc7-ed66-4e5b-baf5-7336f562a86d","geometry":{"type":"MultiPolygon","coordinates":[[[[138.97925,35.910417],[138.979313,35.910417],[138.9792815,35.9104375],[138.97925,35.910417]]],[[[138.979313,35.910458],[138.97925,35.910458],[138.9792815,35.9104375],[138.979313,35.910458]]],[[[138.979313,35.910417],[138.979313,35.910458],[138.9792815,35.9104375],[138.979313,35.910417]]],[[[138.97925,35.910417],[138.9792815,35.9104375],[138.97925,35.910458],[138.97925,35.910417]]]]},"properties":{"layer":"flood","class_code":"2","class_label":"0.5m以上3m未満","scale_code":"2","scale_label":"L2（想定最大規模）"}},{"type":"Feature","id":"fld_76bd3832-38a1-4094-9903-58aaa459b031","geometry":{"type":"MultiPolygon","coordinates":[[[[138.97925,35.910375],[138.9792185,35.910396],[138.979187,35.910375],[138.97925,35.910375]]],[[[138.97925,35.910375],[138.97925,35.910417],[138.9792185,35.910396],[138.97925,35.910375]]],[[[138.979125,35.910375],[138.979187,35.910375],[138.979156,35.910396],[138.979125,35.910375]]],[[[138.979125,35.910375],[138.979156,35.910396],[138.979125,35.910417],[138.979125,35.910375]]],[[[138.979187,35.910417],[138.979156,35.910396],[138.979187,35.910375],[138.979187,35.910417]]],[[[138.979187,35.910417],[138.979187,35.910375],[138.9792185,35.910396],[138.979187,35.910417]]],[[[138.979187,35.910417],[138.979125,35.910417],[138.979156,35.910396],[138.979187,35.910417]]],[[[138.97925,35.910417],[138.979187,35.910417],[138.9792185,35.910396],[138.97925,35.910417]]]]},"properties":{"layer":"flood","class_code":"2","class_label":"0.5m以上3m未満","scale_code":"2","scale_label":"L2（想定最大規模）"}},{"type":"Feature","id":"fld_5cc8fa9b-f8f9-4d6d-b1e7-cbbda690e1ca","geometry":{"type":"MultiPolygon","coordinates":[[[[138.978813,35.910292],[138.97875,35.910292],[138.9787815,35.910271],[138.978813,35.910292]]],[[[138.978875,35.910292],[138.978813,35.910292],[138.978844,35.910271],[138.978875,35.910292]]],[[[138.978938,35.910292],[138.978875,35.910292],[138.9789065,35.910271],[138.978938,35.910292]]],[[[138.979,35.910292],[138.979031,35.910271],[138.979031,35.9103125],[138.979,35.910292]]],[[[138.979,35.910292],[138.978938,35.910292],[138.978969,35.910271],[138.979,35.910292]]],[[[138.979,35.910292],[138.979031,35.9103125],[138.979,35.910333],[138.979,35.910292]]],[[[138.979125,35.910292],[138.9790935,35.9103125],[138.9790935,35.910271],[138.979125,35.910292]]],[[[138.979125,35.910292],[138.979125,35.910333],[138.9790935,35.9103125],[138.979125,35.910292]]],[[[138.978687,35.91025],[138.9787185,35.910271],[138.978687,35.910292],[138.978687,35.91025]]],[[[138.97875,35.91025],[138.9787815,35.910229],[138.9787815,35.910271],[138.97875,35.91025]]],[[[138.97875,35.91025],[138.97875,35.910208],[138.9787815,35.910229],[138.97875,35.91025]]],[[[138.97875,35.91025],[138.9787185,35.910271],[138.978687,35.91025],[138.97875,35.91025]]],[[[138.97875,35.91025],[138.97875,35.910292],[138.9787185,35.910271],[138.97875,35.91025]]],[[[138.97875,35.91025],[138.9787815,35.910271],[138.97875,35.910292],[138.97875,35.91025]]],[[[138.978813,35.91025],[138.9787815,35.910271],[138.9787815,35.910229],[138.978813,35.91025]]],[[[138.978813,35.91025],[138.978813,35.910292],[138.9787815,35.910271],[138.978813,35.91025]]],[[[138.978813,35.91025],[138.978844,35.910271],[138.978813,35.910292],[138.978813,35.91025]]],[[[138.978813,35.910208],[138.9787815,35.910229],[138.97875,35.910208],[138.978813,35.910208]]],[[[138.978813,35.910208],[138.978813,35.91025],[138.9787815,35.910229],[138.978813,35.910208]]],[[[138.978875,35.91025],[138.9789065,35.910229],[138.9789065,35.910271],[138.978875,35.91025]]],[[[138.978875,35.91025],[138.978875,35.910208],[138.9789065,35.910229],[138.978875,35.91025]]],[[[138.978875,35.91025],[138.978844,35.910271],[138.978813,35.91025],[138.978875,35.91025]]],[[[138.978875,35.91025],[138.978875,35.910292],[138.978844,35.910271],[138.978875,35.91025]]],[[[138.978875,35.91025],[138.9789065,35.910271],[138.978875,35.910292],[138.978875,35.91025]]],[[[138.978938,35.91025],[138.9789065,35.910271],[138.9789065,35.910229],[138.978938,35.91025]]],[[[138.978938,35.91025],[138.978938,35.910292],[138.9789065,35.910271],[138.978938,35.91025]]],[[[138.979125,35.910333],[138.979125,35.910375],[138.9790935,35.910354],[138.979125,35.910333]]],[[[138.978938,35.910208],[138.9789065,35.910229],[138.978875,35.910208],[138.978938,35.910208]]],[[[138.978938,35.910208],[138.978938,35.91025],[138.9789065,35.910229],[138.978938,35.910208]]],[[[138.979,35.91025],[138.979031,35.910229],[138.979031,35.910271],[138.979,35.91025]]],[[[138.979,35.91025],[138.979,35.910208],[138.979031,35.910229],[138.979,35.91025]]],[[[138.979,35.91025],[138.978969,35.910271],[138.978938,35.91025],[138.979,35.91025]]],[[[138.979,35.91025],[138.979,35.910292],[138.978969,35.910271],[138.979,35.91025]]],[[[138.979,35.91025],[138.979031,35.910271],[138.979,35.910292],[138.979,35.91025]]],[[[138.979062,35.910208],[138.9790935,35.910229],[138.979031,35.910229],[138.979062,35.910208]]],[[[138.979062,35.910208],[138.979031,35.910229],[138.979,35.910208],[138.979062,35.910208]]],[[[138.979125,35.91025],[138.9790935,35.910271],[138.9790935,35.910229],[138.979125,35.91025]]],[[[138.979125,35.91025],[138.979125,35.910292],[138.9790935,35.910271],[138.979125,35.91025]]],[[[138.979125,35.910208],[138.9790935,35.910229],[138.979062,35.910208],[138.979125,35.910208]]],[[[138.979125,35.910208],[138.979125,35.91025],[138.9790935,35.910229],[138.979125,35.910208]]],[[[138.9790935,35.910229],[138.9790935,35.910271],[138.979031,35.910271],[138.9790935,35.910229]]],[[[138.9790935,35.910229],[138.979031,35.910271],[138.979031,35.910229],[138.9790935,35.910229]]],[[[138.9790935,35.910271],[138.9790935,35.9103125],[138.979031,35.910271],[138.9790935,35.910271]]],[[[138.979031,35.910271],[138.9790935,35.9103125],[138.979031,35.9103125],[138.979031,35.910271]]],[[[138.978938,35.91025],[138.978969,35.910271],[138.978938,35.910292],[138.978938,35.91025]]],[[[138.979062,35.910375],[138.9790935,35.910354],[138.979125,35.910375],[138.979062,35.910375]]],[[[138.979062,35.910333],[138.9790935,35.9103125],[138.9790935,35.910354],[138.979062,35.910333]]],[[[138.979062,35.910333],[138.979031,35.9103125],[138.9790935,35.9103125],[138.979062,35.910333]]],[[[138.979062,35.910333],[138.9790935,35.910354],[138.979062,35.910375],[138.979062,35.910333]]],[[[138.979,35.910333],[138.979031,35.9103125],[138.979062,35.910333],[138.979,35.910333]]],[[[138.979125,35.910333],[138.9790935,35.910354],[138.9790935,35.9103125],[138.979125,35.910333]]],[[[138.978687,35.910292],[138.9787185,35.910271],[138.97875,35.910292],[138.978687,35.910292]]]]},"properties":{"layer":"flood","class_code":"2","class_label":"0.5m以上3m未満","scale_code":"2","scale_label":"L2（想定最大規模）"}},{"type":"Feature","id":"fld_de4ea050-15f5-454a-8a4e-eeecf7e75505","geometry":{"type":"MultiPolygon","coordinates":[[[[138.978687,35.910208],[138.978656,35.910229],[138.978625,35.910208],[138.978687,35.910208]]],[[[138.978625,35.91025],[138.978625,35.910208],[138.978656,35.910229],[138.978625,35.91025]]],[[[138.978625,35.91025],[138.978656,35.910229],[138.978687,35.91025],[138.978625,35.91025]]],[[[138.978687,35.910208],[138.978687,35.91025],[138.978656,35.910229],[138.978687,35.910208]]]]},"properties":{"layer":"flood","class_code":"2","class_label":"0.5m以上3m未満","scale_code":"2","scale_label":"L2（想定最大規模）"}},{"type":"Feature","id":"fld_4d0519c5-1cd8-4829-8042-f10a60491ca4","geometry":{"type":"MultiPolygon","coordinates":[[[[138.978563,35.910083],[138.978594,35.910104],[138.978563,35.910125],[138.978563,35.910083]]],[[[138.978625,35.910125],[138.978563,35.910125],[138.978594,35.910104],[138.978625,35.910125]]],[[[138.978625,35.910083],[138.978625,35.910125],[138.978594,35.910104],[138.978625,35.910083]]],[[[138.978625,35.910083],[138.978594,35.910104],[138.978563,35.910083],[138.978625,35.910083]]]]},"properties":{"layer":"flood","class_code":"2","class_label":"0.5m以上3m未満","scale_code":"2","scale_label":"L2（想定最大規模）"}},{"type":"Feature","id":"fld_75dc8455-2766-4fd2-9dd1-ab0e98aff56c","geometry":{"type":"MultiPolygon","coordinates":[[[[138.977375,35.908875],[138.9774065,35.908854],[138.977438,35.908875],[138.977375,35.908875]]],[[[138.977375,35.908875],[138.977375,35.908833],[138.9774065,35.908854],[138.977375,35.908875]]],[[[138.977438,35.908833],[138.9774065,35.908854],[138.977375,35.908833],[138.977438,35.908833]]],[[[138.977438,35.908833],[138.977438,35.908875],[138.9774065,35.908854],[138.977438,35.908833]]]]},"properties":{"layer":"flood","class_code":"2","class_label":"0.5m以上3m未満","scale_code":"2","scale_label":"L2（想定最大規模）"}},{"type":"Feature","id":"fld_b6db547d-016c-40c2-af40-d817bef2812f","geometry":{"type":"MultiPolygon","coordinates":[[[[138.977344,35.908771],[138.977375,35.90875],[138.977375,35.908792],[138.977344,35.908771]]],[[[138.977344,35.908771],[138.977313,35.90875],[138.977375,35.90875],[138.977344,35.908771]]],[[[138.977344,35.908771],[138.977313,35.908792],[138.977313,35.90875],[138.977344,35.908771]]],[[[138.977344,35.908771],[138.977375,35.908792],[138.977313,35.908792],[138.977344,35.908771]]]]},"properties":{"layer":"flood","class_code":"2","class_label":"0.5m以上3m未満","scale_code":"2","scale_label":"L2（想定最大規模）"}},{"type":"Feature","id":"fld_94958387-b570-4925-9b0e-07344a0f577e","geometry":{"type":"MultiPolygon","coordinates":[[[[138.97725,35.908583],[138.977219,35.908604],[138.977219,35.9085625],[138.97725,35.908583]]],[[[138.977219,35.908604],[138.977219,35.908646],[138.9771565,35.908646],[138.977219,35.908604]]],[[[138.97725,35.908583],[138.97725,35.908625],[138.977219,35.908604],[138.97725,35.908583]]],[[[138.97725,35.908542],[138.97725,35.908583],[138.977219,35.9085625],[138.97725,35.908542]]],[[[138.976375,35.908542],[138.976375,35.9085],[138.976406,35.908521],[138.976375,35.908542]]],[[[138.977219,35.908604],[138.9771565,35.908646],[138.9771565,35.908604],[138.977219,35.908604]]],[[[138.976437,35.908542],[138.976437,35.9085],[138.9764685,35.908521],[138.976437,35.908542]]],[[[138.976437,35.908542],[138.976406,35.908521],[138.976437,35.9085],[138.976437,35.908542]]],[[[138.976437,35.908542],[138.976375,35.908542],[138.976406,35.908521],[138.976437,35.908542]]],[[[138.9765,35.9085],[138.9764685,35.908521],[138.976437,35.9085],[138.9765,35.9085]]],[[[138.9765,35.908542],[138.9765,35.9085],[138.9765315,35.908521],[138.9765,35.908542]]],[[[138.9765,35.908542],[138.9764685,35.908521],[138.9765,35.9085],[138.9765,35.908542]]],[[[138.9765,35.908542],[138.976437,35.908542],[138.9764685,35.908521],[138.9765,35.908542]]],[[[138.976563,35.9085],[138.9765315,35.908521],[138.9765,35.9085],[138.976563,35.9085]]],[[[138.976563,35.908542],[138.976563,35.9085],[138.976594,35.908521],[138.976563,35.908542]]],[[[138.976563,35.908542],[138.9765315,35.908521],[138.976563,35.9085],[138.976563,35.908542]]],[[[138.976563,35.908542],[138.9765,35.908542],[138.9765315,35.908521],[138.976563,35.908542]]],[[[138.976625,35.9085],[138.976594,35.908521],[138.976563,35.9085],[138.976625,35.9085]]],[[[138.976625,35.908542],[138.976625,35.9085],[138.9766565,35.908521],[138.976625,35.908542]]],[[[138.976625,35.908542],[138.976594,35.908521],[138.976625,35.9085],[138.976625,35.908542]]],[[[138.976625,35.908542],[138.976563,35.908542],[138.976594,35.908521],[138.976625,35.908542]]],[[[138.976688,35.9085],[138.9766565,35.908521],[138.976625,35.9085],[138.976688,35.9085]]],[[[138.976688,35.908542],[138.976688,35.9085],[138.976719,35.908521],[138.976688,35.908542]]],[[[138.976688,35.908542],[138.9766565,35.908521],[138.976688,35.9085],[138.976688,35.908542]]],[[[138.976688,35.908542],[138.976625,35.908542],[138.9766565,35.908521],[138.976688,35.908542]]],[[[138.97675,35.908542],[138.976688,35.908542],[138.976719,35.908521],[138.97675,35.908542]]],[[[138.976812,35.908542],[138.97675,35.908542],[138.976781,35.908521],[138.976812,35.908542]]],[[[138.977,35.908542],[138.9769685,35.908521],[138.9770315,35.908521],[138.977,35.908542]]],[[[138.97725,35.90875],[138.9772815,35.908729],[138.977313,35.90875],[138.97725,35.90875]]],[[[138.977,35.908542],[138.976937,35.908542],[138.9769685,35.908521],[138.977,35.908542]]],[[[138.97725,35.908708],[138.9772815,35.9086875],[138.9772815,35.908729],[138.97725,35.908708]]],[[[138.977063,35.908542],[138.977094,35.908521],[138.977094,35.9085625],[138.977063,35.908542]]],[[[138.977063,35.908542],[138.977,35.908542],[138.9770315,35.908521],[138.977063,35.908542]]],[[[138.977063,35.908542],[138.977094,35.9085625],[138.977063,35.908583],[138.977063,35.908542]]],[[[138.97725,35.908708],[138.9772815,35.908729],[138.97725,35.90875],[138.97725,35.908708]]],[[[138.977313,35.908708],[138.9772815,35.908729],[138.9772815,35.9086875],[138.977313,35.908708]]],[[[138.977125,35.9085],[138.9771565,35.908521],[138.977094,35.908521],[138.977125,35.9085]]],[[[138.977188,35.908542],[138.977219,35.9085625],[138.9771565,35.9085625],[138.977188,35.908542]]],[[[138.977188,35.908542],[138.97725,35.908542],[138.977219,35.9085625],[138.977188,35.908542]]],[[[138.977188,35.908542],[138.9771565,35.9085625],[138.9771565,35.908521],[138.977188,35.908542]]],[[[138.977188,35.9085],[138.9771565,35.908521],[138.977125,35.9085],[138.977188,35.9085]]],[[[138.977188,35.9085],[138.977188,35.908542],[138.9771565,35.908521],[138.977188,35.9085]]],[[[138.97675,35.9085],[138.976781,35.908479],[138.976781,35.908521],[138.97675,35.9085]]],[[[138.97675,35.9085],[138.97675,35.908458],[138.976781,35.908479],[138.97675,35.9085]]],[[[138.97675,35.9085],[138.976719,35.908521],[138.976688,35.9085],[138.97675,35.9085]]],[[[138.97675,35.9085],[138.97675,35.908542],[138.976719,35.908521],[138.97675,35.9085]]],[[[138.97675,35.9085],[138.976781,35.908521],[138.97675,35.908542],[138.97675,35.9085]]],[[[138.976812,35.908458],[138.976781,35.908479],[138.97675,35.908458],[138.976812,35.908458]]],[[[138.976812,35.9085],[138.976812,35.908458],[138.9768435,35.908479],[138.976812,35.9085]]],[[[138.976812,35.9085],[138.976781,35.908479],[138.976812,35.908458],[138.976812,35.9085]]],[[[138.976812,35.9085],[138.976781,35.908521],[138.976781,35.908479],[138.976812,35.9085]]],[[[138.976812,35.9085],[138.976812,35.908542],[138.976781,35.908521],[138.976812,35.9085]]],[[[138.976875,35.908458],[138.9768435,35.908479],[138.976812,35.908458],[138.976875,35.908458]]],[[[138.976875,35.9085],[138.976875,35.908458],[138.976906,35.908479],[138.976875,35.9085]]],[[[138.976875,35.9085],[138.9768435,35.908479],[138.976875,35.908458],[138.976875,35.9085]]],[[[138.976875,35.9085],[138.976812,35.9085],[138.9768435,35.908479],[138.976875,35.9085]]],[[[138.976937,35.908458],[138.976906,35.908479],[138.976875,35.908458],[138.976937,35.908458]]],[[[138.976937,35.9085],[138.9769685,35.908479],[138.9769685,35.908521],[138.976937,35.9085]]],[[[138.976937,35.9085],[138.976937,35.908458],[138.9769685,35.908479],[138.976937,35.9085]]],[[[138.976937,35.9085],[138.976906,35.908479],[138.976937,35.908458],[138.976937,35.9085]]],[[[138.976437,35.9085],[138.976406,35.908521],[138.976375,35.9085],[138.976437,35.9085]]],[[[138.976937,35.9085],[138.9769685,35.908521],[138.976937,35.908542],[138.976937,35.9085]]],[[[138.977,35.908458],[138.9770315,35.908479],[138.9769685,35.908479],[138.977,35.908458]]],[[[138.977,35.908458],[138.9769685,35.908479],[138.976937,35.908458],[138.977,35.908458]]],[[[138.977063,35.9085],[138.977125,35.9085],[138.977094,35.908521],[138.977063,35.9085]]],[[[138.977063,35.9085],[138.9770315,35.908521],[138.9770315,35.908479],[138.977063,35.9085]]],[[[138.977063,35.9085],[138.977063,35.908542],[138.9770315,35.908521],[138.977063,35.9085]]],[[[138.977063,35.9085],[138.977094,35.908521],[138.977063,35.908542],[138.977063,35.9085]]],[[[138.977063,35.908458],[138.9770315,35.908479],[138.977,35.908458],[138.977063,35.908458]]],[[[138.977063,35.908458],[138.977063,35.9085],[138.9770315,35.908479],[138.977063,35.908458]]],[[[138.977188,35.908667],[138.977219,35.908646],[138.97725,35.908667],[138.977188,35.908667]]],[[[138.977188,35.908667],[138.9771565,35.908646],[138.977219,35.908646],[138.977188,35.908667]]],[[[138.977188,35.908667],[138.977125,35.908667],[138.9771565,35.908646],[138.977188,35.908667]]],[[[138.977313,35.908708],[138.977313,35.90875],[138.9772815,35.908729],[138.977313,35.908708]]],[[[138.97725,35.908667],[138.9772815,35.908646],[138.9772815,35.9086875],[138.97725,35.908667]]],[[[138.97725,35.908667],[138.9772815,35.9086875],[138.97725,35.908708],[138.97725,35.908667]]],[[[138.977313,35.908667],[138.9772815,35.9086875],[138.9772815,35.908646],[138.977313,35.908667]]],[[[138.977313,35.908667],[138.977313,35.908708],[138.9772815,35.9086875],[138.977313,35.908667]]],[[[138.977313,35.908625],[138.977313,35.908667],[138.9772815,35.908646],[138.977313,35.908625]]],[[[138.976937,35.9085],[138.976875,35.9085],[138.976906,35.908479],[138.976937,35.9085]]],[[[138.977125,35.908625],[138.9771565,35.908646],[138.977125,35.908667],[138.977125,35.908625]]],[[[138.9770315,35.908479],[138.9770315,35.908521],[138.9769685,35.908479],[138.9770315,35.908479]]],[[[138.9769685,35.908479],[138.9770315,35.908521],[138.9769685,35.908521],[138.9769685,35.908479]]],[[[138.9771565,35.908521],[138.9771565,35.9085625],[138.977094,35.9085625],[138.9771565,35.908521]]],[[[138.9771565,35.908521],[138.977094,35.9085625],[138.977094,35.908521],[138.9771565,35.908521]]],[[[138.977219,35.9085625],[138.977219,35.908604],[138.9771565,35.908604],[138.977219,35.9085625]]],[[[138.977219,35.9085625],[138.9771565,35.908604],[138.9771565,35.9085625],[138.977219,35.9085625]]],[[[138.977125,35.908625],[138.9771565,35.908604],[138.9771565,35.908646],[138.977125,35.908625]]],[[[138.97725,35.908625],[138.9772815,35.908646],[138.97725,35.908667],[138.97725,35.908625]]],[[[138.97725,35.908625],[138.977313,35.908625],[138.9772815,35.908646],[138.97725,35.908625]]],[[[138.97725,35.908625],[138.977219,35.908646],[138.977219,35.908604],[138.97725,35.908625]]],[[[138.97725,35.908625],[138.97725,35.908667],[138.977219,35.908646],[138.97725,35.908625]]],[[[138.977125,35.908583],[138.9771565,35.9085625],[138.9771565,35.908604],[138.977125,35.908583]]],[[[138.977125,35.908583],[138.977094,35.9085625],[138.9771565,35.9085625],[138.977125,35.908583]]],[[[138.977125,35.908583],[138.9771565,35.908604],[138.977125,35.908625],[138.977125,35.908583]]],[[[138.977063,35.908583],[138.977094,35.9085625],[138.977125,35.908583],[138.977063,35.908583]]]]},"properties":{"layer":"flood","class_code":"2","class_label":"0.5m以上3m未満","scale_code":"2","scale_label":"L2（想定最大規模）"}},{"type":"Feature","id":"fld_7bfcc2f1-9e21-4277-85d8-d155f501a724","geometry":{"type":"MultiPolygon","coordinates":[[[[138.976,35.9085],[138.976,35.908458],[138.9760315,35.908479],[138.976,35.9085]]],[[[138.976063,35.9085],[138.976,35.9085],[138.9760315,35.908479],[138.976063,35.9085]]],[[[138.976063,35.908458],[138.976063,35.9085],[138.9760315,35.908479],[138.976063,35.908458]]],[[[138.976063,35.908458],[138.9760315,35.908479],[138.976,35.908458],[138.976063,35.908458]]]]},"properties":{"layer":"flood","class_code":"2","class_label":"0.5m以上3m未満","scale_code":"2","scale_label":"L2（想定最大規模）"}},{"type":"Feature","id":"fld_7a8e4b89-ef22-4e67-82dc-14f247407a87","geometry":{"type":"MultiPolygon","coordinates":[[[[138.976875,35.908375],[138.9768435,35.908396],[138.976812,35.908375],[138.976875,35.908375]]],[[[138.976875,35.908417],[138.976875,35.908375],[138.976906,35.908396],[138.976875,35.908417]]],[[[138.976875,35.908417],[138.9768435,35.908396],[138.976875,35.908375],[138.976875,35.908417]]],[[[138.976875,35.908417],[138.976812,35.908417],[138.9768435,35.908396],[138.976875,35.908417]]],[[[138.976937,35.908417],[138.976875,35.908417],[138.976906,35.908396],[138.976937,35.908417]]],[[[138.976937,35.908375],[138.976906,35.908396],[138.976875,35.908375],[138.976937,35.908375]]],[[[138.976937,35.908375],[138.976937,35.908417],[138.976906,35.908396],[138.976937,35.908375]]],[[[138.97675,35.908375],[138.976781,35.908396],[138.97675,35.908417],[138.97675,35.908375]]],[[[138.976812,35.908375],[138.976781,35.908396],[138.97675,35.908375],[138.976812,35.908375]]],[[[138.976812,35.908417],[138.976812,35.908375],[138.9768435,35.908396],[138.976812,35.908417]]],[[[138.976812,35.908417],[138.976781,35.908396],[138.976812,35.908375],[138.976812,35.908417]]],[[[138.976812,35.908417],[138.97675,35.908417],[138.976781,35.908396],[138.976812,35.908417]]]]},"properties":{"layer":"flood","class_code":"2","class_label":"0.5m以上3m未満","scale_code":"2","scale_label":"L2（想定最大規模）"}},{"type":"Feature","id":"fld_a0f29d43-2aa9-46bc-b95f-fb6d2067b645","geometry":{"type":"MultiPolygon","coordinates":[[[[138.97675,35.913417],[138.97675,35.913375],[138.976781,35.913396],[138.97675,35.913417]]],[[[138.976812,35.913417],[138.97675,35.913417],[138.976781,35.913396],[138.976812,35.913417]]],[[[138.97675,35.913375],[138.976812,35.913375],[138.976781,35.913396],[138.97675,35.913375]]],[[[138.976812,35.913417],[138.976781,35.913396],[138.976812,35.913375],[138.976812,35.913417]]]]},"properties":{"layer":"flood","class_code":"2","class_label":"0.5m以上3m未満","scale_code":"2","scale_label":"L2（想定最大規模）"}},{"type":"Feature","id":"fld_d8b6215f-f40c-4ed9-8fac-e6ce199b5e59","geometry":{"type":"MultiPolygon","coordinates":[[[[138.976812,35.913333],[138.9768435,35.913354],[138.976812,35.913375],[138.976812,35.913333]]],[[[138.976875,35.913333],[138.9768435,35.913354],[138.976812,35.913333],[138.976875,35.913333]]],[[[138.976875,35.913375],[138.9768435,35.913354],[138.976875,35.913333],[138.976875,35.913375]]],[[[138.976875,35.913375],[138.976812,35.913375],[138.9768435,35.913354],[138.976875,35.913375]]]]},"properties":{"layer":"flood","class_code":"2","class_label":"0.5m以上3m未満","scale_code":"2","scale_label":"L2（想定最大規模）"}},{"type":"Feature","id":"fld_7096d836-528f-47c6-8252-f66d2a98b343","geometry":{"type":"MultiPolygon","coordinates":[[[[138.977063,35.913167],[138.977094,35.913146],[138.977125,35.913167],[138.977063,35.913167]]],[[[138.977063,35.913167],[138.977063,35.913125],[138.977094,35.913146],[138.977063,35.913167]]],[[[138.977125,35.913125],[138.977125,35.913167],[138.977094,35.913146],[138.977125,35.913125]]],[[[138.977125,35.913125],[138.977094,35.913146],[138.977063,35.913125],[138.977125,35.913125]]]]},"properties":{"layer":"flood","class_code":"2","class_label":"0.5m以上3m未満","scale_code":"2","scale_label":"L2（想定最大規模）"}},{"type":"Feature","id":"fld_d61fe64a-6908-4aa9-9047-225ffdcddc3d","geometry":{"type":"MultiPolygon","coordinates":[[[[138.975188,35.915583],[138.975188,35.915542],[138.975219,35.9155625],[138.975188,35.915583]]],[[[138.975188,35.915583],[138.975219,35.9155625],[138.97525,35.915583],[138.975188,35.915583]]],[[[138.97525,35.915542],[138.97525,35.915583],[138.975219,35.9155625],[138.97525,35.915542]]],[[[138.975188,35.915542],[138.97525,35.915542],[138.975219,35.9155625],[138.975188,35.915542]]]]},"properties":{"layer":"flood","class_code":"3","class_label":"3m以上5m未満","scale_code":"2","scale_label":"L2（想定最大規模）"}},{"type":"Feature","id":"fld_b8499cf5-19fd-480e-bc15-2e9fd3c6755b","geometry":{"type":"MultiPolygon","coordinates":[[[[138.975188,35.915417],[138.975188,35.915375],[138.975219,35.915396],[138.975188,35.915417]]],[[[138.975219,35.915396],[138.975219,35.915354],[138.97525,35.915375],[138.975219,35.915396]]],[[[138.975219,35.915396],[138.975188,35.915375],[138.975219,35.915354],[138.975219,35.915396]]],[[[138.975188,35.91525],[138.975219,35.915271],[138.975188,35.915292],[138.975188,35.91525]]],[[[138.97525,35.915417],[138.975219,35.915396],[138.97525,35.915375],[138.97525,35.915417]]],[[[138.975188,35.915417],[138.975219,35.915396],[138.97525,35.915417],[138.975188,35.915417]]],[[[138.975188,35.915375],[138.975188,35.915333],[138.975219,35.915354],[138.975188,35.915375]]],[[[138.97525,35.915292],[138.975219,35.915271],[138.97525,35.91525],[138.97525,35.915292]]],[[[138.97525,35.915292],[138.975219,35.9153125],[138.975219,35.915271],[138.97525,35.915292]]],[[[138.975188,35.915292],[138.975219,35.915271],[138.975219,35.9153125],[138.975188,35.915292]]],[[[138.975188,35.915333],[138.975219,35.9153125],[138.975219,35.915354],[138.975188,35.915333]]],[[[138.975188,35.915333],[138.975188,35.915292],[138.975219,35.9153125],[138.975188,35.915333]]],[[[138.97525,35.915292],[138.97525,35.915333],[138.975219,35.9153125],[138.97525,35.915292]]],[[[138.97525,35.915333],[138.975219,35.915354],[138.975219,35.9153125],[138.97525,35.915333]]],[[[138.975188,35.91525],[138.97525,35.91525],[138.975219,35.915271],[138.975188,35.91525]]],[[[138.97525,35.915333],[138.97525,35.915375],[138.975219,35.915354],[138.97525,35.915333]]]]},"properties":{"layer":"flood","class_code":"3","class_label":"3m以上5m未満","scale_code":"2","scale_label":"L2（想定最大規模）"}},{"type":"Feature","id":"fld_64e692c4-bb4d-4932-af69-615a72481f92","geometry":{"type":"MultiPolygon","coordinates":[[[[138.97525,35.915],[138.975312,35.915],[138.975281,35.915021],[138.97525,35.915]]],[[[138.975281,35.9150625],[138.975281,35.915104],[138.97525,35.915083],[138.975281,35.9150625]]],[[[138.97525,35.915167],[138.97525,35.915125],[138.975281,35.915146],[138.97525,35.915167]]],[[[138.975312,35.915167],[138.975281,35.915146],[138.975312,35.915125],[138.975312,35.915167]]],[[[138.975312,35.915125],[138.975281,35.915146],[138.975281,35.915104],[138.975312,35.915125]]],[[[138.97525,35.915125],[138.975281,35.915104],[138.975281,35.915146],[138.97525,35.915125]]],[[[138.97525,35.915125],[138.97525,35.915083],[138.975281,35.915104],[138.97525,35.915125]]],[[[138.975312,35.915167],[138.97525,35.915167],[138.975281,35.915146],[138.975312,35.915167]]],[[[138.975312,35.915042],[138.975281,35.9150625],[138.975281,35.915021],[138.975312,35.915042]]],[[[138.975312,35.915042],[138.975281,35.915021],[138.975312,35.915],[138.975312,35.915042]]],[[[138.97525,35.915042],[138.975281,35.9150625],[138.97525,35.915083],[138.97525,35.915042]]],[[[138.975312,35.915083],[138.975312,35.915125],[138.975281,35.915104],[138.975312,35.915083]]],[[[138.975312,35.915083],[138.975281,35.9150625],[138.975312,35.915042],[138.975312,35.915083]]],[[[138.97525,35.915042],[138.97525,35.915],[138.975281,35.915021],[138.97525,35.915042]]],[[[138.975312,35.915083],[138.975281,35.915104],[138.975281,35.9150625],[138.975312,35.915083]]],[[[138.97525,35.915042],[138.975281,35.915021],[138.975281,35.9150625],[138.97525,35.915042]]]]},"properties":{"layer":"flood","class_code":"3","class_label":"3m以上5m未満","scale_code":"2","scale_label":"L2（想定最大規模）"}},{"type":"Feature","id":"fld_27fa9c0d-526c-43cd-a5ee-7b22e0d3839a","geometry":{"type":"MultiPolygon","coordinates":[[[[138.975312,35.914125],[138.975375,35.914125],[138.9753435,35.914146],[138.975312,35.914125]]],[[[138.975312,35.914125],[138.9753435,35.914146],[138.975312,35.914167],[138.975312,35.914125]]],[[[138.975375,35.914167],[138.9753435,35.914146],[138.975375,35.914125],[138.975375,35.914167]]],[[[138.975375,35.914167],[138.975312,35.914167],[138.9753435,35.914146],[138.975375,35.914167]]]]},"properties":{"layer":"flood","class_code":"3","class_label":"3m以上5m未満","scale_code":"2","scale_label":"L2（想定最大規模）"}},{"type":"Feature","id":"fld_92f79e00-c347-479d-92d0-d62d0bd42866","geometry":{"type":"MultiPolygon","coordinates":[[[[138.978438,35.909542],[138.978469,35.9095625],[138.978438,35.909583],[138.978438,35.909542]]],[[[138.978438,35.909542],[138.978469,35.909521],[138.978469,35.9095625],[138.978438,35.909542]]],[[[138.9785,35.9095],[138.978469,35.909521],[138.978438,35.9095],[138.9785,35.9095]]],[[[138.9785,35.909542],[138.9785,35.909583],[138.978469,35.9095625],[138.9785,35.909542]]],[[[138.9785,35.909542],[138.978469,35.9095625],[138.978469,35.909521],[138.9785,35.909542]]],[[[138.978438,35.909583],[138.978469,35.9095625],[138.9785,35.909583],[138.978438,35.909583]]],[[[138.978438,35.9095],[138.978469,35.909521],[138.978438,35.909542],[138.978438,35.9095]]],[[[138.9785,35.9095],[138.9785,35.909542],[138.978469,35.909521],[138.9785,35.9095]]]]},"properties":{"layer":"flood","class_code":"3","class_label":"3m以上5m未満","scale_code":"2","scale_label":"L2（想定最大規模）"}},{"type":"Feature","id":"fld_8b0d7cca-ea3a-497a-a875-ad287d277adc","geometry":{"type":"MultiPolygon","coordinates":[[[[138.978625,35.909708],[138.978594,35.909729],[138.978594,35.9096875],[138.978625,35.909708]]],[[[138.978625,35.90975],[138.978594,35.909771],[138.978594,35.909729],[138.978625,35.90975]]],[[[138.978625,35.90975],[138.978594,35.909729],[138.978625,35.909708],[138.978625,35.90975]]],[[[138.978625,35.909792],[138.978594,35.9098125],[138.978594,35.909771],[138.978625,35.909792]]],[[[138.978563,35.909792],[138.978563,35.90975],[138.978594,35.909771],[138.978563,35.909792]]],[[[138.978563,35.909792],[138.978594,35.909771],[138.978594,35.9098125],[138.978563,35.909792]]],[[[138.978563,35.909833],[138.978594,35.9098125],[138.978625,35.909833],[138.978563,35.909833]]],[[[138.978563,35.90975],[138.9785315,35.909729],[138.978594,35.909729],[138.978563,35.90975]]],[[[138.978563,35.90975],[138.978594,35.909729],[138.978594,35.909771],[138.978563,35.90975]]],[[[138.978563,35.90975],[138.9785,35.90975],[138.9785315,35.909729],[138.978563,35.90975]]],[[[138.9785,35.90975],[138.9785,35.909708],[138.9785315,35.909729],[138.9785,35.90975]]],[[[138.9785,35.909708],[138.9785,35.909667],[138.9785315,35.9096875],[138.9785,35.909708]]],[[[138.9785,35.909708],[138.9785315,35.9096875],[138.9785315,35.909729],[138.9785,35.909708]]],[[[138.9785,35.909667],[138.9785,35.909625],[138.9785315,35.909646],[138.9785,35.909667]]],[[[138.9785,35.909667],[138.9785315,35.909646],[138.9785315,35.9096875],[138.9785,35.909667]]],[[[138.978563,35.909667],[138.9785315,35.909646],[138.978563,35.909625],[138.978563,35.909667]]],[[[138.978563,35.909667],[138.978625,35.909667],[138.978594,35.9096875],[138.978563,35.909667]]],[[[138.978563,35.909667],[138.978594,35.9096875],[138.9785315,35.9096875],[138.978563,35.909667]]],[[[138.978563,35.909667],[138.9785315,35.9096875],[138.9785315,35.909646],[138.978563,35.909667]]],[[[138.978563,35.909625],[138.9785315,35.909646],[138.9785,35.909625],[138.978563,35.909625]]],[[[138.978625,35.909792],[138.978594,35.909771],[138.978625,35.90975],[138.978625,35.909792]]],[[[138.978563,35.909792],[138.978594,35.9098125],[138.978563,35.909833],[138.978563,35.909792]]],[[[138.978625,35.909833],[138.978594,35.9098125],[138.978625,35.909792],[138.978625,35.909833]]],[[[138.9785315,35.9096875],[138.978594,35.9096875],[138.9785315,35.909729],[138.9785315,35.9096875]]],[[[138.9785315,35.909729],[138.978594,35.9096875],[138.978594,35.909729],[138.9785315,35.909729]]],[[[138.978625,35.909708],[138.978594,35.9096875],[138.978625,35.909667],[138.978625,35.909708]]]]},"properties":{"layer":"flood","class_code":"3","class_label":"3m以上5m未満","scale_code":"2","scale_label":"L2（想定最大規模）"}},{"type":"Feature","id":"fld_cc54a408-da5e-4672-892f-82afd7b0bde7","geometry":{"type":"MultiPolygon","coordinates":[[[[138.978687,35.909917],[138.978625,35.909917],[138.978656,35.909896],[138.978687,35.909917]]],[[[138.978687,35.909875],[138.978656,35.909896],[138.978625,35.909875],[138.978687,35.909875]]],[[[138.978687,35.909875],[138.978687,35.909917],[138.978656,35.909896],[138.978687,35.909875]]],[[[138.978625,35.909875],[138.978656,35.909896],[138.978625,35.909917],[138.978625,35.909875]]]]},"properties":{"layer":"flood","class_code":"3","class_label":"3m以上5m未満","scale_code":"2","scale_label":"L2（想定最大規模）"}},{"type":"Feature","id":"fld_440de9e7-0e8a-4ce6-8a4a-5f9b600f5d17","geometry":{"type":"MultiPolygon","coordinates":[[[[138.981875,35.910333],[138.981875,35.910375],[138.981844,35.910354],[138.981875,35.910333]]],[[[138.981813,35.910333],[138.981844,35.9103125],[138.981844,35.910354],[138.981813,35.910333]]],[[[138.981813,35.910333],[138.981813,35.910292],[138.981844,35.9103125],[138.981813,35.910333]]],[[[138.981813,35.910375],[138.981813,35.910333],[138.981844,35.910354],[138.981813,35.910375]]],[[[138.981813,35.910375],[138.981844,35.910354],[138.981875,35.910375],[138.981813,35.910375]]],[[[138.981813,35.910167],[138.981844,35.9101875],[138.981813,35.910208],[138.981813,35.910167]]],[[[138.981875,35.910333],[138.981844,35.9103125],[138.981875,35.910292],[138.981875,35.910333]]],[[[138.981875,35.910292],[138.981844,35.9103125],[138.981844,35.910271],[138.981875,35.910292]]],[[[138.981875,35.91025],[138.981844,35.910271],[138.981844,35.910229],[138.981875,35.91025]]],[[[138.981875,35.91025],[138.981844,35.910229],[138.981875,35.910208],[138.981875,35.91025]]],[[[138.981875,35.910208],[138.981844,35.910229],[138.981844,35.9101875],[138.981875,35.910208]]],[[[138.981813,35.910292],[138.981813,35.91025],[138.981844,35.910271],[138.981813,35.910292]]],[[[138.981813,35.910292],[138.981844,35.910271],[138.981844,35.9103125],[138.981813,35.910292]]],[[[138.981813,35.91025],[138.981813,35.910208],[138.981844,35.910229],[138.981813,35.91025]]],[[[138.981813,35.91025],[138.981844,35.910229],[138.981844,35.910271],[138.981813,35.91025]]],[[[138.981875,35.910167],[138.981844,35.9101875],[138.981813,35.910167],[138.981875,35.910167]]],[[[138.981875,35.910333],[138.981844,35.910354],[138.981844,35.9103125],[138.981875,35.910333]]],[[[138.981813,35.910208],[138.981844,35.9101875],[138.981844,35.910229],[138.981813,35.910208]]],[[[138.981875,35.910292],[138.981844,35.910271],[138.981875,35.91025],[138.981875,35.910292]]],[[[138.981875,35.910167],[138.981875,35.910208],[138.981844,35.9101875],[138.981875,35.910167]]]]},"properties":{"layer":"flood","class_code":"3","class_label":"3m以上5m未満","scale_code":"2","scale_label":"L2（想定最大規模）"}},{"type":"Feature","id":"fld_56d593e0-d004-471e-8922-6ba147b058b8","geometry":{"type":"MultiPolygon","coordinates":[[[[138.979,35.911292],[138.978969,35.9113125],[138.978938,35.911292],[138.979,35.911292]]],[[[138.979,35.911333],[138.978969,35.9113125],[138.979,35.911292],[138.979,35.911333]]],[[[138.978938,35.911333],[138.978969,35.9113125],[138.979,35.911333],[138.978938,35.911333]]],[[[138.978938,35.911333],[138.978938,35.911292],[138.978969,35.9113125],[138.978938,35.911333]]]]},"properties":{"layer":"flood","class_code":"3","class_label":"3m以上5m未満","scale_code":"2","scale_label":"L2（想定最大規模）"}},{"type":"Feature","id":"fld_b49673d9-205b-420d-8584-27db1035ad1f","geometry":{"type":"MultiPolygon","coordinates":[[[[138.978875,35.911333],[138.978844,35.911354],[138.978813,35.911333],[138.978875,35.911333]]],[[[138.978875,35.911333],[138.978875,35.911375],[138.978844,35.911354],[138.978875,35.911333]]],[[[138.978813,35.911375],[138.978813,35.911333],[138.978844,35.911354],[138.978813,35.911375]]],[[[138.978813,35.911375],[138.9787815,35.911354],[138.978813,35.911333],[138.978813,35.911375]]],[[[138.978813,35.911375],[138.978844,35.911354],[138.978875,35.911375],[138.978813,35.911375]]],[[[138.97875,35.911375],[138.9787815,35.911354],[138.978813,35.911375],[138.97875,35.911375]]],[[[138.978813,35.911333],[138.9787815,35.911354],[138.97875,35.911333],[138.978813,35.911333]]],[[[138.97875,35.911375],[138.97875,35.911333],[138.9787815,35.911354],[138.97875,35.911375]]]]},"properties":{"layer":"flood","class_code":"3","class_label":"3m以上5m未満","scale_code":"2","scale_label":"L2（想定最大規模）"}},{"type":"Feature","id":"fld_41a3bf7c-9113-45ca-b892-d8ad81acc8f0","geometry":{"type":"MultiPolygon","coordinates":[[[[138.97725,35.908583],[138.9772815,35.908604],[138.97725,35.908625],[138.97725,35.908583]]],[[[138.977313,35.908583],[138.977313,35.908625],[138.9772815,35.908604],[138.977313,35.908583]]],[[[138.977313,35.908625],[138.97725,35.908625],[138.9772815,35.908604],[138.977313,35.908625]]],[[[138.977313,35.908583],[138.9772815,35.908604],[138.97725,35.908583],[138.977313,35.908583]]]]},"properties":{"layer":"flood","class_code":"3","class_label":"3m以上5m未満","scale_code":"2","scale_label":"L2（想定最大規模）"}},{"type":"Feature","id":"fld_57d545f8-c240-490d-9d82-15d52e790e20","geometry":{"type":"MultiPolygon","coordinates":[[[[138.97875,35.911375],[138.9787185,35.911396],[138.978687,35.911375],[138.97875,35.911375]]],[[[138.97875,35.911375],[138.97875,35.911417],[138.9787185,35.911396],[138.97875,35.911375]]],[[[138.978687,35.911417],[138.978687,35.911375],[138.9787185,35.911396],[138.978687,35.911417]]],[[[138.978687,35.911417],[138.9787185,35.911396],[138.97875,35.911417],[138.978687,35.911417]]]]},"properties":{"layer":"flood","class_code":"3","class_label":"3m以上5m未満","scale_code":"2","scale_label":"L2（想定最大規模）"}},{"type":"Feature","id":"fld_edb81e32-4650-4cef-bc45-99ab00019ca9","geometry":{"type":"MultiPolygon","coordinates":[[[[138.978687,35.911417],[138.978656,35.9114375],[138.978625,35.911417],[138.978687,35.911417]]],[[[138.978625,35.911458],[138.978656,35.9114375],[138.978687,35.911458],[138.978625,35.911458]]],[[[138.978625,35.911458],[138.978625,35.911417],[138.978656,35.9114375],[138.978625,35.911458]]],[[[138.978687,35.911417],[138.978687,35.911458],[138.978656,35.9114375],[138.978687,35.911417]]]]},"properties":{"layer":"flood","class_code":"3","class_label":"3m以上5m未満","scale_code":"2","scale_label":"L2（想定最大規模）"}},{"type":"Feature","id":"fld_4136462f-65cf-4fa0-b854-f751237ef51f","geometry":{"type":"MultiPolygon","coordinates":[[[[138.978625,35.911458],[138.978625,35.9115],[138.978594,35.911479],[138.978625,35.911458]]],[[[138.978625,35.911458],[138.978594,35.911479],[138.978563,35.911458],[138.978625,35.911458]]],[[[138.978563,35.9115],[138.978594,35.911479],[138.978625,35.9115],[138.978563,35.9115]]],[[[138.978563,35.9115],[138.978563,35.911458],[138.978594,35.911479],[138.978563,35.9115]]]]},"properties":{"layer":"flood","class_code":"3","class_label":"3m以上5m未満","scale_code":"2","scale_label":"L2（想定最大規模）"}},{"type":"Feature","id":"fld_94c301fb-f8ea-4211-b037-c40be20ddbbe","geometry":{"type":"MultiPolygon","coordinates":[[[[138.9785,35.911542],[138.9785,35.9115],[138.9785315,35.911521],[138.9785,35.911542]]],[[[138.9785,35.911542],[138.9785315,35.911521],[138.978563,35.911542],[138.9785,35.911542]]],[[[138.9785,35.9115],[138.978563,35.9115],[138.9785315,35.911521],[138.9785,35.9115]]],[[[138.9785315,35.911521],[138.978563,35.9115],[138.978563,35.911542],[138.9785315,35.911521]]]]},"properties":{"layer":"flood","class_code":"3","class_label":"3m以上5m未満","scale_code":"2","scale_label":"L2（想定最大規模）"}},{"type":"Feature","id":"fld_9355b58d-ca40-4c4e-889d-b9ef576b4352","geometry":{"type":"MultiPolygon","coordinates":[[[[138.9785,35.911542],[138.978469,35.9115625],[138.978438,35.911542],[138.9785,35.911542]]],[[[138.9785,35.911542],[138.9785,35.911583],[138.978469,35.9115625],[138.9785,35.911542]]],[[[138.978438,35.911583],[138.978469,35.9115625],[138.9785,35.911583],[138.978438,35.911583]]],[[[138.978438,35.911583],[138.978438,35.911542],[138.978469,35.9115625],[138.978438,35.911583]]]]},"properties":{"layer":"flood","class_code":"3","class_label":"3m以上5m未満","scale_code":"2","scale_label":"L2（想定最大規模）"}},{"type":"Feature","id":"fld_e8deeb14-d251-4a2d-bab0-d4e376bea7f7","geometry":{"type":"MultiPolygon","coordinates":[[[[138.978375,35.911583],[138.978344,35.911604],[138.978313,35.911583],[138.978375,35.911583]]],[[[138.978375,35.911625],[138.978313,35.911625],[138.978344,35.911604],[138.978375,35.911625]]],[[[138.978375,35.911583],[138.978375,35.911625],[138.978344,35.911604],[138.978375,35.911583]]],[[[138.978313,35.911583],[138.978344,35.911604],[138.978313,35.911625],[138.978313,35.911583]]]]},"properties":{"layer":"flood","class_code":"3","class_label":"3m以上5m未満","scale_code":"2","scale_label":"L2（想定最大規模）"}},{"type":"Feature","id":"fld_8e74f552-08e4-49ea-8044-20e73f25a85c","geometry":{"type":"MultiPolygon","coordinates":[[[[138.977937,35.912292],[138.977906,35.912271],[138.977937,35.91225],[138.977937,35.912292]]],[[[138.977937,35.912292],[138.977906,35.9123125],[138.977906,35.912271],[138.977937,35.912292]]],[[[138.977875,35.91225],[138.977937,35.91225],[138.977906,35.912271],[138.977875,35.91225]]],[[[138.977875,35.912292],[138.977875,35.91225],[138.977906,35.912271],[138.977875,35.912292]]],[[[138.977875,35.912292],[138.977906,35.912271],[138.977906,35.9123125],[138.977875,35.912292]]],[[[138.977875,35.912292],[138.977906,35.9123125],[138.977875,35.912333],[138.977875,35.912292]]],[[[138.977875,35.912333],[138.977906,35.9123125],[138.977937,35.912333],[138.977875,35.912333]]],[[[138.977937,35.912333],[138.977906,35.9123125],[138.977937,35.912292],[138.977937,35.912333]]]]},"properties":{"layer":"flood","class_code":"3","class_label":"3m以上5m未満","scale_code":"2","scale_label":"L2（想定最大規模）"}},{"type":"Feature","id":"fld_eae7ab57-5461-4f39-bb48-52a2d49c4364","geometry":{"type":"MultiPolygon","coordinates":[[[[138.977813,35.912708],[138.977844,35.912729],[138.977813,35.91275],[138.977813,35.912708]]],[[[138.977813,35.912625],[138.977844,35.912646],[138.977813,35.912667],[138.977813,35.912625]]],[[[138.977875,35.912708],[138.977875,35.91275],[138.977844,35.912729],[138.977875,35.912708]]],[[[138.977875,35.912667],[138.977844,35.912646],[138.977875,35.912625],[138.977875,35.912667]]],[[[138.977875,35.912667],[138.977844,35.9126875],[138.977844,35.912646],[138.977875,35.912667]]],[[[138.977875,35.912708],[138.977844,35.912729],[138.977844,35.9126875],[138.977875,35.912708]]],[[[138.977875,35.91275],[138.977813,35.91275],[138.977844,35.912729],[138.977875,35.91275]]],[[[138.977875,35.912667],[138.977875,35.912708],[138.977844,35.9126875],[138.977875,35.912667]]],[[[138.977813,35.912667],[138.977844,35.912646],[138.977844,35.9126875],[138.977813,35.912667]]],[[[138.977813,35.912708],[138.977813,35.912667],[138.977844,35.9126875],[138.977813,35.912708]]],[[[138.977813,35.912708],[138.977844,35.9126875],[138.977844,35.912729],[138.977813,35.912708]]],[[[138.977813,35.912625],[138.977875,35.912625],[138.977844,35.912646],[138.977813,35.912625]]]]},"properties":{"layer":"flood","class_code":"3","class_label":"3m以上5m未満","scale_code":"2","scale_label":"L2（想定最大規模）"}},{"type":"Feature","id":"fld_5901284b-da8c-49d6-8e32-33a6ad3cfbfd","geometry":{"type":"MultiPolygon","coordinates":[[[[138.977188,35.913125],[138.977188,35.913083],[138.977219,35.913104],[138.977188,35.913125]]],[[[138.97725,35.913125],[138.977219,35.913104],[138.97725,35.913083],[138.97725,35.913125]]],[[[138.977188,35.913083],[138.97725,35.913083],[138.977219,35.913104],[138.977188,35.913083]]],[[[138.977188,35.913125],[138.977219,35.913104],[138.97725,35.913125],[138.977188,35.913125]]]]},"properties":{"layer":"flood","class_code":"3","class_label":"3m以上5m未満","scale_code":"2","scale_label":"L2（想定最大規模）"}},{"type":"Feature","id":"fld_0fefe9c7-5421-4c0e-b762-c0c6e699983f","geometry":{"type":"MultiPolygon","coordinates":[[[[138.977,35.908417],[138.9770315,35.9084375],[138.977,35.908458],[138.977,35.908417]]],[[[138.977,35.908417],[138.977,35.908458],[138.9769685,35.9084375],[138.977,35.908417]]],[[[138.977,35.908417],[138.9769685,35.9084375],[138.976937,35.908417],[138.977,35.908417]]],[[[138.976812,35.908417],[138.976875,35.908417],[138.9768435,35.9084375],[138.976812,35.908417]]],[[[138.976812,35.908417],[138.9768435,35.9084375],[138.976812,35.908458],[138.976812,35.908417]]],[[[138.976812,35.908417],[138.976781,35.9084375],[138.97675,35.908417],[138.976812,35.908417]]],[[[138.97675,35.908417],[138.976781,35.9084375],[138.97675,35.908458],[138.97675,35.908417]]],[[[138.976688,35.908458],[138.976688,35.908417],[138.976719,35.9084375],[138.976688,35.908458]]],[[[138.976688,35.908458],[138.976719,35.9084375],[138.976719,35.908479],[138.976688,35.908458]]],[[[138.976812,35.908417],[138.976812,35.908458],[138.976781,35.9084375],[138.976812,35.908417]]],[[[138.976875,35.908458],[138.976875,35.908417],[138.976906,35.9084375],[138.976875,35.908458]]],[[[138.97675,35.9085],[138.976719,35.908479],[138.97675,35.908458],[138.97675,35.9085]]],[[[138.976937,35.908458],[138.976875,35.908458],[138.976906,35.9084375],[138.976937,35.908458]]],[[[138.977063,35.908458],[138.9770315,35.9084375],[138.977063,35.908417],[138.977063,35.908458]]],[[[138.97675,35.9085],[138.976688,35.9085],[138.976719,35.908479],[138.97675,35.9085]]],[[[138.977063,35.908458],[138.977,35.908458],[138.9770315,35.9084375],[138.977063,35.908458]]],[[[138.97675,35.908417],[138.97675,35.908458],[138.976719,35.9084375],[138.97675,35.908417]]],[[[138.976937,35.908458],[138.976906,35.9084375],[138.976937,35.908417],[138.976937,35.908458]]],[[[138.976937,35.908458],[138.976937,35.908417],[138.9769685,35.9084375],[138.976937,35.908458]]],[[[138.977,35.908458],[138.976937,35.908458],[138.9769685,35.9084375],[138.977,35.908458]]],[[[138.976875,35.908458],[138.9768435,35.9084375],[138.976875,35.908417],[138.976875,35.908458]]],[[[138.976875,35.908458],[138.976812,35.908458],[138.9768435,35.9084375],[138.976875,35.908458]]],[[[138.976937,35.908417],[138.976906,35.9084375],[138.976875,35.908417],[138.976937,35.908417]]],[[[138.97675,35.908458],[138.976719,35.908479],[138.976719,35.9084375],[138.97675,35.908458]]],[[[138.976688,35.9085],[138.976625,35.9085],[138.9766565,35.908479],[138.976688,35.9085]]],[[[138.976812,35.908458],[138.97675,35.908458],[138.976781,35.9084375],[138.976812,35.908458]]],[[[138.977,35.908417],[138.977063,35.908417],[138.9770315,35.9084375],[138.977,35.908417]]],[[[138.976688,35.908417],[138.97675,35.908417],[138.976719,35.9084375],[138.976688,35.908417]]],[[[138.976625,35.908458],[138.9766565,35.908479],[138.976625,35.9085],[138.976625,35.908458]]],[[[138.976688,35.908458],[138.9766565,35.908479],[138.976625,35.908458],[138.976688,35.908458]]],[[[138.976688,35.908458],[138.976688,35.9085],[138.9766565,35.908479],[138.976688,35.908458]]],[[[138.976688,35.908458],[138.976719,35.908479],[138.976688,35.9085],[138.976688,35.908458]]]]},"properties":{"layer":"flood","class_code":"3","class_label":"3m以上5m未満","scale_code":"2","scale_label":"L2（想定最大規模）"}},{"type":"Feature","id":"fld_020e7e79-9a2d-4f34-86fc-42882b393700","geometry":{"type":"MultiPolygon","coordinates":[[[[138.977125,35.908458],[138.977125,35.9085],[138.977094,35.908479],[138.977125,35.908458]]],[[[138.977063,35.908458],[138.977094,35.908479],[138.977063,35.9085],[138.977063,35.908458]]],[[[138.977063,35.9085],[138.977094,35.908479],[138.977125,35.9085],[138.977063,35.9085]]],[[[138.977125,35.908458],[138.977094,35.908479],[138.977063,35.908458],[138.977125,35.908458]]]]},"properties":{"layer":"flood","class_code":"3","class_label":"3m以上5m未満","scale_code":"2","scale_label":"L2（想定最大規模）"}},{"type":"Feature","id":"fld_ee54daee-edcf-4ea8-a33f-dce4366453c0","geometry":{"type":"MultiPolygon","coordinates":[[[[138.977375,35.908708],[138.977375,35.90875],[138.977344,35.908729],[138.977375,35.908708]]],[[[138.977313,35.908708],[138.977344,35.9086875],[138.977344,35.908729],[138.977313,35.908708]]],[[[138.977375,35.908667],[138.977344,35.9086875],[138.977313,35.908667],[138.977375,35.908667]]],[[[138.977375,35.90875],[138.977313,35.90875],[138.977344,35.908729],[138.977375,35.90875]]],[[[138.977313,35.90875],[138.977313,35.908708],[138.977344,35.908729],[138.977313,35.90875]]],[[[138.977313,35.908708],[138.977313,35.908667],[138.977344,35.9086875],[138.977313,35.908708]]],[[[138.977375,35.908708],[138.977344,35.9086875],[138.977375,35.908667],[138.977375,35.908708]]],[[[138.977375,35.908708],[138.977344,35.908729],[138.977344,35.9086875],[138.977375,35.908708]]]]},"properties":{"layer":"flood","class_code":"3","class_label":"3m以上5m未満","scale_code":"2","scale_label":"L2（想定最大規模）"}},{"type":"Feature","id":"fld_3a868eb7-f1d0-4822-ac8c-109ffaaa1f84","geometry":{"type":"MultiPolygon","coordinates":[[[[138.977375,35.908833],[138.9774065,35.9088125],[138.977438,35.908833],[138.977375,35.908833]]],[[[138.977375,35.908833],[138.977375,35.908792],[138.9774065,35.9088125],[138.977375,35.908833]]],[[[138.977375,35.908792],[138.977375,35.90875],[138.9774065,35.908771],[138.977375,35.908792]]],[[[138.977438,35.908792],[138.977438,35.908833],[138.9774065,35.9088125],[138.977438,35.908792]]],[[[138.977375,35.908792],[138.9774065,35.908771],[138.9774065,35.9088125],[138.977375,35.908792]]],[[[138.977438,35.908792],[138.9774065,35.9088125],[138.9774065,35.908771],[138.977438,35.908792]]],[[[138.977438,35.908792],[138.9774065,35.908771],[138.977438,35.90875],[138.977438,35.908792]]],[[[138.977438,35.90875],[138.9774065,35.908771],[138.977375,35.90875],[138.977438,35.90875]]]]},"properties":{"layer":"flood","class_code":"3","class_label":"3m以上5m未満","scale_code":"2","scale_label":"L2（想定最大規模）"}},{"type":"Feature","id":"fld_02f87f56-f286-472d-b44c-5183f6786117","geometry":{"type":"MultiPolygon","coordinates":[[[[138.977438,35.908875],[138.977438,35.908833],[138.977469,35.908854],[138.977438,35.908875]]],[[[138.9775,35.908833],[138.977469,35.908854],[138.977438,35.908833],[138.9775,35.908833]]],[[[138.9775,35.908833],[138.9775,35.908875],[138.977469,35.908854],[138.9775,35.908833]]],[[[138.9775,35.908875],[138.977438,35.908875],[138.977469,35.908854],[138.9775,35.908875]]]]},"properties":{"layer":"flood","class_code":"3","class_label":"3m以上5m未満","scale_code":"2","scale_label":"L2（想定最大規模）"}},{"type":"Feature","id":"fld_1c99f9c5-3e6f-436d-b6ef-1211b73757fc","geometry":{"type":"MultiPolygon","coordinates":[[[[138.97875,35.910167],[138.97875,35.910208],[138.9787185,35.9101875],[138.97875,35.910167]]],[[[138.978687,35.910167],[138.9787185,35.9101875],[138.978687,35.910208],[138.978687,35.910167]]],[[[138.978687,35.910167],[138.978687,35.910208],[138.978656,35.9101875],[138.978687,35.910167]]],[[[138.978625,35.910167],[138.978656,35.910146],[138.978656,35.9101875],[138.978625,35.910167]]],[[[138.978625,35.910167],[138.978656,35.9101875],[138.978625,35.910208],[138.978625,35.910167]]],[[[138.978687,35.910125],[138.978656,35.910146],[138.978625,35.910125],[138.978687,35.910125]]],[[[138.978687,35.910167],[138.978656,35.910146],[138.978687,35.910125],[138.978687,35.910167]]],[[[138.978687,35.910167],[138.978656,35.9101875],[138.978656,35.910146],[138.978687,35.910167]]],[[[138.97875,35.910167],[138.9787185,35.9101875],[138.978687,35.910167],[138.97875,35.910167]]],[[[138.978625,35.910208],[138.978656,35.9101875],[138.978687,35.910208],[138.978625,35.910208]]],[[[138.978687,35.91025],[138.978687,35.910208],[138.9787185,35.910229],[138.978687,35.91025]]],[[[138.978687,35.91025],[138.9787185,35.910229],[138.97875,35.91025],[138.978687,35.91025]]],[[[138.978687,35.910208],[138.9787185,35.9101875],[138.9787185,35.910229],[138.978687,35.910208]]],[[[138.978625,35.910167],[138.978625,35.910125],[138.978656,35.910146],[138.978625,35.910167]]],[[[138.97875,35.910208],[138.97875,35.91025],[138.9787185,35.910229],[138.97875,35.910208]]],[[[138.97875,35.910208],[138.9787185,35.910229],[138.9787185,35.9101875],[138.97875,35.910208]]]]},"properties":{"layer":"flood","class_code":"3","class_label":"3m以上5m未満","scale_code":"2","scale_label":"L2（想定最大規模）"}},{"type":"Feature","id":"fld_d4c0a878-824a-4714-bce5-f3e3933b2902","geometry":{"type":"MultiPolygon","coordinates":[[[[138.979313,35.910375],[138.979344,35.910396],[138.979313,35.910417],[138.979313,35.910375]]],[[[138.979313,35.910375],[138.979313,35.910417],[138.9792815,35.910396],[138.979313,35.910375]]],[[[138.979313,35.910375],[138.9792815,35.910396],[138.9792815,35.910354],[138.979313,35.910375]]],[[[138.979313,35.910375],[138.9792815,35.910354],[138.979313,35.910333],[138.979313,35.910375]]],[[[138.979313,35.910375],[138.979375,35.910375],[138.979344,35.910396],[138.979313,35.910375]]],[[[138.97925,35.910333],[138.97925,35.910375],[138.9792185,35.910354],[138.97925,35.910333]]],[[[138.97925,35.910333],[138.9792185,35.910354],[138.9792185,35.9103125],[138.97925,35.910333]]],[[[138.97925,35.910333],[138.9792185,35.9103125],[138.97925,35.910292],[138.97925,35.910333]]],[[[138.97925,35.910333],[138.979313,35.910333],[138.9792815,35.910354],[138.97925,35.910333]]],[[[138.97925,35.910333],[138.9792815,35.910354],[138.97925,35.910375],[138.97925,35.910333]]],[[[138.97925,35.910292],[138.9792185,35.9103125],[138.9792185,35.910271],[138.97925,35.910292]]],[[[138.9792185,35.9103125],[138.9792185,35.910354],[138.979156,35.910354],[138.9792185,35.9103125]]],[[[138.979375,35.910458],[138.979313,35.910458],[138.979344,35.9104375],[138.979375,35.910458]]],[[[138.979313,35.910458],[138.979313,35.910417],[138.979344,35.9104375],[138.979313,35.910458]]],[[[138.97925,35.910292],[138.9792185,35.910271],[138.97925,35.91025],[138.97925,35.910292]]],[[[138.979187,35.91025],[138.979156,35.910271],[138.979156,35.910229],[138.979187,35.91025]]],[[[138.979313,35.910417],[138.979344,35.910396],[138.979344,35.9104375],[138.979313,35.910417]]],[[[138.979313,35.910417],[138.97925,35.910417],[138.9792815,35.910396],[138.979313,35.910417]]],[[[138.979187,35.910375],[138.979125,35.910375],[138.979156,35.910354],[138.979187,35.910375]]],[[[138.979187,35.910375],[138.979156,35.910354],[138.9792185,35.910354],[138.979187,35.910375]]],[[[138.979187,35.910375],[138.9792185,35.910354],[138.97925,35.910375],[138.979187,35.910375]]],[[[138.97925,35.910417],[138.97925,35.910375],[138.9792815,35.910396],[138.97925,35.910417]]],[[[138.97925,35.910375],[138.9792815,35.910354],[138.9792815,35.910396],[138.97925,35.910375]]],[[[138.979125,35.910375],[138.979125,35.910333],[138.979156,35.910354],[138.979125,35.910375]]],[[[138.979125,35.910333],[138.979125,35.910292],[138.979156,35.9103125],[138.979125,35.910333]]],[[[138.979125,35.910333],[138.979156,35.9103125],[138.979156,35.910354],[138.979125,35.910333]]],[[[138.979125,35.910292],[138.979125,35.91025],[138.979156,35.910271],[138.979125,35.910292]]],[[[138.979125,35.910292],[138.979156,35.910271],[138.979156,35.9103125],[138.979125,35.910292]]],[[[138.979187,35.91025],[138.979156,35.910229],[138.979187,35.910208],[138.979187,35.91025]]],[[[138.979187,35.91025],[138.97925,35.91025],[138.9792185,35.910271],[138.979187,35.91025]]],[[[138.979187,35.91025],[138.9792185,35.910271],[138.979156,35.910271],[138.979187,35.91025]]],[[[138.979187,35.910208],[138.979156,35.910229],[138.979125,35.910208],[138.979187,35.910208]]],[[[138.979375,35.910417],[138.979344,35.910396],[138.979375,35.910375],[138.979375,35.910417]]],[[[138.979375,35.910417],[138.979375,35.910458],[138.979344,35.9104375],[138.979375,35.910417]]],[[[138.979375,35.910417],[138.979344,35.9104375],[138.979344,35.910396],[138.979375,35.910417]]],[[[138.979125,35.91025],[138.979125,35.910208],[138.979156,35.910229],[138.979125,35.91025]]],[[[138.979125,35.91025],[138.979156,35.910229],[138.979156,35.910271],[138.979125,35.91025]]],[[[138.9792185,35.910271],[138.9792185,35.9103125],[138.979156,35.910271],[138.9792185,35.910271]]],[[[138.979156,35.910271],[138.9792185,35.9103125],[138.979156,35.9103125],[138.979156,35.910271]]],[[[138.9792185,35.9103125],[138.979156,35.910354],[138.979156,35.9103125],[138.9792185,35.9103125]]]]},"properties":{"layer":"flood","class_code":"3","class_label":"3m以上5m未満","scale_code":"2","scale_label":"L2（想定最大規模）"}},{"type":"Feature","id":"fld_11ac6022-9183-459e-9d63-6afdef02bcda","geometry":{"type":"MultiPolygon","coordinates":[[[[138.979438,35.9105],[138.979375,35.9105],[138.9794065,35.910479],[138.979438,35.9105]]],[[[138.979375,35.9105],[138.979375,35.910458],[138.9794065,35.910479],[138.979375,35.9105]]],[[[138.979438,35.910458],[138.979438,35.9105],[138.9794065,35.910479],[138.979438,35.910458]]],[[[138.979438,35.910458],[138.9794065,35.910479],[138.979375,35.910458],[138.979438,35.910458]]]]},"properties":{"layer":"flood","class_code":"3","class_label":"3m以上5m未満","scale_code":"2","scale_label":"L2（想定最大規模）"}},{"type":"Feature","id":"fld_3ca6969c-d035-42bc-b1a8-4a831d408d03","geometry":{"type":"MultiPolygon","coordinates":[[[[138.979438,35.910583],[138.979438,35.910542],[138.979469,35.9105625],[138.979438,35.910583]]],[[[138.9795,35.910542],[138.9795,35.910583],[138.979469,35.9105625],[138.9795,35.910542]]],[[[138.9795,35.910542],[138.979469,35.9105625],[138.979438,35.910542],[138.9795,35.910542]]],[[[138.9795,35.910583],[138.979438,35.910583],[138.979469,35.9105625],[138.9795,35.910583]]]]},"properties":{"layer":"flood","class_code":"3","class_label":"3m以上5m未満","scale_code":"2","scale_label":"L2（想定最大規模）"}},{"type":"Feature","id":"fld_35fd09cb-95f4-4315-9ae6-17b0bd2bf68c","geometry":{"type":"MultiPolygon","coordinates":[[[[138.979563,35.910583],[138.9795315,35.910604],[138.9795,35.910583],[138.979563,35.910583]]],[[[138.979563,35.910583],[138.979563,35.910625],[138.9795315,35.910604],[138.979563,35.910583]]],[[[138.979563,35.910625],[138.9795,35.910625],[138.9795315,35.910604],[138.979563,35.910625]]],[[[138.9795,35.910625],[138.9795,35.910583],[138.9795315,35.910604],[138.9795,35.910625]]]]},"properties":{"layer":"flood","class_code":"3","class_label":"3m以上5m未満","scale_code":"2","scale_label":"L2（想定最大規模）"}},{"type":"Feature","id":"fld_798ba4c9-11ae-4282-8bda-605eb9f2cb97","geometry":{"type":"MultiPolygon","coordinates":[[[[138.979625,35.910625],[138.979594,35.910646],[138.979563,35.910625],[138.979625,35.910625]]],[[[138.979625,35.910667],[138.979594,35.910646],[138.979625,35.910625],[138.979625,35.910667]]],[[[138.979625,35.910667],[138.979594,35.9106875],[138.979594,35.910646],[138.979625,35.910667]]],[[[138.979625,35.910667],[138.979625,35.910708],[138.979594,35.9106875],[138.979625,35.910667]]],[[[138.979563,35.910708],[138.979563,35.910667],[138.979594,35.9106875],[138.979563,35.910708]]],[[[138.979563,35.910667],[138.979563,35.910625],[138.979594,35.910646],[138.979563,35.910667]]],[[[138.979563,35.910667],[138.979594,35.910646],[138.979594,35.9106875],[138.979563,35.910667]]],[[[138.979625,35.910708],[138.979563,35.910708],[138.979594,35.9106875],[138.979625,35.910708]]]]},"properties":{"layer":"flood","class_code":"3","class_label":"3m以上5m未満","scale_code":"2","scale_label":"L2（想定最大規模）"}},{"type":"Feature","id":"fld_e7d6b931-bd96-401d-b9eb-6a3b894bb5ba","geometry":{"type":"MultiPolygon","coordinates":[[[[138.978938,35.911292],[138.9789065,35.911271],[138.978938,35.91125],[138.978938,35.911292]]],[[[138.978875,35.911292],[138.9789065,35.911271],[138.978938,35.911292],[138.978875,35.911292]]],[[[138.978875,35.91125],[138.978844,35.911271],[138.978813,35.91125],[138.978875,35.91125]]],[[[138.978875,35.91125],[138.978875,35.911292],[138.978844,35.911271],[138.978875,35.91125]]],[[[138.978875,35.91125],[138.9789065,35.911271],[138.978875,35.911292],[138.978875,35.91125]]],[[[138.978875,35.91125],[138.978938,35.91125],[138.9789065,35.911271],[138.978875,35.91125]]],[[[138.978813,35.91125],[138.978844,35.911271],[138.978813,35.911292],[138.978813,35.91125]]],[[[138.978875,35.911292],[138.978813,35.911292],[138.978844,35.911271],[138.978875,35.911292]]]]},"properties":{"layer":"flood","class_code":"3","class_label":"3m以上5m未満","scale_code":"2","scale_label":"L2（想定最大規模）"}},{"type":"Feature","id":"fld_13c6db16-35ec-4036-92df-92c663690cd0","geometry":{"type":"MultiPolygon","coordinates":[[[[138.975563,35.914],[138.9755,35.914],[138.9755315,35.913979],[138.975563,35.914]]],[[[138.975563,35.914],[138.9755315,35.913979],[138.975563,35.913958],[138.975563,35.914]]],[[[138.975563,35.913958],[138.9755315,35.913979],[138.9755,35.913958],[138.975563,35.913958]]],[[[138.9755,35.913958],[138.9755315,35.913979],[138.9755,35.914],[138.9755,35.913958]]]]},"properties":{"layer":"flood","class_code":"3","class_label":"3m以上5m未満","scale_code":"2","scale_label":"L2（想定最大規模）"}},{"type":"Feature","id":"fld_010a5aa9-cdb1-4db2-8182-b4aae4492f34","geometry":{"type":"MultiPolygon","coordinates":[[[[138.975188,35.915583],[138.97525,35.915583],[138.975219,35.915604],[138.975188,35.915583]]],[[[138.975188,35.915583],[138.975219,35.915604],[138.975188,35.915625],[138.975188,35.915583]]],[[[138.975188,35.915667],[138.975188,35.915625],[138.975219,35.915646],[138.975188,35.915667]]],[[[138.975188,35.915667],[138.975219,35.915646],[138.97525,35.915667],[138.975188,35.915667]]],[[[138.975188,35.915625],[138.975219,35.915604],[138.975219,35.915646],[138.975188,35.915625]]],[[[138.97525,35.915667],[138.975219,35.915646],[138.97525,35.915625],[138.97525,35.915667]]],[[[138.975219,35.915604],[138.97525,35.915583],[138.97525,35.915625],[138.975219,35.915604]]],[[[138.975219,35.915604],[138.97525,35.915625],[138.975219,35.915646],[138.975219,35.915604]]]]},"properties":{"layer":"flood","class_code":"4","class_label":"5m以上10m未満","scale_code":"2","scale_label":"L2（想定最大規模）"}},{"type":"Feature","id":"fld_71b41d41-f87b-4088-a997-8fc070c13f6d","geometry":{"type":"MultiPolygon","coordinates":[[[[138.975281,35.915354],[138.97525,35.915375],[138.97525,35.915333],[138.975281,35.915354]]],[[[138.975281,35.915354],[138.97525,35.915333],[138.975281,35.9153125],[138.975281,35.915354]]],[[[138.975281,35.915354],[138.975281,35.9153125],[138.975312,35.915333],[138.975281,35.915354]]],[[[138.975281,35.915354],[138.975312,35.915333],[138.975312,35.915375],[138.975281,35.915354]]],[[[138.975281,35.915354],[138.975312,35.915375],[138.97525,35.915375],[138.975281,35.915354]]],[[[138.975281,35.915271],[138.975281,35.9153125],[138.97525,35.915292],[138.975281,35.915271]]],[[[138.975281,35.915271],[138.97525,35.915292],[138.97525,35.91525],[138.975281,35.915271]]],[[[138.975281,35.915271],[138.97525,35.91525],[138.975281,35.915229],[138.975281,35.915271]]],[[[138.975281,35.915271],[138.975281,35.915229],[138.975312,35.91525],[138.975281,35.915271]]],[[[138.975281,35.915271],[138.975312,35.91525],[138.975312,35.915292],[138.975281,35.915271]]],[[[138.975281,35.915271],[138.975312,35.915292],[138.975281,35.9153125],[138.975281,35.915271]]],[[[138.97525,35.915333],[138.97525,35.915292],[138.975281,35.9153125],[138.97525,35.915333]]],[[[138.975312,35.915333],[138.975281,35.9153125],[138.975312,35.915292],[138.975312,35.915333]]],[[[138.975312,35.91525],[138.975281,35.915229],[138.975312,35.915208],[138.975312,35.91525]]],[[[138.97525,35.915167],[138.975312,35.915167],[138.975281,35.9151875],[138.97525,35.915167]]],[[[138.97525,35.915167],[138.975281,35.9151875],[138.97525,35.915208],[138.97525,35.915167]]],[[[138.97525,35.915208],[138.975281,35.915229],[138.97525,35.91525],[138.97525,35.915208]]],[[[138.97525,35.915208],[138.975281,35.9151875],[138.975281,35.915229],[138.97525,35.915208]]],[[[138.975312,35.915208],[138.975281,35.9151875],[138.975312,35.915167],[138.975312,35.915208]]],[[[138.975312,35.915208],[138.975281,35.915229],[138.975281,35.9151875],[138.975312,35.915208]]]]},"properties":{"layer":"flood","class_code":"4","class_label":"5m以上10m未満","scale_code":"2","scale_label":"L2（想定最大規模）"}},{"type":"Feature","id":"fld_4675c1b3-42cf-43f3-a819-4b5482d91f52","geometry":{"type":"MultiPolygon","coordinates":[[[[138.978656,35.9099375],[138.978687,35.909917],[138.978687,35.909958],[138.978656,35.9099375]]],[[[138.978656,35.9099375],[138.978687,35.909958],[138.978656,35.909979],[138.978656,35.9099375]]],[[[138.978656,35.9099375],[138.978656,35.909979],[138.978625,35.909958],[138.978656,35.9099375]]],[[[138.978656,35.9099375],[138.978625,35.909958],[138.978625,35.909917],[138.978656,35.9099375]]],[[[138.978656,35.9099375],[138.978625,35.909917],[138.978687,35.909917],[138.978656,35.9099375]]],[[[138.978625,35.91],[138.978656,35.909979],[138.978687,35.91],[138.978625,35.91]]],[[[138.978625,35.91],[138.978625,35.909958],[138.978656,35.909979],[138.978625,35.91]]],[[[138.978687,35.909958],[138.978687,35.91],[138.978656,35.909979],[138.978687,35.909958]]]]},"properties":{"layer":"flood","class_code":"4","class_label":"5m以上10m未満","scale_code":"2","scale_label":"L2（想定最大規模）"}},{"type":"Feature","id":"fld_196fb43f-e74f-404d-8ef7-f3c0023e4d6b","geometry":{"type":"MultiPolygon","coordinates":[[[[138.978625,35.909875],[138.978563,35.909875],[138.978594,35.909854],[138.978625,35.909875]]],[[[138.978625,35.909875],[138.978594,35.909854],[138.978625,35.909833],[138.978625,35.909875]]],[[[138.978563,35.909875],[138.978563,35.909833],[138.978594,35.909854],[138.978563,35.909875]]],[[[138.978563,35.909833],[138.978625,35.909833],[138.978594,35.909854],[138.978563,35.909833]]]]},"properties":{"layer":"flood","class_code":"4","class_label":"5m以上10m未満","scale_code":"2","scale_label":"L2（想定最大規模）"}}]}