{"type":"FeatureCollection","properties":{"mesh_code":"54390050","source":"PLATEAU秩父市2025","layer":"flood"},"features":[{"type":"Feature","id":"fld_da57da22-5b95-470e-82de-8334280aa5c6","geometry":{"type":"MultiPolygon","coordinates":[[[[139.009438,36.049125],[139.0095,36.049125],[139.009469,36.049146],[139.009438,36.049125]]],[[[139.009438,36.049167],[139.009438,36.049125],[139.009469,36.049146],[139.009438,36.049167]]],[[[139.009438,36.049167],[139.009469,36.049146],[139.0095,36.049167],[139.009438,36.049167]]],[[[139.0095,36.049167],[139.009469,36.049146],[139.0095,36.049125],[139.0095,36.049167]]]]},"properties":{"layer":"flood","class_code":"1","class_label":"0.5m未満","scale_code":"1","scale_label":"L1（計画規模）"}},{"type":"Feature","id":"fld_663872c6-13e5-4ba2-8bc5-0c709eea49d1","geometry":{"type":"MultiPolygon","coordinates":[[[[139.01,36.04925],[139.010063,36.04925],[139.0100315,36.049271],[139.01,36.04925]]],[[[139.01,36.04925],[139.0100315,36.049271],[139.01,36.049292],[139.01,36.04925]]],[[[139.01,36.04925],[139.01,36.049292],[139.0099685,36.049271],[139.01,36.04925]]],[[[139.01,36.04925],[139.0099685,36.049271],[139.009937,36.04925],[139.01,36.04925]]],[[[139.009937,36.04925],[139.0099685,36.049271],[139.009937,36.049292],[139.009937,36.04925]]],[[[139.009937,36.04925],[139.009937,36.049292],[139.009906,36.049271],[139.009937,36.04925]]],[[[139.009937,36.04925],[139.009906,36.049271],[139.009875,36.04925],[139.009937,36.04925]]],[[[139.009875,36.04925],[139.009906,36.049271],[139.009875,36.049292],[139.009875,36.04925]]],[[[139.009875,36.049292],[139.009906,36.049271],[139.009937,36.049292],[139.009875,36.049292]]],[[[139.0099685,36.049271],[139.01,36.049292],[139.009937,36.049292],[139.0099685,36.049271]]],[[[139.010063,36.04925],[139.010125,36.04925],[139.010094,36.049271],[139.010063,36.04925]]],[[[139.010063,36.04925],[139.010094,36.049271],[139.010063,36.049292],[139.010063,36.04925]]],[[[139.010063,36.04925],[139.010063,36.049292],[139.0100315,36.049271],[139.010063,36.04925]]],[[[139.010125,36.04925],[139.010188,36.04925],[139.0101565,36.049271],[139.010125,36.04925]]],[[[139.010125,36.04925],[139.0101565,36.049271],[139.010125,36.049292],[139.010125,36.04925]]],[[[139.010125,36.04925],[139.010125,36.049292],[139.010094,36.049271],[139.010125,36.04925]]],[[[139.010188,36.04925],[139.01025,36.04925],[139.010219,36.049271],[139.010188,36.04925]]],[[[139.010188,36.04925],[139.010219,36.049271],[139.010188,36.049292],[139.010188,36.04925]]],[[[139.010188,36.04925],[139.010188,36.049292],[139.0101565,36.049271],[139.010188,36.04925]]],[[[139.01025,36.04925],[139.010313,36.04925],[139.0102815,36.049271],[139.01025,36.04925]]],[[[139.01025,36.04925],[139.0102815,36.049271],[139.01025,36.049292],[139.01025,36.04925]]],[[[139.01025,36.04925],[139.01025,36.049292],[139.010219,36.049271],[139.01025,36.04925]]],[[[139.0100315,36.049271],[139.010063,36.049292],[139.01,36.049292],[139.0100315,36.049271]]],[[[139.010094,36.049271],[139.010125,36.049292],[139.010063,36.049292],[139.010094,36.049271]]],[[[139.0101565,36.049271],[139.010188,36.049292],[139.010125,36.049292],[139.0101565,36.049271]]],[[[139.010219,36.049271],[139.01025,36.049292],[139.010188,36.049292],[139.010219,36.049271]]],[[[139.0102815,36.049271],[139.010313,36.049292],[139.01025,36.049292],[139.0102815,36.049271]]],[[[139.010563,36.04925],[139.010563,36.049292],[139.0105315,36.049271],[139.010563,36.04925]]],[[[139.010563,36.04925],[139.0105315,36.049271],[139.0105,36.04925],[139.010563,36.04925]]],[[[139.010313,36.04925],[139.010375,36.04925],[139.010344,36.049271],[139.010313,36.04925]]],[[[139.010313,36.04925],[139.010344,36.049271],[139.010313,36.049292],[139.010313,36.04925]]],[[[139.010313,36.04925],[139.010313,36.049292],[139.0102815,36.049271],[139.010313,36.04925]]],[[[139.010375,36.04925],[139.010438,36.04925],[139.0104065,36.049271],[139.010375,36.04925]]],[[[139.010375,36.04925],[139.0104065,36.049271],[139.010375,36.049292],[139.010375,36.04925]]],[[[139.010375,36.04925],[139.010375,36.049292],[139.010344,36.049271],[139.010375,36.04925]]],[[[139.010438,36.04925],[139.0105,36.04925],[139.010469,36.049271],[139.010438,36.04925]]],[[[139.010438,36.04925],[139.010469,36.049271],[139.010438,36.049292],[139.010438,36.04925]]],[[[139.010438,36.04925],[139.010438,36.049292],[139.0104065,36.049271],[139.010438,36.04925]]],[[[139.0105,36.04925],[139.0105315,36.049271],[139.0105,36.049292],[139.0105,36.04925]]],[[[139.0105,36.04925],[139.0105,36.049292],[139.010469,36.049271],[139.0105,36.04925]]],[[[139.010344,36.049271],[139.010375,36.049292],[139.010313,36.049292],[139.010344,36.049271]]],[[[139.0104065,36.049271],[139.010438,36.049292],[139.010375,36.049292],[139.0104065,36.049271]]],[[[139.010469,36.049271],[139.0105,36.049292],[139.010438,36.049292],[139.010469,36.049271]]],[[[139.0105315,36.049271],[139.010563,36.049292],[139.0105,36.049292],[139.0105315,36.049271]]]]},"properties":{"layer":"flood","class_code":"1","class_label":"0.5m未満","scale_code":"1","scale_label":"L1（計画規模）"}},{"type":"Feature","id":"fld_74db8113-883e-4aa8-b029-f709cc5ee29a","geometry":{"type":"MultiPolygon","coordinates":[[[[139.009875,36.04925],[139.009875,36.049292],[139.009844,36.049271],[139.009875,36.04925]]],[[[139.009875,36.04925],[139.009844,36.049271],[139.009813,36.04925],[139.009875,36.04925]]],[[[139.009813,36.04925],[139.009813,36.049292],[139.0097815,36.049271],[139.009813,36.04925]]],[[[139.009813,36.04925],[139.0097815,36.049271],[139.00975,36.04925],[139.009813,36.04925]]],[[[139.009813,36.04925],[139.009844,36.049271],[139.009813,36.049292],[139.009813,36.04925]]],[[[139.00975,36.04925],[139.0097815,36.049271],[139.00975,36.049292],[139.00975,36.04925]]],[[[139.00975,36.04925],[139.00975,36.049292],[139.009719,36.049271],[139.00975,36.04925]]],[[[139.00975,36.04925],[139.009719,36.049271],[139.009688,36.04925],[139.00975,36.04925]]],[[[139.0097815,36.049271],[139.009813,36.049292],[139.00975,36.049292],[139.0097815,36.049271]]],[[[139.009625,36.04925],[139.0096565,36.049271],[139.009625,36.049292],[139.009625,36.04925]]],[[[139.009719,36.049271],[139.00975,36.049292],[139.009688,36.049292],[139.009719,36.049271]]],[[[139.009625,36.049292],[139.0096565,36.049271],[139.009688,36.049292],[139.009625,36.049292]]],[[[139.009563,36.049292],[139.009594,36.049271],[139.009625,36.049292],[139.009563,36.049292]]],[[[139.009563,36.049292],[139.0095,36.049292],[139.0095315,36.049271],[139.009563,36.049292]]],[[[139.009875,36.049292],[139.009813,36.049292],[139.009844,36.049271],[139.009875,36.049292]]],[[[139.0095315,36.049229],[139.0095315,36.049271],[139.0095,36.04925],[139.0095315,36.049229]]],[[[139.009563,36.04925],[139.0095315,36.049271],[139.0095315,36.049229],[139.009563,36.04925]]],[[[139.009563,36.04925],[139.009563,36.049292],[139.0095315,36.049271],[139.009563,36.04925]]],[[[139.009563,36.04925],[139.009594,36.049271],[139.009563,36.049292],[139.009563,36.04925]]],[[[139.009688,36.04925],[139.009688,36.049292],[139.0096565,36.049271],[139.009688,36.04925]]],[[[139.009688,36.04925],[139.009719,36.049271],[139.009688,36.049292],[139.009688,36.04925]]],[[[139.0095,36.049208],[139.0095315,36.049229],[139.0095,36.04925],[139.0095,36.049208]]],[[[139.009625,36.04925],[139.009688,36.04925],[139.0096565,36.049271],[139.009625,36.04925]]],[[[139.009625,36.04925],[139.009594,36.049271],[139.009563,36.04925],[139.009625,36.04925]]],[[[139.009625,36.04925],[139.009625,36.049292],[139.009594,36.049271],[139.009625,36.04925]]],[[[139.0095,36.04925],[139.0095315,36.049271],[139.0095,36.049292],[139.0095,36.04925]]],[[[139.009563,36.049208],[139.0095315,36.049229],[139.0095,36.049208],[139.009563,36.049208]]],[[[139.009563,36.049208],[139.009563,36.04925],[139.0095315,36.049229],[139.009563,36.049208]]]]},"properties":{"layer":"flood","class_code":"2","class_label":"0.5m以上3m未満","scale_code":"1","scale_label":"L1（計画規模）"}},{"type":"Feature","id":"fld_b4b1ab81-79d1-4e6b-b29b-6509c02dbeb1","geometry":{"type":"MultiPolygon","coordinates":[[[[139.010688,36.04925],[139.010688,36.049292],[139.0106565,36.049271],[139.010688,36.04925]]],[[[139.010625,36.04925],[139.0106565,36.049271],[139.010625,36.049292],[139.010625,36.04925]]],[[[139.010625,36.04925],[139.010625,36.049292],[139.010594,36.049271],[139.010625,36.04925]]],[[[139.010563,36.049292],[139.010594,36.049271],[139.010625,36.049292],[139.010563,36.049292]]],[[[139.010688,36.049292],[139.010625,36.049292],[139.0106565,36.049271],[139.010688,36.049292]]],[[[139.010688,36.049292],[139.010719,36.049271],[139.01075,36.049292],[139.010688,36.049292]]],[[[139.010813,36.049292],[139.01075,36.049292],[139.0107815,36.049271],[139.010813,36.049292]]],[[[139.010813,36.049292],[139.010844,36.049271],[139.010875,36.049292],[139.010813,36.049292]]],[[[139.010688,36.04925],[139.0106565,36.049271],[139.010625,36.04925],[139.010688,36.04925]]],[[[139.010563,36.04925],[139.010625,36.04925],[139.010594,36.049271],[139.010563,36.04925]]],[[[139.010563,36.04925],[139.010594,36.049271],[139.010563,36.049292],[139.010563,36.04925]]],[[[139.010875,36.04925],[139.010875,36.049292],[139.010844,36.049271],[139.010875,36.04925]]],[[[139.010875,36.04925],[139.010844,36.049271],[139.010813,36.04925],[139.010875,36.04925]]],[[[139.010813,36.04925],[139.0107815,36.049271],[139.01075,36.04925],[139.010813,36.04925]]],[[[139.010813,36.04925],[139.010844,36.049271],[139.010813,36.049292],[139.010813,36.04925]]],[[[139.010813,36.04925],[139.010813,36.049292],[139.0107815,36.049271],[139.010813,36.04925]]],[[[139.01075,36.04925],[139.01075,36.049292],[139.010719,36.049271],[139.01075,36.04925]]],[[[139.01075,36.04925],[139.010719,36.049271],[139.010688,36.04925],[139.01075,36.04925]]],[[[139.01075,36.04925],[139.0107815,36.049271],[139.01075,36.049292],[139.01075,36.04925]]],[[[139.010688,36.04925],[139.010719,36.049271],[139.010688,36.049292],[139.010688,36.04925]]]]},"properties":{"layer":"flood","class_code":"2","class_label":"0.5m以上3m未満","scale_code":"1","scale_label":"L1（計画規模）"}},{"type":"Feature","id":"fld_8c00559e-a2f0-48b0-802f-918dbb418df4","geometry":{"type":"MultiPolygon","coordinates":[[[[139.009063,36.049125],[139.009125,36.049125],[139.009094,36.049146],[139.009063,36.049125]]],[[[139.009188,36.049125],[139.00925,36.049125],[139.009219,36.049146],[139.009188,36.049125]]],[[[139.009188,36.049125],[139.0091565,36.049146],[139.009125,36.049125],[139.009188,36.049125]]],[[[139.009375,36.049125],[139.009438,36.049125],[139.0094065,36.049146],[139.009375,36.049125]]],[[[139.009375,36.049125],[139.009344,36.049146],[139.009313,36.049125],[139.009375,36.049125]]],[[[139.0092815,36.049146],[139.00925,36.049125],[139.009313,36.049125],[139.0092815,36.049146]]],[[[139.009188,36.049167],[139.009125,36.049167],[139.0091565,36.049146],[139.009188,36.049167]]],[[[139.009188,36.049167],[139.0091565,36.049146],[139.009188,36.049125],[139.009188,36.049167]]],[[[139.009313,36.049167],[139.0092815,36.049146],[139.009313,36.049125],[139.009313,36.049167]]],[[[139.009313,36.049167],[139.00925,36.049167],[139.0092815,36.049146],[139.009313,36.049167]]],[[[139.009375,36.049167],[139.009313,36.049167],[139.009344,36.049146],[139.009375,36.049167]]],[[[139.009375,36.049167],[139.0094065,36.049146],[139.009438,36.049167],[139.009375,36.049167]]],[[[139.009375,36.049167],[139.009375,36.049125],[139.0094065,36.049146],[139.009375,36.049167]]],[[[139.009375,36.049167],[139.009344,36.049146],[139.009375,36.049125],[139.009375,36.049167]]],[[[139.009188,36.049167],[139.009219,36.049146],[139.00925,36.049167],[139.009188,36.049167]]],[[[139.009063,36.049167],[139.009063,36.049125],[139.009094,36.049146],[139.009063,36.049167]]],[[[139.009125,36.049167],[139.009125,36.049125],[139.0091565,36.049146],[139.009125,36.049167]]],[[[139.009125,36.049167],[139.009094,36.049146],[139.009125,36.049125],[139.009125,36.049167]]],[[[139.009125,36.049167],[139.009063,36.049167],[139.009094,36.049146],[139.009125,36.049167]]],[[[139.009188,36.049167],[139.009188,36.049125],[139.009219,36.049146],[139.009188,36.049167]]],[[[139.00925,36.049167],[139.00925,36.049125],[139.0092815,36.049146],[139.00925,36.049167]]],[[[139.00925,36.049167],[139.009219,36.049146],[139.00925,36.049125],[139.00925,36.049167]]],[[[139.009438,36.049167],[139.0094065,36.049146],[139.009438,36.049125],[139.009438,36.049167]]],[[[139.009313,36.049167],[139.009313,36.049125],[139.009344,36.049146],[139.009313,36.049167]]]]},"properties":{"layer":"flood","class_code":"2","class_label":"0.5m以上3m未満","scale_code":"1","scale_label":"L1（計画規模）"}},{"type":"Feature","id":"fld_3b94b206-ee5b-4a29-ba03-ab32b79ef405","geometry":{"type":"MultiPolygon","coordinates":[[[[139.000344,36.043479],[139.000313,36.043458],[139.000375,36.043458],[139.000344,36.043479]]],[[[139.0004685,36.043479],[139.000437,36.043458],[139.0005,36.043458],[139.0004685,36.043479]]],[[[139.000219,36.043521],[139.0002815,36.043521],[139.00025,36.043542],[139.000219,36.043521]]],[[[139.000219,36.043521],[139.00025,36.043542],[139.000188,36.043542],[139.000219,36.043521]]],[[[139.000219,36.043521],[139.000188,36.043542],[139.000188,36.0435],[139.000219,36.043521]]],[[[139.000219,36.043521],[139.000188,36.0435],[139.000219,36.043479],[139.000219,36.043521]]],[[[139.000219,36.043521],[139.000219,36.043479],[139.0002815,36.043521],[139.000219,36.043521]]],[[[139.000219,36.043479],[139.000188,36.0435],[139.000188,36.043458],[139.000219,36.043479]]],[[[139.000219,36.043479],[139.000188,36.043458],[139.00025,36.043458],[139.000219,36.043479]]],[[[139.000219,36.043479],[139.00025,36.043458],[139.0002815,36.043479],[139.000219,36.043479]]],[[[139.000219,36.043479],[139.0002815,36.043479],[139.0002815,36.043521],[139.000219,36.043479]]],[[[139.0002815,36.043479],[139.00025,36.043458],[139.000313,36.043458],[139.0002815,36.043479]]],[[[139.0002815,36.043479],[139.000313,36.043458],[139.000344,36.043479],[139.0002815,36.043479]]],[[[139.0002815,36.043479],[139.000344,36.043479],[139.000344,36.043521],[139.0002815,36.043479]]],[[[139.0002815,36.043479],[139.000344,36.043521],[139.0002815,36.043521],[139.0002815,36.043479]]],[[[139.0004685,36.043479],[139.0005,36.043458],[139.0005,36.0435],[139.0004685,36.043479]]],[[[139.0004685,36.043479],[139.0005,36.0435],[139.0004685,36.043521],[139.0004685,36.043479]]],[[[139.0004685,36.043479],[139.0004685,36.043521],[139.000406,36.043479],[139.0004685,36.043479]]],[[[139.0004685,36.043479],[139.000406,36.043479],[139.000437,36.043458],[139.0004685,36.043479]]],[[[139.000406,36.043479],[139.0004685,36.043521],[139.000406,36.043521],[139.000406,36.043479]]],[[[139.000406,36.043479],[139.000406,36.043521],[139.000344,36.043479],[139.000406,36.043479]]],[[[139.000406,36.043479],[139.000344,36.043479],[139.000375,36.043458],[139.000406,36.043479]]],[[[139.000406,36.043479],[139.000375,36.043458],[139.000437,36.043458],[139.000406,36.043479]]],[[[139.000344,36.043479],[139.000406,36.043521],[139.000344,36.043521],[139.000344,36.043479]]],[[[139.0005,36.0435],[139.0005,36.043542],[139.0004685,36.043521],[139.0005,36.0435]]],[[[139.0005,36.043542],[139.000437,36.043542],[139.0004685,36.043521],[139.0005,36.043542]]],[[[139.000437,36.043542],[139.000375,36.043542],[139.000406,36.043521],[139.000437,36.043542]]],[[[139.000437,36.043542],[139.000406,36.043521],[139.0004685,36.043521],[139.000437,36.043542]]],[[[139.000375,36.043542],[139.000313,36.043542],[139.000344,36.043521],[139.000375,36.043542]]],[[[139.000375,36.043542],[139.000344,36.043521],[139.000406,36.043521],[139.000375,36.043542]]],[[[139.000313,36.043542],[139.00025,36.043542],[139.0002815,36.043521],[139.000313,36.043542]]],[[[139.000313,36.043542],[139.0002815,36.043521],[139.000344,36.043521],[139.000313,36.043542]]]]},"properties":{"layer":"flood","class_code":"1","class_label":"0.5m未満","scale_code":"2","scale_label":"L2（想定最大規模）"}},{"type":"Feature","id":"fld_25126f76-c1cd-4378-85d2-c3474a94ae53","geometry":{"type":"MultiPolygon","coordinates":[[[[139.000094,36.043521],[139.000063,36.043542],[139.0000315,36.043521],[139.000094,36.043521]]],[[[139.000094,36.043521],[139.0000315,36.043521],[139.0000315,36.043479],[139.000094,36.043521]]],[[[139.000094,36.043521],[139.0000315,36.043479],[139.000094,36.043479],[139.000094,36.043521]]],[[[139.000094,36.043521],[139.000094,36.043479],[139.000125,36.0435],[139.000094,36.043521]]],[[[139.0,36.043458],[139.000063,36.043458],[139.0000315,36.043479],[139.0,36.043458]]],[[[139.000094,36.043521],[139.000125,36.0435],[139.000125,36.043542],[139.000094,36.043521]]],[[[139.0000315,36.043521],[139.0,36.043542],[139.0,36.0435],[139.0000315,36.043521]]],[[[139.0000315,36.043521],[139.000063,36.043542],[139.0,36.043542],[139.0000315,36.043521]]],[[[139.000094,36.043479],[139.000063,36.043458],[139.000125,36.043458],[139.000094,36.043479]]],[[[139.000094,36.043479],[139.000125,36.043458],[139.000125,36.0435],[139.000094,36.043479]]],[[[139.000094,36.043479],[139.0000315,36.043479],[139.000063,36.043458],[139.000094,36.043479]]],[[[139.0000315,36.043521],[139.0,36.0435],[139.0000315,36.043479],[139.0000315,36.043521]]],[[[139.0,36.043458],[139.0000315,36.043479],[139.0,36.0435],[139.0,36.043458]]],[[[139.000094,36.043521],[139.000125,36.043542],[139.000063,36.043542],[139.000094,36.043521]]]]},"properties":{"layer":"flood","class_code":"1","class_label":"0.5m未満","scale_code":"2","scale_label":"L2（想定最大規模）"}},{"type":"Feature","id":"fld_7557891a-96aa-4479-8e31-4717dd27b62b","geometry":{"type":"MultiPolygon","coordinates":[[[[139.007438,36.049042],[139.007438,36.049],[139.007469,36.049021],[139.007438,36.049042]]],[[[139.007438,36.049042],[139.007469,36.049021],[139.0075,36.049042],[139.007438,36.049042]]],[[[139.0075315,36.049021],[139.007563,36.049],[139.007563,36.049042],[139.0075315,36.049021]]],[[[139.0075315,36.049021],[139.007563,36.049042],[139.0075,36.049042],[139.0075315,36.049021]]],[[[139.0075315,36.049021],[139.0075,36.049042],[139.0075,36.049],[139.0075315,36.049021]]],[[[139.007469,36.049021],[139.007438,36.049],[139.0075,36.049],[139.007469,36.049021]]],[[[139.007469,36.049021],[139.0075,36.049],[139.0075,36.049042],[139.007469,36.049021]]],[[[139.0075315,36.049021],[139.0075,36.049],[139.007563,36.049],[139.0075315,36.049021]]]]},"properties":{"layer":"flood","class_code":"1","class_label":"0.5m未満","scale_code":"2","scale_label":"L2（想定最大規模）"}},{"type":"Feature","id":"fld_12b65dbf-46fc-45f1-8c8d-8bd8bac8c52f","geometry":{"type":"MultiPolygon","coordinates":[[[[139.001531,36.043771],[139.001562,36.04375],[139.001562,36.043792],[139.001531,36.043771]]],[[[139.001531,36.043771],[139.001562,36.043792],[139.0015,36.043792],[139.001531,36.043771]]],[[[139.001531,36.043771],[139.0015,36.043792],[139.0015,36.04375],[139.001531,36.043771]]],[[[139.001531,36.043771],[139.0015,36.04375],[139.001562,36.04375],[139.001531,36.043771]]]]},"properties":{"layer":"flood","class_code":"1","class_label":"0.5m未満","scale_code":"2","scale_label":"L2（想定最大規模）"}},{"type":"Feature","id":"fld_8f2b8975-6df0-4021-a3fc-6d1439db7555","geometry":{"type":"MultiPolygon","coordinates":[[[[139.0016565,36.043854],[139.001625,36.043875],[139.001625,36.043833],[139.0016565,36.043854]]],[[[139.0016565,36.043896],[139.001688,36.043917],[139.001625,36.043917],[139.0016565,36.043896]]],[[[139.0016565,36.043896],[139.001625,36.043917],[139.001625,36.043875],[139.0016565,36.043896]]],[[[139.0016565,36.043896],[139.001688,36.043875],[139.001688,36.043917],[139.0016565,36.043896]]],[[[139.0016565,36.0438125],[139.001625,36.043833],[139.001625,36.043792],[139.0016565,36.0438125]]],[[[139.0016565,36.0438125],[139.001625,36.043792],[139.001688,36.043792],[139.0016565,36.0438125]]],[[[139.0016565,36.0438125],[139.001688,36.043792],[139.001688,36.043833],[139.0016565,36.0438125]]],[[[139.0016565,36.0438125],[139.001688,36.043833],[139.0016565,36.043854],[139.0016565,36.0438125]]],[[[139.0016565,36.0438125],[139.0016565,36.043854],[139.001625,36.043833],[139.0016565,36.0438125]]],[[[139.0016565,36.043854],[139.001688,36.043833],[139.001688,36.043875],[139.0016565,36.043854]]],[[[139.0016565,36.043854],[139.001688,36.043875],[139.0016565,36.043896],[139.0016565,36.043854]]],[[[139.0016565,36.043854],[139.0016565,36.043896],[139.001625,36.043875],[139.0016565,36.043854]]]]},"properties":{"layer":"flood","class_code":"1","class_label":"0.5m未満","scale_code":"2","scale_label":"L2（想定最大規模）"}},{"type":"Feature","id":"fld_a9c8b61a-9bbc-4900-92cc-81333145518f","geometry":{"type":"MultiPolygon","coordinates":[[[[139.001844,36.043979],[139.001813,36.043958],[139.001875,36.043958],[139.001844,36.043979]]],[[[139.0017815,36.0439375],[139.00175,36.043958],[139.00175,36.043917],[139.0017815,36.0439375]]],[[[139.0017815,36.0439375],[139.00175,36.043917],[139.001813,36.043917],[139.0017815,36.0439375]]],[[[139.0017815,36.0439375],[139.001813,36.043917],[139.001813,36.043958],[139.0017815,36.0439375]]],[[[139.0017815,36.0439375],[139.001813,36.043958],[139.0017815,36.043979],[139.0017815,36.0439375]]],[[[139.0017815,36.0439375],[139.0017815,36.043979],[139.00175,36.043958],[139.0017815,36.0439375]]],[[[139.001844,36.043979],[139.001875,36.044],[139.001813,36.044],[139.001844,36.043979]]],[[[139.001844,36.043979],[139.001813,36.044],[139.001813,36.043958],[139.001844,36.043979]]],[[[139.0017815,36.043979],[139.001813,36.043958],[139.001813,36.044],[139.0017815,36.043979]]],[[[139.0017815,36.043979],[139.00175,36.044],[139.00175,36.043958],[139.0017815,36.043979]]],[[[139.0017815,36.043979],[139.001813,36.044],[139.00175,36.044],[139.0017815,36.043979]]],[[[139.001844,36.043979],[139.001875,36.043958],[139.001875,36.044],[139.001844,36.043979]]]]},"properties":{"layer":"flood","class_code":"1","class_label":"0.5m未満","scale_code":"2","scale_label":"L2（想定最大規模）"}},{"type":"Feature","id":"fld_f9b7fd02-c419-4ba9-94fb-6f4a7487c9c3","geometry":{"type":"MultiPolygon","coordinates":[[[[139.0019065,36.044104],[139.001875,36.044083],[139.001938,36.044083],[139.0019065,36.044104]]],[[[139.0019065,36.044104],[139.001938,36.044083],[139.001938,36.044125],[139.0019065,36.044104]]],[[[139.0019065,36.044104],[139.001938,36.044125],[139.001875,36.044125],[139.0019065,36.044104]]],[[[139.0019065,36.044104],[139.001875,36.044125],[139.001875,36.044083],[139.0019065,36.044104]]]]},"properties":{"layer":"flood","class_code":"1","class_label":"0.5m未満","scale_code":"2","scale_label":"L2（想定最大規模）"}},{"type":"Feature","id":"fld_25c265b9-70ed-432b-99cc-accbc40a343f","geometry":{"type":"MultiPolygon","coordinates":[[[[139.0027185,36.0445625],[139.002687,36.044583],[139.002687,36.044542],[139.0027185,36.0445625]]],[[[139.0027185,36.0445625],[139.002687,36.044542],[139.00275,36.044542],[139.0027185,36.0445625]]],[[[139.0027185,36.0445625],[139.00275,36.044542],[139.00275,36.044583],[139.0027185,36.0445625]]],[[[139.0027185,36.0445625],[139.00275,36.044583],[139.002687,36.044583],[139.0027185,36.0445625]]]]},"properties":{"layer":"flood","class_code":"1","class_label":"0.5m未満","scale_code":"2","scale_label":"L2（想定最大規模）"}},{"type":"Feature","id":"fld_e64495f1-f59b-4fe3-8a9c-43202b86c42e","geometry":{"type":"MultiPolygon","coordinates":[[[[139.003094,36.044854],[139.003063,36.044875],[139.003063,36.044833],[139.003094,36.044854]]],[[[139.003094,36.0448125],[139.003125,36.044792],[139.003125,36.044833],[139.003094,36.0448125]]],[[[139.003094,36.0448125],[139.003125,36.044833],[139.003094,36.044854],[139.003094,36.0448125]]],[[[139.003094,36.0448125],[139.003094,36.044854],[139.003063,36.044833],[139.003094,36.0448125]]],[[[139.003094,36.0448125],[139.003063,36.044833],[139.003063,36.044792],[139.003094,36.0448125]]],[[[139.003094,36.0448125],[139.003063,36.044792],[139.003125,36.044792],[139.003094,36.0448125]]],[[[139.003125,36.044833],[139.003125,36.044875],[139.003094,36.044854],[139.003125,36.044833]]],[[[139.003094,36.044854],[139.003125,36.044875],[139.003063,36.044875],[139.003094,36.044854]]]]},"properties":{"layer":"flood","class_code":"1","class_label":"0.5m未満","scale_code":"2","scale_label":"L2（想定最大規模）"}},{"type":"Feature","id":"fld_dbcf5688-09a9-4836-9226-5c0747c56025","geometry":{"type":"MultiPolygon","coordinates":[[[[139.00975,36.049208],[139.009813,36.049208],[139.0097815,36.049229],[139.00975,36.049208]]],[[[139.009625,36.049208],[139.0096565,36.049229],[139.009625,36.04925],[139.009625,36.049208]]],[[[139.009625,36.049208],[139.009688,36.049208],[139.0096565,36.049229],[139.009625,36.049208]]],[[[139.009625,36.049208],[139.009594,36.049229],[139.009563,36.049208],[139.009625,36.049208]]],[[[139.009625,36.049208],[139.009625,36.04925],[139.009594,36.049229],[139.009625,36.049208]]],[[[139.01025,36.04925],[139.0102815,36.049229],[139.010313,36.04925],[139.01025,36.04925]]],[[[139.010188,36.04925],[139.010219,36.049229],[139.01025,36.04925],[139.010188,36.04925]]],[[[139.01025,36.049208],[139.01025,36.04925],[139.010219,36.049229],[139.01025,36.049208]]],[[[139.01025,36.049208],[139.0102815,36.049229],[139.01025,36.04925],[139.01025,36.049208]]],[[[139.01025,36.049208],[139.010313,36.049208],[139.0102815,36.049229],[139.01025,36.049208]]],[[[139.010188,36.049208],[139.010188,36.04925],[139.0101565,36.049229],[139.010188,36.049208]]],[[[139.010188,36.049208],[139.010219,36.049229],[139.010188,36.04925],[139.010188,36.049208]]],[[[139.010188,36.049208],[139.01025,36.049208],[139.010219,36.049229],[139.010188,36.049208]]],[[[139.009937,36.049208],[139.009906,36.049229],[139.009875,36.049208],[139.009937,36.049208]]],[[[139.010125,36.049208],[139.010188,36.049208],[139.0101565,36.049229],[139.010125,36.049208]]],[[[139.010063,36.049208],[139.010125,36.049208],[139.010094,36.049229],[139.010063,36.049208]]],[[[139.01,36.049208],[139.010063,36.049208],[139.0100315,36.049229],[139.01,36.049208]]],[[[139.010125,36.04925],[139.0101565,36.049229],[139.010188,36.04925],[139.010125,36.04925]]],[[[139.010125,36.04925],[139.010125,36.049208],[139.0101565,36.049229],[139.010125,36.04925]]],[[[139.010125,36.04925],[139.010094,36.049229],[139.010125,36.049208],[139.010125,36.04925]]],[[[139.010063,36.04925],[139.010094,36.049229],[139.010125,36.04925],[139.010063,36.04925]]],[[[139.010063,36.04925],[139.010063,36.049208],[139.010094,36.049229],[139.010063,36.04925]]],[[[139.010063,36.04925],[139.0100315,36.049229],[139.010063,36.049208],[139.010063,36.04925]]],[[[139.01,36.04925],[139.0100315,36.049229],[139.010063,36.04925],[139.01,36.04925]]],[[[139.01,36.04925],[139.01,36.049208],[139.0100315,36.049229],[139.01,36.04925]]],[[[139.01,36.04925],[139.0099685,36.049229],[139.01,36.049208],[139.01,36.04925]]],[[[139.009563,36.04925],[139.009594,36.049229],[139.009625,36.04925],[139.009563,36.04925]]],[[[139.009563,36.04925],[139.009563,36.049208],[139.009594,36.049229],[139.009563,36.04925]]],[[[139.009937,36.04925],[139.0099685,36.049229],[139.01,36.04925],[139.009937,36.04925]]],[[[139.009937,36.04925],[139.009937,36.049208],[139.0099685,36.049229],[139.009937,36.04925]]],[[[139.009937,36.04925],[139.009906,36.049229],[139.009937,36.049208],[139.009937,36.04925]]],[[[139.009875,36.04925],[139.009906,36.049229],[139.009937,36.04925],[139.009875,36.04925]]],[[[139.009875,36.04925],[139.009875,36.049208],[139.009906,36.049229],[139.009875,36.04925]]],[[[139.009875,36.04925],[139.009844,36.049229],[139.009875,36.049208],[139.009875,36.04925]]],[[[139.009813,36.04925],[139.009844,36.049229],[139.009875,36.04925],[139.009813,36.04925]]],[[[139.009813,36.04925],[139.009813,36.049208],[139.009844,36.049229],[139.009813,36.04925]]],[[[139.009813,36.04925],[139.0097815,36.049229],[139.009813,36.049208],[139.009813,36.04925]]],[[[139.009813,36.04925],[139.00975,36.04925],[139.0097815,36.049229],[139.009813,36.04925]]],[[[139.009937,36.049208],[139.01,36.049208],[139.0099685,36.049229],[139.009937,36.049208]]],[[[139.009688,36.049208],[139.009688,36.04925],[139.0096565,36.049229],[139.009688,36.049208]]],[[[139.009688,36.049208],[139.009719,36.049229],[139.009688,36.04925],[139.009688,36.049208]]],[[[139.009688,36.049208],[139.00975,36.049208],[139.009719,36.049229],[139.009688,36.049208]]],[[[139.00975,36.049208],[139.0097815,36.049229],[139.00975,36.04925],[139.00975,36.049208]]],[[[139.00975,36.049208],[139.00975,36.04925],[139.009719,36.049229],[139.00975,36.049208]]],[[[139.009813,36.049208],[139.009875,36.049208],[139.009844,36.049229],[139.009813,36.049208]]],[[[139.009719,36.049229],[139.00975,36.04925],[139.009688,36.04925],[139.009719,36.049229]]],[[[139.0096565,36.049229],[139.009688,36.04925],[139.009625,36.04925],[139.0096565,36.049229]]],[[[139.010313,36.049208],[139.010375,36.049208],[139.010344,36.049229],[139.010313,36.049208]]],[[[139.010313,36.049208],[139.010344,36.049229],[139.010313,36.04925],[139.010313,36.049208]]],[[[139.010313,36.049208],[139.010313,36.04925],[139.0102815,36.049229],[139.010313,36.049208]]],[[[139.010375,36.049208],[139.010438,36.049208],[139.0104065,36.049229],[139.010375,36.049208]]],[[[139.010375,36.049208],[139.0104065,36.049229],[139.010375,36.04925],[139.010375,36.049208]]],[[[139.010375,36.049208],[139.010375,36.04925],[139.010344,36.049229],[139.010375,36.049208]]],[[[139.010438,36.049208],[139.010438,36.04925],[139.0104065,36.049229],[139.010438,36.049208]]],[[[139.010438,36.04925],[139.010375,36.04925],[139.0104065,36.049229],[139.010438,36.04925]]],[[[139.010313,36.04925],[139.010344,36.049229],[139.010375,36.04925],[139.010313,36.04925]]]]},"properties":{"layer":"flood","class_code":"1","class_label":"0.5m未満","scale_code":"2","scale_label":"L2（想定最大規模）"}},{"type":"Feature","id":"fld_2ba7ad99-26bc-4bcb-b6e7-690f4e1ad0d3","geometry":{"type":"MultiPolygon","coordinates":[[[[139.009813,36.049542],[139.009813,36.0495],[139.009844,36.049521],[139.009813,36.049542]]],[[[139.009813,36.049542],[139.009844,36.049521],[139.009875,36.049542],[139.009813,36.049542]]],[[[139.009813,36.049542],[139.0097815,36.049521],[139.009813,36.0495],[139.009813,36.049542]]],[[[139.009875,36.0495],[139.009875,36.049542],[139.009844,36.049521],[139.009875,36.0495]]],[[[139.009875,36.0495],[139.009844,36.049521],[139.009813,36.0495],[139.009875,36.0495]]],[[[139.00975,36.049542],[139.0097815,36.049521],[139.009813,36.049542],[139.00975,36.049542]]],[[[139.0097815,36.049521],[139.00975,36.0495],[139.009813,36.0495],[139.0097815,36.049521]]],[[[139.00975,36.049542],[139.00975,36.0495],[139.0097815,36.049521],[139.00975,36.049542]]]]},"properties":{"layer":"flood","class_code":"1","class_label":"0.5m未満","scale_code":"2","scale_label":"L2（想定最大規模）"}},{"type":"Feature","id":"fld_8651b194-8f26-41b4-8525-4607fc35da48","geometry":{"type":"MultiPolygon","coordinates":[[[[139.010625,36.0495],[139.010625,36.049542],[139.010594,36.049521],[139.010625,36.0495]]],[[[139.010625,36.049542],[139.0106565,36.049521],[139.010688,36.049542],[139.010625,36.049542]]],[[[139.010688,36.0495],[139.01075,36.0495],[139.010719,36.049521],[139.010688,36.0495]]],[[[139.010688,36.0495],[139.010719,36.049521],[139.010688,36.049542],[139.010688,36.0495]]],[[[139.010688,36.0495],[139.010688,36.049542],[139.0106565,36.049521],[139.010688,36.0495]]],[[[139.010688,36.049542],[139.010719,36.049521],[139.01075,36.049542],[139.010688,36.049542]]],[[[139.01075,36.049542],[139.010719,36.049521],[139.01075,36.0495],[139.01075,36.049542]]],[[[139.01075,36.049542],[139.01075,36.0495],[139.0107815,36.049521],[139.01075,36.049542]]],[[[139.01075,36.049542],[139.0107815,36.049521],[139.010813,36.049542],[139.01075,36.049542]]],[[[139.010438,36.049542],[139.010438,36.0495],[139.010469,36.049521],[139.010438,36.049542]]],[[[139.010438,36.049542],[139.010469,36.049521],[139.0105,36.049542],[139.010438,36.049542]]],[[[139.010813,36.049542],[139.0107815,36.049521],[139.010844,36.049521],[139.010813,36.049542]]],[[[139.010813,36.049542],[139.010844,36.049521],[139.010875,36.049542],[139.010813,36.049542]]],[[[139.010875,36.049542],[139.010844,36.049521],[139.0109065,36.049521],[139.010875,36.049542]]],[[[139.010875,36.049542],[139.0109065,36.049521],[139.010938,36.049542],[139.010875,36.049542]]],[[[139.01075,36.0495],[139.01075,36.049458],[139.0107815,36.049479],[139.01075,36.0495]]],[[[139.01075,36.0495],[139.0107815,36.049479],[139.0107815,36.049521],[139.01075,36.0495]]],[[[139.010938,36.049542],[139.0109065,36.049521],[139.010938,36.0495],[139.010938,36.049542]]],[[[139.01075,36.049458],[139.010813,36.049458],[139.0107815,36.049479],[139.01075,36.049458]]],[[[139.010844,36.049479],[139.0109065,36.049521],[139.010844,36.049521],[139.010844,36.049479]]],[[[139.010563,36.0495],[139.0105315,36.049521],[139.0105,36.0495],[139.010563,36.0495]]],[[[139.010563,36.0495],[139.010625,36.0495],[139.010594,36.049521],[139.010563,36.0495]]],[[[139.010563,36.0495],[139.010594,36.049521],[139.010563,36.049542],[139.010563,36.0495]]],[[[139.010563,36.0495],[139.010563,36.049542],[139.0105315,36.049521],[139.010563,36.0495]]],[[[139.010563,36.049542],[139.0105,36.049542],[139.0105315,36.049521],[139.010563,36.049542]]],[[[139.010813,36.049458],[139.010875,36.049458],[139.010844,36.049479],[139.010813,36.049458]]],[[[139.010813,36.049458],[139.010844,36.049479],[139.0107815,36.049479],[139.010813,36.049458]]],[[[139.010438,36.0495],[139.0105,36.0495],[139.010469,36.049521],[139.010438,36.0495]]],[[[139.010875,36.049458],[139.010938,36.049458],[139.0109065,36.049479],[139.010875,36.049458]]],[[[139.010875,36.049458],[139.0109065,36.049479],[139.010844,36.049479],[139.010875,36.049458]]],[[[139.010938,36.0495],[139.0109065,36.049521],[139.0109065,36.049479],[139.010938,36.0495]]],[[[139.010938,36.0495],[139.0109065,36.049479],[139.010938,36.049458],[139.010938,36.0495]]],[[[139.010563,36.049542],[139.010594,36.049521],[139.010625,36.049542],[139.010563,36.049542]]],[[[139.010625,36.0495],[139.010688,36.0495],[139.0106565,36.049521],[139.010625,36.0495]]],[[[139.010625,36.0495],[139.0106565,36.049521],[139.010625,36.049542],[139.010625,36.0495]]],[[[139.0105,36.049542],[139.010469,36.049521],[139.0105,36.0495],[139.0105,36.049542]]],[[[139.0105,36.049542],[139.0105,36.0495],[139.0105315,36.049521],[139.0105,36.049542]]],[[[139.0109065,36.049479],[139.0109065,36.049521],[139.010844,36.049479],[139.0109065,36.049479]]],[[[139.010844,36.049479],[139.010844,36.049521],[139.0107815,36.049521],[139.010844,36.049479]]],[[[139.010844,36.049479],[139.0107815,36.049521],[139.0107815,36.049479],[139.010844,36.049479]]]]},"properties":{"layer":"flood","class_code":"1","class_label":"0.5m未満","scale_code":"2","scale_label":"L2（想定最大規模）"}},{"type":"Feature","id":"fld_46c0d2f1-9314-4a20-a758-b76e05e4dd12","geometry":{"type":"MultiPolygon","coordinates":[[[[139.011375,36.049417],[139.011438,36.049417],[139.0114065,36.0494375],[139.011375,36.049417]]],[[[139.011438,36.049458],[139.0114065,36.0494375],[139.011438,36.049417],[139.011438,36.049458]]],[[[139.011375,36.049458],[139.0114065,36.0494375],[139.011438,36.049458],[139.011375,36.049458]]],[[[139.011375,36.049458],[139.011375,36.049417],[139.0114065,36.0494375],[139.011375,36.049458]]]]},"properties":{"layer":"flood","class_code":"1","class_label":"0.5m未満","scale_code":"2","scale_label":"L2（想定最大規模）"}},{"type":"Feature","id":"fld_73aa396a-e43b-4016-85e4-ace1484bbedf","geometry":{"type":"MultiPolygon","coordinates":[[[[139.01175,36.049333],[139.01175,36.049375],[139.011719,36.049354],[139.01175,36.049333]]],[[[139.011688,36.049375],[139.011719,36.049354],[139.01175,36.049375],[139.011688,36.049375]]],[[[139.011688,36.049375],[139.011688,36.049333],[139.011719,36.049354],[139.011688,36.049375]]],[[[139.011688,36.049333],[139.01175,36.049333],[139.011719,36.049354],[139.011688,36.049333]]]]},"properties":{"layer":"flood","class_code":"1","class_label":"0.5m未満","scale_code":"2","scale_label":"L2（想定最大規模）"}},{"type":"Feature","id":"fld_6b7098cc-8449-4bf5-bb80-c9680a6a36bf","geometry":{"type":"MultiPolygon","coordinates":[[[[139.006375,36.049083],[139.0064065,36.049104],[139.006375,36.049125],[139.006375,36.049083]]],[[[139.006188,36.049125],[139.006125,36.049125],[139.0061565,36.049104],[139.006188,36.049125]]],[[[139.006125,36.049083],[139.006125,36.049125],[139.0060935,36.049104],[139.006125,36.049083]]],[[[139.006188,36.049083],[139.00625,36.049083],[139.006219,36.049104],[139.006188,36.049083]]],[[[139.006188,36.049083],[139.006219,36.049104],[139.006188,36.049125],[139.006188,36.049083]]],[[[139.00625,36.049083],[139.0062815,36.049104],[139.00625,36.049125],[139.00625,36.049083]]],[[[139.006188,36.049083],[139.006188,36.049125],[139.0061565,36.049104],[139.006188,36.049083]]],[[[139.00625,36.049083],[139.006313,36.049083],[139.0062815,36.049104],[139.00625,36.049083]]],[[[139.00625,36.049083],[139.00625,36.049125],[139.006219,36.049104],[139.00625,36.049083]]],[[[139.006438,36.049125],[139.006375,36.049125],[139.0064065,36.049104],[139.006438,36.049125]]],[[[139.006438,36.049125],[139.0064065,36.049104],[139.006438,36.049083],[139.006438,36.049125]]],[[[139.006438,36.049083],[139.0064065,36.049104],[139.006375,36.049083],[139.006438,36.049083]]],[[[139.006,36.049083],[139.006031,36.049104],[139.006,36.049125],[139.006,36.049083]]],[[[139.006,36.049083],[139.006062,36.049083],[139.006031,36.049104],[139.006,36.049083]]],[[[139.006,36.049125],[139.006031,36.049104],[139.006062,36.049125],[139.006,36.049125]]],[[[139.006375,36.049083],[139.006375,36.049125],[139.006344,36.049104],[139.006375,36.049083]]],[[[139.006062,36.049125],[139.0060935,36.049104],[139.006125,36.049125],[139.006062,36.049125]]],[[[139.006344,36.049104],[139.006375,36.049125],[139.006313,36.049125],[139.006344,36.049104]]],[[[139.0062815,36.049104],[139.006313,36.049125],[139.00625,36.049125],[139.0062815,36.049104]]],[[[139.006062,36.049083],[139.006125,36.049083],[139.0060935,36.049104],[139.006062,36.049083]]],[[[139.006313,36.049083],[139.006313,36.049125],[139.0062815,36.049104],[139.006313,36.049083]]],[[[139.006062,36.049083],[139.0060935,36.049104],[139.006062,36.049125],[139.006062,36.049083]]],[[[139.006062,36.049083],[139.006062,36.049125],[139.006031,36.049104],[139.006062,36.049083]]],[[[139.006125,36.049083],[139.006188,36.049083],[139.0061565,36.049104],[139.006125,36.049083]]],[[[139.006125,36.049083],[139.0061565,36.049104],[139.006125,36.049125],[139.006125,36.049083]]],[[[139.006313,36.049083],[139.006344,36.049104],[139.006313,36.049125],[139.006313,36.049083]]],[[[139.006313,36.049083],[139.006375,36.049083],[139.006344,36.049104],[139.006313,36.049083]]],[[[139.006188,36.049125],[139.006219,36.049104],[139.00625,36.049125],[139.006188,36.049125]]]]},"properties":{"layer":"flood","class_code":"1","class_label":"0.5m未満","scale_code":"2","scale_label":"L2（想定最大規模）"}},{"type":"Feature","id":"fld_48aef17d-f8f7-4dbc-af6c-b80300a42064","geometry":{"type":"MultiPolygon","coordinates":[[[[139.008969,36.0490625],[139.009,36.049042],[139.009,36.049083],[139.008969,36.0490625]]],[[[139.008969,36.0490625],[139.009,36.049083],[139.008969,36.049104],[139.008969,36.0490625]]],[[[139.008969,36.0490625],[139.008969,36.049104],[139.008938,36.049083],[139.008969,36.0490625]]],[[[139.008969,36.0490625],[139.008938,36.049083],[139.008938,36.049042],[139.008969,36.0490625]]],[[[139.008938,36.049125],[139.008969,36.049104],[139.009,36.049125],[139.008938,36.049125]]],[[[139.009,36.049125],[139.008969,36.049104],[139.009,36.049083],[139.009,36.049125]]],[[[139.008969,36.0490625],[139.008938,36.049042],[139.009,36.049042],[139.008969,36.0490625]]],[[[139.008938,36.049083],[139.008969,36.049104],[139.008938,36.049125],[139.008938,36.049083]]]]},"properties":{"layer":"flood","class_code":"1","class_label":"0.5m未満","scale_code":"2","scale_label":"L2（想定最大規模）"}},{"type":"Feature","id":"fld_6aa20ca4-5b53-4dbb-9cb2-5bef18470e9e","geometry":{"type":"MultiPolygon","coordinates":[[[[139.006562,36.049083],[139.0065,36.049083],[139.006531,36.0490625],[139.006562,36.049083]]],[[[139.006562,36.049083],[139.006531,36.0490625],[139.006562,36.049042],[139.006562,36.049083]]],[[[139.006562,36.049042],[139.006531,36.0490625],[139.0065,36.049042],[139.006562,36.049042]]],[[[139.0065,36.049083],[139.0065,36.049042],[139.006531,36.0490625],[139.0065,36.049083]]]]},"properties":{"layer":"flood","class_code":"1","class_label":"0.5m未満","scale_code":"2","scale_label":"L2（想定最大規模）"}},{"type":"Feature","id":"fld_cea98706-65a0-45d0-80fb-c44418165b8c","geometry":{"type":"MultiPolygon","coordinates":[[[[139.006625,36.049042],[139.006625,36.049],[139.0066565,36.049021],[139.006625,36.049042]]],[[[139.006625,36.049042],[139.0065935,36.049021],[139.006625,36.049],[139.006625,36.049042]]],[[[139.006562,36.049042],[139.006562,36.049],[139.0065935,36.049021],[139.006562,36.049042]]],[[[139.0066565,36.049021],[139.006688,36.049],[139.006688,36.049042],[139.0066565,36.049021]]],[[[139.006625,36.049042],[139.0066565,36.049021],[139.006688,36.049042],[139.006625,36.049042]]],[[[139.0065935,36.049021],[139.006562,36.049],[139.006625,36.049],[139.0065935,36.049021]]],[[[139.0066565,36.049021],[139.006625,36.049],[139.006688,36.049],[139.0066565,36.049021]]],[[[139.006625,36.049042],[139.006562,36.049042],[139.0065935,36.049021],[139.006625,36.049042]]]]},"properties":{"layer":"flood","class_code":"1","class_label":"0.5m未満","scale_code":"2","scale_label":"L2（想定最大規模）"}},{"type":"Feature","id":"fld_0e299f41-1af4-43f3-a06a-7645b6d8199c","geometry":{"type":"MultiPolygon","coordinates":[[[[139.00125,36.043667],[139.0012815,36.043646],[139.001313,36.043667],[139.00125,36.043667]]],[[[139.001313,36.043625],[139.001313,36.043667],[139.0012815,36.043646],[139.001313,36.043625]]],[[[139.001313,36.043625],[139.0012815,36.043646],[139.00125,36.043625],[139.001313,36.043625]]],[[[139.00125,36.043667],[139.00125,36.043625],[139.0012815,36.043646],[139.00125,36.043667]]]]},"properties":{"layer":"flood","class_code":"1","class_label":"0.5m未満","scale_code":"2","scale_label":"L2（想定最大規模）"}},{"type":"Feature","id":"fld_7a66851e-80d2-4a68-9884-8a5661c17f66","geometry":{"type":"MultiPolygon","coordinates":[[[[139.0072815,36.049021],[139.007313,36.049],[139.007313,36.049042],[139.0072815,36.049021]]],[[[139.0072815,36.049021],[139.00725,36.049],[139.007313,36.049],[139.0072815,36.049021]]],[[[139.0072815,36.049021],[139.007313,36.049042],[139.00725,36.049042],[139.0072815,36.049021]]],[[[139.0072815,36.049021],[139.00725,36.049042],[139.00725,36.049],[139.0072815,36.049021]]]]},"properties":{"layer":"flood","class_code":"1","class_label":"0.5m未満","scale_code":"2","scale_label":"L2（想定最大規模）"}},{"type":"Feature","id":"fld_8f0665df-c485-43d7-a0a7-73dc85d3e418","geometry":{"type":"MultiPolygon","coordinates":[[[[139.0086565,36.049021],[139.008625,36.049],[139.008688,36.049],[139.0086565,36.049021]]],[[[139.0086565,36.049021],[139.008625,36.049042],[139.008625,36.049],[139.0086565,36.049021]]],[[[139.0086565,36.049021],[139.008688,36.049042],[139.008625,36.049042],[139.0086565,36.049021]]],[[[139.0086565,36.049021],[139.008688,36.049],[139.008688,36.049042],[139.0086565,36.049021]]]]},"properties":{"layer":"flood","class_code":"1","class_label":"0.5m未満","scale_code":"2","scale_label":"L2（想定最大規模）"}},{"type":"Feature","id":"fld_fe50b5ac-d030-49db-b3c5-f6c229a24c9c","geometry":{"type":"MultiPolygon","coordinates":[[[[139.003469,36.045396],[139.0035,36.045417],[139.003438,36.045417],[139.003469,36.045396]]],[[[139.003469,36.045396],[139.0035,36.045375],[139.0035,36.045417],[139.003469,36.045396]]],[[[139.003469,36.045396],[139.003438,36.045375],[139.0035,36.045375],[139.003469,36.045396]]],[[[139.003469,36.045396],[139.003438,36.045417],[139.003438,36.045375],[139.003469,36.045396]]]]},"properties":{"layer":"flood","class_code":"1","class_label":"0.5m未満","scale_code":"2","scale_label":"L2（想定最大規模）"}},{"type":"Feature","id":"fld_6d93f081-0563-449d-8011-f90d03656d45","geometry":{"type":"MultiPolygon","coordinates":[[[[139.003344,36.045146],[139.003344,36.0451875],[139.003313,36.045167],[139.003344,36.045146]]],[[[139.003344,36.045146],[139.003313,36.045167],[139.003313,36.045125],[139.003344,36.045146]]],[[[139.003344,36.045146],[139.003375,36.045167],[139.003344,36.0451875],[139.003344,36.045146]]],[[[139.003344,36.045146],[139.003313,36.045125],[139.003375,36.045125],[139.003344,36.045146]]],[[[139.003344,36.045146],[139.003375,36.045125],[139.003375,36.045167],[139.003344,36.045146]]],[[[139.003344,36.0451875],[139.003313,36.045208],[139.003313,36.045167],[139.003344,36.0451875]]],[[[139.003344,36.0451875],[139.003375,36.045208],[139.003313,36.045208],[139.003344,36.0451875]]],[[[139.003344,36.0451875],[139.003375,36.045167],[139.003375,36.045208],[139.003344,36.0451875]]]]},"properties":{"layer":"flood","class_code":"1","class_label":"0.5m未満","scale_code":"2","scale_label":"L2（想定最大規模）"}},{"type":"Feature","id":"fld_00739364-da1f-41cd-bb24-bc828d7db1de","geometry":{"type":"MultiPolygon","coordinates":[[[[139.0032185,36.045021],[139.00325,36.045042],[139.003187,36.045042],[139.0032185,36.045021]]],[[[139.0032185,36.045021],[139.00325,36.045],[139.00325,36.045042],[139.0032185,36.045021]]],[[[139.0032185,36.045021],[139.003187,36.045],[139.00325,36.045],[139.0032185,36.045021]]],[[[139.0032185,36.045021],[139.003187,36.045042],[139.003187,36.045],[139.0032185,36.045021]]]]},"properties":{"layer":"flood","class_code":"1","class_label":"0.5m未満","scale_code":"2","scale_label":"L2（想定最大規模）"}},{"type":"Feature","id":"fld_403d34f3-934d-415f-8ebc-16f8905395a2","geometry":{"type":"MultiPolygon","coordinates":[[[[139.011688,36.049375],[139.011688,36.049417],[139.0116565,36.049396],[139.011688,36.049375]]],[[[139.011688,36.049375],[139.0116565,36.049396],[139.011625,36.049375],[139.011688,36.049375]]],[[[139.011563,36.049375],[139.011594,36.049396],[139.011563,36.049417],[139.011563,36.049375]]],[[[139.011563,36.049375],[139.011625,36.049375],[139.011594,36.049396],[139.011563,36.049375]]],[[[139.011625,36.049417],[139.0116565,36.049396],[139.011688,36.049417],[139.011625,36.049417]]],[[[139.011625,36.049417],[139.011563,36.049417],[139.011594,36.049396],[139.011625,36.049417]]],[[[139.011625,36.049375],[139.011625,36.049417],[139.011594,36.049396],[139.011625,36.049375]]],[[[139.011625,36.049375],[139.0116565,36.049396],[139.011625,36.049417],[139.011625,36.049375]]]]},"properties":{"layer":"flood","class_code":"1","class_label":"0.5m未満","scale_code":"2","scale_label":"L2（想定最大規模）"}},{"type":"Feature","id":"fld_7676c429-793c-4845-838f-380ed703dbb9","geometry":{"type":"MultiPolygon","coordinates":[[[[139.001469,36.043729],[139.0015,36.043708],[139.0015,36.04375],[139.001469,36.043729]]],[[[139.001469,36.043729],[139.001469,36.043771],[139.001438,36.04375],[139.001469,36.043729]]],[[[139.001469,36.043771],[139.0015,36.04375],[139.0015,36.043792],[139.001469,36.043771]]],[[[139.001469,36.043771],[139.0015,36.043792],[139.001438,36.043792],[139.001469,36.043771]]],[[[139.001469,36.043771],[139.001438,36.043792],[139.001438,36.04375],[139.001469,36.043771]]],[[[139.001469,36.043729],[139.001438,36.04375],[139.001438,36.043708],[139.001469,36.043729]]],[[[139.001469,36.043729],[139.001438,36.043708],[139.0015,36.043708],[139.001469,36.043729]]],[[[139.001469,36.043729],[139.0015,36.04375],[139.001469,36.043771],[139.001469,36.043729]]]]},"properties":{"layer":"flood","class_code":"2","class_label":"0.5m以上3m未満","scale_code":"2","scale_label":"L2（想定最大規模）"}},{"type":"Feature","id":"fld_cdb92518-40a2-4725-845d-cc84d3aff2c5","geometry":{"type":"MultiPolygon","coordinates":[[[[139.0014065,36.0436875],[139.001375,36.043708],[139.001375,36.043667],[139.0014065,36.0436875]]],[[[139.0014065,36.0436875],[139.001438,36.043708],[139.001375,36.043708],[139.0014065,36.0436875]]],[[[139.001344,36.0436875],[139.001375,36.043667],[139.001375,36.043708],[139.001344,36.0436875]]],[[[139.001344,36.0436875],[139.001313,36.043667],[139.001375,36.043667],[139.001344,36.0436875]]],[[[139.001344,36.0436875],[139.001313,36.043708],[139.001313,36.043667],[139.001344,36.0436875]]],[[[139.001344,36.0436875],[139.001375,36.043708],[139.001313,36.043708],[139.001344,36.0436875]]],[[[139.0014065,36.0436875],[139.001375,36.043667],[139.001438,36.043667],[139.0014065,36.0436875]]],[[[139.0014065,36.0436875],[139.001438,36.043667],[139.001438,36.043708],[139.0014065,36.0436875]]]]},"properties":{"layer":"flood","class_code":"2","class_label":"0.5m以上3m未満","scale_code":"2","scale_label":"L2（想定最大規模）"}},{"type":"Feature","id":"fld_872f4a76-ac94-4d0d-8851-76a6193d43ac","geometry":{"type":"MultiPolygon","coordinates":[[[[139.001219,36.043604],[139.00125,36.043583],[139.00125,36.043625],[139.001219,36.043604]]],[[[139.001219,36.043604],[139.00125,36.043625],[139.001188,36.043625],[139.001219,36.043604]]],[[[139.001219,36.043604],[139.001188,36.043625],[139.001188,36.043583],[139.001219,36.043604]]],[[[139.0011565,36.043604],[139.001188,36.043625],[139.001125,36.043625],[139.0011565,36.043604]]],[[[139.0011565,36.043604],[139.001125,36.043583],[139.001188,36.043583],[139.0011565,36.043604]]],[[[139.0011565,36.043604],[139.001188,36.043583],[139.001188,36.043625],[139.0011565,36.043604]]],[[[139.0011565,36.043604],[139.001125,36.043625],[139.001125,36.043583],[139.0011565,36.043604]]],[[[139.001219,36.043604],[139.001188,36.043583],[139.00125,36.043583],[139.001219,36.043604]]]]},"properties":{"layer":"flood","class_code":"2","class_label":"0.5m以上3m未満","scale_code":"2","scale_label":"L2（想定最大規模）"}},{"type":"Feature","id":"fld_1aae6b19-03b5-4820-a673-d603516e3201","geometry":{"type":"MultiPolygon","coordinates":[[[[139.001719,36.0439375],[139.001688,36.043917],[139.00175,36.043917],[139.001719,36.0439375]]],[[[139.0016565,36.0439375],[139.001688,36.043958],[139.001625,36.043958],[139.0016565,36.0439375]]],[[[139.0016565,36.0439375],[139.001625,36.043958],[139.001625,36.043917],[139.0016565,36.0439375]]],[[[139.0016565,36.0439375],[139.001625,36.043917],[139.001688,36.043917],[139.0016565,36.0439375]]],[[[139.0016565,36.0439375],[139.001688,36.043917],[139.001688,36.043958],[139.0016565,36.0439375]]],[[[139.001719,36.0439375],[139.00175,36.043917],[139.00175,36.043958],[139.001719,36.0439375]]],[[[139.001719,36.0439375],[139.00175,36.043958],[139.001688,36.043958],[139.001719,36.0439375]]],[[[139.001719,36.0439375],[139.001688,36.043958],[139.001688,36.043917],[139.001719,36.0439375]]]]},"properties":{"layer":"flood","class_code":"2","class_label":"0.5m以上3m未満","scale_code":"2","scale_label":"L2（想定最大規模）"}},{"type":"Feature","id":"fld_7fa645f1-afbb-463b-9de1-b8fdcbf41c68","geometry":{"type":"MultiPolygon","coordinates":[[[[139.011563,36.049333],[139.011594,36.049354],[139.011563,36.049375],[139.011563,36.049333]]],[[[139.011563,36.049333],[139.011625,36.049333],[139.011594,36.049354],[139.011563,36.049333]]],[[[139.011563,36.049417],[139.0115315,36.049396],[139.011563,36.049375],[139.011563,36.049417]]],[[[139.0115,36.049417],[139.0115315,36.049396],[139.011563,36.049417],[139.0115,36.049417]]],[[[139.011688,36.049333],[139.011688,36.049375],[139.0116565,36.049354],[139.011688,36.049333]]],[[[139.011625,36.049375],[139.0116565,36.049354],[139.011688,36.049375],[139.011625,36.049375]]],[[[139.011625,36.049333],[139.011625,36.049375],[139.011594,36.049354],[139.011625,36.049333]]],[[[139.011625,36.049333],[139.0116565,36.049354],[139.011625,36.049375],[139.011625,36.049333]]],[[[139.011625,36.049333],[139.011688,36.049333],[139.0116565,36.049354],[139.011625,36.049333]]],[[[139.0115,36.049375],[139.0115,36.049333],[139.0115315,36.049354],[139.0115,36.049375]]],[[[139.011563,36.049375],[139.0115315,36.049396],[139.0115315,36.049354],[139.011563,36.049375]]],[[[139.011438,36.049375],[139.011469,36.049396],[139.011438,36.049417],[139.011438,36.049375]]],[[[139.011438,36.049375],[139.0115,36.049375],[139.011469,36.049396],[139.011438,36.049375]]],[[[139.011375,36.049375],[139.011438,36.049375],[139.0114065,36.049396],[139.011375,36.049375]]],[[[139.011375,36.049417],[139.011375,36.049375],[139.0114065,36.049396],[139.011375,36.049417]]],[[[139.011375,36.049417],[139.0114065,36.049396],[139.011438,36.049417],[139.011375,36.049417]]],[[[139.011563,36.049333],[139.011563,36.049375],[139.0115315,36.049354],[139.011563,36.049333]]],[[[139.0115,36.049375],[139.0115315,36.049354],[139.0115315,36.049396],[139.0115,36.049375]]],[[[139.0115,36.049333],[139.011563,36.049333],[139.0115315,36.049354],[139.0115,36.049333]]],[[[139.011438,36.049375],[139.011438,36.049417],[139.0114065,36.049396],[139.011438,36.049375]]],[[[139.0115,36.049417],[139.011469,36.049396],[139.0115,36.049375],[139.0115,36.049417]]],[[[139.0115,36.049417],[139.0115,36.049375],[139.0115315,36.049396],[139.0115,36.049417]]],[[[139.011438,36.049417],[139.011469,36.049396],[139.0115,36.049417],[139.011438,36.049417]]],[[[139.011563,36.049375],[139.011594,36.049354],[139.011625,36.049375],[139.011563,36.049375]]]]},"properties":{"layer":"flood","class_code":"2","class_label":"0.5m以上3m未満","scale_code":"2","scale_label":"L2（想定最大規模）"}},{"type":"Feature","id":"fld_8475d967-8081-43b6-86f4-01f90b831c1a","geometry":{"type":"MultiPolygon","coordinates":[[[[139.010188,36.0495],[139.010188,36.049542],[139.0101565,36.049521],[139.010188,36.0495]]],[[[139.010188,36.0495],[139.010219,36.049521],[139.010188,36.049542],[139.010188,36.0495]]],[[[139.010188,36.0495],[139.01025,36.0495],[139.010219,36.049521],[139.010188,36.0495]]],[[[139.009875,36.049542],[139.009906,36.049521],[139.009937,36.049542],[139.009875,36.049542]]],[[[139.010188,36.049542],[139.010219,36.049521],[139.01025,36.049542],[139.010188,36.049542]]],[[[139.009875,36.049542],[139.009875,36.0495],[139.009906,36.049521],[139.009875,36.049542]]],[[[139.01,36.0495],[139.01,36.049542],[139.0099685,36.049521],[139.01,36.0495]]],[[[139.01,36.0495],[139.0100315,36.049521],[139.01,36.049542],[139.01,36.0495]]],[[[139.01,36.0495],[139.010063,36.0495],[139.0100315,36.049521],[139.01,36.0495]]],[[[139.009937,36.049542],[139.0099685,36.049521],[139.01,36.049542],[139.009937,36.049542]]],[[[139.009937,36.0495],[139.009937,36.049542],[139.009906,36.049521],[139.009937,36.0495]]],[[[139.009937,36.0495],[139.0099685,36.049521],[139.009937,36.049542],[139.009937,36.0495]]],[[[139.009937,36.0495],[139.01,36.0495],[139.0099685,36.049521],[139.009937,36.0495]]],[[[139.009875,36.0495],[139.009937,36.0495],[139.009906,36.049521],[139.009875,36.0495]]],[[[139.010188,36.049542],[139.010125,36.049542],[139.0101565,36.049521],[139.010188,36.049542]]],[[[139.010188,36.0495],[139.0101565,36.049521],[139.010125,36.0495],[139.010188,36.0495]]],[[[139.010438,36.049542],[139.0104065,36.049521],[139.010438,36.0495],[139.010438,36.049542]]],[[[139.010375,36.049542],[139.0104065,36.049521],[139.010438,36.049542],[139.010375,36.049542]]],[[[139.010375,36.0495],[139.010375,36.049542],[139.010344,36.049521],[139.010375,36.0495]]],[[[139.010375,36.0495],[139.0104065,36.049521],[139.010375,36.049542],[139.010375,36.0495]]],[[[139.010375,36.0495],[139.010438,36.0495],[139.0104065,36.049521],[139.010375,36.0495]]],[[[139.01,36.049542],[139.0100315,36.049521],[139.010063,36.049542],[139.01,36.049542]]],[[[139.010313,36.049542],[139.010344,36.049521],[139.010375,36.049542],[139.010313,36.049542]]],[[[139.010313,36.0495],[139.010313,36.049542],[139.0102815,36.049521],[139.010313,36.0495]]],[[[139.010313,36.0495],[139.010344,36.049521],[139.010313,36.049542],[139.010313,36.0495]]],[[[139.010313,36.0495],[139.010375,36.0495],[139.010344,36.049521],[139.010313,36.0495]]],[[[139.01025,36.049542],[139.0102815,36.049521],[139.010313,36.049542],[139.01025,36.049542]]],[[[139.01025,36.0495],[139.01025,36.049542],[139.010219,36.049521],[139.01025,36.0495]]],[[[139.01025,36.0495],[139.0102815,36.049521],[139.01025,36.049542],[139.01025,36.0495]]],[[[139.01025,36.0495],[139.010313,36.0495],[139.0102815,36.049521],[139.01025,36.0495]]],[[[139.010125,36.0495],[139.010125,36.049542],[139.010094,36.049521],[139.010125,36.0495]]],[[[139.010125,36.0495],[139.0101565,36.049521],[139.010125,36.049542],[139.010125,36.0495]]],[[[139.010063,36.049542],[139.010094,36.049521],[139.010125,36.049542],[139.010063,36.049542]]],[[[139.010063,36.0495],[139.010063,36.049542],[139.0100315,36.049521],[139.010063,36.0495]]],[[[139.010063,36.0495],[139.010094,36.049521],[139.010063,36.049542],[139.010063,36.0495]]],[[[139.010063,36.0495],[139.010125,36.0495],[139.010094,36.049521],[139.010063,36.0495]]]]},"properties":{"layer":"flood","class_code":"2","class_label":"0.5m以上3m未満","scale_code":"2","scale_label":"L2（想定最大規模）"}},{"type":"Feature","id":"fld_efc2dd2d-7c19-4c5d-80f5-4ce41b33dcb4","geometry":{"type":"MultiPolygon","coordinates":[[[[139.009438,36.049125],[139.0094065,36.049146],[139.009375,36.049125],[139.009438,36.049125]]],[[[139.009438,36.049125],[139.009438,36.049167],[139.0094065,36.049146],[139.009438,36.049125]]],[[[139.009438,36.049125],[139.009469,36.049146],[139.009438,36.049167],[139.009438,36.049125]]],[[[139.009438,36.049125],[139.0095,36.049125],[139.009469,36.049146],[139.009438,36.049125]]],[[[139.010188,36.049292],[139.010219,36.049271],[139.01025,36.049292],[139.010188,36.049292]]],[[[139.010188,36.049292],[139.010188,36.04925],[139.010219,36.049271],[139.010188,36.049292]]],[[[139.010188,36.049292],[139.0101565,36.049271],[139.010188,36.04925],[139.010188,36.049292]]],[[[139.010188,36.049292],[139.010125,36.049292],[139.0101565,36.049271],[139.010188,36.049292]]],[[[139.010469,36.049229],[139.0105315,36.049271],[139.010469,36.049271],[139.010469,36.049229]]],[[[139.0105315,36.049229],[139.010594,36.049271],[139.0105315,36.049271],[139.0105315,36.049229]]],[[[139.0105315,36.049229],[139.0105315,36.049271],[139.010469,36.049229],[139.0105315,36.049229]]],[[[139.010594,36.049229],[139.0106565,36.049271],[139.010594,36.049271],[139.010594,36.049229]]],[[[139.010594,36.049229],[139.010594,36.049271],[139.0105315,36.049229],[139.010594,36.049229]]],[[[139.0106565,36.049229],[139.010719,36.049271],[139.0106565,36.049271],[139.0106565,36.049229]]],[[[139.0106565,36.049229],[139.0106565,36.049271],[139.010594,36.049229],[139.0106565,36.049229]]],[[[139.010719,36.049229],[139.0107815,36.049271],[139.010719,36.049271],[139.010719,36.049229]]],[[[139.010719,36.049229],[139.010719,36.049271],[139.0106565,36.049229],[139.010719,36.049229]]],[[[139.0107815,36.049229],[139.010844,36.049271],[139.0107815,36.049271],[139.0107815,36.049229]]],[[[139.0107815,36.049229],[139.0107815,36.049271],[139.010719,36.049229],[139.0107815,36.049229]]],[[[139.010844,36.049229],[139.010844,36.049271],[139.0107815,36.049229],[139.010844,36.049229]]],[[[139.010313,36.04925],[139.010344,36.049271],[139.010313,36.049292],[139.010313,36.04925]]],[[[139.009375,36.049125],[139.009344,36.049146],[139.009313,36.049125],[139.009375,36.049125]]],[[[139.009563,36.049292],[139.009594,36.049271],[139.009625,36.049292],[139.009563,36.049292]]],[[[139.009563,36.049292],[139.0095,36.049292],[139.0095315,36.049271],[139.009563,36.049292]]],[[[139.009313,36.049167],[139.009313,36.049125],[139.009344,36.049146],[139.009313,36.049167]]],[[[139.009313,36.049167],[139.0092815,36.049146],[139.009313,36.049125],[139.009313,36.049167]]],[[[139.00925,36.049167],[139.0092815,36.049146],[139.009313,36.049167],[139.00925,36.049167]]],[[[139.00925,36.049125],[139.0092815,36.049146],[139.00925,36.049167],[139.00925,36.049125]]],[[[139.00925,36.049125],[139.009313,36.049125],[139.0092815,36.049146],[139.00925,36.049125]]],[[[139.010188,36.04925],[139.0101565,36.049271],[139.010125,36.04925],[139.010188,36.04925]]],[[[139.010188,36.04925],[139.01025,36.04925],[139.010219,36.049271],[139.010188,36.04925]]],[[[139.009375,36.049167],[139.009375,36.049125],[139.0094065,36.049146],[139.009375,36.049167]]],[[[139.009375,36.049167],[139.009344,36.049146],[139.009375,36.049125],[139.009375,36.049167]]],[[[139.009375,36.049167],[139.009313,36.049167],[139.009344,36.049146],[139.009375,36.049167]]],[[[139.010875,36.04925],[139.010844,36.049229],[139.010875,36.049208],[139.010875,36.04925]]],[[[139.010875,36.04925],[139.010844,36.049271],[139.010844,36.049229],[139.010875,36.04925]]],[[[139.010813,36.049208],[139.010844,36.049229],[139.0107815,36.049229],[139.010813,36.049208]]],[[[139.010813,36.049208],[139.010875,36.049208],[139.010844,36.049229],[139.010813,36.049208]]],[[[139.01075,36.049208],[139.0107815,36.049229],[139.010719,36.049229],[139.01075,36.049208]]],[[[139.01075,36.049208],[139.010813,36.049208],[139.0107815,36.049229],[139.01075,36.049208]]],[[[139.010688,36.049208],[139.010719,36.049229],[139.0106565,36.049229],[139.010688,36.049208]]],[[[139.010688,36.049208],[139.01075,36.049208],[139.010719,36.049229],[139.010688,36.049208]]],[[[139.010625,36.049208],[139.0106565,36.049229],[139.010594,36.049229],[139.010625,36.049208]]],[[[139.010625,36.049208],[139.010688,36.049208],[139.0106565,36.049229],[139.010625,36.049208]]],[[[139.010563,36.049208],[139.010594,36.049229],[139.0105315,36.049229],[139.010563,36.049208]]],[[[139.010563,36.049208],[139.010625,36.049208],[139.010594,36.049229],[139.010563,36.049208]]],[[[139.0105,36.049208],[139.0105315,36.049229],[139.010469,36.049229],[139.0105,36.049208]]],[[[139.0105,36.049208],[139.010563,36.049208],[139.0105315,36.049229],[139.0105,36.049208]]],[[[139.010438,36.04925],[139.010469,36.049229],[139.010469,36.049271],[139.010438,36.04925]]],[[[139.010438,36.049208],[139.010469,36.049229],[139.010438,36.04925],[139.010438,36.049208]]],[[[139.010438,36.049208],[139.0105,36.049208],[139.010469,36.049229],[139.010438,36.049208]]],[[[139.010875,36.049292],[139.010844,36.049271],[139.010875,36.04925],[139.010875,36.049292]]],[[[139.009563,36.049208],[139.0095315,36.049229],[139.0095315,36.0491875],[139.009563,36.049208]]],[[[139.0095,36.049208],[139.0095315,36.0491875],[139.0095315,36.049229],[139.0095,36.049208]]],[[[139.010813,36.049292],[139.010844,36.049271],[139.010875,36.049292],[139.010813,36.049292]]],[[[139.010813,36.049292],[139.0107815,36.049271],[139.010844,36.049271],[139.010813,36.049292]]],[[[139.01075,36.049292],[139.0107815,36.049271],[139.010813,36.049292],[139.01075,36.049292]]],[[[139.01075,36.049292],[139.010719,36.049271],[139.0107815,36.049271],[139.01075,36.049292]]],[[[139.010688,36.049292],[139.010719,36.049271],[139.01075,36.049292],[139.010688,36.049292]]],[[[139.010688,36.049292],[139.0106565,36.049271],[139.010719,36.049271],[139.010688,36.049292]]],[[[139.010625,36.049292],[139.0106565,36.049271],[139.010688,36.049292],[139.010625,36.049292]]],[[[139.010625,36.049292],[139.010594,36.049271],[139.0106565,36.049271],[139.010625,36.049292]]],[[[139.009563,36.04925],[139.0095315,36.049229],[139.009563,36.049208],[139.009563,36.04925]]],[[[139.009563,36.04925],[139.0095315,36.049271],[139.0095315,36.049229],[139.009563,36.04925]]],[[[139.009563,36.04925],[139.009563,36.049292],[139.0095315,36.049271],[139.009563,36.04925]]],[[[139.010563,36.049292],[139.010594,36.049271],[139.010625,36.049292],[139.010563,36.049292]]],[[[139.010563,36.049292],[139.0105315,36.049271],[139.010594,36.049271],[139.010563,36.049292]]],[[[139.0105,36.049292],[139.0105315,36.049271],[139.010563,36.049292],[139.0105,36.049292]]],[[[139.0105,36.049292],[139.010469,36.049271],[139.0105315,36.049271],[139.0105,36.049292]]],[[[139.010438,36.049292],[139.010469,36.049271],[139.0105,36.049292],[139.010438,36.049292]]],[[[139.010438,36.049292],[139.010438,36.04925],[139.010469,36.049271],[139.010438,36.049292]]],[[[139.010438,36.049292],[139.0104065,36.049271],[139.010438,36.04925],[139.010438,36.049292]]],[[[139.010375,36.049292],[139.0104065,36.049271],[139.010438,36.049292],[139.010375,36.049292]]],[[[139.010375,36.04925],[139.010375,36.049292],[139.010344,36.049271],[139.010375,36.04925]]],[[[139.010375,36.04925],[139.0104065,36.049271],[139.010375,36.049292],[139.010375,36.04925]]],[[[139.009563,36.04925],[139.009594,36.049271],[139.009563,36.049292],[139.009563,36.04925]]],[[[139.010313,36.049292],[139.010344,36.049271],[139.010375,36.049292],[139.010313,36.049292]]],[[[139.009563,36.04925],[139.009625,36.04925],[139.009594,36.049271],[139.009563,36.04925]]],[[[139.0095,36.04925],[139.0095315,36.049229],[139.0095315,36.049271],[139.0095,36.04925]]],[[[139.0095,36.04925],[139.0095,36.049208],[139.0095315,36.049229],[139.0095,36.04925]]],[[[139.0095,36.04925],[139.0095315,36.049271],[139.0095,36.049292],[139.0095,36.04925]]],[[[139.010313,36.04925],[139.010313,36.049292],[139.0102815,36.049271],[139.010313,36.04925]]],[[[139.010313,36.04925],[139.010375,36.04925],[139.010344,36.049271],[139.010313,36.04925]]],[[[139.009563,36.049167],[139.0095315,36.0491875],[139.0095315,36.049146],[139.009563,36.049167]]],[[[139.009563,36.049167],[139.009563,36.049208],[139.0095315,36.0491875],[139.009563,36.049167]]],[[[139.009563,36.049167],[139.0095315,36.049146],[139.009563,36.049125],[139.009563,36.049167]]],[[[139.0095,36.049167],[139.0095315,36.049146],[139.0095315,36.0491875],[139.0095,36.049167]]],[[[139.01025,36.049292],[139.0102815,36.049271],[139.010313,36.049292],[139.01025,36.049292]]],[[[139.01025,36.04925],[139.0102815,36.049271],[139.01025,36.049292],[139.01025,36.04925]]],[[[139.01025,36.04925],[139.010313,36.04925],[139.0102815,36.049271],[139.01025,36.04925]]],[[[139.010094,36.049271],[139.010125,36.04925],[139.010125,36.049292],[139.010094,36.049271]]],[[[139.010094,36.049271],[139.010125,36.049292],[139.010063,36.049292],[139.010094,36.049271]]],[[[139.0101565,36.049271],[139.010125,36.049292],[139.010125,36.04925],[139.0101565,36.049271]]],[[[139.010219,36.049271],[139.01025,36.04925],[139.01025,36.049292],[139.010219,36.049271]]],[[[139.010063,36.04925],[139.010063,36.049292],[139.0100315,36.049271],[139.010063,36.04925]]],[[[139.010063,36.04925],[139.010094,36.049271],[139.010063,36.049292],[139.010063,36.04925]]],[[[139.010063,36.04925],[139.010125,36.04925],[139.010094,36.049271],[139.010063,36.04925]]],[[[139.01,36.049292],[139.0100315,36.049271],[139.010063,36.049292],[139.01,36.049292]]],[[[139.01,36.04925],[139.01,36.049292],[139.0099685,36.049271],[139.01,36.04925]]],[[[139.01,36.04925],[139.0100315,36.049271],[139.01,36.049292],[139.01,36.04925]]],[[[139.01,36.04925],[139.010063,36.04925],[139.0100315,36.049271],[139.01,36.04925]]],[[[139.009937,36.049292],[139.0099685,36.049271],[139.01,36.049292],[139.009937,36.049292]]],[[[139.009937,36.04925],[139.009937,36.049292],[139.009906,36.049271],[139.009937,36.04925]]],[[[139.010375,36.04925],[139.010438,36.04925],[139.0104065,36.049271],[139.010375,36.04925]]],[[[139.009937,36.04925],[139.01,36.04925],[139.0099685,36.049271],[139.009937,36.04925]]],[[[139.009875,36.049292],[139.009906,36.049271],[139.009937,36.049292],[139.009875,36.049292]]],[[[139.009875,36.04925],[139.009875,36.049292],[139.009844,36.049271],[139.009875,36.04925]]],[[[139.009875,36.04925],[139.009906,36.049271],[139.009875,36.049292],[139.009875,36.04925]]],[[[139.009875,36.04925],[139.009937,36.04925],[139.009906,36.049271],[139.009875,36.04925]]],[[[139.009813,36.049292],[139.009844,36.049271],[139.009875,36.049292],[139.009813,36.049292]]],[[[139.009813,36.04925],[139.009813,36.049292],[139.0097815,36.049271],[139.009813,36.04925]]],[[[139.009813,36.04925],[139.009844,36.049271],[139.009813,36.049292],[139.009813,36.04925]]],[[[139.009813,36.04925],[139.009875,36.04925],[139.009844,36.049271],[139.009813,36.04925]]],[[[139.00975,36.049292],[139.0097815,36.049271],[139.009813,36.049292],[139.00975,36.049292]]],[[[139.0095,36.049167],[139.0095315,36.0491875],[139.0095,36.049208],[139.0095,36.049167]]],[[[139.0095,36.049125],[139.0095,36.049167],[139.009469,36.049146],[139.0095,36.049125]]],[[[139.0095,36.049125],[139.0095315,36.049146],[139.0095,36.049167],[139.0095,36.049125]]],[[[139.0095,36.049125],[139.009563,36.049125],[139.0095315,36.049146],[139.0095,36.049125]]],[[[139.009438,36.049167],[139.009469,36.049146],[139.0095,36.049167],[139.009438,36.049167]]],[[[139.009438,36.049167],[139.009375,36.049167],[139.0094065,36.049146],[139.009438,36.049167]]],[[[139.00975,36.04925],[139.00975,36.049292],[139.009719,36.049271],[139.00975,36.04925]]],[[[139.00975,36.04925],[139.0097815,36.049271],[139.00975,36.049292],[139.00975,36.04925]]],[[[139.00975,36.04925],[139.009813,36.04925],[139.0097815,36.049271],[139.00975,36.04925]]],[[[139.009688,36.049292],[139.009719,36.049271],[139.00975,36.049292],[139.009688,36.049292]]],[[[139.009688,36.04925],[139.009688,36.049292],[139.0096565,36.049271],[139.009688,36.04925]]],[[[139.009688,36.04925],[139.009719,36.049271],[139.009688,36.049292],[139.009688,36.04925]]],[[[139.009688,36.04925],[139.00975,36.04925],[139.009719,36.049271],[139.009688,36.04925]]],[[[139.009625,36.049292],[139.0096565,36.049271],[139.009688,36.049292],[139.009625,36.049292]]],[[[139.009625,36.04925],[139.009625,36.049292],[139.009594,36.049271],[139.009625,36.04925]]],[[[139.009625,36.04925],[139.0096565,36.049271],[139.009625,36.049292],[139.009625,36.04925]]],[[[139.009625,36.04925],[139.009688,36.04925],[139.0096565,36.049271],[139.009625,36.04925]]],[[[139.009937,36.04925],[139.0099685,36.049271],[139.009937,36.049292],[139.009937,36.04925]]]]},"properties":{"layer":"flood","class_code":"2","class_label":"0.5m以上3m未満","scale_code":"2","scale_label":"L2（想定最大規模）"}},{"type":"Feature","id":"fld_07064b4a-1a8f-4103-b00e-4d33ac26225b","geometry":{"type":"MultiPolygon","coordinates":[[[[139.005969,36.049104],[139.0059065,36.049146],[139.0059065,36.049104],[139.005969,36.049104]]],[[[139.006531,36.049146],[139.006531,36.0491875],[139.006469,36.049146],[139.006531,36.049146]]],[[[139.006469,36.049146],[139.006531,36.0491875],[139.006469,36.0491875],[139.006469,36.049146]]],[[[139.006469,36.049146],[139.006469,36.0491875],[139.0064065,36.049146],[139.006469,36.049146]]],[[[139.0064065,36.049146],[139.006344,36.049146],[139.006375,36.049125],[139.0064065,36.049146]]],[[[139.0064065,36.049146],[139.006469,36.0491875],[139.0064065,36.0491875],[139.0064065,36.049146]]],[[[139.0064065,36.049146],[139.0064065,36.0491875],[139.006344,36.049146],[139.0064065,36.049146]]],[[[139.006344,36.049146],[139.006313,36.049167],[139.006313,36.049125],[139.006344,36.049146]]],[[[139.006344,36.049146],[139.006313,36.049125],[139.006375,36.049125],[139.006344,36.049146]]],[[[139.006344,36.049146],[139.0064065,36.0491875],[139.006344,36.0491875],[139.006344,36.049146]]],[[[139.006344,36.049146],[139.006344,36.0491875],[139.006313,36.049167],[139.006344,36.049146]]],[[[139.0062815,36.049146],[139.00625,36.049167],[139.00625,36.049125],[139.0062815,36.049146]]],[[[139.0062815,36.049146],[139.00625,36.049125],[139.006313,36.049125],[139.0062815,36.049146]]],[[[139.0062815,36.049146],[139.006313,36.049125],[139.006313,36.049167],[139.0062815,36.049146]]],[[[139.0062815,36.049146],[139.006313,36.049167],[139.00625,36.049167],[139.0062815,36.049146]]],[[[139.006219,36.049146],[139.00625,36.049125],[139.00625,36.049167],[139.006219,36.049146]]],[[[139.007313,36.049125],[139.00725,36.049125],[139.0072815,36.049104],[139.007313,36.049125]]],[[[139.007313,36.049125],[139.0072815,36.049104],[139.007344,36.049104],[139.007313,36.049125]]],[[[139.007313,36.049125],[139.007344,36.049104],[139.007375,36.049125],[139.007313,36.049125]]],[[[139.007375,36.049125],[139.007344,36.049104],[139.0074065,36.049104],[139.007375,36.049125]]],[[[139.007375,36.049125],[139.0074065,36.049104],[139.007438,36.049125],[139.007375,36.049125]]],[[[139.007438,36.049125],[139.0074065,36.049104],[139.007469,36.049104],[139.007438,36.049125]]],[[[139.007438,36.049125],[139.007469,36.049104],[139.0075,36.049125],[139.007438,36.049125]]],[[[139.0075,36.049125],[139.007469,36.049104],[139.0075315,36.049104],[139.0075,36.049125]]],[[[139.0075,36.049125],[139.0075315,36.049104],[139.007563,36.049125],[139.0075,36.049125]]],[[[139.007563,36.049125],[139.0075315,36.049104],[139.007594,36.049104],[139.007563,36.049125]]],[[[139.007563,36.049125],[139.007594,36.049104],[139.007625,36.049125],[139.007563,36.049125]]],[[[139.007625,36.049125],[139.007594,36.049104],[139.007656,36.049104],[139.007625,36.049125]]],[[[139.007625,36.049125],[139.007656,36.049104],[139.007687,36.049125],[139.007625,36.049125]]],[[[139.007313,36.049042],[139.0072815,36.0490625],[139.00725,36.049042],[139.007313,36.049042]]],[[[139.007313,36.049042],[139.007375,36.049042],[139.007344,36.0490625],[139.007313,36.049042]]],[[[139.007313,36.049042],[139.007344,36.0490625],[139.0072815,36.0490625],[139.007313,36.049042]]],[[[139.007375,36.049042],[139.007438,36.049042],[139.0074065,36.0490625],[139.007375,36.049042]]],[[[139.007375,36.049042],[139.0074065,36.0490625],[139.007344,36.0490625],[139.007375,36.049042]]],[[[139.007438,36.049042],[139.0075,36.049042],[139.007469,36.0490625],[139.007438,36.049042]]],[[[139.007438,36.049042],[139.007469,36.0490625],[139.0074065,36.0490625],[139.007438,36.049042]]],[[[139.0075,36.049042],[139.007563,36.049042],[139.0075315,36.0490625],[139.0075,36.049042]]],[[[139.0075,36.049042],[139.0075315,36.0490625],[139.007469,36.0490625],[139.0075,36.049042]]],[[[139.007563,36.049042],[139.007625,36.049042],[139.007594,36.0490625],[139.007563,36.049042]]],[[[139.007563,36.049042],[139.007594,36.0490625],[139.0075315,36.0490625],[139.007563,36.049042]]],[[[139.007625,36.049042],[139.007687,36.049042],[139.007656,36.0490625],[139.007625,36.049042]]],[[[139.007625,36.049042],[139.007656,36.0490625],[139.007594,36.0490625],[139.007625,36.049042]]],[[[139.007687,36.049083],[139.007687,36.049125],[139.007656,36.049104],[139.007687,36.049083]]],[[[139.007687,36.049083],[139.007656,36.049104],[139.007656,36.0490625],[139.007687,36.049083]]],[[[139.007687,36.049083],[139.007656,36.0490625],[139.007687,36.049042],[139.007687,36.049083]]],[[[139.007656,36.0490625],[139.007656,36.049104],[139.007594,36.049104],[139.007656,36.0490625]]],[[[139.007656,36.0490625],[139.007594,36.049104],[139.007594,36.0490625],[139.007656,36.0490625]]],[[[139.007594,36.0490625],[139.0075315,36.049104],[139.0075315,36.0490625],[139.007594,36.0490625]]],[[[139.007594,36.0490625],[139.007594,36.049104],[139.0075315,36.049104],[139.007594,36.0490625]]],[[[139.0075315,36.0490625],[139.0075315,36.049104],[139.007469,36.0490625],[139.0075315,36.0490625]]],[[[139.007469,36.0490625],[139.0075315,36.049104],[139.007469,36.049104],[139.007469,36.0490625]]],[[[139.007469,36.0490625],[139.007469,36.049104],[139.0074065,36.0490625],[139.007469,36.0490625]]],[[[139.0074065,36.0490625],[139.007469,36.049104],[139.0074065,36.049104],[139.0074065,36.0490625]]],[[[139.0074065,36.0490625],[139.0074065,36.049104],[139.007344,36.0490625],[139.0074065,36.0490625]]],[[[139.007344,36.0490625],[139.0072815,36.049104],[139.0072815,36.0490625],[139.007344,36.0490625]]],[[[139.007344,36.0490625],[139.0074065,36.049104],[139.007344,36.049104],[139.007344,36.0490625]]],[[[139.007344,36.0490625],[139.007344,36.049104],[139.0072815,36.049104],[139.007344,36.0490625]]],[[[139.007188,36.049],[139.00725,36.049],[139.007219,36.049021],[139.007188,36.049]]],[[[139.005813,36.049083],[139.005844,36.049104],[139.005813,36.049125],[139.005813,36.049083]]],[[[139.005813,36.049083],[139.005813,36.049042],[139.005844,36.0490625],[139.005813,36.049083]]],[[[139.005813,36.049083],[139.005844,36.0490625],[139.005844,36.049104],[139.005813,36.049083]]],[[[139.005813,36.049042],[139.005875,36.049042],[139.005844,36.0490625],[139.005813,36.049042]]],[[[139.005813,36.049125],[139.005844,36.049104],[139.005875,36.049125],[139.005813,36.049125]]],[[[139.006562,36.049208],[139.0065,36.049208],[139.006531,36.0491875],[139.006562,36.049208]]],[[[139.006562,36.049208],[139.006531,36.0491875],[139.006562,36.049167],[139.006562,36.049208]]],[[[139.005938,36.049083],[139.006,36.049083],[139.005969,36.049104],[139.005938,36.049083]]],[[[139.005938,36.049083],[139.005969,36.049104],[139.0059065,36.049104],[139.005938,36.049083]]],[[[139.005938,36.049083],[139.0059065,36.049104],[139.005875,36.049083],[139.005938,36.049083]]],[[[139.006,36.049125],[139.006062,36.049125],[139.006031,36.049146],[139.006,36.049125]]],[[[139.006,36.049125],[139.006031,36.049146],[139.006,36.049167],[139.006,36.049125]]],[[[139.006,36.049125],[139.006,36.049167],[139.005969,36.049146],[139.006,36.049125]]],[[[139.006,36.049125],[139.005969,36.049146],[139.005969,36.049104],[139.006,36.049125]]],[[[139.006,36.049125],[139.005969,36.049104],[139.006,36.049083],[139.006,36.049125]]],[[[139.006438,36.049083],[139.0065,36.049083],[139.006469,36.049104],[139.006438,36.049083]]],[[[139.006438,36.049083],[139.006469,36.049104],[139.006438,36.049125],[139.006438,36.049083]]],[[[139.006438,36.049125],[139.006469,36.049146],[139.0064065,36.049146],[139.006438,36.049125]]],[[[139.006438,36.049125],[139.0064065,36.049146],[139.006375,36.049125],[139.006438,36.049125]]],[[[139.006438,36.049125],[139.006469,36.049104],[139.006469,36.049146],[139.006438,36.049125]]],[[[139.0065,36.049083],[139.006562,36.049083],[139.006531,36.049104],[139.0065,36.049083]]],[[[139.0065,36.049083],[139.006531,36.049104],[139.006469,36.049104],[139.0065,36.049083]]],[[[139.005875,36.049083],[139.005844,36.0490625],[139.005875,36.049042],[139.005875,36.049083]]],[[[139.005875,36.049083],[139.0059065,36.049104],[139.005875,36.049125],[139.005875,36.049083]]],[[[139.005875,36.049083],[139.005875,36.049125],[139.005844,36.049104],[139.005875,36.049083]]],[[[139.005875,36.049083],[139.005844,36.049104],[139.005844,36.0490625],[139.005875,36.049083]]],[[[139.006562,36.049042],[139.006625,36.049042],[139.0065935,36.0490625],[139.006562,36.049042]]],[[[139.006562,36.049042],[139.0065935,36.0490625],[139.006562,36.049083],[139.006562,36.049042]]],[[[139.00675,36.049125],[139.006719,36.049104],[139.0067815,36.049104],[139.00675,36.049125]]],[[[139.00675,36.049125],[139.0067815,36.049104],[139.006813,36.049125],[139.00675,36.049125]]],[[[139.00675,36.049125],[139.006688,36.049125],[139.006719,36.049104],[139.00675,36.049125]]],[[[139.006562,36.049083],[139.006562,36.049125],[139.006531,36.049104],[139.006562,36.049083]]],[[[139.006562,36.049083],[139.0065935,36.0490625],[139.0065935,36.049104],[139.006562,36.049083]]],[[[139.006562,36.049083],[139.0065935,36.049104],[139.006562,36.049125],[139.006562,36.049083]]],[[[139.006625,36.049042],[139.006688,36.049042],[139.0066565,36.0490625],[139.006625,36.049042]]],[[[139.006625,36.049042],[139.0066565,36.0490625],[139.0065935,36.0490625],[139.006625,36.049042]]],[[[139.006688,36.049],[139.00675,36.049],[139.006719,36.049021],[139.006688,36.049]]],[[[139.006688,36.049],[139.006719,36.049021],[139.006688,36.049042],[139.006688,36.049]]],[[[139.006688,36.049042],[139.006719,36.049021],[139.006719,36.0490625],[139.006688,36.049042]]],[[[139.006688,36.049042],[139.006719,36.0490625],[139.0066565,36.0490625],[139.006688,36.049042]]],[[[139.00675,36.049],[139.006813,36.049],[139.0067815,36.049021],[139.00675,36.049]]],[[[139.00675,36.049],[139.0067815,36.049021],[139.006719,36.049021],[139.00675,36.049]]],[[[139.006813,36.049],[139.006875,36.049],[139.006844,36.049021],[139.006813,36.049]]],[[[139.006813,36.049],[139.006844,36.049021],[139.0067815,36.049021],[139.006813,36.049]]],[[[139.006875,36.049],[139.006938,36.049],[139.0069065,36.049021],[139.006875,36.049]]],[[[139.006875,36.049],[139.0069065,36.049021],[139.006844,36.049021],[139.006875,36.049]]],[[[139.006938,36.049],[139.007,36.049],[139.006969,36.049021],[139.006938,36.049]]],[[[139.006938,36.049],[139.006969,36.049021],[139.0069065,36.049021],[139.006938,36.049]]],[[[139.007,36.049],[139.007063,36.049],[139.0070315,36.049021],[139.007,36.049]]],[[[139.007,36.049],[139.0070315,36.049021],[139.006969,36.049021],[139.007,36.049]]],[[[139.007063,36.049],[139.007125,36.049],[139.007094,36.049021],[139.007063,36.049]]],[[[139.007063,36.049],[139.007094,36.049021],[139.0070315,36.049021],[139.007063,36.049]]],[[[139.007125,36.049],[139.007188,36.049],[139.0071565,36.049021],[139.007125,36.049]]],[[[139.007125,36.049],[139.0071565,36.049021],[139.007094,36.049021],[139.007125,36.049]]],[[[139.006531,36.049104],[139.006531,36.049146],[139.006469,36.049146],[139.006531,36.049104]]],[[[139.007188,36.049],[139.007219,36.049021],[139.0071565,36.049021],[139.007188,36.049]]],[[[139.00725,36.049042],[139.0072815,36.0490625],[139.007219,36.0490625],[139.00725,36.049042]]],[[[139.00725,36.049042],[139.007219,36.0490625],[139.007219,36.049021],[139.00725,36.049042]]],[[[139.00725,36.049042],[139.007219,36.049021],[139.00725,36.049],[139.00725,36.049042]]],[[[139.006375,36.049208],[139.006313,36.049208],[139.006344,36.0491875],[139.006375,36.049208]]],[[[139.006375,36.049208],[139.006344,36.0491875],[139.0064065,36.0491875],[139.006375,36.049208]]],[[[139.006375,36.049208],[139.0064065,36.0491875],[139.006438,36.049208],[139.006375,36.049208]]],[[[139.006313,36.049208],[139.006313,36.049167],[139.006344,36.0491875],[139.006313,36.049208]]],[[[139.006438,36.049208],[139.006469,36.0491875],[139.0065,36.049208],[139.006438,36.049208]]],[[[139.006438,36.049208],[139.0064065,36.0491875],[139.006469,36.0491875],[139.006438,36.049208]]],[[[139.0065,36.049208],[139.006469,36.0491875],[139.006531,36.0491875],[139.0065,36.049208]]],[[[139.0069065,36.0490625],[139.006969,36.049021],[139.006969,36.0490625],[139.0069065,36.0490625]]],[[[139.0069065,36.0490625],[139.006969,36.0490625],[139.006938,36.049083],[139.0069065,36.0490625]]],[[[139.0069065,36.0490625],[139.006938,36.049083],[139.006875,36.049083],[139.0069065,36.0490625]]],[[[139.0069065,36.0490625],[139.006875,36.049083],[139.006844,36.0490625],[139.0069065,36.0490625]]],[[[139.0069065,36.0490625],[139.006844,36.0490625],[139.006844,36.049021],[139.0069065,36.0490625]]],[[[139.0069065,36.0490625],[139.006844,36.049021],[139.0069065,36.049021],[139.0069065,36.0490625]]],[[[139.0069065,36.0490625],[139.0069065,36.049021],[139.006969,36.049021],[139.0069065,36.0490625]]],[[[139.005938,36.049167],[139.005875,36.049167],[139.0059065,36.049146],[139.005938,36.049167]]],[[[139.005938,36.049167],[139.0059065,36.049146],[139.005969,36.049146],[139.005938,36.049167]]],[[[139.005938,36.049167],[139.005969,36.049146],[139.006,36.049167],[139.005938,36.049167]]],[[[139.006,36.049167],[139.006031,36.049146],[139.006062,36.049167],[139.006,36.049167]]],[[[139.006062,36.049125],[139.006125,36.049125],[139.0060935,36.049146],[139.006062,36.049125]]],[[[139.006062,36.049125],[139.0060935,36.049146],[139.006062,36.049167],[139.006062,36.049125]]],[[[139.006062,36.049125],[139.006062,36.049167],[139.006031,36.049146],[139.006062,36.049125]]],[[[139.006062,36.049167],[139.0060935,36.049146],[139.006125,36.049167],[139.006062,36.049167]]],[[[139.006125,36.049125],[139.006188,36.049125],[139.0061565,36.049146],[139.006125,36.049125]]],[[[139.006125,36.049125],[139.0061565,36.049146],[139.006125,36.049167],[139.006125,36.049125]]],[[[139.006125,36.049125],[139.006125,36.049167],[139.0060935,36.049146],[139.006125,36.049125]]],[[[139.006688,36.049125],[139.006625,36.049125],[139.0066565,36.049104],[139.006688,36.049125]]],[[[139.006688,36.049125],[139.0066565,36.049104],[139.006719,36.049104],[139.006688,36.049125]]],[[[139.006625,36.049125],[139.006562,36.049125],[139.0065935,36.049104],[139.006625,36.049125]]],[[[139.006625,36.049125],[139.0065935,36.049104],[139.0066565,36.049104],[139.006625,36.049125]]],[[[139.006562,36.049167],[139.006531,36.0491875],[139.006531,36.049146],[139.006562,36.049167]]],[[[139.006562,36.049167],[139.006531,36.049146],[139.006562,36.049125],[139.006562,36.049167]]],[[[139.006562,36.049125],[139.006531,36.049146],[139.006531,36.049104],[139.006562,36.049125]]],[[[139.005875,36.049125],[139.0059065,36.049104],[139.0059065,36.049146],[139.005875,36.049125]]],[[[139.005875,36.049125],[139.0059065,36.049146],[139.005875,36.049167],[139.005875,36.049125]]],[[[139.007125,36.049083],[139.0071565,36.0490625],[139.0071565,36.049104],[139.007125,36.049083]]],[[[139.007125,36.049083],[139.0071565,36.049104],[139.007125,36.049125],[139.007125,36.049083]]],[[[139.007125,36.049083],[139.007063,36.049083],[139.007094,36.0490625],[139.007125,36.049083]]],[[[139.007125,36.049083],[139.007094,36.0490625],[139.0071565,36.0490625],[139.007125,36.049083]]],[[[139.007125,36.049125],[139.0071565,36.049104],[139.007188,36.049125],[139.007125,36.049125]]],[[[139.007063,36.049083],[139.007,36.049083],[139.0070315,36.0490625],[139.007063,36.049083]]],[[[139.007063,36.049083],[139.0070315,36.0490625],[139.007094,36.0490625],[139.007063,36.049083]]],[[[139.007,36.049083],[139.006938,36.049083],[139.006969,36.0490625],[139.007,36.049083]]],[[[139.007,36.049083],[139.006969,36.0490625],[139.0070315,36.0490625],[139.007,36.049083]]],[[[139.006875,36.049125],[139.006813,36.049125],[139.006844,36.049104],[139.006875,36.049125]]],[[[139.006875,36.049125],[139.006844,36.049104],[139.006875,36.049083],[139.006875,36.049125]]],[[[139.006875,36.049083],[139.006844,36.049104],[139.006844,36.0490625],[139.006875,36.049083]]],[[[139.00725,36.049125],[139.007188,36.049125],[139.007219,36.049104],[139.00725,36.049125]]],[[[139.00725,36.049125],[139.007219,36.049104],[139.0072815,36.049104],[139.00725,36.049125]]],[[[139.007188,36.049125],[139.0071565,36.049104],[139.007219,36.049104],[139.007188,36.049125]]],[[[139.006813,36.049125],[139.0067815,36.049104],[139.006844,36.049104],[139.006813,36.049125]]],[[[139.006125,36.049167],[139.0061565,36.049146],[139.006188,36.049167],[139.006125,36.049167]]],[[[139.007219,36.049021],[139.007219,36.0490625],[139.0071565,36.049021],[139.007219,36.049021]]],[[[139.0071565,36.049021],[139.007219,36.0490625],[139.0071565,36.0490625],[139.0071565,36.049021]]],[[[139.0071565,36.049021],[139.0071565,36.0490625],[139.007094,36.049021],[139.0071565,36.049021]]],[[[139.007094,36.049021],[139.0070315,36.0490625],[139.0070315,36.049021],[139.007094,36.049021]]],[[[139.007094,36.049021],[139.0071565,36.0490625],[139.007094,36.0490625],[139.007094,36.049021]]],[[[139.007094,36.049021],[139.007094,36.0490625],[139.0070315,36.0490625],[139.007094,36.049021]]],[[[139.0070315,36.049021],[139.006969,36.0490625],[139.006969,36.049021],[139.0070315,36.049021]]],[[[139.0070315,36.049021],[139.0070315,36.0490625],[139.006969,36.0490625],[139.0070315,36.049021]]],[[[139.006844,36.049021],[139.006844,36.0490625],[139.0067815,36.049021],[139.006844,36.049021]]],[[[139.0067815,36.049021],[139.006844,36.0490625],[139.0067815,36.0490625],[139.0067815,36.049021]]],[[[139.0067815,36.049021],[139.0067815,36.0490625],[139.006719,36.049021],[139.0067815,36.049021]]],[[[139.006719,36.049021],[139.0067815,36.0490625],[139.006719,36.0490625],[139.006719,36.049021]]],[[[139.0072815,36.0490625],[139.0072815,36.049104],[139.007219,36.0490625],[139.0072815,36.0490625]]],[[[139.007219,36.0490625],[139.0071565,36.049104],[139.0071565,36.0490625],[139.007219,36.0490625]]],[[[139.007219,36.0490625],[139.0072815,36.049104],[139.007219,36.049104],[139.007219,36.0490625]]],[[[139.007219,36.0490625],[139.007219,36.049104],[139.0071565,36.049104],[139.007219,36.0490625]]],[[[139.006844,36.0490625],[139.0067815,36.049104],[139.0067815,36.0490625],[139.006844,36.0490625]]],[[[139.006844,36.0490625],[139.006844,36.049104],[139.0067815,36.049104],[139.006844,36.0490625]]],[[[139.0067815,36.0490625],[139.0067815,36.049104],[139.006719,36.0490625],[139.0067815,36.0490625]]],[[[139.006719,36.0490625],[139.0067815,36.049104],[139.006719,36.049104],[139.006719,36.0490625]]],[[[139.006719,36.0490625],[139.006719,36.049104],[139.0066565,36.0490625],[139.006719,36.0490625]]],[[[139.0066565,36.0490625],[139.0066565,36.049104],[139.0065935,36.049104],[139.0066565,36.0490625]]],[[[139.0066565,36.0490625],[139.0065935,36.049104],[139.0065935,36.0490625],[139.0066565,36.0490625]]],[[[139.0066565,36.0490625],[139.006719,36.049104],[139.0066565,36.049104],[139.0066565,36.0490625]]],[[[139.006188,36.049125],[139.00625,36.049125],[139.006219,36.049146],[139.006188,36.049125]]],[[[139.006188,36.049125],[139.006219,36.049146],[139.006188,36.049167],[139.006188,36.049125]]],[[[139.006188,36.049125],[139.006188,36.049167],[139.0061565,36.049146],[139.006188,36.049125]]],[[[139.006188,36.049167],[139.006219,36.049146],[139.00625,36.049167],[139.006188,36.049167]]],[[[139.006531,36.049104],[139.006469,36.049146],[139.006469,36.049104],[139.006531,36.049104]]],[[[139.005969,36.049104],[139.005969,36.049146],[139.0059065,36.049146],[139.005969,36.049104]]]]},"properties":{"layer":"flood","class_code":"2","class_label":"0.5m以上3m未満","scale_code":"2","scale_label":"L2（想定最大規模）"}},{"type":"Feature","id":"fld_bdcb7d05-0952-4b8a-85a0-880e03e1e096","geometry":{"type":"MultiPolygon","coordinates":[[[[139.003125,36.045],[139.003125,36.044958],[139.003156,36.044979],[139.003125,36.045]]],[[[139.003125,36.044958],[139.003063,36.044958],[139.003094,36.0449375],[139.003125,36.044958]]],[[[139.003063,36.044958],[139.003063,36.044917],[139.003094,36.0449375],[139.003063,36.044958]]],[[[139.003187,36.045],[139.003125,36.045],[139.003156,36.044979],[139.003187,36.045]]],[[[139.003187,36.045],[139.003156,36.044979],[139.003187,36.044958],[139.003187,36.045]]],[[[139.003187,36.044958],[139.003156,36.0449375],[139.003187,36.044917],[139.003187,36.044958]]],[[[139.003187,36.044958],[139.003156,36.044979],[139.003156,36.0449375],[139.003187,36.044958]]],[[[139.003063,36.044917],[139.003063,36.044875],[139.003094,36.044896],[139.003063,36.044917]]],[[[139.003063,36.044917],[139.003094,36.044896],[139.003094,36.0449375],[139.003063,36.044917]]],[[[139.003187,36.044917],[139.003156,36.0449375],[139.003125,36.044917],[139.003187,36.044917]]],[[[139.003125,36.044917],[139.003094,36.044896],[139.003125,36.044875],[139.003125,36.044917]]],[[[139.003125,36.044917],[139.003094,36.0449375],[139.003094,36.044896],[139.003125,36.044917]]],[[[139.003125,36.044875],[139.003094,36.044896],[139.003063,36.044875],[139.003125,36.044875]]],[[[139.003125,36.044958],[139.003094,36.0449375],[139.003125,36.044917],[139.003125,36.044958]]],[[[139.003125,36.044958],[139.003125,36.044917],[139.003156,36.0449375],[139.003125,36.044958]]],[[[139.003125,36.044958],[139.003156,36.0449375],[139.003156,36.044979],[139.003125,36.044958]]]]},"properties":{"layer":"flood","class_code":"2","class_label":"0.5m以上3m未満","scale_code":"2","scale_label":"L2（想定最大規模）"}},{"type":"Feature","id":"fld_4149c71d-7389-4b35-bce9-e7cde5bb185f","geometry":{"type":"MultiPolygon","coordinates":[[[[139.0027185,36.044604],[139.0027815,36.044646],[139.0027185,36.044646],[139.0027185,36.044604]]],[[[139.0027185,36.044604],[139.002687,36.044583],[139.00275,36.044583],[139.0027185,36.044604]]],[[[139.0027185,36.044604],[139.002687,36.044625],[139.002687,36.044583],[139.0027185,36.044604]]],[[[139.0027185,36.044604],[139.0027185,36.044646],[139.002687,36.044625],[139.0027185,36.044604]]],[[[139.0027815,36.044604],[139.002844,36.044646],[139.0027815,36.044646],[139.0027815,36.044604]]],[[[139.0027815,36.044604],[139.00275,36.044583],[139.002813,36.044583],[139.0027815,36.044604]]],[[[139.0027815,36.044604],[139.0027185,36.044604],[139.00275,36.044583],[139.0027815,36.044604]]],[[[139.0027815,36.044604],[139.0027815,36.044646],[139.0027185,36.044604],[139.0027815,36.044604]]],[[[139.002813,36.044792],[139.002813,36.04475],[139.002844,36.044771],[139.002813,36.044792]]],[[[139.002875,36.044792],[139.0029065,36.0448125],[139.002875,36.044833],[139.002875,36.044792]]],[[[139.002875,36.044792],[139.0029065,36.044771],[139.0029065,36.0448125],[139.002875,36.044792]]],[[[139.002875,36.044792],[139.002844,36.044771],[139.0029065,36.044771],[139.002875,36.044792]]],[[[139.002875,36.044792],[139.002813,36.044792],[139.002844,36.044771],[139.002875,36.044792]]],[[[139.002844,36.044604],[139.0027815,36.044604],[139.002813,36.044583],[139.002844,36.044604]]],[[[139.002844,36.044604],[139.002844,36.044646],[139.0027815,36.044604],[139.002844,36.044604]]],[[[139.002844,36.044604],[139.002875,36.044625],[139.002844,36.044646],[139.002844,36.044604]]],[[[139.002844,36.044604],[139.002875,36.044583],[139.002875,36.044625],[139.002844,36.044604]]],[[[139.002844,36.044604],[139.002813,36.044583],[139.002875,36.044583],[139.002844,36.044604]]],[[[139.002656,36.0445625],[139.002656,36.044604],[139.002625,36.044583],[139.002656,36.0445625]]],[[[139.003,36.044792],[139.002969,36.044771],[139.003,36.04475],[139.003,36.044792]]],[[[139.002656,36.0445625],[139.002687,36.044583],[139.002656,36.044604],[139.002656,36.0445625]]],[[[139.002656,36.0445625],[139.002687,36.044542],[139.002687,36.044583],[139.002656,36.0445625]]],[[[139.002656,36.0445625],[139.002625,36.044542],[139.002687,36.044542],[139.002656,36.0445625]]],[[[139.002656,36.0445625],[139.002625,36.044583],[139.002625,36.044542],[139.002656,36.0445625]]],[[[139.002969,36.0448125],[139.0029065,36.0448125],[139.0029065,36.044771],[139.002969,36.0448125]]],[[[139.002938,36.044667],[139.0029065,36.0446875],[139.002875,36.044667],[139.002938,36.044667]]],[[[139.002969,36.044771],[139.002969,36.0448125],[139.0029065,36.044771],[139.002969,36.044771]]],[[[139.002969,36.044771],[139.0029065,36.044771],[139.0029065,36.044729],[139.002969,36.044771]]],[[[139.002969,36.044729],[139.002969,36.044771],[139.0029065,36.044729],[139.002969,36.044729]]],[[[139.002969,36.0446875],[139.002969,36.044729],[139.0029065,36.044729],[139.002969,36.0446875]]],[[[139.002844,36.044646],[139.002875,36.044625],[139.002875,36.044667],[139.002844,36.044646]]],[[[139.002969,36.0446875],[139.003,36.044708],[139.002969,36.044729],[139.002969,36.0446875]]],[[[139.002969,36.0446875],[139.003,36.044667],[139.003,36.044708],[139.002969,36.0446875]]],[[[139.002969,36.0446875],[139.002938,36.044667],[139.003,36.044667],[139.002969,36.0446875]]],[[[139.002969,36.0446875],[139.0029065,36.0446875],[139.002938,36.044667],[139.002969,36.0446875]]],[[[139.002969,36.0446875],[139.0029065,36.044729],[139.0029065,36.0446875],[139.002969,36.0446875]]],[[[139.003,36.04475],[139.002969,36.044729],[139.003,36.044708],[139.003,36.04475]]],[[[139.003,36.04475],[139.002969,36.044771],[139.002969,36.044729],[139.003,36.04475]]],[[[139.002813,36.044708],[139.00275,36.044708],[139.0027815,36.0446875],[139.002813,36.044708]]],[[[139.003,36.044792],[139.002969,36.0448125],[139.002969,36.044771],[139.003,36.044792]]],[[[139.003063,36.044792],[139.0030315,36.0448125],[139.003,36.044792],[139.003063,36.044792]]],[[[139.003063,36.044833],[139.0030315,36.044854],[139.0030315,36.0448125],[139.003063,36.044833]]],[[[139.003063,36.044833],[139.0030315,36.0448125],[139.003063,36.044792],[139.003063,36.044833]]],[[[139.003,36.044833],[139.0030315,36.0448125],[139.0030315,36.044854],[139.003,36.044833]]],[[[139.003,36.044833],[139.003,36.044792],[139.0030315,36.0448125],[139.003,36.044833]]],[[[139.003,36.044833],[139.002969,36.0448125],[139.003,36.044792],[139.003,36.044833]]],[[[139.002938,36.044833],[139.002969,36.0448125],[139.003,36.044833],[139.002938,36.044833]]],[[[139.002938,36.044833],[139.0029065,36.0448125],[139.002969,36.0448125],[139.002938,36.044833]]],[[[139.002938,36.044833],[139.002875,36.044833],[139.0029065,36.0448125],[139.002938,36.044833]]],[[[139.003,36.044875],[139.003,36.044833],[139.0030315,36.044854],[139.003,36.044875]]],[[[139.003063,36.044875],[139.003,36.044875],[139.0030315,36.044854],[139.003063,36.044875]]],[[[139.003063,36.044875],[139.0030315,36.044854],[139.003063,36.044833],[139.003063,36.044875]]],[[[139.002844,36.044729],[139.0029065,36.044771],[139.002844,36.044771],[139.002844,36.044729]]],[[[139.0029065,36.044729],[139.0029065,36.044771],[139.002844,36.044729],[139.0029065,36.044729]]],[[[139.0027815,36.0446875],[139.00275,36.044708],[139.00275,36.044667],[139.0027815,36.0446875]]],[[[139.002813,36.044708],[139.0027815,36.0446875],[139.002844,36.0446875],[139.002813,36.044708]]],[[[139.002813,36.044708],[139.002844,36.0446875],[139.002844,36.044729],[139.002813,36.044708]]],[[[139.0029065,36.0446875],[139.0029065,36.044729],[139.002844,36.044729],[139.0029065,36.0446875]]],[[[139.0029065,36.0446875],[139.002844,36.0446875],[139.002875,36.044667],[139.0029065,36.0446875]]],[[[139.0029065,36.0446875],[139.002844,36.044729],[139.002844,36.0446875],[139.0029065,36.0446875]]],[[[139.0027185,36.044646],[139.002687,36.044667],[139.002687,36.044625],[139.0027185,36.044646]]],[[[139.0027185,36.044646],[139.00275,36.044667],[139.002687,36.044667],[139.0027185,36.044646]]],[[[139.0027815,36.044646],[139.002844,36.0446875],[139.0027815,36.0446875],[139.0027815,36.044646]]],[[[139.0027815,36.044646],[139.00275,36.044667],[139.0027185,36.044646],[139.0027815,36.044646]]],[[[139.0027815,36.044646],[139.0027815,36.0446875],[139.00275,36.044667],[139.0027815,36.044646]]],[[[139.002813,36.04475],[139.002844,36.044729],[139.002844,36.044771],[139.002813,36.04475]]],[[[139.002813,36.04475],[139.002813,36.044708],[139.002844,36.044729],[139.002813,36.04475]]],[[[139.002844,36.044646],[139.002844,36.0446875],[139.0027815,36.044646],[139.002844,36.044646]]],[[[139.002844,36.044646],[139.002875,36.044667],[139.002844,36.0446875],[139.002844,36.044646]]],[[[139.002656,36.044604],[139.002687,36.044583],[139.002687,36.044625],[139.002656,36.044604]]],[[[139.002656,36.044604],[139.002625,36.044625],[139.002625,36.044583],[139.002656,36.044604]]],[[[139.002656,36.044604],[139.002687,36.044625],[139.002625,36.044625],[139.002656,36.044604]]]]},"properties":{"layer":"flood","class_code":"2","class_label":"0.5m以上3m未満","scale_code":"2","scale_label":"L2（想定最大規模）"}},{"type":"Feature","id":"fld_c57c0e5d-6496-4094-8630-8fbd0788fd2a","geometry":{"type":"MultiPolygon","coordinates":[[[[139.001844,36.044104],[139.001875,36.044083],[139.001875,36.044125],[139.001844,36.044104]]],[[[139.001844,36.044104],[139.001875,36.044125],[139.001813,36.044125],[139.001844,36.044104]]],[[[139.001844,36.044104],[139.001813,36.044125],[139.001813,36.044083],[139.001844,36.044104]]],[[[139.001844,36.044021],[139.001875,36.044],[139.001875,36.044042],[139.001844,36.044021]]],[[[139.001844,36.044021],[139.001875,36.044042],[139.001844,36.0440625],[139.001844,36.044021]]],[[[139.001844,36.044021],[139.001844,36.0440625],[139.001813,36.044042],[139.001844,36.044021]]],[[[139.001844,36.044021],[139.001813,36.044042],[139.001813,36.044],[139.001844,36.044021]]],[[[139.001844,36.044021],[139.001813,36.044],[139.001875,36.044],[139.001844,36.044021]]],[[[139.0017815,36.044021],[139.001813,36.044042],[139.00175,36.044042],[139.0017815,36.044021]]],[[[139.0017815,36.044021],[139.00175,36.044042],[139.00175,36.044],[139.0017815,36.044021]]],[[[139.0017815,36.044021],[139.00175,36.044],[139.001813,36.044],[139.0017815,36.044021]]],[[[139.0017815,36.044021],[139.001813,36.044],[139.001813,36.044042],[139.0017815,36.044021]]],[[[139.001844,36.0440625],[139.001875,36.044042],[139.001875,36.044083],[139.001844,36.0440625]]],[[[139.001844,36.0440625],[139.001875,36.044083],[139.001844,36.044104],[139.001844,36.0440625]]],[[[139.001844,36.0440625],[139.001844,36.044104],[139.001813,36.044083],[139.001844,36.0440625]]],[[[139.001844,36.0440625],[139.001813,36.044083],[139.001813,36.044042],[139.001844,36.0440625]]]]},"properties":{"layer":"flood","class_code":"2","class_label":"0.5m以上3m未満","scale_code":"2","scale_label":"L2（想定最大規模）"}},{"type":"Feature","id":"fld_ee93d708-15c2-43f4-82e5-b7043f136313","geometry":{"type":"MultiPolygon","coordinates":[[[[139.001531,36.0438125],[139.001562,36.043792],[139.001562,36.043833],[139.001531,36.0438125]]],[[[139.001531,36.0438125],[139.001562,36.043833],[139.0015,36.043833],[139.001531,36.0438125]]],[[[139.0015935,36.043854],[139.001625,36.043833],[139.001625,36.043875],[139.0015935,36.043854]]],[[[139.0015935,36.043854],[139.001625,36.043875],[139.001562,36.043875],[139.0015935,36.043854]]],[[[139.0015935,36.043854],[139.001562,36.043875],[139.001562,36.043833],[139.0015935,36.043854]]],[[[139.001531,36.0438125],[139.0015,36.043792],[139.001562,36.043792],[139.001531,36.0438125]]],[[[139.001531,36.0438125],[139.0015,36.043833],[139.0015,36.043792],[139.001531,36.0438125]]],[[[139.0015935,36.0438125],[139.001562,36.043792],[139.001625,36.043792],[139.0015935,36.0438125]]],[[[139.0015935,36.0438125],[139.001562,36.043833],[139.001562,36.043792],[139.0015935,36.0438125]]],[[[139.0015935,36.0438125],[139.0015935,36.043854],[139.001562,36.043833],[139.0015935,36.0438125]]],[[[139.0015935,36.0438125],[139.001625,36.043833],[139.0015935,36.043854],[139.0015935,36.0438125]]],[[[139.0015935,36.0438125],[139.001625,36.043792],[139.001625,36.043833],[139.0015935,36.0438125]]]]},"properties":{"layer":"flood","class_code":"2","class_label":"0.5m以上3m未満","scale_code":"2","scale_label":"L2（想定最大規模）"}},{"type":"Feature","id":"fld_e6d4fa53-3915-4b31-913e-53ddc614bad8","geometry":{"type":"MultiPolygon","coordinates":[[[[139.003563,36.045458],[139.0035315,36.045479],[139.0035,36.045458],[139.003563,36.045458]]],[[[139.0035,36.0455],[139.0035315,36.045479],[139.003563,36.0455],[139.0035,36.0455]]],[[[139.0035,36.0455],[139.0035,36.045458],[139.0035315,36.045479],[139.0035,36.0455]]],[[[139.003563,36.0455],[139.0035315,36.045479],[139.003563,36.045458],[139.003563,36.0455]]]]},"properties":{"layer":"flood","class_code":"2","class_label":"0.5m以上3m未満","scale_code":"2","scale_label":"L2（想定最大規模）"}},{"type":"Feature","id":"fld_384ef850-c1bf-4f7d-aedc-92362b4af24c","geometry":{"type":"MultiPolygon","coordinates":[[[[139.000344,36.0435625],[139.000313,36.043542],[139.000375,36.043542],[139.000344,36.0435625]]],[[[139.000344,36.0435625],[139.000375,36.043542],[139.000375,36.043583],[139.000344,36.0435625]]],[[[139.0002815,36.0435625],[139.000313,36.043583],[139.00025,36.043583],[139.0002815,36.0435625]]],[[[139.0002815,36.0435625],[139.00025,36.043583],[139.00025,36.043542],[139.0002815,36.0435625]]],[[[139.0002815,36.0435625],[139.00025,36.043542],[139.000313,36.043542],[139.0002815,36.0435625]]],[[[139.0002815,36.0435625],[139.000313,36.043542],[139.000313,36.043583],[139.0002815,36.0435625]]],[[[139.000219,36.0435625],[139.00025,36.043583],[139.000188,36.043583],[139.000219,36.0435625]]],[[[139.000219,36.0435625],[139.000188,36.043583],[139.000188,36.043542],[139.000219,36.0435625]]],[[[139.000219,36.0435625],[139.000188,36.043542],[139.00025,36.043542],[139.000219,36.0435625]]],[[[139.000219,36.0435625],[139.00025,36.043542],[139.00025,36.043583],[139.000219,36.0435625]]],[[[139.0001565,36.0435625],[139.000188,36.043583],[139.000125,36.043583],[139.0001565,36.0435625]]],[[[139.0001565,36.0435625],[139.000125,36.043583],[139.000125,36.043542],[139.0001565,36.0435625]]],[[[139.0001565,36.0435625],[139.000125,36.043542],[139.0001565,36.043521],[139.0001565,36.0435625]]],[[[139.0001565,36.0435625],[139.0001565,36.043521],[139.000188,36.043542],[139.0001565,36.0435625]]],[[[139.0001565,36.0435625],[139.000188,36.043542],[139.000188,36.043583],[139.0001565,36.0435625]]],[[[139.000094,36.0435625],[139.000125,36.043583],[139.000094,36.043604],[139.000094,36.0435625]]],[[[139.000094,36.0435625],[139.000094,36.043604],[139.0000315,36.043604],[139.000094,36.0435625]]],[[[139.000094,36.0435625],[139.0000315,36.043604],[139.0000315,36.0435625],[139.000094,36.0435625]]],[[[139.000094,36.0435625],[139.0000315,36.0435625],[139.000063,36.043542],[139.000094,36.0435625]]],[[[139.000094,36.0435625],[139.000063,36.043542],[139.000125,36.043542],[139.000094,36.0435625]]],[[[139.000094,36.0435625],[139.000125,36.043542],[139.000125,36.043583],[139.000094,36.0435625]]],[[[139.0000315,36.0435625],[139.0000315,36.043604],[139.0,36.043583],[139.0000315,36.0435625]]],[[[139.000094,36.043604],[139.000125,36.043625],[139.000063,36.043625],[139.000094,36.043604]]],[[[139.000094,36.043604],[139.000125,36.043583],[139.000125,36.043625],[139.000094,36.043604]]],[[[139.0000315,36.043604],[139.000063,36.043625],[139.0,36.043625],[139.0000315,36.043604]]],[[[139.0000315,36.043604],[139.0,36.043625],[139.0,36.043583],[139.0000315,36.043604]]],[[[139.000437,36.043542],[139.0005,36.043542],[139.0004685,36.0435625],[139.000437,36.043542]]],[[[139.000437,36.043542],[139.0004685,36.0435625],[139.000437,36.043583],[139.000437,36.043542]]],[[[139.00075,36.043542],[139.000813,36.043542],[139.0007815,36.0435625],[139.00075,36.043542]]],[[[139.00075,36.043542],[139.0007815,36.0435625],[139.00075,36.043583],[139.00075,36.043542]]],[[[139.00075,36.043542],[139.00075,36.043583],[139.000719,36.0435625],[139.00075,36.043542]]],[[[139.00075,36.043542],[139.000719,36.0435625],[139.000688,36.043542],[139.00075,36.043542]]],[[[139.000125,36.043542],[139.000125,36.0435],[139.0001565,36.043521],[139.000125,36.043542]]],[[[139.000813,36.043542],[139.000813,36.043583],[139.0007815,36.0435625],[139.000813,36.043542]]],[[[139.000188,36.043542],[139.0001565,36.043521],[139.000188,36.0435],[139.000188,36.043542]]],[[[139.0005,36.043542],[139.0005,36.0435],[139.0005315,36.043521],[139.0005,36.043542]]],[[[139.0005,36.043542],[139.0005315,36.043521],[139.0005315,36.0435625],[139.0005,36.043542]]],[[[139.0005,36.043542],[139.0005315,36.0435625],[139.0005,36.043583],[139.0005,36.043542]]],[[[139.0005,36.043542],[139.0005,36.043583],[139.0004685,36.0435625],[139.0005,36.043542]]],[[[139.000688,36.043542],[139.000719,36.0435625],[139.000688,36.043583],[139.000688,36.043542]]],[[[139.000688,36.043542],[139.000688,36.043583],[139.0006565,36.0435625],[139.000688,36.043542]]],[[[139.000688,36.043542],[139.0006565,36.0435625],[139.0006565,36.043521],[139.000688,36.043542]]],[[[139.000688,36.043542],[139.0006565,36.043521],[139.000688,36.0435],[139.000688,36.043542]]],[[[139.000125,36.043458],[139.000188,36.043458],[139.0001565,36.043479],[139.000125,36.043458]]],[[[139.000125,36.043458],[139.0001565,36.043479],[139.000125,36.0435],[139.000125,36.043458]]],[[[139.000125,36.0435],[139.0001565,36.043479],[139.0001565,36.043521],[139.000125,36.0435]]],[[[139.000188,36.0435],[139.0001565,36.043479],[139.000188,36.043458],[139.000188,36.0435]]],[[[139.000188,36.0435],[139.0001565,36.043521],[139.0001565,36.043479],[139.000188,36.0435]]],[[[139.000094,36.043604],[139.000063,36.043625],[139.0000315,36.043604],[139.000094,36.043604]]],[[[139.0006565,36.043479],[139.0006565,36.043521],[139.000594,36.043479],[139.0006565,36.043479]]],[[[139.000625,36.043542],[139.0006565,36.043521],[139.0006565,36.0435625],[139.000625,36.043542]]],[[[139.0,36.043542],[139.000063,36.043542],[139.0000315,36.0435625],[139.0,36.043542]]],[[[139.0,36.043542],[139.0000315,36.0435625],[139.0,36.043583],[139.0,36.043542]]],[[[139.000406,36.0435625],[139.000375,36.043542],[139.000437,36.043542],[139.000406,36.0435625]]],[[[139.000406,36.0435625],[139.000437,36.043542],[139.000437,36.043583],[139.000406,36.0435625]]],[[[139.000406,36.0435625],[139.000437,36.043583],[139.000375,36.043583],[139.000406,36.0435625]]],[[[139.000406,36.0435625],[139.000375,36.043583],[139.000375,36.043542],[139.000406,36.0435625]]],[[[139.000344,36.0435625],[139.000375,36.043583],[139.000313,36.043583],[139.000344,36.0435625]]],[[[139.000344,36.0435625],[139.000313,36.043583],[139.000313,36.043542],[139.000344,36.0435625]]],[[[139.0005315,36.043479],[139.000594,36.043521],[139.0005315,36.043521],[139.0005315,36.043479]]],[[[139.000594,36.043479],[139.000594,36.043521],[139.0005315,36.043479],[139.000594,36.043479]]],[[[139.000594,36.043479],[139.0006565,36.043521],[139.000594,36.043521],[139.000594,36.043479]]],[[[139.0005,36.043583],[139.000437,36.043583],[139.0004685,36.0435625],[139.0005,36.043583]]],[[[139.00075,36.043583],[139.000688,36.043583],[139.000719,36.0435625],[139.00075,36.043583]]],[[[139.000813,36.043583],[139.00075,36.043583],[139.0007815,36.0435625],[139.000813,36.043583]]],[[[139.000563,36.043542],[139.0005315,36.0435625],[139.0005315,36.043521],[139.000563,36.043542]]],[[[139.000563,36.043542],[139.0005315,36.043521],[139.000594,36.043521],[139.000563,36.043542]]],[[[139.000563,36.043583],[139.0005315,36.0435625],[139.000563,36.043542],[139.000563,36.043583]]],[[[139.000563,36.043583],[139.0005,36.043583],[139.0005315,36.0435625],[139.000563,36.043583]]],[[[139.000625,36.043583],[139.0006565,36.0435625],[139.000688,36.043583],[139.000625,36.043583]]],[[[139.000625,36.043542],[139.0006565,36.0435625],[139.000625,36.043583],[139.000625,36.043542]]],[[[139.000625,36.043542],[139.000594,36.043521],[139.0006565,36.043521],[139.000625,36.043542]]],[[[139.000625,36.043542],[139.000563,36.043542],[139.000594,36.043521],[139.000625,36.043542]]],[[[139.000688,36.0435],[139.0006565,36.043479],[139.000688,36.043458],[139.000688,36.0435]]],[[[139.000688,36.0435],[139.0006565,36.043521],[139.0006565,36.043479],[139.000688,36.0435]]],[[[139.000625,36.043458],[139.0006565,36.043479],[139.000594,36.043479],[139.000625,36.043458]]],[[[139.000625,36.043458],[139.000688,36.043458],[139.0006565,36.043479],[139.000625,36.043458]]],[[[139.000563,36.043458],[139.000594,36.043479],[139.0005315,36.043479],[139.000563,36.043458]]],[[[139.000563,36.043458],[139.000625,36.043458],[139.000594,36.043479],[139.000563,36.043458]]],[[[139.0005,36.0435],[139.0005315,36.043479],[139.0005315,36.043521],[139.0005,36.0435]]],[[[139.0005,36.043458],[139.0005315,36.043479],[139.0005,36.0435],[139.0005,36.043458]]],[[[139.0005,36.043458],[139.000563,36.043458],[139.0005315,36.043479],[139.0005,36.043458]]]]},"properties":{"layer":"flood","class_code":"2","class_label":"0.5m以上3m未満","scale_code":"2","scale_label":"L2（想定最大規模）"}},{"type":"Feature","id":"fld_733be521-39c2-4709-9356-c5cb2a017c9a","geometry":{"type":"MultiPolygon","coordinates":[[[[139.003438,36.045417],[139.003469,36.0454375],[139.003438,36.045458],[139.003438,36.045417]]],[[[139.003438,36.045417],[139.0035,36.045417],[139.003469,36.0454375],[139.003438,36.045417]]],[[[139.0035,36.045458],[139.003469,36.0454375],[139.0035,36.045417],[139.0035,36.045458]]],[[[139.0035,36.045458],[139.003438,36.045458],[139.003469,36.0454375],[139.0035,36.045458]]]]},"properties":{"layer":"flood","class_code":"2","class_label":"0.5m以上3m未満","scale_code":"2","scale_label":"L2（想定最大規模）"}},{"type":"Feature","id":"fld_c1954f8f-569a-426c-8c35-9eb31774f37e","geometry":{"type":"MultiPolygon","coordinates":[[[[139.0034065,36.045229],[139.0034065,36.045271],[139.003344,36.045271],[139.0034065,36.045229]]],[[[139.0034065,36.045229],[139.003344,36.045271],[139.003344,36.045229],[139.0034065,36.045229]]],[[[139.0034065,36.045271],[139.003344,36.0453125],[139.003344,36.045271],[139.0034065,36.045271]]],[[[139.0034065,36.045271],[139.0034065,36.0453125],[139.003344,36.0453125],[139.0034065,36.045271]]],[[[139.003375,36.045208],[139.003344,36.045229],[139.003313,36.045208],[139.003375,36.045208]]],[[[139.003375,36.045208],[139.003438,36.045208],[139.0034065,36.045229],[139.003375,36.045208]]],[[[139.003313,36.04525],[139.003344,36.045229],[139.003344,36.045271],[139.003313,36.04525]]],[[[139.003313,36.04525],[139.003313,36.045208],[139.003344,36.045229],[139.003313,36.04525]]],[[[139.003438,36.045292],[139.0034065,36.045271],[139.003438,36.04525],[139.003438,36.045292]]],[[[139.003438,36.045292],[139.0034065,36.0453125],[139.0034065,36.045271],[139.003438,36.045292]]],[[[139.003313,36.045292],[139.003344,36.045271],[139.003344,36.0453125],[139.003313,36.045292]]],[[[139.003438,36.045333],[139.0034065,36.045354],[139.0034065,36.0453125],[139.003438,36.045333]]],[[[139.003313,36.045333],[139.003313,36.045292],[139.003344,36.0453125],[139.003313,36.045333]]],[[[139.003375,36.045333],[139.003313,36.045333],[139.003344,36.0453125],[139.003375,36.045333]]],[[[139.003438,36.04525],[139.0034065,36.045229],[139.003438,36.045208],[139.003438,36.04525]]],[[[139.003375,36.045333],[139.0034065,36.0453125],[139.0034065,36.045354],[139.003375,36.045333]]],[[[139.003438,36.045333],[139.0034065,36.0453125],[139.003438,36.045292],[139.003438,36.045333]]],[[[139.003438,36.04525],[139.0034065,36.045271],[139.0034065,36.045229],[139.003438,36.04525]]],[[[139.003313,36.045292],[139.003313,36.04525],[139.003344,36.045271],[139.003313,36.045292]]],[[[139.003375,36.045375],[139.003375,36.045333],[139.0034065,36.045354],[139.003375,36.045375]]],[[[139.003438,36.045375],[139.0034065,36.045354],[139.003438,36.045333],[139.003438,36.045375]]],[[[139.003438,36.045375],[139.003375,36.045375],[139.0034065,36.045354],[139.003438,36.045375]]],[[[139.003375,36.045333],[139.003344,36.0453125],[139.0034065,36.0453125],[139.003375,36.045333]]],[[[139.003375,36.045208],[139.0034065,36.045229],[139.003344,36.045229],[139.003375,36.045208]]]]},"properties":{"layer":"flood","class_code":"2","class_label":"0.5m以上3m未満","scale_code":"2","scale_label":"L2（想定最大規模）"}},{"type":"Feature","id":"fld_610e7671-7e0b-4e72-be44-fce7f923fc6e","geometry":{"type":"MultiPolygon","coordinates":[[[[139.003187,36.045125],[139.003187,36.045083],[139.0032185,36.045104],[139.003187,36.045125]]],[[[139.003313,36.045125],[139.0032815,36.045104],[139.003313,36.045083],[139.003313,36.045125]]],[[[139.003187,36.045042],[139.00325,36.045042],[139.0032185,36.0450625],[139.003187,36.045042]]],[[[139.003313,36.045208],[139.0032815,36.0451875],[139.003313,36.045167],[139.003313,36.045208]]],[[[139.003313,36.045208],[139.00325,36.045208],[139.0032815,36.0451875],[139.003313,36.045208]]],[[[139.003187,36.045042],[139.0032185,36.0450625],[139.003187,36.045083],[139.003187,36.045042]]],[[[139.003313,36.045083],[139.0032815,36.045104],[139.00325,36.045083],[139.003313,36.045083]]],[[[139.003187,36.045083],[139.0032185,36.0450625],[139.0032185,36.045104],[139.003187,36.045083]]],[[[139.00325,36.045208],[139.00325,36.045167],[139.0032815,36.0451875],[139.00325,36.045208]]],[[[139.00325,36.045083],[139.0032185,36.0450625],[139.00325,36.045042],[139.00325,36.045083]]],[[[139.003313,36.045125],[139.0032815,36.045146],[139.0032815,36.045104],[139.003313,36.045125]]],[[[139.00325,36.045125],[139.0032185,36.045104],[139.00325,36.045083],[139.00325,36.045125]]],[[[139.00325,36.045125],[139.00325,36.045083],[139.0032815,36.045104],[139.00325,36.045125]]],[[[139.00325,36.045083],[139.0032185,36.045104],[139.0032185,36.0450625],[139.00325,36.045083]]],[[[139.00325,36.045125],[139.0032815,36.045104],[139.0032815,36.045146],[139.00325,36.045125]]],[[[139.00325,36.045125],[139.003187,36.045125],[139.0032185,36.045104],[139.00325,36.045125]]],[[[139.00325,36.045167],[139.00325,36.045125],[139.0032815,36.045146],[139.00325,36.045167]]],[[[139.00325,36.045167],[139.0032815,36.045146],[139.0032815,36.0451875],[139.00325,36.045167]]],[[[139.003313,36.045167],[139.0032815,36.045146],[139.003313,36.045125],[139.003313,36.045167]]],[[[139.003313,36.045167],[139.0032815,36.0451875],[139.0032815,36.045146],[139.003313,36.045167]]]]},"properties":{"layer":"flood","class_code":"2","class_label":"0.5m以上3m未満","scale_code":"2","scale_label":"L2（想定最大規模）"}},{"type":"Feature","id":"fld_1f15914f-d2d4-48b5-9587-54c4dad0be5c","geometry":{"type":"MultiPolygon","coordinates":[[[[139.006938,36.049083],[139.006969,36.049104],[139.0069065,36.049104],[139.006938,36.049083]]],[[[139.006688,36.049208],[139.0066565,36.0491875],[139.006688,36.049167],[139.006688,36.049208]]],[[[139.006813,36.049125],[139.006875,36.049125],[139.006844,36.049146],[139.006813,36.049125]]],[[[139.006813,36.049125],[139.0067815,36.049146],[139.00675,36.049125],[139.006813,36.049125]]],[[[139.006813,36.049167],[139.006813,36.049125],[139.006844,36.049146],[139.006813,36.049167]]],[[[139.006813,36.049167],[139.0067815,36.049146],[139.006813,36.049125],[139.006813,36.049167]]],[[[139.006875,36.049167],[139.006875,36.049125],[139.0069065,36.049146],[139.006875,36.049167]]],[[[139.006875,36.049167],[139.006844,36.049146],[139.006875,36.049125],[139.006875,36.049167]]],[[[139.006875,36.049167],[139.006813,36.049167],[139.006844,36.049146],[139.006875,36.049167]]],[[[139.006938,36.049167],[139.006875,36.049167],[139.0069065,36.049146],[139.006938,36.049167]]],[[[139.006938,36.049167],[139.006969,36.049146],[139.007,36.049167],[139.006938,36.049167]]],[[[139.006938,36.049167],[139.0069065,36.049146],[139.006969,36.049146],[139.006938,36.049167]]],[[[139.00675,36.049167],[139.0067815,36.049146],[139.006813,36.049167],[139.00675,36.049167]]],[[[139.00675,36.049167],[139.00675,36.049125],[139.0067815,36.049146],[139.00675,36.049167]]],[[[139.00675,36.049167],[139.006719,36.049146],[139.00675,36.049125],[139.00675,36.049167]]],[[[139.00675,36.049167],[139.006688,36.049167],[139.006719,36.049146],[139.00675,36.049167]]],[[[139.006562,36.049208],[139.006562,36.049167],[139.0065935,36.0491875],[139.006562,36.049208]]],[[[139.006562,36.049208],[139.0065935,36.0491875],[139.006625,36.049208],[139.006562,36.049208]]],[[[139.006625,36.049208],[139.0065935,36.0491875],[139.0066565,36.0491875],[139.006625,36.049208]]],[[[139.006625,36.049208],[139.0066565,36.0491875],[139.006688,36.049208],[139.006625,36.049208]]],[[[139.007125,36.049083],[139.007125,36.049125],[139.007094,36.049104],[139.007125,36.049083]]],[[[139.0070315,36.049104],[139.0070315,36.049146],[139.006969,36.049146],[139.0070315,36.049104]]],[[[139.0070315,36.049104],[139.006969,36.049146],[139.006969,36.049104],[139.0070315,36.049104]]],[[[139.007094,36.049104],[139.0070315,36.049146],[139.0070315,36.049104],[139.007094,36.049104]]],[[[139.007094,36.049104],[139.007094,36.049146],[139.0070315,36.049146],[139.007094,36.049104]]],[[[139.007,36.049083],[139.0070315,36.049104],[139.006969,36.049104],[139.007,36.049083]]],[[[139.007063,36.049083],[139.007094,36.049104],[139.0070315,36.049104],[139.007063,36.049083]]],[[[139.007063,36.049083],[139.0070315,36.049104],[139.007,36.049083],[139.007063,36.049083]]],[[[139.007125,36.049125],[139.007094,36.049146],[139.007094,36.049104],[139.007125,36.049125]]],[[[139.007125,36.049083],[139.007094,36.049104],[139.007063,36.049083],[139.007125,36.049083]]],[[[139.007,36.049167],[139.006969,36.049146],[139.0070315,36.049146],[139.007,36.049167]]],[[[139.007063,36.049167],[139.0070315,36.049146],[139.007094,36.049146],[139.007063,36.049167]]],[[[139.007063,36.049167],[139.007,36.049167],[139.0070315,36.049146],[139.007063,36.049167]]],[[[139.007125,36.049167],[139.007125,36.049125],[139.0071565,36.049146],[139.007125,36.049167]]],[[[139.007125,36.049167],[139.007094,36.049146],[139.007125,36.049125],[139.007125,36.049167]]],[[[139.007125,36.049167],[139.007063,36.049167],[139.007094,36.049146],[139.007125,36.049167]]],[[[139.007188,36.049125],[139.0071565,36.049146],[139.007125,36.049125],[139.007188,36.049125]]],[[[139.007188,36.049167],[139.007188,36.049125],[139.007219,36.049146],[139.007188,36.049167]]],[[[139.007188,36.049167],[139.0071565,36.049146],[139.007188,36.049125],[139.007188,36.049167]]],[[[139.007188,36.049167],[139.007125,36.049167],[139.0071565,36.049146],[139.007188,36.049167]]],[[[139.00725,36.049125],[139.007219,36.049146],[139.007188,36.049125],[139.00725,36.049125]]],[[[139.00725,36.049167],[139.007219,36.049146],[139.00725,36.049125],[139.00725,36.049167]]],[[[139.00725,36.049167],[139.007188,36.049167],[139.007219,36.049146],[139.00725,36.049167]]],[[[139.0065935,36.049146],[139.0066565,36.0491875],[139.0065935,36.0491875],[139.0065935,36.049146]]],[[[139.0066565,36.049146],[139.0066565,36.0491875],[139.0065935,36.049146],[139.0066565,36.049146]]],[[[139.0069065,36.049146],[139.006969,36.049104],[139.006969,36.049146],[139.0069065,36.049146]]],[[[139.006688,36.049125],[139.00675,36.049125],[139.006719,36.049146],[139.006688,36.049125]]],[[[139.0069065,36.049104],[139.0069065,36.049146],[139.006875,36.049125],[139.0069065,36.049104]]],[[[139.0069065,36.049104],[139.006969,36.049104],[139.0069065,36.049146],[139.0069065,36.049104]]],[[[139.006625,36.049125],[139.0066565,36.049146],[139.0065935,36.049146],[139.006625,36.049125]]],[[[139.006625,36.049125],[139.006688,36.049125],[139.0066565,36.049146],[139.006625,36.049125]]],[[[139.006625,36.049125],[139.0065935,36.049146],[139.006562,36.049125],[139.006625,36.049125]]],[[[139.006688,36.049167],[139.006688,36.049125],[139.006719,36.049146],[139.006688,36.049167]]],[[[139.006688,36.049167],[139.0066565,36.049146],[139.006688,36.049125],[139.006688,36.049167]]],[[[139.006688,36.049167],[139.0066565,36.0491875],[139.0066565,36.049146],[139.006688,36.049167]]],[[[139.006562,36.049167],[139.0065935,36.049146],[139.0065935,36.0491875],[139.006562,36.049167]]],[[[139.006562,36.049167],[139.006562,36.049125],[139.0065935,36.049146],[139.006562,36.049167]]],[[[139.006875,36.049083],[139.0069065,36.049104],[139.006875,36.049125],[139.006875,36.049083]]],[[[139.006938,36.049083],[139.0069065,36.049104],[139.006875,36.049083],[139.006938,36.049083]]],[[[139.006938,36.049083],[139.007,36.049083],[139.006969,36.049104],[139.006938,36.049083]]]]},"properties":{"layer":"flood","class_code":"3","class_label":"3m以上5m未満","scale_code":"2","scale_label":"L2（想定最大規模）"}},{"type":"Feature","id":"fld_2eb46494-b306-44f4-8a31-7abc4527e10c","geometry":{"type":"MultiPolygon","coordinates":[[[[139.005813,36.049125],[139.005875,36.049125],[139.005844,36.049146],[139.005813,36.049125]]],[[[139.005813,36.049125],[139.005844,36.049146],[139.005813,36.049167],[139.005813,36.049125]]],[[[139.005875,36.049167],[139.005813,36.049167],[139.005844,36.049146],[139.005875,36.049167]]],[[[139.005875,36.049167],[139.005844,36.049146],[139.005875,36.049125],[139.005875,36.049167]]]]},"properties":{"layer":"flood","class_code":"3","class_label":"3m以上5m未満","scale_code":"2","scale_label":"L2（想定最大規模）"}},{"type":"Feature","id":"fld_c8888a70-d637-409c-8b53-702e1115b569","geometry":{"type":"MultiPolygon","coordinates":[[[[139.000125,36.043583],[139.000188,36.043583],[139.0001565,36.043604],[139.000125,36.043583]]],[[[139.000125,36.043583],[139.0001565,36.043604],[139.000125,36.043625],[139.000125,36.043583]]],[[[139.001094,36.043604],[139.001063,36.043583],[139.001125,36.043583],[139.001094,36.043604]]],[[[139.001094,36.043604],[139.001125,36.043583],[139.001125,36.043625],[139.001094,36.043604]]],[[[139.001094,36.043604],[139.001125,36.043625],[139.001063,36.043625],[139.001094,36.043604]]],[[[139.001094,36.043604],[139.001063,36.043625],[139.001063,36.043583],[139.001094,36.043604]]],[[[139.000594,36.0435625],[139.000563,36.043542],[139.000625,36.043542],[139.000594,36.0435625]]],[[[139.000594,36.0435625],[139.000625,36.043542],[139.000625,36.043583],[139.000594,36.0435625]]],[[[139.000594,36.0435625],[139.000625,36.043583],[139.000594,36.043604],[139.000594,36.0435625]]],[[[139.000594,36.0435625],[139.000594,36.043604],[139.000563,36.043583],[139.000594,36.0435625]]],[[[139.000594,36.0435625],[139.000563,36.043583],[139.000563,36.043542],[139.000594,36.0435625]]],[[[139.000625,36.043583],[139.0006565,36.043604],[139.000625,36.043625],[139.000625,36.043583]]],[[[139.000625,36.043583],[139.000625,36.043625],[139.000594,36.043604],[139.000625,36.043583]]],[[[139.000625,36.043583],[139.000688,36.043583],[139.0006565,36.043604],[139.000625,36.043583]]],[[[139.000563,36.043583],[139.000594,36.043604],[139.000563,36.043625],[139.000563,36.043583]]],[[[139.000563,36.043583],[139.000563,36.043625],[139.0005315,36.043604],[139.000563,36.043583]]],[[[139.000563,36.043583],[139.0005315,36.043604],[139.0005,36.043583],[139.000563,36.043583]]],[[[139.001063,36.043625],[139.001,36.043625],[139.0010315,36.043604],[139.001063,36.043625]]],[[[139.001063,36.043625],[139.0010315,36.043604],[139.001063,36.043583],[139.001063,36.043625]]],[[[139.001063,36.043583],[139.0010315,36.043604],[139.001,36.043583],[139.001063,36.043583]]],[[[139.001,36.043625],[139.000937,36.043625],[139.0009685,36.043604],[139.001,36.043625]]],[[[139.000875,36.043625],[139.000813,36.043625],[139.000844,36.043604],[139.000875,36.043625]]],[[[139.000937,36.043583],[139.000906,36.043604],[139.000875,36.043583],[139.000937,36.043583]]],[[[139.000937,36.043625],[139.000937,36.043583],[139.0009685,36.043604],[139.000937,36.043625]]],[[[139.000937,36.043625],[139.000906,36.043604],[139.000937,36.043583],[139.000937,36.043625]]],[[[139.000937,36.043625],[139.000875,36.043625],[139.000906,36.043604],[139.000937,36.043625]]],[[[139.000188,36.043625],[139.000188,36.043583],[139.000219,36.043604],[139.000188,36.043625]]],[[[139.000188,36.043625],[139.0001565,36.043604],[139.000188,36.043583],[139.000188,36.043625]]],[[[139.000188,36.043625],[139.000125,36.043625],[139.0001565,36.043604],[139.000188,36.043625]]],[[[139.00025,36.043583],[139.000219,36.043604],[139.000188,36.043583],[139.00025,36.043583]]],[[[139.001,36.043583],[139.0009685,36.043604],[139.000937,36.043583],[139.001,36.043583]]],[[[139.001,36.043625],[139.001,36.043583],[139.0010315,36.043604],[139.001,36.043625]]],[[[139.00025,36.043625],[139.00025,36.043583],[139.0002815,36.043604],[139.00025,36.043625]]],[[[139.00025,36.043625],[139.000219,36.043604],[139.00025,36.043583],[139.00025,36.043625]]],[[[139.00025,36.043625],[139.000188,36.043625],[139.000219,36.043604],[139.00025,36.043625]]],[[[139.000313,36.043625],[139.000313,36.043583],[139.000344,36.043604],[139.000313,36.043625]]],[[[139.000313,36.043583],[139.0002815,36.043604],[139.00025,36.043583],[139.000313,36.043583]]],[[[139.000313,36.043625],[139.0002815,36.043604],[139.000313,36.043583],[139.000313,36.043625]]],[[[139.000313,36.043625],[139.00025,36.043625],[139.0002815,36.043604],[139.000313,36.043625]]],[[[139.000375,36.043583],[139.000344,36.043604],[139.000313,36.043583],[139.000375,36.043583]]],[[[139.000375,36.043625],[139.000375,36.043583],[139.000406,36.043604],[139.000375,36.043625]]],[[[139.000375,36.043625],[139.000344,36.043604],[139.000375,36.043583],[139.000375,36.043625]]],[[[139.000375,36.043625],[139.000313,36.043625],[139.000344,36.043604],[139.000375,36.043625]]],[[[139.000437,36.043583],[139.000406,36.043604],[139.000375,36.043583],[139.000437,36.043583]]],[[[139.000437,36.043625],[139.000437,36.043583],[139.0004685,36.043604],[139.000437,36.043625]]],[[[139.000437,36.043625],[139.000406,36.043604],[139.000437,36.043583],[139.000437,36.043625]]],[[[139.000437,36.043625],[139.000375,36.043625],[139.000406,36.043604],[139.000437,36.043625]]],[[[139.0005,36.043583],[139.0004685,36.043604],[139.000437,36.043583],[139.0005,36.043583]]],[[[139.0005,36.043625],[139.0005,36.043583],[139.0005315,36.043604],[139.0005,36.043625]]],[[[139.0005,36.043625],[139.0004685,36.043604],[139.0005,36.043583],[139.0005,36.043625]]],[[[139.0005,36.043625],[139.000437,36.043625],[139.0004685,36.043604],[139.0005,36.043625]]],[[[139.000563,36.043625],[139.0005,36.043625],[139.0005315,36.043604],[139.000563,36.043625]]],[[[139.000625,36.043625],[139.000563,36.043625],[139.000594,36.043604],[139.000625,36.043625]]],[[[139.000688,36.043625],[139.000688,36.043583],[139.000719,36.043604],[139.000688,36.043625]]],[[[139.000688,36.043625],[139.0006565,36.043604],[139.000688,36.043583],[139.000688,36.043625]]],[[[139.000688,36.043625],[139.000625,36.043625],[139.0006565,36.043604],[139.000688,36.043625]]],[[[139.00075,36.043583],[139.000719,36.043604],[139.000688,36.043583],[139.00075,36.043583]]],[[[139.00075,36.043625],[139.00075,36.043583],[139.0007815,36.043604],[139.00075,36.043625]]],[[[139.00075,36.043625],[139.000719,36.043604],[139.00075,36.043583],[139.00075,36.043625]]],[[[139.00075,36.043625],[139.000688,36.043625],[139.000719,36.043604],[139.00075,36.043625]]],[[[139.000813,36.043583],[139.0007815,36.043604],[139.00075,36.043583],[139.000813,36.043583]]],[[[139.000813,36.043625],[139.000813,36.043583],[139.000844,36.043604],[139.000813,36.043625]]],[[[139.000813,36.043625],[139.0007815,36.043604],[139.000813,36.043583],[139.000813,36.043625]]],[[[139.000813,36.043625],[139.00075,36.043625],[139.0007815,36.043604],[139.000813,36.043625]]],[[[139.000875,36.043583],[139.000844,36.043604],[139.000813,36.043583],[139.000875,36.043583]]],[[[139.000875,36.043625],[139.000875,36.043583],[139.000906,36.043604],[139.000875,36.043625]]],[[[139.001,36.043625],[139.0009685,36.043604],[139.001,36.043583],[139.001,36.043625]]],[[[139.000875,36.043625],[139.000844,36.043604],[139.000875,36.043583],[139.000875,36.043625]]]]},"properties":{"layer":"flood","class_code":"3","class_label":"3m以上5m未満","scale_code":"2","scale_label":"L2（想定最大規模）"}},{"type":"Feature","id":"fld_9178057c-af38-43ef-b8b7-4161ec7dccec","geometry":{"type":"MultiPolygon","coordinates":[[[[139.009188,36.049167],[139.009219,36.049146],[139.00925,36.049167],[139.009188,36.049167]]],[[[139.009125,36.049167],[139.0091565,36.049146],[139.009188,36.049167],[139.009125,36.049167]]],[[[139.009125,36.049167],[139.009063,36.049167],[139.009094,36.049146],[139.009125,36.049167]]],[[[139.009125,36.049167],[139.009094,36.049146],[139.009125,36.049125],[139.009125,36.049167]]],[[[139.009125,36.049167],[139.009125,36.049125],[139.0091565,36.049146],[139.009125,36.049167]]],[[[139.009063,36.049167],[139.009063,36.049125],[139.009094,36.049146],[139.009063,36.049167]]],[[[139.009063,36.049125],[139.009125,36.049125],[139.009094,36.049146],[139.009063,36.049125]]],[[[139.009125,36.049125],[139.009188,36.049125],[139.0091565,36.049146],[139.009125,36.049125]]],[[[139.00925,36.049125],[139.00925,36.049167],[139.009219,36.049146],[139.00925,36.049125]]],[[[139.00925,36.049125],[139.009219,36.049146],[139.009188,36.049125],[139.00925,36.049125]]],[[[139.009188,36.049167],[139.0091565,36.049146],[139.009188,36.049125],[139.009188,36.049167]]],[[[139.009188,36.049167],[139.009188,36.049125],[139.009219,36.049146],[139.009188,36.049167]]]]},"properties":{"layer":"flood","class_code":"3","class_label":"3m以上5m未満","scale_code":"2","scale_label":"L2（想定最大規模）"}},{"type":"Feature","id":"fld_3f19b53a-3ee4-46a8-a1a4-2f4304dc3687","geometry":{"type":"MultiPolygon","coordinates":[[[[139.00775,36.049083],[139.0077185,36.049104],[139.0077185,36.0490625],[139.00775,36.049083]]],[[[139.007687,36.049083],[139.007687,36.049042],[139.0077185,36.0490625],[139.007687,36.049083]]],[[[139.00775,36.049042],[139.00775,36.049083],[139.0077185,36.0490625],[139.00775,36.049042]]],[[[139.007687,36.049083],[139.0077185,36.049104],[139.007687,36.049125],[139.007687,36.049083]]],[[[139.00775,36.049125],[139.007687,36.049125],[139.0077185,36.049104],[139.00775,36.049125]]],[[[139.00775,36.049042],[139.0077185,36.0490625],[139.007687,36.049042],[139.00775,36.049042]]],[[[139.00775,36.049083],[139.00775,36.049125],[139.0077185,36.049104],[139.00775,36.049083]]],[[[139.007687,36.049083],[139.0077185,36.0490625],[139.0077185,36.049104],[139.007687,36.049083]]]]},"properties":{"layer":"flood","class_code":"3","class_label":"3m以上5m未満","scale_code":"2","scale_label":"L2（想定最大規模）"}},{"type":"Feature","id":"fld_aae85e02-a191-4505-af1b-b07167f1df19","geometry":{"type":"MultiPolygon","coordinates":[[[[139.001375,36.04375],[139.001375,36.043708],[139.0014065,36.043729],[139.001375,36.04375]]],[[[139.001375,36.04375],[139.0014065,36.043771],[139.001375,36.043792],[139.001375,36.04375]]],[[[139.001438,36.04375],[139.0014065,36.043771],[139.0014065,36.043729],[139.001438,36.04375]]],[[[139.001438,36.04375],[139.001438,36.043792],[139.0014065,36.043771],[139.001438,36.04375]]],[[[139.001438,36.043708],[139.0014065,36.043729],[139.001375,36.043708],[139.001438,36.043708]]],[[[139.001438,36.043708],[139.001438,36.04375],[139.0014065,36.043729],[139.001438,36.043708]]],[[[139.001375,36.043792],[139.0014065,36.043771],[139.001438,36.043792],[139.001375,36.043792]]],[[[139.001375,36.04375],[139.0014065,36.043729],[139.0014065,36.043771],[139.001375,36.04375]]]]},"properties":{"layer":"flood","class_code":"3","class_label":"3m以上5m未満","scale_code":"2","scale_label":"L2（想定最大規模）"}}]}