{"type":"FeatureCollection","properties":{"mesh_code":"53397063","source":"PLATEAU秩父市2025","layer":"road"},"features":[{"type":"Feature","id":"tran_d63ad5e6-3d51-4a5d-a060-ea9617b00b6b","geometry":{"type":"Polygon","coordinates":[[[139.0365461,35.9663348],[139.0366199,35.9663475],[139.0368188,35.9663895],[139.0368569,35.9663986],[139.0370358,35.9664439],[139.0370531,35.9664313],[139.0370569,35.9664323],[139.0371537,35.9664599],[139.037155,35.9664604],[139.0371576,35.9664789],[139.0372905,35.9665237],[139.0374226,35.9665626],[139.0374868,35.9665783],[139.0376763,35.9666317],[139.0377406,35.9666496],[139.0378002,35.966669],[139.0378558,35.9666875],[139.0379196,35.9667123],[139.0379556,35.9667269],[139.0379766,35.9667341],[139.0380008,35.9667401],[139.0380288,35.9667455],[139.0380577,35.9667485],[139.0380974,35.9667526],[139.0381236,35.9667563],[139.0381646,35.9667667],[139.0381983,35.9667767],[139.0382306,35.9667881],[139.0382858,35.9668069],[139.0383295,35.9668237],[139.038396,35.9668524],[139.0384755,35.966888],[139.0385057,35.9669029],[139.0385282,35.9669166],[139.0385408,35.9669261],[139.0385667,35.9669499],[139.0386177,35.9669986],[139.038643,35.9670198],[139.038664,35.9670332],[139.0386755,35.9670384],[139.0386821,35.9670405],[139.0386932,35.9670429],[139.0387034,35.9670438],[139.0387107,35.9670433],[139.0387155,35.9670425],[139.0387273,35.96704],[139.0387383,35.9670316],[139.0387444,35.9670262],[139.0387538,35.9670158],[139.0387573,35.9670107],[139.038762,35.9670011],[139.0387642,35.9669919],[139.0387645,35.9669861],[139.0387631,35.9669752],[139.0387614,35.9669695],[139.0387565,35.9669589],[139.03875,35.9669493],[139.0387339,35.9669322],[139.0387138,35.9669157],[139.0386993,35.9669054],[139.0386679,35.9668845],[139.0385691,35.9668219],[139.038517,35.9667896],[139.0384003,35.9667188],[139.0383652,35.9666971],[139.0382891,35.966651],[139.0382315,35.9666185],[139.0382005,35.9666016],[139.0381514,35.9665757],[139.0380996,35.9665491],[139.0380298,35.9665138],[139.0379961,35.9664968],[139.0379638,35.9664806],[139.0379047,35.9664494],[139.0378654,35.9664261],[139.0378308,35.9664023],[139.0378106,35.9663868],[139.0377782,35.9663591],[139.0377611,35.9663429],[139.0377392,35.9663207],[139.0377312,35.9663135],[139.0377259,35.9663098],[139.0377146,35.9663035],[139.037686,35.9662905],[139.0376391,35.9662712],[139.0375535,35.9662363],[139.0375044,35.9662154],[139.0374337,35.9661833],[139.0373943,35.9661634],[139.0373274,35.966126],[139.0372481,35.9660766],[139.0372027,35.9660462],[139.0371532,35.9660118],[139.0370445,35.965934],[139.0370299,35.9659235],[139.0370492,35.9659013],[139.0370665,35.9659138],[139.037175,35.9659914],[139.0372241,35.9660255],[139.0372688,35.9660554],[139.037347,35.9661042],[139.0374125,35.9661408],[139.0374506,35.96616],[139.0375202,35.9661916],[139.0375687,35.9662122],[139.037654,35.966247],[139.0377016,35.9662666],[139.0377322,35.9662805],[139.0377462,35.9662883],[139.0377543,35.966294],[139.0377645,35.9663031],[139.0377867,35.9663257],[139.0378029,35.9663409],[139.0378341,35.9663676],[139.037853,35.9663821],[139.0378859,35.9664048],[139.0379235,35.9664271],[139.0379817,35.9664577],[139.0380136,35.9664738],[139.0380474,35.9664908],[139.0381173,35.9665262],[139.0381694,35.966553],[139.0382188,35.9665791],[139.0382502,35.9665961],[139.0383085,35.9666291],[139.0383852,35.9666755],[139.0384203,35.9666972],[139.0385371,35.966768],[139.0385894,35.9668005],[139.0386886,35.9668634],[139.0387139,35.9668802],[139.0387322,35.9668913],[139.0387596,35.9669097],[139.0387774,35.9669239],[139.0387852,35.9669316],[139.0387955,35.9669445],[139.0388059,35.9669614],[139.0388096,35.9669731],[139.0388116,35.966985],[139.0388117,35.9669971],[139.0388101,35.9670091],[139.0388067,35.9670209],[139.0388017,35.9670322],[139.0387949,35.967043],[139.0387866,35.967053],[139.0387769,35.9670622],[139.038766,35.9670703],[139.0387603,35.9670741],[139.0387519,35.9670776],[139.0387339,35.967082],[139.0387198,35.9670835],[139.0386901,35.9670833],[139.0386595,35.9670797],[139.0386463,35.9670766],[139.0386355,35.9670724],[139.0386287,35.9670686],[139.0386121,35.9670572],[139.0385955,35.967044],[139.0385834,35.9670327],[139.0385584,35.9670057],[139.0385226,35.9669623],[139.0384997,35.966933],[139.038487,35.9669253],[139.0384588,35.9669114],[139.0383801,35.9668762],[139.0383146,35.9668478],[139.0382722,35.9668316],[139.0382182,35.9668132],[139.0381863,35.966802],[139.0381539,35.9667924],[139.0381158,35.9667826],[139.0380924,35.9667793],[139.0380534,35.9667753],[139.0380228,35.966772],[139.0379922,35.9667662],[139.0379654,35.9667596],[139.0379417,35.9667515],[139.037905,35.9667366],[139.0378423,35.9667123],[139.0377877,35.966694],[139.037729,35.966675],[139.0376655,35.9666574],[139.0374765,35.966604],[139.0374122,35.9665883],[139.0372784,35.9665489],[139.0371328,35.9664998],[139.0370402,35.9664734],[139.0368474,35.9664244],[139.03681,35.9664156],[139.0366122,35.9663738],[139.0365392,35.9663613],[139.0365461,35.9663348]]]},"properties":{"layer":"road","class_code":"1040","class_label":"道路"}},{"type":"Feature","id":"tran_5784e1ab-bb34-43a9-b39c-bf75ebabcc91","geometry":{"type":"Polygon","coordinates":[[[139.0375682,35.9727415],[139.0375756,35.9727263],[139.0376485,35.9725774],[139.0376776,35.9725177],[139.0377535,35.9723688],[139.0378598,35.9721662],[139.0378851,35.9721755],[139.037779,35.9723775],[139.0377034,35.9725262],[139.0376743,35.9725857],[139.0375795,35.9727791],[139.0375551,35.9728694],[139.0375362,35.9729553],[139.0375225,35.9730811],[139.0375125,35.9732853],[139.0375068,35.9733209],[139.0375011,35.9733868],[139.0375018,35.9734531],[139.0375018,35.9734534],[139.0375089,35.9735188],[139.0375106,35.9735239],[139.0375367,35.9735896],[139.037569,35.9736533],[139.0375855,35.9736806],[139.0376048,35.9737041],[139.037639,35.9737373],[139.037646,35.9737448],[139.0376845,35.9737898],[139.0376913,35.9737973],[139.0377008,35.9738094],[139.0377091,35.973822],[139.0377149,35.9738322],[139.037721,35.9738457],[139.0377257,35.9738595],[139.0377391,35.9739102],[139.0377521,35.9739808],[139.0377594,35.9740296],[139.0377219,35.9740088],[139.0377232,35.9740084],[139.0377256,35.9740044],[139.0377262,35.9740015],[139.0377247,35.9739842],[139.0377117,35.9739142],[139.0376988,35.9738649],[139.0376946,35.9738527],[139.0376892,35.9738408],[139.0376843,35.973832],[139.0376769,35.9738208],[139.0376684,35.9738101],[139.0376618,35.9738029],[139.0376236,35.9737581],[139.0376173,35.9737514],[139.0375801,35.9737152],[139.0375619,35.9736929],[139.0375437,35.9736626],[139.0375107,35.9735973],[139.0374841,35.9735303],[139.0374815,35.9735229],[139.0374742,35.973455],[139.0374741,35.9734537],[139.0374733,35.9733862],[139.0374792,35.9733186],[139.0374849,35.9732834],[139.0374948,35.9730796],[139.0375087,35.9729524],[139.0375279,35.972865],[139.037553,35.9727726],[139.0375682,35.9727415]]]},"properties":{"layer":"road","class_code":"1040","class_label":"道路"}},{"type":"Feature","id":"tran_dac8acc7-0923-40b8-819f-1f6d7f373d80","geometry":{"type":"Polygon","coordinates":[[[139.0376958,35.9740269],[139.0377016,35.9740089],[139.0377078,35.9740102],[139.0377141,35.97401],[139.0377219,35.9740088],[139.0377594,35.9740296],[139.0377625,35.9740338],[139.0377471,35.9740524],[139.0377248,35.9740402],[139.0376958,35.9740269]]]},"properties":{"layer":"road","class_code":"1040","class_label":"道路"}},{"type":"Feature","id":"tran_34a99094-d3ea-473d-b432-724280fddc89","geometry":{"type":"Polygon","coordinates":[[[139.0377625,35.9740338],[139.0377677,35.9740365],[139.0377522,35.9740552],[139.0377471,35.9740524],[139.0377625,35.9740338]]]},"properties":{"layer":"road","class_code":"1040","class_label":"道路"}},{"type":"Feature","id":"tran_f1c6aac5-657f-495e-b39b-dcb355a248b1","geometry":{"type":"Polygon","coordinates":[[[139.0377677,35.9740365],[139.0377706,35.9740354],[139.0377919,35.9740471],[139.0377945,35.9740512],[139.037779,35.9740699],[139.0377522,35.9740552],[139.0377677,35.9740365]]]},"properties":{"layer":"road","class_code":"1040","class_label":"道路"}},{"type":"Feature","id":"tran_63035f1a-a536-41db-a486-6b7d519fc59f","geometry":{"type":"Polygon","coordinates":[[[139.0377706,35.9740354],[139.0377738,35.9739949],[139.0377747,35.9739701],[139.0377748,35.9739579],[139.0377756,35.973939],[139.0377823,35.9739073],[139.0377926,35.9738739],[139.0377998,35.9738358],[139.0378127,35.9737822],[139.0378309,35.9737258],[139.0378828,35.9736029],[139.0379294,35.9735088],[139.0380199,35.9733606],[139.0381561,35.9731865],[139.0382559,35.973087],[139.0383262,35.9730177],[139.0384308,35.9729144],[139.0386301,35.9727525],[139.0386458,35.9727652],[139.0384474,35.9729265],[139.0383433,35.9730292],[139.038273,35.9730985],[139.0381741,35.973197],[139.0380393,35.9733695],[139.0379496,35.9735162],[139.0379036,35.9736091],[139.0378522,35.973731],[139.0378343,35.9737863],[139.0378216,35.9738392],[139.0378139,35.9738793],[139.037804,35.973911],[139.0377977,35.9739408],[139.037797,35.9739582],[139.0377969,35.9739704],[139.037796,35.9739957],[139.0377919,35.9740471],[139.0377706,35.9740354]]]},"properties":{"layer":"road","class_code":"1040","class_label":"道路"}},{"type":"Feature","id":"tran_5c7a9d07-01ef-4c90-b94d-f8a57e244a5c","geometry":{"type":"Polygon","coordinates":[[[139.0486432,35.9694955],[139.0486884,35.9694851],[139.0486982,35.9695021],[139.0487048,35.9695109],[139.0487174,35.9695252],[139.0487397,35.9695471],[139.048753,35.969559],[139.048775,35.9695773],[139.0488073,35.9696013],[139.0488243,35.9696121],[139.0488504,35.9696254],[139.0488593,35.9696289],[139.0488771,35.9696344],[139.0488956,35.9696383],[139.0489351,35.9696432],[139.0489809,35.9696462],[139.0490079,35.9696469],[139.0490559,35.9696464],[139.0491372,35.9696437],[139.0491858,35.9696433],[139.0492398,35.9696447],[139.049269,35.9696464],[139.0492547,35.969717],[139.0491614,35.9697072],[139.0491122,35.9697033],[139.0490355,35.9696986],[139.0489754,35.9696938],[139.0489487,35.9696904],[139.0489102,35.9696833],[139.0488715,35.969673],[139.0488466,35.9696648],[139.0488308,35.969659],[139.0488023,35.9696471],[139.0487762,35.9696336],[139.0487614,35.9696241],[139.0487334,35.9696022],[139.0487133,35.9695837],[139.0487023,35.9695724],[139.0486842,35.9695518],[139.0486529,35.9695103],[139.0486432,35.9694955]]]},"properties":{"layer":"road","class_code":"1040","class_label":"道路"}},{"type":"Feature","id":"tran_90cb9c80-b3c4-48f6-8f7e-fd2e706804f2","geometry":{"type":"Polygon","coordinates":[[[139.038534,35.9709431],[139.038541,35.9709421],[139.0385479,35.9709408],[139.0385547,35.9709394],[139.0385614,35.9709377],[139.038568,35.9709357],[139.0385745,35.9709335],[139.0385809,35.9709311],[139.0385872,35.9709285],[139.0385933,35.9709257],[139.0385993,35.9709226],[139.0386133,35.9709101],[139.0386517,35.9709196],[139.0386503,35.9709268],[139.03865,35.9709342],[139.038651,35.9709415],[139.0386532,35.9709486],[139.0386565,35.9709554],[139.0386609,35.9709618],[139.0386663,35.9709677],[139.0386429,35.970982],[139.0386354,35.9709778],[139.03862,35.9709722],[139.0386118,35.9709702],[139.038599,35.9709681],[139.0385581,35.9709666],[139.0385389,35.9709658],[139.038534,35.9709431]]]},"properties":{"layer":"road","class_code":"1040","class_label":"道路"}},{"type":"Feature","id":"tran_20f80a3e-0bfe-420c-83df-94256540a724","geometry":{"type":"Polygon","coordinates":[[[139.0386133,35.9709101],[139.0386518,35.9708758],[139.0386559,35.9708719],[139.0386706,35.9708588],[139.0386988,35.9708353],[139.0387445,35.9708016],[139.038769,35.9707855],[139.0388074,35.9707631],[139.0388336,35.9707496],[139.0388872,35.9707237],[139.0389274,35.9707025],[139.0389678,35.9706774],[139.0389955,35.9706582],[139.0390564,35.970613],[139.0391275,35.970558],[139.0391661,35.9705261],[139.0392061,35.9704909],[139.0392264,35.970472],[139.0392674,35.9704317],[139.0393468,35.9703486],[139.0394002,35.9702926],[139.0394213,35.9702714],[139.0394605,35.9702326],[139.0394898,35.9702023],[139.0395212,35.970167],[139.0395384,35.9701463],[139.0395636,35.9701145],[139.0396247,35.970033],[139.0396839,35.9699526],[139.0398019,35.9697934],[139.0398256,35.9698051],[139.0397077,35.9699642],[139.0396484,35.9700447],[139.039587,35.9701265],[139.0395616,35.9701587],[139.0395439,35.9701799],[139.0395119,35.9702159],[139.0394821,35.9702467],[139.0394428,35.9702856],[139.0394219,35.9703066],[139.0393687,35.9703624],[139.039289,35.9704458],[139.0392476,35.9704866],[139.0392267,35.970506],[139.0391862,35.9705416],[139.0391469,35.970574],[139.0390753,35.9706295],[139.0390139,35.9706751],[139.0389852,35.9706949],[139.0389434,35.9707209],[139.0389018,35.9707429],[139.0388481,35.9707688],[139.0388229,35.9707818],[139.0387858,35.9708035],[139.0387625,35.9708188],[139.038718,35.9708515],[139.0386908,35.9708743],[139.0386766,35.9708869],[139.0386629,35.9708997],[139.0386581,35.9709059],[139.0386543,35.9709126],[139.0386517,35.9709196],[139.0386133,35.9709101]]]},"properties":{"layer":"road","class_code":"1040","class_label":"道路"}},{"type":"Feature","id":"tran_c84191ca-c633-4c78-807d-d87b849f06f0","geometry":{"type":"Polygon","coordinates":[[[139.0386663,35.9709677],[139.0386674,35.9709683],[139.0386774,35.9709763],[139.0386895,35.9709895],[139.0386987,35.9710044],[139.038703,35.9710137],[139.0387085,35.9710287],[139.0387157,35.9710562],[139.0387221,35.9710908],[139.0387332,35.9711673],[139.0387437,35.971232],[139.0387496,35.9712569],[139.0387565,35.9712775],[139.0387612,35.9712887],[139.0387707,35.9713078],[139.0387832,35.9713278],[139.0387891,35.9713343],[139.0387974,35.9713414],[139.0388045,35.9713464],[139.0388273,35.9713603],[139.0388753,35.9713813],[139.0388923,35.9713906],[139.0389038,35.9713947],[139.0389193,35.9713986],[139.0389384,35.9714007],[139.0389471,35.9714003],[139.0389653,35.9713982],[139.0389677,35.9713978],[139.0389716,35.9713967],[139.0390004,35.9713866],[139.0390029,35.9713854],[139.0390312,35.9713747],[139.0390604,35.9713659],[139.0390901,35.971359],[139.0391052,35.9713563],[139.0391355,35.9713522],[139.0391597,35.9713504],[139.0391892,35.9713474],[139.0392209,35.9713461],[139.0392526,35.9713469],[139.0392838,35.9713496],[139.0392988,35.9713516],[139.0393294,35.9713572],[139.0393596,35.9713649],[139.0393842,35.9713727],[139.0394278,35.9713849],[139.0394519,35.971393],[139.0395263,35.9714406],[139.0395422,35.9714531],[139.0395536,35.9714634],[139.039772,35.9716443],[139.0397859,35.9716533],[139.0398089,35.971671],[139.0398224,35.971684],[139.0398298,35.9716924],[139.039841,35.9717088],[139.0398451,35.9717168],[139.0398509,35.9717323],[139.0398539,35.971747],[139.0398551,35.971774],[139.0398532,35.9718083],[139.0398511,35.971823],[139.0398463,35.9718427],[139.0398392,35.9718605],[139.0398347,35.9718689],[139.039825,35.9718833],[139.0398191,35.9718902],[139.039809,35.9719001],[139.0397903,35.9719136],[139.0397753,35.9719215],[139.0397669,35.9719251],[139.0397532,35.97193],[139.0397253,35.9719372],[139.0397096,35.97194],[139.0397019,35.9719409],[139.0396961,35.9719097],[139.0397026,35.9719089],[139.0397153,35.9719067],[139.0397395,35.9719005],[139.0397499,35.9718967],[139.0397555,35.9718943],[139.0397667,35.9718884],[139.039781,35.971878],[139.0397882,35.9718711],[139.0397919,35.9718667],[139.0397999,35.9718549],[139.0398029,35.9718493],[139.0398087,35.9718348],[139.0398127,35.9718181],[139.0398145,35.9718058],[139.0398162,35.9717739],[139.0398152,35.9717502],[139.039813,35.9717394],[139.0398086,35.9717275],[139.0398061,35.9717227],[139.0397969,35.9717092],[139.0397917,35.9717033],[139.0397807,35.9716927],[139.0397604,35.9716772],[139.0397459,35.9716678],[139.0395257,35.9714804],[139.0395167,35.9714705],[139.0395035,35.9714605],[139.0394349,35.9714166],[139.039416,35.9714102],[139.0393726,35.9713981],[139.0393485,35.9713904],[139.0393208,35.9713834],[139.0392925,35.9713782],[139.0392792,35.9713764],[139.0392503,35.9713738],[139.0392212,35.9713732],[139.0391922,35.9713743],[139.0391633,35.9713773],[139.0391397,35.971379],[139.0391115,35.9713828],[139.0390982,35.9713852],[139.0390708,35.9713916],[139.039044,35.9713997],[139.0390181,35.9714095],[139.0390153,35.9714108],[139.0389838,35.9714219],[139.0389769,35.9714238],[139.0389712,35.9714249],[139.0389504,35.9714273],[139.0389372,35.9714279],[139.038912,35.971425],[139.038878,35.9714131],[139.0388599,35.9714048],[139.0388113,35.9713787],[139.0387871,35.971364],[139.0387782,35.9713577],[139.0387677,35.9713488],[139.0387595,35.9713396],[139.0387455,35.9713172],[139.0387352,35.9712966],[139.03873,35.9712841],[139.0387226,35.971262],[139.0387163,35.9712356],[139.0387057,35.9711701],[139.0386946,35.9710938],[139.0386884,35.9710602],[139.0386817,35.9710343],[139.0386767,35.9710209],[139.0386733,35.9710135],[139.0386658,35.9710014],[139.0386565,35.9709911],[139.0386498,35.9709858],[139.0386429,35.970982],[139.0386663,35.9709677]]]},"properties":{"layer":"road","class_code":"1040","class_label":"道路"}},{"type":"Feature","id":"tran_9c068554-fb70-4fcd-b372-e658601ba164","geometry":{"type":"Polygon","coordinates":[[[139.03959,35.9719136],[139.0395877,35.9719451],[139.0395591,35.9719437],[139.0395287,35.9719416],[139.0394645,35.9719358],[139.0393391,35.9719226],[139.0392874,35.9719181],[139.0392662,35.9719169],[139.039233,35.9719167],[139.0392198,35.9719179],[139.0392145,35.9719194],[139.0392094,35.9719214],[139.0392046,35.9719237],[139.0392,35.9719264],[139.0391959,35.9719295],[139.039192,35.9719328],[139.0391886,35.9719365],[139.0391856,35.9719403],[139.0391831,35.9719444],[139.0391811,35.9719487],[139.0391856,35.97197],[139.0392015,35.9720288],[139.039211,35.9720554],[139.0392176,35.9720679],[139.0392213,35.9720728],[139.0392299,35.9720807],[139.0392371,35.9720851],[139.0392563,35.9720941],[139.0393192,35.9721215],[139.0393469,35.9721362],[139.0393536,35.9721408],[139.0393633,35.9721497],[139.0393688,35.9721587],[139.0393707,35.972165],[139.0393718,35.9721791],[139.0393712,35.9721979],[139.0393682,35.9722309],[139.0393295,35.9722286],[139.0393316,35.9722054],[139.0393304,35.9721971],[139.0393282,35.972189],[139.039325,35.9721812],[139.0393207,35.9721736],[139.0393155,35.9721665],[139.0393095,35.9721598],[139.0393026,35.9721537],[139.0392949,35.9721482],[139.0392866,35.9721434],[139.0392778,35.9721393],[139.0392374,35.9721217],[139.0392155,35.9721114],[139.0392034,35.9721039],[139.0391899,35.9720916],[139.039183,35.9720823],[139.0391744,35.972066],[139.0391639,35.9720366],[139.0391475,35.9719761],[139.0391414,35.9719471],[139.0391421,35.9719301],[139.0391502,35.971914],[139.0391599,35.9719045],[139.0391747,35.9718957],[139.0391864,35.9718914],[139.0392027,35.9718877],[139.039231,35.9718851],[139.0392677,35.9718854],[139.0392908,35.9718867],[139.0393437,35.9718913],[139.0394692,35.9719045],[139.0395325,35.9719102],[139.0395619,35.9719123],[139.039589,35.9719136],[139.03959,35.9719136]]]},"properties":{"layer":"road","class_code":"1040","class_label":"道路"}},{"type":"Feature","id":"tran_058e75fb-620c-4238-a398-9e50fc00e806","geometry":{"type":"Polygon","coordinates":[[[139.0395877,35.9719451],[139.03959,35.9719136],[139.0396381,35.971914],[139.0396795,35.9719118],[139.0396961,35.9719097],[139.0397019,35.9719409],[139.0396947,35.9719497],[139.0396783,35.9719732],[139.0395877,35.9719451]]]},"properties":{"layer":"road","class_code":"1040","class_label":"道路"}},{"type":"Feature","id":"tran_4b7cc838-bfc0-494a-9df2-bc30ea863b05","geometry":{"type":"Polygon","coordinates":[[[139.0396783,35.9719732],[139.0396947,35.9719497],[139.039724,35.9719632],[139.0397757,35.9719849],[139.0398201,35.9720011],[139.0398467,35.9720095],[139.0398957,35.9720229],[139.0399656,35.9720395],[139.0399992,35.9720462],[139.0400476,35.9720542],[139.040093,35.9720592],[139.0401214,35.9720608],[139.0401395,35.9720612],[139.0401732,35.9720604],[139.0402079,35.972057],[139.0402796,35.9720455],[139.0404019,35.9720412],[139.0404724,35.972046],[139.0405088,35.9720498],[139.0405389,35.9720541],[139.040532,35.9720806],[139.0405037,35.9720765],[139.0404689,35.9720729],[139.0403991,35.9720681],[139.0402857,35.9720721],[139.0402131,35.9720838],[139.0401757,35.9720874],[139.0401395,35.9720883],[139.0401197,35.9720878],[139.0400895,35.9720861],[139.040042,35.9720809],[139.0399919,35.9720726],[139.039957,35.9720656],[139.0398858,35.9720487],[139.0398353,35.9720349],[139.0398073,35.972026],[139.0397613,35.9720093],[139.0397082,35.971987],[139.0396783,35.9719732]]]},"properties":{"layer":"road","class_code":"1040","class_label":"道路"}},{"type":"Feature","id":"tran_4154971c-b8bf-47cd-87fd-574a12522f72","geometry":{"type":"Polygon","coordinates":[[[139.0405654,35.9720863],[139.040568,35.9721833],[139.0405681,35.9721869],[139.0405685,35.9721902],[139.040569,35.9721936],[139.0405697,35.9721968],[139.0405706,35.9722001],[139.0405718,35.9722033],[139.0405731,35.9722064],[139.0405746,35.9722095],[139.0405763,35.9722125],[139.0405784,35.9722158],[139.040681,35.9723751],[139.0406842,35.9723827],[139.0406857,35.9723883],[139.0406869,35.9723933],[139.040688,35.9723984],[139.040689,35.9724035],[139.0406899,35.9724085],[139.0406907,35.9724137],[139.0406913,35.9724188],[139.0406918,35.9724239],[139.0406922,35.972429],[139.0406925,35.9724355],[139.0406899,35.9724469],[139.0406602,35.972477],[139.0406342,35.97246],[139.0406588,35.9724352],[139.0406591,35.9724336],[139.040659,35.9724304],[139.0406586,35.9724258],[139.0406582,35.9724212],[139.0406576,35.9724166],[139.0406569,35.972412],[139.0406561,35.9724075],[139.0406552,35.9724029],[139.0406543,35.9723984],[139.0406531,35.9723939],[139.0406521,35.9723899],[139.0406503,35.9723857],[139.0405489,35.9722283],[139.0405465,35.9722244],[139.040544,35.9722202],[139.0405419,35.9722158],[139.04054,35.9722114],[139.0405384,35.9722069],[139.0405371,35.9722023],[139.0405361,35.9721977],[139.0405354,35.9721931],[139.0405349,35.9721884],[139.0405348,35.972184],[139.040532,35.9720806],[139.0405654,35.9720863]]]},"properties":{"layer":"road","class_code":"1040","class_label":"道路"}},{"type":"Feature","id":"tran_e0e1c5f7-37a1-4cd6-a4f4-5dd370736e10","geometry":{"type":"Polygon","coordinates":[[[139.040532,35.9720806],[139.0405389,35.9720541],[139.0405569,35.9720568],[139.0405723,35.9720599],[139.0405654,35.9720863],[139.040532,35.9720806]]]},"properties":{"layer":"road","class_code":"1040","class_label":"道路"}},{"type":"Feature","id":"tran_a1662860-6c96-45d6-9d97-a3f78422e842","geometry":{"type":"Polygon","coordinates":[[[139.0405654,35.9720863],[139.0405723,35.9720599],[139.0405962,35.9720647],[139.0406149,35.9720694],[139.0406411,35.9720773],[139.0406761,35.9720911],[139.0407054,35.9721073],[139.040723,35.9721194],[139.0407554,35.9721451],[139.04079,35.972173],[139.040808,35.9721866],[139.0408358,35.9722054],[139.0408642,35.9722215],[139.0409008,35.9722414],[139.040918,35.9722524],[139.0409374,35.9722689],[139.0409462,35.972279],[139.0409571,35.9722954],[139.0409662,35.9723147],[139.0409704,35.9723259],[139.040981,35.9723628],[139.0409959,35.9724173],[139.041005,35.9724436],[139.0410102,35.9724556],[139.0410222,35.9724789],[139.041036,35.9725005],[139.0410459,35.9725138],[139.0410682,35.9725395],[139.0411043,35.9725762],[139.0411204,35.9725954],[139.0411292,35.9726092],[139.0411329,35.9726169],[139.0411368,35.9726284],[139.0411387,35.9726402],[139.0411391,35.9726485],[139.0411378,35.9726641],[139.0411327,35.9726868],[139.0411188,35.9727253],[139.0411115,35.9727469],[139.0411085,35.9727594],[139.041104,35.9727903],[139.0410975,35.9728404],[139.0410901,35.9728789],[139.041078,35.9729295],[139.0410681,35.9729594],[139.041063,35.9729681],[139.0410476,35.9730006],[139.0409978,35.9731411],[139.0409927,35.9731678],[139.0409914,35.9731797],[139.0409915,35.973195],[139.0409957,35.9732156],[139.0410092,35.9732309],[139.0410238,35.9732397],[139.0410567,35.97325],[139.0410859,35.9732536],[139.0411071,35.9732525],[139.0411249,35.9732485],[139.0411474,35.9732424],[139.0411736,35.9732309],[139.0412406,35.9731942],[139.0413293,35.9731396],[139.0413778,35.9731182],[139.0413979,35.9731146],[139.0414314,35.9731117],[139.0414703,35.9731139],[139.0415061,35.9731211],[139.0416386,35.9731704],[139.041691,35.9731943],[139.0416767,35.9732187],[139.0416235,35.9731945],[139.0414951,35.9731468],[139.041465,35.9731408],[139.0414319,35.9731389],[139.0414031,35.9731413],[139.0413895,35.9731438],[139.0413475,35.9731623],[139.04126,35.9732161],[139.0411909,35.973254],[139.0411608,35.9732674],[139.0411346,35.9732744],[139.0411127,35.9732793],[139.0410845,35.9732808],[139.0410481,35.9732764],[139.0410076,35.9732636],[139.0409852,35.9732501],[139.0409642,35.9732263],[139.0409582,35.9731974],[139.0409581,35.9731785],[139.0409596,35.9731646],[139.0409652,35.9731353],[139.041016,35.9729921],[139.0410324,35.9729575],[139.0410348,35.9729533],[139.0410455,35.972924],[139.0410574,35.9728743],[139.0410645,35.9728369],[139.0410709,35.9727873],[139.0410756,35.9727551],[139.0410791,35.9727407],[139.0410868,35.972718],[139.0411003,35.9726805],[139.0411048,35.9726608],[139.0411058,35.9726481],[139.0411055,35.9726425],[139.0411041,35.9726338],[139.0411013,35.9726255],[139.0410988,35.9726204],[139.0410918,35.9726093],[139.0410775,35.9725922],[139.0410416,35.9725557],[139.0410181,35.9725286],[139.041007,35.9725137],[139.040992,35.9724904],[139.0409791,35.9724653],[139.0409733,35.9724517],[139.0409636,35.9724239],[139.0409486,35.9723688],[139.0409382,35.9723329],[139.0409347,35.9723234],[139.0409268,35.9723067],[139.0409179,35.9722933],[139.0409116,35.9722861],[139.0408956,35.9722725],[139.0408813,35.9722633],[139.0408454,35.9722438],[139.0408157,35.9722269],[139.0407861,35.9722069],[139.040767,35.9721925],[139.0407321,35.9721644],[139.0407006,35.9721394],[139.0406853,35.9721288],[139.0406594,35.9721146],[139.0406281,35.9721022],[139.0406042,35.972095],[139.0405872,35.9720908],[139.0405654,35.9720863]]]},"properties":{"layer":"road","class_code":"1040","class_label":"道路"}},{"type":"Feature","id":"tran_5664edf0-b508-40ba-8c09-d0ee8ebc1233","geometry":{"type":"Polygon","coordinates":[[[139.0412069,35.9667222],[139.0412374,35.966701],[139.0412483,35.9667113],[139.0412992,35.9667536],[139.0413214,35.9667755],[139.0413572,35.9668163],[139.0413832,35.9668522],[139.0413967,35.9668774],[139.0414112,35.9669124],[139.0414159,35.9669249],[139.0414235,35.9669493],[139.0414282,35.9669729],[139.0414294,35.9669825],[139.0414296,35.9669901],[139.0414282,35.9670149],[139.0414227,35.9670416],[139.0413844,35.9670364],[139.0413895,35.9670115],[139.0413908,35.9669897],[139.0413907,35.9669846],[139.0413896,35.9669771],[139.0413854,35.9669557],[139.0413785,35.9669334],[139.0413742,35.966922],[139.0413605,35.9668887],[139.0413486,35.9668666],[139.0413247,35.9668335],[139.0412906,35.9667946],[139.0412703,35.9667747],[139.0412197,35.9667327],[139.0412069,35.9667222]]]},"properties":{"layer":"road","class_code":"1040","class_label":"道路"}},{"type":"Feature","id":"tran_325bae3d-3f91-4f24-8fd6-8b02f478161a","geometry":{"type":"Polygon","coordinates":[[[139.0412803,35.9666448],[139.0412961,35.9666512],[139.0414252,35.9667115],[139.041531,35.966762],[139.0415858,35.9667868],[139.0415479,35.9668419],[139.0414931,35.9668171],[139.0413837,35.9667701],[139.0412546,35.9667097],[139.0412374,35.966701],[139.0412803,35.9666448]]]},"properties":{"layer":"road","class_code":"1040","class_label":"道路"}},{"type":"Feature","id":"tran_45071c1b-76b5-4616-ac22-2d1b170d111f","geometry":{"type":"Polygon","coordinates":[[[139.0415858,35.9667868],[139.0415948,35.9667873],[139.041602,35.9667864],[139.0416079,35.9667849],[139.0416106,35.9667824],[139.0416132,35.96678],[139.0416449,35.9667923],[139.041644,35.9668001],[139.041644,35.9668046],[139.0416476,35.966815],[139.0416097,35.96687],[139.0415479,35.9668419],[139.0415858,35.9667868]]]},"properties":{"layer":"road","class_code":"1040","class_label":"道路"}},{"type":"Feature","id":"tran_2c6ff055-199f-42a9-823d-d426bcc31bff","geometry":{"type":"Polygon","coordinates":[[[139.0416476,35.966815],[139.0417063,35.9668417],[139.0418604,35.9669108],[139.0420073,35.9669788],[139.0421087,35.9670235],[139.0421898,35.9670632],[139.0422767,35.9671096],[139.0423775,35.9671659],[139.0425048,35.9672401],[139.0425473,35.9672615],[139.0426264,35.9672971],[139.0426887,35.967321],[139.0427259,35.9673332],[139.0427684,35.9673447],[139.0427995,35.9673511],[139.0428364,35.9673571],[139.0428556,35.9673595],[139.0428849,35.9673669],[139.0429038,35.9673729],[139.0429909,35.9674066],[139.0430495,35.9674311],[139.0430981,35.9674528],[139.0431474,35.9674766],[139.0432255,35.9675183],[139.0433366,35.9675758],[139.0433929,35.9676047],[139.0433515,35.9676581],[139.043295,35.9676291],[139.0431834,35.9675713],[139.0431062,35.9675302],[139.0430595,35.9675075],[139.0430131,35.9674868],[139.0429565,35.9674632],[139.0428731,35.9674308],[139.0428594,35.9674265],[139.0428382,35.9674211],[139.0428229,35.9674192],[139.0427823,35.9674127],[139.0427466,35.9674053],[139.0426991,35.9673926],[139.0426575,35.9673789],[139.0425911,35.9673533],[139.0425081,35.9673159],[139.0424618,35.9672927],[139.042333,35.9672176],[139.0422334,35.967162],[139.0421484,35.9671166],[139.0420702,35.9670783],[139.0419696,35.967034],[139.0418224,35.9669659],[139.0416686,35.9668968],[139.0416097,35.96687],[139.0416476,35.966815]]]},"properties":{"layer":"road","class_code":"1040","class_label":"道路"}},{"type":"Feature","id":"tran_20d0834c-f805-4dae-b421-4ca23f064abe","geometry":{"type":"Polygon","coordinates":[[[139.0416243,35.9667696],[139.0416336,35.9667541],[139.0416386,35.9667469],[139.0416541,35.9667292],[139.0416638,35.96672],[139.0416803,35.9667049],[139.041696,35.9666927],[139.0417059,35.9666872],[139.0417374,35.9666709],[139.0417811,35.9666533],[139.0418144,35.9666391],[139.0418233,35.9666326],[139.041857,35.9666511],[139.0418312,35.9666641],[139.0418141,35.9666715],[139.0417497,35.9666913],[139.0417211,35.9667061],[139.0417136,35.9667103],[139.0417003,35.9667205],[139.0416848,35.9667349],[139.041676,35.9667432],[139.041662,35.966759],[139.0416581,35.9667647],[139.0416492,35.9667795],[139.0416449,35.9667923],[139.0416132,35.96678],[139.0416243,35.9667696]]]},"properties":{"layer":"road","class_code":"1040","class_label":"道路"}},{"type":"Feature","id":"tran_8063dff4-9637-4d8a-bf0b-c20908e21a51","geometry":{"type":"Polygon","coordinates":[[[139.041691,35.9731943],[139.041716,35.9732039],[139.0417017,35.9732284],[139.0416767,35.9732187],[139.041691,35.9731943]]]},"properties":{"layer":"road","class_code":"1040","class_label":"道路"}},{"type":"Feature","id":"tran_bcf73738-034b-46de-8f19-80ee07e49dca","geometry":{"type":"Polygon","coordinates":[[[139.041716,35.9732039],[139.041744,35.9732141],[139.0417549,35.9732169],[139.0417814,35.9732202],[139.0417996,35.9732192],[139.0418384,35.9732088],[139.041849,35.9732056],[139.0418637,35.9732299],[139.0418496,35.9732342],[139.041806,35.973246],[139.04178,35.9732473],[139.0417472,35.9732434],[139.0417328,35.9732395],[139.0417017,35.9732284],[139.041716,35.9732039]]]},"properties":{"layer":"road","class_code":"1040","class_label":"道路"}},{"type":"Feature","id":"tran_c6401ea2-8ba8-45fb-8d87-4c8a9b9f4b45","geometry":{"type":"Polygon","coordinates":[[[139.0418715,35.9731941],[139.0418918,35.9732157],[139.0418931,35.9732199],[139.0418796,35.9732308],[139.0418637,35.9732299],[139.041849,35.9732056],[139.0418715,35.9731941]]]},"properties":{"layer":"road","class_code":"1040","class_label":"道路"}},{"type":"Feature","id":"tran_08035850-8407-4e0f-927e-d012f3b8b008","geometry":{"type":"Polygon","coordinates":[[[139.042568,35.9726021],[139.0425065,35.9725512],[139.0424908,35.9725368],[139.042425,35.9724706],[139.0424193,35.9724642],[139.0424057,35.9724562],[139.0423913,35.9724491],[139.0423763,35.9724429],[139.0423607,35.9724377],[139.0423447,35.9724335],[139.0423429,35.9724331],[139.0423265,35.97243],[139.0423098,35.972428],[139.0422931,35.9724271],[139.0422762,35.9724272],[139.0422665,35.9724278],[139.0422564,35.9724287],[139.0422465,35.9724303],[139.0422367,35.9724325],[139.0422271,35.9724353],[139.0422179,35.9724387],[139.0422091,35.9724427],[139.0422006,35.9724472],[139.0421964,35.9724498],[139.0421886,35.972455],[139.0421814,35.9724609],[139.0421748,35.9724671],[139.0421688,35.9724738],[139.0421635,35.9724807],[139.0421589,35.972488],[139.0421565,35.9724924],[139.042143,35.9725209],[139.0421324,35.9725502],[139.0421247,35.9725801],[139.0421228,35.9725894],[139.0421189,35.9726198],[139.0421179,35.9726503],[139.0421198,35.9726809],[139.042121,35.9726905],[139.0421259,35.9727248],[139.0421274,35.9727593],[139.0421255,35.9727938],[139.0421208,35.9728264],[139.0421125,35.9728602],[139.0421073,35.9728787],[139.042094,35.9729251],[139.0420702,35.9729986],[139.0420554,35.9730461],[139.0420355,35.9730824],[139.0420095,35.9731142],[139.0419386,35.9731801],[139.0418918,35.9732157],[139.0418715,35.9731941],[139.0419146,35.9731613],[139.0419829,35.9730977],[139.0420064,35.9730693],[139.0420239,35.9730373],[139.042038,35.9729919],[139.0420618,35.9729187],[139.0420749,35.9728725],[139.04208,35.9728546],[139.0420879,35.9728221],[139.0420924,35.9727916],[139.0420941,35.9727592],[139.0420927,35.9727268],[139.042088,35.9726934],[139.0420866,35.9726829],[139.0420846,35.9726508],[139.0420857,35.972618],[139.0420898,35.9725859],[139.0420919,35.9725752],[139.0421001,35.9725436],[139.0421115,35.9725123],[139.0421257,35.9724821],[139.0421288,35.9724764],[139.0421345,35.9724674],[139.0421412,35.9724586],[139.0421487,35.9724502],[139.0421571,35.9724424],[139.0421662,35.9724351],[139.0421756,35.9724286],[139.0421814,35.972425],[139.0421918,35.9724195],[139.0422031,35.9724145],[139.0422146,35.9724102],[139.0422266,35.9724067],[139.0422389,35.9724039],[139.0422514,35.972402],[139.0422634,35.9724009],[139.0422748,35.9724002],[139.042294,35.9724],[139.0423134,35.9724012],[139.0423327,35.9724035],[139.0423511,35.9724069],[139.0423543,35.9724076],[139.0423722,35.9724123],[139.0423902,35.9724183],[139.0424075,35.9724255],[139.0424241,35.9724337],[139.0424429,35.9724448],[139.0424514,35.9724541],[139.0425161,35.9725194],[139.0425309,35.9725327],[139.0425917,35.9725832],[139.042568,35.9726021]]]},"properties":{"layer":"road","class_code":"1040","class_label":"道路"}},{"type":"Feature","id":"tran_dee34b28-2c30-4982-b285-8cf534f0d031","geometry":{"type":"Polygon","coordinates":[[[139.0418931,35.9732199],[139.0419413,35.9732278],[139.0419472,35.9732284],[139.0419611,35.9732291],[139.0419751,35.9732289],[139.0419889,35.9732279],[139.041991,35.9732277],[139.0420047,35.9732256],[139.0420183,35.9732226],[139.0420302,35.9732189],[139.0420556,35.9732097],[139.04208,35.9731989],[139.0420875,35.9731952],[139.0421105,35.9731824],[139.0421321,35.9731681],[139.0421338,35.9731662],[139.0421457,35.9731508],[139.042156,35.9731348],[139.0421601,35.9731273],[139.0421682,35.9731103],[139.0421746,35.973093],[139.0421792,35.9730753],[139.0421821,35.9730573],[139.0421825,35.9730549],[139.0421839,35.9730489],[139.0421857,35.9730429],[139.0421882,35.9730372],[139.0421911,35.9730316],[139.0421947,35.9730262],[139.0421988,35.9730211],[139.0422033,35.9730162],[139.0422082,35.9730116],[139.0422137,35.9730074],[139.0422195,35.9730036],[139.0422256,35.973],[139.0422313,35.9729973],[139.0422381,35.9729946],[139.042245,35.9729923],[139.0422522,35.9729905],[139.0422594,35.9729892],[139.0422669,35.9729882],[139.0422744,35.9729878],[139.0423426,35.9729852],[139.0423519,35.972981],[139.0423532,35.9729801],[139.0423553,35.9729783],[139.0423576,35.972975],[139.0423594,35.9729711],[139.0423594,35.9729686],[139.0423568,35.9729457],[139.0423541,35.9729319],[139.0423521,35.9729132],[139.0423518,35.9728943],[139.0423535,35.9728755],[139.0423569,35.9728569],[139.042362,35.9728385],[139.042369,35.9728206],[139.0423741,35.9728099],[139.0423837,35.9727927],[139.042395,35.9727763],[139.0424078,35.9727606],[139.0424222,35.9727458],[139.0424394,35.9727224],[139.0424637,35.9726941],[139.0424906,35.9726675],[139.0424997,35.9726594],[139.0425298,35.9726352],[139.0425676,35.9726093],[139.0425814,35.9726176],[139.042541,35.9726452],[139.0425117,35.9726688],[139.0425032,35.9726763],[139.0424769,35.9727023],[139.0424534,35.9727297],[139.042436,35.9727535],[139.0424214,35.9727685],[139.0424093,35.9727833],[139.0423986,35.9727988],[139.0423894,35.9728151],[139.0423847,35.9728251],[139.0423781,35.9728421],[139.0423731,35.9728594],[139.04237,35.972877],[139.0423685,35.9728947],[139.0423687,35.9729125],[139.0423707,35.9729302],[139.0423732,35.9729435],[139.042378,35.9729772],[139.0423785,35.9729902],[139.0423754,35.9729935],[139.0423703,35.9729956],[139.0423591,35.9729976],[139.0423434,35.9729987],[139.0422754,35.9730014],[139.0422687,35.9730017],[139.0422626,35.9730024],[139.0422565,35.9730036],[139.0422506,35.9730051],[139.0422448,35.9730069],[139.0422393,35.9730092],[139.0422346,35.9730115],[139.0422295,35.9730144],[139.0422248,35.9730175],[139.0422203,35.973021],[139.0422162,35.9730249],[139.0422123,35.9730288],[139.0422091,35.9730331],[139.0422062,35.9730375],[139.0422037,35.9730422],[139.0422016,35.9730469],[139.0422,35.9730518],[139.042199,35.9730569],[139.0421986,35.973059],[139.0421956,35.9730775],[139.0421907,35.9730963],[139.042184,35.9731148],[139.0421755,35.9731325],[139.042171,35.9731406],[139.0421601,35.9731575],[139.0421477,35.9731737],[139.0421444,35.9731775],[139.0421204,35.9731932],[139.0420966,35.9732066],[139.0420883,35.9732107],[139.0420629,35.9732219],[139.0420366,35.9732314],[139.0420233,35.9732356],[139.0420084,35.9732388],[139.0419937,35.973241],[139.0419909,35.9732413],[139.0419759,35.9732425],[139.0419607,35.9732426],[139.0419457,35.9732419],[139.0419393,35.9732412],[139.0418796,35.9732308],[139.0418931,35.9732199]]]},"properties":{"layer":"road","class_code":"1040","class_label":"道路"}},{"type":"Feature","id":"tran_041b0173-23ce-48d9-92cc-be0a2befe41c","geometry":{"type":"Polygon","coordinates":[[[139.0425901,35.972617],[139.0425814,35.9726176],[139.0425676,35.9726093],[139.042568,35.9726021],[139.0425917,35.9725832],[139.0426071,35.9725937],[139.0426083,35.9725943],[139.0425901,35.972617]]]},"properties":{"layer":"road","class_code":"1040","class_label":"道路"}},{"type":"Feature","id":"tran_06531424-1c8f-4805-ad80-495c89884dec","geometry":{"type":"Polygon","coordinates":[[[139.0425901,35.972617],[139.0426083,35.9725943],[139.0426193,35.9725988],[139.0426307,35.9726024],[139.042643,35.9726055],[139.0426452,35.972606],[139.0426578,35.972608],[139.04267,35.9726093],[139.0426823,35.9726097],[139.0426946,35.9726094],[139.0427085,35.9726081],[139.0427184,35.9726073],[139.0427331,35.9726072],[139.0427479,35.9726079],[139.0427626,35.9726096],[139.0427767,35.9726121],[139.0427843,35.9726139],[139.0427979,35.9726179],[139.0428115,35.9726227],[139.0428245,35.9726284],[139.0428369,35.9726349],[139.0428511,35.9726437],[139.0428895,35.9726841],[139.0429418,35.9727327],[139.042945,35.972735],[139.0429533,35.9727404],[139.0429621,35.972745],[139.0429712,35.9727492],[139.0429809,35.9727527],[139.042986,35.9727544],[139.0429962,35.972757],[139.0430064,35.9727589],[139.0430167,35.9727601],[139.0430271,35.9727607],[139.0430404,35.9727606],[139.0430464,35.972761],[139.0430826,35.9727621],[139.0431185,35.9727608],[139.0431385,35.9727591],[139.043174,35.9727542],[139.0432081,35.9727473],[139.0432766,35.9727266],[139.0433612,35.9727065],[139.0434216,35.9726957],[139.0435101,35.9726848],[139.043579,35.9726849],[139.0436772,35.9726914],[139.0437372,35.9726987],[139.0437713,35.9727042],[139.0438427,35.972717],[139.0439949,35.9727557],[139.044161,35.9728009],[139.0441504,35.9728265],[139.0439847,35.9727814],[139.0438341,35.9727431],[139.0437404,35.9727264],[139.0436734,35.9727183],[139.0435777,35.972712],[139.0435125,35.9727118],[139.0434276,35.9727222],[139.0433694,35.9727327],[139.043287,35.9727522],[139.0432179,35.9727731],[139.0431808,35.9727807],[139.043143,35.9727859],[139.043121,35.9727877],[139.0430827,35.9727891],[139.0430445,35.972788],[139.0430392,35.9727876],[139.0430262,35.9727877],[139.0430131,35.972787],[139.0430002,35.9727855],[139.0429875,35.9727831],[139.042975,35.9727799],[139.0429681,35.9727777],[139.0429562,35.9727733],[139.0429448,35.9727682],[139.0429339,35.9727623],[139.0429236,35.9727558],[139.0429182,35.9727518],[139.0428637,35.9727013],[139.0428275,35.972663],[139.0428178,35.972657],[139.0428075,35.9726517],[139.0427968,35.972647],[139.0427857,35.972643],[139.0427742,35.9726397],[139.0427684,35.9726384],[139.0427566,35.9726363],[139.0427445,35.9726348],[139.0427323,35.9726342],[139.0427201,35.9726343],[139.042712,35.972635],[139.0426971,35.9726363],[139.0426822,35.9726368],[139.0426673,35.9726362],[139.0426525,35.9726348],[139.0426379,35.9726323],[139.042634,35.9726316],[139.0426197,35.972628],[139.0426058,35.9726235],[139.0425924,35.9726181],[139.0425901,35.972617]]]},"properties":{"layer":"road","class_code":"1040","class_label":"道路"}},{"type":"Feature","id":"tran_19810731-80ce-4996-8c56-bafa96605068","geometry":{"type":"Polygon","coordinates":[[[139.0486736,35.9722306],[139.0486792,35.9722337],[139.0486852,35.9722363],[139.0486914,35.9722384],[139.048701,35.9722411],[139.0487105,35.972244],[139.0487199,35.9722471],[139.0487292,35.9722505],[139.0487383,35.9722541],[139.0487473,35.9722579],[139.0487562,35.9722619],[139.0487649,35.9722661],[139.0487734,35.9722706],[139.0487793,35.9722738],[139.0488228,35.9723084],[139.0489232,35.9724245],[139.0490292,35.9725483],[139.0490452,35.9725588],[139.0490707,35.9725775],[139.0490731,35.9725789],[139.0490497,35.9725984],[139.0490236,35.9725793],[139.0490046,35.9725669],[139.048896,35.97244],[139.0487973,35.972326],[139.0487463,35.9722853],[139.048716,35.9722711],[139.0486977,35.9722645],[139.0486872,35.9722617],[139.0486678,35.9722584],[139.0486736,35.9722306]]]},"properties":{"layer":"road","class_code":"1040","class_label":"道路"}},{"type":"Feature","id":"tran_4392a881-3bc2-45c4-bd22-7f43f69f0e85","geometry":{"type":"Polygon","coordinates":[[[139.0431003,35.9715034],[139.0431169,35.9714854],[139.0431286,35.9714925],[139.0431511,35.971504],[139.0431729,35.9715128],[139.0431865,35.9715172],[139.0432134,35.9715245],[139.0432925,35.971541],[139.0433185,35.9715478],[139.0433641,35.9715625],[139.0433819,35.9715694],[139.0433918,35.9715742],[139.0434055,35.971583],[139.0434186,35.9715946],[139.0434257,35.9716024],[139.0434445,35.9716271],[139.0434699,35.9716642],[139.0434818,35.9716805],[139.0434986,35.9717006],[139.0435433,35.9717441],[139.0436143,35.9718127],[139.0436539,35.9718504],[139.0437047,35.971896],[139.0437283,35.9719154],[139.0437617,35.9719401],[139.0437927,35.9719586],[139.0438122,35.9719683],[139.043825,35.9719738],[139.0438519,35.9719839],[139.0438833,35.9719942],[139.0439239,35.9720064],[139.0439425,35.9720121],[139.0439665,35.9720201],[139.0439812,35.9720257],[139.0439884,35.9720288],[139.0440481,35.9720638],[139.0441376,35.9721179],[139.0442394,35.9721827],[139.0442692,35.9722006],[139.0442818,35.9722071],[139.0443071,35.9722181],[139.0443307,35.972226],[139.044345,35.9722297],[139.0443731,35.9722346],[139.0444021,35.9722369],[139.0444208,35.9722368],[139.044467,35.9722338],[139.0446794,35.9722134],[139.0448583,35.9721962],[139.0449422,35.9721871],[139.0450038,35.9721786],[139.045022,35.9721749],[139.0450423,35.9721707],[139.0450335,35.9721958],[139.0450095,35.9722007],[139.0449464,35.9722094],[139.0448618,35.9722186],[139.0446826,35.9722358],[139.0444697,35.9722563],[139.0444219,35.9722594],[139.0444008,35.9722594],[139.0443689,35.9722569],[139.0443379,35.9722515],[139.0443213,35.9722472],[139.0442952,35.9722386],[139.0442678,35.9722266],[139.0442535,35.9722192],[139.0442226,35.9722006],[139.0441208,35.9721358],[139.0440318,35.9720819],[139.0439738,35.972048],[139.0439689,35.9720459],[139.0439554,35.9720408],[139.0439323,35.9720331],[139.0439142,35.9720275],[139.0438733,35.9720152],[139.043841,35.9720046],[139.0438126,35.971994],[139.0437985,35.9719879],[139.0437772,35.9719774],[139.0437442,35.9719575],[139.0437091,35.9719317],[139.0436846,35.9719115],[139.0436331,35.9718652],[139.0435931,35.9718273],[139.0435221,35.9717586],[139.0434765,35.9717142],[139.0434583,35.9716926],[139.0434459,35.9716754],[139.0434206,35.9716386],[139.0434027,35.971615],[139.0433972,35.971609],[139.0433865,35.9715995],[139.043376,35.9715928],[139.0433688,35.9715892],[139.043353,35.9715832],[139.0433091,35.971569],[139.0432848,35.9715626],[139.0432056,35.9715462],[139.0431769,35.9715384],[139.0431615,35.9715333],[139.0431376,35.9715237],[139.0431128,35.971511],[139.0431003,35.9715034]]]},"properties":{"layer":"road","class_code":"1040","class_label":"道路"}},{"type":"Feature","id":"tran_e531c527-b195-4fc5-9d25-98847f7e4782","geometry":{"type":"Polygon","coordinates":[[[139.0488711,35.9716988],[139.0488826,35.9716783],[139.0489185,35.9716915],[139.0489271,35.971736],[139.048916,35.9717374],[139.048905,35.971739],[139.048894,35.9717408],[139.048885,35.9717425],[139.0488711,35.9716988]]]},"properties":{"layer":"road","class_code":"1040","class_label":"道路"}},{"type":"Feature","id":"tran_5b6aac3e-76e8-4a48-b634-7b2c1db2ebc5","geometry":{"type":"Polygon","coordinates":[[[139.0433929,35.9676047],[139.0434103,35.9676046],[139.0434168,35.9676042],[139.0434226,35.9676034],[139.0434281,35.9676011],[139.0434362,35.967594],[139.043456,35.967602],[139.0434534,35.9676152],[139.0434531,35.96762],[139.0434534,35.9676252],[139.0434538,35.9676294],[139.0434591,35.9676387],[139.0434178,35.967692],[139.0433515,35.9676581],[139.0433929,35.9676047]]]},"properties":{"layer":"road","class_code":"1040","class_label":"道路"}},{"type":"Feature","id":"tran_e23d9a70-fea6-4833-b272-a74da9399a0d","geometry":{"type":"Polygon","coordinates":[[[139.0434591,35.9676387],[139.0434886,35.9676537],[139.0434926,35.9676572],[139.043495,35.9676601],[139.0434676,35.96771],[139.0434583,35.9677125],[139.0434471,35.9677071],[139.0434178,35.967692],[139.0434591,35.9676387]]]},"properties":{"layer":"road","class_code":"1040","class_label":"道路"}},{"type":"Feature","id":"tran_e81a6c18-7ba9-495f-8c32-e3d5ff795409","geometry":{"type":"Polygon","coordinates":[[[139.0439171,35.9669948],[139.0437663,35.9667951],[139.0437805,35.966788],[139.0439312,35.9669878],[139.0439638,35.9670301],[139.0439649,35.9670377],[139.0439658,35.9670434],[139.0439654,35.9670522],[139.043964,35.9670621],[139.0439617,35.9670769],[139.043942,35.9671279],[139.0439272,35.9671558],[139.0439187,35.9671695],[139.0439082,35.9671826],[139.0438958,35.9671971],[139.04389,35.9672027],[139.0438795,35.9672105],[139.0438377,35.9672382],[139.0437975,35.9672606],[139.043726,35.9673022],[139.0436823,35.967331],[139.043646,35.9673526],[139.0436375,35.967359],[139.0436163,35.9673771],[139.0436002,35.9673947],[139.0435388,35.9674733],[139.0435088,35.967517],[139.043456,35.967602],[139.0434362,35.967594],[139.0434892,35.9675084],[139.0435198,35.9674641],[139.0435819,35.9673845],[139.0435993,35.9673655],[139.0436219,35.9673462],[139.0436318,35.9673387],[139.0436688,35.9673167],[139.0437125,35.9672879],[139.0437848,35.9672459],[139.0438245,35.9672238],[139.043865,35.9671969],[139.0438739,35.9671903],[139.0438782,35.9671861],[139.0438898,35.9671725],[139.0438995,35.9671604],[139.0439073,35.9671481],[139.0439212,35.9671216],[139.0439399,35.9670732],[139.0439419,35.96706],[139.0439433,35.9670507],[139.0439437,35.9670443],[139.0439429,35.96704],[139.0439422,35.9670357],[139.0439171,35.9669948]]]},"properties":{"layer":"road","class_code":"1040","class_label":"道路"}},{"type":"Feature","id":"tran_376097d6-5a7a-4585-bc53-e6cb05216575","geometry":{"type":"Polygon","coordinates":[[[139.043495,35.9676601],[139.0435422,35.9676847],[139.0435148,35.9677347],[139.0434676,35.96771],[139.043495,35.9676601]]]},"properties":{"layer":"road","class_code":"1040","class_label":"道路"}},{"type":"Feature","id":"tran_67f77a1b-7a8f-4ab3-971b-fd4c6fcb6674","geometry":{"type":"Polygon","coordinates":[[[139.0435148,35.9677347],[139.0435422,35.9676847],[139.0435507,35.9676854],[139.0437079,35.9677653],[139.0437441,35.9677846],[139.0437048,35.9678337],[139.0436685,35.9678144],[139.0435176,35.9677412],[139.0435148,35.9677347]]]},"properties":{"layer":"road","class_code":"1040","class_label":"道路"}},{"type":"Feature","id":"tran_f005602e-d0a2-4ab7-9986-cb141e94a385","geometry":{"type":"Polygon","coordinates":[[[139.0500042,35.9719991],[139.050007,35.9720008],[139.0499631,35.9720295],[139.0499457,35.9720158],[139.0499323,35.9720073],[139.0498777,35.9719738],[139.04979,35.9719348],[139.0496418,35.9719015],[139.0496065,35.9718908],[139.0495715,35.9718794],[139.0495369,35.9718673],[139.0495027,35.9718544],[139.0494689,35.9718409],[139.0494355,35.9718267],[139.0494026,35.9718118],[139.0493701,35.9717962],[139.0493382,35.9717799],[139.0493067,35.971763],[139.0492999,35.9717605],[139.049293,35.9717583],[139.0492859,35.9717562],[139.0492788,35.9717544],[139.0492716,35.9717528],[139.0492643,35.9717514],[139.0492054,35.9717388],[139.0489494,35.9717341],[139.0489382,35.9717349],[139.0489271,35.971736],[139.0489185,35.9716915],[139.0489197,35.9716914],[139.0489323,35.9716901],[139.0489474,35.971689],[139.0492131,35.9716939],[139.0492776,35.9717077],[139.0492852,35.9717091],[139.0492945,35.9717111],[139.0493036,35.9717135],[139.0493126,35.9717161],[139.0493216,35.971719],[139.0493335,35.9717234],[139.0493682,35.971742],[139.0493989,35.9717577],[139.0494302,35.9717727],[139.0494619,35.971787],[139.049494,35.9718007],[139.0495265,35.9718138],[139.0495595,35.9718261],[139.0495928,35.9718378],[139.0496265,35.9718488],[139.0496589,35.9718586],[139.0498109,35.9718928],[139.0499079,35.9719358],[139.049966,35.9719715],[139.0499821,35.9719818],[139.0500042,35.9719991]]]},"properties":{"layer":"road","class_code":"1040","class_label":"道路"}},{"type":"Feature","id":"tran_9e293445-f90d-4570-ba98-a46cb1507d68","geometry":{"type":"Polygon","coordinates":[[[139.0491015,35.9723343],[139.0491177,35.9723525],[139.0489941,35.972425],[139.0489936,35.9724327],[139.0490045,35.9724561],[139.0490664,35.9725322],[139.0491178,35.9725628],[139.0490706,35.9725696],[139.0490444,35.972546],[139.0489797,35.9724664],[139.0489657,35.9724363],[139.048967,35.9724131],[139.0491015,35.9723343]]]},"properties":{"layer":"road","class_code":"1040","class_label":"道路"}},{"type":"Feature","id":"tran_799f5adc-bb05-4641-8bde-61ef9a4a63ff","geometry":{"type":"Polygon","coordinates":[[[139.0437048,35.9678337],[139.0437441,35.9677846],[139.0437571,35.9677847],[139.0437617,35.9677831],[139.043765,35.9677806],[139.0437692,35.9677759],[139.0437739,35.9677684],[139.0438101,35.9677799],[139.0438083,35.9677895],[139.0438084,35.9677987],[139.0438104,35.9678082],[139.043812,35.9678157],[139.0438162,35.9678227],[139.0437768,35.9678718],[139.0437048,35.9678337]]]},"properties":{"layer":"road","class_code":"1040","class_label":"道路"}},{"type":"Feature","id":"tran_c446868b-5512-4ee9-b276-36dd2f393403","geometry":{"type":"Polygon","coordinates":[[[139.0490731,35.9725789],[139.0490706,35.9725696],[139.0491178,35.9725628],[139.0491305,35.9726127],[139.0491116,35.972635],[139.0490985,35.9726277],[139.0490497,35.9725984],[139.0490731,35.9725789]]]},"properties":{"layer":"road","class_code":"1040","class_label":"道路"}},{"type":"Feature","id":"tran_aec99697-64ad-4210-aec0-dbad07000b5a","geometry":{"type":"Polygon","coordinates":[[[139.0437739,35.9677684],[139.0437898,35.9677352],[139.0437996,35.9677127],[139.0438118,35.9676885],[139.0438239,35.9676674],[139.0438477,35.9676317],[139.0438721,35.9675951],[139.0439027,35.9675581],[139.0439302,35.9675259],[139.0439442,35.967507],[139.0439508,35.967496],[139.0439565,35.967481],[139.0439788,35.9674219],[139.0439864,35.9673847],[139.0440141,35.9672456],[139.0440316,35.9671311],[139.0440405,35.9670868],[139.04405,35.9670554],[139.0440577,35.9670343],[139.0440706,35.9670099],[139.0440804,35.9669935],[139.0441055,35.9669622],[139.0441109,35.9669566],[139.0441289,35.9669429],[139.0441978,35.9668934],[139.0442201,35.9668759],[139.0442592,35.9668469],[139.0443069,35.9668156],[139.0443154,35.9668108],[139.0443375,35.9668367],[139.0443302,35.9668408],[139.0442845,35.9668709],[139.0442466,35.9668989],[139.0442251,35.9669158],[139.0441619,35.966961],[139.0441394,35.9669781],[139.044137,35.9669806],[139.0441142,35.9670091],[139.044106,35.967023],[139.0440942,35.9670451],[139.0440874,35.9670636],[139.0440785,35.9670931],[139.0440699,35.9671356],[139.0440525,35.96725],[139.0440247,35.9673898],[139.0440167,35.9674292],[139.0439937,35.9674902],[139.0439871,35.9675077],[139.0439783,35.9675221],[139.0439629,35.967543],[139.0439348,35.9675759],[139.0439053,35.9676116],[139.0438818,35.9676467],[139.0438586,35.9676815],[139.0438474,35.9677011],[139.0438359,35.9677241],[139.0438261,35.9677463],[139.0438101,35.9677799],[139.0437739,35.9677684]]]},"properties":{"layer":"road","class_code":"1040","class_label":"道路"}},{"type":"Feature","id":"tran_23a0e850-8a98-402c-b03a-9cf4bcf6b632","geometry":{"type":"Polygon","coordinates":[[[139.0438162,35.9678227],[139.0439239,35.9678798],[139.0440199,35.9679317],[139.0440722,35.9679639],[139.0441199,35.9679968],[139.044172,35.9680336],[139.0442297,35.9680788],[139.0442798,35.9681246],[139.0443623,35.9682021],[139.044442,35.9682853],[139.0445531,35.9684034],[139.0446441,35.9685064],[139.044672,35.9685369],[139.0446993,35.9685617],[139.0447419,35.9685963],[139.0447859,35.9686295],[139.0448508,35.9686738],[139.0448791,35.9686911],[139.044883,35.9686933],[139.0449653,35.9687325],[139.045011,35.9687569],[139.0450229,35.9687636],[139.0451036,35.968804],[139.0450282,35.9688357],[139.0450103,35.9688253],[139.0449726,35.9688042],[139.0449356,35.9687849],[139.0448865,35.96876],[139.0448288,35.9687329],[139.0448098,35.9687223],[139.0447383,35.9686735],[139.0446919,35.9686385],[139.0446469,35.968602],[139.0446161,35.9685739],[139.0445859,35.968541],[139.0444952,35.9684383],[139.044385,35.9683212],[139.0443066,35.9682394],[139.0442257,35.9681633],[139.0441778,35.9681195],[139.0441233,35.9680768],[139.0440729,35.9680412],[139.0440271,35.9680097],[139.043978,35.9679794],[139.0438843,35.9679287],[139.0437768,35.9678718],[139.0438162,35.9678227]]]},"properties":{"layer":"road","class_code":"1040","class_label":"道路"}},{"type":"Feature","id":"tran_1b7a49ab-0b98-4dea-9f7b-1e758ddd2ff6","geometry":{"type":"Polygon","coordinates":[[[139.0491305,35.9726127],[139.0491875,35.9726447],[139.0492161,35.9726578],[139.0491997,35.9726814],[139.0491698,35.9726676],[139.0491116,35.972635],[139.0491305,35.9726127]]]},"properties":{"layer":"road","class_code":"1040","class_label":"道路"}},{"type":"Feature","id":"tran_af21387b-79e4-403e-afee-bd9e496c86bc","geometry":{"type":"Polygon","coordinates":[[[139.0492704,35.9724196],[139.049293,35.9724326],[139.0491656,35.9725785],[139.0491696,35.9725946],[139.0492165,35.9726291],[139.049231,35.9726369],[139.0492159,35.9726557],[139.0491994,35.972647],[139.0491441,35.9726062],[139.0491362,35.9725734],[139.0492704,35.9724196]]]},"properties":{"layer":"road","class_code":"1040","class_label":"道路"}},{"type":"Feature","id":"tran_a87bb9d0-527f-4693-a6d4-d52cbf3000db","geometry":{"type":"Polygon","coordinates":[[[139.0491997,35.9726814],[139.0492161,35.9726578],[139.0492159,35.9726557],[139.049231,35.9726369],[139.0492423,35.9726429],[139.0492907,35.9726685],[139.0492969,35.9726951],[139.0492813,35.972719],[139.0491997,35.9726814]]]},"properties":{"layer":"road","class_code":"1040","class_label":"道路"}},{"type":"Feature","id":"tran_456fc26c-cd07-4b84-935b-1f23558f8a1f","geometry":{"type":"Polygon","coordinates":[[[139.0492969,35.9726951],[139.0494346,35.9727501],[139.049481,35.9727608],[139.0495153,35.9727638],[139.0495438,35.9727648],[139.0497005,35.9727541],[139.049706,35.9727521],[139.0497192,35.9727347],[139.0497733,35.9726499],[139.0497775,35.9726397],[139.0498195,35.9726511],[139.0498143,35.9726641],[139.0497579,35.9727525],[139.0497364,35.9727807],[139.0497115,35.9727895],[139.0495446,35.9728009],[139.0495083,35.9727996],[139.0494693,35.9727908],[139.0494227,35.9727755],[139.0492813,35.972719],[139.0492969,35.9726951]]]},"properties":{"layer":"road","class_code":"1040","class_label":"道路"}},{"type":"Feature","id":"tran_e1f9aae7-76a8-43e3-8eed-c2d2378b0ffe","geometry":{"type":"Polygon","coordinates":[[[139.0496813,35.9707301],[139.0496504,35.9707403],[139.0496287,35.9706968],[139.0496098,35.9706786],[139.0496002,35.9706716],[139.049584,35.970668],[139.0495769,35.9706668],[139.0495625,35.9706666],[139.0495392,35.9706701],[139.0494819,35.9706817],[139.0494017,35.9707065],[139.0493898,35.9706812],[139.0494719,35.9706558],[139.0495321,35.9706438],[139.0495596,35.9706395],[139.0495806,35.9706398],[139.0495918,35.9706417],[139.0496165,35.9706472],[139.0496338,35.9706597],[139.0496576,35.9706826],[139.0496813,35.9707301]]]},"properties":{"layer":"road","class_code":"1040","class_label":"道路"}},{"type":"Feature","id":"tran_4b1f871f-b158-4b8b-838e-df0f6c6723ea","geometry":{"type":"Polygon","coordinates":[[[139.0496504,35.9707403],[139.0496813,35.9707301],[139.0496843,35.9707248],[139.0497737,35.9706982],[139.0497784,35.9707288],[139.0497835,35.9707854],[139.0496791,35.9707977],[139.0496504,35.9707403]]]},"properties":{"layer":"road","class_code":"1040","class_label":"道路"}},{"type":"Feature","id":"tran_a503b092-179b-4e34-ba10-2a42de8520ec","geometry":{"type":"Polygon","coordinates":[[[139.0497835,35.9707854],[139.0497905,35.9708623],[139.0498035,35.9710096],[139.0498127,35.9710653],[139.0498221,35.9711111],[139.0498333,35.9711434],[139.0498659,35.9712017],[139.0499015,35.971272],[139.0499353,35.9713247],[139.049953,35.9713452],[139.0499878,35.9713762],[139.050015,35.9713983],[139.0500816,35.9714438],[139.0502787,35.9715551],[139.0504434,35.9716569],[139.0504717,35.9716734],[139.050399,35.9716993],[139.0501283,35.9715512],[139.0499805,35.9714604],[139.0499359,35.9714306],[139.0498934,35.9713959],[139.0498461,35.9713458],[139.0498168,35.9712994],[139.0497622,35.9711951],[139.0497447,35.9711546],[139.0497345,35.9711169],[139.0497188,35.9710343],[139.0496957,35.9708907],[139.0496791,35.9707977],[139.0497835,35.9707854]]]},"properties":{"layer":"road","class_code":"1040","class_label":"道路"}},{"type":"Feature","id":"tran_7fb81522-0e6f-4656-abd0-030050366bc8","geometry":{"type":"Polygon","coordinates":[[[139.044161,35.9728009],[139.0441927,35.9728095],[139.0441822,35.9728351],[139.0441504,35.9728265],[139.044161,35.9728009]]]},"properties":{"layer":"road","class_code":"1040","class_label":"道路"}},{"type":"Feature","id":"tran_d220cefc-feb5-4d8a-9fba-21bb365c171f","geometry":{"type":"Polygon","coordinates":[[[139.0445006,35.9724616],[139.0445212,35.9724828],[139.044501,35.9724957],[139.0444595,35.9725192],[139.0444184,35.9725403],[139.0443681,35.9725659],[139.0443464,35.9725781],[139.044332,35.9725872],[139.0443077,35.9726055],[139.0442881,35.9726246],[139.0442767,35.9726379],[139.044256,35.9726669],[139.0442354,35.9727006],[139.0442253,35.97272],[139.0442105,35.9727537],[139.0441969,35.972794],[139.0441927,35.9728095],[139.044161,35.9728009],[139.0441646,35.9727875],[139.0441788,35.9727456],[139.0441942,35.9727102],[139.0442052,35.9726893],[139.0442267,35.9726541],[139.0442486,35.9726234],[139.0442616,35.9726081],[139.0442836,35.9725869],[139.0443104,35.9725666],[139.0443267,35.9725563],[139.0443498,35.9725433],[139.0444007,35.9725174],[139.0444411,35.9724967],[139.0444811,35.972474],[139.0445006,35.9724616]]]},"properties":{"layer":"road","class_code":"1040","class_label":"道路"}},{"type":"Feature","id":"tran_96795e28-eb71-4eb4-a12d-ed9ea2746349","geometry":{"type":"Polygon","coordinates":[[[139.0441927,35.9728095],[139.0445945,35.9729187],[139.0446047,35.972922],[139.044619,35.9729256],[139.0446333,35.9729283],[139.0446479,35.97293],[139.0446625,35.9729309],[139.0446773,35.9729307],[139.0446922,35.9729298],[139.0447025,35.9729284],[139.044717,35.9729257],[139.044731,35.9729222],[139.0447433,35.9729182],[139.0447458,35.9729169],[139.0447515,35.9729136],[139.0447567,35.9729101],[139.0447615,35.9729062],[139.0447658,35.9729021],[139.0447699,35.9728977],[139.0447735,35.9728931],[139.0447766,35.9728882],[139.0447792,35.9728831],[139.0447818,35.972877],[139.0449295,35.9725085],[139.0449692,35.9724076],[139.0449748,35.9723901],[139.04498,35.9723742],[139.0450149,35.9722488],[139.0450335,35.9721958],[139.0450602,35.972202],[139.0450418,35.9722544],[139.045007,35.9723796],[139.0449739,35.9724811],[139.0449626,35.972516],[139.0448133,35.9728855],[139.0448104,35.9728928],[139.0448068,35.9728998],[139.0448024,35.9729065],[139.0447974,35.972913],[139.0447918,35.972919],[139.0447857,35.9729249],[139.0447791,35.9729301],[139.0447718,35.9729351],[139.0447642,35.9729394],[139.0447583,35.9729424],[139.0447422,35.9729477],[139.0447256,35.9729519],[139.0447088,35.9729549],[139.0446962,35.9729565],[139.0446789,35.9729578],[139.0446616,35.9729579],[139.0446443,35.9729569],[139.0446271,35.9729548],[139.0446102,35.9729517],[139.0445937,35.9729475],[139.0445831,35.9729441],[139.0441822,35.9728351],[139.0441927,35.9728095]]]},"properties":{"layer":"road","class_code":"1040","class_label":"道路"}},{"type":"Feature","id":"tran_5306ecd0-770e-4ce0-8782-3b454bc62606","geometry":{"type":"Polygon","coordinates":[[[139.0497775,35.9726397],[139.0497883,35.9726134],[139.0498303,35.9726248],[139.0498195,35.9726511],[139.0497775,35.9726397]]]},"properties":{"layer":"road","class_code":"1040","class_label":"道路"}},{"type":"Feature","id":"tran_b5e0b27f-53b7-487d-b3d1-770309fce180","geometry":{"type":"Polygon","coordinates":[[[139.0499594,35.9721331],[139.049978,35.9720861],[139.0500189,35.9721011],[139.0500031,35.9721401],[139.0499269,35.9723695],[139.0498745,35.9725171],[139.0498303,35.9726248],[139.0497883,35.9726134],[139.0498322,35.9725064],[139.0498842,35.9723599],[139.0499594,35.9721331]]]},"properties":{"layer":"road","class_code":"1040","class_label":"道路"}},{"type":"Feature","id":"tran_471f1968-afea-4fa7-a72f-986f2a30ff24","geometry":{"type":"Polygon","coordinates":[[[139.0443331,35.9667709],[139.0443688,35.9667831],[139.0443889,35.9668101],[139.0443545,35.9668271],[139.0443375,35.9668367],[139.0443154,35.9668108],[139.044331,35.9667748],[139.0443331,35.9667709]]]},"properties":{"layer":"road","class_code":"1040","class_label":"道路"}},{"type":"Feature","id":"tran_bb4b60b1-c8dd-4b7d-ac53-8bccb388bb89","geometry":{"type":"Polygon","coordinates":[[[139.0443688,35.9667831],[139.0443793,35.966778],[139.0445112,35.9667161],[139.044539,35.9667037],[139.0445748,35.9666897],[139.0445916,35.9667181],[139.0445567,35.9667318],[139.0445302,35.9667436],[139.0443991,35.9668051],[139.0443889,35.9668101],[139.0443688,35.9667831]]]},"properties":{"layer":"road","class_code":"1040","class_label":"道路"}},{"type":"Feature","id":"tran_05a1c557-3492-4da7-b750-1c40a9f0f866","geometry":{"type":"Polygon","coordinates":[[[139.0454344,35.973055],[139.0454416,35.97306],[139.0454493,35.9730644],[139.0454575,35.9730682],[139.0454661,35.9730713],[139.045475,35.9730737],[139.0454843,35.9730755],[139.0454936,35.9730765],[139.0455031,35.9730767],[139.0455125,35.9730762],[139.0455218,35.9730749],[139.0455423,35.9730726],[139.045567,35.9730691],[139.045624,35.9730597],[139.0456548,35.9730532],[139.0456881,35.9730448],[139.0457052,35.9730399],[139.0457229,35.9730344],[139.0457604,35.9730213],[139.045799,35.9730062],[139.0458515,35.9729833],[139.045877,35.9729712],[139.0459275,35.9729453],[139.0459515,35.9729318],[139.0459871,35.9729103],[139.0460217,35.9728871],[139.0460383,35.9728751],[139.0460547,35.9728625],[139.0460871,35.972836],[139.0461177,35.9728091],[139.046155,35.9727739],[139.0461715,35.9727575],[139.0462041,35.972724],[139.0462396,35.9726878],[139.0462656,35.9727047],[139.0462302,35.9727409],[139.0461974,35.9727745],[139.0461804,35.9727913],[139.0461425,35.9728271],[139.0461112,35.9728547],[139.0460779,35.9728819],[139.0460608,35.972895],[139.0460433,35.9729077],[139.0460077,35.9729316],[139.0459709,35.9729538],[139.0459458,35.9729679],[139.0458942,35.9729944],[139.0458677,35.9730069],[139.0458141,35.9730303],[139.0457742,35.9730459],[139.0457355,35.9730594],[139.0457168,35.9730653],[139.0456986,35.9730705],[139.0456639,35.9730792],[139.0456314,35.973086],[139.0455732,35.9730957],[139.0455475,35.9730994],[139.045503,35.9731044],[139.0454763,35.9731052],[139.0454553,35.973103],[139.0454439,35.9730998],[139.0454372,35.9730969],[139.0454254,35.9730894],[139.0454136,35.9730784],[139.0453907,35.9730505],[139.0453716,35.9730279],[139.045358,35.9730133],[139.0453289,35.972984],[139.0453027,35.9729587],[139.045242,35.9729026],[139.0451998,35.9728663],[139.045168,35.9728427],[139.0451515,35.9728331],[139.0451419,35.9728285],[139.045124,35.972822],[139.0450963,35.9728149],[139.0450815,35.9728125],[139.0450581,35.9728106],[139.0450362,35.9728111],[139.0450253,35.9728122],[139.0450094,35.9728151],[139.0449948,35.9728196],[139.0449882,35.9728226],[139.0449821,35.9728259],[139.0449711,35.9728342],[139.0449605,35.9728447],[139.044936,35.9728734],[139.0449013,35.972914],[139.0448807,35.9729395],[139.0448473,35.9729853],[139.0448127,35.9730395],[139.0447905,35.9730772],[139.0447524,35.9731459],[139.0447152,35.9732148],[139.0446983,35.9732419],[139.0446693,35.9732806],[139.0446511,35.973302],[139.0446187,35.9733373],[139.0444986,35.9734569],[139.0444638,35.9734935],[139.0444285,35.9735347],[139.0444163,35.973551],[139.0444052,35.9735699],[139.0444012,35.9735802],[139.0443969,35.9736005],[139.0443905,35.9736397],[139.0443897,35.9736603],[139.0443921,35.9736773],[139.0443946,35.9736856],[139.0444004,35.973698],[139.0444139,35.9737178],[139.0444335,35.9737396],[139.0444486,35.9737547],[139.0444799,35.9737833],[139.0445083,35.9738074],[139.0445226,35.9738184],[139.0445462,35.9738352],[139.044632,35.9738912],[139.0446583,35.9739098],[139.0446774,35.9739241],[139.0447295,35.9739648],[139.0448107,35.9740295],[139.0448611,35.9740712],[139.0449455,35.9741441],[139.0449213,35.9741627],[139.0448371,35.9740899],[139.0447872,35.9740487],[139.0447064,35.9739842],[139.0446546,35.9739438],[139.0446362,35.9739299],[139.0446107,35.973912],[139.0445248,35.9738559],[139.0445002,35.9738384],[139.0444849,35.9738265],[139.0444554,35.9738017],[139.0444233,35.9737723],[139.0444071,35.9737561],[139.0443858,35.9737323],[139.0443701,35.9737094],[139.0443628,35.9736936],[139.0443593,35.9736822],[139.0443564,35.9736614],[139.0443573,35.9736375],[139.044364,35.9735964],[139.0443688,35.9735738],[139.0443742,35.97356],[139.044387,35.9735382],[139.0444006,35.97352],[139.044437,35.9734775],[139.0444725,35.9734401],[139.0445925,35.9733206],[139.0446241,35.9732863],[139.0446414,35.9732659],[139.0446692,35.9732287],[139.0446851,35.9732032],[139.044722,35.9731349],[139.0447604,35.9730658],[139.0447829,35.9730274],[139.0448182,35.9729722],[139.0448525,35.9729252],[139.0448737,35.9728989],[139.0449086,35.972858],[139.0449339,35.9728284],[139.0449468,35.9728156],[139.0449614,35.9728047],[139.0449709,35.9727994],[139.0449809,35.972795],[139.0449998,35.9727892],[139.0450195,35.9727856],[139.0450337,35.9727841],[139.0450593,35.9727836],[139.0450865,35.9727857],[139.0451046,35.9727887],[139.0451358,35.9727967],[139.0451571,35.9728044],[139.0451697,35.9728104],[139.045189,35.9728217],[139.0452231,35.972847],[139.0452666,35.9728844],[139.0453279,35.972941],[139.0453546,35.9729668],[139.0453842,35.9729966],[139.0453985,35.973012],[139.0454183,35.9730353],[139.0454344,35.973055]]]},"properties":{"layer":"road","class_code":"1040","class_label":"道路"}},{"type":"Feature","id":"tran_435598ca-ef2b-4a47-893f-555de1d3ad74","geometry":{"type":"Polygon","coordinates":[[[139.0446113,35.9666785],[139.0446233,35.9667085],[139.0446142,35.9667107],[139.0445929,35.9667176],[139.0445916,35.9667181],[139.0445748,35.9666897],[139.0446113,35.9666785]]]},"properties":{"layer":"road","class_code":"1040","class_label":"道路"}},{"type":"Feature","id":"tran_c41c62b2-f307-47ca-bd44-b1efc7913884","geometry":{"type":"Polygon","coordinates":[[[139.0446113,35.9666785],[139.0446144,35.9666777],[139.044635,35.9666748],[139.0446574,35.9666747],[139.0446728,35.9666761],[139.0447041,35.9666816],[139.044735,35.9666899],[139.0447509,35.9666954],[139.0447766,35.9667058],[139.0448042,35.9667191],[139.0448235,35.9667295],[139.0448641,35.9667533],[139.0449636,35.9668149],[139.0454201,35.9670882],[139.0454004,35.96711],[139.0449438,35.9668367],[139.0448415,35.9667789],[139.0448014,35.9667555],[139.0447836,35.9667458],[139.044758,35.9667335],[139.0447347,35.9667241],[139.0447213,35.9667194],[139.0446939,35.9667121],[139.0446666,35.9667073],[139.0446553,35.9667063],[139.0446385,35.9667064],[139.0446233,35.9667085],[139.0446113,35.9666785]]]},"properties":{"layer":"road","class_code":"1040","class_label":"道路"}},{"type":"Feature","id":"tran_e9442efb-3446-43d2-9e43-bca74e6c78ac","geometry":{"type":"Polygon","coordinates":[[[139.0447278,35.9679512],[139.0447628,35.9679133],[139.0447806,35.9678929],[139.0448427,35.9678112],[139.044852,35.9677977],[139.0448704,35.9677808],[139.0450222,35.9676114],[139.0450888,35.9675409],[139.0451769,35.9674316],[139.0452559,35.9673255],[139.0453192,35.9672334],[139.0453737,35.9671491],[139.0454004,35.96711],[139.0454229,35.9671235],[139.0453981,35.9671598],[139.0453436,35.9672441],[139.0452799,35.9673368],[139.0452004,35.9674436],[139.0451114,35.9675539],[139.0450219,35.9676489],[139.0448973,35.9677953],[139.0448716,35.9678082],[139.0448242,35.9678665],[139.0448058,35.9678884],[139.0447978,35.9679039],[139.0447947,35.9679058],[139.0447413,35.9679587],[139.0447278,35.9679512]]]},"properties":{"layer":"road","class_code":"1040","class_label":"道路"}},{"type":"Feature","id":"tran_db6f9b1b-9de8-40bd-9e83-d8e4cdc21468","geometry":{"type":"Polygon","coordinates":[[[139.044821,35.9714936],[139.0448437,35.9714934],[139.0448412,35.9715029],[139.0448408,35.971505],[139.0448373,35.9715354],[139.0448377,35.9715394],[139.0448395,35.9715496],[139.0448401,35.971552],[139.0448436,35.9715618],[139.0448484,35.9715714],[139.0448504,35.9715756],[139.0448536,35.9715807],[139.0448574,35.9715854],[139.0448615,35.9715895],[139.0448663,35.9715935],[139.0448717,35.971597],[139.0448771,35.9715999],[139.0449194,35.9716148],[139.0449823,35.971635],[139.0450088,35.9716434],[139.0450285,35.9716509],[139.0450494,35.9716612],[139.0450687,35.9716729],[139.045079,35.9716805],[139.0450957,35.9716946],[139.0451106,35.9717103],[139.0451232,35.9717267],[139.0451308,35.971737],[139.0451453,35.9717533],[139.0451619,35.9717683],[139.0451709,35.9717754],[139.0451907,35.9717884],[139.0452913,35.9718565],[139.0452748,35.9718689],[139.0451766,35.9718023],[139.0451563,35.9717889],[139.0451459,35.9717809],[139.045128,35.9717646],[139.0451123,35.9717468],[139.0451043,35.9717362],[139.0450924,35.9717206],[139.045079,35.9717064],[139.0450637,35.9716934],[139.0450547,35.9716869],[139.0450369,35.9716761],[139.0450181,35.9716669],[139.0449999,35.97166],[139.0449821,35.9716542],[139.044911,35.9716314],[139.0448667,35.9716158],[139.0448586,35.9716116],[139.0448514,35.9716069],[139.044845,35.9716015],[139.0448395,35.971596],[139.0448344,35.9715897],[139.0448303,35.9715831],[139.0448278,35.9715781],[139.0448226,35.9715676],[139.0448186,35.9715564],[139.0448177,35.9715528],[139.0448156,35.9715413],[139.0448151,35.9715352],[139.0448188,35.9715028],[139.0448194,35.9714998],[139.044821,35.9714936]]]},"properties":{"layer":"road","class_code":"1040","class_label":"道路"}},{"type":"Feature","id":"tran_ef28641c-01b2-4b02-8f93-80f07e4cb0e1","geometry":{"type":"Polygon","coordinates":[[[139.04501,35.9688494],[139.0450282,35.9688357],[139.0450562,35.9688519],[139.0450097,35.9688869],[139.044982,35.9689146],[139.0449611,35.9689409],[139.0449433,35.9689712],[139.0449294,35.9690106],[139.0449205,35.9690462],[139.0449156,35.9690804],[139.0449113,35.9691296],[139.0448793,35.9691278],[139.0448836,35.9690779],[139.0448887,35.9690421],[139.0448982,35.9690045],[139.0449132,35.9689619],[139.0449331,35.9689282],[139.0449559,35.9688993],[139.0449928,35.9688623],[139.04501,35.9688494]]]},"properties":{"layer":"road","class_code":"1040","class_label":"道路"}},{"type":"Feature","id":"tran_75adc489-3a2d-4646-a65f-60965203d051","geometry":{"type":"Polygon","coordinates":[[[139.0450282,35.9688357],[139.0451036,35.968804],[139.045132,35.9688182],[139.0450562,35.9688519],[139.0450282,35.9688357]]]},"properties":{"layer":"road","class_code":"1040","class_label":"道路"}},{"type":"Feature","id":"tran_2a2da82c-fb79-4326-9501-a27afb082d70","geometry":{"type":"Polygon","coordinates":[[[139.045132,35.9688182],[139.0452018,35.9688531],[139.0453831,35.9689429],[139.0455157,35.9690047],[139.0455345,35.969014],[139.0454911,35.9690717],[139.0454734,35.9690629],[139.0453408,35.969001],[139.0451584,35.9689108],[139.0450562,35.9688519],[139.045132,35.9688182]]]},"properties":{"layer":"road","class_code":"1040","class_label":"道路"}},{"type":"Feature","id":"tran_b3186cc0-3942-41ef-acdc-f66302d48de8","geometry":{"type":"Polygon","coordinates":[[[139.0450335,35.9721958],[139.0450423,35.9721707],[139.045069,35.9721769],[139.0450602,35.972202],[139.0450335,35.9721958]]]},"properties":{"layer":"road","class_code":"1040","class_label":"道路"}},{"type":"Feature","id":"tran_be1b8175-da8c-4d0b-943a-ce24401c2054","geometry":{"type":"Polygon","coordinates":[[[139.0450423,35.9721707],[139.0450468,35.9721581],[139.0450789,35.9720918],[139.0451356,35.9720189],[139.0452518,35.9718861],[139.0452748,35.9718689],[139.0452936,35.9718854],[139.0452726,35.9719011],[139.0451586,35.9720314],[139.0451038,35.9721021],[139.0450731,35.9721653],[139.045069,35.9721769],[139.0450423,35.9721707]]]},"properties":{"layer":"road","class_code":"1040","class_label":"道路"}},{"type":"Feature","id":"tran_1d66b43a-4793-4ffb-aec1-4a2bf5c1c46a","geometry":{"type":"Polygon","coordinates":[[[139.0451036,35.968804],[139.0454681,35.9686684],[139.0454796,35.9686889],[139.045132,35.9688182],[139.0451036,35.968804]]]},"properties":{"layer":"road","class_code":"1040","class_label":"道路"}},{"type":"Feature","id":"tran_2a03e85a-5fbc-474d-9c77-63b2161ac5e0","geometry":{"type":"Polygon","coordinates":[[[139.0452748,35.9718689],[139.0452913,35.9718565],[139.0453101,35.9718731],[139.0452936,35.9718854],[139.0452748,35.9718689]]]},"properties":{"layer":"road","class_code":"1040","class_label":"道路"}},{"type":"Feature","id":"tran_c936e7de-0da6-4a83-8000-1f758bdb458f","geometry":{"type":"Polygon","coordinates":[[[139.0452913,35.9718565],[139.0453223,35.9718334],[139.0453703,35.9718011],[139.0454179,35.9717794],[139.0454805,35.9717595],[139.0455365,35.971747],[139.0455918,35.9717387],[139.0456682,35.97173],[139.0458075,35.9717166],[139.0458477,35.9717102],[139.0458719,35.9717022],[139.0459161,35.9716808],[139.0459824,35.9716406],[139.0460198,35.9716173],[139.046046,35.9715952],[139.0460718,35.9715599],[139.0460833,35.9715295],[139.046092,35.9715027],[139.0460956,35.9714777],[139.0460906,35.9714297],[139.0460791,35.9713865],[139.0460713,35.9713428],[139.0460705,35.9712951],[139.0460756,35.9712419],[139.0460936,35.9711844],[139.0461077,35.9711593],[139.046131,35.9711278],[139.0461593,35.9711014],[139.0462008,35.9710711],[139.046262,35.9710303],[139.0463473,35.970999],[139.0464278,35.9709783],[139.0465125,35.97097],[139.0466236,35.9709679],[139.0467002,35.9709717],[139.0468087,35.9710007],[139.0469254,35.9710425],[139.0470727,35.9711028],[139.0471967,35.9711474],[139.0473802,35.9712037],[139.047507,35.9712307],[139.047802,35.9712803],[139.047927,35.9712951],[139.0483151,35.9713406],[139.048482,35.9713916],[139.0485392,35.9714192],[139.0485768,35.9714452],[139.0485588,35.9714624],[139.0485229,35.9714375],[139.04847,35.9714119],[139.0483083,35.9713626],[139.047923,35.9713174],[139.0477973,35.9713024],[139.0475007,35.9712526],[139.0473718,35.9712252],[139.0471862,35.9711682],[139.0470608,35.9711232],[139.0469135,35.9710629],[139.0467987,35.9710217],[139.0466949,35.970994],[139.0466231,35.9709904],[139.0465145,35.9709926],[139.0464337,35.9710004],[139.0463573,35.9710202],[139.0462768,35.9710496],[139.0462189,35.9710882],[139.0461791,35.9711172],[139.0461534,35.9711411],[139.0461322,35.9711699],[139.0461198,35.9711919],[139.0461031,35.9712455],[139.0460982,35.9712958],[139.046099,35.971341],[139.0461064,35.9713825],[139.0461181,35.9714264],[139.0461234,35.971478],[139.0461192,35.9715069],[139.0461099,35.9715357],[139.0460973,35.9715692],[139.0460682,35.9716088],[139.0460383,35.9716341],[139.0459992,35.9716586],[139.0459315,35.9716996],[139.0458842,35.9717224],[139.0458555,35.9717319],[139.0458118,35.9717389],[139.0456717,35.9717524],[139.0455962,35.9717609],[139.0455427,35.971769],[139.0454893,35.971781],[139.0454298,35.9717998],[139.0453861,35.9718197],[139.0453405,35.9718504],[139.0453101,35.9718731],[139.0452913,35.9718565]]]},"properties":{"layer":"road","class_code":"1040","class_label":"道路"}},{"type":"Feature","id":"tran_252b6923-644e-4a57-bb0b-c5d3f9461b85","geometry":{"type":"Polygon","coordinates":[[[139.0454201,35.9670882],[139.0454426,35.9671017],[139.0454229,35.9671235],[139.0454004,35.96711],[139.0454201,35.9670882]]]},"properties":{"layer":"road","class_code":"1040","class_label":"道路"}},{"type":"Feature","id":"tran_aac2c129-c521-4886-b3d6-9e7fcadc6216","geometry":{"type":"Polygon","coordinates":[[[139.0454229,35.9671235],[139.0454426,35.9671017],[139.0455231,35.9671499],[139.0458321,35.9672985],[139.0462157,35.9675451],[139.0462801,35.9675954],[139.0463335,35.9676352],[139.0464035,35.9676969],[139.0464615,35.9677371],[139.0465102,35.9677581],[139.0464972,35.967778],[139.0464459,35.9677559],[139.0463843,35.9677131],[139.0463139,35.9676512],[139.0462116,35.967575],[139.0460813,35.9674936],[139.0458132,35.9673208],[139.0455047,35.9671724],[139.0454229,35.9671235]]]},"properties":{"layer":"road","class_code":"1040","class_label":"道路"}},{"type":"Feature","id":"tran_2f7c2d08-f3c1-4656-a986-2ca842fd2461","geometry":{"type":"Polygon","coordinates":[[[139.0455345,35.969014],[139.045559,35.9690261],[139.0455156,35.9690839],[139.0454911,35.9690717],[139.0455345,35.969014]]]},"properties":{"layer":"road","class_code":"1040","class_label":"道路"}},{"type":"Feature","id":"tran_7443137a-4065-4f7e-8cd8-0d24053eef98","geometry":{"type":"Polygon","coordinates":[[[139.045559,35.9690261],[139.0456298,35.9690613],[139.0457263,35.9691113],[139.0457498,35.9691231],[139.0457658,35.9691313],[139.0457976,35.9691494],[139.0458442,35.9691797],[139.0458741,35.9692012],[139.0459302,35.9692445],[139.0459876,35.9692917],[139.0461232,35.9694067],[139.0462638,35.9695253],[139.0463308,35.9695845],[139.0463955,35.9696456],[139.0464985,35.9697424],[139.0465585,35.9697967],[139.0465821,35.9698233],[139.0466076,35.9698487],[139.0466326,35.9698709],[139.0465711,35.9699231],[139.0465404,35.9698958],[139.0465117,35.9698672],[139.0464893,35.969842],[139.046432,35.9697901],[139.0463283,35.9696927],[139.0462646,35.9696325],[139.0461992,35.9695748],[139.0460592,35.9694566],[139.045924,35.969342],[139.0458681,35.969296],[139.0458142,35.9692544],[139.0457871,35.969235],[139.0457444,35.9692072],[139.0455802,35.9691159],[139.0455156,35.9690839],[139.045559,35.9690261]]]},"properties":{"layer":"road","class_code":"1040","class_label":"道路"}},{"type":"Feature","id":"tran_27fa15c7-5c03-4669-8c23-565306262402","geometry":{"type":"Polygon","coordinates":[[[139.04562,35.9689473],[139.0456529,35.9689107],[139.0458431,35.9687011],[139.0460104,35.9685184],[139.0460582,35.9684667],[139.0461379,35.9683815],[139.0461986,35.9683174],[139.0462753,35.9682372],[139.0463051,35.9682045],[139.0463172,35.9681898],[139.046335,35.9681638],[139.0463887,35.9680782],[139.0464069,35.9680445],[139.0464136,35.968029],[139.0464211,35.9680055],[139.0464357,35.9679276],[139.0464431,35.9679043],[139.0464492,35.9678901],[139.0464632,35.9678645],[139.0464786,35.9678385],[139.0465086,35.9678502],[139.0464934,35.9678759],[139.0464801,35.9679],[139.046475,35.9679121],[139.0464679,35.9679344],[139.0464546,35.9679761],[139.0464483,35.96801],[139.0464402,35.9680356],[139.0464327,35.9680528],[139.0464137,35.9680879],[139.0463594,35.9681744],[139.0463409,35.9682015],[139.0463278,35.9682175],[139.0462974,35.9682508],[139.0462205,35.9683312],[139.0461599,35.9683952],[139.0460803,35.9684803],[139.0460326,35.9685319],[139.0458654,35.9687145],[139.0456753,35.968924],[139.0456411,35.9689621],[139.0456084,35.9689883],[139.045559,35.9690261],[139.0455345,35.969014],[139.0455891,35.9689722],[139.04562,35.9689473]]]},"properties":{"layer":"road","class_code":"1040","class_label":"道路"}},{"type":"Feature","id":"tran_5c9f9e3b-6f14-43be-a3df-ea560f1a8ccc","geometry":{"type":"Polygon","coordinates":[[[139.0466076,35.9699517],[139.0466078,35.9699742],[139.0464945,35.9699748],[139.0464544,35.9699728],[139.0464026,35.9699691],[139.0463694,35.9699671],[139.0463322,35.9699677],[139.046292,35.9699697],[139.0462581,35.9699734],[139.0462228,35.9699847],[139.046202,35.9700014],[139.0461838,35.9700152],[139.0461653,35.9700402],[139.0461533,35.9700615],[139.0461426,35.9700829],[139.0461356,35.9701036],[139.0461252,35.970133],[139.0461122,35.9701581],[139.046104,35.9701761],[139.0461009,35.9701841],[139.0460981,35.9701932],[139.046093,35.9702031],[139.0460874,35.9702133],[139.0460621,35.970204],[139.0460676,35.9701941],[139.0460718,35.9701861],[139.0460742,35.9701779],[139.046078,35.9701687],[139.0460865,35.9701498],[139.046099,35.9701255],[139.0461089,35.9700975],[139.0461162,35.9700756],[139.0461279,35.9700525],[139.0461408,35.9700297],[139.0461621,35.9700008],[139.0461828,35.9699851],[139.0462074,35.9699655],[139.0462511,35.9699515],[139.0462893,35.9699473],[139.046331,35.9699451],[139.0463702,35.9699446],[139.0464048,35.9699466],[139.0464565,35.9699503],[139.0464953,35.9699522],[139.0466076,35.9699517]]]},"properties":{"layer":"road","class_code":"1040","class_label":"道路"}},{"type":"Feature","id":"tran_bf58c7eb-c378-4cf4-b4dd-49683a6402bc","geometry":{"type":"Polygon","coordinates":[[[139.0462184,35.9726722],[139.0462281,35.9726885],[139.0460923,35.9727423],[139.0460826,35.9727261],[139.0462184,35.9726722]]]},"properties":{"layer":"road","class_code":"1040","class_label":"道路"}},{"type":"Feature","id":"tran_9f944ff8-1a92-49d0-91c5-a38665051127","geometry":{"type":"Polygon","coordinates":[[[139.0462184,35.9726722],[139.0462361,35.9726652],[139.0462753,35.9726528],[139.0462962,35.9726788],[139.0462814,35.9726901],[139.0462656,35.9727047],[139.0462396,35.9726878],[139.0462281,35.9726885],[139.0462184,35.9726722]]]},"properties":{"layer":"road","class_code":"1040","class_label":"道路"}},{"type":"Feature","id":"tran_8be83330-817b-4868-9536-3e81d5724bf8","geometry":{"type":"Polygon","coordinates":[[[139.0462899,35.9715499],[139.0463882,35.9716335],[139.0464257,35.9716735],[139.0464059,35.9716858],[139.0463692,35.9716466],[139.0462719,35.9715639],[139.0462899,35.9715499]]]},"properties":{"layer":"road","class_code":"1040","class_label":"道路"}},{"type":"Feature","id":"tran_a2325e7f-e7c4-4bfb-a3cd-8ecfbb9dd51a","geometry":{"type":"Polygon","coordinates":[[[139.0464059,35.9716858],[139.0463978,35.9717026],[139.0463163,35.9716765],[139.0463022,35.9716753],[139.0462818,35.9716812],[139.0462743,35.9716643],[139.0462995,35.9716569],[139.0463217,35.9716589],[139.0464059,35.9716858]]]},"properties":{"layer":"road","class_code":"1040","class_label":"道路"}},{"type":"Feature","id":"tran_16806837-45c8-421f-93e4-1bcc3d775ff1","geometry":{"type":"Polygon","coordinates":[[[139.0462753,35.9726528],[139.0463026,35.972638],[139.0464186,35.9725862],[139.046562,35.9725262],[139.0466643,35.9724792],[139.0466957,35.9724658],[139.0467165,35.9724588],[139.0467368,35.9724565],[139.0468106,35.9724525],[139.0469049,35.9724518],[139.0469092,35.9724518],[139.0469089,35.9724789],[139.0469047,35.9724788],[139.0468119,35.9724796],[139.0467401,35.9724834],[139.0467252,35.9724851],[139.0467097,35.9724903],[139.0466801,35.9725029],[139.0465779,35.9725499],[139.0464344,35.9726101],[139.0463634,35.9726418],[139.0463343,35.9726551],[139.0463218,35.9726617],[139.0463049,35.9726721],[139.0462962,35.9726788],[139.0462753,35.9726528]]]},"properties":{"layer":"road","class_code":"1040","class_label":"道路"}},{"type":"Feature","id":"tran_ed6b671d-146a-486f-a081-98b84c759919","geometry":{"type":"Polygon","coordinates":[[[139.0463328,35.9721037],[139.0465373,35.9720041],[139.0466163,35.9719583],[139.04662,35.9719784],[139.0465494,35.9720192],[139.0463442,35.9721192],[139.0463328,35.9721037]]]},"properties":{"layer":"road","class_code":"1040","class_label":"道路"}},{"type":"Feature","id":"tran_4e8062ff-6d11-4630-b1e4-1abdf4f87f75","geometry":{"type":"Polygon","coordinates":[[[139.0464127,35.9693974],[139.046423,35.9693848],[139.0464319,35.9693765],[139.0464529,35.9693596],[139.046478,35.9693409],[139.0464939,35.9693309],[139.0465246,35.9693153],[139.0465507,35.9693046],[139.0466143,35.9692815],[139.0466681,35.9692618],[139.0467175,35.9692419],[139.046742,35.9692311],[139.0467776,35.9692135],[139.046811,35.9691945],[139.0468265,35.9691844],[139.0468412,35.9691738],[139.0468682,35.9691513],[139.0468933,35.9691265],[139.0469096,35.9691086],[139.0469425,35.9690686],[139.0469825,35.9690168],[139.0470107,35.9689787],[139.0470693,35.968896],[139.0471303,35.9688078],[139.0471634,35.9687625],[139.0471995,35.9687168],[139.047219,35.968694],[139.0472395,35.9686713],[139.0472821,35.9686269],[139.0473244,35.9685855],[139.0473955,35.968519],[139.0474277,35.9684884],[139.0474408,35.9684748],[139.0474567,35.9684543],[139.0474657,35.9684385],[139.0474696,35.9684282],[139.0474737,35.9684084],[139.0474748,35.9683817],[139.0475157,35.9683935],[139.0474909,35.9684479],[139.0474811,35.9684651],[139.0474635,35.9684878],[139.0474492,35.9685026],[139.0474165,35.9685337],[139.0473455,35.9686001],[139.0473037,35.9686411],[139.0472616,35.9686849],[139.0472416,35.9687071],[139.0472226,35.9687294],[139.047187,35.9687743],[139.0471543,35.968819],[139.0470934,35.9689072],[139.0470346,35.9689901],[139.0470061,35.9690286],[139.0469658,35.9690809],[139.0469323,35.9691215],[139.0469152,35.9691404],[139.0468889,35.9691664],[139.0468603,35.9691902],[139.0468444,35.9692016],[139.0468277,35.9692125],[139.0467928,35.9692324],[139.0467558,35.9692506],[139.0467303,35.9692619],[139.04668,35.9692822],[139.0466256,35.969302],[139.0465626,35.9693249],[139.0465382,35.9693349],[139.0465098,35.9693494],[139.0464959,35.9693581],[139.0464721,35.9693759],[139.0464521,35.969392],[139.0464451,35.9693985],[139.0464357,35.9694099],[139.0464127,35.9693974]]]},"properties":{"layer":"road","class_code":"1040","class_label":"道路"}},{"type":"Feature","id":"tran_4a83db2d-4596-4a7a-a7d8-48e1f3ab4096","geometry":{"type":"Polygon","coordinates":[[[139.0464059,35.9716858],[139.0464257,35.9716735],[139.0464532,35.9717028],[139.0464329,35.9717146],[139.0464318,35.9717134],[139.0463978,35.9717026],[139.0464059,35.9716858]]]},"properties":{"layer":"road","class_code":"1040","class_label":"道路"}},{"type":"Feature","id":"tran_e40ea368-f8cc-433e-bdbd-42f5175649db","geometry":{"type":"Polygon","coordinates":[[[139.0464329,35.9717146],[139.0464532,35.9717028],[139.0465513,35.9718227],[139.0466345,35.9719363],[139.0466404,35.9719528],[139.0466163,35.9719583],[139.0466115,35.9719444],[139.0465301,35.9718335],[139.0464329,35.9717146]]]},"properties":{"layer":"road","class_code":"1040","class_label":"道路"}},{"type":"Feature","id":"tran_58208740-54bf-4580-badd-09d3053fc73d","geometry":{"type":"Polygon","coordinates":[[[139.0464786,35.9678385],[139.0464864,35.9678198],[139.0464939,35.9677935],[139.0464972,35.967778],[139.0465102,35.9677581],[139.0465195,35.9677621],[139.0465784,35.9677811],[139.0465682,35.967802],[139.0465086,35.9678502],[139.0464786,35.9678385]]]},"properties":{"layer":"road","class_code":"1040","class_label":"道路"}},{"type":"Feature","id":"tran_88c1576d-c8ad-44b9-9f30-716a0f268364","geometry":{"type":"Polygon","coordinates":[[[139.0465682,35.967802],[139.0465784,35.9677811],[139.0465976,35.9677873],[139.0466926,35.9678158],[139.0467965,35.967856],[139.0468807,35.967903],[139.0469963,35.9679886],[139.0470715,35.9680497],[139.0471029,35.9680694],[139.0471728,35.9681041],[139.0472103,35.9681247],[139.047274,35.9681624],[139.0473354,35.9681992],[139.0473662,35.9682188],[139.0474124,35.9682513],[139.0474577,35.9682879],[139.0474924,35.9683188],[139.0474719,35.968334],[139.0474377,35.9683035],[139.0473936,35.9682678],[139.0473486,35.9682363],[139.0473186,35.9682172],[139.0472576,35.9681805],[139.0471944,35.9681431],[139.0471578,35.9681231],[139.0470884,35.9680888],[139.0470531,35.9680667],[139.0469772,35.968005],[139.0468634,35.9679208],[139.0467826,35.9678755],[139.0466817,35.9678366],[139.046658,35.9678295],[139.0466311,35.9678214],[139.0465877,35.9678083],[139.0465682,35.967802]]]},"properties":{"layer":"road","class_code":"1040","class_label":"道路"}},{"type":"Feature","id":"tran_6f4ea32e-317e-402e-9e71-97289379d1c9","geometry":{"type":"Polygon","coordinates":[[[139.0465711,35.9699231],[139.0466326,35.9698709],[139.0466482,35.9698377],[139.0466736,35.9698502],[139.0466844,35.9699105],[139.0466942,35.9699174],[139.0466392,35.9699741],[139.0466078,35.9699742],[139.0466076,35.9699517],[139.0466036,35.9699489],[139.0465711,35.9699231]]]},"properties":{"layer":"road","class_code":"1040","class_label":"道路"}},{"type":"Feature","id":"tran_789ebeec-61f8-496b-9163-193dce483a93","geometry":{"type":"Polygon","coordinates":[[[139.04662,35.9719784],[139.0466449,35.9719762],[139.0466491,35.9720095],[139.0466462,35.9720826],[139.0466324,35.9721502],[139.0466301,35.9722038],[139.046634,35.9722344],[139.0466428,35.9722627],[139.0466551,35.9722804],[139.0466832,35.9723153],[139.0467091,35.9723341],[139.0467705,35.9723705],[139.046847,35.9724016],[139.0469067,35.9724237],[139.0469253,35.9724364],[139.0469092,35.9724518],[139.0468933,35.9724409],[139.0468363,35.9724199],[139.0467574,35.9723879],[139.0466934,35.9723498],[139.0466641,35.9723287],[139.0466338,35.9722909],[139.0466195,35.9722704],[139.0466094,35.972238],[139.0466051,35.9722045],[139.0466076,35.9721481],[139.0466213,35.9720806],[139.0466241,35.9720102],[139.04662,35.9719784]]]},"properties":{"layer":"road","class_code":"1040","class_label":"道路"}},{"type":"Feature","id":"tran_46876c53-8144-4492-9c6d-900a088a8ff7","geometry":{"type":"Polygon","coordinates":[[[139.0466163,35.9719583],[139.0466404,35.9719528],[139.0466427,35.9719595],[139.0466449,35.9719762],[139.04662,35.9719784],[139.0466163,35.9719583]]]},"properties":{"layer":"road","class_code":"1040","class_label":"道路"}},{"type":"Feature","id":"tran_0470f9c5-b402-445f-a9e9-c2501434d87c","geometry":{"type":"Polygon","coordinates":[[[139.0466392,35.9699741],[139.0466942,35.9699174],[139.0467261,35.9699374],[139.0467594,35.969956],[139.046794,35.9699729],[139.0468297,35.9699883],[139.0468664,35.9700019],[139.046906,35.9700171],[139.0469459,35.9700319],[139.046986,35.9700462],[139.0470263,35.9700601],[139.0470669,35.9700735],[139.0471076,35.9700865],[139.0471486,35.9700991],[139.0471898,35.9701112],[139.0472312,35.9701228],[139.0472727,35.9701341],[139.0472986,35.9701405],[139.0473247,35.9701464],[139.0473509,35.9701518],[139.0473773,35.9701567],[139.0474038,35.9701611],[139.0474305,35.9701651],[139.0474572,35.9701685],[139.047484,35.9701714],[139.047511,35.9701738],[139.0475379,35.9701756],[139.0476055,35.9701828],[139.047594,35.9702543],[139.0475284,35.9702473],[139.0475024,35.9702455],[139.0474734,35.970243],[139.0474445,35.9702398],[139.0474157,35.9702362],[139.047387,35.9702319],[139.0473585,35.9702272],[139.0473301,35.9702219],[139.0473019,35.9702161],[139.0472738,35.9702097],[139.0472458,35.9702028],[139.0472027,35.9701911],[139.0471602,35.9701791],[139.0471179,35.9701667],[139.0470758,35.9701538],[139.0470339,35.9701404],[139.0469923,35.9701266],[139.0469508,35.9701124],[139.0469097,35.9700977],[139.0468687,35.9700825],[139.046829,35.9700673],[139.0467905,35.970053],[139.0467503,35.9700357],[139.0467114,35.9700166],[139.0466739,35.9699957],[139.0466392,35.9699741]]]},"properties":{"layer":"road","class_code":"1040","class_label":"道路"}},{"type":"Feature","id":"tran_412a76f8-c8ea-4b32-88df-be29f5405c7b","geometry":{"type":"Polygon","coordinates":[[[139.0467709,35.9697045],[139.0467844,35.9696968],[139.0468193,35.9696705],[139.0468625,35.9696332],[139.0469075,35.9695962],[139.0469506,35.9695498],[139.0470058,35.9694783],[139.0470755,35.9693869],[139.0471597,35.9692842],[139.0472351,35.9692034],[139.0472963,35.9691331],[139.0473796,35.9690338],[139.0474727,35.9689474],[139.0474936,35.9689623],[139.0474015,35.9690476],[139.047319,35.9691459],[139.0472573,35.9692167],[139.0471823,35.9692973],[139.0470989,35.969399],[139.0470293,35.9694901],[139.0469734,35.9695626],[139.0469286,35.969611],[139.0468824,35.9696489],[139.0468388,35.9696864],[139.0468019,35.9697144],[139.0467846,35.9697243],[139.0467612,35.969736],[139.0467273,35.9697446],[139.04672,35.9697518],[139.0467133,35.9697593],[139.046707,35.969767],[139.0467012,35.969775],[139.046696,35.9697833],[139.0466913,35.9697918],[139.0466872,35.9698005],[139.0466837,35.9698093],[139.0466808,35.9698183],[139.0466785,35.9698274],[139.0466736,35.9698502],[139.0466482,35.9698377],[139.0466512,35.9698232],[139.0466538,35.9698131],[139.0466571,35.969803],[139.0466611,35.969793],[139.0466657,35.9697831],[139.046671,35.9697735],[139.0466769,35.9697642],[139.0466834,35.9697551],[139.0466905,35.9697464],[139.0466982,35.9697379],[139.0467112,35.9697251],[139.0467501,35.9697152],[139.0467709,35.9697045]]]},"properties":{"layer":"road","class_code":"1040","class_label":"道路"}},{"type":"Feature","id":"tran_32055ede-c35f-46b9-adb5-3bcf221121f6","geometry":{"type":"Polygon","coordinates":[[[139.0469406,35.9724804],[139.0469317,35.9724794],[139.0469089,35.9724789],[139.0469092,35.9724518],[139.0469253,35.9724364],[139.0469273,35.9724377],[139.0469451,35.9724536],[139.0469406,35.9724804]]]},"properties":{"layer":"road","class_code":"1040","class_label":"道路"}},{"type":"Feature","id":"tran_15a33dde-974a-46f3-a19a-eb058042c907","geometry":{"type":"Polygon","coordinates":[[[139.0469451,35.9724536],[139.0469599,35.9724552],[139.0470574,35.9724752],[139.0472389,35.972518],[139.047295,35.972522],[139.047331,35.9725209],[139.047354,35.972519],[139.047412,35.9725082],[139.047655,35.9724487],[139.0477781,35.9724196],[139.0478914,35.9724028],[139.0479595,35.9723945],[139.0480037,35.9723947],[139.0480273,35.9723952],[139.0480434,35.9723991],[139.0480557,35.9724099],[139.0480648,35.9724228],[139.0480815,35.9724534],[139.0480944,35.9724907],[139.0481376,35.9725874],[139.0481664,35.9726416],[139.0482006,35.9726927],[139.0482135,35.9727062],[139.048223,35.9727128],[139.0482346,35.9727174],[139.0482391,35.9727184],[139.0482739,35.9727067],[139.048283,35.9727031],[139.0483,35.9726948],[139.0483051,35.9726918],[139.0483154,35.9726844],[139.0483219,35.9726784],[139.0483323,35.9726651],[139.0483394,35.9726522],[139.0483429,35.9726431],[139.0483534,35.9726064],[139.0483713,35.9725418],[139.048383,35.9725027],[139.0484027,35.9724432],[139.0484239,35.9723887],[139.0484382,35.9723563],[139.0484638,35.9723059],[139.0484802,35.9722796],[139.0484916,35.9722657],[139.0485015,35.9722565],[139.0485163,35.9722466],[139.0485445,35.9722744],[139.0485325,35.9722824],[139.048527,35.9722876],[139.0485185,35.9722979],[139.0485041,35.9723209],[139.0484796,35.9723693],[139.0484659,35.9724002],[139.0484453,35.9724533],[139.048426,35.9725117],[139.0484145,35.97255],[139.0483966,35.9726144],[139.0483858,35.9726525],[139.048381,35.9726651],[139.0483714,35.9726822],[139.0483574,35.9727001],[139.0483468,35.9727099],[139.0483329,35.9727199],[139.0483244,35.9727249],[139.0483042,35.9727348],[139.0482921,35.9727396],[139.0482692,35.9727473],[139.0482618,35.972748],[139.048249,35.9727478],[139.048239,35.9727466],[139.0482226,35.9727427],[139.0482046,35.9727357],[139.0481893,35.9727248],[139.0481727,35.9727076],[139.0481365,35.9726534],[139.0481066,35.9725974],[139.0480631,35.9724999],[139.0480501,35.9724626],[139.0480351,35.972435],[139.0480287,35.972426],[139.0480252,35.9724228],[139.0480221,35.9724221],[139.0480032,35.9724218],[139.0479619,35.9724216],[139.0478968,35.9724295],[139.0477857,35.9724459],[139.0476643,35.9724746],[139.0474206,35.9725343],[139.0473595,35.9725457],[139.0473333,35.9725479],[139.0472941,35.972549],[139.0472328,35.9725447],[139.0470487,35.9725013],[139.0469535,35.9724818],[139.0469406,35.9724804],[139.0469451,35.9724536]]]},"properties":{"layer":"road","class_code":"1040","class_label":"道路"}},{"type":"Feature","id":"tran_206a386b-f67a-4346-946e-a6c96cc252ac","geometry":{"type":"Polygon","coordinates":[[[139.0476055,35.9701828],[139.0476057,35.9701819],[139.0475208,35.9701621],[139.0474021,35.9701366],[139.0472743,35.970103],[139.0471542,35.9700622],[139.0470591,35.970023],[139.046999,35.9699859],[139.0470258,35.9699572],[139.0470827,35.9699923],[139.0471727,35.9700295],[139.0472897,35.9700691],[139.0474145,35.970102],[139.0475328,35.9701274],[139.0476183,35.9701483],[139.0476055,35.9701828]]]},"properties":{"layer":"road","class_code":"1040","class_label":"道路"}},{"type":"Feature","id":"tran_cbf6fcf4-3744-4c87-ac34-db6bee13622e","geometry":{"type":"Polygon","coordinates":[[[139.0474719,35.968334],[139.0474924,35.9683188],[139.047531,35.9683532],[139.0475525,35.9683718],[139.0475332,35.9683881],[139.0475157,35.9683935],[139.0474748,35.9683817],[139.0474739,35.9683652],[139.0474719,35.968334]]]},"properties":{"layer":"road","class_code":"1040","class_label":"道路"}},{"type":"Feature","id":"tran_b5417277-4829-4949-b218-063e75e668e3","geometry":{"type":"Polygon","coordinates":[[[139.0475525,35.9683718],[139.0475629,35.9683797],[139.0475836,35.9683911],[139.0476059,35.9684012],[139.0476521,35.9684223],[139.0476842,35.9684377],[139.0477681,35.9684803],[139.0478171,35.9685068],[139.0478951,35.9685516],[139.0479745,35.9686012],[139.0480274,35.9686364],[139.0480624,35.9686607],[139.0481315,35.9687105],[139.0482072,35.9687679],[139.0483524,35.9688828],[139.0484216,35.9689376],[139.0485382,35.9690284],[139.0485788,35.9690591],[139.0486403,35.9691029],[139.048729,35.9691648],[139.0487503,35.9691813],[139.0487615,35.9691908],[139.048778,35.9692074],[139.0487866,35.9692187],[139.0487911,35.9692261],[139.0487981,35.9692413],[139.0488033,35.9692578],[139.0488047,35.9692665],[139.0488045,35.9692799],[139.0488012,35.969292],[139.048798,35.9692984],[139.0487912,35.9693085],[139.0487755,35.969326],[139.048753,35.9693466],[139.0487201,35.9693762],[139.0486812,35.9693438],[139.0487118,35.9693147],[139.0487164,35.9693098],[139.0487186,35.9693073],[139.048722,35.9693032],[139.0487267,35.9692963],[139.0487309,35.9692883],[139.0487327,35.9692838],[139.0487367,35.9692678],[139.0487377,35.9692582],[139.0487373,35.969235],[139.0487357,35.9692213],[139.0487312,35.9691976],[139.0487104,35.9691816],[139.0486221,35.96912],[139.0485602,35.9690758],[139.0485191,35.9690448],[139.0484023,35.9689538],[139.048333,35.9688989],[139.048188,35.9687843],[139.0481128,35.9687272],[139.0480442,35.9686777],[139.0480096,35.9686537],[139.0479573,35.9686189],[139.0478787,35.9685697],[139.0478015,35.9685253],[139.0477531,35.9684993],[139.0476699,35.968457],[139.0476382,35.9684418],[139.0475924,35.9684208],[139.0475691,35.9684103],[139.0475457,35.9683974],[139.0475332,35.9683881],[139.0475525,35.9683718]]]},"properties":{"layer":"road","class_code":"1040","class_label":"道路"}},{"type":"Feature","id":"tran_454e8838-ebfb-4f41-86cd-13823e6a5482","geometry":{"type":"Polygon","coordinates":[[[139.0476183,35.9701483],[139.0476297,35.9701511],[139.0476931,35.9701666],[139.0477405,35.9701823],[139.0477466,35.9701947],[139.0477482,35.970198],[139.0477366,35.9702695],[139.047594,35.9702543],[139.0476055,35.9701828],[139.0476183,35.9701483]]]},"properties":{"layer":"road","class_code":"1040","class_label":"道路"}},{"type":"Feature","id":"tran_3b53a750-05f2-4b42-b27a-038d16b63d76","geometry":{"type":"Polygon","coordinates":[[[139.0477366,35.9702695],[139.0477482,35.970198],[139.0482556,35.9702521],[139.0483011,35.9702565],[139.0483462,35.9702626],[139.048391,35.9702706],[139.0484352,35.9702803],[139.0484788,35.9702917],[139.0485216,35.9703049],[139.0485636,35.9703197],[139.0486046,35.9703363],[139.0486446,35.9703544],[139.0486835,35.9703741],[139.0487522,35.9703947],[139.0487783,35.9704025],[139.0489314,35.9704328],[139.0490833,35.9704635],[139.0492407,35.9704868],[139.0493865,35.9705045],[139.0495404,35.9705277],[139.0496299,35.9705434],[139.0496862,35.9705591],[139.0497267,35.9705827],[139.0497542,35.9706079],[139.0497634,35.9706313],[139.0497683,35.9706639],[139.0497737,35.9706982],[139.0496843,35.9707248],[139.0496627,35.9706768],[139.0496355,35.9706386],[139.0496218,35.9706251],[139.0496109,35.9706159],[139.0495883,35.9706071],[139.0495241,35.970594],[139.0493729,35.9705711],[139.0492272,35.9705535],[139.0490658,35.9705297],[139.0489115,35.9704985],[139.048754,35.9704673],[139.0486302,35.9704301],[139.0486208,35.9704272],[139.0485995,35.9704165],[139.0485633,35.9704001],[139.0485262,35.9703852],[139.0484882,35.9703717],[139.0484494,35.9703598],[139.0484099,35.9703494],[139.0483699,35.9703406],[139.0483294,35.9703334],[139.0482886,35.9703279],[139.0482446,35.9703237],[139.0477366,35.9702695]]]},"properties":{"layer":"road","class_code":"1040","class_label":"道路"}},{"type":"Feature","id":"tran_45c4a023-b74d-4a68-b983-97386836b349","geometry":{"type":"Polygon","coordinates":[[[139.0483793,35.9719763],[139.0484001,35.9719211],[139.0484962,35.9716444],[139.0485245,35.9715622],[139.0485458,35.9715671],[139.0485175,35.9716493],[139.0484213,35.9719262],[139.0484006,35.9719816],[139.0483793,35.9719763]]]},"properties":{"layer":"road","class_code":"1040","class_label":"道路"}},{"type":"Feature","id":"tran_85bdbc37-1add-4d51-b59c-3dada8c5ae0a","geometry":{"type":"Polygon","coordinates":[[[139.0484552,35.9721763],[139.0485173,35.9721878],[139.0485112,35.9722098],[139.0484491,35.9721983],[139.0484552,35.9721763]]]},"properties":{"layer":"road","class_code":"1040","class_label":"道路"}},{"type":"Feature","id":"tran_45263f3b-651b-434f-bc05-9146ba07aa4a","geometry":{"type":"Polygon","coordinates":[[[139.0485236,35.9692881],[139.0485578,35.9692801],[139.048584,35.9693107],[139.0486007,35.9693269],[139.0486295,35.9693489],[139.0485679,35.9693707],[139.0485236,35.9692881]]]},"properties":{"layer":"road","class_code":"1040","class_label":"道路"}},{"type":"Feature","id":"tran_43dd041a-46f1-40c6-978c-766f69a870f5","geometry":{"type":"Polygon","coordinates":[[[139.0485112,35.9722098],[139.0485173,35.9721878],[139.048557,35.9721948],[139.0485394,35.9722144],[139.0485112,35.9722098]]]},"properties":{"layer":"road","class_code":"1040","class_label":"道路"}},{"type":"Feature","id":"tran_400bd3b0-2aa5-484a-8e71-bf46a261bba9","geometry":{"type":"Polygon","coordinates":[[[139.0485394,35.9722144],[139.048557,35.9721948],[139.0485624,35.9721935],[139.0485663,35.9721923],[139.04857,35.9721908],[139.0485736,35.972189],[139.0485769,35.972187],[139.0485801,35.9721848],[139.048583,35.9721824],[139.0485856,35.9721798],[139.048588,35.972177],[139.04859,35.9721741],[139.0486454,35.972172],[139.0486479,35.9721991],[139.0486499,35.9722044],[139.0486525,35.9722094],[139.0486557,35.9722143],[139.0486594,35.9722189],[139.0486637,35.9722231],[139.0486684,35.9722271],[139.0486736,35.9722306],[139.0486678,35.9722584],[139.0486378,35.9722562],[139.0486226,35.9722563],[139.0486002,35.972258],[139.0485794,35.9722617],[139.0485666,35.9722652],[139.0485587,35.9722679],[139.0485445,35.9722744],[139.0485163,35.9722466],[139.0485324,35.9722292],[139.0485394,35.9722144]]]},"properties":{"layer":"road","class_code":"1040","class_label":"道路"}},{"type":"Feature","id":"tran_50e628d5-5f8f-46cb-b9ad-d011ad64c242","geometry":{"type":"Polygon","coordinates":[[[139.0485245,35.9715622],[139.0485361,35.9715284],[139.0485575,35.9715333],[139.0485458,35.9715671],[139.0485245,35.9715622]]]},"properties":{"layer":"road","class_code":"1040","class_label":"道路"}},{"type":"Feature","id":"tran_54163ff6-df6b-4e88-9ab6-374bdb31ed4d","geometry":{"type":"Polygon","coordinates":[[[139.0485361,35.9715284],[139.0485548,35.9714742],[139.0485761,35.9714791],[139.0485575,35.9715333],[139.0485361,35.9715284]]]},"properties":{"layer":"road","class_code":"1040","class_label":"道路"}},{"type":"Feature","id":"tran_1c8e29ff-f1b9-499d-a540-9e778ec1fae7","geometry":{"type":"Polygon","coordinates":[[[139.0486295,35.9693489],[139.0486451,35.9693565],[139.0486534,35.9693577],[139.0486584,35.9693571],[139.0486685,35.9693528],[139.0486812,35.9693438],[139.0487201,35.9693762],[139.0487061,35.9693905],[139.0487004,35.9693973],[139.0486915,35.9694101],[139.0486856,35.9694219],[139.048683,35.9694293],[139.0486805,35.9694434],[139.0486807,35.9694581],[139.0486823,35.9694674],[139.0486884,35.9694851],[139.0486432,35.9694955],[139.04862,35.9694601],[139.0486017,35.96943],[139.0485722,35.9693788],[139.0485679,35.9693707],[139.0486295,35.9693489]]]},"properties":{"layer":"road","class_code":"1040","class_label":"道路"}},{"type":"Feature","id":"tran_80cec097-bc6f-46dc-b38e-3fb12e659fc6","geometry":{"type":"Polygon","coordinates":[[[139.0485588,35.9714624],[139.0485768,35.9714452],[139.0485867,35.971452],[139.0485988,35.9714661],[139.0485761,35.9714791],[139.0485548,35.9714742],[139.0485588,35.9714624]]]},"properties":{"layer":"road","class_code":"1040","class_label":"道路"}},{"type":"Feature","id":"tran_acdac9a8-cedb-425f-beda-a3fc3d1eb106","geometry":{"type":"Polygon","coordinates":[[[139.0488711,35.9716988],[139.048885,35.9717425],[139.0488831,35.9717428],[139.0488723,35.9717451],[139.0488615,35.9717476],[139.0488508,35.9717503],[139.0488403,35.9717533],[139.0487347,35.9717929],[139.0487152,35.9718047],[139.0486973,35.971818],[139.048681,35.9718326],[139.0486666,35.9718485],[139.0486543,35.9718655],[139.048644,35.9718834],[139.048636,35.971902],[139.0486303,35.9719212],[139.048627,35.9719407],[139.048626,35.9719605],[139.0486454,35.972172],[139.04859,35.9721741],[139.0485705,35.9719613],[139.0485717,35.9719368],[139.0485758,35.9719128],[139.0485828,35.9718893],[139.0485926,35.9718664],[139.0486052,35.9718445],[139.0486204,35.9718236],[139.048638,35.9718041],[139.0486579,35.9717862],[139.0486799,35.9717699],[139.0487062,35.971754],[139.0488195,35.9717114],[139.0488335,35.9717075],[139.0488456,35.9717044],[139.0488577,35.9717016],[139.0488711,35.9716988]]]},"properties":{"layer":"road","class_code":"1040","class_label":"道路"}},{"type":"Feature","id":"tran_27b7aeca-9b25-41de-9681-caedb4868b3a","geometry":{"type":"Polygon","coordinates":[[[139.0485988,35.9714661],[139.048639,35.9715128],[139.0486728,35.9715625],[139.0486959,35.971589],[139.0487236,35.9716114],[139.0487515,35.9716273],[139.0488309,35.9716592],[139.0488826,35.9716783],[139.0488711,35.9716988],[139.0488189,35.9716796],[139.0487372,35.9716468],[139.0487057,35.9716288],[139.0486745,35.9716036],[139.0486493,35.9715745],[139.0486154,35.9715247],[139.0485761,35.9714791],[139.0485988,35.9714661]]]},"properties":{"layer":"road","class_code":"1040","class_label":"道路"}}]}