{"type":"FeatureCollection","properties":{"mesh_code":"54390035","source":"PLATEAU秩父市2025","layer":"road"},"features":[{"type":"Feature","id":"tran_fd817f5d-039b-4e58-b06c-dc8695e5e21e","geometry":{"type":"Polygon","coordinates":[[[139.0705789,36.0274544],[139.0706336,36.0274471],[139.0706438,36.0274975],[139.0706691,36.0275203],[139.0706833,36.0275996],[139.0706174,36.0276075],[139.0705518,36.0275867],[139.0705476,36.0275682],[139.0705789,36.0274544]]]},"properties":{"layer":"road","class_code":"1040","class_label":"道路"}},{"type":"Feature","id":"tran_b4ec46e8-f164-4c54-b3be-7d188f983c50","geometry":{"type":"Polygon","coordinates":[[[139.0706905,36.0318345],[139.0706645,36.0318423],[139.0705978,36.0316936],[139.0705683,36.0316294],[139.0705577,36.0315989],[139.0705528,36.0315616],[139.0705494,36.0315162],[139.070549,36.0314945],[139.0705474,36.0314755],[139.0705446,36.0314567],[139.0705436,36.0314517],[139.0705391,36.031433],[139.0705334,36.0314146],[139.0705286,36.0314015],[139.0705227,36.0313753],[139.0705185,36.0313489],[139.0705162,36.0313223],[139.0705159,36.0313154],[139.0705158,36.0312887],[139.0705175,36.0312621],[139.070521,36.0312356],[139.0705262,36.0312094],[139.0705268,36.0312072],[139.0705422,36.0311632],[139.0705546,36.0311185],[139.070564,36.0310734],[139.0705645,36.0310706],[139.0705707,36.0310251],[139.0705738,36.0309794],[139.070574,36.0309692],[139.0705862,36.0308929],[139.0706027,36.0308092],[139.0706246,36.0308121],[139.0706081,36.0308956],[139.0705962,36.0309705],[139.070596,36.0309801],[139.0705928,36.0310266],[139.0705866,36.0310728],[139.070586,36.0310762],[139.0705763,36.0311221],[139.0705637,36.0311676],[139.0705484,36.0312114],[139.070548,36.0312125],[139.070543,36.031238],[139.0705397,36.0312635],[139.070538,36.0312892],[139.0705381,36.031315],[139.0705383,36.0313213],[139.0705406,36.0313471],[139.0705446,36.0313725],[139.0705503,36.0313972],[139.0705549,36.0314099],[139.0705608,36.0314291],[139.0705654,36.0314486],[139.0705666,36.0314541],[139.0705695,36.0314738],[139.0705711,36.0314936],[139.0705716,36.0315155],[139.0705749,36.0315601],[139.0705787,36.0315886],[139.0705944,36.0316216],[139.0706238,36.0316858],[139.0706905,36.0318345]]]},"properties":{"layer":"road","class_code":"1040","class_label":"道路"}},{"type":"Feature","id":"tran_3ac6c1fd-d811-47b1-9612-bef11e547223","geometry":{"type":"Polygon","coordinates":[[[139.0706429,36.025932],[139.0706693,36.0259154],[139.0706978,36.0259454],[139.0706031,36.0259859],[139.0705928,36.0259699],[139.0706429,36.025932]]]},"properties":{"layer":"road","class_code":"1040","class_label":"道路"}},{"type":"Feature","id":"tran_8bd637ba-706e-4332-bb95-f3bd9ecced09","geometry":{"type":"Polygon","coordinates":[[[139.0706978,36.0259454],[139.0708247,36.0260787],[139.0707081,36.0260962],[139.0706031,36.0259859],[139.0706978,36.0259454]]]},"properties":{"layer":"road","class_code":"1040","class_label":"道路"}},{"type":"Feature","id":"tran_92872ebb-1ca7-4410-87d3-dbddc6774658","geometry":{"type":"Polygon","coordinates":[[[139.0706174,36.0276075],[139.0706833,36.0275996],[139.0707238,36.027825],[139.0706581,36.0278338],[139.0706174,36.0276075]]]},"properties":{"layer":"road","class_code":"1040","class_label":"道路"}},{"type":"Feature","id":"tran_49d29f95-04e5-4208-9d39-008b6e2643b2","geometry":{"type":"Polygon","coordinates":[[[139.0707335,36.027879],[139.0707405,36.027918],[139.0707314,36.0279217],[139.0707227,36.0279262],[139.0707145,36.0279312],[139.070707,36.0279369],[139.0707001,36.0279431],[139.070694,36.0279498],[139.0706847,36.0279611],[139.0706779,36.0279705],[139.0706729,36.0279788],[139.0706689,36.0279863],[139.0706659,36.0279931],[139.0706635,36.0279996],[139.0706617,36.0280059],[139.0706602,36.0280122],[139.0706592,36.0280186],[139.0706585,36.0280252],[139.070658,36.0280323],[139.0706579,36.0280398],[139.0706581,36.0280481],[139.0706588,36.0280577],[139.0706601,36.0280689],[139.0706623,36.0280832],[139.0706661,36.0281027],[139.070672,36.0281295],[139.070753,36.0284358],[139.0707596,36.0284604],[139.0707666,36.028485],[139.0707741,36.0285094],[139.0707821,36.0285338],[139.0707905,36.028558],[139.0707994,36.0285821],[139.0708118,36.0286188],[139.0708255,36.0286552],[139.0708406,36.0286912],[139.0708569,36.0287269],[139.0708745,36.0287622],[139.0709743,36.0289533],[139.0710034,36.0290048],[139.0710322,36.0290565],[139.0710607,36.0291082],[139.0710889,36.02916],[139.0711169,36.029212],[139.0711447,36.029264],[139.071162,36.0292971],[139.0711788,36.0293303],[139.0711951,36.0293637],[139.0712109,36.0293973],[139.0712262,36.029431],[139.071241,36.0294649],[139.0712874,36.0295719],[139.0713422,36.0297149],[139.0713488,36.0297321],[139.0714101,36.0298919],[139.0713441,36.029891],[139.0713652,36.0298507],[139.0713226,36.0297394],[139.071316,36.0297222],[139.0712611,36.029579],[139.0712401,36.0295305],[139.071207,36.029522],[139.0711887,36.0294799],[139.0711741,36.0294464],[139.071159,36.0294132],[139.0711434,36.0293801],[139.0711273,36.0293472],[139.0711108,36.0293144],[139.0710937,36.0292817],[139.0710661,36.02923],[139.0710382,36.0291782],[139.07101,36.0291265],[139.0709816,36.029075],[139.0709529,36.0290235],[139.0709235,36.0289715],[139.0708232,36.0287794],[139.0708051,36.0287432],[139.0707883,36.0287063],[139.0707727,36.028669],[139.0707669,36.0286536],[139.0707259,36.0284406],[139.0706548,36.0281718],[139.0706282,36.0281358],[139.0706223,36.0281086],[139.0706184,36.0280882],[139.070616,36.0280728],[139.0706146,36.0280604],[139.0706138,36.0280496],[139.0706135,36.0280399],[139.0706137,36.0280311],[139.0706142,36.0280227],[139.0706151,36.0280146],[139.0706164,36.0280065],[139.0706182,36.0279985],[139.0706206,36.0279903],[139.0706237,36.0279818],[139.0706276,36.027973],[139.0706326,36.0279636],[139.0706388,36.0279535],[139.070647,36.027942],[139.0706571,36.0279297],[139.0706617,36.0279232],[139.0706652,36.0279163],[139.0706676,36.0279091],[139.0706688,36.0279017],[139.0706688,36.0278942],[139.0706677,36.0278868],[139.0707321,36.0278708],[139.0707335,36.027879]]]},"properties":{"layer":"road","class_code":"1040","class_label":"道路"}},{"type":"Feature","id":"tran_aaaf9e66-4bbf-41e9-a95c-ac7449d64d3d","geometry":{"type":"Polygon","coordinates":[[[139.0706354,36.0278686],[139.0706439,36.0278466],[139.0706581,36.0278338],[139.0707238,36.027825],[139.0707321,36.0278708],[139.0706677,36.0278868],[139.0706522,36.027883],[139.0706354,36.0278686]]]},"properties":{"layer":"road","class_code":"1040","class_label":"道路"}},{"type":"Feature","id":"tran_87345ab6-ce28-4f6c-9fa2-8580bf0de7fd","geometry":{"type":"Polygon","coordinates":[[[139.0706888,36.0261319],[139.0707083,36.0261322],[139.0707533,36.026135],[139.070798,36.0261401],[139.0708423,36.0261475],[139.0708859,36.026157],[139.0709287,36.0261686],[139.0709706,36.0261824],[139.0710114,36.0261982],[139.0710509,36.0262159],[139.071089,36.0262357],[139.0711255,36.0262572],[139.0711603,36.0262806],[139.0711938,36.0263059],[139.0712278,36.0263359],[139.0712592,36.0263674],[139.0712879,36.0264004],[139.0713138,36.026435],[139.071337,36.0264708],[139.0713572,36.0265078],[139.0713581,36.02651],[139.0713646,36.0265232],[139.0712352,36.0265649],[139.0712285,36.0265501],[139.071212,36.0265198],[139.0711931,36.0264905],[139.0711719,36.0264623],[139.0711484,36.0264353],[139.0711228,36.0264096],[139.0710954,36.0263854],[139.0710688,36.0263653],[139.0710405,36.0263463],[139.0710109,36.0263288],[139.0709799,36.0263128],[139.0709478,36.0262984],[139.0709147,36.0262855],[139.0708807,36.0262743],[139.0708459,36.0262649],[139.0708105,36.0262572],[139.0707745,36.0262512],[139.0707383,36.0262471],[139.070706,36.0262475],[139.0706888,36.0261319]]]},"properties":{"layer":"road","class_code":"1040","class_label":"道路"}},{"type":"Feature","id":"tran_99943212-5feb-405e-8963-e7026e3816b1","geometry":{"type":"Polygon","coordinates":[[[139.0708224,36.0318986],[139.0708205,36.0319002],[139.0707926,36.0319265],[139.0707689,36.0319535],[139.0707564,36.0319681],[139.0706733,36.0319231],[139.0706783,36.0319079],[139.070678,36.0318893],[139.0706759,36.0318792],[139.0706645,36.0318423],[139.0706905,36.0318345],[139.0707468,36.0318374],[139.0708224,36.0318986]]]},"properties":{"layer":"road","class_code":"1040","class_label":"道路"}},{"type":"Feature","id":"tran_02ccd2fe-0e83-4d75-92a3-450ad6610d94","geometry":{"type":"Polygon","coordinates":[[[139.0707385,36.027826],[139.0707478,36.0278718],[139.0707321,36.0278708],[139.0707238,36.027825],[139.0707385,36.027826]]]},"properties":{"layer":"road","class_code":"1040","class_label":"道路"}},{"type":"Feature","id":"tran_2220c428-d578-475e-bbf7-04f47c2404ef","geometry":{"type":"Polygon","coordinates":[[[139.0734462,36.0332413],[139.0734018,36.0333144],[139.0733754,36.0333058],[139.0733446,36.0332954],[139.0733129,36.0332867],[139.0732807,36.0332795],[139.0732698,36.0332776],[139.0732369,36.0332726],[139.073229,36.0332717],[139.073144,36.0332648],[139.0730956,36.0332628],[139.0730102,36.0332626],[139.0728252,36.0332542],[139.0727128,36.0332532],[139.0726737,36.0332536],[139.0726135,36.0332516],[139.0725535,36.0332465],[139.0725136,36.0332414],[139.0724547,36.0332313],[139.0724254,36.0332233],[139.0723932,36.0332127],[139.0723618,36.0332005],[139.0723314,36.0331868],[139.0723021,36.0331715],[139.0722939,36.0331667],[139.0722663,36.0331496],[139.07224,36.0331311],[139.0722153,36.0331113],[139.0722009,36.0330949],[139.0721873,36.0330772],[139.0721751,36.0330588],[139.0721668,36.0330441],[139.0721664,36.0330437],[139.0721591,36.0330306],[139.0721521,36.0330156],[139.0721462,36.0330003],[139.0721416,36.0329848],[139.0721381,36.032969],[139.0721359,36.0329531],[139.0721348,36.0329372],[139.0721351,36.0329211],[139.0721366,36.0329052],[139.0721393,36.0328893],[139.072143,36.0328745],[139.0721458,36.0328653],[139.0721512,36.0328508],[139.0721581,36.0328357],[139.0721661,36.0328211],[139.0721753,36.032807],[139.0721855,36.0327933],[139.0721968,36.0327801],[139.072209,36.0327677],[139.0722222,36.0327558],[139.0722363,36.0327446],[139.0722382,36.0327431],[139.0722957,36.0326833],[139.0723706,36.0326215],[139.0724317,36.0325719],[139.0724347,36.0325687],[139.072451,36.0325489],[139.0724654,36.0325291],[139.0724785,36.0325082],[139.0724859,36.0324947],[139.0724962,36.0324728],[139.072503,36.0324546],[139.0725052,36.0324411],[139.0725066,36.0324262],[139.0725067,36.0324113],[139.0725057,36.0323963],[139.0725035,36.0323815],[139.0725003,36.0323671],[139.0724959,36.0323525],[139.0724888,36.0323346],[139.0724848,36.0323247],[139.0724808,36.0323166],[139.0724761,36.0323086],[139.0724637,36.0322844],[139.0724564,36.0322773],[139.0724478,36.0322699],[139.0724343,36.032259],[139.0724143,36.0322413],[139.0724084,36.0322356],[139.0723899,36.0322163],[139.0723727,36.0321959],[139.0723625,36.0321828],[139.07235,36.0321644],[139.0723387,36.0321451],[139.072329,36.0321253],[139.0723208,36.0321049],[139.0723145,36.0320851],[139.0723121,36.0320763],[139.0722936,36.031989],[139.072295,36.0319539],[139.0722991,36.0318846],[139.0722988,36.0318787],[139.0722975,36.0318657],[139.0722953,36.0318534],[139.0722922,36.0318412],[139.0722881,36.0318292],[139.0722831,36.0318174],[139.0722767,36.031805],[139.0722575,36.0317681],[139.0722496,36.0317584],[139.0722378,36.0317455],[139.0722251,36.0317332],[139.0722114,36.0317215],[139.0721968,36.0317106],[139.0721919,36.0317074],[139.0721763,36.0316974],[139.0721599,36.0316884],[139.0721428,36.0316802],[139.0721377,36.031678],[139.0721252,36.0316731],[139.0721214,36.0316717],[139.0721047,36.0316662],[139.0720875,36.0316616],[139.07207,36.0316579],[139.0720523,36.0316551],[139.0720343,36.0316532],[139.0720164,36.0316523],[139.0719956,36.0316523],[139.0719814,36.0316529],[139.0719635,36.0316547],[139.0719459,36.0316573],[139.071932,36.0316605],[139.0719095,36.0316667],[139.0718874,36.0316741],[139.0718661,36.0316825],[139.0718453,36.031692],[139.0718254,36.0317025],[139.0718153,36.0317085],[139.0717967,36.0317205],[139.071779,36.0317335],[139.071773,36.0317386],[139.0717624,36.0317474],[139.0717409,36.0317663],[139.0717269,36.0317758],[139.0717099,36.0317862],[139.0716865,36.0317994],[139.07167,36.0318095],[139.0716528,36.0318188],[139.071635,36.0318274],[139.0716167,36.0318352],[139.0716134,36.0318364],[139.0715944,36.0318433],[139.0715751,36.0318492],[139.0715554,36.0318543],[139.0715354,36.0318585],[139.071515,36.0318618],[139.0714946,36.0318641],[139.0714752,36.0318656],[139.0714501,36.0318685],[139.0714248,36.0318703],[139.0713995,36.031871],[139.0713742,36.0318705],[139.071349,36.031869],[139.0713251,36.0318664],[139.0713002,36.0318628],[139.0712756,36.0318579],[139.0712513,36.031852],[139.0712275,36.031845],[139.0712041,36.031837],[139.0711815,36.0318279],[139.0711742,36.0318248],[139.0711351,36.0318135],[139.0711203,36.0318102],[139.0711052,36.0318077],[139.0710899,36.0318058],[139.0710746,36.0318046],[139.0710592,36.0318042],[139.0710438,36.0318043],[139.0710284,36.0318051],[139.0710146,36.0318065],[139.0709995,36.0318087],[139.0709844,36.0318115],[139.0709697,36.031815],[139.0709551,36.0318191],[139.0709408,36.0318239],[139.0709269,36.0318293],[139.0709134,36.0318352],[139.0709004,36.0318419],[139.0708877,36.031849],[139.0708756,36.0318567],[139.070864,36.031865],[139.0708551,36.0318719],[139.0708224,36.0318986],[139.0707468,36.0318374],[139.070766,36.031818],[139.07078,36.0318088],[139.0707907,36.0318003],[139.0708066,36.031789],[139.0708233,36.0317784],[139.0708408,36.0317684],[139.0708589,36.0317594],[139.0708776,36.031751],[139.0708969,36.0317436],[139.0709166,36.031737],[139.0709367,36.0317313],[139.0709572,36.0317265],[139.070978,36.0317225],[139.0709989,36.0317196],[139.0710182,36.0317177],[139.0710394,36.0317165],[139.0710607,36.0317163],[139.071082,36.031717],[139.0711032,36.0317186],[139.0711242,36.0317212],[139.0711452,36.0317248],[139.0711629,36.0317286],[139.0712233,36.0317504],[139.0712288,36.0317529],[139.0712473,36.0317602],[139.0712654,36.0317665],[139.0712839,36.0317719],[139.0713027,36.0317764],[139.0713219,36.0317802],[139.0713412,36.0317832],[139.0713596,36.0317851],[139.0713793,36.0317863],[139.0713989,36.0317866],[139.0714186,36.0317861],[139.0714381,36.0317847],[139.0714631,36.0317818],[139.0714825,36.0317804],[139.0714975,36.0317786],[139.0715122,36.0317762],[139.0715268,36.0317732],[139.0715411,36.0317695],[139.0715551,36.0317651],[139.07157,36.0317598],[139.0715845,36.0317537],[139.0715975,36.0317475],[139.07161,36.0317407],[139.071622,36.0317334],[139.0716335,36.0317255],[139.0716465,36.0317156],[139.0716743,36.0316981],[139.0716907,36.0316781],[139.0717086,36.0316591],[139.0717279,36.031641],[139.0717386,36.0316318],[139.0717601,36.0316153],[139.0717826,36.0315998],[139.0718064,36.0315856],[139.0718312,36.0315727],[139.0718396,36.0315686],[139.0718603,36.031563],[139.0718816,36.0315585],[139.071893,36.0315566],[139.0719029,36.031555],[139.0719038,36.0315549],[139.0719255,36.0315525],[139.0719473,36.0315514],[139.0719692,36.0315513],[139.071991,36.0315523],[139.0720127,36.0315544],[139.0720458,36.031559],[139.072071,36.0315617],[139.0720959,36.0315656],[139.0721205,36.0315708],[139.0721262,36.0315724],[139.0721446,36.0315773],[139.0721682,36.0315849],[139.0721899,36.0315933],[139.0721998,36.0315975],[139.0722225,36.0316085],[139.0722449,36.0316209],[139.0722653,36.0316338],[139.0722739,36.0316397],[139.072293,36.031654],[139.0723102,36.0316685],[139.0723266,36.0316819],[139.072342,36.0316961],[139.0723562,36.0317112],[139.0723693,36.0317269],[139.0723811,36.0317432],[139.0723917,36.0317601],[139.0723934,36.031763],[139.0724024,36.0317804],[139.07241,36.0317984],[139.0724163,36.0318167],[139.072421,36.0318352],[139.0724243,36.0318539],[139.0724263,36.0318729],[139.0724267,36.0318855],[139.0724225,36.031958],[139.0724204,36.0320123],[139.0724212,36.0320277],[139.0724233,36.032043],[139.0724265,36.0320583],[139.0724279,36.0320633],[139.0724326,36.0320782],[139.0724386,36.032093],[139.0724456,36.0321072],[139.0724537,36.0321212],[139.0724629,36.0321348],[139.0724701,36.0321441],[139.0724839,36.0321603],[139.0724989,36.0321759],[139.0725019,36.0321788],[139.0725183,36.0321934],[139.0725311,36.0322037],[139.0725438,36.0322147],[139.0725557,36.0322263],[139.0725656,36.0322373],[139.0725755,36.0322498],[139.0725846,36.0322631],[139.0725926,36.0322766],[139.0725994,36.0322906],[139.0726053,36.0323048],[139.0726055,36.0323055],[139.0726134,36.0323256],[139.0726197,36.0323462],[139.0726242,36.0323668],[139.0726274,36.0323878],[139.0726288,36.0324089],[139.0726286,36.0324301],[139.0726267,36.0324512],[139.0726233,36.0324721],[139.0726223,36.0324771],[139.0726116,36.0325051],[139.0725988,36.0325324],[139.0725888,36.0325506],[139.0725726,36.0325767],[139.0725543,36.0326019],[139.0725342,36.0326261],[139.0725243,36.0326369],[139.0724595,36.0326895],[139.072394,36.0327496],[139.0723331,36.0328129],[139.0723315,36.0328148],[139.0723227,36.0328209],[139.0723143,36.0328275],[139.0723065,36.0328346],[139.0722992,36.032842],[139.0722926,36.0328498],[139.0722865,36.0328579],[139.0722811,36.0328664],[139.0722762,36.032875],[139.0722722,36.0328839],[139.0722689,36.032893],[139.0722675,36.0328975],[139.0722651,36.0329068],[139.0722635,36.0329162],[139.0722627,36.0329256],[139.0722625,36.0329351],[139.072263,36.0329447],[139.0722644,36.032954],[139.0722665,36.0329634],[139.0722692,36.0329726],[139.0722727,36.0329817],[139.0722769,36.0329905],[139.0722817,36.0329991],[139.0722818,36.0329994],[139.0722892,36.0330124],[139.0722977,36.0330251],[139.0723071,36.0330373],[139.0723228,36.0330518],[139.0723395,36.0330656],[139.0723574,36.0330785],[139.0723684,36.0330857],[139.0723877,36.033097],[139.0724079,36.0331073],[139.0724203,36.0331129],[139.0725013,36.0331384],[139.0725037,36.0331391],[139.0725401,36.033149],[139.0725686,36.0331526],[139.072622,36.0331572],[139.0726754,36.033159],[139.0727128,36.0331586],[139.072829,36.0331596],[139.0730136,36.033168],[139.0730988,36.0331681],[139.0731591,36.0331706],[139.0731919,36.0331733],[139.0732245,36.0331778],[139.0732566,36.0331839],[139.0732808,36.0331897],[139.0733119,36.0331986],[139.0733798,36.0332196],[139.0734153,36.0332315],[139.0734197,36.0332331],[139.0734462,36.0332413]]]},"properties":{"layer":"road","class_code":"1040","class_label":"道路"}},{"type":"Feature","id":"tran_284857fd-4498-4c62-b2df-a0ca03cbef04","geometry":{"type":"Polygon","coordinates":[[[139.0708576,36.0274186],[139.0709187,36.0273805],[139.0709452,36.0273694],[139.0709579,36.0273894],[139.0709571,36.0273922],[139.070953,36.0274016],[139.0709523,36.0274186],[139.0709544,36.027434],[139.0709669,36.0274481],[139.070949,36.0274586],[139.0709333,36.0274645],[139.0708674,36.0274725],[139.0708576,36.0274186]]]},"properties":{"layer":"road","class_code":"1040","class_label":"道路"}},{"type":"Feature","id":"tran_eb8c9942-80e3-475f-a2a9-d5aae5999030","geometry":{"type":"Polygon","coordinates":[[[139.0709333,36.0274645],[139.0710109,36.0278891],[139.0709428,36.0278847],[139.0709344,36.0278389],[139.0708674,36.0274725],[139.0709333,36.0274645]]]},"properties":{"layer":"road","class_code":"1040","class_label":"道路"}},{"type":"Feature","id":"tran_91257bc2-dd86-45f2-ae90-57420d9726ff","geometry":{"type":"Polygon","coordinates":[[[139.0709452,36.0273694],[139.0709778,36.0273557],[139.0710002,36.0273484],[139.071032,36.0273367],[139.0710629,36.0273237],[139.0710927,36.0273094],[139.0711179,36.0272957],[139.0711345,36.0273138],[139.0711075,36.0273284],[139.0710763,36.0273434],[139.0710441,36.027357],[139.0710111,36.0273691],[139.0709892,36.0273762],[139.0709579,36.0273894],[139.0709452,36.0273694]]]},"properties":{"layer":"road","class_code":"1040","class_label":"道路"}},{"type":"Feature","id":"tran_3e13d1a2-6ed7-4ac9-8e42-71931d0e1bee","geometry":{"type":"Polygon","coordinates":[[[139.0709669,36.0274481],[139.0710549,36.027547],[139.0711428,36.0276458],[139.0711285,36.0276606],[139.071037,36.0275575],[139.070949,36.0274586],[139.0709669,36.0274481]]]},"properties":{"layer":"road","class_code":"1040","class_label":"道路"}},{"type":"Feature","id":"tran_bf67feeb-b761-4376-82e7-d3e454c27379","geometry":{"type":"Polygon","coordinates":[[[139.0710584,36.0277314],[139.0711285,36.0276606],[139.0711461,36.0276717],[139.0710756,36.0277427],[139.0710584,36.0277314]]]},"properties":{"layer":"road","class_code":"1040","class_label":"道路"}},{"type":"Feature","id":"tran_19b4721a-b948-43af-ab6d-24c5a5be8978","geometry":{"type":"Polygon","coordinates":[[[139.0711179,36.0272957],[139.0711216,36.0272937],[139.0711473,36.0272782],[139.0711723,36.0272612],[139.0711901,36.0272785],[139.0711885,36.0272899],[139.0711878,36.0273014],[139.0711944,36.0273176],[139.0711725,36.0273314],[139.071158,36.0273164],[139.0711472,36.0273129],[139.0711345,36.0273138],[139.0711179,36.0272957]]]},"properties":{"layer":"road","class_code":"1040","class_label":"道路"}},{"type":"Feature","id":"tran_66e0cbb8-6717-4d9d-98e4-b61cabb5c068","geometry":{"type":"Polygon","coordinates":[[[139.0711564,36.0276611],[139.0711461,36.0276717],[139.0711285,36.0276606],[139.0711428,36.0276458],[139.0711564,36.0276611]]]},"properties":{"layer":"road","class_code":"1040","class_label":"道路"}},{"type":"Feature","id":"tran_ea51b974-d3a1-4379-81ec-cfdc378e9c16","geometry":{"type":"Polygon","coordinates":[[[139.0716729,36.0281233],[139.0716359,36.0281505],[139.0714544,36.0279878],[139.0714016,36.0279424],[139.0713542,36.0278985],[139.0713443,36.0278913],[139.0713349,36.0278838],[139.0713259,36.0278758],[139.0713176,36.0278674],[139.0713098,36.0278586],[139.0713027,36.0278496],[139.0712961,36.0278403],[139.0712949,36.0278384],[139.071289,36.0278287],[139.0712839,36.0278187],[139.0712794,36.0278086],[139.0712757,36.0277983],[139.0712726,36.0277878],[139.0712705,36.0277785],[139.0712693,36.0277743],[139.0712679,36.0277701],[139.0712662,36.0277661],[139.0712642,36.0277621],[139.0712619,36.0277582],[139.0712594,36.0277544],[139.071259,36.0277539],[139.071258,36.0277528],[139.0712298,36.0277277],[139.071178,36.0276909],[139.0711461,36.0276717],[139.0711564,36.0276611],[139.0711885,36.0276803],[139.0712415,36.027718],[139.0712708,36.0277441],[139.0712728,36.0277462],[139.0712739,36.0277476],[139.0712769,36.0277521],[139.0712795,36.0277567],[139.0712818,36.0277614],[139.0712837,36.0277661],[139.0712855,36.027771],[139.0712867,36.0277757],[139.0712889,36.027785],[139.0712918,36.0277948],[139.0712952,36.0278044],[139.0712995,36.0278139],[139.0713043,36.0278231],[139.0713097,36.0278322],[139.0713107,36.0278338],[139.0713168,36.0278426],[139.0713236,36.0278511],[139.0713309,36.0278591],[139.0713386,36.0278669],[139.0713469,36.0278744],[139.0713557,36.0278815],[139.0713661,36.0278889],[139.0714141,36.0279335],[139.071467,36.0279785],[139.0714914,36.0279606],[139.0716729,36.0281233]]]},"properties":{"layer":"road","class_code":"1040","class_label":"道路"}},{"type":"Feature","id":"tran_b5110ea7-3474-420c-b6ba-45c523c45d89","geometry":{"type":"Polygon","coordinates":[[[139.0711723,36.0272612],[139.071174,36.02726],[139.0711995,36.0272408],[139.071225,36.0272193],[139.0712313,36.0272149],[139.0712392,36.02721],[139.0712473,36.0272052],[139.0712558,36.027201],[139.0712646,36.0271971],[139.0712736,36.0271935],[139.0712828,36.0271904],[139.0712922,36.0271877],[139.0713019,36.0271854],[139.0713113,36.0271837],[139.0713152,36.027183],[139.0713248,36.0271818],[139.0713347,36.0271809],[139.0713447,36.0271805],[139.0713547,36.0271806],[139.0713647,36.0271811],[139.0713747,36.0271821],[139.0713845,36.0271835],[139.0713943,36.0271853],[139.0714038,36.0271875],[139.0714116,36.0271897],[139.0714891,36.0272061],[139.0714821,36.0272279],[139.0714035,36.0272113],[139.0713954,36.027209],[139.0713873,36.0272071],[139.071379,36.0272055],[139.0713707,36.0272044],[139.0713623,36.0272035],[139.0713537,36.0272031],[139.0713453,36.0272031],[139.0713369,36.0272034],[139.0713284,36.0272041],[139.07132,36.0272052],[139.0713171,36.0272057],[139.0713089,36.0272073],[139.0713007,36.0272092],[139.0712927,36.0272115],[139.0712849,36.0272141],[139.0712773,36.0272171],[139.0712698,36.0272204],[139.0712627,36.0272241],[139.0712556,36.027228],[139.071249,36.0272323],[139.0712441,36.0272358],[139.071219,36.027257],[139.0711924,36.027277],[139.0711901,36.0272785],[139.0711723,36.0272612]]]},"properties":{"layer":"road","class_code":"1040","class_label":"道路"}},{"type":"Feature","id":"tran_591a71c3-375b-4829-be53-04ca5e46cdfa","geometry":{"type":"Polygon","coordinates":[[[139.0711725,36.0273314],[139.0711944,36.0273176],[139.0713055,36.0274331],[139.0712836,36.0274469],[139.0711725,36.0273314]]]},"properties":{"layer":"road","class_code":"1040","class_label":"道路"}},{"type":"Feature","id":"tran_596e135a-b6e5-41cb-8ae3-71ac630851d3","geometry":{"type":"Polygon","coordinates":[[[139.0713849,36.0265704],[139.0712511,36.0266049],[139.0712425,36.0265811],[139.0712352,36.0265649],[139.0713646,36.0265232],[139.0713845,36.0265157],[139.0714176,36.026532],[139.071415,36.0265355],[139.0713849,36.0265704]]]},"properties":{"layer":"road","class_code":"1040","class_label":"道路"}},{"type":"Feature","id":"tran_8dd7c072-8c7b-4ceb-bd46-d59a9dced889","geometry":{"type":"Polygon","coordinates":[[[139.0716273,36.0271731],[139.0715064,36.027198],[139.0714899,36.0271706],[139.0714737,36.0271427],[139.0714581,36.0271146],[139.071443,36.0270864],[139.0714285,36.027058],[139.0714144,36.0270294],[139.0714009,36.0270006],[139.071388,36.0269716],[139.0713757,36.0269428],[139.0713649,36.0269175],[139.0713545,36.0268919],[139.0713444,36.0268663],[139.0713347,36.0268405],[139.0713254,36.0268147],[139.0713165,36.0267888],[139.0712511,36.0266049],[139.0713849,36.0265704],[139.0713888,36.0265803],[139.0713973,36.0266049],[139.0714048,36.0266298],[139.0714113,36.0266549],[139.071423,36.0267038],[139.0714363,36.0267525],[139.0714512,36.0268009],[139.0714677,36.0268489],[139.0714857,36.0268965],[139.0715054,36.0269438],[139.0715153,36.026966],[139.0715282,36.0269934],[139.0715415,36.0270206],[139.0715554,36.0270476],[139.0715697,36.0270745],[139.0715846,36.0271012],[139.0715999,36.0271277],[139.0716273,36.0271731]]]},"properties":{"layer":"road","class_code":"1040","class_label":"道路"}},{"type":"Feature","id":"tran_2e43cffe-e457-465d-98a3-dfb7c4386e4a","geometry":{"type":"Polygon","coordinates":[[[139.0715065,36.0263415],[139.071537,36.026362],[139.0714886,36.0264369],[139.0714176,36.026532],[139.0713845,36.0265157],[139.0714548,36.0264214],[139.0715065,36.0263415]]]},"properties":{"layer":"road","class_code":"1040","class_label":"道路"}},{"type":"Feature","id":"tran_b987cb56-a057-4d52-97b8-c3e0b305ceff","geometry":{"type":"Polygon","coordinates":[[[139.0713687,36.0288961],[139.0716988,36.0286857],[139.0717133,36.0286759],[139.071731,36.0286933],[139.0717162,36.0287032],[139.0714174,36.0288937],[139.071408,36.0289196],[139.0714952,36.0291251],[139.071469,36.0291325],[139.0713687,36.0288961]]]},"properties":{"layer":"road","class_code":"1040","class_label":"道路"}},{"type":"Feature","id":"tran_6d952a8b-4f8d-4785-af0a-9eee9521f7eb","geometry":{"type":"Polygon","coordinates":[[[139.0716558,36.0282149],[139.0716938,36.0282025],[139.071701,36.0282172],[139.0716414,36.0282366],[139.0713978,36.0283156],[139.0713906,36.0283011],[139.0716558,36.0282149]]]},"properties":{"layer":"road","class_code":"1040","class_label":"道路"}},{"type":"Feature","id":"tran_e6740244-da2f-4fe7-90f6-6a81fdb512ce","geometry":{"type":"Polygon","coordinates":[[[139.0714891,36.0272061],[139.0715064,36.027198],[139.0716273,36.0271731],[139.0716602,36.0272346],[139.0715379,36.0272404],[139.0715011,36.0272319],[139.0714821,36.0272279],[139.0714891,36.0272061]]]},"properties":{"layer":"road","class_code":"1040","class_label":"道路"}},{"type":"Feature","id":"tran_6bc63b40-b09c-4a1e-af30-c5810bfa76bb","geometry":{"type":"Polygon","coordinates":[[[139.071469,36.0291325],[139.0714952,36.0291251],[139.0715027,36.0291427],[139.0714765,36.0291501],[139.071469,36.0291325]]]},"properties":{"layer":"road","class_code":"1040","class_label":"道路"}},{"type":"Feature","id":"tran_701abc45-0370-4180-b5f4-800eee7bcc04","geometry":{"type":"Polygon","coordinates":[[[139.0714765,36.0291501],[139.0715027,36.0291427],[139.071515,36.0291717],[139.071638,36.0294327],[139.0716993,36.0296145],[139.0716677,36.0296241],[139.0716116,36.0294398],[139.0714889,36.0291794],[139.0714765,36.0291501]]]},"properties":{"layer":"road","class_code":"1040","class_label":"道路"}},{"type":"Feature","id":"tran_53c652fd-201f-4a13-a7db-4904611cf674","geometry":{"type":"Polygon","coordinates":[[[139.0715565,36.0262639],[139.071587,36.0262846],[139.071537,36.026362],[139.0715065,36.0263415],[139.0715565,36.0262639]]]},"properties":{"layer":"road","class_code":"1040","class_label":"道路"}},{"type":"Feature","id":"tran_5e0547b1-69da-4a60-a259-64b9d2afe6ea","geometry":{"type":"Polygon","coordinates":[[[139.0718455,36.0289418],[139.0718342,36.0289095],[139.0718275,36.0288908],[139.0718213,36.0288743],[139.0718156,36.0288596],[139.0718103,36.0288466],[139.0718054,36.0288348],[139.0718007,36.0288241],[139.0717962,36.0288141],[139.0717918,36.0288046],[139.0717874,36.0287954],[139.071783,36.0287862],[139.0717785,36.028777],[139.0717738,36.0287676],[139.0717687,36.0287578],[139.0717632,36.0287476],[139.0717572,36.0287369],[139.0717506,36.0287254],[139.0717432,36.0287131],[139.071731,36.0286933],[139.0717485,36.0286815],[139.0717631,36.0287051],[139.0717706,36.0287176],[139.0717773,36.0287293],[139.0717835,36.0287403],[139.0717891,36.0287507],[139.0717943,36.0287606],[139.0717991,36.0287702],[139.0718037,36.0287796],[139.0718081,36.0287889],[139.0718125,36.0287982],[139.071817,36.0288078],[139.0718216,36.0288179],[139.0718263,36.0288289],[139.0718314,36.0288408],[139.0718367,36.0288541],[139.0718425,36.028869],[139.0718487,36.0288857],[139.0718555,36.0289045],[139.0718716,36.0289503],[139.0718337,36.0289684],[139.0718199,36.0289751],[139.0718054,36.0289824],[139.0717901,36.0289901],[139.0717743,36.0289982],[139.0717579,36.0290067],[139.0717409,36.0290155],[139.0717235,36.0290246],[139.0717057,36.029034],[139.0716877,36.0290436],[139.0716693,36.0290534],[139.0716507,36.0290633],[139.071632,36.0290734],[139.0716132,36.0290835],[139.0715943,36.0290936],[139.0715755,36.0291037],[139.0715568,36.0291137],[139.0715383,36.0291237],[139.0715027,36.0291427],[139.0714952,36.0291251],[139.071526,36.0291086],[139.0715446,36.0290987],[139.0715633,36.0290886],[139.0715821,36.0290785],[139.0716009,36.0290684],[139.0716198,36.0290583],[139.0716385,36.0290483],[139.0716571,36.0290383],[139.0716755,36.0290285],[139.0716936,36.0290189],[139.0717115,36.0290095],[139.0717289,36.0290003],[139.0717459,36.0289915],[139.0717624,36.028983],[139.0717784,36.0289748],[139.0717937,36.028967],[139.0718084,36.0289597],[139.0718224,36.0289529],[139.0718455,36.0289418]]]},"properties":{"layer":"road","class_code":"1040","class_label":"道路"}},{"type":"Feature","id":"tran_4210f423-7c86-4b99-af46-c7af31af1244","geometry":{"type":"Polygon","coordinates":[[[139.0715379,36.0272404],[139.0716602,36.0272346],[139.0717182,36.0273217],[139.0718053,36.0274496],[139.0718266,36.0274839],[139.0717223,36.0275161],[139.0717071,36.0274918],[139.0716208,36.0273649],[139.0715379,36.0272404]]]},"properties":{"layer":"road","class_code":"1040","class_label":"道路"}},{"type":"Feature","id":"tran_857f30b3-679a-456a-bb81-7517790b8cb8","geometry":{"type":"Polygon","coordinates":[[[139.0717567,36.0259281],[139.0717978,36.0259418],[139.0717697,36.025997],[139.0717264,36.0260741],[139.0716927,36.0261303],[139.0715958,36.0262807],[139.071587,36.0262846],[139.0715565,36.0262639],[139.071653,36.026114],[139.0716863,36.0260587],[139.071729,36.0259827],[139.0717567,36.0259281]]]},"properties":{"layer":"road","class_code":"1040","class_label":"道路"}},{"type":"Feature","id":"tran_6609c4d2-a01c-4b49-be2e-5191f453a9f1","geometry":{"type":"Polygon","coordinates":[[[139.0716273,36.0271731],[139.071651,36.0271625],[139.071702,36.0271167],[139.0717864,36.0270259],[139.071812,36.0270049],[139.071813,36.0270041],[139.0718204,36.0270096],[139.0718261,36.0270039],[139.0718699,36.0269449],[139.0720207,36.0268366],[139.0720099,36.0268041],[139.0719751,36.0267562],[139.0719246,36.0266878],[139.0719346,36.0266766],[139.0719485,36.0266849],[139.0719449,36.0266889],[139.0719894,36.0267493],[139.0720254,36.0267988],[139.0720395,36.0268412],[139.0718828,36.0269537],[139.0718398,36.0270116],[139.0718326,36.0270188],[139.0718587,36.0270386],[139.0718438,36.0270537],[139.0717532,36.0271512],[139.0716602,36.0272346],[139.0716273,36.0271731]]]},"properties":{"layer":"road","class_code":"1040","class_label":"道路"}},{"type":"Feature","id":"tran_388dc913-d9d4-4268-a0f0-247709485032","geometry":{"type":"Polygon","coordinates":[[[139.0717629,36.0282556],[139.0717428,36.0282633],[139.0717137,36.0282131],[139.071701,36.0282172],[139.0716938,36.0282025],[139.0716359,36.0281505],[139.0716729,36.0281233],[139.071692,36.0281325],[139.0717009,36.0281365],[139.0717101,36.0281401],[139.0717195,36.0281433],[139.0717291,36.028146],[139.0717389,36.0281483],[139.0717406,36.0281487],[139.0717506,36.0281506],[139.0717607,36.0281519],[139.0717708,36.0281529],[139.071781,36.0281533],[139.0717912,36.0281534],[139.0718013,36.0281529],[139.0718115,36.028152],[139.0718215,36.0281507],[139.071836,36.0281842],[139.0717629,36.0282556]]]},"properties":{"layer":"road","class_code":"1040","class_label":"道路"}},{"type":"Feature","id":"tran_15eed822-a434-4e5a-af1b-20ba2a091395","geometry":{"type":"Polygon","coordinates":[[[139.0717328,36.0301046],[139.0717634,36.0301532],[139.0718126,36.0302294],[139.0718625,36.0303053],[139.0719132,36.0303809],[139.0719422,36.0304232],[139.0718683,36.0304543],[139.0718403,36.0304135],[139.0717893,36.0303374],[139.071739,36.030261],[139.0716895,36.0301843],[139.0716592,36.0301363],[139.0717328,36.0301046]]]},"properties":{"layer":"road","class_code":"1040","class_label":"道路"}},{"type":"Feature","id":"tran_4de870f7-2181-4a6e-a71a-cffdce1207f4","geometry":{"type":"Polygon","coordinates":[[[139.0716677,36.0296241],[139.0716993,36.0296145],[139.0717014,36.0296372],[139.0716749,36.0296412],[139.0716677,36.0296241]]]},"properties":{"layer":"road","class_code":"1040","class_label":"道路"}},{"type":"Feature","id":"tran_101ae658-c990-4d92-94e3-947613a7ada8","geometry":{"type":"Polygon","coordinates":[[[139.0716993,36.0296145],[139.0717494,36.0296116],[139.071781,36.0296036],[139.0718111,36.029593],[139.0718395,36.0295799],[139.0718661,36.0295643],[139.0718908,36.0295463],[139.0721356,36.0293582],[139.0721489,36.0293492],[139.0721648,36.0293435],[139.0721819,36.0293416],[139.0721991,36.0293436],[139.0722149,36.0293494],[139.0722281,36.0293585],[139.0722614,36.0293852],[139.0724447,36.0295327],[139.0725674,36.0296434],[139.0725556,36.029653],[139.0724326,36.029542],[139.0722497,36.0293948],[139.0722168,36.0293685],[139.0722067,36.029363],[139.0721952,36.0293598],[139.0721831,36.029359],[139.0721712,36.0293608],[139.0721602,36.0293649],[139.0721508,36.0293713],[139.0719059,36.0295595],[139.0718801,36.0295784],[139.0718516,36.0295951],[139.071821,36.0296092],[139.0717887,36.0296205],[139.0717553,36.0296289],[139.0717014,36.0296372],[139.0716993,36.0296145]]]},"properties":{"layer":"road","class_code":"1040","class_label":"道路"}},{"type":"Feature","id":"tran_67a512df-008b-4afe-8bec-4422a01baf71","geometry":{"type":"Polygon","coordinates":[[[139.0718266,36.0274839],[139.0718391,36.0275041],[139.0717349,36.0275364],[139.0717223,36.0275161],[139.0718266,36.0274839]]]},"properties":{"layer":"road","class_code":"1040","class_label":"道路"}},{"type":"Feature","id":"tran_1e9c324b-b0c4-40ea-a6cf-4d42b8551e3c","geometry":{"type":"Polygon","coordinates":[[[139.071755,36.0258459],[139.0717681,36.0258478],[139.0717813,36.0258467],[139.0717937,36.0258428],[139.0718043,36.0258363],[139.0718123,36.0258277],[139.0718524,36.0258432],[139.0718191,36.0258999],[139.0717978,36.0259418],[139.0717567,36.0259281],[139.0717588,36.0259159],[139.0717578,36.0259037],[139.0717537,36.0258918],[139.0717467,36.0258809],[139.0717387,36.0258731],[139.071755,36.0258459]]]},"properties":{"layer":"road","class_code":"1040","class_label":"道路"}},{"type":"Feature","id":"tran_cda9db96-c6db-428e-b9cf-d7540a571fb9","geometry":{"type":"Polygon","coordinates":[[[139.0717133,36.0286759],[139.0717308,36.0286641],[139.0717485,36.0286815],[139.071731,36.0286933],[139.0717133,36.0286759]]]},"properties":{"layer":"road","class_code":"1040","class_label":"道路"}},{"type":"Feature","id":"tran_8035c0ef-751b-4b47-84bc-6f529345df11","geometry":{"type":"Polygon","coordinates":[[[139.0717349,36.0275364],[139.0718391,36.0275041],[139.0718932,36.027591],[139.0719942,36.0277528],[139.0720286,36.0278126],[139.0721604,36.0280237],[139.0721623,36.0280268],[139.0720638,36.0280684],[139.0719297,36.0278534],[139.0718952,36.0277935],[139.0717942,36.0276317],[139.0717349,36.0275364]]]},"properties":{"layer":"road","class_code":"1040","class_label":"道路"}},{"type":"Feature","id":"tran_8feae53c-9782-4dd2-bea2-128bd2de8cc8","geometry":{"type":"Polygon","coordinates":[[[139.0717629,36.0282556],[139.0717816,36.0282877],[139.0717968,36.0283138],[139.0718091,36.0283349],[139.0718188,36.0283518],[139.0718266,36.0283654],[139.0718328,36.0283765],[139.0718379,36.0283859],[139.0718424,36.0283946],[139.0718467,36.0284032],[139.0718512,36.0284126],[139.071856,36.0284231],[139.0718614,36.0284352],[139.0718677,36.0284496],[139.0718749,36.0284665],[139.0718834,36.0284866],[139.0718933,36.0285104],[139.0719049,36.0285383],[139.0719361,36.0286136],[139.0718076,36.0286417],[139.0717485,36.0286815],[139.0717308,36.0286641],[139.0717946,36.0286213],[139.0718758,36.0286035],[139.0718977,36.0285774],[139.0718839,36.0285441],[139.0718723,36.0285162],[139.0718624,36.0284925],[139.0718539,36.0284724],[139.0718467,36.0284555],[139.0718405,36.0284413],[139.0718352,36.0284293],[139.0718304,36.028419],[139.0718261,36.0284099],[139.0718219,36.0284014],[139.0718176,36.0283931],[139.0718126,36.0283838],[139.0718064,36.0283729],[139.0717987,36.0283595],[139.071789,36.0283426],[139.0717767,36.0283215],[139.0717615,36.0282954],[139.0717428,36.0282633],[139.0717629,36.0282556]]]},"properties":{"layer":"road","class_code":"1040","class_label":"道路"}},{"type":"Feature","id":"tran_487875d1-61cf-4a35-8919-66b6060a4c4a","geometry":{"type":"Polygon","coordinates":[[[139.0718435,36.0257736],[139.0719037,36.0256688],[139.0719465,36.0256133],[139.0720486,36.0255286],[139.0720803,36.0255539],[139.0719816,36.0256358],[139.0719412,36.0256879],[139.0718878,36.0257815],[139.0718608,36.0258288],[139.0718524,36.0258432],[139.0718123,36.0258277],[139.0718207,36.0258135],[139.0718435,36.0257736]]]},"properties":{"layer":"road","class_code":"1040","class_label":"道路"}},{"type":"Feature","id":"tran_3d065978-a4f1-4d0e-b37f-24ae05748837","geometry":{"type":"Polygon","coordinates":[[[139.0718215,36.0281507],[139.0718315,36.0281489],[139.0718413,36.0281467],[139.0718504,36.0281442],[139.0719563,36.0281055],[139.0720638,36.0280684],[139.0720823,36.0280972],[139.0719722,36.0281352],[139.071865,36.0281744],[139.071853,36.0281776],[139.0718491,36.0281785],[139.071836,36.0281842],[139.0718215,36.0281507]]]},"properties":{"layer":"road","class_code":"1040","class_label":"道路"}},{"type":"Feature","id":"tran_3c27c151-fd99-4b45-bdba-c1b0503b5be1","geometry":{"type":"Polygon","coordinates":[[[139.0728674,36.0318124],[139.072793,36.0318427],[139.0727661,36.031797],[139.0727502,36.0317707],[139.0726082,36.031536],[139.0725708,36.0314755],[139.0725329,36.0314151],[139.0724945,36.0313549],[139.0724557,36.0312949],[139.0724164,36.0312351],[139.0723767,36.0311754],[139.0723366,36.031116],[139.072296,36.0310568],[139.072255,36.0309979],[139.0722201,36.0309492],[139.0721362,36.0308724],[139.0720529,36.0307562],[139.0720157,36.030664],[139.0719982,36.0306395],[139.0719448,36.0305646],[139.0718922,36.0304892],[139.0718683,36.0304543],[139.0719422,36.0304232],[139.0719647,36.0304561],[139.072017,36.030531],[139.0720702,36.0306056],[139.0720876,36.03063],[139.072168,36.0307018],[139.0722513,36.030818],[139.072292,36.0309152],[139.0723272,36.0309642],[139.0723686,36.0310237],[139.0724094,36.0310833],[139.0724498,36.0311431],[139.0724898,36.0312031],[139.0725293,36.0312633],[139.0725683,36.0313236],[139.0726069,36.0313842],[139.072645,36.031445],[139.0726827,36.0315059],[139.0728249,36.0317409],[139.0728412,36.0317679],[139.0728674,36.0318124]]]},"properties":{"layer":"road","class_code":"1040","class_label":"道路"}},{"type":"Feature","id":"tran_c06da769-bcfe-4fc4-8f4b-7a31250a656b","geometry":{"type":"Polygon","coordinates":[[[139.0720038,36.0265995],[139.0720174,36.0266076],[139.0719485,36.0266849],[139.0719346,36.0266766],[139.0720038,36.0265995]]]},"properties":{"layer":"road","class_code":"1040","class_label":"道路"}},{"type":"Feature","id":"tran_7063c667-bd44-498b-9127-860ad460b67e","geometry":{"type":"Polygon","coordinates":[[[139.0723033,36.0263],[139.0723161,36.0263086],[139.0720601,36.0265598],[139.0720174,36.0266076],[139.0720038,36.0265995],[139.0720463,36.0265521],[139.0723033,36.0263]]]},"properties":{"layer":"road","class_code":"1040","class_label":"道路"}},{"type":"Feature","id":"tran_e64daf0a-4b1e-48f0-a812-b62f64c5fc3d","geometry":{"type":"Polygon","coordinates":[[[139.0720101,36.0285796],[139.0721555,36.0285281],[139.0723197,36.0284699],[139.0723349,36.028494],[139.0721552,36.0285577],[139.0720235,36.0286044],[139.0720101,36.0285796]]]},"properties":{"layer":"road","class_code":"1040","class_label":"道路"}},{"type":"Feature","id":"tran_a75271ff-db19-44a4-a3ae-62c3430bb97b","geometry":{"type":"Polygon","coordinates":[[[139.0720638,36.0280684],[139.0721623,36.0280268],[139.0721688,36.028037],[139.0721808,36.0280557],[139.0720823,36.0280972],[139.0720638,36.0280684]]]},"properties":{"layer":"road","class_code":"1040","class_label":"道路"}},{"type":"Feature","id":"tran_45d5a2f9-a35a-42a7-9537-2e9f95b407b7","geometry":{"type":"Polygon","coordinates":[[[139.0721808,36.0280557],[139.0722622,36.0281822],[139.072164,36.028224],[139.0721585,36.0282155],[139.0720823,36.0280972],[139.0721808,36.0280557]]]},"properties":{"layer":"road","class_code":"1040","class_label":"道路"}},{"type":"Feature","id":"tran_1a8a08b9-ae4a-4a9e-b717-014d6cbf3931","geometry":{"type":"Polygon","coordinates":[[[139.072164,36.028224],[139.0722622,36.0281822],[139.0722751,36.0281877],[139.0722907,36.0282263],[139.0721838,36.0282548],[139.072164,36.028224]]]},"properties":{"layer":"road","class_code":"1040","class_label":"道路"}},{"type":"Feature","id":"tran_cf94f741-05e9-4e2b-a807-31268fcc0d38","geometry":{"type":"Polygon","coordinates":[[[139.0722907,36.0282263],[139.0723043,36.0282474],[139.0724185,36.0284288],[139.0723197,36.0284699],[139.0722057,36.0282888],[139.0721838,36.0282548],[139.0722907,36.0282263]]]},"properties":{"layer":"road","class_code":"1040","class_label":"道路"}},{"type":"Feature","id":"tran_d7b73978-deac-49b5-9d8c-90deda6b3a7b","geometry":{"type":"Polygon","coordinates":[[[139.0722108,36.0290646],[139.0722642,36.0290214],[139.0723285,36.0289702],[139.0723307,36.0289682],[139.0723472,36.0289803],[139.0723443,36.0289828],[139.0722798,36.0290342],[139.0722265,36.0290774],[139.0722108,36.0290646]]]},"properties":{"layer":"road","class_code":"1040","class_label":"道路"}},{"type":"Feature","id":"tran_9fa4af7f-4eca-4ced-8d8f-995c445681a1","geometry":{"type":"Polygon","coordinates":[[[139.0722751,36.0281877],[139.0724601,36.0281333],[139.0725772,36.0280939],[139.0725738,36.0281577],[139.0724772,36.0281783],[139.0723951,36.028199],[139.0723485,36.0282109],[139.0722907,36.0282263],[139.0722751,36.0281877]]]},"properties":{"layer":"road","class_code":"1040","class_label":"道路"}},{"type":"Feature","id":"tran_1e7ce2cc-ff96-4695-9249-0a0d2b5480de","geometry":{"type":"Polygon","coordinates":[[[139.0723197,36.0284699],[139.0724185,36.0284288],[139.0724336,36.0284529],[139.0723349,36.028494],[139.0723197,36.0284699]]]},"properties":{"layer":"road","class_code":"1040","class_label":"道路"}},{"type":"Feature","id":"tran_f2fc4df7-4888-41ee-9dd1-0adaff2bad84","geometry":{"type":"Polygon","coordinates":[[[139.0723472,36.0289803],[139.0723591,36.0289697],[139.0724167,36.0290587],[139.0724563,36.0291359],[139.0723778,36.0291838],[139.0723433,36.0292146],[139.0723358,36.0292357],[139.0723358,36.0292513],[139.0723394,36.0292626],[139.072348,36.0292761],[139.0723333,36.0292823],[139.0723237,36.0292676],[139.0723192,36.0292529],[139.0723191,36.0292338],[139.0723284,36.0292079],[139.0723666,36.0291738],[139.072436,36.0291314],[139.0724016,36.0290645],[139.0723472,36.0289803]]]},"properties":{"layer":"road","class_code":"1040","class_label":"道路"}},{"type":"Feature","id":"tran_6d7a58e5-bc3b-4b44-af0c-ac053f13ebf8","geometry":{"type":"Polygon","coordinates":[[[139.0723589,36.0270991],[139.0724342,36.0271261],[139.0724819,36.0271658],[139.0725303,36.0272238],[139.0725619,36.0272653],[139.0725841,36.0272972],[139.0726017,36.0273244],[139.0726163,36.0273494],[139.0726291,36.0273744],[139.0726404,36.0273995],[139.0726502,36.027424],[139.0726584,36.0274475],[139.0726651,36.027471],[139.0726706,36.0274958],[139.072675,36.027522],[139.0726781,36.0275487],[139.0726799,36.0275751],[139.0726805,36.027601],[139.0726803,36.0276268],[139.0726792,36.0276529],[139.0726768,36.0276806],[139.0726726,36.027711],[139.0726663,36.0277441],[139.0726584,36.0277792],[139.072649,36.0278156],[139.0726393,36.0278532],[139.07263,36.0278918],[139.0726221,36.027931],[139.0726192,36.0279602],[139.0726172,36.0279894],[139.0726161,36.0280186],[139.0726158,36.0280478],[139.0726164,36.028077],[139.0726173,36.0280953],[139.0725772,36.0280939],[139.0725799,36.0280444],[139.0725833,36.0280045],[139.0725882,36.027967],[139.0725947,36.0279277],[139.0726027,36.0278878],[139.0726121,36.0278487],[139.0726219,36.027811],[139.0726312,36.0277749],[139.072639,36.0277403],[139.0726451,36.027708],[139.0726492,36.0276786],[139.0726515,36.0276517],[139.0726526,36.0276263],[139.0726528,36.0276012],[139.0726521,36.027576],[139.0726504,36.0275504],[139.0726474,36.0275246],[139.0726432,36.0274993],[139.0726379,36.0274756],[139.0726315,36.0274531],[139.0726237,36.0274306],[139.0726142,36.0274069],[139.0726032,36.0273826],[139.0725909,36.0273585],[139.0725769,36.0273344],[139.0725598,36.027308],[139.0725381,36.0272768],[139.0725071,36.027236],[139.0724604,36.0271801],[139.0724181,36.0271449],[139.0723477,36.0271198],[139.0723589,36.0270991]]]},"properties":{"layer":"road","class_code":"1040","class_label":"道路"}},{"type":"Feature","id":"tran_0cae2cc7-41f5-43cc-8871-31e9f6c0f5b7","geometry":{"type":"Polygon","coordinates":[[[139.0723349,36.028494],[139.0724336,36.0284529],[139.0725844,36.0286925],[139.0726692,36.0288267],[139.0725704,36.0288679],[139.0724856,36.0287335],[139.0723349,36.028494]]]},"properties":{"layer":"road","class_code":"1040","class_label":"道路"}},{"type":"Feature","id":"tran_f84e6791-71fa-486c-bc1b-4f66cc5cc525","geometry":{"type":"Polygon","coordinates":[[[139.0723427,36.0289576],[139.0723591,36.0289697],[139.0723472,36.0289803],[139.0723307,36.0289682],[139.0723427,36.0289576]]]},"properties":{"layer":"road","class_code":"1040","class_label":"道路"}},{"type":"Feature","id":"tran_17aeb410-cb53-4e36-a515-25292b32c451","geometry":{"type":"Polygon","coordinates":[[[139.0723427,36.0289576],[139.0723543,36.0289474],[139.0723823,36.0289283],[139.072454,36.0289082],[139.0725643,36.0288737],[139.072567,36.0288922],[139.0724616,36.0289251],[139.0723934,36.0289443],[139.0723697,36.0289604],[139.0723591,36.0289697],[139.0723427,36.0289576]]]},"properties":{"layer":"road","class_code":"1040","class_label":"道路"}},{"type":"Feature","id":"tran_3c398595-e6ce-4999-98a7-7aa1e38a44a4","geometry":{"type":"Polygon","coordinates":[[[139.0725311,36.0296705],[139.0725751,36.0297111],[139.0724509,36.0297998],[139.0723844,36.029822],[139.0723633,36.0297803],[139.0723897,36.0297715],[139.0725311,36.0296705]]]},"properties":{"layer":"road","class_code":"1040","class_label":"道路"}},{"type":"Feature","id":"tran_a54df29c-c285-4e71-a3f6-21cc7d8098f1","geometry":{"type":"Polygon","coordinates":[[[139.0725556,36.029653],[139.0725674,36.0296434],[139.0726249,36.0296575],[139.0726066,36.0297067],[139.0725952,36.0297065],[139.0725751,36.0297111],[139.0725311,36.0296705],[139.0725556,36.029653]]]},"properties":{"layer":"road","class_code":"1040","class_label":"道路"}},{"type":"Feature","id":"tran_bbba4c9c-3459-4df1-a690-59b51fd7f2bf","geometry":{"type":"Polygon","coordinates":[[[139.0725704,36.0288679],[139.0726692,36.0288267],[139.0726859,36.0288533],[139.0725872,36.0288944],[139.072567,36.0288922],[139.0725643,36.0288737],[139.0725704,36.0288679]]]},"properties":{"layer":"road","class_code":"1040","class_label":"道路"}},{"type":"Feature","id":"tran_c1d53015-78a4-403e-b7e5-08007fe218ac","geometry":{"type":"Polygon","coordinates":[[[139.0725772,36.0280939],[139.0726173,36.0280953],[139.0726179,36.0281063],[139.0726305,36.0281455],[139.0725738,36.0281577],[139.0725772,36.0280939]]]},"properties":{"layer":"road","class_code":"1040","class_label":"道路"}},{"type":"Feature","id":"tran_ffed0d24-1a39-47a3-99dd-b30c37870fba","geometry":{"type":"Polygon","coordinates":[[[139.0726859,36.0288533],[139.0726878,36.0288563],[139.0727615,36.0289742],[139.0728044,36.0290506],[139.0728483,36.0291497],[139.0728843,36.0292426],[139.0728913,36.0292622],[139.0729457,36.0293948],[139.0730029,36.0295081],[139.0730096,36.0295194],[139.0730291,36.0295489],[139.0730511,36.0295771],[139.0729011,36.02965],[139.0728243,36.0294151],[139.0727654,36.0292359],[139.0727432,36.0291786],[139.0727015,36.0290847],[139.0726615,36.0290133],[139.0725889,36.0288972],[139.0725872,36.0288944],[139.0726859,36.0288533]]]},"properties":{"layer":"road","class_code":"1040","class_label":"道路"}},{"type":"Feature","id":"tran_84da690b-540f-437a-b99d-594eb6432a45","geometry":{"type":"Polygon","coordinates":[[[139.0727973,36.0280684],[139.0728098,36.0281076],[139.0726305,36.0281455],[139.0726179,36.0281063],[139.0727973,36.0280684]]]},"properties":{"layer":"road","class_code":"1040","class_label":"道路"}},{"type":"Feature","id":"tran_5eb39944-7192-4d67-99a3-588496c3d773","geometry":{"type":"Polygon","coordinates":[[[139.0726249,36.0296575],[139.0728779,36.0296617],[139.0728767,36.0297113],[139.0726066,36.0297067],[139.0726249,36.0296575]]]},"properties":{"layer":"road","class_code":"1040","class_label":"道路"}},{"type":"Feature","id":"tran_991430bf-626a-442f-9a82-7b65ef617e9f","geometry":{"type":"Polygon","coordinates":[[[139.0727987,36.0279066],[139.0728013,36.0278907],[139.0728049,36.0278723],[139.0728095,36.0278512],[139.0728153,36.027828],[139.0728214,36.0278042],[139.0728271,36.0277817],[139.0728317,36.0277617],[139.0728353,36.0277441],[139.0728382,36.0277281],[139.0728406,36.0277129],[139.0728427,36.0276982],[139.0728445,36.0276837],[139.0728461,36.0276692],[139.0728475,36.0276544],[139.0728487,36.0276386],[139.0728496,36.0276211],[139.0728502,36.027601],[139.0728503,36.0275768],[139.0728498,36.0275469],[139.0728775,36.0275466],[139.072878,36.0275767],[139.0728779,36.0276013],[139.0728773,36.0276219],[139.0728764,36.0276398],[139.0728752,36.027656],[139.0728737,36.0276711],[139.0728721,36.0276858],[139.0728703,36.0277006],[139.0728682,36.0277156],[139.0728657,36.0277311],[139.0728627,36.0277476],[139.072859,36.0277656],[139.0728543,36.027786],[139.0728485,36.0278088],[139.0728425,36.0278325],[139.0728368,36.0278554],[139.0728322,36.027876],[139.0728288,36.027894],[139.0728262,36.0279093],[139.0728245,36.027922],[139.0728234,36.0279326],[139.0728228,36.0279418],[139.0728226,36.0279504],[139.0728227,36.0279592],[139.0728235,36.0279693],[139.072825,36.0279817],[139.0728276,36.0279981],[139.0728321,36.028021],[139.0728391,36.0280534],[139.0728008,36.0280543],[139.0727953,36.0280216],[139.0727932,36.0280024],[139.0727921,36.0279832],[139.0727922,36.027964],[139.0727933,36.0279448],[139.0727955,36.0279256],[139.0727987,36.0279066]]]},"properties":{"layer":"road","class_code":"1040","class_label":"道路"}},{"type":"Feature","id":"tran_9278529f-71ce-4336-a2fd-6fc930443c62","geometry":{"type":"Polygon","coordinates":[[[139.0727973,36.0280684],[139.0728008,36.0280543],[139.0728391,36.0280534],[139.0728555,36.0280597],[139.0728622,36.0280961],[139.0728568,36.0281103],[139.0728179,36.0281225],[139.0728098,36.0281076],[139.0727973,36.0280684]]]},"properties":{"layer":"road","class_code":"1040","class_label":"道路"}},{"type":"Feature","id":"tran_f83ca01e-9015-4e75-8bfc-3d487f47897f","geometry":{"type":"Polygon","coordinates":[[[139.0728568,36.0281103],[139.0728805,36.0281601],[139.0729014,36.028204],[139.0729196,36.0282422],[139.0729355,36.0282753],[139.0729491,36.0283037],[139.0729606,36.0283277],[139.0729704,36.028348],[139.0729785,36.0283648],[139.0729852,36.0283786],[139.0729907,36.0283899],[139.0729952,36.028399],[139.0729989,36.0284065],[139.073002,36.0284128],[139.0730047,36.0284183],[139.0730072,36.0284234],[139.0730097,36.0284284],[139.0730121,36.0284335],[139.0730144,36.0284386],[139.0730168,36.0284438],[139.0730191,36.0284493],[139.0730215,36.0284551],[139.0730238,36.0284612],[139.0730263,36.0284677],[139.0730288,36.0284748],[139.0730313,36.0284824],[139.073034,36.0284907],[139.0730368,36.0284997],[139.0730398,36.0285095],[139.0730429,36.0285202],[139.0730105,36.0285264],[139.0730074,36.0285158],[139.0730045,36.0285062],[139.0730018,36.0284974],[139.0729992,36.0284894],[139.0729967,36.0284821],[139.0729944,36.0284754],[139.072992,36.0284692],[139.0729898,36.0284634],[139.0729876,36.028458],[139.0729854,36.0284529],[139.0729832,36.0284479],[139.072981,36.0284431],[139.0729787,36.0284383],[139.0729763,36.0284334],[139.0729738,36.0284283],[139.0729711,36.0284228],[139.072968,36.0284166],[139.0729643,36.028409],[139.0729598,36.0283998],[139.0729543,36.0283885],[139.0729476,36.0283747],[139.0729394,36.0283578],[139.0729296,36.0283376],[139.0729181,36.0283135],[139.0729044,36.0282851],[139.0728886,36.028252],[139.0728179,36.0281225],[139.0728568,36.0281103]]]},"properties":{"layer":"road","class_code":"1040","class_label":"道路"}},{"type":"Feature","id":"tran_6d48414c-0846-48ee-91dd-a66e02f3b4eb","geometry":{"type":"Polygon","coordinates":[[[139.0728555,36.0280597],[139.0729316,36.0280368],[139.0731391,36.0279823],[139.0733288,36.0279368],[139.0735228,36.0278904],[139.0735353,36.0279249],[139.0733413,36.0279713],[139.0731522,36.0280167],[139.0729461,36.0280708],[139.0728622,36.0280961],[139.0728555,36.0280597]]]},"properties":{"layer":"road","class_code":"1040","class_label":"道路"}},{"type":"Feature","id":"tran_ce30dfdf-1797-488b-8220-123635618cda","geometry":{"type":"Polygon","coordinates":[[[139.0728779,36.0296617],[139.0729011,36.02965],[139.0730511,36.0295771],[139.0730754,36.0296038],[139.0730769,36.0296052],[139.0729797,36.029713],[139.0728767,36.0297113],[139.0728779,36.0296617]]]},"properties":{"layer":"road","class_code":"1040","class_label":"道路"}},{"type":"Feature","id":"tran_e2260aee-2756-4567-a60e-65c56c517da6","geometry":{"type":"Polygon","coordinates":[[[139.0729792,36.0289584],[139.0729838,36.0289442],[139.0729879,36.0289325],[139.0730038,36.0288799],[139.0730102,36.0288545],[139.0730208,36.0288011],[139.0730282,36.0287272],[139.0730336,36.0286709],[139.0730346,36.0286609],[139.0730351,36.0286488],[139.0730348,36.0286369],[139.0730336,36.0286248],[139.0730317,36.0286129],[139.0730289,36.028601],[139.0730287,36.0286001],[139.0730254,36.0285894],[139.0730523,36.0285839],[139.0730557,36.028595],[139.0730562,36.0285965],[139.073059,36.0286093],[139.0730612,36.0286225],[139.0730624,36.0286357],[139.0730629,36.028649],[139.0730623,36.0286623],[139.0730612,36.0286727],[139.0730558,36.028729],[139.0730484,36.0288039],[139.0730374,36.0288586],[139.0730309,36.0288849],[139.0730147,36.0289382],[139.0730106,36.0289502],[139.0730062,36.0289637],[139.0730028,36.0289769],[139.0730003,36.0289902],[139.0729988,36.0290038],[139.0729985,36.0290088],[139.0729981,36.0290225],[139.0729988,36.0290359],[139.0730003,36.0290493],[139.0730027,36.0290627],[139.0730061,36.0290761],[139.0730068,36.0290785],[139.0730217,36.0291442],[139.0730424,36.029216],[139.0730583,36.0292669],[139.0730723,36.0293043],[139.0730463,36.029312],[139.0730316,36.029273],[139.0730154,36.0292213],[139.0729946,36.0291488],[139.0729796,36.0290832],[139.072979,36.029081],[139.0729754,36.0290666],[139.0729728,36.029052],[139.072971,36.0290373],[139.0729704,36.0290227],[139.0729708,36.029008],[139.0729711,36.0290021],[139.0729728,36.0289875],[139.0729755,36.0289729],[139.0729792,36.0289584]]]},"properties":{"layer":"road","class_code":"1040","class_label":"道路"}},{"type":"Feature","id":"tran_2386b950-1660-40be-bae2-7f838ef1afc8","geometry":{"type":"Polygon","coordinates":[[[139.0730769,36.0296052],[139.0731009,36.0296282],[139.0731144,36.0296392],[139.0730308,36.0297412],[139.0730181,36.0297343],[139.07299,36.0297191],[139.0729797,36.029713],[139.0730769,36.0296052]]]},"properties":{"layer":"road","class_code":"1040","class_label":"道路"}},{"type":"Feature","id":"tran_c8413f4a-419f-44c4-8908-a44f8e6bd992","geometry":{"type":"Polygon","coordinates":[[[139.0732712,36.0258508],[139.0732907,36.0258727],[139.0732058,36.0259229],[139.0730804,36.0259947],[139.0731043,36.0260244],[139.0732716,36.0262185],[139.0734309,36.0264021],[139.0735782,36.0265727],[139.0737078,36.026724],[139.0736759,36.026742],[139.0735463,36.0265908],[139.0733991,36.0264203],[139.0732398,36.0262367],[139.0730722,36.0260421],[139.0730305,36.0259903],[139.0731864,36.0259009],[139.0732712,36.0258508]]]},"properties":{"layer":"road","class_code":"1040","class_label":"道路"}},{"type":"Feature","id":"tran_8ca1b1e9-a05f-4cd3-832f-cbe7181ce5aa","geometry":{"type":"Polygon","coordinates":[[[139.0730429,36.0285202],[139.0730587,36.0285231],[139.0730623,36.0285609],[139.0730523,36.0285839],[139.0730254,36.0285894],[139.0730251,36.0285884],[139.0730105,36.0285264],[139.0730429,36.0285202]]]},"properties":{"layer":"road","class_code":"1040","class_label":"道路"}},{"type":"Feature","id":"tran_5ff28d40-3f07-47a8-8759-bcb74d55b887","geometry":{"type":"Polygon","coordinates":[[[139.0730308,36.0297412],[139.0730446,36.0297487],[139.0730315,36.0297668],[139.0730302,36.0297713],[139.0730304,36.0297774],[139.0730327,36.0297886],[139.073038,36.0298046],[139.0730478,36.0298254],[139.0730637,36.0298528],[139.0730853,36.029887],[139.07311,36.0299242],[139.0731324,36.0299543],[139.0731513,36.0299749],[139.0731702,36.0299915],[139.07319,36.0300057],[139.0732109,36.0300177],[139.0732335,36.0300276],[139.0732615,36.0300372],[139.0733011,36.0300499],[139.0733614,36.0300705],[139.073483,36.0301181],[139.0734686,36.0301274],[139.0733546,36.0300829],[139.0732948,36.0300624],[139.0732553,36.0300497],[139.0732263,36.0300398],[139.0732022,36.0300292],[139.0731797,36.0300163],[139.0731585,36.0300012],[139.0731385,36.0299835],[139.0731185,36.0299618],[139.0730956,36.0299309],[139.0730705,36.0298933],[139.0730487,36.0298588],[139.0730325,36.0298307],[139.0730222,36.0298087],[139.0730164,36.0297914],[139.0730138,36.0297788],[139.0730135,36.02977],[139.0730158,36.0297617],[139.0730308,36.0297412]]]},"properties":{"layer":"road","class_code":"1040","class_label":"道路"}},{"type":"Feature","id":"tran_84432d63-df70-49ba-99f6-92271586ac89","geometry":{"type":"Polygon","coordinates":[[[139.0730308,36.0297412],[139.0731144,36.0296392],[139.0731297,36.0296519],[139.0730446,36.0297487],[139.0730308,36.0297412]]]},"properties":{"layer":"road","class_code":"1040","class_label":"道路"}},{"type":"Feature","id":"tran_21e9601b-bfe8-4c71-8b17-d1df2c91d5af","geometry":{"type":"Polygon","coordinates":[[[139.0730463,36.029312],[139.0730723,36.0293043],[139.0730887,36.0293093],[139.0731037,36.0293269],[139.0730939,36.0293402],[139.0730627,36.0293493],[139.0730475,36.0293151],[139.0730463,36.029312]]]},"properties":{"layer":"road","class_code":"1040","class_label":"道路"}},{"type":"Feature","id":"tran_50d8e6a4-fe88-4b09-9c7b-e5ac59cb948f","geometry":{"type":"Polygon","coordinates":[[[139.0730446,36.0297487],[139.0731297,36.0296519],[139.0731604,36.0296739],[139.073194,36.0296947],[139.0732155,36.0297086],[139.0732595,36.029734],[139.0733055,36.0297566],[139.0733515,36.0297758],[139.0733872,36.0297918],[139.0734206,36.0298045],[139.0734373,36.0298103],[139.0734057,36.0298898],[139.0733793,36.0298828],[139.0733655,36.0298783],[139.0732346,36.0298408],[139.0731137,36.0297857],[139.0731054,36.0297815],[139.0730446,36.0297487]]]},"properties":{"layer":"road","class_code":"1040","class_label":"道路"}},{"type":"Feature","id":"tran_ef4bdca5-6685-408e-ad2e-fe9159364ee3","geometry":{"type":"Polygon","coordinates":[[[139.0730587,36.0285231],[139.073311,36.02844],[139.0735433,36.0283569],[139.0735517,36.0281944],[139.0735582,36.0279393],[139.0736028,36.0279325],[139.073596,36.0281955],[139.0735865,36.0283809],[139.0733282,36.0284731],[139.0730623,36.0285609],[139.0730587,36.0285231]]]},"properties":{"layer":"road","class_code":"1040","class_label":"道路"}},{"type":"Feature","id":"tran_23f8435d-f5d4-454a-92de-cac828a11d23","geometry":{"type":"Polygon","coordinates":[[[139.0730627,36.0293493],[139.0730939,36.0293402],[139.0731008,36.0293552],[139.0731259,36.0294033],[139.073128,36.0294071],[139.073133,36.0294188],[139.073138,36.0294285],[139.0731436,36.0294379],[139.0731497,36.0294471],[139.0731565,36.029456],[139.0731639,36.0294646],[139.0731719,36.0294728],[139.0731804,36.0294807],[139.0731894,36.0294882],[139.0731957,36.0294929],[139.0732056,36.0294998],[139.0732159,36.0295061],[139.0732264,36.0295121],[139.0732375,36.0295174],[139.0732489,36.0295223],[139.0732606,36.0295267],[139.0732725,36.0295306],[139.073285,36.0295339],[139.073286,36.0295342],[139.073301,36.0295346],[139.0733195,36.0295344],[139.0733203,36.0295344],[139.0733389,36.0295332],[139.0733569,36.0295314],[139.0733663,36.0295299],[139.0733845,36.029519],[139.0734064,36.0295533],[139.0733715,36.029568],[139.0733599,36.0295729],[139.0733479,36.0295769],[139.0733354,36.02958],[139.0733227,36.0295822],[139.0733097,36.0295835],[139.0732967,36.0295838],[139.0732799,36.029583],[139.0732634,36.0295805],[139.0732475,36.0295762],[139.0732323,36.0295703],[139.0732182,36.0295628],[139.0732055,36.029554],[139.0731886,36.0295403],[139.0731727,36.0295258],[139.073158,36.0295105],[139.0731444,36.0294945],[139.0731321,36.0294779],[139.073121,36.0294607],[139.0731139,36.0294502],[139.0731075,36.0294395],[139.073102,36.0294284],[139.0730971,36.0294172],[139.0730955,36.0294142],[139.0730697,36.0293651],[139.0730627,36.0293493]]]},"properties":{"layer":"road","class_code":"1040","class_label":"道路"}},{"type":"Feature","id":"tran_072f2f26-0ac6-4dce-95e3-ed226bc9d0e1","geometry":{"type":"Polygon","coordinates":[[[139.0730887,36.0293093],[139.0731652,36.0292941],[139.073171,36.0293134],[139.0731037,36.0293269],[139.0730887,36.0293093]]]},"properties":{"layer":"road","class_code":"1040","class_label":"道路"}},{"type":"Feature","id":"tran_806f481b-78b9-4362-b66d-363fc2a641bb","geometry":{"type":"Polygon","coordinates":[[[139.0733316,36.0302815],[139.0733994,36.0301964],[139.0734271,36.0301622],[139.0734423,36.0301479],[139.0734579,36.0301351],[139.0734686,36.0301274],[139.0734861,36.0301452],[139.0734771,36.0301517],[139.0734627,36.0301633],[139.0734495,36.0301758],[139.0734228,36.0302088],[139.0733551,36.0302938],[139.0733316,36.0302815]]]},"properties":{"layer":"road","class_code":"1040","class_label":"道路"}},{"type":"Feature","id":"tran_34d8b018-9a2a-4210-a0c3-70ac00d0c926","geometry":{"type":"Polygon","coordinates":[[[139.0734411,36.0294852],[139.0734542,36.0294997],[139.0734525,36.0295132],[139.0734639,36.0295187],[139.0734326,36.0295508],[139.0734064,36.0295533],[139.0733845,36.029519],[139.0734411,36.0294852]]]},"properties":{"layer":"road","class_code":"1040","class_label":"道路"}},{"type":"Feature","id":"tran_de51c498-d56a-4ccd-918a-d38081e7e8b9","geometry":{"type":"Polygon","coordinates":[[[139.0735039,36.0299578],[139.073471,36.0299746],[139.0734408,36.0299348],[139.0734165,36.0299042],[139.0734057,36.0298898],[139.0734373,36.0298103],[139.0734662,36.0298203],[139.0735437,36.0298419],[139.0735023,36.0299425],[139.073502,36.0299493],[139.0735023,36.0299522],[139.0735028,36.029955],[139.0735039,36.0299578]]]},"properties":{"layer":"road","class_code":"1040","class_label":"道路"}},{"type":"Feature","id":"tran_d2390dfd-390b-4a08-b432-a71abbf60da0","geometry":{"type":"Polygon","coordinates":[[[139.0734639,36.0295187],[139.0735685,36.0295688],[139.0735284,36.0295966],[139.0734326,36.0295508],[139.0734639,36.0295187]]]},"properties":{"layer":"road","class_code":"1040","class_label":"道路"}},{"type":"Feature","id":"tran_6624b24b-2d91-47cc-b711-511cd3f23452","geometry":{"type":"Polygon","coordinates":[[[139.0734411,36.0294852],[139.0736734,36.0293462],[139.0737907,36.0292944],[139.0739323,36.0292315],[139.0739776,36.0292124],[139.0739811,36.029206],[139.073974,36.0290911],[139.0739744,36.0290789],[139.0739763,36.0290648],[139.0739791,36.0290546],[139.0740294,36.0289884],[139.0740814,36.0289196],[139.0740909,36.0289244],[139.0740388,36.028993],[139.0739895,36.029058],[139.0739872,36.0290663],[139.0739855,36.0290796],[139.0739851,36.029091],[139.0739935,36.029226],[139.0739428,36.0292474],[139.0738013,36.0293102],[139.0736853,36.0293614],[139.0734542,36.0294997],[139.0734411,36.0294852]]]},"properties":{"layer":"road","class_code":"1040","class_label":"道路"}},{"type":"Feature","id":"tran_a9775cbc-b9f8-48d0-b191-c5702bbef608","geometry":{"type":"Polygon","coordinates":[[[139.073483,36.0301181],[139.0735019,36.0301373],[139.0734897,36.0301426],[139.0734861,36.0301452],[139.0734686,36.0301274],[139.073483,36.0301181]]]},"properties":{"layer":"road","class_code":"1040","class_label":"道路"}},{"type":"Feature","id":"tran_d214fbe1-5639-4a51-9a13-9be2c918a790","geometry":{"type":"Polygon","coordinates":[[[139.0735767,36.0300473],[139.0735451,36.0300657],[139.0735149,36.0300313],[139.073471,36.0299746],[139.0735039,36.0299578],[139.0735472,36.0300138],[139.0735767,36.0300473]]]},"properties":{"layer":"road","class_code":"1040","class_label":"道路"}},{"type":"Feature","id":"tran_d5762509-5ce2-4baa-bc90-343962a5d5fd","geometry":{"type":"Polygon","coordinates":[[[139.0734883,36.0301148],[139.0735081,36.0300977],[139.0735416,36.0301233],[139.0735245,36.0301274],[139.0735019,36.0301373],[139.073483,36.0301181],[139.0734883,36.0301148]]]},"properties":{"layer":"road","class_code":"1040","class_label":"道路"}},{"type":"Feature","id":"tran_5fbd5c58-2b75-4b0d-9ec8-98daf3cc8b07","geometry":{"type":"Polygon","coordinates":[[[139.0735437,36.0298419],[139.0736985,36.0298851],[139.074113,36.0299964],[139.0741487,36.0300057],[139.0741083,36.0301074],[139.0735023,36.0299425],[139.0735437,36.0298419]]]},"properties":{"layer":"road","class_code":"1040","class_label":"道路"}},{"type":"Feature","id":"tran_06557e49-3941-4236-9788-ab9e8ae3084d","geometry":{"type":"Polygon","coordinates":[[[139.0736164,36.027868],[139.0736289,36.0279025],[139.0736264,36.0279031],[139.0736028,36.0279325],[139.0735582,36.0279393],[139.0735353,36.0279249],[139.0735228,36.0278904],[139.0735915,36.0278739],[139.0736161,36.027868],[139.0736164,36.027868]]]},"properties":{"layer":"road","class_code":"1040","class_label":"道路"}},{"type":"Feature","id":"tran_688af1bb-9ec9-4e0c-a8e9-f3bd25e2c810","geometry":{"type":"Polygon","coordinates":[[[139.0735451,36.0300657],[139.0735767,36.0300473],[139.0736093,36.0300843],[139.073635,36.0301105],[139.0735894,36.0301361],[139.073562,36.030123],[139.0735416,36.0301233],[139.0735081,36.0300977],[139.0735451,36.0300657]]]},"properties":{"layer":"road","class_code":"1040","class_label":"道路"}},{"type":"Feature","id":"tran_d4d75ee5-1c2d-4926-89fc-f39d8116767c","geometry":{"type":"Polygon","coordinates":[[[139.0735685,36.0295688],[139.0735924,36.0295869],[139.0736261,36.0296131],[139.0736497,36.0296331],[139.07367,36.0296498],[139.0736897,36.0296645],[139.073708,36.029676],[139.0737266,36.0296852],[139.0737528,36.0296955],[139.0737921,36.0297094],[139.0738387,36.0297257],[139.0738838,36.0297416],[139.0739234,36.0297564],[139.0739575,36.0297707],[139.0739867,36.0297853],[139.0740121,36.0298008],[139.0740361,36.0298184],[139.074065,36.0298439],[139.0741077,36.0298857],[139.0741202,36.0298985],[139.074192,36.0299685],[139.0741532,36.029992],[139.0741253,36.0299617],[139.0740733,36.0299085],[139.0740316,36.0298677],[139.0740048,36.029844],[139.0739839,36.0298287],[139.0739616,36.0298151],[139.0739356,36.0298021],[139.0739039,36.0297888],[139.0738657,36.0297745],[139.0738211,36.0297588],[139.0737744,36.0297425],[139.0737343,36.0297282],[139.0737054,36.0297169],[139.0736827,36.0297058],[139.0736611,36.029692],[139.0736392,36.0296758],[139.0736179,36.0296582],[139.0735947,36.0296386],[139.073567,36.029617],[139.0735431,36.0296037],[139.0735284,36.0295966],[139.0735685,36.0295688]]]},"properties":{"layer":"road","class_code":"1040","class_label":"道路"}},{"type":"Feature","id":"tran_879275e7-f318-4190-8fe4-68437f13369f","geometry":{"type":"Polygon","coordinates":[[[139.073635,36.0301105],[139.0738713,36.0303878],[139.0738759,36.0303853],[139.0743444,36.030935],[139.0744547,36.0310692],[139.0744119,36.0311065],[139.074294,36.0309629],[139.0738678,36.0304629],[139.0735894,36.0301361],[139.073635,36.0301105]]]},"properties":{"layer":"road","class_code":"1040","class_label":"道路"}},{"type":"Feature","id":"tran_d8f333d0-f375-4392-ab69-94b7b9565d97","geometry":{"type":"Polygon","coordinates":[[[139.0742461,36.027756],[139.0741388,36.0277798],[139.0738938,36.0278351],[139.0736289,36.0279025],[139.0736164,36.027868],[139.0738812,36.0278005],[139.0741271,36.027745],[139.0742345,36.0277213],[139.0742461,36.027756]]]},"properties":{"layer":"road","class_code":"1040","class_label":"道路"}},{"type":"Feature","id":"tran_2f248e2b-1e99-41e4-8c14-d2026ce16950","geometry":{"type":"Polygon","coordinates":[[[139.0737078,36.026724],[139.073723,36.0267224],[139.0737348,36.0267195],[139.0737423,36.0267159],[139.073749,36.0267112],[139.0737622,36.026713],[139.0737583,36.0267311],[139.0737538,36.0267451],[139.073748,36.0267597],[139.073743,36.0267655],[139.0737109,36.0267832],[139.0736991,36.026769],[139.0736759,36.026742],[139.0737078,36.026724]]]},"properties":{"layer":"road","class_code":"1040","class_label":"道路"}},{"type":"Feature","id":"tran_3ab3fc10-d3f8-41b3-a613-7ecaedde014d","geometry":{"type":"Polygon","coordinates":[[[139.073743,36.0267655],[139.0738316,36.0268713],[139.0738407,36.0268814],[139.0738591,36.0269001],[139.073879,36.0269182],[139.0738802,36.0269192],[139.0739014,36.0269362],[139.073924,36.0269526],[139.0739288,36.026956],[139.0739438,36.0269659],[139.0739592,36.0269751],[139.0739751,36.0269835],[139.0739917,36.0269913],[139.0740052,36.026997],[139.0740227,36.0270033],[139.0740417,36.0270093],[139.0742653,36.0270824],[139.0742824,36.0270963],[139.0742948,36.0271141],[139.0742976,36.0271297],[139.0743008,36.0271935],[139.0743037,36.0272612],[139.0743099,36.0273928],[139.0743208,36.0275602],[139.0743271,36.027664],[139.0743271,36.0276764],[139.0743272,36.0276853],[139.0742879,36.0276855],[139.0742883,36.0276759],[139.0742883,36.0276648],[139.0742821,36.0275619],[139.074271,36.0273942],[139.074265,36.0272623],[139.074262,36.0271947],[139.074259,36.0271326],[139.0742575,36.0271246],[139.0742513,36.0271156],[139.0742435,36.0271093],[139.0740274,36.0270387],[139.0740078,36.0270324],[139.0739884,36.0270253],[139.0739732,36.027019],[139.0739548,36.0270104],[139.073937,36.027001],[139.0739201,36.0269909],[139.0739036,36.02698],[139.0738982,36.0269762],[139.0738748,36.0269593],[139.0738524,36.0269413],[139.0738505,36.0269396],[139.0738295,36.0269205],[139.0738099,36.0269006],[139.0737999,36.0268895],[139.0737109,36.0267832],[139.073743,36.0267655]]]},"properties":{"layer":"road","class_code":"1040","class_label":"道路"}},{"type":"Feature","id":"tran_dc86905e-0493-4176-83fe-e2a673b4bbed","geometry":{"type":"Polygon","coordinates":[[[139.073749,36.0267112],[139.073753,36.0267018],[139.0737656,36.0266716],[139.0737912,36.0266251],[139.0737981,36.0266011],[139.0737998,36.02658],[139.0738073,36.0265556],[139.0738183,36.0265408],[139.0738375,36.0265256],[139.0738607,36.0265142],[139.0738664,36.026522],[139.0738443,36.0265328],[139.073827,36.0265465],[139.0738177,36.0265591],[139.0738109,36.0265814],[139.0738091,36.0266024],[139.0738017,36.026628],[139.073776,36.0266749],[139.0737645,36.0267024],[139.0737622,36.026713],[139.073749,36.0267112]]]},"properties":{"layer":"road","class_code":"1040","class_label":"道路"}},{"type":"Feature","id":"tran_31480fc5-318e-4577-a07a-25ece6655206","geometry":{"type":"Polygon","coordinates":[[[139.0740331,36.0318128],[139.0741488,36.0318022],[139.0741559,36.0318586],[139.0740395,36.031869],[139.0740254,36.0318686],[139.0739927,36.0318736],[139.0739817,36.0318284],[139.0740331,36.0318128]]]},"properties":{"layer":"road","class_code":"1040","class_label":"道路"}},{"type":"Feature","id":"tran_494016ec-9aba-4e96-b446-438afe4dff54","geometry":{"type":"Polygon","coordinates":[[[139.0740254,36.0318686],[139.0740755,36.0320845],[139.0740428,36.0320895],[139.0739927,36.0318736],[139.0740254,36.0318686]]]},"properties":{"layer":"road","class_code":"1040","class_label":"道路"}},{"type":"Feature","id":"tran_7c7b9644-f54a-4588-910e-13a2b5d9adba","geometry":{"type":"Polygon","coordinates":[[[139.074049,36.031596],[139.0740576,36.0315743],[139.0740671,36.0315528],[139.0740773,36.0315315],[139.0740883,36.0315104],[139.0741,36.0314897],[139.0741124,36.0314692],[139.0741235,36.0314495],[139.0741357,36.0314303],[139.0741491,36.0314115],[139.0741635,36.0313933],[139.0741789,36.0313757],[139.0741953,36.0313587],[139.074309,36.0312633],[139.0743944,36.0313305],[139.0742938,36.031413],[139.0742789,36.031428],[139.074255,36.0314547],[139.0742334,36.0314826],[139.0742142,36.0315109],[139.0741968,36.0315408],[139.0741771,36.0315761],[139.074166,36.0315931],[139.074156,36.0316197],[139.0741481,36.0316467],[139.0741423,36.031674],[139.0741386,36.0317016],[139.0741373,36.0317197],[139.0741372,36.0317474],[139.0741391,36.0317737],[139.0741447,36.0317735],[139.0741448,36.0317748],[139.0741488,36.0318022],[139.0740331,36.0318128],[139.0740286,36.0317833],[139.0740263,36.0317499],[139.0740264,36.031717],[139.074028,36.0316942],[139.0740323,36.0316615],[139.0740393,36.0316286],[139.074049,36.031596]]]},"properties":{"layer":"road","class_code":"1040","class_label":"道路"}},{"type":"Feature","id":"tran_c408bce4-756b-4990-b011-9ba8eaa3fb8f","geometry":{"type":"Polygon","coordinates":[[[139.0740395,36.031869],[139.0741559,36.0318586],[139.0741614,36.0319028],[139.0741706,36.0319362],[139.074183,36.0319723],[139.0742028,36.0320194],[139.0742262,36.0320654],[139.0743168,36.0322593],[139.0744017,36.0324383],[139.0742961,36.0324662],[139.0742132,36.0322915],[139.074193,36.0322484],[139.0741275,36.0321332],[139.0741032,36.0320873],[139.0740876,36.032053],[139.0740696,36.0320052],[139.0740551,36.0319567],[139.0740446,36.0319075],[139.0740395,36.031869]]]},"properties":{"layer":"road","class_code":"1040","class_label":"道路"}},{"type":"Feature","id":"tran_9635b435-2bdd-4234-8ddf-0257fe97ef11","geometry":{"type":"Polygon","coordinates":[[[139.0741487,36.0300057],[139.0741532,36.029992],[139.074192,36.0299685],[139.0742601,36.0300349],[139.0742194,36.0301377],[139.0741083,36.0301074],[139.0741487,36.0300057]]]},"properties":{"layer":"road","class_code":"1040","class_label":"道路"}},{"type":"Feature","id":"tran_72d98243-23e4-4e60-a028-03cb917c02b4","geometry":{"type":"Polygon","coordinates":[[[139.0742345,36.0277213],[139.0742756,36.0277105],[139.0742799,36.0277069],[139.0742841,36.0276988],[139.0742879,36.0276855],[139.0743272,36.0276853],[139.0743277,36.0277867],[139.0743271,36.0277918],[139.0742829,36.0277884],[139.0742826,36.0277868],[139.0742819,36.0277847],[139.0742812,36.0277826],[139.0742802,36.0277805],[139.0742792,36.0277785],[139.074278,36.0277765],[139.0742767,36.0277746],[139.0742753,36.0277727],[139.0742737,36.0277709],[139.074272,36.0277692],[139.0742702,36.0277675],[139.0742683,36.027766],[139.0742663,36.0277645],[139.0742642,36.0277631],[139.074262,36.0277618],[139.074261,36.0277613],[139.0742586,36.0277602],[139.0742563,36.0277591],[139.0742538,36.0277582],[139.0742513,36.0277573],[139.0742487,36.0277566],[139.0742461,36.027756],[139.0742345,36.0277213]]]},"properties":{"layer":"road","class_code":"1040","class_label":"道路"}},{"type":"Feature","id":"tran_e8cd8361-21a6-49f7-ae0e-510f8b72c826","geometry":{"type":"Polygon","coordinates":[[[139.0742829,36.0277884],[139.0743271,36.0277918],[139.074316,36.0278877],[139.0742927,36.0280585],[139.0742859,36.0281561],[139.0742837,36.0281701],[139.0742827,36.0281818],[139.0742824,36.0281936],[139.074283,36.0282054],[139.0742843,36.0282171],[139.0742864,36.0282291],[139.074287,36.0282311],[139.0742901,36.0282429],[139.074294,36.0282543],[139.0742985,36.0282655],[139.0743038,36.0282764],[139.0743099,36.0282871],[139.0743168,36.0282976],[139.0743232,36.0283063],[139.07437,36.0283726],[139.0743813,36.0283874],[139.0743874,36.0283946],[139.0743504,36.0284146],[139.0743441,36.0284069],[139.0743319,36.028391],[139.0742848,36.0283245],[139.0742781,36.0283153],[139.0742702,36.0283031],[139.0742631,36.0282906],[139.0742569,36.0282779],[139.0742515,36.0282648],[139.0742469,36.0282516],[139.0742434,36.0282381],[139.0742427,36.028235],[139.0742402,36.0282214],[139.0742387,36.0282077],[139.0742381,36.0281939],[139.0742383,36.0281802],[139.0742395,36.0281664],[139.0742417,36.0281528],[139.0742485,36.0280555],[139.0742719,36.027884],[139.0742829,36.0277884]]]},"properties":{"layer":"road","class_code":"1040","class_label":"道路"}},{"type":"Feature","id":"tran_39fce822-4968-479f-959f-c34bab472940","geometry":{"type":"Polygon","coordinates":[[[139.0742194,36.0301377],[139.0742601,36.0300349],[139.0743107,36.0300481],[139.0744648,36.0300883],[139.0744864,36.030094],[139.0746328,36.0301397],[139.0746448,36.030144],[139.0747179,36.0301708],[139.0747424,36.0301811],[139.0748571,36.0302297],[139.0749906,36.0302964],[139.0750638,36.0303367],[139.0750866,36.030351],[139.0751104,36.0303658],[139.0751773,36.030413],[139.0751832,36.0304178],[139.0750507,36.0305255],[139.0750158,36.0304957],[139.0749887,36.0304734],[139.0749609,36.0304517],[139.0749325,36.0304305],[139.0749035,36.0304098],[139.0748738,36.0303898],[139.0748436,36.0303703],[139.0748128,36.0303514],[139.0747815,36.0303331],[139.0747497,36.0303154],[139.0747173,36.0302984],[139.0746916,36.030286],[139.0746655,36.0302742],[139.0746391,36.0302629],[139.0746124,36.0302521],[139.0745853,36.0302419],[139.0745579,36.0302322],[139.0745302,36.0302231],[139.0745023,36.0302146],[139.0744741,36.0302066],[139.0744456,36.0301992],[139.0742194,36.0301377]]]},"properties":{"layer":"road","class_code":"1040","class_label":"道路"}},{"type":"Feature","id":"tran_1fed445c-e7b4-4ea3-90df-4960fa54c470","geometry":{"type":"Polygon","coordinates":[[[139.0742961,36.0324662],[139.0744017,36.0324383],[139.0744272,36.0324405],[139.0744354,36.0324724],[139.074422,36.0324811],[139.0743142,36.0325096],[139.0743006,36.0324756],[139.0742961,36.0324662]]]},"properties":{"layer":"road","class_code":"1040","class_label":"道路"}},{"type":"Feature","id":"tran_39a1ca95-af1f-4898-95d8-6b97fc8e0e9d","geometry":{"type":"Polygon","coordinates":[[[139.0744119,36.0311065],[139.0744547,36.0310692],[139.0745443,36.031065],[139.0746549,36.0311481],[139.0745815,36.0312119],[139.0746127,36.0312434],[139.0744818,36.0313292],[139.0743944,36.0313305],[139.074309,36.0312633],[139.0744038,36.0311838],[139.0744119,36.0311065]]]},"properties":{"layer":"road","class_code":"1040","class_label":"道路"}},{"type":"Feature","id":"tran_23f72d77-224c-4a02-83cb-860a65dee323","geometry":{"type":"Polygon","coordinates":[[[139.0743874,36.0283946],[139.0744025,36.0284131],[139.0743656,36.028433],[139.0743504,36.0284146],[139.0743874,36.0283946]]]},"properties":{"layer":"road","class_code":"1040","class_label":"道路"}},{"type":"Feature","id":"tran_bfba77a7-947b-417e-ad3b-64c7521295a1","geometry":{"type":"Polygon","coordinates":[[[139.0744025,36.0284131],[139.074433,36.02845],[139.0744658,36.0284863],[139.0745723,36.0285939],[139.0746983,36.0287241],[139.0747035,36.028731],[139.0746655,36.0287496],[139.0746618,36.0287447],[139.0745376,36.0286163],[139.0744307,36.0285083],[139.0743966,36.0284707],[139.0743656,36.028433],[139.0744025,36.0284131]]]},"properties":{"layer":"road","class_code":"1040","class_label":"道路"}},{"type":"Feature","id":"tran_2903bc3d-ae33-46aa-b088-e0d421934193","geometry":{"type":"Polygon","coordinates":[[[139.0744375,36.0283717],[139.0744509,36.0283909],[139.0744025,36.0284131],[139.0743874,36.0283946],[139.0744375,36.0283717]]]},"properties":{"layer":"road","class_code":"1040","class_label":"道路"}},{"type":"Feature","id":"tran_d1306722-c7c2-4caf-86d1-fd748ea7513d","geometry":{"type":"Polygon","coordinates":[[[139.0746513,36.028783],[139.0746669,36.028812],[139.0744386,36.0288722],[139.0744266,36.0288422],[139.0746513,36.028783]]]},"properties":{"layer":"road","class_code":"1040","class_label":"道路"}},{"type":"Feature","id":"tran_fcda086d-b395-4f61-83dd-db528c3d62d7","geometry":{"type":"Polygon","coordinates":[[[139.0744272,36.0324405],[139.0744303,36.0324408],[139.0744386,36.0324425],[139.0744464,36.0324446],[139.0744554,36.0324513],[139.0744643,36.0324595],[139.0744718,36.032466],[139.0745131,36.0325211],[139.0745187,36.0325298],[139.0745679,36.032606],[139.074579,36.0326246],[139.0745897,36.0326254],[139.0747225,36.0326031],[139.074727,36.0326208],[139.0745909,36.0326436],[139.0745647,36.0326416],[139.0745481,36.0326141],[139.0744938,36.03253],[139.0744541,36.0324769],[139.074448,36.0324716],[139.0744467,36.0324704],[139.0744354,36.0324724],[139.0744272,36.0324405]]]},"properties":{"layer":"road","class_code":"1040","class_label":"道路"}},{"type":"Feature","id":"tran_489d0465-58c5-4aa6-ac80-ae05175ed680","geometry":{"type":"Polygon","coordinates":[[[139.0744818,36.0313292],[139.0746127,36.0312434],[139.0746817,36.0313129],[139.0748963,36.0315352],[139.0750151,36.0316561],[139.0749954,36.0316722],[139.0750684,36.0317537],[139.0751515,36.0318382],[139.0753696,36.0320645],[139.0754712,36.0321686],[139.0753662,36.0322351],[139.075265,36.0321314],[139.0750471,36.0319053],[139.0747658,36.0316191],[139.0745522,36.0313978],[139.0744818,36.0313292]]]},"properties":{"layer":"road","class_code":"1040","class_label":"道路"}},{"type":"Feature","id":"tran_b1c02037-24d3-47de-9242-3fef463a7186","geometry":{"type":"Polygon","coordinates":[[[139.0707397,36.0278261],[139.0708251,36.0278317],[139.0709344,36.0278389],[139.0709428,36.0278847],[139.0708345,36.0278775],[139.070749,36.0278719],[139.0707478,36.0278718],[139.0707385,36.027826],[139.0707397,36.0278261]]]},"properties":{"layer":"road","class_code":"1040","class_label":"道路"}},{"type":"Feature","id":"tran_373fa00c-71f3-420f-a67b-f184a2d2eb36","geometry":{"type":"Polygon","coordinates":[[[139.0716749,36.0296412],[139.0714905,36.0296926],[139.0714115,36.0297147],[139.0713488,36.0297321],[139.0713226,36.0297394],[139.0712453,36.029761],[139.0712381,36.0297439],[139.071316,36.0297222],[139.0713422,36.0297149],[139.0714025,36.0296981],[139.0714815,36.0296761],[139.0716677,36.0296241],[139.0716749,36.0296412]]]},"properties":{"layer":"road","class_code":"1040","class_label":"道路"}},{"type":"Feature","id":"tran_2f92a1d6-af05-417a-a297-d7d3740e7d5b","geometry":{"type":"Polygon","coordinates":[[[139.0728846,36.0318417],[139.0729276,36.0319158],[139.0729701,36.0319901],[139.0730121,36.0320646],[139.0730536,36.0321393],[139.0730946,36.0322141],[139.073135,36.0322892],[139.073175,36.0323644],[139.0732145,36.0324398],[139.0732642,36.0325369],[139.0733131,36.0326343],[139.0733611,36.0327319],[139.0734083,36.0328298],[139.0734547,36.0329279],[139.0735002,36.0330264],[139.0735448,36.0331251],[139.0735886,36.033224],[139.073621,36.033299],[139.0736315,36.0333232],[139.0736334,36.0333277],[139.0736628,36.033398],[139.0736722,36.0334206],[139.0736796,36.0334385],[139.0736005,36.0334594],[139.073584,36.0334196],[139.0735775,36.0334041],[139.0735529,36.0333453],[139.0735177,36.0332641],[139.0735102,36.0332466],[139.0734666,36.0331482],[139.0734221,36.0330499],[139.0733769,36.0329519],[139.0733307,36.0328542],[139.0732837,36.0327568],[139.0732359,36.0326596],[139.0731873,36.0325627],[139.0731378,36.032466],[139.0730985,36.032391],[139.0730587,36.0323161],[139.0730184,36.0322414],[139.0729776,36.0321669],[139.0729363,36.0320926],[139.0728945,36.0320184],[139.0728522,36.0319445],[139.0728095,36.0318707],[139.072793,36.0318427],[139.0728674,36.0318124],[139.0728846,36.0318417]]]},"properties":{"layer":"road","class_code":"1040","class_label":"道路"}},{"type":"Feature","id":"tran_4abf4b4b-fb21-423d-a7de-e9e1ffe2dc8c","geometry":{"type":"Polygon","coordinates":[[[139.0745576,36.0310533],[139.0745705,36.031042],[139.0746415,36.0309791],[139.0748362,36.0308111],[139.0749371,36.0307222],[139.0750142,36.0306549],[139.0750477,36.030612],[139.0751624,36.0307044],[139.0750083,36.0308194],[139.0747502,36.0310653],[139.0746549,36.0311481],[139.0745443,36.031065],[139.0745576,36.0310533]]]},"properties":{"layer":"road","class_code":"1040","class_label":"道路"}},{"type":"Feature","id":"tran_0590211d-92d2-4330-91ab-43cc3d3090d2","geometry":{"type":"Polygon","coordinates":[[[139.0746513,36.028783],[139.0746611,36.0287739],[139.0746644,36.0287676],[139.074666,36.0287612],[139.0746655,36.0287496],[139.0747035,36.028731],[139.0747214,36.0287548],[139.0747271,36.028763],[139.0747469,36.0287939],[139.0747524,36.0288037],[139.074712,36.0288185],[139.0746904,36.0288129],[139.0746788,36.0288118],[139.0746669,36.028812],[139.0746513,36.028783]]]},"properties":{"layer":"road","class_code":"1040","class_label":"道路"}},{"type":"Feature","id":"tran_d8184680-d4f9-40a5-aa4c-22f0b3c57029","geometry":{"type":"Polygon","coordinates":[[[139.074712,36.0288185],[139.0747524,36.0288037],[139.0747647,36.0288258],[139.0747769,36.0288507],[139.0748158,36.0289693],[139.0748307,36.0290182],[139.0748328,36.0290264],[139.0748351,36.029033],[139.0748378,36.0290395],[139.0748408,36.0290459],[139.0748444,36.0290524],[139.0748463,36.0290554],[139.0748507,36.0290615],[139.0748551,36.0290673],[139.0748601,36.0290728],[139.0748655,36.0290782],[139.0748711,36.0290833],[139.0748771,36.0290882],[139.0748836,36.0290928],[139.0748874,36.0290954],[139.0749629,36.0291429],[139.0751032,36.0292262],[139.075348,36.0293615],[139.0753231,36.0293914],[139.0750776,36.0292556],[139.0749361,36.0291716],[139.0748598,36.0291236],[139.0748548,36.0291203],[139.0748466,36.0291144],[139.0748389,36.0291081],[139.0748316,36.0291016],[139.0748248,36.0290947],[139.0748184,36.0290875],[139.0748126,36.0290801],[139.0748073,36.0290724],[139.0748045,36.0290681],[139.0748,36.0290601],[139.074796,36.0290519],[139.0747926,36.0290435],[139.0747897,36.0290349],[139.0747874,36.0290263],[139.0747729,36.0289782],[139.0747346,36.028862],[139.0747238,36.0288399],[139.074712,36.0288185]]]},"properties":{"layer":"road","class_code":"1040","class_label":"道路"}},{"type":"Feature","id":"tran_e24320cf-09a5-4f04-84e0-5dcb4c2ffdc7","geometry":{"type":"Polygon","coordinates":[[[139.0695786,36.0253618],[139.0695739,36.0253984],[139.0695158,36.0253945],[139.0694576,36.0253945],[139.0694393,36.0253949],[139.069421,36.0253959],[139.0694028,36.0253979],[139.0693848,36.0254005],[139.0693669,36.025404],[139.0693511,36.0254079],[139.0693339,36.0254129],[139.0693169,36.0254187],[139.0693005,36.0254252],[139.0692844,36.0254323],[139.0692688,36.0254403],[139.0692539,36.0254488],[139.0692494,36.0254516],[139.0692326,36.0254337],[139.0692374,36.0254307],[139.0692535,36.0254215],[139.0692703,36.025413],[139.0692877,36.0254052],[139.0693055,36.0253981],[139.0693239,36.0253919],[139.0693426,36.0253865],[139.0693597,36.0253824],[139.0693789,36.0253785],[139.0693985,36.0253756],[139.0694181,36.0253735],[139.069438,36.0253723],[139.0694392,36.0253723],[139.069502,36.0253667],[139.0695441,36.0253633],[139.0695786,36.0253618]]]},"properties":{"layer":"road","class_code":"1040","class_label":"道路"}},{"type":"Feature","id":"tran_0f9506e5-414d-4939-b41d-477a86a7a6b2","geometry":{"type":"Polygon","coordinates":[[[139.0694623,36.0256909],[139.0694755,36.0256764],[139.0694949,36.0256514],[139.0695249,36.0256077],[139.0695993,36.0255118],[139.0696347,36.025471],[139.06964,36.0254622],[139.0696406,36.025458],[139.0696408,36.0254509],[139.0696396,36.0254392],[139.0696396,36.0254306],[139.0696673,36.0254305],[139.0696674,36.0254381],[139.0696687,36.0254505],[139.0696682,36.0254595],[139.0696671,36.0254685],[139.0696585,36.0254826],[139.0696224,36.0255243],[139.0695488,36.0256192],[139.0695187,36.0256629],[139.0694984,36.0256891],[139.0694846,36.0257043],[139.0694623,36.0256909]]]},"properties":{"layer":"road","class_code":"1040","class_label":"道路"}},{"type":"Feature","id":"tran_ced4c7dc-1550-43df-a7ab-42888385f812","geometry":{"type":"Polygon","coordinates":[[[139.0695607,36.02479],[139.0697259,36.0249597],[139.0701257,36.0253659],[139.0701536,36.0254352],[139.0702418,36.0255578],[139.0700715,36.0256386],[139.0700596,36.0256182],[139.0700418,36.0255885],[139.0700236,36.0255589],[139.0700064,36.0255307],[139.0699889,36.0255027],[139.0699712,36.0254748],[139.0699531,36.0254471],[139.0699348,36.0254195],[139.0699161,36.0253919],[139.0698972,36.0253646],[139.0698779,36.0253373],[139.0698584,36.0253102],[139.0698393,36.0252842],[139.06982,36.0252583],[139.0698006,36.0252325],[139.0697809,36.0252068],[139.0697611,36.0251811],[139.0697412,36.0251556],[139.069721,36.0251301],[139.0697007,36.0251047],[139.0696802,36.0250794],[139.069653,36.0250464],[139.0696253,36.0250136],[139.0695972,36.024981],[139.0695686,36.0249487],[139.0695396,36.0249167],[139.0695102,36.0248849],[139.0694803,36.0248534],[139.0694733,36.0248462],[139.0695607,36.02479]]]},"properties":{"layer":"road","class_code":"1040","class_label":"道路"}},{"type":"Feature","id":"tran_bd06d5b8-1d7c-45d6-9396-26da5f23cd91","geometry":{"type":"Polygon","coordinates":[[[139.0695739,36.0253984],[139.0695786,36.0253618],[139.0696085,36.0253602],[139.0696307,36.02536],[139.0696402,36.0253588],[139.0696501,36.0253571],[139.069664,36.0253528],[139.0696784,36.0253757],[139.0696727,36.0253917],[139.0696695,36.0254044],[139.0696671,36.0254201],[139.0696673,36.0254305],[139.0696396,36.0254306],[139.0696283,36.025418],[139.0696211,36.0254111],[139.0696118,36.0254059],[139.0696015,36.0254029],[139.0695739,36.0253984]]]},"properties":{"layer":"road","class_code":"1040","class_label":"道路"}},{"type":"Feature","id":"tran_1e5fac53-f361-4ad1-b632-b640263d09a5","geometry":{"type":"Polygon","coordinates":[[[139.069664,36.0253528],[139.069666,36.0253505],[139.0696772,36.0253368],[139.0696935,36.0253577],[139.069689,36.0253631],[139.0696784,36.0253757],[139.069664,36.0253528]]]},"properties":{"layer":"road","class_code":"1040","class_label":"道路"}},{"type":"Feature","id":"tran_8aa09bca-fa8a-438b-9047-91f5a5c6b420","geometry":{"type":"Polygon","coordinates":[[[139.0696772,36.0253368],[139.069687,36.0253039],[139.069735,36.0252812],[139.0697503,36.0253025],[139.0697757,36.0253378],[139.0697278,36.0253605],[139.0696935,36.0253577],[139.0696772,36.0253368]]]},"properties":{"layer":"road","class_code":"1040","class_label":"道路"}},{"type":"Feature","id":"tran_9594919a-5eaa-4a01-ab0e-cb1c4191d1a2","geometry":{"type":"Polygon","coordinates":[[[139.0697757,36.0253378],[139.0697852,36.025351],[139.0698215,36.0254007],[139.0698579,36.0254499],[139.0698918,36.0254958],[139.0699207,36.0255356],[139.0699446,36.0255699],[139.069966,36.0256019],[139.0699874,36.0256349],[139.0700098,36.02567],[139.0700341,36.0257077],[139.0700604,36.0257478],[139.0700872,36.0257889],[139.0701125,36.0258292],[139.0701359,36.0258682],[139.0701584,36.0259069],[139.0701813,36.0259466],[139.0702045,36.0259878],[139.0702273,36.0260305],[139.0702493,36.0260744],[139.0702706,36.0261194],[139.0702912,36.0261654],[139.0703114,36.0262121],[139.0703312,36.0262593],[139.0703507,36.0263069],[139.0703699,36.0263559],[139.0703889,36.0264076],[139.0704075,36.0264627],[139.0704255,36.0265196],[139.0704426,36.0265766],[139.0704588,36.0266334],[139.0704743,36.0266916],[139.0704841,36.026731],[139.0704297,36.0267399],[139.07042,36.0267008],[139.0704046,36.0266433],[139.0703887,36.026587],[139.0703717,36.0265306],[139.0703539,36.0264743],[139.0703355,36.02642],[139.0703169,36.0263692],[139.0702979,36.0263208],[139.0702786,36.0262737],[139.070259,36.0262268],[139.070239,36.0261806],[139.0702186,36.0261352],[139.0701977,36.026091],[139.0701762,36.026048],[139.0701538,36.0260062],[139.070131,36.0259655],[139.0701082,36.0259261],[139.0700859,36.0258877],[139.0700629,36.0258493],[139.070038,36.0258097],[139.0700114,36.0257689],[139.069985,36.0257287],[139.0699606,36.0256909],[139.0699382,36.0256558],[139.0699171,36.0256231],[139.0698961,36.0255917],[139.0698727,36.0255581],[139.0698441,36.0255188],[139.0698103,36.0254731],[139.0697739,36.0254238],[139.0697374,36.0253739],[139.0697278,36.0253605],[139.0697757,36.0253378]]]},"properties":{"layer":"road","class_code":"1040","class_label":"道路"}},{"type":"Feature","id":"tran_d86fc055-cb4e-4aa7-b553-5fe618ccbe32","geometry":{"type":"Polygon","coordinates":[[[139.0705476,36.0275682],[139.0705518,36.0275867],[139.0704111,36.0276456],[139.0703663,36.0276656],[139.0703549,36.0276721],[139.0703452,36.0276784],[139.0703351,36.0276856],[139.0703234,36.0276949],[139.070309,36.0277068],[139.0702912,36.0277219],[139.0702711,36.0277386],[139.0702507,36.0277548],[139.0702307,36.0277698],[139.0702092,36.0277853],[139.0701847,36.0278028],[139.070159,36.027821],[139.070135,36.0278376],[139.0701124,36.0278527],[139.0700877,36.0278694],[139.070059,36.0278894],[139.0700304,36.0279101],[139.0700065,36.027928],[139.0699889,36.0279424],[139.0699765,36.0279538],[139.0699684,36.027963],[139.0699629,36.0279709],[139.0699589,36.0279783],[139.069956,36.0279855],[139.0699539,36.0279931],[139.0699524,36.0280072],[139.0699517,36.0280402],[139.0699295,36.0280398],[139.0699303,36.0280063],[139.0699319,36.0279904],[139.0699346,36.0279807],[139.0699382,36.0279717],[139.0699431,36.0279628],[139.0699496,36.0279533],[139.0699591,36.0279426],[139.0699726,36.0279301],[139.0699911,36.027915],[139.0700155,36.0278967],[139.0700445,36.0278758],[139.0700733,36.0278557],[139.0700982,36.0278389],[139.0701207,36.0278237],[139.0701446,36.0278073],[139.0701701,36.0277893],[139.0701945,36.0277718],[139.0702158,36.0277564],[139.0702354,36.0277418],[139.0702554,36.0277259],[139.0702753,36.0277093],[139.0702931,36.0276943],[139.0703077,36.0276821],[139.07032,36.0276724],[139.070331,36.0276645],[139.0703417,36.0276577],[139.0703545,36.0276503],[139.0704006,36.0276297],[139.0705476,36.0275682]]]},"properties":{"layer":"road","class_code":"1040","class_label":"道路"}},{"type":"Feature","id":"tran_3ec6dea7-637d-49ee-9719-a37d38463186","geometry":{"type":"Polygon","coordinates":[[[139.0703328,36.0267631],[139.0703814,36.0267475],[139.0704297,36.0267399],[139.070437,36.0267694],[139.0703648,36.0267713],[139.070351,36.0267732],[139.0703378,36.026776],[139.070325,36.0267798],[139.0703127,36.0267845],[139.0703009,36.0267901],[139.0702897,36.0267966],[139.0700368,36.0269616],[139.0700216,36.0269742],[139.0700077,36.0269879],[139.0699955,36.0270027],[139.069985,36.0270182],[139.0699763,36.0270345],[139.0699694,36.0270516],[139.0699536,36.0270474],[139.0699608,36.0270297],[139.0699701,36.0270123],[139.0699813,36.0269956],[139.0699944,36.0269799],[139.0700091,36.0269652],[139.0700256,36.0269516],[139.0702796,36.0267858],[139.0702919,36.0267787],[139.0703049,36.0267725],[139.0703186,36.0267673],[139.0703328,36.0267631]]]},"properties":{"layer":"road","class_code":"1040","class_label":"道路"}},{"type":"Feature","id":"tran_f39a66c2-ef7c-43d1-92b1-dbe53a527114","geometry":{"type":"Polygon","coordinates":[[[139.0702418,36.0255578],[139.0703142,36.0255498],[139.0703559,36.0255935],[139.0702945,36.0256321],[139.0702919,36.0256336],[139.0701132,36.025712],[139.0701111,36.0257082],[139.0700943,36.0256781],[139.0700771,36.0256481],[139.0700715,36.0256386],[139.0702418,36.0255578]]]},"properties":{"layer":"road","class_code":"1040","class_label":"道路"}},{"type":"Feature","id":"tran_4e775263-5857-4ee2-ad93-b0549f4306d2","geometry":{"type":"Polygon","coordinates":[[[139.0702919,36.0256336],[139.0703058,36.0256544],[139.0703242,36.0256828],[139.0703422,36.0257114],[139.0703598,36.0257401],[139.070377,36.025769],[139.0703939,36.0257981],[139.0704103,36.0258273],[139.0704263,36.0258567],[139.0704419,36.0258862],[139.070505,36.026003],[139.070293,36.0260784],[139.0702894,36.0260702],[139.070276,36.0260399],[139.0702623,36.0260096],[139.0702484,36.0259795],[139.0702342,36.0259494],[139.0702198,36.0259194],[139.0702052,36.0258894],[139.0701904,36.0258596],[139.0701753,36.0258298],[139.0701598,36.0257992],[139.0701439,36.0257688],[139.0701277,36.0257384],[139.0701132,36.025712],[139.0702919,36.0256336]]]},"properties":{"layer":"road","class_code":"1040","class_label":"道路"}},{"type":"Feature","id":"tran_8f5d9f25-dc53-435d-aa64-d33282b471ad","geometry":{"type":"Polygon","coordinates":[[[139.0703559,36.0255935],[139.0703985,36.0256383],[139.0703766,36.0256521],[139.0706429,36.025932],[139.0705928,36.0259699],[139.0705437,36.025894],[139.0702945,36.0256321],[139.0703559,36.0255935]]]},"properties":{"layer":"road","class_code":"1040","class_label":"道路"}},{"type":"Feature","id":"tran_d38d6f87-36b7-4d0e-9358-77b0a2cbd9a0","geometry":{"type":"Polygon","coordinates":[[[139.070505,36.026003],[139.0705139,36.0260195],[139.0703005,36.0260955],[139.070293,36.0260784],[139.070505,36.026003]]]},"properties":{"layer":"road","class_code":"1040","class_label":"道路"}},{"type":"Feature","id":"tran_4ebfe971-6047-4df4-95f9-80a949172175","geometry":{"type":"Polygon","coordinates":[[[139.0703005,36.0260955],[139.0705139,36.0260195],[139.0705246,36.0260395],[139.0703096,36.026116],[139.0703027,36.0261006],[139.0703005,36.0260955]]]},"properties":{"layer":"road","class_code":"1040","class_label":"道路"}},{"type":"Feature","id":"tran_519a5bab-c9f9-4e66-ae4e-7ae561117bc2","geometry":{"type":"Polygon","coordinates":[[[139.0703096,36.026116],[139.0705246,36.0260395],[139.0706888,36.0261319],[139.070706,36.0262475],[139.0706747,36.0262537],[139.0706459,36.0262653],[139.0706209,36.0262818],[139.070601,36.0263024],[139.0705871,36.026326],[139.0705801,36.0263516],[139.0705801,36.0263777],[139.0704225,36.0263985],[139.0704089,36.0263583],[139.0703948,36.0263183],[139.0703802,36.0262783],[139.0703651,36.0262385],[139.0703096,36.026116]]]},"properties":{"layer":"road","class_code":"1040","class_label":"道路"}},{"type":"Feature","id":"tran_31e647cd-4d12-4c4f-aed7-2c6441e4fa93","geometry":{"type":"Polygon","coordinates":[[[139.0703718,36.0281491],[139.0704381,36.0281188],[139.0704795,36.0280988],[139.0705036,36.0280861],[139.0705176,36.0280776],[139.0705274,36.0280708],[139.0705341,36.0280654],[139.0705388,36.0280609],[139.0705425,36.0280568],[139.0705456,36.028053],[139.0705482,36.0280493],[139.0705505,36.0280457],[139.0705527,36.028042],[139.0705552,36.0280373],[139.0705586,36.0280302],[139.0705637,36.0280192],[139.0705713,36.0280026],[139.0705837,36.0279759],[139.0706041,36.0279332],[139.0706354,36.0278686],[139.0706522,36.027883],[139.0706248,36.0279397],[139.0706045,36.0279824],[139.0705921,36.028009],[139.0705845,36.0280255],[139.0705793,36.0280366],[139.0705757,36.0280441],[139.070573,36.0280494],[139.0705704,36.0280537],[139.0705676,36.028058],[139.0705645,36.0280624],[139.0705608,36.028067],[139.0705563,36.028072],[139.0705504,36.0280776],[139.0705424,36.0280841],[139.0705315,36.0280917],[139.0705163,36.0281009],[139.0704912,36.0281141],[139.0704492,36.0281344],[139.0703827,36.0281648],[139.0703718,36.0281491]]]},"properties":{"layer":"road","class_code":"1040","class_label":"道路"}},{"type":"Feature","id":"tran_ef2cee8e-a0b9-4ec7-8b08-a88e090a1933","geometry":{"type":"Polygon","coordinates":[[[139.0705872,36.0264033],[139.0706948,36.0267959],[139.0707195,36.0271352],[139.0707834,36.0276099],[139.0707952,36.0276763],[139.0708075,36.0277424],[139.0708204,36.0278085],[139.0708251,36.0278317],[139.0708339,36.0278746],[139.0708345,36.0278775],[139.0708478,36.0279405],[139.0708623,36.0280064],[139.0708774,36.0280722],[139.070893,36.0281379],[139.0709091,36.0282035],[139.0709351,36.0283056],[139.070963,36.0284073],[139.0709927,36.0285086],[139.0710243,36.0286095],[139.0710578,36.02871],[139.0710931,36.0288101],[139.0711303,36.0289098],[139.0711693,36.029009],[139.0712102,36.0291078],[139.0712497,36.0292003],[139.0712908,36.0292923],[139.0713334,36.0293839],[139.0713775,36.0294749],[139.0714232,36.0295655],[139.0714703,36.0296556],[139.0714815,36.0296761],[139.0714905,36.0296926],[139.071519,36.0297451],[139.0715692,36.0298341],[139.0716209,36.0299225],[139.0716675,36.0299996],[139.0717151,36.0300766],[139.0717328,36.0301046],[139.0716592,36.0301363],[139.0716409,36.0301072],[139.071593,36.0300297],[139.0715459,36.0299519],[139.0714938,36.0298626],[139.0714431,36.0297728],[139.0714115,36.0297147],[139.0714025,36.0296981],[139.071394,36.0296825],[139.0713464,36.0295915],[139.0713003,36.0295001],[139.0712557,36.0294082],[139.0712127,36.0293158],[139.0711713,36.0292229],[139.0711314,36.0291296],[139.0710902,36.02903],[139.0710508,36.0289299],[139.0710133,36.0288292],[139.0709776,36.0287282],[139.0709438,36.0286267],[139.0709119,36.0285248],[139.0708819,36.0284225],[139.0708538,36.0283198],[139.0708275,36.028217],[139.0708113,36.0281509],[139.0707956,36.0280848],[139.0707805,36.0280185],[139.0707659,36.0279522],[139.0707518,36.0278858],[139.070749,36.0278719],[139.0707397,36.0278261],[139.0707383,36.0278193],[139.0707253,36.0277528],[139.0707129,36.0276862],[139.070701,36.0276196],[139.0706765,36.0274959],[139.0706148,36.0271903],[139.0705675,36.0269531],[139.0705593,36.0269087],[139.0705503,36.0268645],[139.0705407,36.0268203],[139.0705304,36.0267762],[139.0705195,36.0267322],[139.070508,36.0266884],[139.0704958,36.0266446],[139.0704829,36.026601],[139.0704719,36.0265603],[139.0704603,36.0265197],[139.0704482,36.0264792],[139.0704356,36.0264388],[139.0704225,36.0263985],[139.0705801,36.0263777],[139.0705872,36.0264033]]]},"properties":{"layer":"road","class_code":"1040","class_label":"道路"}},{"type":"Feature","id":"tran_197ccbfc-898a-4655-a887-667365ef3c4d","geometry":{"type":"Polygon","coordinates":[[[139.0704841,36.026731],[139.0704894,36.0267524],[139.0704915,36.026761],[139.070437,36.0267694],[139.0704297,36.0267399],[139.0704841,36.026731]]]},"properties":{"layer":"road","class_code":"1040","class_label":"道路"}},{"type":"Feature","id":"tran_bd96e778-83ee-4034-97cd-3a290d4336a8","geometry":{"type":"Polygon","coordinates":[[[139.070437,36.0267694],[139.0704915,36.026761],[139.0705041,36.0268152],[139.0705182,36.0268781],[139.0705313,36.0269396],[139.0705438,36.0269992],[139.0705559,36.0270569],[139.070568,36.027115],[139.0705811,36.0271795],[139.0705961,36.0272568],[139.0706157,36.027358],[139.0706336,36.0274471],[139.0705789,36.0274544],[139.0705609,36.0273651],[139.0705413,36.0272638],[139.0705263,36.0271867],[139.0705133,36.0271224],[139.0705012,36.0270644],[139.0704891,36.0270067],[139.0704766,36.0269472],[139.0704635,36.026886],[139.0704496,36.0268234],[139.070437,36.0267694]]]},"properties":{"layer":"road","class_code":"1040","class_label":"道路"}},{"type":"Feature","id":"tran_82222613-3f69-47b8-8d4d-c47204752d63","geometry":{"type":"Polygon","coordinates":[[[139.070505,36.026003],[139.0705928,36.0259699],[139.0706031,36.0259859],[139.0705139,36.0260195],[139.070505,36.026003]]]},"properties":{"layer":"road","class_code":"1040","class_label":"道路"}},{"type":"Feature","id":"tran_00c5f22c-a611-4a7b-9609-e809b9ee0e40","geometry":{"type":"Polygon","coordinates":[[[139.0705278,36.024932],[139.0705496,36.0249394],[139.07059,36.024955],[139.0706263,36.0249713],[139.0706484,36.0249824],[139.0706863,36.0250038],[139.0707209,36.0250265],[139.0707409,36.0250415],[139.0707766,36.0250717],[139.0708124,36.0251041],[139.0708287,36.0251184],[139.0708426,36.0251297],[139.0708471,36.0251329],[139.0708729,36.0251463],[139.0709062,36.0251603],[139.0709394,36.0251734],[139.0709676,36.025185],[139.0709904,36.0251952],[139.0710087,36.0252045],[139.0710232,36.0252131],[139.0710344,36.0252213],[139.0710431,36.0252293],[139.0710497,36.0252372],[139.0710545,36.0252451],[139.0710577,36.0252531],[139.0710598,36.0252607],[139.0710612,36.0252677],[139.0710625,36.0252738],[139.071064,36.0252792],[139.071066,36.0252844],[139.0710689,36.02529],[139.0710727,36.0252963],[139.0710777,36.0253036],[139.0710837,36.0253121],[139.071091,36.0253225],[139.0710995,36.0253356],[139.071109,36.0253519],[139.0711187,36.0253706],[139.0711277,36.0253904],[139.0711351,36.0254103],[139.071141,36.0254304],[139.071146,36.0254511],[139.07115,36.0254717],[139.0711532,36.0254902],[139.0711545,36.0254976],[139.071156,36.0255022],[139.0711582,36.0255067],[139.071161,36.0255108],[139.0711645,36.0255147],[139.0711686,36.0255181],[139.0711731,36.0255211],[139.0711764,36.0255231],[139.071197,36.0255349],[139.0712372,36.0255573],[139.0712926,36.0255882],[139.0713511,36.0256215],[139.0714019,36.0256516],[139.0714448,36.0256778],[139.0714846,36.0257021],[139.0715296,36.0257282],[139.0716053,36.0257691],[139.0717431,36.0258411],[139.071755,36.0258459],[139.0717387,36.0258731],[139.071737,36.0258715],[139.0717251,36.0258639],[139.0715871,36.0257917],[139.0715107,36.0257504],[139.071465,36.0257239],[139.0714248,36.0256994],[139.0713821,36.0256733],[139.0713318,36.0256435],[139.0712736,36.0256104],[139.0712184,36.0255796],[139.0711781,36.0255571],[139.0711568,36.025545],[139.0711531,36.0255427],[139.071148,36.0255384],[139.0711436,36.0255336],[139.07114,36.0255284],[139.0711373,36.0255229],[139.0711355,36.0255172],[139.0711345,36.0255112],[139.0711336,36.0255065],[139.0711313,36.0254927],[139.0711281,36.0254744],[139.0711241,36.0254542],[139.0711194,36.0254343],[139.0711136,36.025415],[139.0711066,36.0253961],[139.0710981,36.0253772],[139.0710887,36.0253593],[139.0710797,36.0253437],[139.0710716,36.0253312],[139.0710645,36.0253211],[139.0710583,36.0253125],[139.071053,36.0253047],[139.0710486,36.0252974],[139.0710451,36.0252905],[139.0710426,36.0252838],[139.0710408,36.0252773],[139.0710394,36.0252707],[139.071038,36.0252642],[139.0710363,36.0252578],[139.0710339,36.025252],[139.0710305,36.0252463],[139.0710256,36.0252404],[139.0710187,36.0252341],[139.0710091,36.0252271],[139.0709963,36.0252194],[139.0709792,36.0252108],[139.0709572,36.0252009],[139.0709296,36.0251896],[139.0708962,36.0251764],[139.0708618,36.025162],[139.0708336,36.0251473],[139.0708273,36.0251428],[139.0708127,36.0251308],[139.070796,36.0251162],[139.0707604,36.025084],[139.0707253,36.0250543],[139.0707064,36.0250401],[139.070673,36.0250183],[139.0706362,36.0249975],[139.0706151,36.0249869],[139.0705799,36.0249711],[139.0705405,36.0249558],[139.0705193,36.0249486],[139.0705278,36.024932]]]},"properties":{"layer":"road","class_code":"1040","class_label":"道路"}}]}