{"type":"FeatureCollection","properties":{"mesh_code":"54390046","source":"PLATEAU秩父市2025","layer":"road"},"features":[{"type":"Feature","id":"tran_e4344ee6-48da-4b86-9750-f9e2154a0a2c","geometry":{"type":"Polygon","coordinates":[[[139.0764766,36.0349681],[139.0765306,36.0349179],[139.076571,36.0348828],[139.0766075,36.0348476],[139.0766222,36.0348265],[139.0767062,36.0347136],[139.0767877,36.0345947],[139.0768265,36.0346123],[139.0767445,36.0347318],[139.0766604,36.0348447],[139.076644,36.0348683],[139.0766041,36.0349068],[139.0765635,36.0349421],[139.0765101,36.0349918],[139.0764766,36.0349681]]]},"properties":{"layer":"road","class_code":"1040","class_label":"道路"}},{"type":"Feature","id":"tran_9da21757-db81-4423-8c03-53dff061214f","geometry":{"type":"Polygon","coordinates":[[[139.0790669,36.0353121],[139.0790944,36.0353404],[139.0790928,36.0353637],[139.079094,36.0353701],[139.079097,36.0353759],[139.0790525,36.0354162],[139.0790309,36.0354097],[139.0790193,36.0354083],[139.0789944,36.0354041],[139.0789671,36.0353757],[139.0790117,36.0353475],[139.0790669,36.0353121]]]},"properties":{"layer":"road","class_code":"1040","class_label":"道路"}},{"type":"Feature","id":"tran_1b443986-62b4-4370-aee7-aa078c426e94","geometry":{"type":"Polygon","coordinates":[[[139.0831716,36.0385751],[139.0832056,36.0385518],[139.0832073,36.0385536],[139.0832655,36.0386094],[139.0833567,36.0387037],[139.0833218,36.038726],[139.0832311,36.0386323],[139.0831728,36.0385764],[139.0831716,36.0385751]]]},"properties":{"layer":"road","class_code":"1040","class_label":"道路"}},{"type":"Feature","id":"tran_879aeec5-d87c-44b5-9057-3f1cdf9c3833","geometry":{"type":"Polygon","coordinates":[[[139.076509,36.0345738],[139.0765317,36.0345912],[139.076461,36.034652],[139.0764383,36.0346347],[139.076509,36.0345738]]]},"properties":{"layer":"road","class_code":"1040","class_label":"道路"}},{"type":"Feature","id":"tran_61c8ae94-dc87-4613-b220-37cf3b80f097","geometry":{"type":"Polygon","coordinates":[[[139.0863664,36.0354767],[139.0863804,36.0354962],[139.0861486,36.0356061],[139.0861346,36.0355867],[139.0863664,36.0354767]]]},"properties":{"layer":"road","class_code":"1040","class_label":"道路"}},{"type":"Feature","id":"tran_c17c8cbd-e4f0-4717-afa8-e71ca8d3f6f2","geometry":{"type":"Polygon","coordinates":[[[139.0774471,36.0358154],[139.0774126,36.0358381],[139.0772964,36.0357217],[139.0772153,36.0356355],[139.0772133,36.0356328],[139.0772087,36.0356259],[139.0772043,36.0356184],[139.0772005,36.0356107],[139.0771973,36.0356029],[139.0771944,36.0355948],[139.0771923,36.0355867],[139.0771906,36.0355785],[139.0771896,36.0355702],[139.0771892,36.0355619],[139.0771893,36.0355539],[139.0771894,36.0355504],[139.0771904,36.0355424],[139.0771918,36.0355342],[139.0771939,36.0355261],[139.0771965,36.035518],[139.0771997,36.0355101],[139.0772033,36.0355023],[139.0772086,36.035493],[139.0772391,36.035456],[139.0773221,36.0353671],[139.0774472,36.0352373],[139.0775465,36.0351287],[139.077589,36.0350872],[139.0776066,36.0350727],[139.0777079,36.0350093],[139.0778078,36.0349397],[139.0778997,36.0348786],[139.0779206,36.0349113],[139.0778363,36.0349673],[139.077736,36.0350372],[139.0776361,36.0350997],[139.0776219,36.0351114],[139.0775814,36.035151],[139.0774825,36.0352591],[139.0773573,36.0353891],[139.0772753,36.035477],[139.0772475,36.0355106],[139.0772442,36.0355163],[139.0772414,36.0355222],[139.077239,36.0355281],[139.0772371,36.0355343],[139.0772356,36.0355404],[139.0772344,36.0355466],[139.0772338,36.0355528],[139.0772337,36.035555],[139.0772336,36.0355613],[139.0772339,36.0355676],[139.0772347,36.0355738],[139.0772359,36.03558],[139.0772376,36.0355862],[139.0772396,36.0355922],[139.0772421,36.0355981],[139.0772451,36.035604],[139.0772483,36.0356097],[139.0772521,36.0356153],[139.0773313,36.0356993],[139.0774471,36.0358154]]]},"properties":{"layer":"road","class_code":"1040","class_label":"道路"}},{"type":"Feature","id":"tran_20623ae4-48dd-4310-a9b3-844e2e263de9","geometry":{"type":"Polygon","coordinates":[[[139.0804592,36.0361365],[139.0804718,36.0361276],[139.0805132,36.0361146],[139.0805194,36.0361276],[139.0805246,36.0361373],[139.0805294,36.0361452],[139.0804895,36.0361609],[139.080467,36.0361609],[139.0804592,36.0361365]]]},"properties":{"layer":"road","class_code":"1040","class_label":"道路"}},{"type":"Feature","id":"tran_236aa4d7-6458-440e-8905-aaa53b3611bd","geometry":{"type":"Polygon","coordinates":[[[139.0866185,36.0358061],[139.0866657,36.0357825],[139.0867241,36.0357928],[139.086739,36.0358139],[139.0867293,36.0358218],[139.0867188,36.0358518],[139.0866718,36.0358758],[139.0866422,36.0358374],[139.0866185,36.0358061]]]},"properties":{"layer":"road","class_code":"1040","class_label":"道路"}},{"type":"Feature","id":"tran_f88e5ff9-0af9-4107-8482-49b5d099baca","geometry":{"type":"Polygon","coordinates":[[[139.0804918,36.0333251],[139.0805028,36.0333506],[139.0803391,36.0333972],[139.0803281,36.0333717],[139.0804918,36.0333251]]]},"properties":{"layer":"road","class_code":"1040","class_label":"道路"}},{"type":"Feature","id":"tran_17604ac6-85fc-4fed-aed6-544495f5fb4a","geometry":{"type":"Polygon","coordinates":[[[139.0807267,36.0375867],[139.0808152,36.0375905],[139.0808692,36.0376477],[139.0808403,36.0377061],[139.0807437,36.0377667],[139.0806301,36.0376472],[139.0807267,36.0375867]]]},"properties":{"layer":"road","class_code":"1040","class_label":"道路"}},{"type":"Feature","id":"tran_3551eb10-72f4-4ade-9519-4051b886edb8","geometry":{"type":"Polygon","coordinates":[[[139.077066,36.0350603],[139.0772401,36.0349507],[139.0774675,36.0348068],[139.0776048,36.034712],[139.0776761,36.034665],[139.0776971,36.0346918],[139.0776297,36.0347363],[139.077492,36.0348313],[139.077264,36.0349755],[139.0770898,36.0350852],[139.077066,36.0350603]]]},"properties":{"layer":"road","class_code":"1040","class_label":"道路"}},{"type":"Feature","id":"tran_7bdcebf0-92ee-43ff-a2a9-7f517f58e3f4","geometry":{"type":"Polygon","coordinates":[[[139.0764316,36.0338177],[139.0764357,36.0338184],[139.0766492,36.0338351],[139.0766887,36.0338379],[139.0767029,36.0338402],[139.0768017,36.0338781],[139.0768221,36.0338806],[139.076834,36.0338797],[139.0768459,36.0338786],[139.07686,36.033876],[139.0768998,36.0338597],[139.0769112,36.0338505],[139.0769494,36.0338806],[139.0769262,36.0338892],[139.076875,36.0339103],[139.0768533,36.0339142],[139.0768384,36.0339156],[139.0768208,36.0339168],[139.0767887,36.033913],[139.0766887,36.0338747],[139.0766823,36.0338736],[139.0766452,36.0338711],[139.0764291,36.0338541],[139.0764086,36.0338507],[139.076399,36.0338477],[139.0764316,36.0338177]]]},"properties":{"layer":"road","class_code":"1040","class_label":"道路"}},{"type":"Feature","id":"tran_3fc7ec5c-43e7-4e0e-9067-d9af5b82e5b3","geometry":{"type":"Polygon","coordinates":[[[139.0763795,36.0338411],[139.0764104,36.0338127],[139.076421,36.033816],[139.0764316,36.0338177],[139.076399,36.0338477],[139.0763945,36.0338518],[139.0763795,36.0338411]]]},"properties":{"layer":"road","class_code":"1040","class_label":"道路"}},{"type":"Feature","id":"tran_d60fdaec-4791-4fa5-9eea-5afe3ab226d4","geometry":{"type":"Polygon","coordinates":[[[139.0808521,36.0355889],[139.080856,36.0355809],[139.080871,36.0355451],[139.0809282,36.035558],[139.0809596,36.0355662],[139.080966,36.0355676],[139.0809525,36.035602],[139.0809385,36.0356014],[139.0809256,36.0356],[139.0809177,36.0355998],[139.0809077,36.0356001],[139.0808992,36.0356037],[139.0808521,36.0355889]]]},"properties":{"layer":"road","class_code":"1040","class_label":"道路"}},{"type":"Feature","id":"tran_b87b81ee-128d-4808-a183-49a151a4d3b0","geometry":{"type":"Polygon","coordinates":[[[139.0762887,36.034558],[139.0763334,36.0345483],[139.0763555,36.0345449],[139.0765111,36.0345315],[139.0765137,36.0345513],[139.0763591,36.0345645],[139.0763388,36.0345676],[139.076295,36.0345772],[139.0762887,36.034558]]]},"properties":{"layer":"road","class_code":"1040","class_label":"道路"}},{"type":"Feature","id":"tran_462640e4-b9d5-4060-9889-4b1b89a55d16","geometry":{"type":"Polygon","coordinates":[[[139.0763795,36.0338411],[139.0763945,36.0338518],[139.0762948,36.0339436],[139.0762798,36.0339328],[139.0763795,36.0338411]]]},"properties":{"layer":"road","class_code":"1040","class_label":"道路"}},{"type":"Feature","id":"tran_5352f34f-62fa-417d-bc41-cc14283cd0ed","geometry":{"type":"Polygon","coordinates":[[[139.0806124,36.0355664],[139.0806543,36.0355783],[139.0806136,36.0356726],[139.0805214,36.0358577],[139.0805126,36.0358764],[139.0805048,36.0358959],[139.0804984,36.0359156],[139.0804934,36.0359356],[139.0804915,36.0359451],[139.0804884,36.0359654],[139.0804868,36.0359857],[139.0804864,36.0360062],[139.0804872,36.0360176],[139.0804894,36.0360364],[139.0804929,36.0360552],[139.0804977,36.0360737],[139.0805038,36.036092],[139.080511,36.03611],[139.0805132,36.0361146],[139.0804718,36.0361276],[139.0804692,36.0361221],[139.0804612,36.0361022],[139.0804545,36.036082],[139.0804492,36.0360615],[139.0804453,36.0360409],[139.0804429,36.0360203],[139.080442,36.0360069],[139.0804424,36.0359843],[139.0804442,36.0359619],[139.0804476,36.03594],[139.0804497,36.0359291],[139.0804552,36.0359074],[139.0804622,36.0358857],[139.0804707,36.0358644],[139.0804801,36.0358444],[139.080572,36.0356599],[139.0806124,36.0355664]]]},"properties":{"layer":"road","class_code":"1040","class_label":"道路"}},{"type":"Feature","id":"tran_26f99f3f-d0f6-4ca8-85c2-d18a1964b382","geometry":{"type":"Polygon","coordinates":[[[139.0778564,36.0346353],[139.0779981,36.0347812],[139.0780022,36.0347851],[139.077908,36.0348502],[139.0777603,36.0346969],[139.0778564,36.0346353]]]},"properties":{"layer":"road","class_code":"1040","class_label":"道路"}},{"type":"Feature","id":"tran_aaf2ae18-8866-4245-b68b-47b28555fc9e","geometry":{"type":"Polygon","coordinates":[[[139.0795384,36.0339158],[139.0795868,36.033907],[139.0795985,36.0339035],[139.0796063,36.0339015],[139.07962,36.0338953],[139.0796245,36.0338927],[139.0796295,36.033888],[139.0796995,36.0338919],[139.0796909,36.0339938],[139.0796245,36.0339901],[139.0796088,36.0339751],[139.0795626,36.0339534],[139.0795384,36.0339158]]]},"properties":{"layer":"road","class_code":"1040","class_label":"道路"}},{"type":"Feature","id":"tran_8429abfd-6d49-4ba8-bb01-6c17b8b6eecc","geometry":{"type":"Polygon","coordinates":[[[139.0785609,36.0369697],[139.0785748,36.0369839],[139.0785381,36.0370043],[139.0785242,36.0369902],[139.0785609,36.0369697]]]},"properties":{"layer":"road","class_code":"1040","class_label":"道路"}},{"type":"Feature","id":"tran_336ec7c1-7096-4ccc-9681-e1df00ecf6c5","geometry":{"type":"Polygon","coordinates":[[[139.0861019,36.0406036],[139.086122,36.0406376],[139.0861322,36.0406549],[139.0861461,36.0406789],[139.0861607,36.040704],[139.0861713,36.0407171],[139.0861837,36.0407302],[139.0861927,36.040739],[139.0862062,36.0407513],[139.0862202,36.0407631],[139.0862348,36.0407744],[139.08625,36.0407852],[139.0862631,36.0407938],[139.0863182,36.0408297],[139.0863398,36.0408428],[139.0863969,36.0408757],[139.0864384,36.0408979],[139.0864974,36.0409384],[139.086545,36.0409714],[139.0865884,36.0410115],[139.0866387,36.0410598],[139.086715,36.0411442],[139.0867773,36.0412115],[139.0868385,36.0412729],[139.0868985,36.0413385],[139.0869089,36.0413504],[139.0870025,36.0414435],[139.0869682,36.0414663],[139.0868735,36.0413722],[139.0868626,36.0413596],[139.0868035,36.041295],[139.0867422,36.0412337],[139.0866794,36.0411657],[139.0866038,36.0410821],[139.0865548,36.041035],[139.0865138,36.0409972],[139.0864688,36.0409659],[139.0864118,36.0409268],[139.0863718,36.0409055],[139.0863136,36.0408719],[139.086291,36.0408581],[139.0862353,36.0408219],[139.0862214,36.0408128],[139.0862049,36.040801],[139.0861889,36.0407887],[139.0861736,36.0407759],[139.086159,36.0407625],[139.086149,36.0407527],[139.0861356,36.0407384],[139.0861229,36.0407238],[139.086111,36.0407088],[139.0860999,36.0406934],[139.0860896,36.0406776],[139.0860765,36.0406503],[139.0860662,36.040629],[139.0860619,36.0406211],[139.0861019,36.0406036]]]},"properties":{"layer":"road","class_code":"1040","class_label":"道路"}},{"type":"Feature","id":"tran_0003d279-1212-41bd-b2ad-5bf0fefc6a87","geometry":{"type":"Polygon","coordinates":[[[139.0774033,36.0358733],[139.0774241,36.0358978],[139.0774108,36.035905],[139.0771598,36.0360549],[139.0770017,36.036153],[139.0769795,36.0361293],[139.0771378,36.0360312],[139.0773897,36.0358806],[139.0774033,36.0358733]]]},"properties":{"layer":"road","class_code":"1040","class_label":"道路"}},{"type":"Feature","id":"tran_e708b0f2-ff2e-48d1-83ab-347bc3fe1a1f","geometry":{"type":"Polygon","coordinates":[[[139.0761362,36.0395853],[139.0761037,36.0395898],[139.0760719,36.0395968],[139.0760543,36.0396018],[139.0760241,36.0396125],[139.0760166,36.0396162],[139.0760028,36.0396238],[139.0759901,36.0396326],[139.0759783,36.0396423],[139.0759679,36.0396528],[139.0759586,36.0396641],[139.0759508,36.0396762],[139.0759488,36.0396796],[139.0759428,36.0396922],[139.0759383,36.0397054],[139.0759353,36.0397187],[139.075934,36.0397322],[139.0759342,36.0397458],[139.0759306,36.0398107],[139.0759347,36.0399089],[139.0759456,36.0399827],[139.0759552,36.0400189],[139.0759781,36.0400819],[139.0759865,36.0401006],[139.0760189,36.0401609],[139.0759451,36.0401812],[139.0759143,36.040124],[139.0759044,36.0401017],[139.0758798,36.0400345],[139.0758688,36.0399932],[139.0758572,36.0399137],[139.0758529,36.0398104],[139.0758565,36.0397448],[139.0758562,36.03973],[139.0758583,36.0397105],[139.0758625,36.0396912],[139.075869,36.0396723],[139.0758772,36.0396551],[139.0758811,36.0396481],[139.0758919,36.0396318],[139.0759051,36.0396155],[139.0759204,36.0396003],[139.0759373,36.0395863],[139.0759557,36.0395737],[139.0759748,36.0395629],[139.0759887,36.0395563],[139.0760258,36.0395431],[139.0760488,36.0395365],[139.0760871,36.0395281],[139.0761268,36.0395226],[139.0761672,36.0395202],[139.0762075,36.039521],[139.0762463,36.0395246],[139.0762553,36.0395259],[139.0764434,36.0395431],[139.0766925,36.0395657],[139.0769215,36.0396093],[139.0771234,36.0396646],[139.0771447,36.0396704],[139.0772468,36.0397053],[139.0772591,36.0397095],[139.0774896,36.0397801],[139.0777241,36.0398538],[139.0779577,36.0399345],[139.0780456,36.0399599],[139.0781354,36.0399813],[139.0782111,36.039996],[139.078303,36.0400097],[139.0783957,36.0400191],[139.0784889,36.0400243],[139.0785829,36.0400251],[139.0786238,36.0400242],[139.0787256,36.0400238],[139.0788243,36.0400189],[139.0789042,36.0400116],[139.0790017,36.0399984],[139.079098,36.0399809],[139.0791929,36.0399589],[139.0792863,36.0399325],[139.0793527,36.0399108],[139.0793781,36.0399023],[139.0794012,36.0398932],[139.0794236,36.0398831],[139.0794458,36.0398718],[139.0794562,36.0398659],[139.0794771,36.039853],[139.0794966,36.0398395],[139.0795152,36.0398251],[139.0795328,36.0398099],[139.0795496,36.0397935],[139.0795603,36.039782],[139.0798728,36.0395013],[139.0800197,36.0393864],[139.0802936,36.039179],[139.0805517,36.0389644],[139.0806059,36.0390096],[139.0803479,36.0392242],[139.0800732,36.0394323],[139.0799287,36.0395453],[139.0796201,36.0398223],[139.0796103,36.0398328],[139.0795911,36.0398516],[139.0795705,36.0398695],[139.0795487,36.0398864],[139.0795259,36.0399022],[139.0795019,36.039917],[139.0794887,36.0399244],[139.0794633,36.0399374],[139.079437,36.0399493],[139.0794098,36.0399599],[139.0793821,36.0399693],[139.0793136,36.0399916],[139.0792163,36.0400191],[139.0791172,36.040042],[139.0790166,36.0400603],[139.0789149,36.040074],[139.078831,36.0400818],[139.0787281,36.0400869],[139.0786251,36.0400873],[139.0785836,36.0400882],[139.0784857,36.0400874],[139.0783882,36.040082],[139.0782912,36.0400721],[139.078195,36.0400577],[139.0781154,36.0400423],[139.0780216,36.04002],[139.0779295,36.0399934],[139.0776948,36.0399122],[139.0774618,36.039839],[139.0773577,36.0398071],[139.0773255,36.0398196],[139.0772879,36.0398342],[139.0772299,36.0398192],[139.0771635,36.0398021],[139.0771358,36.0397358],[139.0771173,36.0397295],[139.0769001,36.03967],[139.0766793,36.0396279],[139.0764348,36.0396058],[139.0762441,36.0395884],[139.0762349,36.039587],[139.0762022,36.0395839],[139.0761692,36.0395833],[139.0761362,36.0395853]]]},"properties":{"layer":"road","class_code":"1040","class_label":"道路"}},{"type":"Feature","id":"tran_e037ac77-b876-42af-9b2c-1664a3633bfb","geometry":{"type":"Polygon","coordinates":[[[139.076295,36.0345772],[139.0762744,36.0345817],[139.0762715,36.034573],[139.0762682,36.0345689],[139.0762887,36.034558],[139.076295,36.0345772]]]},"properties":{"layer":"road","class_code":"1040","class_label":"道路"}},{"type":"Feature","id":"tran_9761ea79-33be-41ee-b7b2-46443adaae78","geometry":{"type":"Polygon","coordinates":[[[139.075839,36.0403834],[139.0759723,36.0403816],[139.0759711,36.0404107],[139.0759739,36.0404309],[139.0759785,36.040459],[139.0760493,36.0406889],[139.0761721,36.0410135],[139.0762846,36.0413295],[139.0762939,36.0413513],[139.0763016,36.0413735],[139.076307,36.041393],[139.0763118,36.0414158],[139.076315,36.0414387],[139.0763167,36.0414617],[139.0763167,36.0414847],[139.0763154,36.0415044],[139.0763178,36.0415349],[139.0763221,36.0415651],[139.0763277,36.0415909],[139.076336,36.0416206],[139.0763464,36.0416499],[139.0763555,36.0416716],[139.0764516,36.0418605],[139.0765774,36.0421152],[139.0766648,36.0423101],[139.0766654,36.0423219],[139.0766649,36.0423363],[139.0766605,36.0423789],[139.076565,36.0422954],[139.0765475,36.0422836],[139.0765486,36.0422352],[139.0765049,36.0421378],[139.0763797,36.0418843],[139.0762828,36.0416938],[139.0762723,36.0416689],[139.0762608,36.0416364],[139.0762515,36.0416033],[139.0762453,36.0415742],[139.0762404,36.0415405],[139.0762376,36.0415047],[139.076239,36.0414831],[139.076239,36.0414634],[139.0762376,36.0414441],[139.0762349,36.0414247],[139.0762308,36.0414053],[139.0762263,36.0413891],[139.0762197,36.0413702],[139.0762106,36.0413486],[139.0760976,36.0410315],[139.0760248,36.0408389],[139.075962,36.0406804],[139.075896,36.0405413],[139.075839,36.0403834]]]},"properties":{"layer":"road","class_code":"1040","class_label":"道路"}},{"type":"Feature","id":"tran_36091da9-86de-4d70-a0e3-cf47fbdeb1cf","geometry":{"type":"Polygon","coordinates":[[[139.080871,36.0355451],[139.0808993,36.0354371],[139.0809313,36.0353169],[139.08095,36.03521],[139.0809537,36.0351769],[139.080975,36.0350825],[139.0810131,36.0350882],[139.0809921,36.0351811],[139.0809886,36.0352137],[139.0809695,36.0353225],[139.0809373,36.0354437],[139.0809268,36.0354839],[139.0809334,36.0354978],[139.0809282,36.035558],[139.080871,36.0355451]]]},"properties":{"layer":"road","class_code":"1040","class_label":"道路"}},{"type":"Feature","id":"tran_758e77da-d9a0-400a-94b5-8145277d359f","geometry":{"type":"Polygon","coordinates":[[[139.0758895,36.0377314],[139.0761115,36.0380554],[139.0760382,36.0380874],[139.0758164,36.0377636],[139.0758895,36.0377314]]]},"properties":{"layer":"road","class_code":"1040","class_label":"道路"}},{"type":"Feature","id":"tran_09bfade7-d5bf-42dd-9ac0-0c92dcb7b2ac","geometry":{"type":"Polygon","coordinates":[[[139.0809525,36.035602],[139.080966,36.0355676],[139.081092,36.0355954],[139.0812856,36.0356372],[139.0814055,36.0356596],[139.0816273,36.0357077],[139.081857,36.0357565],[139.0821387,36.0358154],[139.0824377,36.0358784],[139.0827113,36.035939],[139.0826903,36.0359718],[139.0824263,36.0359133],[139.0821276,36.0358503],[139.0818459,36.0357914],[139.081616,36.0357426],[139.0813948,36.0356946],[139.0812749,36.0356722],[139.0810804,36.0356302],[139.0809525,36.035602]]]},"properties":{"layer":"road","class_code":"1040","class_label":"道路"}},{"type":"Feature","id":"tran_9e539532-4d3d-4f82-9985-8daca3305c93","geometry":{"type":"Polygon","coordinates":[[[139.0761722,36.033061],[139.0762763,36.0329937],[139.0765089,36.0332349],[139.0767332,36.0334669],[139.0769152,36.0336547],[139.0768105,36.0337215],[139.0767561,36.0336653],[139.0766286,36.0335337],[139.0764041,36.0333016],[139.0761722,36.033061]]]},"properties":{"layer":"road","class_code":"1040","class_label":"道路"}},{"type":"Feature","id":"tran_9e2bf6fd-a3ce-4c0a-96a9-bb0801406d60","geometry":{"type":"Polygon","coordinates":[[[139.0869906,36.0356619],[139.0869975,36.0356585],[139.0870115,36.03568],[139.086739,36.0358139],[139.0867241,36.0357928],[139.0869906,36.0356619]]]},"properties":{"layer":"road","class_code":"1040","class_label":"道路"}},{"type":"Feature","id":"tran_13e29dc6-e23f-4dae-8669-a80a46f33ca6","geometry":{"type":"Polygon","coordinates":[[[139.0854993,36.0415908],[139.0855143,36.0415925],[139.0857402,36.0416203],[139.085786,36.0416245],[139.0858539,36.0416333],[139.0858698,36.0416361],[139.0858592,36.0416757],[139.0858446,36.0416731],[139.0857793,36.0416647],[139.0857338,36.0416605],[139.0855072,36.0416326],[139.0854923,36.041631],[139.0854993,36.0415908]]]},"properties":{"layer":"road","class_code":"1040","class_label":"道路"}},{"type":"Feature","id":"tran_6ebcba6d-5774-4388-a39a-38a67d185136","geometry":{"type":"Polygon","coordinates":[[[139.0761115,36.0380554],[139.0763356,36.0383825],[139.0762629,36.0384154],[139.0760382,36.0380874],[139.0761115,36.0380554]]]},"properties":{"layer":"road","class_code":"1040","class_label":"道路"}},{"type":"Feature","id":"tran_a714ee70-11d9-4c36-9ccc-1ac19f0f9e36","geometry":{"type":"Polygon","coordinates":[[[139.0846984,36.0400384],[139.0847714,36.0399936],[139.0849501,36.0398734],[139.085077,36.0397941],[139.0852877,36.0396598],[139.0855077,36.0395179],[139.0857218,36.0393844],[139.0859396,36.039245],[139.0859415,36.0392443],[139.0859543,36.0392344],[139.0859627,36.0392761],[139.085749,36.0394129],[139.085535,36.0395464],[139.0853152,36.0396881],[139.0851043,36.0398225],[139.0849778,36.0399016],[139.0847989,36.0400219],[139.0847234,36.0400682],[139.0846984,36.0400384]]]},"properties":{"layer":"road","class_code":"1040","class_label":"道路"}},{"type":"Feature","id":"tran_2f671b17-7bf9-498f-a4d9-4bcb15cbb495","geometry":{"type":"Polygon","coordinates":[[[139.080324,36.0334219],[139.0803827,36.0335691],[139.0803534,36.0335689],[139.0802976,36.0334289],[139.080324,36.0334219]]]},"properties":{"layer":"road","class_code":"1040","class_label":"道路"}},{"type":"Feature","id":"tran_d4a6fb5c-e9d0-49f9-953e-48c8d0e32697","geometry":{"type":"Polygon","coordinates":[[[139.0785381,36.0370043],[139.0785748,36.0369839],[139.0786335,36.0370439],[139.0786527,36.0370574],[139.0786741,36.0370684],[139.0786974,36.0370766],[139.0787219,36.037082],[139.0787471,36.0370842],[139.0787724,36.0370834],[139.0789793,36.0370643],[139.0789952,36.0370623],[139.0790018,36.037098],[139.0789851,36.0371],[139.0786611,36.03713],[139.0785381,36.0370043]]]},"properties":{"layer":"road","class_code":"1040","class_label":"道路"}},{"type":"Feature","id":"tran_1ddd987c-abe9-43ba-a52a-71772235af42","geometry":{"type":"Polygon","coordinates":[[[139.0857802,36.0336572],[139.0858326,36.0336425],[139.0858381,36.0336553],[139.0859539,36.0339279],[139.0860902,36.0342473],[139.0861167,36.0343002],[139.0862363,36.0345074],[139.0862429,36.0345192],[139.0862522,36.0345362],[139.0862611,36.0345534],[139.0862696,36.0345707],[139.0862776,36.0345882],[139.0862853,36.0346058],[139.0862925,36.0346231],[139.0863002,36.0346409],[139.0863078,36.034659],[139.0863152,36.0346772],[139.0863224,36.0346954],[139.0863294,36.0347137],[139.0863362,36.034732],[139.0863428,36.0347504],[139.0863491,36.0347689],[139.0863553,36.0347874],[139.0863672,36.0348252],[139.0863778,36.0348635],[139.0863869,36.034902],[139.0863947,36.0349407],[139.0863978,36.0349593],[139.086345,36.0349788],[139.0863398,36.0349473],[139.0863323,36.0349099],[139.0863235,36.0348727],[139.0863132,36.0348357],[139.0863016,36.0347988],[139.0862957,36.0347808],[139.0862894,36.0347628],[139.086283,36.0347448],[139.0862764,36.0347269],[139.0862695,36.034709],[139.0862625,36.0346912],[139.0862552,36.0346734],[139.0862478,36.0346557],[139.08624,36.0346378],[139.0862329,36.0346205],[139.0862255,36.0346037],[139.0862178,36.034587],[139.0862097,36.0345704],[139.0862012,36.034554],[139.0861923,36.0345376],[139.0861801,36.034516],[139.0861235,36.0344614],[139.0861021,36.0344188],[139.0860377,36.0342621],[139.0859014,36.0339427],[139.0857856,36.0336699],[139.0857802,36.0336572]]]},"properties":{"layer":"road","class_code":"1040","class_label":"道路"}},{"type":"Feature","id":"tran_08d7bbfc-7f10-4925-8411-e0d80fb2d4d4","geometry":{"type":"Polygon","coordinates":[[[139.076059,36.0345102],[139.0760618,36.0344905],[139.0762432,36.0345073],[139.0762624,36.0345223],[139.076272,36.0345352],[139.0762774,36.0345439],[139.0762887,36.034558],[139.0762682,36.0345689],[139.0762561,36.0345538],[139.0762506,36.0345448],[139.0762432,36.0345348],[139.0762323,36.0345262],[139.076059,36.0345102]]]},"properties":{"layer":"road","class_code":"1040","class_label":"道路"}},{"type":"Feature","id":"tran_859d4fba-1d63-4dd9-9a32-289b913b4be1","geometry":{"type":"Polygon","coordinates":[[[139.0836122,36.0407227],[139.0837026,36.0406555],[139.0837203,36.0406551],[139.0837224,36.040655],[139.0837282,36.0406544],[139.0837344,36.0406519],[139.0837617,36.0406803],[139.0837533,36.0406886],[139.0837496,36.0406931],[139.083749,36.0406953],[139.0837489,36.0406975],[139.0837491,36.0407035],[139.0836459,36.0407573],[139.0836054,36.0407756],[139.0835806,36.0407455],[139.0836122,36.0407227]]]},"properties":{"layer":"road","class_code":"1040","class_label":"道路"}},{"type":"Feature","id":"tran_90643f05-2b2a-46be-a354-9258fa84ed6e","geometry":{"type":"Polygon","coordinates":[[[139.0837344,36.0406519],[139.0837599,36.0406366],[139.0839548,36.040508],[139.084169,36.0403709],[139.0843803,36.0402358],[139.0845973,36.0400982],[139.084627,36.0401251],[139.0844077,36.0402642],[139.0841965,36.0403992],[139.0839826,36.0405361],[139.0837871,36.0406651],[139.0837617,36.0406803],[139.0837344,36.0406519]]]},"properties":{"layer":"road","class_code":"1040","class_label":"道路"}},{"type":"Feature","id":"tran_ad9b728b-ef11-4496-a049-660eb6578239","geometry":{"type":"Polygon","coordinates":[[[139.0770675,36.0338115],[139.0772734,36.0340224],[139.0773942,36.0341469],[139.0772897,36.0342138],[139.0771689,36.0340895],[139.0769631,36.0338788],[139.0770675,36.0338115]]]},"properties":{"layer":"road","class_code":"1040","class_label":"道路"}},{"type":"Feature","id":"tran_920281d1-ae8a-40dd-8235-7b82796d70fd","geometry":{"type":"Polygon","coordinates":[[[139.0775052,36.0358761],[139.0775694,36.0359449],[139.0777001,36.0360832],[139.0777421,36.0361262],[139.0777073,36.0361486],[139.0776652,36.0361054],[139.0775341,36.0359668],[139.0774699,36.0358979],[139.0775052,36.0358761]]]},"properties":{"layer":"road","class_code":"1040","class_label":"道路"}},{"type":"Feature","id":"tran_402aee31-4dfe-4c82-8ce8-acbcdd2986ec","geometry":{"type":"Polygon","coordinates":[[[139.080634,36.0354822],[139.0806914,36.0354949],[139.080675,36.0355303],[139.0806742,36.0355322],[139.0806543,36.0355783],[139.0806124,36.0355664],[139.080611,36.0355501],[139.0806087,36.035546],[139.0806046,36.0355448],[139.0805895,36.0354922],[139.0806179,36.0354868],[139.080634,36.0354822]]]},"properties":{"layer":"road","class_code":"1040","class_label":"道路"}},{"type":"Feature","id":"tran_cf166263-c431-4f91-9533-e24232d15c85","geometry":{"type":"Polygon","coordinates":[[[139.0805602,36.0389047],[139.0805804,36.038909],[139.0805918,36.0389093],[139.0806043,36.0389095],[139.0806219,36.038908],[139.0806334,36.0388988],[139.0806879,36.0389437],[139.0806774,36.0389719],[139.0806734,36.0389914],[139.080673,36.0389946],[139.0806729,36.0389967],[139.080623,36.0389958],[139.0806109,36.0390055],[139.0806059,36.0390096],[139.0805517,36.0389644],[139.0805449,36.0389321],[139.0805345,36.038922],[139.0805602,36.0389047]]]},"properties":{"layer":"road","class_code":"1040","class_label":"道路"}},{"type":"Feature","id":"tran_10b19c2a-734c-4100-a890-0d0337ca5ac4","geometry":{"type":"Polygon","coordinates":[[[139.0812213,36.0397441],[139.0812488,36.0397724],[139.0812438,36.0398001],[139.0812147,36.0398289],[139.0811713,36.0398346],[139.0811352,36.0398135],[139.081155,36.0397911],[139.0811586,36.0397882],[139.0811722,36.0397756],[139.0812213,36.0397441]]]},"properties":{"layer":"road","class_code":"1040","class_label":"道路"}},{"type":"Feature","id":"tran_57641051-0b3c-47d2-abbb-7cab991c22ff","geometry":{"type":"Polygon","coordinates":[[[139.0795815,36.0335445],[139.0796187,36.0336258],[139.0795727,36.0336417],[139.0795347,36.0335586],[139.0795815,36.0335445]]]},"properties":{"layer":"road","class_code":"1040","class_label":"道路"}},{"type":"Feature","id":"tran_4455c3ee-a6ef-4168-b4b8-daeeb4fa1ec7","geometry":{"type":"Polygon","coordinates":[[[139.0812438,36.0398001],[139.0812958,36.0398586],[139.0814307,36.0399973],[139.0815808,36.0401516],[139.0817271,36.0403047],[139.0818525,36.0404336],[139.0820253,36.0406093],[139.0821778,36.0407689],[139.082369,36.0409639],[139.0826844,36.0412847],[139.0826497,36.0413072],[139.0823343,36.0409864],[139.0821428,36.0407912],[139.0819903,36.0406316],[139.0818177,36.040456],[139.0816922,36.0403269],[139.0815459,36.0401738],[139.0813959,36.0400197],[139.0812604,36.0398803],[139.0812147,36.0398289],[139.0812438,36.0398001]]]},"properties":{"layer":"road","class_code":"1040","class_label":"道路"}},{"type":"Feature","id":"tran_c726d478-92d3-4299-b49b-6207acd41ffd","geometry":{"type":"Polygon","coordinates":[[[139.0812213,36.0397441],[139.0812376,36.0397337],[139.0813941,36.0396352],[139.0815867,36.03951],[139.0818413,36.0393476],[139.0820813,36.0391958],[139.0821069,36.0392253],[139.0818686,36.0393759],[139.0816143,36.0395382],[139.0814216,36.0396635],[139.0812649,36.0397621],[139.0812488,36.0397724],[139.0812213,36.0397441]]]},"properties":{"layer":"road","class_code":"1040","class_label":"道路"}},{"type":"Feature","id":"tran_55b6ca18-5c9b-4280-b87a-1c9b02e856fd","geometry":{"type":"Polygon","coordinates":[[[139.0775951,36.033223],[139.0776224,36.0332511],[139.0776051,36.0332569],[139.0775995,36.0332603],[139.0772849,36.0334592],[139.0770089,36.0336376],[139.0769688,36.0336618],[139.076964,36.0336666],[139.0769312,36.033645],[139.0769853,36.0336126],[139.0772609,36.0334344],[139.0775755,36.0332356],[139.0775951,36.033223]]]},"properties":{"layer":"road","class_code":"1040","class_label":"道路"}},{"type":"Feature","id":"tran_eb913a99-7e33-4a04-a7aa-12d6cc10d171","geometry":{"type":"Polygon","coordinates":[[[139.0806473,36.0337868],[139.0807058,36.0338455],[139.0808199,36.0339441],[139.0808204,36.0339445],[139.0808264,36.0339497],[139.0808328,36.0339548],[139.0808395,36.0339596],[139.0808466,36.0339639],[139.0808539,36.0339681],[139.0808615,36.0339719],[139.0808692,36.0339753],[139.0808773,36.0339785],[139.0808855,36.0339813],[139.0808939,36.0339838],[139.0808957,36.0339843],[139.0809043,36.0339863],[139.0809129,36.033988],[139.0809217,36.0339892],[139.0809306,36.0339901],[139.0809394,36.0339907],[139.0809483,36.0339908],[139.0809572,36.0339906],[139.0809778,36.0339904],[139.0810074,36.0339889],[139.0810368,36.0339863],[139.081066,36.0339823],[139.0810716,36.0339815],[139.0811004,36.0339762],[139.0811288,36.0339696],[139.0811568,36.0339617],[139.0811665,36.0339591],[139.0812165,36.033947],[139.0812671,36.033937],[139.081296,36.0339323],[139.0813474,36.0339258],[139.0813993,36.0339214],[139.0814812,36.033917],[139.0815524,36.0339088],[139.0816638,36.0338965],[139.0817356,36.0338946],[139.0818119,36.0339001],[139.0818676,36.033906],[139.0818584,36.0339368],[139.0818083,36.033927],[139.0817347,36.0339216],[139.0816667,36.0339235],[139.081557,36.0339356],[139.0814846,36.0339439],[139.081402,36.0339483],[139.0813517,36.0339526],[139.0813018,36.0339589],[139.0812743,36.0339635],[139.0812251,36.0339732],[139.0811765,36.0339849],[139.0811675,36.0339874],[139.0811388,36.0339953],[139.0811087,36.0340024],[139.0810784,36.0340079],[139.0810719,36.034009],[139.0810413,36.0340131],[139.0810102,36.0340159],[139.080979,36.0340174],[139.0809579,36.0340176],[139.0809485,36.0340178],[139.0809378,36.0340177],[139.0809272,36.0340171],[139.0809167,36.0340159],[139.0809061,36.0340144],[139.0808958,36.0340125],[139.0808859,36.0340101],[139.0808831,36.0340094],[139.0808734,36.0340066],[139.0808635,36.0340032],[139.080854,36.0339994],[139.0808446,36.0339953],[139.0808356,36.0339907],[139.0808269,36.0339857],[139.0808185,36.0339804],[139.0808104,36.0339748],[139.0808027,36.0339688],[139.0807957,36.0339627],[139.0807953,36.0339624],[139.0806756,36.0338654],[139.0806171,36.0338066],[139.0806473,36.0337868]]]},"properties":{"layer":"road","class_code":"1040","class_label":"道路"}},{"type":"Feature","id":"tran_d4172f78-677d-4a16-a5f9-8eada8c0ad0c","geometry":{"type":"Polygon","coordinates":[[[139.0795735,36.0374357],[139.0795836,36.0374464],[139.0793162,36.0376143],[139.079306,36.0376036],[139.0795735,36.0374357]]]},"properties":{"layer":"road","class_code":"1040","class_label":"道路"}},{"type":"Feature","id":"tran_f7aec3d7-b558-41aa-908f-3e51377f1745","geometry":{"type":"Polygon","coordinates":[[[139.0758573,36.0402682],[139.0758606,36.0402694],[139.075864,36.0402704],[139.0758674,36.0402713],[139.075871,36.0402719],[139.0758745,36.0402725],[139.0758781,36.0402729],[139.0758817,36.0402731],[139.0758854,36.0402731],[139.075889,36.040273],[139.0758926,36.0402727],[139.0758962,36.0402723],[139.0758997,36.0402717],[139.0759032,36.0402709],[139.0759066,36.0402699],[139.07591,36.0402688],[139.0759133,36.0402675],[139.0759145,36.0402671],[139.0759177,36.0402656],[139.0759208,36.040264],[139.0759237,36.0402623],[139.0759265,36.0402604],[139.0759292,36.0402584],[139.0759316,36.0402563],[139.0759341,36.040254],[139.0759362,36.0402517],[139.0759383,36.0402493],[139.0759401,36.0402468],[139.0759418,36.0402442],[139.0759434,36.0402415],[139.0759448,36.0402388],[139.0759459,36.0402359],[139.0759468,36.0402331],[139.0759473,36.0402313],[139.0759451,36.0401812],[139.0760189,36.0401609],[139.0760247,36.0401707],[139.0760313,36.040185],[139.0760362,36.0401996],[139.0760394,36.0402147],[139.0760408,36.0402298],[139.0760405,36.0402451],[139.0760383,36.0402602],[139.0760364,36.0402687],[139.0760315,36.0402833],[139.0760249,36.0402976],[139.0760166,36.0403114],[139.0759723,36.0403816],[139.075839,36.0403834],[139.0758276,36.0403608],[139.0757991,36.0403131],[139.0757893,36.0402987],[139.0758573,36.0402682]]]},"properties":{"layer":"road","class_code":"1040","class_label":"道路"}},{"type":"Feature","id":"tran_00a14ca1-f8f2-46e8-9259-7232b317ab1f","geometry":{"type":"Polygon","coordinates":[[[139.0769112,36.0338505],[139.0769224,36.033837],[139.0770271,36.0337701],[139.0770312,36.0337744],[139.0770675,36.0338115],[139.0769631,36.0338788],[139.0769494,36.0338806],[139.0769112,36.0338505]]]},"properties":{"layer":"road","class_code":"1040","class_label":"道路"}},{"type":"Feature","id":"tran_fbe581ed-b50a-4ed8-b7bf-a34ee695675e","geometry":{"type":"Polygon","coordinates":[[[139.0805767,36.0337677],[139.080606,36.0337471],[139.0806215,36.0337487],[139.0806249,36.0337486],[139.0806569,36.0337659],[139.0806477,36.0337748],[139.0806457,36.0337788],[139.0806473,36.0337868],[139.0806171,36.0338066],[139.0806031,36.0337925],[139.0805767,36.0337677]]]},"properties":{"layer":"road","class_code":"1040","class_label":"道路"}},{"type":"Feature","id":"tran_4b19ac37-2cc4-4514-835a-95a291513be6","geometry":{"type":"Polygon","coordinates":[[[139.0772813,36.0342324],[139.0773072,36.0342617],[139.0772468,36.0342956],[139.0770766,36.0344021],[139.0769098,36.0345048],[139.0769013,36.0345124],[139.0768997,36.0345143],[139.0768666,36.0344899],[139.0768797,36.0344781],[139.0770496,36.0343735],[139.0772206,36.0342665],[139.0772813,36.0342324]]]},"properties":{"layer":"road","class_code":"1040","class_label":"道路"}},{"type":"Feature","id":"tran_613562b3-7eec-41c6-8b3b-bb9094d07271","geometry":{"type":"Polygon","coordinates":[[[139.0758353,36.0332955],[139.0758732,36.0332762],[139.0759954,36.0333968],[139.0761958,36.0336133],[139.0762421,36.033662],[139.0763517,36.0337778],[139.0763685,36.0337901],[139.0763926,36.0338064],[139.0764079,36.0338119],[139.0764104,36.0338127],[139.0763795,36.0338411],[139.076369,36.0338372],[139.0763395,36.0338173],[139.0763191,36.0338024],[139.0761857,36.0336617],[139.0761606,36.0336351],[139.0759606,36.0334191],[139.0758353,36.0332955]]]},"properties":{"layer":"road","class_code":"1040","class_label":"道路"}},{"type":"Feature","id":"tran_b47eb98b-788c-4ef8-80ff-f768cbbd7442","geometry":{"type":"Polygon","coordinates":[[[139.0803064,36.0333779],[139.0803281,36.0333717],[139.0803391,36.0333972],[139.080324,36.0334219],[139.0802976,36.0334289],[139.08028,36.0333848],[139.0803064,36.0333779]]]},"properties":{"layer":"road","class_code":"1040","class_label":"道路"}},{"type":"Feature","id":"tran_0fff955e-60d4-44ee-b7e3-6ddcd0038dc7","geometry":{"type":"Polygon","coordinates":[[[139.0793126,36.0376165],[139.0793186,36.0376281],[139.0793273,36.0376392],[139.0793304,36.0376427],[139.0794153,36.0377288],[139.0795379,36.037849],[139.0796879,36.0380047],[139.079761,36.038089],[139.0798667,36.0381864],[139.0799665,36.0382879],[139.0799787,36.0383008],[139.0799522,36.0383173],[139.0799403,36.0383046],[139.0798412,36.0382038],[139.0797349,36.0381058],[139.0796612,36.0380209],[139.079512,36.037866],[139.0793895,36.037746],[139.0793037,36.037659],[139.0792996,36.0376542],[139.0792842,36.0376344],[139.0793126,36.0376165]]]},"properties":{"layer":"road","class_code":"1040","class_label":"道路"}},{"type":"Feature","id":"tran_5afd64d8-c504-446a-91fe-4eba1813765c","geometry":{"type":"Polygon","coordinates":[[[139.0864025,36.0349903],[139.086406,36.0350185],[139.0864313,36.0352599],[139.0864359,36.0352895],[139.0864413,36.0353192],[139.0864476,36.0353488],[139.0864546,36.0353782],[139.0864606,36.0354004],[139.0864063,36.03541],[139.0864003,36.0353873],[139.086393,36.0353569],[139.0863866,36.0353263],[139.0863809,36.0352957],[139.0863761,36.0352647],[139.0863508,36.0350227],[139.0863492,36.03501],[139.0864025,36.0349903]]]},"properties":{"layer":"road","class_code":"1040","class_label":"道路"}},{"type":"Feature","id":"tran_31318f58-ef50-4c18-8622-9561318ddc61","geometry":{"type":"Polygon","coordinates":[[[139.0758231,36.0376344],[139.0758895,36.0377314],[139.0758164,36.0377636],[139.0757504,36.0376673],[139.0758231,36.0376344]]]},"properties":{"layer":"road","class_code":"1040","class_label":"道路"}},{"type":"Feature","id":"tran_3dcf25c3-7a53-4b57-baf8-385af45e6e6e","geometry":{"type":"Polygon","coordinates":[[[139.0813524,36.0383918],[139.0814482,36.0383303],[139.0814964,36.0383797],[139.0814007,36.0384413],[139.0813524,36.0383918]]]},"properties":{"layer":"road","class_code":"1040","class_label":"道路"}},{"type":"Feature","id":"tran_50d5db17-059f-4655-9384-ce5f4a26b63f","geometry":{"type":"Polygon","coordinates":[[[139.0803093,36.0399594],[139.0803176,36.0399654],[139.0802088,36.0400618],[139.0802007,36.0400557],[139.0803093,36.0399594]]]},"properties":{"layer":"road","class_code":"1040","class_label":"道路"}},{"type":"Feature","id":"tran_5917112e-25d1-42c5-aeb7-80602bdec879","geometry":{"type":"Polygon","coordinates":[[[139.0792752,36.0376229],[139.079306,36.0376036],[139.0793162,36.0376143],[139.0793126,36.0376165],[139.0792842,36.0376344],[139.0792752,36.0376229]]]},"properties":{"layer":"road","class_code":"1040","class_label":"道路"}},{"type":"Feature","id":"tran_25a24d00-d2fb-4313-9531-58e18e58b4f1","geometry":{"type":"Polygon","coordinates":[[[139.0773338,36.0342595],[139.0774381,36.0341922],[139.0774411,36.0341952],[139.0776271,36.0343857],[139.0777785,36.0345534],[139.0776788,36.0346128],[139.0775494,36.0344801],[139.0773366,36.0342623],[139.0773338,36.0342595]]]},"properties":{"layer":"road","class_code":"1040","class_label":"道路"}},{"type":"Feature","id":"tran_d2420bb4-1333-4bad-8ff7-cc8db38f5b95","geometry":{"type":"Polygon","coordinates":[[[139.0768452,36.0337573],[139.0769498,36.0336904],[139.0770271,36.0337701],[139.0769224,36.033837],[139.0768452,36.0337573]]]},"properties":{"layer":"road","class_code":"1040","class_label":"道路"}},{"type":"Feature","id":"tran_27ae7323-ec1c-4d20-a371-5ca3ef04b74f","geometry":{"type":"Polygon","coordinates":[[[139.0762744,36.0345817],[139.0760667,36.0346269],[139.0757278,36.0346946],[139.0757251,36.0346859],[139.0760639,36.0346183],[139.0762715,36.034573],[139.0762744,36.0345817]]]},"properties":{"layer":"road","class_code":"1040","class_label":"道路"}},{"type":"Feature","id":"tran_d344f51b-d07e-40ec-a6c2-5f82348ce799","geometry":{"type":"Polygon","coordinates":[[[139.0773514,36.0398572],[139.0775268,36.0401167],[139.0778158,36.0405313],[139.0780361,36.0408363],[139.07807,36.0408821],[139.0781044,36.0409279],[139.078139,36.0409735],[139.078174,36.0410189],[139.0782093,36.0410642],[139.0782448,36.0411091],[139.0782668,36.0411361],[139.0781781,36.0411498],[139.0781751,36.0411461],[139.0781391,36.0411005],[139.0781036,36.0410549],[139.0780683,36.0410091],[139.0780334,36.0409632],[139.0779988,36.0409171],[139.0779645,36.0408708],[139.0777437,36.0405651],[139.0774541,36.0401496],[139.0772785,36.0398897],[139.0773514,36.0398572]]]},"properties":{"layer":"road","class_code":"1040","class_label":"道路"}},{"type":"Feature","id":"tran_eed76686-8364-4e78-9c91-7960247cde6b","geometry":{"type":"Polygon","coordinates":[[[139.0802154,36.0344399],[139.0803534,36.0345096],[139.0803985,36.0345314],[139.0803758,36.0345624],[139.0803422,36.0345551],[139.0803306,36.0345539],[139.080321,36.0345535],[139.0803116,36.0345542],[139.0803054,36.0345557],[139.0802217,36.0346123],[139.0802164,36.0346158],[139.0801884,36.0345878],[139.0801929,36.0345823],[139.0801977,36.0345752],[139.0802018,36.0345678],[139.0802052,36.0345603],[139.0802078,36.0345524],[139.0802096,36.0345445],[139.0802105,36.0345365],[139.0802106,36.0345353],[139.0802107,36.0345273],[139.0802099,36.0345192],[139.0802083,36.0345112],[139.0802061,36.0345034],[139.0802029,36.0344957],[139.080199,36.0344883],[139.0801944,36.0344811],[139.080189,36.0344744],[139.0802154,36.0344399]]]},"properties":{"layer":"road","class_code":"1040","class_label":"道路"}},{"type":"Feature","id":"tran_9c6e6f10-b6b0-41ca-8b4a-bc13d36b1daa","geometry":{"type":"Polygon","coordinates":[[[139.0808521,36.0355889],[139.0808992,36.0356037],[139.0808362,36.0356922],[139.0808158,36.035704],[139.080795,36.0357357],[139.0807369,36.0358264],[139.0807279,36.035841],[139.0807179,36.0358595],[139.0807093,36.0358783],[139.080702,36.0358976],[139.0806972,36.0359129],[139.0806924,36.0359326],[139.0806888,36.0359525],[139.0806867,36.0359734],[139.0806859,36.0359794],[139.080685,36.0359909],[139.0806849,36.0360023],[139.0806856,36.0360136],[139.0806871,36.0360249],[139.0806894,36.0360361],[139.0806924,36.0360472],[139.0806962,36.0360581],[139.0807008,36.036069],[139.0807037,36.0360749],[139.0807096,36.0360854],[139.080716,36.0360954],[139.0807231,36.0361052],[139.0807298,36.0361133],[139.0807347,36.0361171],[139.0807397,36.0361208],[139.080745,36.0361242],[139.0807507,36.0361273],[139.0807564,36.0361303],[139.0807624,36.0361329],[139.0807685,36.0361352],[139.0807748,36.0361373],[139.0807805,36.0361389],[139.080787,36.0361404],[139.0807937,36.0361416],[139.0808003,36.0361424],[139.0808071,36.036143],[139.0808139,36.0361432],[139.0808206,36.0361432],[139.0808274,36.0361429],[139.0808366,36.0361419],[139.0810228,36.0361383],[139.0812029,36.0361328],[139.0814044,36.0361275],[139.0816296,36.0361216],[139.0817624,36.0361197],[139.0818715,36.0361164],[139.0819015,36.0361162],[139.0819542,36.0361177],[139.0820068,36.0361215],[139.0820399,36.0361252],[139.0820918,36.036133],[139.0821409,36.0361428],[139.0821483,36.0361438],[139.0822071,36.0361531],[139.0822657,36.0361652],[139.082323,36.03618],[139.0823509,36.0361882],[139.0824065,36.0362069],[139.0824615,36.0362283],[139.0824951,36.0362444],[139.0824769,36.0362671],[139.0824457,36.0362521],[139.082393,36.0362316],[139.0823389,36.0362135],[139.0823123,36.0362056],[139.0822566,36.0361913],[139.0821999,36.0361795],[139.0821423,36.0361704],[139.0821344,36.0361694],[139.0820847,36.0361595],[139.0820345,36.036152],[139.082003,36.0361484],[139.0819522,36.0361447],[139.0819011,36.0361432],[139.0818723,36.0361435],[139.0817634,36.0361468],[139.0816304,36.0361486],[139.0814054,36.0361545],[139.0812041,36.0361597],[139.0810237,36.0361654],[139.080839,36.036169],[139.0808305,36.0361698],[139.0808218,36.0361702],[139.0808132,36.0361703],[139.0808045,36.0361699],[139.080796,36.0361693],[139.0807873,36.0361681],[139.0807789,36.0361665],[139.0807706,36.0361647],[139.0807632,36.0361627],[139.0807551,36.03616],[139.0807474,36.036157],[139.0807398,36.0361537],[139.0807324,36.0361499],[139.0807253,36.0361459],[139.0807185,36.0361416],[139.080712,36.036137],[139.0807058,36.036132],[139.0807038,36.0361303],[139.0806949,36.0361196],[139.0806868,36.0361086],[139.0806796,36.0360972],[139.080673,36.0360854],[139.0806697,36.0360784],[139.0806645,36.0360662],[139.0806601,36.0360539],[139.0806567,36.0360412],[139.0806541,36.0360285],[139.0806524,36.0360157],[139.0806516,36.0360029],[139.0806518,36.03599],[139.0806528,36.0359771],[139.0806535,36.0359709],[139.0806558,36.0359494],[139.0806596,36.035928],[139.0806648,36.0359069],[139.0806699,36.0358902],[139.0806778,36.0358697],[139.0806871,36.0358493],[139.0806977,36.0358296],[139.0807073,36.0358141],[139.0807655,36.0357231],[139.0808476,36.0355984],[139.0808521,36.0355889]]]},"properties":{"layer":"road","class_code":"1040","class_label":"道路"}},{"type":"Feature","id":"tran_3dfb9b05-d410-439f-872c-ce480f45f9ed","geometry":{"type":"Polygon","coordinates":[[[139.0869975,36.0356585],[139.087036,36.0356316],[139.0870535,36.0356454],[139.087055,36.0356453],[139.0870579,36.0356455],[139.0870554,36.0356697],[139.0870388,36.0356712],[139.0870255,36.0356748],[139.0870115,36.03568],[139.0869975,36.0356585]]]},"properties":{"layer":"road","class_code":"1040","class_label":"道路"}},{"type":"Feature","id":"tran_06c30088-eaf0-4ed3-a672-b1f184d12b96","geometry":{"type":"Polygon","coordinates":[[[139.0768666,36.0344899],[139.0768997,36.0345143],[139.0768699,36.034549],[139.076865,36.0345562],[139.0768262,36.0345386],[139.0768187,36.034503],[139.0768226,36.0345025],[139.0768358,36.0344996],[139.0768658,36.0344908],[139.0768666,36.0344899]]]},"properties":{"layer":"road","class_code":"1040","class_label":"道路"}},{"type":"Feature","id":"tran_7d953199-397c-48ab-a84a-0c8d86b0aae3","geometry":{"type":"Polygon","coordinates":[[[139.0789952,36.0370623],[139.0790079,36.0370608],[139.0790355,36.0370555],[139.0790626,36.0370484],[139.0790888,36.0370395],[139.0791075,36.0370722],[139.0790943,36.0370787],[139.0790837,36.0370879],[139.0790766,36.037099],[139.0790735,36.0371113],[139.0790746,36.0371239],[139.0790799,36.0371357],[139.0790477,36.0371533],[139.0790452,36.0371503],[139.0790018,36.037098],[139.0789952,36.0370623]]]},"properties":{"layer":"road","class_code":"1040","class_label":"道路"}},{"type":"Feature","id":"tran_4ba404d8-88ca-4315-beae-ba237ffbb252","geometry":{"type":"Polygon","coordinates":[[[139.0847107,36.040095],[139.084718,36.0401024],[139.0848992,36.0402925],[139.085093,36.0404861],[139.0851597,36.0405614],[139.0847989,36.0407841],[139.084796,36.0407876],[139.0847929,36.0407918],[139.0847902,36.0407962],[139.0847878,36.0408008],[139.0847858,36.0408054],[139.0847841,36.0408101],[139.0847828,36.0408149],[139.0847819,36.0408198],[139.0847814,36.0408247],[139.0847812,36.0408297],[139.0847815,36.0408345],[139.084782,36.0408395],[139.0847831,36.0408444],[139.0847833,36.0408454],[139.0847848,36.0408502],[139.0847867,36.0408549],[139.0847888,36.0408595],[139.0847913,36.0408641],[139.0847942,36.0408684],[139.0847974,36.0408726],[139.0848009,36.0408766],[139.0848047,36.0408804],[139.0848088,36.040884],[139.0849589,36.0410373],[139.0850332,36.0411141],[139.0849982,36.0411364],[139.0849241,36.0410596],[139.084681,36.0408115],[139.0850701,36.0405713],[139.0850718,36.0405685],[139.0850733,36.0405654],[139.0850745,36.0405624],[139.0850757,36.0405593],[139.0850765,36.0405562],[139.0850771,36.0405533],[139.0850775,36.04055],[139.0850778,36.0405468],[139.0850778,36.0405436],[139.0850776,36.0405404],[139.0850772,36.0405371],[139.0850766,36.040534],[139.0850757,36.0405308],[139.0850746,36.0405278],[139.0850742,36.0405266],[139.0850577,36.040508],[139.0848643,36.0403149],[139.0846821,36.0401236],[139.0847107,36.040095]]]},"properties":{"layer":"road","class_code":"1040","class_label":"道路"}},{"type":"Feature","id":"tran_b25ef46f-5124-4d33-ab28-952127ce39b2","geometry":{"type":"Polygon","coordinates":[[[139.07975,36.0334946],[139.0797872,36.033577],[139.0797543,36.0335664],[139.0796322,36.0335999],[139.0796187,36.0336258],[139.0795815,36.0335445],[139.0796169,36.0335566],[139.0797335,36.0335245],[139.07975,36.0334946]]]},"properties":{"layer":"road","class_code":"1040","class_label":"道路"}},{"type":"Feature","id":"tran_7d10f4f9-2412-4f0a-870c-6184908c710a","geometry":{"type":"Polygon","coordinates":[[[139.0755689,36.0399191],[139.0756411,36.039896],[139.0757329,36.0400857],[139.0758573,36.0402682],[139.0757893,36.0402987],[139.0756625,36.0401126],[139.0756591,36.0401056],[139.0756353,36.0400566],[139.0755689,36.0399191]]]},"properties":{"layer":"road","class_code":"1040","class_label":"道路"}},{"type":"Feature","id":"tran_13f4dfe6-850e-4d9a-8764-96bdb7e639d3","geometry":{"type":"Polygon","coordinates":[[[139.0803758,36.0345624],[139.0803985,36.0345314],[139.0806476,36.0346516],[139.0806562,36.034656],[139.0806763,36.0346669],[139.0806958,36.0346786],[139.0807143,36.0346912],[139.0807181,36.0346941],[139.0807356,36.0347076],[139.0807522,36.034722],[139.0807677,36.0347369],[139.0807748,36.0347463],[139.0807857,36.0347618],[139.0807955,36.0347779],[139.0808042,36.0347944],[139.0808118,36.0348112],[139.0808182,36.0348284],[139.0808234,36.0348457],[139.0808276,36.0348634],[139.0808279,36.0348651],[139.0808307,36.0348829],[139.0808323,36.0349007],[139.0808327,36.0349187],[139.0808319,36.0349365],[139.0808298,36.0349544],[139.0808267,36.0349722],[139.0808053,36.0350915],[139.0807846,36.0352027],[139.0807811,36.0352339],[139.0807733,36.0352795],[139.0807623,36.0353248],[139.0807484,36.0353694],[139.0807344,36.0354064],[139.0807151,36.0354496],[139.0806928,36.035492],[139.0806914,36.0354949],[139.080634,36.0354822],[139.0806756,36.0353991],[139.0806988,36.0353551],[139.0807229,36.0353008],[139.0807295,36.0352736],[139.080737,36.0352297],[139.0807406,36.0351984],[139.0807613,36.0350861],[139.0807747,36.034949],[139.0807764,36.0349336],[139.0807771,36.0349182],[139.0807768,36.0349027],[139.0807754,36.0348873],[139.080773,36.0348714],[139.0807729,36.0348711],[139.0807692,36.0348554],[139.0807647,36.0348403],[139.0807592,36.0348256],[139.0807526,36.034811],[139.0807451,36.0347968],[139.0807366,36.034783],[139.0807271,36.0347693],[139.0807227,36.0347635],[139.0807106,36.0347519],[139.0806962,36.0347394],[139.0806804,36.0347271],[139.0806779,36.0347253],[139.0806612,36.034714],[139.0806426,36.0346957],[139.0806247,36.0346826],[139.0803758,36.0345624]]]},"properties":{"layer":"road","class_code":"1040","class_label":"道路"}},{"type":"Feature","id":"tran_c33dc6a6-6b71-46cd-b048-62ffe0922ce8","geometry":{"type":"Polygon","coordinates":[[[139.0860681,36.0353387],[139.0860906,36.0353731],[139.0861037,36.035391],[139.0861102,36.0353975],[139.0861138,36.0353995],[139.0861189,36.0354015],[139.0861262,36.0354035],[139.0861363,36.0354054],[139.0861503,36.0354072],[139.0861677,36.0354091],[139.0861874,36.0354109],[139.086208,36.0354127],[139.0862281,36.0354145],[139.0862475,36.0354164],[139.0862661,36.0354183],[139.0862843,36.0354203],[139.0863028,36.0354225],[139.0863239,36.0354256],[139.0863504,36.0354307],[139.0863801,36.0354376],[139.0863664,36.0354767],[139.0863624,36.0354739],[139.0863491,36.0354664],[139.0863349,36.03546],[139.0863199,36.0354547],[139.0863044,36.0354508],[139.0862885,36.0354481],[139.0862797,36.0354471],[139.0862618,36.0354451],[139.0862434,36.0354432],[139.0862243,36.0354414],[139.0862043,36.0354396],[139.0861837,36.0354378],[139.0861637,36.0354359],[139.0861454,36.035434],[139.0861299,36.0354319],[139.0861171,36.0354295],[139.0861064,36.0354266],[139.0860969,36.035423],[139.0860872,36.0354174],[139.0860763,36.0354065],[139.0860616,36.0353863],[139.0860387,36.0353513],[139.0860681,36.0353387]]]},"properties":{"layer":"road","class_code":"1040","class_label":"道路"}},{"type":"Feature","id":"tran_17d99e77-6458-465a-8de3-9c91486c3147","geometry":{"type":"Polygon","coordinates":[[[139.0803534,36.0335689],[139.0803532,36.0336097],[139.0803477,36.0336105],[139.0801999,36.0336403],[139.0800864,36.0336667],[139.0800727,36.0336277],[139.0801869,36.0336011],[139.0803376,36.0335707],[139.0803462,36.0335695],[139.0803534,36.0335689]]]},"properties":{"layer":"road","class_code":"1040","class_label":"道路"}},{"type":"Feature","id":"tran_1d9956c6-56c8-4454-bd96-1955374171b4","geometry":{"type":"Polygon","coordinates":[[[139.0776788,36.0346128],[139.0777785,36.0345534],[139.0778008,36.0345782],[139.0778564,36.0346353],[139.0777603,36.0346969],[139.0776971,36.0346918],[139.0776761,36.034665],[139.0776788,36.0346128]]]},"properties":{"layer":"road","class_code":"1040","class_label":"道路"}},{"type":"Feature","id":"tran_c7da2c5f-2e7e-4c1c-a4a6-e260cf095662","geometry":{"type":"Polygon","coordinates":[[[139.0859877,36.0405712],[139.0859959,36.0405646],[139.0860028,36.040557],[139.086008,36.0405487],[139.0860115,36.0405397],[139.0860132,36.0405305],[139.086013,36.0405211],[139.0860559,36.040512],[139.0860607,36.040526],[139.0860624,36.040531],[139.0860702,36.040547],[139.0860783,36.0405626],[139.0860868,36.040578],[139.0860958,36.0405933],[139.0861019,36.0406036],[139.0860619,36.0406211],[139.0860562,36.040613],[139.0860478,36.0406066],[139.0860375,36.0406024],[139.0860262,36.0406009],[139.0860148,36.040602],[139.0860043,36.0406059],[139.0859877,36.0405712]]]},"properties":{"layer":"road","class_code":"1040","class_label":"道路"}},{"type":"Feature","id":"tran_06808bf2-2e11-4163-b984-791b225e340a","geometry":{"type":"Polygon","coordinates":[[[139.0768262,36.0345386],[139.076865,36.0345562],[139.0768432,36.0345879],[139.0768044,36.0345703],[139.0768262,36.0345386]]]},"properties":{"layer":"road","class_code":"1040","class_label":"道路"}},{"type":"Feature","id":"tran_c1bafcbc-0989-451c-a392-4a8069edfb1e","geometry":{"type":"Polygon","coordinates":[[[139.087601,36.0340828],[139.0876156,36.0341019],[139.087506,36.0341572],[139.087296,36.0342602],[139.087136,36.0343335],[139.0869842,36.0343984],[139.0867955,36.0344849],[139.0867818,36.0344653],[139.0869708,36.0343786],[139.0871228,36.0343137],[139.087282,36.0342407],[139.0874915,36.034138],[139.087601,36.0340828]]]},"properties":{"layer":"road","class_code":"1040","class_label":"道路"}},{"type":"Feature","id":"tran_ca6c4dd8-ceeb-4c85-a421-e422a06ab905","geometry":{"type":"Polygon","coordinates":[[[139.0813524,36.0383918],[139.0814007,36.0384413],[139.0813246,36.0384872],[139.0811476,36.0386042],[139.0809659,36.0387306],[139.0807585,36.0388872],[139.0806879,36.0389437],[139.0806334,36.0388988],[139.0807047,36.0388416],[139.0809142,36.0386835],[139.0810978,36.0385558],[139.0812769,36.0384373],[139.0813524,36.0383918]]]},"properties":{"layer":"road","class_code":"1040","class_label":"道路"}},{"type":"Feature","id":"tran_5f18acb4-251c-4fc3-8fa8-adbd3c1ca38f","geometry":{"type":"Polygon","coordinates":[[[139.080342,36.0399289],[139.0803093,36.0399594],[139.0802933,36.0399481],[139.0800015,36.0397293],[139.0800818,36.0396736],[139.0800959,36.0396634],[139.0801093,36.0396531],[139.0801225,36.0396423],[139.0801277,36.0396379],[139.0801402,36.0396267],[139.0801522,36.0396153],[139.0801633,36.0396039],[139.0801707,36.0395955],[139.0801871,36.0395758],[139.0802028,36.0395555],[139.080204,36.0395538],[139.0802189,36.0395331],[139.0802328,36.0395122],[139.0802461,36.0394906],[139.0802819,36.0394324],[139.0803204,36.0393719],[139.0803271,36.0393624],[139.0803369,36.0393501],[139.0803478,36.0393383],[139.0803592,36.0393272],[139.080365,36.0393221],[139.0803777,36.039312],[139.0803914,36.0393022],[139.0804058,36.0392932],[139.0804384,36.0392754],[139.0804941,36.0392438],[139.0804979,36.039241],[139.0805114,36.0392302],[139.0805239,36.0392188],[139.0805329,36.0392098],[139.0805438,36.0391973],[139.0805529,36.0391854],[139.0805679,36.0391588],[139.080582,36.0391316],[139.0805886,36.0391182],[139.0806011,36.0390905],[139.080613,36.0390615],[139.0806184,36.0390492],[139.0806218,36.0390374],[139.0806222,36.0390346],[139.0806231,36.0390226],[139.0806225,36.0390154],[139.080623,36.0389958],[139.0806729,36.0389967],[139.0806725,36.0390144],[139.0806731,36.0390224],[139.080672,36.0390387],[139.080671,36.0390449],[139.0806664,36.0390608],[139.0806601,36.0390747],[139.0806482,36.0391039],[139.0806353,36.0391326],[139.0806283,36.0391469],[139.0806137,36.0391751],[139.0805979,36.0392029],[139.0805969,36.0392047],[139.0805854,36.0392198],[139.0805727,36.0392342],[139.0805621,36.0392451],[139.0805475,36.0392582],[139.0805321,36.0392706],[139.0805253,36.0392755],[139.0804667,36.0393088],[139.080435,36.0393261],[139.0804231,36.0393336],[139.0804118,36.0393417],[139.0804011,36.0393502],[139.0803967,36.0393541],[139.0803869,36.0393634],[139.080378,36.0393733],[139.0803698,36.0393836],[139.0803643,36.0393914],[139.0803264,36.0394508],[139.0802908,36.0395087],[139.080277,36.039531],[139.0802624,36.039553],[139.080247,36.0395745],[139.0802453,36.0395768],[139.0802289,36.0395979],[139.0802117,36.0396185],[139.0802032,36.0396283],[139.0801907,36.039641],[139.0801777,36.0396535],[139.0801642,36.0396656],[139.0801583,36.0396706],[139.0801442,36.0396821],[139.0801297,36.0396934],[139.0801146,36.0397042],[139.0801106,36.039707],[139.080107,36.0397091],[139.0801038,36.0397115],[139.0801008,36.0397143],[139.0800985,36.0397173],[139.0800966,36.0397206],[139.0800951,36.0397241],[139.0800943,36.0397278],[139.0800939,36.0397314],[139.0800942,36.039735],[139.0800951,36.0397385],[139.0800965,36.0397419],[139.0800983,36.0397453],[139.0801007,36.0397483],[139.0801012,36.0397488],[139.0803266,36.039918],[139.080342,36.0399289]]]},"properties":{"layer":"road","class_code":"1040","class_label":"道路"}},{"type":"Feature","id":"tran_5237db3c-8eaf-42d6-b540-585ca8c737d5","geometry":{"type":"Polygon","coordinates":[[[139.0814007,36.0384413],[139.0814964,36.0383797],[139.0816006,36.0384866],[139.0818576,36.0387534],[139.0821937,36.039099],[139.082194,36.0390991],[139.0821063,36.0391692],[139.0817617,36.0388148],[139.0815047,36.0385479],[139.0814007,36.0384413]]]},"properties":{"layer":"road","class_code":"1040","class_label":"道路"}},{"type":"Feature","id":"tran_2f240b84-0bbf-468b-983e-95d5a7274377","geometry":{"type":"Polygon","coordinates":[[[139.0870025,36.0414435],[139.0870092,36.0414482],[139.0870169,36.0414517],[139.0870184,36.0414522],[139.0870269,36.041454],[139.0870358,36.0414543],[139.0870446,36.0414532],[139.087048,36.0414523],[139.0870725,36.0414707],[139.0870254,36.0415123],[139.0870157,36.0415228],[139.0870056,36.0415335],[139.0869749,36.0415142],[139.0869775,36.0415043],[139.0869777,36.0415001],[139.0869776,36.0414966],[139.0869773,36.0414927],[139.0869768,36.0414853],[139.0869744,36.0414785],[139.0869682,36.0414663],[139.0870025,36.0414435]]]},"properties":{"layer":"road","class_code":"1040","class_label":"道路"}},{"type":"Feature","id":"tran_b8309477-75e7-46e1-aae2-7243332298f2","geometry":{"type":"Polygon","coordinates":[[[139.0853351,36.0416131],[139.0853421,36.0415729],[139.0853631,36.0415622],[139.0853665,36.0415593],[139.085371,36.0415547],[139.0853727,36.0415514],[139.0853738,36.0415482],[139.0853743,36.0415447],[139.0853745,36.0415363],[139.0853726,36.0415274],[139.085408,36.0415056],[139.0854661,36.0415679],[139.0854686,36.0415702],[139.0854762,36.0415771],[139.0854851,36.0415838],[139.0854993,36.0415908],[139.0854923,36.041631],[139.0853351,36.0416131]]]},"properties":{"layer":"road","class_code":"1040","class_label":"道路"}},{"type":"Feature","id":"tran_9b137fbf-3e05-46e2-babb-53d571eaffa3","geometry":{"type":"Polygon","coordinates":[[[139.0772897,36.0342138],[139.0773942,36.0341469],[139.0774381,36.0341922],[139.0773338,36.0342595],[139.0773072,36.0342617],[139.0772813,36.0342324],[139.0772897,36.0342138]]]},"properties":{"layer":"road","class_code":"1040","class_label":"道路"}},{"type":"Feature","id":"tran_c0889d59-a066-4b4a-8b19-0117474dd0c1","geometry":{"type":"Polygon","coordinates":[[[139.0816596,36.0370574],[139.0817421,36.0370048],[139.081797,36.0370615],[139.0817984,36.0370919],[139.0817472,36.0371103],[139.0817084,36.0371079],[139.0816596,36.0370574]]]},"properties":{"layer":"road","class_code":"1040","class_label":"道路"}},{"type":"Feature","id":"tran_af439823-dcaf-4e64-a9f9-5708942cc72c","geometry":{"type":"Polygon","coordinates":[[[139.0790477,36.0371533],[139.0790799,36.0371357],[139.0791283,36.0371941],[139.0792069,36.0372898],[139.0792169,36.0373051],[139.079225,36.037321],[139.0792311,36.037337],[139.0792329,36.0373431],[139.0792394,36.0373628],[139.0792485,36.0374179],[139.0792706,36.037513],[139.0792828,36.0375531],[139.0792965,36.0375855],[139.079306,36.0376036],[139.0792752,36.0376229],[139.0792611,36.0376049],[139.0792499,36.0375882],[139.0792292,36.0375481],[139.079218,36.037521],[139.0792039,36.0374756],[139.0792014,36.0374707],[139.0791976,36.0374616],[139.0791949,36.0374521],[139.0791932,36.0374425],[139.0791928,36.0374328],[139.0791935,36.0374231],[139.0791936,36.0374222],[139.0791955,36.0374126],[139.079197,36.0374061],[139.0791989,36.0373919],[139.0791993,36.0373777],[139.0791979,36.0373635],[139.0791949,36.0373495],[139.0791936,36.0373452],[139.0791885,36.0373317],[139.0791818,36.0373185],[139.0791736,36.037306],[139.0790961,36.0372117],[139.0790477,36.0371533]]]},"properties":{"layer":"road","class_code":"1040","class_label":"道路"}},{"type":"Feature","id":"tran_5683bdb9-4761-468f-8fe6-c8382dd4b6fa","geometry":{"type":"Polygon","coordinates":[[[139.0755483,36.0333923],[139.0756836,36.033301],[139.0757669,36.0332496],[139.0757937,36.0332783],[139.0757112,36.0333292],[139.0755766,36.0334201],[139.0755483,36.0333923]]]},"properties":{"layer":"road","class_code":"1040","class_label":"道路"}},{"type":"Feature","id":"tran_efcb971f-40f3-4ed6-a80c-3b1c30329fdd","geometry":{"type":"Polygon","coordinates":[[[139.086334,36.0349829],[139.086345,36.0349788],[139.0863978,36.0349593],[139.0864011,36.0349796],[139.0864025,36.0349903],[139.0863492,36.03501],[139.086334,36.0349829]]]},"properties":{"layer":"road","class_code":"1040","class_label":"道路"}},{"type":"Feature","id":"tran_4112830e-5d59-4cea-9f72-7ffc3b632af6","geometry":{"type":"Polygon","coordinates":[[[139.0790669,36.0353121],[139.0792132,36.0352181],[139.0794243,36.0350843],[139.0796326,36.0349483],[139.0798722,36.0347937],[139.0800505,36.034679],[139.0801884,36.0345878],[139.0802164,36.0346158],[139.0800783,36.0347071],[139.0798998,36.034822],[139.0796603,36.0349765],[139.0794519,36.0351126],[139.0792407,36.0352464],[139.0790944,36.0353404],[139.0790669,36.0353121]]]},"properties":{"layer":"road","class_code":"1040","class_label":"道路"}},{"type":"Feature","id":"tran_6463016a-5fdd-46a7-8fba-efbbc1977beb","geometry":{"type":"Polygon","coordinates":[[[139.0751483,36.0365156],[139.0750858,36.0365406],[139.0750111,36.0365705],[139.0749826,36.0365819],[139.0749658,36.0365583],[139.0749958,36.0365464],[139.0750705,36.0365165],[139.0751357,36.0364905],[139.0751483,36.0365156]]]},"properties":{"layer":"road","class_code":"1040","class_label":"道路"}},{"type":"Feature","id":"tran_12dd9d24-f195-4652-b5b5-dc85fdd0c10b","geometry":{"type":"Polygon","coordinates":[[[139.0819052,36.0339642],[139.0819213,36.0339737],[139.0819161,36.0339795],[139.0819161,36.0339844],[139.0819164,36.0339866],[139.0819614,36.0340538],[139.0819689,36.0340697],[139.0819684,36.0340786],[139.0819669,36.0340805],[139.0819638,36.0340807],[139.0819192,36.0340785],[139.0819055,36.0340791],[139.0818681,36.0340807],[139.0817186,36.0340883],[139.0817084,36.0340907],[139.0816996,36.034094],[139.081691,36.0340793],[139.0817013,36.0340755],[139.0817152,36.0340722],[139.081867,36.0340645],[139.0819045,36.0340629],[139.0819194,36.0340623],[139.0819446,36.0340636],[139.0819432,36.0340606],[139.0818971,36.0339917],[139.0818961,36.0339854],[139.0818962,36.0339741],[139.0819052,36.0339642]]]},"properties":{"layer":"road","class_code":"1040","class_label":"道路"}},{"type":"Feature","id":"tran_968fd958-b9c2-4c19-98c6-a5567032fbd6","geometry":{"type":"Polygon","coordinates":[[[139.0769152,36.0336547],[139.0769312,36.033645],[139.076964,36.0336666],[139.076955,36.0336757],[139.0769515,36.0336818],[139.0769498,36.0336904],[139.0768452,36.0337573],[139.0768105,36.0337215],[139.0769152,36.0336547]]]},"properties":{"layer":"road","class_code":"1040","class_label":"道路"}},{"type":"Feature","id":"tran_dc52e858-400f-44d2-815a-cdf862fa6fe0","geometry":{"type":"Polygon","coordinates":[[[139.0858326,36.0336425],[139.0857802,36.0336572],[139.0857414,36.0336492],[139.085736,36.0336304],[139.0857572,36.0335983],[139.0858108,36.0335867],[139.0858132,36.0335941],[139.0858268,36.0336289],[139.0858326,36.0336425]]]},"properties":{"layer":"road","class_code":"1040","class_label":"道路"}},{"type":"Feature","id":"tran_8b491582-5c17-415e-bdbd-5801ec51e822","geometry":{"type":"Polygon","coordinates":[[[139.0823969,36.0364905],[139.0824731,36.0365274],[139.0824551,36.036552],[139.082416,36.0366008],[139.0823736,36.0366478],[139.0823455,36.0366762],[139.0822981,36.0367201],[139.0822476,36.036762],[139.0821943,36.0368017],[139.0821399,36.0368379],[139.0818304,36.0370402],[139.081797,36.0370615],[139.0817421,36.0370048],[139.0817751,36.0369837],[139.0820839,36.0367819],[139.0821361,36.0367472],[139.0821858,36.0367102],[139.082233,36.036671],[139.0822775,36.0366298],[139.0823031,36.0366039],[139.0823429,36.0365598],[139.0823798,36.0365138],[139.0823969,36.0364905]]]},"properties":{"layer":"road","class_code":"1040","class_label":"道路"}},{"type":"Feature","id":"tran_08a8d561-cf2e-4127-af97-67262f215239","geometry":{"type":"Polygon","coordinates":[[[139.080342,36.0399289],[139.0803504,36.0399348],[139.0803176,36.0399654],[139.0803093,36.0399594],[139.080342,36.0399289]]]},"properties":{"layer":"road","class_code":"1040","class_label":"道路"}},{"type":"Feature","id":"tran_cf23d233-cc87-4081-b60e-423a2133cca3","geometry":{"type":"Polygon","coordinates":[[[139.0817984,36.0370919],[139.0818576,36.0371634],[139.0819361,36.0372417],[139.0820421,36.037351],[139.0821542,36.0374654],[139.0822756,36.0375907],[139.0823829,36.0377011],[139.0824816,36.0378034],[139.0825742,36.0379009],[139.0826659,36.0379934],[139.0827228,36.0380524],[139.0826879,36.0380747],[139.0826311,36.0380159],[139.0825394,36.0379232],[139.0824466,36.0378256],[139.082348,36.0377235],[139.0822407,36.037613],[139.0821194,36.0374878],[139.0820073,36.0373734],[139.0819014,36.0372643],[139.0818103,36.0371734],[139.0817472,36.0371103],[139.0817984,36.0370919]]]},"properties":{"layer":"road","class_code":"1040","class_label":"道路"}},{"type":"Feature","id":"tran_19a07a37-5c28-4c4f-a4d3-c096f013cbe5","geometry":{"type":"Polygon","coordinates":[[[139.087676,36.0341578],[139.087693,36.0341811],[139.0875291,36.0342602],[139.0875,36.0342759],[139.0874926,36.0342819],[139.0874868,36.0342881],[139.0874837,36.0342944],[139.0874825,36.0343071],[139.0874824,36.0343217],[139.0874863,36.0343492],[139.0875141,36.0344525],[139.0874815,36.0344582],[139.0874534,36.0343537],[139.0874491,36.0343231],[139.0874492,36.034306],[139.0874509,36.0342884],[139.0874574,36.0342746],[139.0874675,36.034264],[139.087479,36.0342549],[139.0875113,36.0342374],[139.087676,36.0341578]]]},"properties":{"layer":"road","class_code":"1040","class_label":"道路"}},{"type":"Feature","id":"tran_7b411f1e-d976-46a8-b624-270ca50066b2","geometry":{"type":"Polygon","coordinates":[[[139.0767877,36.0345947],[139.0767897,36.0345695],[139.0768044,36.0345703],[139.0768432,36.0345879],[139.0768265,36.0346123],[139.0767877,36.0345947]]]},"properties":{"layer":"road","class_code":"1040","class_label":"道路"}},{"type":"Feature","id":"tran_dee8c9c9-551f-4287-a3f1-94b049c8409e","geometry":{"type":"Polygon","coordinates":[[[139.0796808,36.0365013],[139.0796925,36.0365129],[139.0799001,36.0367286],[139.0799079,36.0367385],[139.0797849,36.036802],[139.0795568,36.0365505],[139.0796808,36.0365013]]]},"properties":{"layer":"road","class_code":"1040","class_label":"道路"}},{"type":"Feature","id":"tran_d3e68d6b-2bb8-4b5a-8452-6960a09078c1","geometry":{"type":"Polygon","coordinates":[[[139.0841506,36.0384979],[139.0841637,36.0384868],[139.0841816,36.0384754],[139.084197,36.0384662],[139.0842293,36.0384533],[139.0843326,36.0384197],[139.0843433,36.0384414],[139.084241,36.0384747],[139.0842121,36.0384862],[139.084199,36.038494],[139.084183,36.0385042],[139.0841714,36.038514],[139.0841506,36.0384979]]]},"properties":{"layer":"road","class_code":"1040","class_label":"道路"}},{"type":"Feature","id":"tran_0fda837a-7d19-4367-b5ac-13882a7549c0","geometry":{"type":"Polygon","coordinates":[[[139.0796245,36.0339901],[139.0796909,36.0339938],[139.0796897,36.0340082],[139.0796872,36.0340371],[139.0796885,36.0340425],[139.0796945,36.0340641],[139.0797018,36.0340854],[139.0797107,36.0341063],[139.079721,36.0341268],[139.0797325,36.0341469],[139.0797454,36.0341664],[139.0797597,36.0341853],[139.0797653,36.0341919],[139.0797105,36.0342226],[139.0797038,36.0342147],[139.0796877,36.0341933],[139.079673,36.0341713],[139.0796599,36.0341485],[139.0796483,36.0341253],[139.0796383,36.0341015],[139.0796299,36.0340774],[139.0796232,36.0340534],[139.0796202,36.0340403],[139.0796233,36.0340046],[139.0796245,36.0339901]]]},"properties":{"layer":"road","class_code":"1040","class_label":"道路"}},{"type":"Feature","id":"tran_0f034519-ae96-41fa-b034-4880ed550eab","geometry":{"type":"Polygon","coordinates":[[[139.0808152,36.0375905],[139.0812695,36.0373074],[139.0815721,36.0371133],[139.0816596,36.0370574],[139.0817084,36.0371079],[139.0808738,36.0376448],[139.0808692,36.0376477],[139.0808152,36.0375905]]]},"properties":{"layer":"road","class_code":"1040","class_label":"道路"}},{"type":"Feature","id":"tran_dba537d1-2558-4c9b-a951-4be351491c36","geometry":{"type":"Polygon","coordinates":[[[139.0800078,36.0382983],[139.0800254,36.0382865],[139.0800885,36.0382347],[139.0801792,36.038168],[139.0801956,36.0381826],[139.0801055,36.0382491],[139.080042,36.0383011],[139.0800177,36.0383174],[139.0800078,36.0382983]]]},"properties":{"layer":"road","class_code":"1040","class_label":"道路"}},{"type":"Feature","id":"tran_43a93504-4bb4-4739-85cb-f7ff2d142553","geometry":{"type":"Polygon","coordinates":[[[139.0797111,36.0342601],[139.0797321,36.0342926],[139.0796012,36.0343764],[139.0795161,36.0344317],[139.0795037,36.0344413],[139.0794919,36.0344534],[139.0794846,36.0344618],[139.0794799,36.0344696],[139.0794624,36.0345678],[139.0794184,36.0345626],[139.0794369,36.0344587],[139.0794464,36.0344433],[139.0794563,36.0344319],[139.0794707,36.0344169],[139.0794868,36.0344045],[139.0795736,36.0343482],[139.0797111,36.0342601]]]},"properties":{"layer":"road","class_code":"1040","class_label":"道路"}},{"type":"Feature","id":"tran_d62fca1b-da03-4805-a5a3-55df5d3296b9","geometry":{"type":"Polygon","coordinates":[[[139.0874947,36.0414914],[139.0874746,36.0415128],[139.0874379,36.0414903],[139.0874258,36.0414879],[139.0874178,36.0414861],[139.0874269,36.0414601],[139.0874425,36.0414597],[139.0874454,36.0414587],[139.0874484,36.0414573],[139.0874531,36.0414545],[139.0874636,36.0414473],[139.087496,36.0414545],[139.0874927,36.0414672],[139.087492,36.0414748],[139.087492,36.0414794],[139.0874921,36.0414813],[139.0874926,36.0414846],[139.0874947,36.0414914]]]},"properties":{"layer":"road","class_code":"1040","class_label":"道路"}},{"type":"Feature","id":"tran_ce263607-f2e8-497a-a271-8ca0f8683629","geometry":{"type":"Polygon","coordinates":[[[139.0796804,36.0334039],[139.0796966,36.0333924],[139.079718,36.0333912],[139.0797613,36.0333889],[139.0797617,36.0333944],[139.0797665,36.0334083],[139.079779,36.033436],[139.0797394,36.0334624],[139.0796804,36.0334039]]]},"properties":{"layer":"road","class_code":"1040","class_label":"道路"}},{"type":"Feature","id":"tran_0adafbe0-d1ee-463b-9d96-eb99b6e18882","geometry":{"type":"Polygon","coordinates":[[[139.0752928,36.0369988],[139.0753661,36.0369667],[139.0758231,36.0376344],[139.0757504,36.0376673],[139.0752928,36.0369988]]]},"properties":{"layer":"road","class_code":"1040","class_label":"道路"}},{"type":"Feature","id":"tran_0974abc0-e783-4f08-af67-8a4cbd686f19","geometry":{"type":"Polygon","coordinates":[[[139.0805294,36.0361452],[139.0805348,36.0361543],[139.0805462,36.0361708],[139.0805587,36.0361868],[139.0805611,36.0361898],[139.0805706,36.0362009],[139.080581,36.0362116],[139.080592,36.0362219],[139.0806035,36.0362316],[139.0806159,36.0362408],[139.0806288,36.0362494],[139.0806422,36.0362575],[139.0806562,36.0362649],[139.0806707,36.0362718],[139.0806855,36.0362779],[139.0807009,36.0362834],[139.080707,36.0362854],[139.0807228,36.0362899],[139.0807389,36.0362937],[139.0807551,36.0362969],[139.0807716,36.0362993],[139.0807882,36.0363009],[139.0808048,36.0363018],[139.0808216,36.036302],[139.0808382,36.0363014],[139.0808549,36.0363001],[139.081026,36.0362946],[139.0813056,36.0362876],[139.0817493,36.0362763],[139.0817916,36.0362736],[139.081848,36.0362722],[139.0819043,36.0362734],[139.0819067,36.0362734],[139.0819629,36.0362772],[139.0820188,36.0362834],[139.0820742,36.036292],[139.0821133,36.0362974],[139.0821578,36.0363053],[139.0822018,36.0363153],[139.0822449,36.0363271],[139.0822873,36.0363408],[139.082327,36.0363558],[139.0823674,36.0363732],[139.0824065,36.0363922],[139.0824299,36.0364052],[139.0823971,36.0364443],[139.0823406,36.0364024],[139.0823073,36.0363881],[139.0822698,36.036374],[139.0822296,36.0363609],[139.0821887,36.0363497],[139.0821471,36.0363403],[139.0821049,36.0363328],[139.0820663,36.0363276],[139.0820115,36.0363189],[139.081958,36.036313],[139.0819037,36.0363094],[139.0819027,36.0363093],[139.0818481,36.0363083],[139.0818186,36.036309],[139.081794,36.0363096],[139.0817517,36.0363123],[139.0813071,36.0363237],[139.0810276,36.0363307],[139.0808627,36.036336],[139.080858,36.0363361],[139.0808413,36.0363374],[139.0808222,36.0363381],[139.080803,36.0363379],[139.080784,36.0363368],[139.080765,36.0363349],[139.0807462,36.0363322],[139.0807274,36.0363286],[139.0807091,36.0363243],[139.0806914,36.0363191],[139.0806837,36.0363166],[139.0806665,36.0363105],[139.0806494,36.0363034],[139.0806329,36.0362956],[139.0806169,36.0362871],[139.0806014,36.0362779],[139.0805866,36.036268],[139.0805726,36.0362575],[139.0805592,36.0362463],[139.0805467,36.0362346],[139.0805349,36.0362223],[139.0805242,36.0362098],[139.0805213,36.0362062],[139.080508,36.0361893],[139.0804955,36.036171],[139.0804895,36.0361609],[139.0805294,36.0361452]]]},"properties":{"layer":"road","class_code":"1040","class_label":"道路"}},{"type":"Feature","id":"tran_3079c9f6-798b-405d-ba99-4ba3703734f4","geometry":{"type":"Polygon","coordinates":[[[139.0796521,36.0364727],[139.0799113,36.0363697],[139.0802258,36.0362265],[139.080275,36.0362052],[139.0803889,36.0361691],[139.0803913,36.0361681],[139.0804592,36.0361365],[139.080467,36.0361609],[139.0804057,36.0361893],[139.0802472,36.0362581],[139.079932,36.0364017],[139.0796808,36.0365013],[139.0796521,36.0364727]]]},"properties":{"layer":"road","class_code":"1040","class_label":"道路"}},{"type":"Feature","id":"tran_3a245daa-20bf-4bb6-aabe-8ca11689bf7c","geometry":{"type":"Polygon","coordinates":[[[139.0774033,36.0358733],[139.0774098,36.0358626],[139.0774128,36.0358556],[139.0774145,36.0358486],[139.0774145,36.0358458],[139.0774126,36.0358381],[139.0774471,36.0358154],[139.0774572,36.0358255],[139.0774951,36.0358653],[139.0775052,36.0358761],[139.0774699,36.0358979],[139.0774555,36.0358953],[139.0774481,36.0358949],[139.0774399,36.0358947],[139.0774319,36.0358958],[139.0774241,36.0358978],[139.0774033,36.0358733]]]},"properties":{"layer":"road","class_code":"1040","class_label":"道路"}},{"type":"Feature","id":"tran_d1bdd33d-2de4-48b4-b2c6-560c2066c9ef","geometry":{"type":"Polygon","coordinates":[[[139.0838588,36.0382747],[139.0838792,36.0382962],[139.0838757,36.0382983],[139.0838726,36.0383004],[139.0838697,36.0383027],[139.083867,36.038305],[139.0838644,36.0383075],[139.0838619,36.0383101],[139.0838597,36.0383128],[139.0838577,36.0383156],[139.0838558,36.0383185],[139.0838541,36.0383216],[139.0838526,36.0383247],[139.0838513,36.0383279],[139.0838503,36.038331],[139.0838497,36.038333],[139.0838487,36.0383459],[139.0838486,36.0383601],[139.0838489,36.0383664],[139.0838502,36.0383805],[139.0838521,36.0383928],[139.0838526,36.0383942],[139.0838537,36.0383978],[139.0838544,36.0384014],[139.0838551,36.038405],[139.0838553,36.0384086],[139.0838554,36.0384122],[139.0838553,36.0384158],[139.0838548,36.0384194],[139.0838542,36.038423],[139.0838533,36.0384266],[139.0838521,36.0384301],[139.0838508,36.0384335],[139.0838492,36.0384369],[139.0838474,36.0384403],[139.0838454,36.0384434],[139.0838435,36.0384462],[139.083841,36.0384491],[139.0838384,36.0384521],[139.0838356,36.0384549],[139.0838326,36.0384576],[139.0838293,36.0384602],[139.083826,36.0384626],[139.0838225,36.0384648],[139.0838188,36.0384669],[139.0838143,36.0384692],[139.0837166,36.0385332],[139.0835515,36.0386436],[139.0834333,36.0387151],[139.0834308,36.0387168],[139.0834267,36.0387193],[139.0834236,36.038721],[139.0834076,36.0386971],[139.0834103,36.0386956],[139.0834128,36.0386939],[139.083531,36.0386223],[139.0836956,36.0385122],[139.0837958,36.0384465],[139.0837982,36.0384455],[139.0838004,36.0384443],[139.0838026,36.0384431],[139.0838047,36.0384418],[139.0838067,36.0384404],[139.0838086,36.0384388],[139.0838104,36.0384372],[139.083812,36.0384355],[139.0838136,36.0384338],[139.0838151,36.038432],[139.0838162,36.0384304],[139.0838173,36.0384285],[139.0838184,36.0384266],[139.0838194,36.0384246],[139.0838202,36.0384225],[139.0838208,36.0384204],[139.0838214,36.0384184],[139.0838218,36.0384162],[139.083822,36.0384141],[139.0838221,36.0384119],[139.083822,36.0384097],[139.0838218,36.0384077],[139.0838215,36.0384055],[139.0838211,36.0384033],[139.0838205,36.0384012],[139.0838197,36.0383992],[139.0838194,36.0383985],[139.083817,36.0383832],[139.0838157,36.0383679],[139.0838153,36.0383604],[139.0838154,36.0383449],[139.0838167,36.0383294],[139.0838179,36.0383248],[139.0838193,36.0383202],[139.0838212,36.0383157],[139.0838233,36.0383113],[139.0838234,36.0383109],[139.0838259,36.0383066],[139.0838286,36.0383024],[139.0838315,36.0382983],[139.0838348,36.0382944],[139.0838384,36.0382906],[139.0838421,36.038287],[139.0838461,36.0382836],[139.0838504,36.0382803],[139.0838548,36.0382773],[139.0838588,36.0382747]]]},"properties":{"layer":"road","class_code":"1040","class_label":"道路"}},{"type":"Feature","id":"tran_3acc4af1-06eb-4f3a-bb5d-9a50eeacc04d","geometry":{"type":"Polygon","coordinates":[[[139.0787699,36.0355699],[139.0788681,36.0356641],[139.0790977,36.0358975],[139.0793075,36.0361178],[139.0793315,36.0361429],[139.079333,36.0361446],[139.079571,36.0363917],[139.0796521,36.0364727],[139.0795293,36.0365214],[139.0794669,36.0364592],[139.0792278,36.036211],[139.078993,36.0359643],[139.0787653,36.0357328],[139.0787589,36.0357267],[139.0786691,36.0356348],[139.0787699,36.0355699]]]},"properties":{"layer":"road","class_code":"1040","class_label":"道路"}},{"type":"Feature","id":"tran_976993ae-cdef-4a19-95d7-9581ab75eeb4","geometry":{"type":"Polygon","coordinates":[[[139.0803827,36.0335691],[139.0803877,36.0335696],[139.0803959,36.0335708],[139.0804036,36.0335722],[139.0804115,36.033574],[139.0804194,36.0335763],[139.0804271,36.0335789],[139.0804347,36.0335818],[139.0804418,36.0335851],[139.0804489,36.0335888],[139.0804558,36.0335927],[139.0804623,36.0335969],[139.0804684,36.0336015],[139.0804743,36.0336063],[139.0804794,36.033611],[139.0804808,36.0336123],[139.0805292,36.0336714],[139.0805472,36.0336891],[139.0805976,36.0337392],[139.080606,36.0337471],[139.0805767,36.0337677],[139.0805679,36.0337595],[139.0804995,36.0336917],[139.0804964,36.0336888],[139.0804426,36.0336385],[139.0804415,36.0336373],[139.0804377,36.033634],[139.0804339,36.0336308],[139.0804298,36.0336278],[139.0804255,36.033625],[139.0804211,36.0336224],[139.0804164,36.03362],[139.0804116,36.0336178],[139.0804066,36.0336159],[139.0804015,36.0336141],[139.0803963,36.0336127],[139.0803911,36.0336115],[139.080386,36.0336105],[139.0803822,36.03361],[139.0803827,36.0335691]]]},"properties":{"layer":"road","class_code":"1040","class_label":"道路"}},{"type":"Feature","id":"tran_1553d700-9b54-473c-8dfb-15d0fe8d75fe","geometry":{"type":"Polygon","coordinates":[[[139.0781781,36.0411498],[139.0782668,36.0411361],[139.0784526,36.0413638],[139.0783631,36.0413765],[139.0781781,36.0411498]]]},"properties":{"layer":"road","class_code":"1040","class_label":"道路"}},{"type":"Feature","id":"tran_e1e80cb6-07ba-43d1-a4fb-b16201c8c6f9","geometry":{"type":"Polygon","coordinates":[[[139.0818676,36.033906],[139.0819541,36.0338654],[139.0819679,36.0338848],[139.081989,36.0339111],[139.0820028,36.0339268],[139.0819213,36.0339737],[139.0819052,36.0339642],[139.0819091,36.0339598],[139.0819065,36.0339568],[139.0818965,36.0339443],[139.0818584,36.0339368],[139.0818676,36.033906]]]},"properties":{"layer":"road","class_code":"1040","class_label":"道路"}},{"type":"Feature","id":"tran_8746d9da-4cfb-4749-9123-49ba5845b8ab","geometry":{"type":"Polygon","coordinates":[[[139.0800808,36.0336836],[139.0800832,36.0336862],[139.0802333,36.0338495],[139.0801977,36.0338711],[139.0800453,36.0337052],[139.0800808,36.0336836]]]},"properties":{"layer":"road","class_code":"1040","class_label":"道路"}},{"type":"Feature","id":"tran_f9a63af9-bc29-4db1-a340-a5ca5c8df3fb","geometry":{"type":"Polygon","coordinates":[[[139.0819213,36.0339737],[139.0820028,36.0339268],[139.0820579,36.0339899],[139.0821572,36.0340946],[139.0822523,36.0341945],[139.0823299,36.034279],[139.0823495,36.0342998],[139.0823694,36.034319],[139.0823903,36.0343376],[139.0824121,36.0343554],[139.0824348,36.0343725],[139.0824588,36.0343891],[139.0824724,36.0343979],[139.0824977,36.0344131],[139.0825233,36.0344273],[139.0825496,36.0344405],[139.0825769,36.0344529],[139.0825959,36.0344609],[139.0827004,36.0344979],[139.0827397,36.0345119],[139.0826998,36.0345863],[139.0826604,36.0345723],[139.082553,36.0345342],[139.0825295,36.0345244],[139.0824988,36.0345104],[139.082469,36.0344953],[139.0824398,36.0344793],[139.0824117,36.0344622],[139.0823952,36.0344517],[139.0823686,36.0344332],[139.0823428,36.0344138],[139.082318,36.0343935],[139.0822942,36.0343725],[139.0822717,36.0343506],[139.0822503,36.034328],[139.0821729,36.0342435],[139.0820781,36.0341443],[139.0819764,36.0340368],[139.0819213,36.0339737]]]},"properties":{"layer":"road","class_code":"1040","class_label":"道路"}},{"type":"Feature","id":"tran_c41eebb5-5677-483b-8664-4f65bb6a034e","geometry":{"type":"Polygon","coordinates":[[[139.0870554,36.0356697],[139.0870579,36.0356455],[139.0872077,36.0356556],[139.0873726,36.0356636],[139.0874894,36.0356666],[139.0875477,36.0356672],[139.0875809,36.0356671],[139.087637,36.0356628],[139.0876707,36.0356599],[139.0877018,36.035656],[139.0877316,36.0356536],[139.0877662,36.0356526],[139.0879135,36.0356546],[139.087913,36.0356789],[139.0877664,36.0356769],[139.0877337,36.0356779],[139.0877056,36.0356802],[139.0876745,36.0356841],[139.0876399,36.035687],[139.0875823,36.0356913],[139.0875476,36.0356915],[139.0874888,36.0356909],[139.0873713,36.035688],[139.0872056,36.0356798],[139.0870554,36.0356697]]]},"properties":{"layer":"road","class_code":"1040","class_label":"道路"}},{"type":"Feature","id":"tran_2a3edad0-48f1-4c8d-943d-51f7b2003977","geometry":{"type":"Polygon","coordinates":[[[139.0853421,36.0415729],[139.0853351,36.0416131],[139.0851752,36.0415949],[139.0851485,36.0415898],[139.0851214,36.0415862],[139.0850943,36.0415838],[139.0850669,36.0415829],[139.0850417,36.0415833],[139.0850144,36.041585],[139.0849872,36.0415882],[139.0849605,36.0415927],[139.0849341,36.0415987],[139.0849302,36.0415997],[139.0848822,36.0416214],[139.0848548,36.0416352],[139.0848097,36.0416608],[139.084768,36.0416877],[139.0847394,36.04165],[139.0849199,36.0415598],[139.0849487,36.0415534],[139.0849786,36.0415483],[139.0850089,36.0415447],[139.0850393,36.0415428],[139.0850674,36.0415424],[139.0850979,36.0415434],[139.0851283,36.0415459],[139.0851583,36.0415501],[139.0851843,36.041555],[139.0853421,36.0415729]]]},"properties":{"layer":"road","class_code":"1040","class_label":"道路"}},{"type":"Feature","id":"tran_06e59aef-acae-4e17-8282-16d6a5593b3d","geometry":{"type":"Polygon","coordinates":[[[139.0806914,36.0354949],[139.080871,36.0355451],[139.080856,36.0355809],[139.080675,36.0355303],[139.0806914,36.0354949]]]},"properties":{"layer":"road","class_code":"1040","class_label":"道路"}},{"type":"Feature","id":"tran_0d2f72dc-b3e6-44bd-9177-903d9f685047","geometry":{"type":"Polygon","coordinates":[[[139.0861214,36.0397247],[139.0861176,36.0397104],[139.0861122,36.0396939],[139.0860618,36.039496],[139.0860334,36.0393811],[139.086031,36.0393701],[139.0860256,36.0393492],[139.0860194,36.0393284],[139.0860125,36.0393078],[139.0860047,36.0392873],[139.0860016,36.0392803],[139.0860437,36.0392686],[139.0860468,36.0392761],[139.0860551,36.0392977],[139.0860624,36.0393194],[139.0860689,36.0393413],[139.0860745,36.0393632],[139.086077,36.0393742],[139.0861053,36.0394887],[139.0861555,36.0396857],[139.0861609,36.0397021],[139.0861651,36.0397183],[139.0861681,36.0397348],[139.0861701,36.0397514],[139.0861706,36.0397606],[139.0861708,36.0397773],[139.0861699,36.0397939],[139.0861678,36.0398105],[139.086166,36.0398212],[139.0861633,36.0398465],[139.0861599,36.0398715],[139.0861559,36.0398965],[139.0861552,36.0399006],[139.0861504,36.0399255],[139.0861451,36.0399502],[139.0861391,36.0399749],[139.0861371,36.0399825],[139.0861319,36.0400012],[139.0861261,36.0400199],[139.0861199,36.0400384],[139.0861131,36.0400567],[139.086106,36.040075],[139.0860983,36.0400931],[139.0860973,36.0400954],[139.0860891,36.0401134],[139.0860805,36.0401312],[139.0860713,36.0401489],[139.0860618,36.0401665],[139.0860562,36.0401763],[139.0860526,36.0401846],[139.0860493,36.0401925],[139.0860462,36.0402006],[139.0860433,36.0402087],[139.0860407,36.0402168],[139.0860383,36.040225],[139.086036,36.0402332],[139.086034,36.0402414],[139.0860322,36.0402497],[139.0860307,36.0402581],[139.0860293,36.0402664],[139.0860281,36.0402748],[139.0860279,36.040276],[139.086027,36.0402844],[139.0860263,36.0402928],[139.0860258,36.0403012],[139.0860256,36.0403096],[139.0860256,36.040318],[139.0860257,36.0403264],[139.0860261,36.0403349],[139.0860268,36.0403432],[139.086027,36.0403458],[139.0860322,36.0404032],[139.0860323,36.0404044],[139.0860343,36.0404189],[139.0860366,36.0404333],[139.0860392,36.0404478],[139.0860407,36.0404549],[139.086044,36.0404693],[139.0860476,36.0404835],[139.0860516,36.0404978],[139.0860559,36.040512],[139.086013,36.0405211],[139.0860083,36.0405062],[139.0860042,36.0404912],[139.0860004,36.0404761],[139.085997,36.0404611],[139.0859954,36.0404535],[139.0859926,36.0404384],[139.0859902,36.0404232],[139.0859881,36.0404079],[139.0859879,36.0404061],[139.0859827,36.0403485],[139.0859825,36.0403457],[139.0859818,36.0403366],[139.0859813,36.0403274],[139.0859812,36.0403183],[139.0859812,36.0403091],[139.0859814,36.0402999],[139.085982,36.0402907],[139.0859827,36.0402816],[139.0859837,36.0402727],[139.0859839,36.0402709],[139.0859852,36.040262],[139.0859867,36.0402529],[139.0859884,36.0402439],[139.0859904,36.0402348],[139.0859926,36.0402258],[139.085995,36.0402169],[139.0859977,36.040208],[139.0860006,36.0401991],[139.0860037,36.0401902],[139.0860071,36.0401815],[139.0860106,36.0401728],[139.086015,36.0401627],[139.0860214,36.0401516],[139.0860306,36.0401347],[139.0860393,36.0401177],[139.0860476,36.0401006],[139.0860556,36.040083],[139.0860563,36.0400812],[139.0860638,36.0400636],[139.0860707,36.0400461],[139.0860771,36.0400285],[139.0860832,36.0400107],[139.0860887,36.0399928],[139.0860938,36.0399748],[139.0860957,36.0399677],[139.0861014,36.0399436],[139.0861067,36.0399196],[139.0861113,36.0398954],[139.0861119,36.0398916],[139.0861158,36.0398672],[139.086119,36.0398431],[139.0861218,36.039817],[139.0861238,36.039806],[139.0861256,36.0397913],[139.0861264,36.0397767],[139.0861262,36.0397618],[139.0861258,36.039754],[139.086124,36.0397392],[139.0861214,36.0397247]]]},"properties":{"layer":"road","class_code":"1040","class_label":"道路"}},{"type":"Feature","id":"tran_558f2ffc-0444-4a9f-8f9d-0d718884f108","geometry":{"type":"Polygon","coordinates":[[[139.0797653,36.0341919],[139.0797752,36.0342035],[139.0797911,36.0342203],[139.0798089,36.0342371],[139.0797584,36.0342891],[139.0797534,36.0342888],[139.0797445,36.0342895],[139.0797321,36.0342926],[139.0797111,36.0342601],[139.0797176,36.0342499],[139.0797176,36.0342439],[139.0797105,36.0342226],[139.0797653,36.0341919]]]},"properties":{"layer":"road","class_code":"1040","class_label":"道路"}},{"type":"Feature","id":"tran_f38fd311-8225-4e8f-8185-837910cb5c53","geometry":{"type":"Polygon","coordinates":[[[139.0764685,36.0366234],[139.0763215,36.0366117],[139.0762655,36.0366054],[139.0762139,36.0366011],[139.0761636,36.0365975],[139.0761185,36.0365956],[139.0760753,36.0365943],[139.0760361,36.0365938],[139.076,36.0365937],[139.075966,36.036594],[139.0759346,36.0365948],[139.0759038,36.0365956],[139.0758743,36.0365967],[139.0758455,36.0365979],[139.0758184,36.0365991],[139.0757942,36.0366004],[139.0757724,36.0366018],[139.0757559,36.0366032],[139.075741,36.0366046],[139.0757301,36.0366063],[139.0757192,36.036608],[139.0757089,36.03661],[139.0756979,36.0366123],[139.0756865,36.0366147],[139.0756745,36.0366174],[139.0756624,36.0366202],[139.07565,36.0366233],[139.0756377,36.0366265],[139.0756253,36.0366301],[139.0756127,36.0366343],[139.0756,36.036639],[139.0755868,36.036645],[139.0755732,36.0366514],[139.0755601,36.0366581],[139.0755473,36.0366646],[139.0755357,36.0366704],[139.0755252,36.0366751],[139.0755154,36.0366791],[139.0755064,36.0366816],[139.0754974,36.0366838],[139.0754881,36.0366847],[139.0754793,36.0366853],[139.0754696,36.0366851],[139.07546,36.0366843],[139.0754498,36.0366829],[139.0754398,36.0366803],[139.0754291,36.0366773],[139.075418,36.0366719],[139.0754072,36.036666],[139.0753955,36.0366578],[139.0753838,36.0366483],[139.0753714,36.0366373],[139.0753588,36.0366246],[139.0753459,36.0366113],[139.075333,36.0365965],[139.0753203,36.0365818],[139.0753081,36.0365672],[139.0752968,36.0365535],[139.0752864,36.036541],[139.0752778,36.0365312],[139.0752701,36.0365226],[139.0752644,36.0365171],[139.075259,36.0365123],[139.0752546,36.0365089],[139.07525,36.0365059],[139.0752458,36.0365035],[139.0752415,36.0365014],[139.0752376,36.0364997],[139.0752338,36.0364986],[139.0752301,36.0364975],[139.0752267,36.036497],[139.075223,36.0364965],[139.0752193,36.0364963],[139.075215,36.0364964],[139.0752108,36.0364965],[139.0752061,36.0364971],[139.0752013,36.0364977],[139.0751963,36.0364987],[139.075191,36.0365],[139.0751856,36.0365016],[139.07518,36.0365034],[139.0751743,36.0365053],[139.0751687,36.0365074],[139.0751627,36.0365097],[139.0751554,36.0365127],[139.0751483,36.0365156],[139.0751357,36.0364905],[139.0751404,36.0364886],[139.0751481,36.0364854],[139.0751545,36.036483],[139.0751608,36.0364806],[139.0751673,36.0364784],[139.0751739,36.0364762],[139.0751808,36.0364743],[139.0751875,36.0364727],[139.0751944,36.0364712],[139.075201,36.0364703],[139.0752076,36.0364696],[139.075214,36.0364693],[139.0752201,36.0364693],[139.0752264,36.0364696],[139.0752325,36.0364703],[139.0752389,36.0364714],[139.0752451,36.0364731],[139.0752514,36.036475],[139.0752578,36.0364778],[139.0752639,36.0364807],[139.0752702,36.0364844],[139.0752764,36.0364885],[139.0752827,36.0364932],[139.0752894,36.0364993],[139.0752963,36.0365058],[139.0753048,36.0365154],[139.0753138,36.0365256],[139.0753244,36.0365384],[139.0753357,36.036552],[139.0753477,36.0365665],[139.0753601,36.0365809],[139.0753726,36.0365951],[139.0753848,36.0366077],[139.0753967,36.0366197],[139.0754078,36.0366296],[139.0754182,36.036638],[139.0754274,36.0366445],[139.0754358,36.0366491],[139.0754433,36.0366527],[139.0754502,36.0366547],[139.0754576,36.0366565],[139.0754645,36.0366575],[139.0754717,36.0366581],[139.0754783,36.0366582],[139.0754849,36.0366578],[139.0754906,36.0366572],[139.0754962,36.0366559],[139.0755025,36.0366541],[139.0755098,36.0366512],[139.0755189,36.0366471],[139.0755297,36.0366417],[139.0755424,36.0366352],[139.075556,36.0366282],[139.0755704,36.0366214],[139.075585,36.0366149],[139.0755994,36.0366095],[139.0756134,36.0366048],[139.075627,36.0366009],[139.0756401,36.0365975],[139.075653,36.0365943],[139.0756654,36.0365914],[139.0756778,36.0365886],[139.0756896,36.0365861],[139.075701,36.0365837],[139.0757121,36.0365816],[139.0757239,36.0365797],[139.0757361,36.0365779],[139.0757522,36.0365763],[139.0757694,36.0365749],[139.0757919,36.0365735],[139.0758164,36.0365721],[139.0758437,36.0365709],[139.0758727,36.0365697],[139.0759025,36.0365686],[139.0759336,36.0365678],[139.0759653,36.036567],[139.0759998,36.0365667],[139.0760364,36.0365667],[139.0760762,36.0365672],[139.0761199,36.0365686],[139.0761659,36.0365705],[139.076217,36.0365742],[139.0762695,36.0365785],[139.0763261,36.0365849],[139.0764711,36.0366055],[139.0764955,36.0366078],[139.0765498,36.0366121],[139.0765987,36.036613],[139.0766463,36.0366132],[139.0766886,36.0366115],[139.076729,36.0366098],[139.076766,36.0366081],[139.0767997,36.0366069],[139.0768313,36.036606],[139.0768583,36.0366058],[139.076884,36.0366057],[139.0769051,36.0366059],[139.0769248,36.0366063],[139.0769418,36.0366069],[139.0769571,36.0366076],[139.0769715,36.0366085],[139.0769845,36.0366098],[139.0769973,36.0366111],[139.0770091,36.0366131],[139.0770207,36.0366153],[139.0770321,36.0366183],[139.0770435,36.036622],[139.0770551,36.0366264],[139.0770683,36.0366326],[139.0770821,36.0366394],[139.0770994,36.0366488],[139.0771176,36.0366589],[139.0771375,36.0366704],[139.0771577,36.0366821],[139.0771779,36.036694],[139.0771967,36.0367052],[139.0772151,36.0367161],[139.077232,36.036726],[139.0772484,36.0367354],[139.077264,36.036744],[139.0772791,36.036752],[139.0772938,36.0367596],[139.0773077,36.0367665],[139.0773215,36.0367734],[139.0773341,36.0367798],[139.0773463,36.0367863],[139.0773577,36.0367927],[139.0773684,36.0367991],[139.0773787,36.0368057],[139.077388,36.0368125],[139.077397,36.0368194],[139.0774053,36.036827],[139.0774134,36.0368347],[139.0774213,36.0368432],[139.0774292,36.036852],[139.077437,36.0368612],[139.0774445,36.0368707],[139.077452,36.0368803],[139.0774588,36.0368896],[139.0774653,36.0368989],[139.0774713,36.036908],[139.0774765,36.036917],[139.0774814,36.0369261],[139.0774851,36.0369351],[139.0774885,36.0369441],[139.0774907,36.0369533],[139.0774927,36.0369624],[139.0774941,36.0369717],[139.0774953,36.0369811],[139.0774961,36.0369908],[139.0774964,36.0370003],[139.0774965,36.0370099],[139.0774956,36.037019],[139.077494,36.0370284],[139.0774906,36.0370381],[139.0774849,36.0370482],[139.0774768,36.0370589],[139.0774644,36.0370711],[139.0774506,36.0370838],[139.0774314,36.037099],[139.0774115,36.0371146],[139.0773885,36.0371319],[139.0773644,36.0371499],[139.0773392,36.0371688],[139.0773139,36.037188],[139.0772887,36.0372073],[139.0772656,36.0372259],[139.0772434,36.0372441],[139.0772239,36.0372609],[139.0772062,36.0372767],[139.0771907,36.0372912],[139.077178,36.0373037],[139.0771668,36.0373151],[139.0771591,36.0373245],[139.0771523,36.0373333],[139.0771479,36.0373413],[139.0771444,36.0373495],[139.077142,36.0373577],[139.0771406,36.0373661],[139.0771395,36.0373747],[139.0771393,36.0373827],[139.0771391,36.0373908],[139.0771393,36.0373981],[139.0771397,36.0374052],[139.0771405,36.0374119],[139.0771417,36.0374185],[139.0771431,36.0374248],[139.0771451,36.0374308],[139.0771474,36.0374368],[139.0771504,36.0374423],[139.0771537,36.0374478],[139.0771575,36.0374529],[139.0771618,36.0374576],[139.0771662,36.037462],[139.0771709,36.0374654],[139.0771756,36.0374686],[139.0771805,36.0374709],[139.0771859,36.0374731],[139.0771917,36.0374749],[139.0771985,36.0374765],[139.0772059,36.0374779],[139.077215,36.0374791],[139.0772249,36.0374802],[139.0772374,36.037481],[139.0772514,36.0374816],[139.0772676,36.0374821],[139.0772844,36.0374823],[139.0773016,36.0374823],[139.077317,36.037482],[139.0773314,36.0374816],[139.0773423,36.0374809],[139.0773521,36.0374801],[139.0773597,36.0374791],[139.0773663,36.0374779],[139.0773721,36.0374766],[139.077377,36.0374751],[139.0773817,36.0374735],[139.0773857,36.0374718],[139.0773899,36.0374699],[139.0773937,36.037468],[139.0773977,36.0374657],[139.0774018,36.0374633],[139.0774066,36.0374601],[139.0774118,36.0374566],[139.077418,36.0374523],[139.0774248,36.0374477],[139.0774325,36.0374427],[139.0774409,36.0374378],[139.0774498,36.0374329],[139.0774596,36.0374282],[139.0774697,36.0374236],[139.0774812,36.037419],[139.0774932,36.0374142],[139.0775066,36.0374092],[139.0775213,36.0374038],[139.0775369,36.0373981],[139.0775546,36.0373918],[139.077573,36.0373853],[139.0775952,36.0373777],[139.07762,36.0373694],[139.0776507,36.0373595],[139.0776886,36.0373478],[139.0777323,36.0373346],[139.0777838,36.0373195],[139.0778371,36.037304],[139.0778875,36.0372895],[139.0779336,36.0372762],[139.0779692,36.0372659],[139.0779972,36.0372577],[139.0780188,36.0372512],[139.0780351,36.037246],[139.0780498,36.0372413],[139.0780637,36.0372364],[139.0780776,36.0372314],[139.0780915,36.0372259],[139.0781056,36.0372199],[139.0781198,36.0372135],[139.0781353,36.0372057],[139.0781513,36.0371975],[139.0781714,36.0371864],[139.0781939,36.0371741],[139.0782224,36.0371582],[139.0782633,36.0371354],[139.0783163,36.0371059],[139.0784058,36.0370561],[139.0785242,36.0369902],[139.0785381,36.0370043],[139.0784183,36.0370709],[139.0783289,36.0371207],[139.0782759,36.0371503],[139.0782349,36.0371731],[139.0782064,36.037189],[139.0781839,36.0372014],[139.0781634,36.0372126],[139.078147,36.037221],[139.078131,36.0372291],[139.0781161,36.0372358],[139.0781014,36.037242],[139.0780869,36.0372477],[139.0780726,36.0372529],[139.0780584,36.0372579],[139.0780432,36.0372628],[139.0780267,36.037268],[139.0780049,36.0372746],[139.0779767,36.0372829],[139.077941,36.0372932],[139.0778949,36.0373065],[139.0778446,36.037321],[139.0777913,36.0373365],[139.07774,36.0373515],[139.0776964,36.0373647],[139.0776587,36.0373763],[139.0776283,36.0373861],[139.0776038,36.0373943],[139.0775817,36.0374019],[139.0775634,36.0374084],[139.0775459,36.0374146],[139.0775303,36.0374202],[139.0775159,36.0374256],[139.0775028,36.0374305],[139.077491,36.0374352],[139.0774801,36.0374396],[139.0774706,36.0374439],[139.0774616,36.0374481],[139.0774536,36.0374525],[139.077446,36.037457],[139.0774389,36.0374616],[139.0774323,36.0374661],[139.077426,36.0374704],[139.0774207,36.037474],[139.0774154,36.0374775],[139.0774106,36.0374804],[139.0774059,36.037483],[139.0774012,36.0374854],[139.0773963,36.0374876],[139.077391,36.0374899],[139.0773851,36.0374918],[139.077379,36.0374937],[139.0773717,36.0374953],[139.077364,36.0374968],[139.077355,36.037498],[139.0773444,36.0374989],[139.0773327,36.0374996],[139.0773176,36.0375],[139.0773019,36.0375004],[139.0772842,36.0375003],[139.077267,36.0375001],[139.0772504,36.0374996],[139.0772359,36.037499],[139.0772225,36.0374981],[139.0772118,36.0374969],[139.0772015,36.0374956],[139.0771929,36.0374939],[139.0771848,36.037492],[139.077177,36.0374897],[139.0771699,36.0374868],[139.0771628,36.0374834],[139.0771563,36.037479],[139.0771501,36.0374744],[139.0771443,36.0374687],[139.0771391,36.0374629],[139.0771343,36.0374565],[139.0771302,36.0374499],[139.0771266,36.037443],[139.0771239,36.0374359],[139.0771214,36.0374288],[139.0771198,36.0374214],[139.0771184,36.037414],[139.0771176,36.0374065],[139.0771171,36.0373988],[139.0771169,36.0373908],[139.0771171,36.0373823],[139.0771174,36.0373735],[139.0771185,36.037364],[139.0771202,36.0373544],[139.077123,36.0373445],[139.0771272,36.0373347],[139.0771326,36.0373249],[139.0771404,36.0373147],[139.0771489,36.0373045],[139.0771608,36.0372923],[139.0771738,36.0372796],[139.0771897,36.0372647],[139.0772076,36.0372487],[139.0772274,36.0372315],[139.07725,36.0372131],[139.0772733,36.0371943],[139.0772987,36.0371748],[139.0773241,36.0371556],[139.0773494,36.0371367],[139.0773734,36.0371187],[139.0773962,36.0371015],[139.077416,36.0370861],[139.0774345,36.0370714],[139.0774475,36.0370594],[139.0774587,36.0370484],[139.0774653,36.0370397],[139.0774697,36.0370318],[139.0774723,36.0370247],[139.0774735,36.0370172],[139.0774743,36.0370093],[139.0774742,36.0370006],[139.0774739,36.0369916],[139.0774731,36.0369826],[139.0774721,36.0369737],[139.0774708,36.0369651],[139.0774689,36.0369566],[139.0774669,36.0369485],[139.0774639,36.0369406],[139.0774606,36.0369325],[139.0774563,36.0369245],[139.0774514,36.0369161],[139.0774459,36.0369076],[139.0774396,36.0368987],[139.0774331,36.0368897],[139.0774258,36.0368804],[139.0774185,36.0368712],[139.077411,36.0368623],[139.0774035,36.0368539],[139.0773961,36.0368461],[139.0773885,36.0368388],[139.0773811,36.036832],[139.0773729,36.0368257],[139.0773644,36.0368194],[139.077355,36.0368134],[139.0773448,36.0368073],[139.077334,36.0368013],[139.0773221,36.036795],[139.0773097,36.0367887],[139.0772961,36.0367819],[139.0772821,36.0367749],[139.0772671,36.0367672],[139.0772517,36.036759],[139.0772357,36.0367502],[139.0772191,36.0367407],[139.0772021,36.0367307],[139.0771836,36.0367198],[139.0771648,36.0367086],[139.0771447,36.0366967],[139.0771247,36.0366851],[139.0771049,36.0366737],[139.077087,36.0366638],[139.0770702,36.0366546],[139.077057,36.0366482],[139.0770448,36.0366424],[139.0770346,36.0366386],[139.0770245,36.0366352],[139.0770148,36.0366327],[139.0770043,36.0366307],[139.0769936,36.0366289],[139.0769817,36.0366277],[139.0769693,36.0366265],[139.0769556,36.0366256],[139.0769406,36.0366249],[139.076924,36.0366243],[139.0769047,36.0366239],[139.0768839,36.0366237],[139.0768585,36.0366238],[139.0768318,36.0366241],[139.0768005,36.0366249],[139.0767671,36.0366261],[139.0767302,36.0366278],[139.0766897,36.0366295],[139.0766468,36.0366312],[139.0765984,36.036631],[139.0765485,36.0366301],[139.0764932,36.0366257],[139.0764685,36.0366234]]]},"properties":{"layer":"road","class_code":"1040","class_label":"道路"}},{"type":"Feature","id":"tran_99c47982-cf14-44d5-aa13-ac6fc2e41d7d","geometry":{"type":"Polygon","coordinates":[[[139.0797394,36.0334624],[139.079779,36.033436],[139.0797988,36.03348],[139.07975,36.0334946],[139.0797394,36.0334624]]]},"properties":{"layer":"road","class_code":"1040","class_label":"道路"}},{"type":"Feature","id":"tran_0bf9a4bf-98e3-4c43-920d-8173a426ee85","geometry":{"type":"Polygon","coordinates":[[[139.0766119,36.0345244],[139.0766441,36.0345225],[139.0767266,36.0345207],[139.0767438,36.0345085],[139.0767859,36.0345076],[139.0768187,36.034503],[139.0768262,36.0345386],[139.0768044,36.0345388],[139.0766454,36.0345424],[139.0766137,36.0345442],[139.0766119,36.0345244]]]},"properties":{"layer":"road","class_code":"1040","class_label":"道路"}},{"type":"Feature","id":"tran_29d47d8e-e666-4155-b1e1-a54b01f6d905","geometry":{"type":"Polygon","coordinates":[[[139.0828155,36.0355233],[139.0828466,36.0355152],[139.0828897,36.0355226],[139.0829399,36.0355179],[139.083258,36.0354046],[139.0832782,36.0353967],[139.0833986,36.0353343],[139.0834803,36.0352952],[139.083489,36.0353069],[139.0834073,36.0353459],[139.0832871,36.0354081],[139.0832876,36.0354531],[139.0829574,36.0355707],[139.0828386,36.0355818],[139.0828155,36.0355233]]]},"properties":{"layer":"road","class_code":"1040","class_label":"道路"}},{"type":"Feature","id":"tran_0c12739a-71a2-4898-abd2-069fb8eaf426","geometry":{"type":"Polygon","coordinates":[[[139.0800129,36.0383372],[139.080083,36.0384118],[139.0802319,36.0385717],[139.0803403,36.0386836],[139.0804924,36.0388382],[139.0805602,36.0389047],[139.0805345,36.038922],[139.0804665,36.0388552],[139.0803141,36.0387005],[139.0802056,36.0385882],[139.0800565,36.0384281],[139.0799864,36.0383536],[139.0800129,36.0383372]]]},"properties":{"layer":"road","class_code":"1040","class_label":"道路"}},{"type":"Feature","id":"tran_bd5013f6-3837-4729-9006-28bc61f44859","geometry":{"type":"Polygon","coordinates":[[[139.0786283,36.035593],[139.0786559,36.0356212],[139.078529,36.035698],[139.0783735,36.0357948],[139.0781745,36.0359229],[139.0779907,36.0360401],[139.0778172,36.0361511],[139.0777862,36.0361251],[139.0779634,36.0360118],[139.078147,36.0358946],[139.0783462,36.0357663],[139.0785022,36.0356692],[139.0786283,36.035593]]]},"properties":{"layer":"road","class_code":"1040","class_label":"道路"}},{"type":"Feature","id":"tran_82b50d74-fc22-4a3d-b3ee-78f0c613100c","geometry":{"type":"Polygon","coordinates":[[[139.087048,36.0414523],[139.0870847,36.0414199],[139.0871588,36.0413557],[139.0871679,36.0413508],[139.0871762,36.0413474],[139.0871849,36.0413449],[139.0871934,36.0413435],[139.0872001,36.0413429],[139.087209,36.0413428],[139.0872182,36.0413437],[139.087227,36.0413455],[139.0872396,36.0413494],[139.0872685,36.0413726],[139.087293,36.0413906],[139.0873098,36.0414021],[139.0873358,36.0414187],[139.0873625,36.0414343],[139.0873889,36.0414484],[139.0873973,36.0414515],[139.0874077,36.0414549],[139.087413,36.0414565],[139.0874236,36.0414593],[139.0874269,36.0414601],[139.0874178,36.0414861],[139.0874138,36.0414852],[139.087402,36.041482],[139.0873958,36.0414802],[139.0873842,36.0414764],[139.0873729,36.0414722],[139.0873722,36.0414719],[139.0873436,36.0414566],[139.0873158,36.0414403],[139.0872888,36.0414231],[139.087271,36.0414109],[139.0872457,36.0413922],[139.0872212,36.0413727],[139.0872169,36.0413714],[139.087212,36.0413704],[139.087207,36.0413699],[139.0872021,36.0413698],[139.0871988,36.0413702],[139.0871939,36.0413711],[139.0871892,36.0413724],[139.0871847,36.0413742],[139.0871805,36.0413765],[139.0871092,36.0414383],[139.0870725,36.0414707],[139.087048,36.0414523]]]},"properties":{"layer":"road","class_code":"1040","class_label":"道路"}},{"type":"Feature","id":"tran_4256974e-aee8-4089-9901-d97ccc0c8f69","geometry":{"type":"Polygon","coordinates":[[[139.0859877,36.0405712],[139.0860043,36.0406059],[139.0857802,36.0407353],[139.0851241,36.0411494],[139.0850968,36.0411209],[139.0857537,36.0407064],[139.0859877,36.0405712]]]},"properties":{"layer":"road","class_code":"1040","class_label":"道路"}},{"type":"Feature","id":"tran_1c0055eb-119d-4fc3-83aa-9a41ad9cac5f","geometry":{"type":"Polygon","coordinates":[[[139.0833218,36.038726],[139.0833567,36.0387037],[139.0833598,36.0387044],[139.083363,36.0387049],[139.0833661,36.0387054],[139.0833694,36.0387056],[139.0833726,36.0387057],[139.0833758,36.0387057],[139.083379,36.0387056],[139.0833822,36.0387052],[139.0833855,36.0387048],[139.0833871,36.0387045],[139.0833902,36.0387038],[139.0833934,36.038703],[139.0833964,36.0387022],[139.0833994,36.0387011],[139.0834022,36.0386998],[139.0834049,36.0386985],[139.0834076,36.0386971],[139.0834236,36.038721],[139.0834155,36.0387323],[139.0834118,36.0387405],[139.0834089,36.0387532],[139.0834087,36.0387574],[139.0833739,36.0387798],[139.0833687,36.0387744],[139.0833218,36.038726]]]},"properties":{"layer":"road","class_code":"1040","class_label":"道路"}},{"type":"Feature","id":"tran_34f7f6a0-13cb-4072-b241-bbc44bf943af","geometry":{"type":"Polygon","coordinates":[[[139.0779637,36.034908],[139.0780607,36.034841],[139.0780898,36.0348688],[139.0782994,36.0350914],[139.0787154,36.0355178],[139.0787183,36.0355204],[139.0786196,36.035584],[139.0785594,36.0355224],[139.0779727,36.0349173],[139.0779637,36.034908]]]},"properties":{"layer":"road","class_code":"1040","class_label":"道路"}},{"type":"Feature","id":"tran_574079ea-284d-4ec7-a178-afec23abcd7c","geometry":{"type":"Polygon","coordinates":[[[139.0777073,36.0361486],[139.0777421,36.0361262],[139.0777523,36.0361281],[139.0777625,36.0361286],[139.0777713,36.0361283],[139.0777862,36.0361251],[139.0778172,36.0361511],[139.0778153,36.0361533],[139.0778141,36.0361585],[139.077813,36.0361648],[139.0778118,36.0361747],[139.0778115,36.0361847],[139.0778139,36.0361995],[139.0777791,36.036222],[139.0777667,36.0362093],[139.0777073,36.0361486]]]},"properties":{"layer":"road","class_code":"1040","class_label":"道路"}},{"type":"Feature","id":"tran_e976b669-5596-4368-a687-696d3bad6404","geometry":{"type":"Polygon","coordinates":[[[139.0827191,36.0413015],[139.0828678,36.0412033],[139.0830556,36.0410804],[139.0832399,36.0409643],[139.0834159,36.0408521],[139.0835806,36.0407455],[139.0836054,36.0407756],[139.0834434,36.0408804],[139.0832672,36.0409928],[139.0830831,36.0411087],[139.0828957,36.0412313],[139.0827509,36.0413269],[139.0827191,36.0413015]]]},"properties":{"layer":"road","class_code":"1040","class_label":"道路"}},{"type":"Feature","id":"tran_999c3307-dc6d-4ccb-88b2-96b321d43286","geometry":{"type":"Polygon","coordinates":[[[139.0800727,36.0336277],[139.0800864,36.0336667],[139.0800808,36.0336836],[139.0800453,36.0337052],[139.0800324,36.0336911],[139.080025,36.0336859],[139.0800123,36.0336768],[139.0800117,36.0336361],[139.0800185,36.0336363],[139.0800252,36.0336362],[139.080032,36.0336357],[139.0800388,36.0336349],[139.0800455,36.0336339],[139.0800525,36.0336324],[139.0800558,36.0336316],[139.0800727,36.0336277]]]},"properties":{"layer":"road","class_code":"1040","class_label":"道路"}},{"type":"Feature","id":"tran_4c6cc3ee-87cc-4e45-957e-efa612afebc1","geometry":{"type":"Polygon","coordinates":[[[139.074422,36.0324811],[139.0745145,36.0326852],[139.0745655,36.0327987],[139.0746658,36.033009],[139.0747748,36.0332203],[139.074869,36.0333712],[139.0748801,36.0333888],[139.0748924,36.0334059],[139.0749065,36.0334227],[139.0749155,36.0334325],[139.0749317,36.033448],[139.0749522,36.0334655],[139.0750392,36.0335577],[139.0751435,36.0336551],[139.0752696,36.0337595],[139.0752798,36.0337686],[139.0753856,36.0338565],[139.075463,36.0339144],[139.0754647,36.0339158],[139.0754767,36.033927],[139.0754878,36.0339387],[139.075498,36.0339512],[139.0755072,36.0339639],[139.0755087,36.0339663],[139.0755167,36.0339797],[139.0755236,36.0339934],[139.0755296,36.0340074],[139.0755344,36.0340218],[139.0755365,36.0340289],[139.0755391,36.03404],[139.0755408,36.0340512],[139.0755417,36.0340624],[139.0755416,36.0340737],[139.0755407,36.0340849],[139.0755391,36.0340961],[139.0755364,36.0341071],[139.075533,36.034118],[139.0755287,36.0341287],[139.0755197,36.034146],[139.075517,36.0341543],[139.0755136,36.0341624],[139.0755095,36.0341704],[139.0755049,36.0341781],[139.0754996,36.0341856],[139.0754938,36.0341929],[139.0754875,36.0341997],[139.0754805,36.0342063],[139.0754741,36.0342118],[139.0754663,36.0342177],[139.0754581,36.034223],[139.0754495,36.0342281],[139.0754405,36.0342326],[139.0754312,36.0342367],[139.0754215,36.0342404],[139.0754116,36.0342434],[139.0754016,36.034246],[139.0753913,36.0342481],[139.0753835,36.0342493],[139.0753698,36.0342518],[139.075356,36.0342536],[139.0753485,36.0342543],[139.0753346,36.034255],[139.0753206,36.034255],[139.0753066,36.0342543],[139.0752927,36.034253],[139.0752884,36.0342523],[139.0752804,36.0342523],[139.0752627,36.0342512],[139.0752587,36.0342509],[139.0752449,36.0342489],[139.0752312,36.0342463],[139.0752177,36.0342429],[139.0752045,36.0342389],[139.0751915,36.0342342],[139.0751791,36.0342288],[139.075167,36.0342229],[139.0751583,36.034218],[139.0751472,36.034211],[139.0751366,36.0342035],[139.0751266,36.0341954],[139.0751172,36.0341868],[139.0751085,36.0341778],[139.0751005,36.0341683],[139.0749983,36.0340663],[139.0748795,36.0339456],[139.0748077,36.0338738],[139.0747668,36.0338386],[139.0747178,36.0338012],[139.074699,36.033788],[139.0746462,36.0337542],[139.0745906,36.0337236],[139.0745326,36.0336958],[139.0745308,36.033695],[139.0744707,36.0336703],[139.0744137,36.0336505],[139.0744086,36.0336487],[139.0743452,36.0336303],[139.0742472,36.0335969],[139.0742859,36.0335221],[139.0743814,36.0335547],[139.0744452,36.0335732],[139.0745799,36.0336193],[139.0745847,36.0336214],[139.074647,36.0336512],[139.0746483,36.033652],[139.0747118,36.0336815],[139.0747696,36.0337185],[139.074792,36.0337342],[139.0748451,36.0337747],[139.0748913,36.0338144],[139.0749659,36.0338891],[139.07513,36.0340263],[139.0752217,36.0340977],[139.0752268,36.0341023],[139.0752322,36.0341066],[139.075238,36.0341107],[139.0752441,36.0341144],[139.0752504,36.0341179],[139.075257,36.034121],[139.075259,36.0341218],[139.0752658,36.0341245],[139.0752729,36.0341268],[139.0752801,36.0341287],[139.0752875,36.0341302],[139.0752951,36.0341314],[139.0753026,36.0341322],[139.0753101,36.0341326],[139.0753178,36.0341326],[139.0753256,36.0341322],[139.0753313,36.0341296],[139.0753365,36.0341268],[139.0753416,36.0341237],[139.0753464,36.0341203],[139.075351,36.0341166],[139.0753553,36.0341128],[139.0753593,36.0341087],[139.0753629,36.0341044],[139.0753662,36.0341],[139.0753692,36.0340954],[139.0753708,36.0340926],[139.0753732,36.0340878],[139.0753751,36.0340829],[139.0753768,36.0340778],[139.075378,36.0340727],[139.0753788,36.0340676],[139.0753793,36.0340624],[139.0753792,36.0340572],[139.0753789,36.0340521],[139.0753781,36.0340469],[139.0753774,36.0340432],[139.075368,36.0340205],[139.0753379,36.0339784],[139.0751716,36.0338119],[139.0750029,36.0336542],[139.0749602,36.0336144],[139.0748667,36.0335298],[139.0748448,36.0335112],[139.0748244,36.0334915],[139.0748116,36.0334778],[139.0747939,36.0334564],[139.0747778,36.0334342],[139.0747635,36.0334113],[139.074751,36.0333876],[139.0747403,36.0333634],[139.0747393,36.0333609],[139.0746828,36.0332517],[139.0746246,36.0331389],[139.0745082,36.0329328],[139.0744186,36.0327609],[139.0743999,36.0327193],[139.0743863,36.0326893],[139.0743142,36.0325096],[139.074422,36.0324811]]]},"properties":{"layer":"road","class_code":"1040","class_label":"道路"}},{"type":"Feature","id":"tran_a43ff1b0-bece-4a56-ac51-5c19b9c015a6","geometry":{"type":"Polygon","coordinates":[[[139.0827473,36.0413558],[139.0829101,36.0415198],[139.0830679,36.0416868],[139.0830834,36.0417029],[139.0830485,36.0417252],[139.0830328,36.0417088],[139.0828753,36.0415421],[139.082716,36.0413817],[139.0827115,36.0413766],[139.0827473,36.0413558]]]},"properties":{"layer":"road","class_code":"1040","class_label":"道路"}},{"type":"Feature","id":"tran_a5227f9a-1063-426f-962e-b61b9544d46f","geometry":{"type":"Polygon","coordinates":[[[139.0858698,36.0416361],[139.0858793,36.041628],[139.0858841,36.0416211],[139.0858885,36.0416135],[139.0859207,36.0416203],[139.0859253,36.0416357],[139.0859264,36.0416381],[139.0859278,36.0416413],[139.0859326,36.0416477],[139.0859195,36.0416868],[139.0859092,36.0416845],[139.0858592,36.0416757],[139.0858698,36.0416361]]]},"properties":{"layer":"road","class_code":"1040","class_label":"道路"}},{"type":"Feature","id":"tran_007302ac-6426-4c9c-9c5e-07b764db8c73","geometry":{"type":"Polygon","coordinates":[[[139.0787476,36.0355146],[139.0789671,36.0353757],[139.0789944,36.0354041],[139.0787826,36.0355381],[139.0787476,36.0355146]]]},"properties":{"layer":"road","class_code":"1040","class_label":"道路"}},{"type":"Feature","id":"tran_2fec436e-4ffb-4094-8382-36cf4fa07fa7","geometry":{"type":"Polygon","coordinates":[[[139.0859627,36.0392028],[139.0860026,36.0391871],[139.0860082,36.0391963],[139.0860194,36.0392169],[139.0860299,36.0392377],[139.0860396,36.0392588],[139.0860437,36.0392686],[139.0860016,36.0392803],[139.085988,36.0392743],[139.0859794,36.0392727],[139.0859744,36.0392728],[139.0859685,36.039274],[139.0859627,36.0392761],[139.0859543,36.0392344],[139.0859603,36.0392275],[139.085963,36.0392214],[139.0859637,36.0392163],[139.0859627,36.0392028]]]},"properties":{"layer":"road","class_code":"1040","class_label":"道路"}},{"type":"Feature","id":"tran_1a7a8687-d36e-4358-a4fc-8d0f2246b520","geometry":{"type":"Polygon","coordinates":[[[139.0767897,36.0345695],[139.0767877,36.0345947],[139.0766526,36.0345876],[139.0766167,36.0345871],[139.0765943,36.034587],[139.0765943,36.0345617],[139.076617,36.0345618],[139.0766538,36.0345622],[139.0767897,36.0345695]]]},"properties":{"layer":"road","class_code":"1040","class_label":"道路"}},{"type":"Feature","id":"tran_034cdce2-df1e-4238-99d8-343de86a8a2c","geometry":{"type":"Polygon","coordinates":[[[139.0799787,36.0383008],[139.0800078,36.0382983],[139.0800177,36.0383174],[139.0800129,36.0383372],[139.0799864,36.0383536],[139.0799522,36.0383173],[139.0799787,36.0383008]]]},"properties":{"layer":"road","class_code":"1040","class_label":"道路"}},{"type":"Feature","id":"tran_0df283fc-bff5-4eca-9144-7b7e78b4ed86","geometry":{"type":"Polygon","coordinates":[[[139.0797988,36.03348],[139.0798238,36.0335354],[139.0798317,36.0335443],[139.0798482,36.0335589],[139.0797872,36.033577],[139.07975,36.0334946],[139.0797988,36.03348]]]},"properties":{"layer":"road","class_code":"1040","class_label":"道路"}},{"type":"Feature","id":"tran_2ad70dfe-aa29-4d3e-b63d-cceccc2ff905","geometry":{"type":"Polygon","coordinates":[[[139.0772468,36.0397053],[139.0773255,36.0398196],[139.0773514,36.0398572],[139.0772785,36.0398897],[139.0772299,36.0398192],[139.0771234,36.0396646],[139.0762629,36.0384154],[139.0763356,36.0383825],[139.0772468,36.0397053]]]},"properties":{"layer":"road","class_code":"1040","class_label":"道路"}},{"type":"Feature","id":"tran_b6f809aa-49d4-4c65-b517-c12b2aa4ae96","geometry":{"type":"Polygon","coordinates":[[[139.0820813,36.0391958],[139.0821063,36.0391692],[139.082194,36.0390991],[139.0821982,36.0391001],[139.0822014,36.0391003],[139.0822046,36.0391004],[139.0822107,36.0391003],[139.0822477,36.0391228],[139.0822394,36.0391306],[139.0822356,36.0391376],[139.082235,36.0391394],[139.0822348,36.0391419],[139.0822347,36.0391428],[139.0822347,36.0391444],[139.0822352,36.0391483],[139.0821372,36.0392076],[139.082113,36.0392214],[139.0821069,36.0392253],[139.0820813,36.0391958]]]},"properties":{"layer":"road","class_code":"1040","class_label":"道路"}},{"type":"Feature","id":"tran_9a2a851d-0c10-4846-af1a-49c882802d8d","geometry":{"type":"Polygon","coordinates":[[[139.0862569,36.0330823],[139.0863342,36.0330176],[139.0865396,36.0331793],[139.0865531,36.0331893],[139.0867863,36.0333527],[139.0869869,36.0334824],[139.0871663,36.0335991],[139.0872527,36.0336544],[139.0873593,36.0337298],[139.0873619,36.0337318],[139.0874605,36.0338096],[139.0875101,36.0338522],[139.0876028,36.0339384],[139.0876884,36.0340273],[139.087601,36.0340828],[139.0875173,36.0339958],[139.0874281,36.0339129],[139.0873815,36.033873],[139.0872843,36.0337962],[139.0871917,36.0337308],[139.087182,36.0337239],[139.0870973,36.0336697],[139.0869177,36.0335528],[139.0867155,36.0334221],[139.0864793,36.0332568],[139.0864636,36.0332449],[139.0863358,36.0331444],[139.0862569,36.0330823]]]},"properties":{"layer":"road","class_code":"1040","class_label":"道路"}},{"type":"Feature","id":"tran_9e407b58-9fcd-4c6d-94e0-af1b9d9bb305","geometry":{"type":"Polygon","coordinates":[[[139.0798089,36.0342371],[139.0798346,36.0342533],[139.0798876,36.0342821],[139.0798768,36.0342957],[139.0800165,36.0343471],[139.08005,36.0343589],[139.0801547,36.0344092],[139.0802154,36.0344399],[139.080189,36.0344744],[139.0801288,36.0344439],[139.0800273,36.0343951],[139.0799954,36.0343839],[139.0799702,36.0343736],[139.079933,36.0343619],[139.0798131,36.034324],[139.0797584,36.0342891],[139.0798089,36.0342371]]]},"properties":{"layer":"road","class_code":"1040","class_label":"道路"}},{"type":"Feature","id":"tran_877f3034-f652-4788-8c14-ba2e92017734","geometry":{"type":"Polygon","coordinates":[[[139.0803504,36.0399348],[139.0804769,36.0400243],[139.0804803,36.040026],[139.0804874,36.040029],[139.0804944,36.0400317],[139.0805019,36.0400341],[139.0805093,36.0400361],[139.0805169,36.0400378],[139.0805247,36.0400392],[139.0805274,36.0400395],[139.0805352,36.0400405],[139.0805431,36.040041],[139.080551,36.0400412],[139.0805588,36.0400411],[139.0805667,36.0400405],[139.0807863,36.0400342],[139.0807929,36.0400344],[139.0808046,36.0400344],[139.0808161,36.040034],[139.0808277,36.0400333],[139.0808392,36.0400322],[139.0808507,36.0400307],[139.080862,36.0400287],[139.0808627,36.0400287],[139.0808739,36.0400263],[139.080885,36.0400236],[139.0808961,36.0400205],[139.0809069,36.040017],[139.0809174,36.0400132],[139.0809278,36.0400091],[139.0809379,36.0400045],[139.0809517,36.0399959],[139.0809691,36.0399841],[139.0809857,36.0399717],[139.0810018,36.0399587],[139.0810172,36.0399452],[139.0810214,36.0399413],[139.0810359,36.0399272],[139.0810496,36.0399126],[139.0810626,36.0398974],[139.0810747,36.039882],[139.0811352,36.0398135],[139.0811713,36.0398346],[139.0811108,36.039903],[139.0810995,36.0399175],[139.0810854,36.0399338],[139.0810706,36.0399496],[139.0810552,36.0399647],[139.0810501,36.0399694],[139.0810338,36.0399838],[139.0810163,36.0399978],[139.0809982,36.0400112],[139.0809796,36.0400239],[139.0809624,36.0400348],[139.0809483,36.0400411],[139.0809362,36.0400459],[139.080924,36.0400503],[139.0809114,36.0400543],[139.0808987,36.0400579],[139.0808858,36.0400611],[139.0808732,36.0400637],[139.0808716,36.040064],[139.0808588,36.0400661],[139.0808456,36.0400679],[139.0808321,36.0400692],[139.0808188,36.0400701],[139.0808054,36.0400705],[139.080792,36.0400705],[139.0807863,36.0400703],[139.0805707,36.040081],[139.0805613,36.0400816],[139.0805508,36.0400818],[139.0805401,36.0400815],[139.0805296,36.0400807],[139.0805195,36.0400796],[139.0805149,36.0400789],[139.080505,36.0400772],[139.0804947,36.0400748],[139.0804846,36.0400722],[139.0804748,36.040069],[139.0804652,36.0400653],[139.080456,36.0400614],[139.0804476,36.0400574],[139.0803176,36.0399654],[139.0803504,36.0399348]]]},"properties":{"layer":"road","class_code":"1040","class_label":"道路"}},{"type":"Feature","id":"tran_02efae6b-b002-467d-a05d-3d0ff2f6921e","geometry":{"type":"Polygon","coordinates":[[[139.0833739,36.0387798],[139.0834087,36.0387574],[139.083543,36.038895],[139.0836927,36.0390474],[139.0838188,36.0391782],[139.083986,36.0393505],[139.0841448,36.0395157],[139.0842654,36.0396391],[139.0843985,36.0397784],[139.0845826,36.0399653],[139.0846551,36.0400388],[139.0846209,36.0400617],[139.0845478,36.0399879],[139.0843636,36.0398007],[139.0842304,36.0396613],[139.08411,36.0395379],[139.0839511,36.0393728],[139.0837838,36.0392004],[139.0836579,36.0390698],[139.0835083,36.0389174],[139.0833739,36.0387798]]]},"properties":{"layer":"road","class_code":"1040","class_label":"道路"}},{"type":"Feature","id":"tran_7366d953-d3e1-4fd1-9e2b-2a4608c86868","geometry":{"type":"Polygon","coordinates":[[[139.0851232,36.0412073],[139.0852857,36.0413744],[139.085408,36.0415056],[139.0853726,36.0415274],[139.0852505,36.0413964],[139.0850884,36.0412297],[139.0851232,36.0412073]]]},"properties":{"layer":"road","class_code":"1040","class_label":"道路"}},{"type":"Feature","id":"tran_15a47de7-619f-4622-82a3-aeb14c625068","geometry":{"type":"Polygon","coordinates":[[[139.0821372,36.0392076],[139.0822352,36.0391483],[139.0825045,36.0394235],[139.0827141,36.0396387],[139.0829155,36.0398472],[139.0831814,36.0401175],[139.0834558,36.0404008],[139.0837026,36.0406555],[139.0836122,36.0407227],[139.0833599,36.0404622],[139.0830857,36.0401791],[139.0828198,36.0399088],[139.0826182,36.0397001],[139.0824089,36.0394851],[139.0821372,36.0392076]]]},"properties":{"layer":"road","class_code":"1040","class_label":"道路"}},{"type":"Feature","id":"tran_7a9200cb-ed61-4058-ac63-ffc9996a208e","geometry":{"type":"Polygon","coordinates":[[[139.0822107,36.0391003],[139.0824149,36.0389753],[139.0826548,36.0388171],[139.0829579,36.0386172],[139.0830894,36.0385401],[139.0831013,36.0385319],[139.0831014,36.0385775],[139.0829849,36.0386459],[139.0826828,36.0388451],[139.0824422,36.0390037],[139.0822477,36.0391228],[139.0822107,36.0391003]]]},"properties":{"layer":"road","class_code":"1040","class_label":"道路"}},{"type":"Feature","id":"tran_8dab7467-1090-453c-915e-e9e0a58b7cd5","geometry":{"type":"Polygon","coordinates":[[[139.0831013,36.0385319],[139.0831051,36.0385249],[139.0831057,36.0385226],[139.0831066,36.0385072],[139.0831416,36.038485],[139.0832056,36.0385518],[139.0831716,36.0385751],[139.0831014,36.0385775],[139.0831013,36.0385319]]]},"properties":{"layer":"road","class_code":"1040","class_label":"道路"}},{"type":"Feature","id":"tran_f1cbd59e-dc79-4a79-8a2c-4697aeb3221f","geometry":{"type":"Polygon","coordinates":[[[139.0831935,36.037753],[139.0832147,36.0377666],[139.0830125,36.0378914],[139.0828292,36.0379989],[139.0827953,36.0380283],[139.0827844,36.0380415],[139.0827743,36.0380583],[139.0827717,36.0380672],[139.0827672,36.0380733],[139.0827615,36.0380774],[139.0827338,36.0380488],[139.0827475,36.0380385],[139.0827511,36.0380353],[139.0827633,36.0380227],[139.08277,36.0380156],[139.0827852,36.0380012],[139.0828015,36.0379877],[139.0828044,36.0379853],[139.0828218,36.0379727],[139.0828401,36.0379611],[139.0828593,36.0379504],[139.0830215,36.0378494],[139.0831935,36.037753]]]},"properties":{"layer":"road","class_code":"1040","class_label":"道路"}},{"type":"Feature","id":"tran_b3d4d920-d83b-4f82-9dc5-e0ad6455cb29","geometry":{"type":"Polygon","coordinates":[[[139.0803534,36.0335689],[139.0803827,36.0335691],[139.0803822,36.03361],[139.0803806,36.0336098],[139.0803751,36.0336092],[139.0803696,36.033609],[139.0803642,36.033609],[139.0803586,36.0336092],[139.0803532,36.0336097],[139.0803534,36.0335689]]]},"properties":{"layer":"road","class_code":"1040","class_label":"道路"}},{"type":"Feature","id":"tran_644ec322-47cc-4f00-ad32-ecf28de80ce5","geometry":{"type":"Polygon","coordinates":[[[139.0837491,36.0407035],[139.0840286,36.0409903],[139.0842985,36.0412667],[139.0846743,36.041654],[139.0846927,36.0416734],[139.0845974,36.0417342],[139.0844213,36.041552],[139.0842017,36.0413265],[139.083933,36.0410518],[139.0836469,36.0407583],[139.0836459,36.0407573],[139.0837491,36.0407035]]]},"properties":{"layer":"road","class_code":"1040","class_label":"道路"}},{"type":"Feature","id":"tran_5c99ceb5-f801-48ee-adee-af066560e4bf","geometry":{"type":"Polygon","coordinates":[[[139.0843867,36.0384342],[139.0843929,36.0384517],[139.0843997,36.0384685],[139.0844069,36.038485],[139.084415,36.0385015],[139.0844236,36.0385177],[139.0844328,36.0385337],[139.0844427,36.0385495],[139.0844483,36.038558],[139.0844592,36.0385734],[139.0844705,36.0385885],[139.0844825,36.0386032],[139.084495,36.0386176],[139.0845082,36.0386319],[139.0845135,36.0386372],[139.0845305,36.0386525],[139.0845487,36.0386679],[139.0845674,36.0386828],[139.0845869,36.0386972],[139.0845961,36.0387037],[139.0846164,36.0387174],[139.084637,36.0387306],[139.0846582,36.0387432],[139.08468,36.0387553],[139.084689,36.0387601],[139.0847164,36.0387723],[139.0847452,36.0387843],[139.0847744,36.0387955],[139.0848043,36.038806],[139.0848137,36.0388091],[139.084844,36.0388186],[139.0848745,36.0388273],[139.0849053,36.0388351],[139.0849368,36.0388423],[139.0849372,36.0388424],[139.0849902,36.0388497],[139.0850447,36.0388558],[139.0850836,36.0388593],[139.0851385,36.0388631],[139.0851936,36.0388654],[139.0852213,36.0388661],[139.0853093,36.0388725],[139.0853962,36.0388812],[139.0854013,36.0388818],[139.0854875,36.0388927],[139.0855387,36.0389002],[139.0855739,36.0389098],[139.0856063,36.0389196],[139.0856383,36.0389302],[139.0856697,36.0389416],[139.0856891,36.0389491],[139.0857198,36.0389618],[139.08575,36.0389753],[139.0857799,36.0389895],[139.0858088,36.0390044],[139.0858126,36.0390064],[139.085825,36.039013],[139.0858377,36.0390204],[139.0858502,36.039028],[139.0858623,36.0390359],[139.0858742,36.0390442],[139.0858857,36.0390527],[139.0858969,36.0390615],[139.0859077,36.0390705],[139.0859145,36.0390767],[139.0859248,36.0390861],[139.0859347,36.0390959],[139.0859441,36.039106],[139.0859532,36.0391163],[139.0859619,36.0391268],[139.0859702,36.0391375],[139.085978,36.0391484],[139.0859833,36.0391562],[139.0859961,36.0391761],[139.0860026,36.0391871],[139.0859627,36.0392028],[139.0859564,36.0391922],[139.0859442,36.0391733],[139.0859393,36.0391662],[139.0859322,36.0391562],[139.0859247,36.0391464],[139.0859168,36.0391368],[139.0859085,36.0391275],[139.0858998,36.0391183],[139.0858908,36.0391094],[139.0858815,36.0391007],[139.0858753,36.0390953],[139.0858655,36.039087],[139.0858553,36.0390789],[139.0858448,36.0390712],[139.085834,36.0390636],[139.085823,36.0390565],[139.0858116,36.0390495],[139.0858,36.0390429],[139.0857882,36.0390365],[139.0857847,36.0390347],[139.0857567,36.0390203],[139.0857281,36.0390066],[139.085699,36.0389937],[139.0856695,36.0389815],[139.0856511,36.0389744],[139.0856208,36.0389634],[139.0855901,36.0389532],[139.085559,36.0389438],[139.0855276,36.0389352],[139.0854802,36.0389282],[139.0853948,36.0389174],[139.0853904,36.0389169],[139.0853047,36.0389084],[139.0852187,36.0389021],[139.0851918,36.0389015],[139.0851355,36.038899],[139.0850793,36.0388953],[139.0850392,36.0388916],[139.0849834,36.0388854],[139.0849642,36.0388827],[139.084932,36.0388782],[139.0849278,36.0388776],[139.0849251,36.0388771],[139.0848927,36.0388697],[139.0848606,36.0388615],[139.0848287,36.0388524],[139.0847973,36.0388426],[139.084787,36.0388392],[139.0847561,36.0388284],[139.0847256,36.0388166],[139.0846957,36.0388042],[139.084666,36.0387909],[139.0846553,36.0387853],[139.0846325,36.0387726],[139.0846102,36.0387593],[139.0845885,36.0387456],[139.0845673,36.0387312],[139.0845574,36.0387241],[139.084537,36.038709],[139.0845172,36.0386933],[139.084498,36.0386771],[139.0844795,36.0386605],[139.084473,36.0386539],[139.0844592,36.0386389],[139.0844458,36.0386235],[139.0844331,36.0386079],[139.084421,36.0385918],[139.0844095,36.0385755],[139.0844034,36.0385662],[139.0843929,36.0385495],[139.0843831,36.0385325],[139.0843739,36.0385153],[139.0843654,36.0384978],[139.0843576,36.0384801],[139.0843504,36.0384622],[139.0843441,36.0384442],[139.0843433,36.0384414],[139.0843867,36.0384342]]]},"properties":{"layer":"road","class_code":"1040","class_label":"道路"}},{"type":"Feature","id":"tran_d6ed4491-090e-4baa-a33d-230a10a53d56","geometry":{"type":"Polygon","coordinates":[[[139.0866718,36.0358758],[139.0867188,36.0358518],[139.0867231,36.0358574],[139.086755,36.0359028],[139.0867847,36.0359491],[139.0868121,36.0359963],[139.0868371,36.0360444],[139.0869456,36.0362746],[139.0869666,36.0363147],[139.0869891,36.0363543],[139.0870133,36.0363932],[139.087039,36.0364315],[139.0870662,36.036469],[139.0870949,36.0365059],[139.0872577,36.0367025],[139.0872824,36.0367331],[139.0873061,36.0367645],[139.0873287,36.0367964],[139.0873503,36.0368287],[139.0873707,36.0368616],[139.0873897,36.0368945],[139.0875659,36.0371943],[139.0875158,36.0372137],[139.0873396,36.0369138],[139.0873208,36.0368813],[139.0873011,36.0368496],[139.0872803,36.0368183],[139.0872584,36.0367875],[139.0872355,36.0367573],[139.0872114,36.0367274],[139.0870484,36.0365305],[139.0870188,36.0364925],[139.0869907,36.0364537],[139.0869641,36.0364141],[139.0869392,36.0363739],[139.0869159,36.036333],[139.0868942,36.0362915],[139.0867856,36.0360612],[139.0867614,36.0360147],[139.0867349,36.0359691],[139.0867063,36.0359243],[139.0866755,36.0358806],[139.0866718,36.0358758]]]},"properties":{"layer":"road","class_code":"1040","class_label":"道路"}},{"type":"Feature","id":"tran_8134814b-373a-4e52-88b6-66f6c04b6b0d","geometry":{"type":"Polygon","coordinates":[[[139.0790525,36.0354162],[139.079097,36.0353759],[139.0791292,36.0354003],[139.0791662,36.0354238],[139.0791892,36.0354366],[139.0792295,36.0354561],[139.0792718,36.0354729],[139.0792989,36.0354825],[139.0793746,36.0355054],[139.0793837,36.0355077],[139.079462,36.0355249],[139.0794723,36.0355274],[139.079517,36.0355363],[139.0795626,36.0355422],[139.0795657,36.0355425],[139.0796116,36.0355452],[139.0796578,36.0355447],[139.0797664,36.0355432],[139.0798385,36.0355427],[139.0800412,36.035537],[139.08012,36.035537],[139.0801907,36.0355378],[139.0802173,36.0355383],[139.0802376,36.0355375],[139.0802749,36.0355362],[139.0803559,36.035528],[139.0804981,36.0355095],[139.0805895,36.0354922],[139.0806046,36.0355448],[139.080511,36.0355626],[139.0803652,36.0355816],[139.0802805,36.0355901],[139.0802408,36.0355915],[139.0802182,36.0355924],[139.0801894,36.0355919],[139.0801195,36.0355911],[139.0800424,36.035591],[139.07984,36.0355967],[139.0797673,36.0355973],[139.0796588,36.0355988],[139.0796096,36.0355992],[139.0795595,36.0355964],[139.0795535,36.0355958],[139.0795038,36.0355894],[139.0794548,36.0355796],[139.0794438,36.0355769],[139.0793648,36.0355596],[139.0793528,36.0355565],[139.079274,36.0355327],[139.0792438,36.035522],[139.0791978,36.0355037],[139.0791532,36.0354822],[139.0791267,36.0354674],[139.079086,36.0354414],[139.0790525,36.0354162]]]},"properties":{"layer":"road","class_code":"1040","class_label":"道路"}},{"type":"Feature","id":"tran_5f04bbd9-db34-4b90-98ff-2680b849c8a2","geometry":{"type":"Polygon","coordinates":[[[139.0765137,36.0345513],[139.0765111,36.0345315],[139.0765557,36.0345277],[139.0766119,36.0345244],[139.0766137,36.0345442],[139.0766048,36.0345522],[139.0765943,36.0345617],[139.0765943,36.034587],[139.0765727,36.034587],[139.0765423,36.034589],[139.0765317,36.0345912],[139.076509,36.0345738],[139.0765153,36.0345685],[139.0765245,36.0345593],[139.0765245,36.0345575],[139.0765137,36.0345513]]]},"properties":{"layer":"road","class_code":"1040","class_label":"道路"}},{"type":"Feature","id":"tran_170e555a-4d93-49d6-bb90-e9c202629a3d","geometry":{"type":"Polygon","coordinates":[[[139.0863801,36.0354376],[139.0863849,36.0354387],[139.0864063,36.03541],[139.0864606,36.0354004],[139.0864625,36.0354076],[139.0864712,36.0354367],[139.0864806,36.0354658],[139.0864908,36.0354946],[139.0865018,36.0355231],[139.0865115,36.0355453],[139.0865151,36.0355531],[139.0864633,36.0355692],[139.086386,36.0354935],[139.0863804,36.0354962],[139.0863664,36.0354767],[139.0863801,36.0354376]]]},"properties":{"layer":"road","class_code":"1040","class_label":"道路"}},{"type":"Feature","id":"tran_3d77a61e-6761-497d-9beb-ae706f142c32","geometry":{"type":"Polygon","coordinates":[[[139.0807437,36.0377667],[139.0808403,36.0377061],[139.0808583,36.037725],[139.0811244,36.0379959],[139.0813125,36.0381911],[139.0814482,36.0383303],[139.0813524,36.0383918],[139.0812166,36.0382525],[139.0810286,36.0380573],[139.0807623,36.0377862],[139.0807437,36.0377667]]]},"properties":{"layer":"road","class_code":"1040","class_label":"道路"}},{"type":"Feature","id":"tran_09d3c096-6d7d-4d76-ba73-dd07868d231e","geometry":{"type":"Polygon","coordinates":[[[139.0778997,36.0348786],[139.0779068,36.0348655],[139.0779074,36.0348604],[139.077908,36.0348502],[139.0780022,36.0347851],[139.0780607,36.034841],[139.0779637,36.034908],[139.077945,36.0349087],[139.0779375,36.0349086],[139.0779308,36.0349093],[139.0779258,36.0349101],[139.0779206,36.0349113],[139.0778997,36.0348786]]]},"properties":{"layer":"road","class_code":"1040","class_label":"道路"}},{"type":"Feature","id":"tran_9fdeb3c7-0fa0-4377-b013-c3126e309af2","geometry":{"type":"Polygon","coordinates":[[[139.0827528,36.0380835],[139.0828648,36.038199],[139.0830072,36.038346],[139.083126,36.0384687],[139.0831416,36.038485],[139.0831066,36.0385072],[139.0830911,36.038491],[139.0829723,36.0383684],[139.0828299,36.0382213],[139.0827179,36.0381058],[139.0827528,36.0380835]]]},"properties":{"layer":"road","class_code":"1040","class_label":"道路"}},{"type":"Feature","id":"tran_3bb357c6-c022-4212-abca-c9a9a0e5d8db","geometry":{"type":"Polygon","coordinates":[[[139.0827228,36.0380524],[139.0827338,36.0380488],[139.0827615,36.0380774],[139.0827528,36.0380835],[139.0827179,36.0381058],[139.0827116,36.0380993],[139.0826879,36.0380747],[139.0827228,36.0380524]]]},"properties":{"layer":"road","class_code":"1040","class_label":"道路"}},{"type":"Feature","id":"tran_16333374-7431-4aad-a519-2c20544152ed","geometry":{"type":"Polygon","coordinates":[[[139.0826497,36.0413072],[139.0826844,36.0412847],[139.0827191,36.0413015],[139.0827509,36.0413269],[139.0827473,36.0413558],[139.0827115,36.0413766],[139.0826547,36.0413123],[139.0826497,36.0413072]]]},"properties":{"layer":"road","class_code":"1040","class_label":"道路"}},{"type":"Feature","id":"tran_49632dd6-5fde-4b62-a3c7-cc961966db64","geometry":{"type":"Polygon","coordinates":[[[139.0798482,36.0335589],[139.0798642,36.033573],[139.0798785,36.0335817],[139.079941,36.0336133],[139.0799493,36.0336183],[139.0799549,36.0336214],[139.0799608,36.0336243],[139.0799668,36.0336267],[139.0799732,36.033629],[139.0799784,36.0336306],[139.0799849,36.0336323],[139.0799915,36.0336337],[139.0799982,36.0336349],[139.0800049,36.0336356],[139.0800117,36.0336361],[139.0800123,36.0336768],[139.0800088,36.0336767],[139.0799991,36.033676],[139.0799896,36.0336748],[139.0799802,36.0336733],[139.0799709,36.0336713],[139.0799617,36.0336689],[139.0799542,36.0336665],[139.0799453,36.0336634],[139.0799368,36.0336598],[139.0799284,36.0336558],[139.0799205,36.0336515],[139.0799127,36.0336468],[139.0798503,36.0336152],[139.0797872,36.033577],[139.0798482,36.0335589]]]},"properties":{"layer":"road","class_code":"1040","class_label":"道路"}},{"type":"Feature","id":"tran_c961ab76-f1b6-4fb3-84e5-7cce3669f3da","geometry":{"type":"Polygon","coordinates":[[[139.0823971,36.0364443],[139.0824299,36.0364052],[139.0824442,36.0364131],[139.0825225,36.0364506],[139.0825341,36.0364582],[139.0824956,36.0364967],[139.0824731,36.0365274],[139.0823969,36.0364905],[139.0823971,36.0364443]]]},"properties":{"layer":"road","class_code":"1040","class_label":"道路"}},{"type":"Feature","id":"tran_57341e65-b275-4bcc-bf90-429f606d5624","geometry":{"type":"Polygon","coordinates":[[[139.0826903,36.0359718],[139.0827113,36.035939],[139.0827352,36.0359301],[139.0828731,36.0359727],[139.0828642,36.0359918],[139.0828499,36.0360184],[139.0828365,36.0360397],[139.0827199,36.0359916],[139.0826903,36.0359718]]]},"properties":{"layer":"road","class_code":"1040","class_label":"道路"}},{"type":"Feature","id":"tran_921441ac-ee53-4070-9cb7-3e347071562d","geometry":{"type":"Polygon","coordinates":[[[139.0827397,36.0345119],[139.0827935,36.0344967],[139.0828706,36.0345325],[139.0828577,36.0345508],[139.0828429,36.0345748],[139.0828345,36.0345903],[139.0828225,36.0346152],[139.082812,36.0346408],[139.0827248,36.0346265],[139.0827164,36.0346046],[139.0827129,36.034598],[139.0827082,36.0345926],[139.0826998,36.0345863],[139.0827397,36.0345119]]]},"properties":{"layer":"road","class_code":"1040","class_label":"道路"}},{"type":"Feature","id":"tran_7020a517-42d5-46bc-8492-c0d2c94abec2","geometry":{"type":"Polygon","coordinates":[[[139.0826839,36.0356588],[139.0827759,36.03564],[139.0827941,36.0356587],[139.0828111,36.0356782],[139.0828267,36.0356984],[139.0828392,36.0357166],[139.0828522,36.035738],[139.0828636,36.03576],[139.0828738,36.0357824],[139.0828775,36.0357921],[139.0828815,36.0358101],[139.0828857,36.0358373],[139.082888,36.0358647],[139.0828885,36.0358921],[139.0828871,36.0359185],[139.082886,36.0359305],[139.0828834,36.0359484],[139.0828769,36.0359646],[139.0828731,36.0359727],[139.0827352,36.0359301],[139.0827369,36.0359187],[139.0827376,36.0359112],[139.0827386,36.0358905],[139.0827382,36.0358697],[139.0827365,36.035849],[139.0827334,36.0358284],[139.0827288,36.035808],[139.0827229,36.0357877],[139.0827011,36.0357143],[139.0826839,36.0356588]]]},"properties":{"layer":"road","class_code":"1040","class_label":"道路"}},{"type":"Feature","id":"tran_895f4b61-be74-4caa-bb82-0a312a34f4ac","geometry":{"type":"Polygon","coordinates":[[[139.0826491,36.0355676],[139.0827332,36.0355447],[139.0828155,36.0355233],[139.0828386,36.0355818],[139.0828003,36.0356187],[139.0827759,36.03564],[139.0826839,36.0356588],[139.0826753,36.0356312],[139.0826491,36.0355676]]]},"properties":{"layer":"road","class_code":"1040","class_label":"道路"}},{"type":"Feature","id":"tran_5767154e-e39a-4c6b-bb46-c1d622697928","geometry":{"type":"Polygon","coordinates":[[[139.0807775,36.0336906],[139.0808659,36.03366],[139.080879,36.0336849],[139.0808611,36.0336911],[139.0807378,36.0337337],[139.0806569,36.0337659],[139.0806249,36.0337486],[139.080724,36.0337091],[139.0807775,36.0336906]]]},"properties":{"layer":"road","class_code":"1040","class_label":"道路"}},{"type":"Feature","id":"tran_7faba68d-bd1a-4af6-8df4-b94cd5315949","geometry":{"type":"Polygon","coordinates":[[[139.0825311,36.0362932],[139.0826094,36.0363307],[139.0825225,36.0364506],[139.0824442,36.0364131],[139.0825311,36.0362932]]]},"properties":{"layer":"road","class_code":"1040","class_label":"道路"}},{"type":"Feature","id":"tran_64affba2-750a-4031-8c16-34b05728387d","geometry":{"type":"Polygon","coordinates":[[[139.0875072,36.0372382],[139.0875261,36.0372708],[139.0873368,36.0373405],[139.0873185,36.0373077],[139.0875072,36.0372382]]]},"properties":{"layer":"road","class_code":"1040","class_label":"道路"}},{"type":"Feature","id":"tran_92128ba8-343a-4af1-8faa-affc66050fc4","geometry":{"type":"Polygon","coordinates":[[[139.0797579,36.0368279],[139.0797849,36.036802],[139.0799079,36.0367385],[139.0799338,36.0367716],[139.079965,36.0368032],[139.0798698,36.0368652],[139.0798314,36.0368482],[139.0797735,36.0368645],[139.0797579,36.0368279]]]},"properties":{"layer":"road","class_code":"1040","class_label":"道路"}},{"type":"Feature","id":"tran_def8c5c7-fcf8-4737-9fc8-cff148f99abc","geometry":{"type":"Polygon","coordinates":[[[139.0786196,36.035584],[139.0787183,36.0355204],[139.078729,36.0355197],[139.0787376,36.0355187],[139.0787476,36.0355146],[139.0787826,36.0355381],[139.0787746,36.0355494],[139.0787716,36.0355562],[139.0787706,36.0355606],[139.0787699,36.0355699],[139.0786691,36.0356348],[139.0786559,36.0356212],[139.0786283,36.035593],[139.0786196,36.035584]]]},"properties":{"layer":"road","class_code":"1040","class_label":"道路"}},{"type":"Feature","id":"tran_926f114a-a3f4-4eb8-964e-a2adfcf1537e","geometry":{"type":"Polygon","coordinates":[[[139.0824951,36.0362444],[139.0825204,36.0362468],[139.0825308,36.0362474],[139.0825393,36.0362474],[139.0825454,36.0362473],[139.0825562,36.0362455],[139.0825724,36.0362416],[139.082651,36.0362754],[139.082646,36.0362831],[139.0826094,36.0363307],[139.0825311,36.0362932],[139.0824769,36.0362671],[139.0824951,36.0362444]]]},"properties":{"layer":"road","class_code":"1040","class_label":"道路"}},{"type":"Feature","id":"tran_8b92b566-0b59-4147-a96b-35aa6fbe7d30","geometry":{"type":"Polygon","coordinates":[[[139.0843326,36.0384197],[139.084339,36.0384176],[139.0843829,36.0384126],[139.0843867,36.0384342],[139.0843433,36.0384414],[139.0843326,36.0384197]]]},"properties":{"layer":"road","class_code":"1040","class_label":"道路"}},{"type":"Feature","id":"tran_72b0de85-19d0-4124-8431-fce846c493ff","geometry":{"type":"Polygon","coordinates":[[[139.0857414,36.0336492],[139.0856746,36.033686],[139.0856507,36.0337034],[139.0856289,36.033721],[139.0856254,36.0337239],[139.0856014,36.0337456],[139.0855789,36.0337682],[139.0855609,36.0337883],[139.0855414,36.0338127],[139.0855235,36.0338379],[139.0854674,36.0339095],[139.085436,36.0339428],[139.0854081,36.0339707],[139.0853951,36.0339838],[139.0853808,36.0339968],[139.0853658,36.034009],[139.0853631,36.034011],[139.0853471,36.0340224],[139.0853304,36.0340332],[139.0853163,36.0340412],[139.0852884,36.0340638],[139.0852622,36.0340875],[139.0852366,36.0341133],[139.0852148,36.0341377],[139.0851744,36.034188],[139.0851495,36.0342222],[139.0850884,36.0342913],[139.0850781,36.034308],[139.0850765,36.0343242],[139.0850764,36.0343394],[139.0850765,36.0343577],[139.0850871,36.0344457],[139.0850929,36.0344624],[139.0851122,36.034488],[139.0851555,36.0345398],[139.0851734,36.0345695],[139.0852181,36.0346498],[139.085229,36.0346736],[139.0852185,36.0346767],[139.0852079,36.0346531],[139.0851634,36.0345733],[139.0851459,36.0345443],[139.0851029,36.0344929],[139.0850827,36.0344661],[139.0850761,36.0344474],[139.0850654,36.0343582],[139.0850653,36.0343393],[139.0850654,36.0343239],[139.0850672,36.0343055],[139.0850704,36.0342809],[139.0851308,36.0342124],[139.0851557,36.0341785],[139.0851965,36.0341275],[139.085219,36.0341022],[139.0852453,36.0340758],[139.0852723,36.0340514],[139.0853019,36.0340274],[139.0853171,36.0340187],[139.0853329,36.0340085],[139.0853481,36.0339977],[139.0853502,36.033996],[139.0853647,36.0339844],[139.0853781,36.0339722],[139.0853908,36.0339594],[139.0854185,36.0339316],[139.0854486,36.0338998],[139.0855045,36.0338286],[139.0855225,36.0338033],[139.0855426,36.0337781],[139.0855612,36.0337573],[139.0855844,36.0337338],[139.0855989,36.0337208],[139.0856093,36.0337115],[139.0856354,36.0336902],[139.0856609,36.0336717],[139.085736,36.0336304],[139.0857414,36.0336492]]]},"properties":{"layer":"road","class_code":"1040","class_label":"道路"}},{"type":"Feature","id":"tran_aadc5a44-5298-4728-bc25-a47462d90aed","geometry":{"type":"Polygon","coordinates":[[[139.0827248,36.0346265],[139.082812,36.0346408],[139.0828034,36.0346667],[139.0827965,36.0346929],[139.0827951,36.0346992],[139.0827745,36.0347939],[139.0827481,36.0349119],[139.0827119,36.0350947],[139.0826888,36.035219],[139.0826836,36.0352535],[139.0826808,36.0352883],[139.0826803,36.035323],[139.0826821,36.0353578],[139.0826832,36.0353682],[139.082688,36.0354029],[139.0826953,36.0354372],[139.0827047,36.0354711],[139.0827149,36.0355003],[139.0827332,36.0355447],[139.0826491,36.0355676],[139.08263,36.0355216],[139.0826187,36.0354889],[139.0826081,36.0354512],[139.0826002,36.035413],[139.0825948,36.0353751],[139.0825936,36.0353622],[139.0825915,36.0353242],[139.0825921,36.0352854],[139.0825952,36.0352468],[139.0826008,36.0352093],[139.0826242,36.0350836],[139.0826606,36.0348998],[139.0826871,36.0347811],[139.0827077,36.0346865],[139.0827093,36.0346791],[139.0827171,36.0346496],[139.0827248,36.0346265]]]},"properties":{"layer":"road","class_code":"1040","class_label":"道路"}},{"type":"Feature","id":"tran_c3a56c14-cb4c-459a-bde4-c9246f2247db","geometry":{"type":"Polygon","coordinates":[[[139.0850332,36.0411141],[139.0850415,36.041121],[139.0850518,36.0411259],[139.0850632,36.0411284],[139.0850751,36.0411284],[139.0850866,36.0411258],[139.0850968,36.0411209],[139.0851241,36.0411494],[139.0851168,36.041158],[139.0851122,36.0411678],[139.0851105,36.0411782],[139.0851119,36.0411886],[139.0851162,36.0411985],[139.0851232,36.0412073],[139.0850884,36.0412297],[139.0850605,36.041201],[139.0849982,36.0411364],[139.0850332,36.0411141]]]},"properties":{"layer":"road","class_code":"1040","class_label":"道路"}},{"type":"Feature","id":"tran_0d4fa394-7fd8-4cce-8dbf-a5b4e04f9fa3","geometry":{"type":"Polygon","coordinates":[[[139.0858885,36.0416135],[139.0859064,36.0415612],[139.0859311,36.0415038],[139.0859773,36.0414271],[139.0860072,36.0414389],[139.0859619,36.0415142],[139.0859382,36.0415694],[139.0859207,36.0416203],[139.0858885,36.0416135]]]},"properties":{"layer":"road","class_code":"1040","class_label":"道路"}},{"type":"Feature","id":"tran_2a1d4cb6-c829-4744-8725-5d9f09ae97a9","geometry":{"type":"Polygon","coordinates":[[[139.0796187,36.0336258],[139.0796193,36.0336272],[139.079647,36.0336835],[139.0796559,36.0337018],[139.0796685,36.0337239],[139.0796792,36.0337467],[139.0796878,36.0337701],[139.0796896,36.0337757],[139.0796957,36.0337996],[139.0796995,36.0338238],[139.0797014,36.0338482],[139.0797011,36.0338726],[139.0797011,36.0338732],[139.0796995,36.0338919],[139.0796295,36.033888],[139.0796366,36.0338113],[139.0796372,36.0338026],[139.0796355,36.0337695],[139.0796319,36.0337597],[139.0796224,36.0337397],[139.0796126,36.0337225],[139.07961,36.0337178],[139.079593,36.0336831],[139.0795727,36.0336417],[139.0796187,36.0336258]]]},"properties":{"layer":"road","class_code":"1040","class_label":"道路"}},{"type":"Feature","id":"tran_a379164c-f2e3-48ae-b356-4bd19a75fd29","geometry":{"type":"Polygon","coordinates":[[[139.0859652,36.035162],[139.086043,36.0351127],[139.086193,36.035035],[139.0862939,36.0349977],[139.086334,36.0349829],[139.0863492,36.03501],[139.086294,36.0350303],[139.0862105,36.0350612],[139.0860642,36.0351371],[139.0859877,36.0351854],[139.0859652,36.035162]]]},"properties":{"layer":"road","class_code":"1040","class_label":"道路"}},{"type":"Feature","id":"tran_743109b1-7dbb-4bb2-8f0a-a9c311325c88","geometry":{"type":"Polygon","coordinates":[[[139.0864633,36.0355692],[139.0865151,36.0355531],[139.0865219,36.0355674],[139.086533,36.0355893],[139.0865449,36.035611],[139.0865574,36.0356323],[139.0865707,36.0356534],[139.0865846,36.0356742],[139.0865992,36.0356947],[139.0866147,36.0357151],[139.0866657,36.0357825],[139.0866185,36.0358061],[139.0865674,36.0357387],[139.0865516,36.0357178],[139.0865362,36.0356963],[139.0865216,36.0356744],[139.0865077,36.0356523],[139.0864945,36.0356298],[139.086482,36.0356071],[139.0864703,36.0355841],[139.0864633,36.0355692]]]},"properties":{"layer":"road","class_code":"1040","class_label":"道路"}},{"type":"Feature","id":"tran_9d185062-73a6-4ad3-bdfd-e77bcd5a2997","geometry":{"type":"Polygon","coordinates":[[[139.0797579,36.0368279],[139.0797735,36.0368645],[139.0797485,36.0368715],[139.0797285,36.0368788],[139.0797083,36.0368859],[139.0796981,36.0368893],[139.0796767,36.0368959],[139.0793355,36.0369909],[139.079301,36.0370007],[139.0792671,36.0370112],[139.0792336,36.0370225],[139.0792005,36.0370345],[139.0791677,36.0370472],[139.0791352,36.0370607],[139.0791075,36.0370722],[139.0790888,36.0370395],[139.0791149,36.0370286],[139.079148,36.0370148],[139.0791819,36.0370017],[139.0792161,36.0369893],[139.0792508,36.0369777],[139.0792858,36.0369669],[139.0793209,36.0369568],[139.0796617,36.036862],[139.0796818,36.0368558],[139.079691,36.0368527],[139.0797105,36.0368458],[139.0797299,36.0368387],[139.0797492,36.0368314],[139.0797579,36.0368279]]]},"properties":{"layer":"road","class_code":"1040","class_label":"道路"}},{"type":"Feature","id":"tran_fddf421f-5a48-49b4-ba6e-3bb5940eccbc","geometry":{"type":"Polygon","coordinates":[[[139.0827199,36.0359916],[139.0828365,36.0360397],[139.0828337,36.0360443],[139.0828296,36.0360502],[139.0828139,36.0360717],[139.0827858,36.0361053],[139.0827699,36.0361225],[139.0827467,36.0361447],[139.0827222,36.0361658],[139.0827211,36.0361678],[139.082651,36.0362754],[139.0825724,36.0362416],[139.0826418,36.0361353],[139.0826926,36.03605],[139.0826989,36.0360389],[139.0827085,36.0360197],[139.0827169,36.036],[139.0827199,36.0359916]]]},"properties":{"layer":"road","class_code":"1040","class_label":"道路"}},{"type":"Feature","id":"tran_d747f84b-5ec6-4250-8f5c-75c4604bb3b2","geometry":{"type":"Polygon","coordinates":[[[139.0776699,36.0332601],[139.0777044,36.033227],[139.0777141,36.0332447],[139.0779177,36.0334527],[139.078085,36.0336279],[139.0781306,36.0336739],[139.0782774,36.0338223],[139.0784712,36.0340243],[139.0786996,36.0342616],[139.0787703,36.0343353],[139.0787805,36.0343376],[139.0787909,36.0343392],[139.0788015,36.0343401],[139.0788093,36.0343403],[139.07882,36.03434],[139.0788305,36.034339],[139.0788409,36.0343374],[139.0788498,36.0343352],[139.0790013,36.0342396],[139.0792914,36.0340541],[139.0795005,36.0339232],[139.0795173,36.0339178],[139.0795282,36.0339157],[139.0795384,36.0339158],[139.0795626,36.0339534],[139.0795557,36.0339523],[139.0795482,36.0339519],[139.0795411,36.0339519],[139.0795333,36.0339518],[139.0795307,36.0339523],[139.0795226,36.0339549],[139.0793188,36.0340826],[139.0790286,36.034268],[139.0787925,36.0344171],[139.0786645,36.0342837],[139.0784363,36.0340465],[139.0782426,36.0338446],[139.0780732,36.0336736],[139.0780502,36.0336503],[139.0778827,36.0334749],[139.0776778,36.0332653],[139.0776699,36.0332601]]]},"properties":{"layer":"road","class_code":"1040","class_label":"道路"}},{"type":"Feature","id":"tran_1a15bd9e-6955-4eac-8177-47b20c78bb80","geometry":{"type":"Polygon","coordinates":[[[139.0846209,36.0400617],[139.0846551,36.0400388],[139.0846592,36.0400399],[139.0846636,36.0400411],[139.0846676,36.0400415],[139.0846736,36.0400417],[139.0846798,36.0400419],[139.0846906,36.0400411],[139.0846984,36.0400384],[139.0847234,36.0400682],[139.0847156,36.0400752],[139.0847128,36.04008],[139.0847115,36.0400835],[139.0847106,36.0400872],[139.0847107,36.040095],[139.0846821,36.0401236],[139.084627,36.0401251],[139.0845973,36.0400982],[139.0846209,36.0400617]]]},"properties":{"layer":"road","class_code":"1040","class_label":"道路"}},{"type":"Feature","id":"tran_74e2f11d-87f0-45c2-8ff1-2bc35bd17c3a","geometry":{"type":"Polygon","coordinates":[[[139.079965,36.0368032],[139.0801316,36.0369721],[139.0801406,36.0369815],[139.0803281,36.0371774],[139.0805377,36.0373921],[139.0807104,36.0375695],[139.0807267,36.0375867],[139.0806301,36.0376472],[139.0806143,36.0376306],[139.080442,36.0374535],[139.0802322,36.0372386],[139.0800441,36.0370423],[139.0800357,36.0370334],[139.0798698,36.0368652],[139.079965,36.0368032]]]},"properties":{"layer":"road","class_code":"1040","class_label":"道路"}},{"type":"Feature","id":"tran_7892e89e-a162-45d4-8b24-d98e60a2ba43","geometry":{"type":"Polygon","coordinates":[[[139.0824956,36.0364967],[139.0825341,36.0364582],[139.0826096,36.0365082],[139.0826367,36.0365312],[139.082662,36.0365553],[139.08267,36.0365633],[139.0826932,36.0365888],[139.0827148,36.0366155],[139.0827336,36.0366415],[139.0827938,36.0367166],[139.0828036,36.0367295],[139.0828835,36.0368413],[139.0828907,36.0368515],[139.082912,36.0368795],[139.0829348,36.0369062],[139.0829596,36.036932],[139.0829747,36.0369464],[139.0830022,36.0369704],[139.0830309,36.0369929],[139.0830616,36.0370144],[139.0830818,36.0370275],[139.0831205,36.0370507],[139.0831608,36.037072],[139.0831891,36.0370856],[139.0832315,36.0371038],[139.083276,36.0371205],[139.0835008,36.0372033],[139.0837882,36.037308],[139.0840365,36.0374],[139.084047,36.0374047],[139.0840657,36.0374138],[139.084084,36.0374239],[139.0841016,36.0374348],[139.084118,36.0374462],[139.0841209,36.0374483],[139.0841364,36.0374606],[139.0841515,36.0374737],[139.0841657,36.0374875],[139.0841789,36.0375019],[139.0841912,36.037517],[139.0842006,36.0375301],[139.0842178,36.0375565],[139.0842331,36.0375836],[139.0842376,36.0375922],[139.0842507,36.0376201],[139.0842619,36.0376488],[139.0842712,36.037678],[139.0842783,36.0377065],[139.0842789,36.0377096],[139.0843151,36.0379704],[139.084348,36.038213],[139.0843829,36.0384126],[139.084339,36.0384176],[139.0843039,36.0382176],[139.0842709,36.0379743],[139.0842348,36.0377136],[139.084228,36.037686],[139.0842192,36.0376587],[139.0842087,36.0376319],[139.0841964,36.0376056],[139.0841925,36.0375981],[139.084178,36.0375725],[139.0841618,36.0375476],[139.0841535,36.037536],[139.0841425,36.0375227],[139.0841307,36.0375098],[139.0841182,36.0374975],[139.0841048,36.0374858],[139.0840906,36.0374747],[139.0840887,36.0374732],[139.0840737,36.0374629],[139.084058,36.0374532],[139.0840417,36.0374442],[139.0840249,36.0374359],[139.0840165,36.0374322],[139.0837699,36.0373409],[139.0834826,36.0372362],[139.0832575,36.0371533],[139.0832118,36.0371362],[139.0831674,36.0371171],[139.0831373,36.0371026],[139.0830953,36.0370803],[139.0830548,36.0370561],[139.0830333,36.0370421],[139.0830011,36.0370196],[139.0829704,36.0369956],[139.0829415,36.0369704],[139.0829252,36.0369547],[139.0828991,36.0369275],[139.0828748,36.0368993],[139.0828525,36.0368699],[139.082845,36.0368592],[139.0827656,36.036748],[139.0827564,36.0367359],[139.0826958,36.0366605],[139.0826771,36.0366345],[139.0826567,36.0366094],[139.0826348,36.0365853],[139.0826278,36.0365782],[139.0826038,36.0365554],[139.0825782,36.0365337],[139.0825613,36.0365205],[139.0825412,36.0365104],[139.0825291,36.0365057],[139.082507,36.036499],[139.0824956,36.0364967]]]},"properties":{"layer":"road","class_code":"1040","class_label":"道路"}},{"type":"Feature","id":"tran_4278cbdb-761a-4e9e-a616-7f91d692a4a1","geometry":{"type":"Polygon","coordinates":[[[139.0795293,36.0365214],[139.0796521,36.0364727],[139.0796808,36.0365013],[139.0795568,36.0365505],[139.0795408,36.0365329],[139.0795293,36.0365214]]]},"properties":{"layer":"road","class_code":"1040","class_label":"道路"}},{"type":"Feature","id":"tran_7c0a10e7-5722-46bf-b073-4017a074c323","geometry":{"type":"Polygon","coordinates":[[[139.0778139,36.0361995],[139.0779446,36.0363331],[139.0780658,36.0364593],[139.0782064,36.0366063],[139.0783627,36.0367657],[139.0784425,36.0368472],[139.0785034,36.036911],[139.0785609,36.0369697],[139.0785242,36.0369902],[139.0784687,36.0369334],[139.0784034,36.0368651],[139.078328,36.0367882],[139.0781714,36.0366286],[139.0780308,36.0364814],[139.0779098,36.0363554],[139.0777791,36.036222],[139.0778139,36.0361995]]]},"properties":{"layer":"road","class_code":"1040","class_label":"道路"}}]}