{"type":"FeatureCollection","properties":{"mesh_code":"53397097","source":"PLATEAU秩父市2025","layer":"building"},"features":[{"type":"Feature","id":"bldg_dfa4c66a-b2e1-4f4e-99b1-754a9da5d4e2","geometry":{"type":"Polygon","coordinates":[[[139.0879484420111,35.99782091651884],[139.08795108241017,35.99783499321286],[139.08792965001865,35.99783774419545],[139.0879268987153,35.997823666811826],[139.0879484420111,35.99782091651884]]]},"properties":{"layer":"building","height_m":null}},{"type":"Feature","id":"bldg_71ddf88a-6e54-49ef-ba66-448998e8230e","geometry":{"type":"Polygon","coordinates":[[[139.0899597196712,35.99777146904485],[139.08991345463127,35.997783566198486],[139.0898856092832,35.997713281452484],[139.08993187437056,35.997701175296534],[139.0899597196712,35.99777146904485]]]},"properties":{"layer":"building","height_m":3.7}},{"type":"Feature","id":"bldg_c8e2c30d-51ef-43c5-84d5-6005a53bf6fd","geometry":{"type":"Polygon","coordinates":[[[139.08799490493507,35.993342551487494],[139.0880020752223,35.9933584589369],[139.08798005477294,35.99336490161825],[139.08797288364167,35.99334908429242],[139.08799490493507,35.993342551487494]]]},"properties":{"layer":"building","height_m":3.3}},{"type":"Feature","id":"bldg_80ce485f-bbb9-4cf2-8c77-02bc95a1a804","geometry":{"type":"Polygon","coordinates":[[[139.08988133440096,35.99925236973022],[139.0899691056115,35.999236690281734],[139.08999022326594,35.99931478362953],[139.08990245197248,35.9993304630923],[139.08988133440096,35.99925236973022]]]},"properties":{"layer":"building","height_m":8.2}},{"type":"Feature","id":"bldg_d149bab3-4b79-4395-bc91-c29c4ff9ff7e","geometry":{"type":"Polygon","coordinates":[[[139.0880257457248,35.99481528869233],[139.08796633864733,35.994752008779486],[139.08796183653746,35.99474720391086],[139.08796551755955,35.99474497353061],[139.087959808229,35.99473880920947],[139.08804994834915,35.99468303795628],[139.08807939986787,35.99466483438935],[139.08808511005043,35.994670908580076],[139.08809693620293,35.994663501251495],[139.0881608445937,35.99473167608732],[139.0880257457248,35.99481528869233]]]},"properties":{"layer":"building","height_m":9.9}},{"type":"Feature","id":"bldg_75feb6f7-7dbc-44f6-88e0-4ca0ee96d824","geometry":{"type":"Polygon","coordinates":[[[139.0898870281117,35.99922597889197],[139.0898823669127,35.99920263336231],[139.0899375383951,35.99919536831678],[139.08994218851902,35.99921871377579],[139.0898870281117,35.99922597889197]]]},"properties":{"layer":"building","height_m":null}},{"type":"Feature","id":"bldg_7287330d-780e-436d-912b-e12ff6293bff","geometry":{"type":"Polygon","coordinates":[[[139.08747195419056,35.99241384515912],[139.08761295090184,35.99237488419918],[139.0876389816873,35.99243723579543],[139.08749798487673,35.992476196784395],[139.08747195419056,35.99241384515912]]]},"properties":{"layer":"building","height_m":7.6}},{"type":"Feature","id":"bldg_d0dec4d2-526f-4306-982d-f64d420a6870","geometry":{"type":"Polygon","coordinates":[[[139.08992485473422,35.99747768134591],[139.08990780454332,35.99743187973699],[139.08997522947135,35.99741529905221],[139.08999229087334,35.997461091708345],[139.08992485473422,35.99747768134591]]]},"properties":{"layer":"building","height_m":5.1}},{"type":"Feature","id":"bldg_f1429f5e-cd1a-4108-86d8-331f494bdc65","geometry":{"type":"Polygon","coordinates":[[[139.08867037266234,35.99522887920244],[139.0887239827051,35.995367390419204],[139.08876955465684,35.99535574006128],[139.08856799063508,35.99483487082872],[139.08865489801275,35.99481266152276],[139.08892701858423,35.995515887041144],[139.0889471863458,35.995510730567815],[139.08899849058594,35.995643287778364],[139.08886891209477,35.99567639963309],[139.08883148938668,35.995685964521414],[139.08870179951484,35.99571911155533],[139.0887090109408,35.995737759168094],[139.0881471908523,35.99588132667054],[139.08812871839615,35.995833587185565],[139.08812186984605,35.99583532921633],[139.0879576759113,35.995411004166606],[139.08867037266234,35.99522887920244]]]},"properties":{"layer":"building","height_m":7.1}},{"type":"Feature","id":"bldg_37696f60-17f5-4cd0-ad5c-bbe969b88536","geometry":{"type":"Polygon","coordinates":[[[139.088113938134,35.992820716583346],[139.0880002040437,35.992850023330696],[139.08798330961926,35.99280674603634],[139.08799198109463,35.9928045466606],[139.08798407779324,35.99278403801896],[139.0880555643112,35.992765644961665],[139.08805502337142,35.992764199519094],[139.08809415714987,35.99275416780123],[139.0881073691569,35.99278804867239],[139.08812137743766,35.99278444035831],[139.08813177215714,35.99281127357615],[139.08811220525723,35.99281628944263],[139.088113938134,35.992820716583346]]]},"properties":{"layer":"building","height_m":7.6}},{"type":"Feature","id":"bldg_e3896515-3667-4353-9cdb-65fbd64dfc2a","geometry":{"type":"Polygon","coordinates":[[[139.08990153001807,35.999335333413235],[139.08995001945937,35.999327414065206],[139.08996158136986,35.99937421814007],[139.08991310299191,35.999382137561135],[139.08990153001807,35.999335333413235]]]},"properties":{"layer":"building","height_m":3.2}},{"type":"Feature","id":"bldg_d904b0d0-7741-467c-b177-36681a0d83a4","geometry":{"type":"Polygon","coordinates":[[[139.08748560206976,35.99165094242855],[139.08754555259318,35.991642067790096],[139.08754727671345,35.99164977562197],[139.08757039955674,35.991646350215376],[139.0875893128685,35.99173077551658],[139.08758548123728,35.991731346556435],[139.08758752482808,35.99174046240368],[139.08750829408194,35.99175219149175],[139.08748560206976,35.99165094242855]]]},"properties":{"layer":"building","height_m":8.1}},{"type":"Feature","id":"bldg_013fb588-e307-439b-8799-4b3bb1cfbb2b","geometry":{"type":"Polygon","coordinates":[[[139.09000506368082,35.99936444711312],[139.09002764460934,35.999463910338804],[139.08993700894194,35.999477499085366],[139.08991709006767,35.99938985937618],[139.08996562890604,35.99938258926448],[139.08996296695537,35.99937076573342],[139.09000506368082,35.99936444711312]]]},"properties":{"layer":"building","height_m":9.0}},{"type":"Feature","id":"bldg_0c7a6f33-0042-4be3-aa00-a6856dfe9272","geometry":{"type":"Polygon","coordinates":[[[139.09011527937767,35.99210974794737],[139.09007154105993,35.9921377778291],[139.09001916848507,35.99208130225176],[139.0900061855704,35.99208203297796],[139.0899925371269,35.99207095253012],[139.09004453952946,35.99203684503128],[139.09011527937767,35.99210974794737]]]},"properties":{"layer":"building","height_m":6.9}},{"type":"Feature","id":"bldg_71464ec3-a394-47e0-b8e4-4801ee20dcc4","geometry":{"type":"Polygon","coordinates":[[[139.0874788605477,35.9934167118077],[139.0875468644878,35.993394863449446],[139.08759146273687,35.99348655065818],[139.08752345872946,35.99350839904057],[139.0874788605477,35.9934167118077]]]},"properties":{"layer":"building","height_m":8.4}},{"type":"Feature","id":"bldg_396a1765-32fb-4250-80a4-0a290c8928c6","geometry":{"type":"Polygon","coordinates":[[[139.08749520286597,35.9919941635798],[139.0875328759676,35.99198610582358],[139.08754861092535,35.99203469365431],[139.08751104870197,35.99204275210464],[139.08749520286597,35.9919941635798]]]},"properties":{"layer":"building","height_m":3.0}},{"type":"Feature","id":"bldg_cef3690d-5fd5-4c30-8fa4-b03bc1e0e1c9","geometry":{"type":"Polygon","coordinates":[[[139.09000088199414,35.99171937048647],[139.09001407996044,35.99171107917349],[139.0900315413417,35.99172948378645],[139.09001833236871,35.99173776602009],[139.09000088199414,35.99171937048647]]]},"properties":{"layer":"building","height_m":3.9}},{"type":"Feature","id":"bldg_ee06c92c-92f1-43ac-9730-d4b8596be637","geometry":{"type":"Polygon","coordinates":[[[139.0900176730286,35.9974002760047],[139.08995229531445,35.99723889857352],[139.09005434807173,35.9972115996523],[139.09011973714854,35.99737296808701],[139.0900176730286,35.9974002760047]]]},"properties":{"layer":"building","height_m":6.1}},{"type":"Feature","id":"bldg_a640a9b3-2c2a-4915-91ea-abdd4c192c67","geometry":{"type":"Polygon","coordinates":[[[139.08748657402373,35.99304034037338],[139.08756374993698,35.99301846791033],[139.08761149967216,35.99312998530679],[139.08753432366237,35.99315185779903],[139.08748657402373,35.99304034037338]]]},"properties":{"layer":"building","height_m":7.0}},{"type":"Feature","id":"bldg_7061e4c6-81dc-453e-beef-d1d6c4facbc5","geometry":{"type":"Polygon","coordinates":[[[139.08799433514116,35.992589691077406],[139.08798643779474,35.992568551561455],[139.0880395754888,35.992555362183786],[139.08804758374887,35.99257650238543],[139.08799433514116,35.992589691077406]]]},"properties":{"layer":"building","height_m":3.6}},{"type":"Feature","id":"bldg_37f5926d-912c-43f0-a0a7-1c874d1d0f35","geometry":{"type":"Polygon","coordinates":[[[139.0900173759858,35.99171321765474],[139.09000616249403,35.99169558180759],[139.09003554665358,35.99168320874593],[139.09004680442547,35.99170085387776],[139.0900173759858,35.99171321765474]]]},"properties":{"layer":"building","height_m":4.0}},{"type":"Feature","id":"bldg_7070827b-7b11-4adc-82f0-7601debd1079","geometry":{"type":"Polygon","coordinates":[[[139.08748670079942,35.99325188554608],[139.08755734110719,35.99322918832266],[139.08759263686352,35.99330172814382],[139.08758449374855,35.99330434537322],[139.08760529688703,35.99334710623709],[139.08754279961005,35.99336718626132],[139.08748670079942,35.99325188554608]]]},"properties":{"layer":"building","height_m":7.5}},{"type":"Feature","id":"bldg_5fd05749-6ebd-4405-b33e-973846735165","geometry":{"type":"Polygon","coordinates":[[[139.08996117367857,35.99936093044638],[139.0900029368225,35.999354699889565],[139.09000506368082,35.99936444711312],[139.08996341144217,35.999370678357934],[139.08996117367857,35.99936093044638]]]},"properties":{"layer":"building","height_m":4.3}},{"type":"Feature","id":"bldg_57e60615-152c-4a0d-8841-698f3c4df6ec","geometry":{"type":"Polygon","coordinates":[[[139.0874424582269,35.998090955501986],[139.08747359743924,35.99808213612007],[139.0875150799747,35.99807031661841],[139.0875139929545,35.998067966478885],[139.0875578104917,35.99805553056988],[139.08757615349958,35.99809818598737],[139.0875820477666,35.99809651016092],[139.08759311944857,35.99812217592302],[139.0875886712321,35.998123410089725],[139.08761515677375,35.9981847730395],[139.08758068094622,35.99819456314486],[139.08756765533224,35.99816437873232],[139.0875564230268,35.9981675535815],[139.0875476320607,35.99814703940808],[139.0874753446731,35.99816750012966],[139.0874424582269,35.998090955501986]]]},"properties":{"layer":"building","height_m":7.1}},{"type":"Feature","id":"bldg_103d36fb-245d-4a6d-97e5-a984f1042181","geometry":{"type":"Polygon","coordinates":[[[139.09007448358068,35.999637791016525],[139.08998205877188,35.99965290092024],[139.0899648500812,35.99958375467253],[139.08996884962747,35.99958305841798],[139.08996746192463,35.99957728149619],[139.0899900122872,35.99957363578016],[139.0899887295727,35.999568490419406],[139.09000161549247,35.99956640715131],[139.0899945626759,35.99953788235563],[139.0900473297286,35.99952919633271],[139.09005267480956,35.999550590271014],[139.09004923066388,35.99955119983982],[139.09005382728276,35.99956961484913],[139.09005738233972,35.99956900596741],[139.09007448358068,35.999637791016525]]]},"properties":{"layer":"building","height_m":8.9}},{"type":"Feature","id":"bldg_e0eb1570-7369-4fad-8dcc-f139a743f117","geometry":{"type":"Polygon","coordinates":[[[139.09000897066127,35.998889035368336],[139.08999751957742,35.99885642746311],[139.09009633802137,35.998833605971676],[139.09010778914293,35.99886621386803],[139.09000897066127,35.998889035368336]]]},"properties":{"layer":"building","height_m":5.1}},{"type":"Feature","id":"bldg_f3a6cb51-2a76-49e4-864e-78084a291083","geometry":{"type":"Polygon","coordinates":[[[139.0900119465472,35.99977746557311],[139.08999226710392,35.99968793463289],[139.0900265867162,35.999683009892344],[139.09002669255216,35.99968355132836],[139.0900838918972,35.999675343405464],[139.09010335553972,35.9997642420841],[139.0900119465472,35.99977746557311]]]},"properties":{"layer":"building","height_m":9.4}},{"type":"Feature","id":"bldg_93cf6add-4828-434a-9742-3858915f83db","geometry":{"type":"Polygon","coordinates":[[[139.0874985773145,35.99248395165814],[139.08752503781855,35.99247708601638],[139.08752805989008,35.99248593755644],[139.08753435043965,35.99250102839471],[139.08754224558936,35.99249882422491],[139.08755547683117,35.992530632283504],[139.08752323081472,35.992539444826015],[139.0874985773145,35.99248395165814]]]},"properties":{"layer":"building","height_m":10.1}},{"type":"Feature","id":"bldg_bb2fc1b9-886d-4073-90d9-a2cb5cfe222b","geometry":{"type":"Polygon","coordinates":[[[139.0901130565721,35.9917910339805],[139.0900688878008,35.991699458489926],[139.09014519734788,35.99167514546791],[139.0901397572045,35.99166393562697],[139.0902012714245,35.99164439793698],[139.09020671073003,35.99165569790018],[139.09024008199958,35.991645088998396],[139.09026336395254,35.99169327258204],[139.09028027054646,35.99168805962324],[139.09030479254085,35.99172228070618],[139.09030368016454,35.991722634336966],[139.09033359689568,35.99178473904394],[139.09024671970909,35.991812411672555],[139.09024824187412,35.99181566578659],[139.09015435680817,35.991845548192764],[139.09012607156444,35.99178687849551],[139.0901130565721,35.9917910339805]]]},"properties":{"layer":"building","height_m":7.8}},{"type":"Feature","id":"bldg_4d6ace7f-e6b4-4d68-afac-02d5dc2779f3","geometry":{"type":"Polygon","coordinates":[[[139.0875728197188,35.99952429269589],[139.0875273883692,35.99954311780022],[139.0875206129099,35.99953235020181],[139.08745981564635,35.99955747897267],[139.08743326246318,35.99951504288346],[139.08749161033924,35.99949089032626],[139.0874883331,35.99948555227809],[139.0874910051321,35.99948448733199],[139.0875141661354,35.999474897297546],[139.08753610287664,35.999465750296956],[139.0875728197188,35.99952429269589]]]},"properties":{"layer":"building","height_m":4.9}},{"type":"Feature","id":"bldg_795c8198-fa6d-40b3-8c2d-74bacb529fc4","geometry":{"type":"Polygon","coordinates":[[[139.08792357848242,35.99957901868226],[139.08797329880016,35.99956409566904],[139.08799503394894,35.999611729244045],[139.08794531275694,35.9996267423906],[139.08792357848242,35.99957901868226]]]},"properties":{"layer":"building","height_m":null}},{"type":"Feature","id":"bldg_df514a41-e78e-478a-afa9-1d4df1b05cbc","geometry":{"type":"Polygon","coordinates":[[[139.09001290474814,35.99948626137907],[139.0900009052792,35.999488440271705],[139.08999693946114,35.99947372450062],[139.09000893892795,35.99947154560835],[139.09001290474814,35.99948626137907]]]},"properties":{"layer":"building","height_m":null}},{"type":"Feature","id":"bldg_66fed700-ba5c-4ecd-b468-fec90b1f6906","geometry":{"type":"Polygon","coordinates":[[[139.0902071347808,35.992209973890255],[139.09015609928628,35.992237949585764],[139.09007585570862,35.99214128358497],[139.09012689116798,35.99211330792274],[139.0902071347808,35.992209973890255]]]},"properties":{"layer":"building","height_m":7.0}},{"type":"Feature","id":"bldg_0acd9e7b-41b3-4998-b84b-a477138d67d9","geometry":{"type":"Polygon","coordinates":[[[139.0901314874462,35.999875005932424],[139.09015349453134,35.9999647315294],[139.09009972815292,35.999973501534996],[139.09009791201265,35.99996609961986],[139.09005925406282,35.99997234944839],[139.09001962813332,35.99995173451819],[139.09001247028803,35.99992257816412],[139.09004657325366,35.99991711129594],[139.09002755678006,35.99983966189507],[139.0900376657418,35.999838012065716],[139.09003616796468,35.999832144332785],[139.0900696045787,35.99982676345868],[139.09007077723714,35.99983181800643],[139.0900833304652,35.99982973266842],[139.09009069915643,35.99986006201559],[139.09009582836794,35.99988082370325],[139.09012093399207,35.999876743145656],[139.0901314874462,35.999875005932424]]]},"properties":{"layer":"building","height_m":8.1}},{"type":"Feature","id":"bldg_8b37a225-7091-4007-b733-c94fda4f135c","geometry":{"type":"Polygon","coordinates":[[[139.0881015720801,35.998297033530974],[139.08807912019086,35.99830203145662],[139.08806941060516,35.99827303939017],[139.08809175157808,35.99826804077718],[139.0881015720801,35.998297033530974]]]},"properties":{"layer":"building","height_m":null}},{"type":"Feature","id":"bldg_b9314df5-2537-4f6c-b9f7-428457336b53","geometry":{"type":"Polygon","coordinates":[[[139.09009546790824,35.999819947648355],[139.09004055812932,35.99982764700923],[139.09003058391147,35.99978066351011],[139.09008550474968,35.99977296422209],[139.09009546790824,35.999819947648355]]]},"properties":{"layer":"building","height_m":3.9}},{"type":"Feature","id":"bldg_4df71d49-07a6-435e-8b82-22576febcef0","geometry":{"type":"Polygon","coordinates":[[[139.0901088453078,35.99202714887376],[139.0901402501378,35.99201337326333],[139.09024059277917,35.99202814529283],[139.090247338901,35.99207748826971],[139.09024165933053,35.992079976732846],[139.09024998376276,35.99209111430452],[139.09025103443818,35.99209733979266],[139.09024423572208,35.99210090288534],[139.09025520316263,35.99211403969139],[139.090247399582,35.99211831760107],[139.09025661375574,35.99212919029311],[139.0902558832679,35.99213612578941],[139.0902588446051,35.99213965920813],[139.09026713574184,35.99218982292451],[139.09026401785712,35.992191155564065],[139.09028541686735,35.99221544298901],[139.09027784015032,35.99221918152486],[139.0902560059935,35.99219399010179],[139.09025399880107,35.992195149360676],[139.0901088453078,35.99202714887376]]]},"properties":{"layer":"building","height_m":7.7}},{"type":"Feature","id":"bldg_d88ac9cf-4387-43bc-be18-1a8c83d68084","geometry":{"type":"Polygon","coordinates":[[[139.0875814046327,35.99771714881778],[139.08748118837676,35.99773536292159],[139.08746477702363,35.99767604544041],[139.08749321948986,35.99767090461566],[139.0874890391975,35.997655466386504],[139.08756070199425,35.99764239243291],[139.0875814046327,35.99771714881778]]]},"properties":{"layer":"building","height_m":7.3}},{"type":"Feature","id":"bldg_2eb5fc6d-82c7-459c-9943-b4e5ec60c322","geometry":{"type":"Polygon","coordinates":[[[139.08759110404685,35.99991484959373],[139.08748606719044,35.999949978151896],[139.08744490753955,35.99986851508074],[139.08750087477839,35.99984984564938],[139.08749455821663,35.999837458562986],[139.08749733947414,35.999836574556014],[139.0875195929265,35.99982914199905],[139.08754362688805,35.99982108959789],[139.08759110404685,35.99991484959373]]]},"properties":{"layer":"building","height_m":7.7}},{"type":"Feature","id":"bldg_1cd69dca-4a57-4350-b04a-65ccf719da30","geometry":{"type":"Polygon","coordinates":[[[139.08761170624396,35.99181192368392],[139.0876205881169,35.99186984243978],[139.0876235675392,35.99189500726685],[139.08755450817006,35.99190305019709],[139.0875534534675,35.99189727531198],[139.08753236300814,35.991899217189705],[139.08752865228115,35.99186927091718],[139.08752113072507,35.991820013104565],[139.08761170624396,35.99181192368392]]]},"properties":{"layer":"building","height_m":6.8}},{"type":"Feature","id":"bldg_955ae789-2792-46fb-8fd6-8e6776596a8d","geometry":{"type":"Polygon","coordinates":[[[139.0876049538553,35.99856163341666],[139.08753499833114,35.998593555181316],[139.0874917459424,35.9985341609583],[139.08748126703105,35.99853977399517],[139.08745865994695,35.99851412662819],[139.08748739497014,35.99850150683367],[139.08748630539915,35.99849942706827],[139.08753313639073,35.998485027046634],[139.08753794255796,35.99849289824097],[139.0875538687258,35.99848596711523],[139.0876049538553,35.99856163341666]]]},"properties":{"layer":"building","height_m":5.4}},{"type":"Feature","id":"bldg_8324cd6e-a5a4-431f-9f21-17f081e4210f","geometry":{"type":"Polygon","coordinates":[[[139.08749367689379,35.99539593458217],[139.08754013514383,35.99538558807618],[139.08754736296783,35.99540717410062],[139.08750101645916,35.99541743117397],[139.08749367689379,35.99539593458217]]]},"properties":{"layer":"building","height_m":4.3}},{"type":"Feature","id":"bldg_992378ae-1bac-47d9-8fb5-f477bcd83cd3","geometry":{"type":"Polygon","coordinates":[[[139.08793422188498,35.99890770627286],[139.08796681421683,35.99889772410491],[139.08798681873265,35.99894066017033],[139.08795422638545,35.99895064234346],[139.08793422188498,35.99890770627286]]]},"properties":{"layer":"building","height_m":null}},{"type":"Feature","id":"bldg_d9889c58-61d4-4627-b490-aa83f029e2a2","geometry":{"type":"Polygon","coordinates":[[[139.08795333947992,35.99979921099116],[139.08792868011562,35.999744078447115],[139.08796416071306,35.99973366358115],[139.08800375771807,35.99972192233173],[139.08800542561875,35.999721482045146],[139.0880123797297,35.99973684735721],[139.0880219451885,35.999734022630676],[139.0880322629074,35.99975734028235],[139.08805139297996,35.9997517809501],[139.0880586705064,35.99976813969908],[139.08795333947992,35.99979921099116]]]},"properties":{"layer":"building","height_m":8.7}},{"type":"Feature","id":"bldg_348f9299-13b5-473c-b68a-59a8d8635cf1","geometry":{"type":"Polygon","coordinates":[[[139.09014849125384,35.99232896994807],[139.09014436749908,35.992319300475835],[139.09016293858582,35.992314007716544],[139.09016717324297,35.99232367787519],[139.09014849125384,35.99232896994807]]]},"properties":{"layer":"building","height_m":5.3}},{"type":"Feature","id":"bldg_1b877f20-4432-4a40-85c5-bec36a374a45","geometry":{"type":"Polygon","coordinates":[[[139.08749158254224,35.9960189006288],[139.08750968898684,35.996015948782265],[139.08751492649736,35.99603689152166],[139.0874968191996,35.996039933493726],[139.08749158254224,35.9960189006288]]]},"properties":{"layer":"building","height_m":null}},{"type":"Feature","id":"bldg_9e4d217c-1123-4490-91bc-897660aee9a7","geometry":{"type":"Polygon","coordinates":[[[139.0902482370144,35.99237194900892],[139.0901808301406,35.992392982426004],[139.09017691634423,35.99238457607757],[139.0901652371338,35.992388199061445],[139.09015436266637,35.99236514850822],[139.09016570832716,35.99236161358918],[139.09015146273822,35.9923314218705],[139.09017760210585,35.992323291830374],[139.0901736874677,35.99231497560668],[139.09018903736882,35.99231020366922],[139.09019240765082,35.99231743495857],[139.09021999294114,35.99230886321555],[139.0902482370144,35.99237194900892]]]},"properties":{"layer":"building","height_m":7.7}},{"type":"Feature","id":"bldg_66e40575-29a1-48f7-b2f0-2a27d8f9d6ae","geometry":{"type":"Polygon","coordinates":[[[139.08748741773948,35.99745543970642],[139.08748086360777,35.99743649868391],[139.0875268808737,35.99742599623025],[139.08753342400973,35.997444928168974],[139.08748741773948,35.99745543970642]]]},"properties":{"layer":"building","height_m":null}},{"type":"Feature","id":"bldg_9019faf6-feb9-4255-9b43-a802f210cefa","geometry":{"type":"Polygon","coordinates":[[[139.09009069915643,35.99986006201559],[139.09011591568512,35.999855982146194],[139.09012093399207,35.999876743145656],[139.09009582836794,35.99988082370325],[139.09009069915643,35.99986006201559]]]},"properties":{"layer":"building","height_m":4.5}},{"type":"Feature","id":"bldg_6ccd15a6-1282-4d79-a4b7-2a13c696fe6e","geometry":{"type":"Polygon","coordinates":[[[139.09050811978275,35.9979719176139],[139.09036664799905,35.99800976133847],[139.090241755113,35.99770148198961],[139.0901599645145,35.99749957966811],[139.09030143556154,35.997461727162076],[139.09050811978275,35.9979719176139]]]},"properties":{"layer":"building","height_m":26.0}},{"type":"Feature","id":"bldg_4ceb5cef-6423-4d2f-9c6b-4d2c073c4786","geometry":{"type":"Polygon","coordinates":[[[139.0875304167632,35.99901063945248],[139.08758901374995,35.99906247701657],[139.08752528819227,35.99911003900855],[139.08752061313712,35.99910590902545],[139.08750892914475,35.99911463307],[139.08746567720576,35.999076365321514],[139.08747711532857,35.99906783803839],[139.08746643433852,35.99905838908963],[139.0875304167632,35.99901063945248]]]},"properties":{"layer":"building","height_m":8.7}},{"type":"Feature","id":"bldg_08a9ac03-ba95-48ca-84d4-2e5fb854d79b","geometry":{"type":"Polygon","coordinates":[[[139.08764359008498,35.99245429903451],[139.08766311278308,35.992501107789515],[139.08755547683117,35.992530632283504],[139.08754224558936,35.99249882422491],[139.08753435043965,35.99250102839471],[139.08752805989008,35.99248593755644],[139.08764359008498,35.99245429903451]]]},"properties":{"layer":"building","height_m":10.3}},{"type":"Feature","id":"bldg_3268266c-210b-4aca-b00b-441d8d4cf3a9","geometry":{"type":"Polygon","coordinates":[[[139.08809106930158,35.991937578680066],[139.0880249700818,35.9919480918099],[139.08800520204144,35.99186604971568],[139.08807130127977,35.99185552758333],[139.08809106930158,35.991937578680066]]]},"properties":{"layer":"building","height_m":8.4}},{"type":"Feature","id":"bldg_a88b9b1f-fae7-4e18-be4e-9d80fa7ce5e1","geometry":{"type":"Polygon","coordinates":[[[139.09021999294114,35.99230886321555],[139.09027827885694,35.99229065744515],[139.0902758872299,35.99228550521323],[139.0902833395289,35.9922832079892],[139.09031397527525,35.9923514459996],[139.0902482370144,35.99237194900892],[139.09021999294114,35.99230886321555]]]},"properties":{"layer":"building","height_m":7.4}},{"type":"Feature","id":"bldg_483f3007-a5ec-47ba-a00c-902c5696712f","geometry":{"type":"Polygon","coordinates":[[[139.09018899343016,35.999854226721155],[139.09017828447432,35.99980633738179],[139.09023463081041,35.99979802495984],[139.09024532879283,35.99984590521344],[139.09018899343016,35.999854226721155]]]},"properties":{"layer":"building","height_m":3.0}},{"type":"Feature","id":"bldg_1bc69566-99fb-4fdf-96dd-e7482a381f68","geometry":{"type":"Polygon","coordinates":[[[139.08751003230267,35.9972163931884],[139.08748581027032,35.99715026738889],[139.08766967985423,35.997105804677034],[139.0876939020278,35.99717193044157],[139.08751003230267,35.9972163931884]]]},"properties":{"layer":"building","height_m":8.9}},{"type":"Feature","id":"bldg_138beaef-a406-4bf7-8c08-6315e27931e5","geometry":{"type":"Polygon","coordinates":[[[139.09025228967417,35.992081755052844],[139.09027893780512,35.992078495169004],[139.0902837940832,35.99210466299075],[139.0902571450983,35.992108013000454],[139.09025228967417,35.992081755052844]]]},"properties":{"layer":"building","height_m":3.3}},{"type":"Feature","id":"bldg_0643f29a-1649-4393-bd1f-79228ee7c416","geometry":{"type":"Polygon","coordinates":[[[139.09026978889207,35.99213161528553],[139.09025946841902,35.99213227240032],[139.09025805951586,35.99211694154882],[139.09026826908683,35.99211628374719],[139.09026978889207,35.99213161528553]]]},"properties":{"layer":"building","height_m":null}},{"type":"Feature","id":"bldg_4f87af3d-59f2-4d1c-aee1-8fa47da5156a","geometry":{"type":"Polygon","coordinates":[[[139.09044257095312,35.99221551499113],[139.09041232899284,35.99221172250363],[139.09040964898483,35.99222549581856],[139.09041064624196,35.99222559212464],[139.09040575179768,35.99225079825382],[139.09034061680717,35.99224246340505],[139.09034166562125,35.99223706209229],[139.09033025557204,35.99223563947152],[139.0903313026963,35.992230418408674],[139.09031224982823,35.99222795701796],[139.09031295157448,35.99222408576824],[139.09030353519637,35.99222294588361],[139.09030668249008,35.99220665182141],[139.09029549424636,35.99220523057116],[139.09029689097798,35.99219820907117],[139.09027850267478,35.99219584192149],[139.0902811852402,35.99218179823496],[139.09027453883644,35.99218094589569],[139.09028223016261,35.99214133627262],[139.09030405213127,35.992144175339895],[139.09036752607022,35.99215222953041],[139.09036857319083,35.99214700846712],[139.09037125235793,35.992133325277905],[139.0904127925774,35.99213862982742],[139.09041209252712,35.99214232082802],[139.09044931271913,35.99214705783049],[139.0904480277472,35.99215398989433],[139.09045434145028,35.99215484016373],[139.09044257095312,35.99221551499113]]]},"properties":{"layer":"building","height_m":8.8}},{"type":"Feature","id":"bldg_8dd1e387-27b1-4e5b-ab2e-c4beae90d0cc","geometry":{"type":"Polygon","coordinates":[[[139.09022159035487,35.998830596507815],[139.09021316432907,35.998806569716734],[139.09033332460487,35.99877883295779],[139.09033764516187,35.99879120753564],[139.09034186901997,35.998790242267575],[139.09034597452313,35.998801894472706],[139.09022159035487,35.998830596507815]]]},"properties":{"layer":"building","height_m":5.4}},{"type":"Feature","id":"bldg_057d3832-a95c-4e25-9a57-e4bcdbee8f66","geometry":{"type":"Polygon","coordinates":[[[139.09026813004039,35.99989946652959],[139.09027074047688,35.99991678766586],[139.09022533221165,35.99992137339182],[139.09022261002838,35.99990414169239],[139.09026813004039,35.99989946652959]]]},"properties":{"layer":"building","height_m":3.0}},{"type":"Feature","id":"bldg_9fc4cefe-92a0-4b47-8d80-e9a45a41bbec","geometry":{"type":"Polygon","coordinates":[[[139.08748656128776,35.99748278885068],[139.08754372257988,35.997472590018205],[139.08755628420585,35.997519058050955],[139.08749912279674,35.99752926590145],[139.08748656128776,35.99748278885068]]]},"properties":{"layer":"building","height_m":3.5}},{"type":"Feature","id":"bldg_9b5bfa64-d42b-4162-b76c-3ef5a741a1c3","geometry":{"type":"Polygon","coordinates":[[[139.09027746800112,35.99992088519144],[139.09028313421584,35.99995534996201],[139.09023017298372,35.99996106059277],[139.0902245067917,35.99992659582],[139.09027746800112,35.99992088519144]]]},"properties":{"layer":"building","height_m":null}},{"type":"Feature","id":"bldg_363fe0eb-b9b2-4217-9a0c-f8f26176caa2","geometry":{"type":"Polygon","coordinates":[[[139.09030499089152,35.99213868321557],[139.09036857319083,35.99214700846712],[139.09036752607022,35.99215222953041],[139.09030405213127,35.992144175339895],[139.09030499089152,35.99213868321557]]]},"properties":{"layer":"building","height_m":3.5}},{"type":"Feature","id":"bldg_9275d5ca-190e-4307-a5ca-6a0e85902a45","geometry":{"type":"Polygon","coordinates":[[[139.08753990871577,35.99773041034165],[139.08754580330162,35.99775225846013],[139.08749014169499,35.99776218721341],[139.08748424627527,35.99774042921717],[139.08753990871577,35.99773041034165]]]},"properties":{"layer":"building","height_m":3.8}},{"type":"Feature","id":"bldg_cebabc6b-33b5-4729-9ad4-b2092382c5ff","geometry":{"type":"Polygon","coordinates":[[[139.08752176760026,35.99668857441767],[139.08750320125353,35.99669323587652],[139.0874950835336,35.99667191471062],[139.08751365072436,35.996667163128166],[139.08752176760026,35.99668857441767]]]},"properties":{"layer":"building","height_m":null}},{"type":"Feature","id":"bldg_a96cb504-77fc-4963-812b-a4edf772d98d","geometry":{"type":"Polygon","coordinates":[[[139.09033683113475,35.99203117489964],[139.0904662051321,35.992048740317756],[139.09046190916027,35.992069263388515],[139.09045087084365,35.99212282247023],[139.09039327293377,35.99211498497487],[139.09039257203764,35.992118766100276],[139.0903603389861,35.992114420487965],[139.0903609196868,35.992111630049955],[139.09033045935098,35.99210747566891],[139.0903313879665,35.992103065043274],[139.0903223051479,35.99210183709595],[139.09033683113475,35.99203117489964]]]},"properties":{"layer":"building","height_m":4.9}},{"type":"Feature","id":"bldg_1f00a5bb-d896-483c-ac40-129e0c4ac472","geometry":{"type":"Polygon","coordinates":[[[139.08763974230934,35.99388940787702],[139.08764534607562,35.99389970852921],[139.08770580723746,35.99387800247107],[139.08777371708456,35.99400289422137],[139.0875890613577,35.99406919980491],[139.08752523983483,35.993951850220625],[139.08753437633015,35.99394857220904],[139.08752988460645,35.99394031540571],[139.0875599428143,35.993929515416276],[139.08755473160386,35.993919929228454],[139.08763974230934,35.99388940787702]]]},"properties":{"layer":"building","height_m":6.6}},{"type":"Feature","id":"bldg_50f28f51-113e-416d-a949-30455b632e94","geometry":{"type":"Polygon","coordinates":[[[139.08801480887968,35.998759672725505],[139.08795636116233,35.99877093632923],[139.0879429266444,35.998725247052676],[139.0879580391432,35.9987222765389],[139.08795202328926,35.99870150924994],[139.08795668995907,35.9987006369476],[139.08795507551056,35.99869539937382],[139.08800085662222,35.99868649057839],[139.08800128584218,35.998688025455884],[139.08802917663837,35.99868261068887],[139.0880371286688,35.998709789236216],[139.08804335145996,35.99870856607878],[139.08804689783312,35.99872066553709],[139.08805412050455,35.99871926833137],[139.08806476048144,35.99875547658024],[139.08801642418138,35.99876482017374],[139.08801480887968,35.998759672725505]]]},"properties":{"layer":"building","height_m":7.6}},{"type":"Feature","id":"bldg_82966eef-61d1-4fa4-b92f-6ca55225bd7d","geometry":{"type":"Polygon","coordinates":[[[139.08758452620177,35.99204136122999],[139.08758367049828,35.99203683137808],[139.08756282862475,35.99203945979523],[139.0875592138318,35.99202052802234],[139.08755336211163,35.99202126676305],[139.0875451501157,35.9919781966006],[139.08760135759636,35.99197111028191],[139.08759875755476,35.99195748446961],[139.0876628375666,35.99194941056358],[139.08767813138235,35.992029559207275],[139.08758452620177,35.99204136122999]]]},"properties":{"layer":"building","height_m":4.3}},{"type":"Feature","id":"bldg_a96cb610-b002-4fd3-b201-b5bf271b2055","geometry":{"type":"Polygon","coordinates":[[[139.09071443433106,35.998435454077494],[139.09074809729995,35.99852417018638],[139.09066927348172,35.998543871329794],[139.09064827512503,35.99848849160097],[139.0905645594887,35.99850942420926],[139.0905838255015,35.998560286723205],[139.0906576466166,35.99854181648381],[139.09066284011976,35.99855572866619],[139.09074966799446,35.99853409421561],[139.09077218114172,35.99859353915615],[139.09075128036636,35.99859872744429],[139.0907545256845,35.99860749014946],[139.09071805959294,35.998616637926034],[139.09072812657828,35.99864310835322],[139.09073029237624,35.998648709824174],[139.09074176570292,35.998678974418475],[139.09075172263934,35.99870535403218],[139.0906508853506,35.99873059707799],[139.09064536671607,35.998715871711966],[139.09037420706898,35.998783682809986],[139.09032214551246,35.998646272544526],[139.090286294227,35.99854258117679],[139.09071443433106,35.998435454077494]]]},"properties":{"layer":"building","height_m":6.7}},{"type":"Feature","id":"bldg_4ff3743c-0377-4599-b2e4-a56450c2372a","geometry":{"type":"Polygon","coordinates":[[[139.08761149967216,35.99312998530679],[139.08761463861669,35.99313820665966],[139.08753812291815,35.99316062403963],[139.08753432366237,35.99315185779903],[139.08761149967216,35.99312998530679]]]},"properties":{"layer":"building","height_m":6.5}},{"type":"Feature","id":"bldg_b4b994e5-fed5-4a60-9357-72ec72686af7","geometry":{"type":"Polygon","coordinates":[[[139.08761350719678,35.99782983068614],[139.0875116254868,35.997848214720854],[139.08749275146084,35.99777950840826],[139.08755741359315,35.997767833010435],[139.08755762862077,35.997768555387644],[139.08756696100954,35.99776690093675],[139.0875712513821,35.997782429977455],[139.08759913849195,35.99777737580526],[139.08761350719678,35.99782983068614]]]},"properties":{"layer":"building","height_m":7.3}},{"type":"Feature","id":"bldg_95a853b8-8d95-4b38-b677-b40f63ae337c","geometry":{"type":"Polygon","coordinates":[[[139.087645815484,35.997355136314916],[139.08754576636153,35.997379209968585],[139.0875157517829,35.997386414023296],[139.08749814144807,35.997336642874224],[139.08750069740822,35.99733611798572],[139.08752193077368,35.99733093233013],[139.08752041455926,35.99732704731114],[139.0876167943494,35.997303942298046],[139.08761820050933,35.997307736501675],[139.0876276496888,35.9973054518613],[139.087645815484,35.997355136314916]]]},"properties":{"layer":"building","height_m":13.3}},{"type":"Feature","id":"bldg_55931840-6116-4d27-a863-32804aa704d9","geometry":{"type":"Polygon","coordinates":[[[139.0902936227418,35.999842301746106],[139.09034959792936,35.999834536764396],[139.09034620180216,35.9998182021933],[139.09037552200766,35.99981414768718],[139.090379554863,35.99983355062225],[139.0904213139998,35.99982777054678],[139.09042800213905,35.99985971799962],[139.09043255540485,35.99985911528907],[139.09044115372637,35.99990026783441],[139.09042105178523,35.99990302749838],[139.09036585377802,35.9999107071968],[139.09036415697918,35.99990240472439],[139.09036026917641,35.999903011554096],[139.09031862175226,35.99990870216993],[139.09030784901185,35.9999101676512],[139.0902936227418,35.999842301746106]]]},"properties":{"layer":"building","height_m":7.5}},{"type":"Feature","id":"bldg_7f0563e1-22cc-44a4-804c-ab8a0f1a410b","geometry":{"type":"Polygon","coordinates":[[[139.08765321986206,35.99719303838034],[139.08768102987378,35.997266847503866],[139.08752738695264,35.99730509892871],[139.08749957707192,35.99723128977157],[139.08765321986206,35.99719303838034]]]},"properties":{"layer":"building","height_m":10.5}},{"type":"Feature","id":"bldg_e6766c20-c17c-4f8e-8471-5d0496f74944","geometry":{"type":"Polygon","coordinates":[[[139.08752813466344,35.997967829799805],[139.08750845893357,35.997972484359394],[139.08749224530922,35.99792749878975],[139.0875120327855,35.997922754797465],[139.08752813466344,35.997967829799805]]]},"properties":{"layer":"building","height_m":3.7}},{"type":"Feature","id":"bldg_c95c0a27-54c1-4a7c-b289-0faa8a0789f7","geometry":{"type":"Polygon","coordinates":[[[139.090418459961,35.999770195832475],[139.09033332245986,35.999782926641046],[139.09031247983302,35.99969083786663],[139.09039761715343,35.999678116084],[139.090418459961,35.999770195832475]]]},"properties":{"layer":"building","height_m":7.5}},{"type":"Feature","id":"bldg_b920c7d1-8ff8-4ced-9af7-9d4a272f5e7c","geometry":{"type":"Polygon","coordinates":[[[139.08805018690109,35.9971451226706],[139.0880592977202,35.99717879778598],[139.08799853898662,35.99718943417733],[139.08797175365078,35.99719411674392],[139.08796275377443,35.997160442311554],[139.08805018690109,35.9971451226706]]]},"properties":{"layer":"building","height_m":3.2}},{"type":"Feature","id":"bldg_329a18ca-fdba-457b-8e33-ae881c8871fe","geometry":{"type":"Polygon","coordinates":[[[139.09036026917641,35.999903011554096],[139.09036355524424,35.99991925531287],[139.0903220347864,35.99992323424568],[139.09031862175226,35.99990870216993],[139.09036026917641,35.999903011554096]]]},"properties":{"layer":"building","height_m":4.8}},{"type":"Feature","id":"bldg_bfb7dd85-8980-4842-b5ef-77c8c6b22803","geometry":{"type":"Polygon","coordinates":[[[139.0903266181189,35.99995489827581],[139.0903220347864,35.99992323424568],[139.09036355524424,35.99991925531287],[139.0903681385932,35.99995091934162],[139.0903266181189,35.99995489827581]]]},"properties":{"layer":"building","height_m":3.2}},{"type":"Feature","id":"bldg_56d7cb91-ff32-463e-9e30-e3a1dabeecc4","geometry":{"type":"Polygon","coordinates":[[[139.08751548262768,35.9960013837321],[139.08753648533693,35.99599709793741],[139.08754971604074,35.99604080314741],[139.08752871332055,35.99604508894426],[139.08751548262768,35.9960013837321]]]},"properties":{"layer":"building","height_m":3.7}},{"type":"Feature","id":"bldg_519a6394-7b33-4cc3-9fda-4651417ce5ed","geometry":{"type":"Polygon","coordinates":[[[139.09054151967285,35.99222876395163],[139.0905372569155,35.99225520878066],[139.09047274261724,35.992302506171264],[139.09040593249324,35.99229539576758],[139.0904187797253,35.992215701139514],[139.09054151967285,35.99222876395163]]]},"properties":{"layer":"building","height_m":6.2}},{"type":"Feature","id":"bldg_87d6a613-52b4-454c-9e10-23cffae265eb","geometry":{"type":"Polygon","coordinates":[[[139.08749493259805,35.99869046624488],[139.0874887802374,35.99868420901929],[139.08751311204585,35.998668046770064],[139.08751926525582,35.99867421386967],[139.08749493259805,35.99869046624488]]]},"properties":{"layer":"building","height_m":3.2}},{"type":"Feature","id":"bldg_718cf896-1521-456a-9090-0d9741dcc092","geometry":{"type":"Polygon","coordinates":[[[139.0875101227067,35.999468472925884],[139.0875141661354,35.999474897297546],[139.0874910051321,35.99948448733199],[139.08748696170483,35.999478062959575],[139.0875101227067,35.999468472925884]]]},"properties":{"layer":"building","height_m":3.8}},{"type":"Feature","id":"bldg_7aeefde5-84c4-41b9-ba84-abd0ef4a5388","geometry":{"type":"Polygon","coordinates":[[[139.09041836014237,35.99977610774435],[139.0904276332122,35.99981627303975],[139.09038886867583,35.999822071664944],[139.09038492390434,35.99980510278657],[139.09037381675577,35.999806746462724],[139.0903684876343,35.999783640167315],[139.09041836014237,35.99977610774435]]]},"properties":{"layer":"building","height_m":3.3}},{"type":"Feature","id":"bldg_93c5d18d-e78e-4a67-ae2e-17ec16555815","geometry":{"type":"Polygon","coordinates":[[[139.09046226144284,35.99212631795236],[139.0905318399619,35.99213386907745],[139.09052913209322,35.99215061651765],[139.09051830905648,35.992216705028135],[139.09044872962116,35.992209244019385],[139.09046226144284,35.99212631795236]]]},"properties":{"layer":"building","height_m":4.1}},{"type":"Feature","id":"bldg_e6eccf56-277c-4521-b10e-074acf8020a3","geometry":{"type":"Polygon","coordinates":[[[139.08756823106273,35.9987629358622],[139.08749493259805,35.99869046624488],[139.08751926525582,35.99867421386967],[139.08754984615499,35.99865403461493],[139.08762193227167,35.998725685492246],[139.08756823106273,35.9987629358622]]]},"properties":{"layer":"building","height_m":7.8}},{"type":"Feature","id":"bldg_a972cc46-1df4-406e-bffb-7890d03ccb7b","geometry":{"type":"Polygon","coordinates":[[[139.0876306549925,35.99484185523795],[139.0875956278067,35.99485146167357],[139.0875913922501,35.99485368859503],[139.0875830415661,35.99485595302505],[139.08753559795048,35.994743626375644],[139.08767459735864,35.994705202757416],[139.08771326411062,35.99479792558435],[139.08775151645952,35.99478738378043],[139.08776913095303,35.9948296020353],[139.08772605263536,35.99484146580036],[139.08774381866004,35.99488408157281],[139.08768914232184,35.99489913594727],[139.08766493361176,35.99484107688754],[139.08763390914933,35.99484962665416],[139.0876306549925,35.99484185523795]]]},"properties":{"layer":"building","height_m":6.9}},{"type":"Feature","id":"bldg_eb8ba74f-d206-4114-a2ed-d9f8b3fe4419","geometry":{"type":"Polygon","coordinates":[[[139.09045087084365,35.99212282247023],[139.09046190916027,35.992069263388515],[139.090468887412,35.99207020790247],[139.09045784909992,35.992123766984854],[139.09045087084365,35.99212282247023]]]},"properties":{"layer":"building","height_m":null}},{"type":"Feature","id":"bldg_85c33b20-7495-4076-9c61-d1cfa67cb0e9","geometry":{"type":"Polygon","coordinates":[[[139.0875607448784,35.992138292552156],[139.08761453715232,35.992121520250876],[139.08763361001112,35.99216190895134],[139.08757981771353,35.99217868126078],[139.0875607448784,35.992138292552156]]]},"properties":{"layer":"building","height_m":3.9}},{"type":"Feature","id":"bldg_91581974-f2a6-4028-8ce8-09480a8a9698","geometry":{"type":"Polygon","coordinates":[[[139.09042434040157,35.99991900088125],[139.09042105178523,35.99990302749838],[139.09044115372637,35.99990026783441],[139.0904445532577,35.99991624190367],[139.09042434040157,35.99991900088125]]]},"properties":{"layer":"building","height_m":3.1}},{"type":"Feature","id":"bldg_901782aa-935e-453f-bcc1-29deb6d03f9b","geometry":{"type":"Polygon","coordinates":[[[139.0875492136354,35.99336681153805],[139.0875682809929,35.99336068405899],[139.08759576472906,35.99341716820563],[139.08757668626976,35.99342329561993],[139.0875492136354,35.99336681153805]]]},"properties":{"layer":"building","height_m":3.2}},{"type":"Feature","id":"bldg_c98a5a8a-36bb-4c02-a1bc-6857d67a951c","geometry":{"type":"Polygon","coordinates":[[[139.08769411149112,35.99255411672007],[139.08771265479666,35.99259893651636],[139.08767707326513,35.992608629669554],[139.0876796746578,35.992615045077656],[139.08762174268549,35.9926309083967],[139.08761968222788,35.992625938431864],[139.08757653821326,35.99263783779777],[139.08755734314613,35.99259157184736],[139.08769411149112,35.99255411672007]]]},"properties":{"layer":"building","height_m":7.8}},{"type":"Feature","id":"bldg_c25d045c-aa5e-42f5-b709-fe26529e8e8d","geometry":{"type":"Polygon","coordinates":[[[139.08763284316473,35.9961882319345],[139.0875705096601,35.996200102120234],[139.08752851501828,35.99605437110845],[139.0875647372531,35.99604747602894],[139.08756012104095,35.99603122391783],[139.087586121291,35.996026248143316],[139.08763284316473,35.9961882319345]]]},"properties":{"layer":"building","height_m":7.4}},{"type":"Feature","id":"bldg_ff3f8d04-6a6e-4f66-bc9a-33ef326c65d9","geometry":{"type":"Polygon","coordinates":[[[139.09058060600947,35.99276436097117],[139.09057304172757,35.99284957724512],[139.09051396208008,35.9928104554743],[139.09052512465178,35.992790966354036],[139.0905556515889,35.99281170504409],[139.0905584057393,35.99277819368641],[139.09052370639267,35.99277662688052],[139.09053254658906,35.9927445952902],[139.09059441349953,35.99275849787096],[139.0905933537111,35.99276507080935],[139.09058060600947,35.99276436097117]]]},"properties":{"layer":"building","height_m":3.8}},{"type":"Feature","id":"bldg_7de0a53e-97d6-481b-9520-773f2629bb10","geometry":{"type":"Polygon","coordinates":[[[139.09052913209322,35.99215061651765],[139.0905318399619,35.99213386907745],[139.09056086875685,35.992136932982085],[139.09055816004926,35.99215377054791],[139.09052913209322,35.99215061651765]]]},"properties":{"layer":"building","height_m":null}},{"type":"Feature","id":"bldg_94749ffb-241e-43b2-9a57-705781326f63","geometry":{"type":"Polygon","coordinates":[[[139.08751567312024,35.99982136644629],[139.0875195929265,35.99982914199905],[139.08749733947414,35.999836574556014],[139.08749341966973,35.999828799002564],[139.08751567312024,35.99982136644629]]]},"properties":{"layer":"building","height_m":3.7}},{"type":"Feature","id":"bldg_dcce07ff-cadd-48d2-82a3-fe0aad476417","geometry":{"type":"Polygon","coordinates":[[[139.09057422886912,35.99267563343147],[139.09067586038773,35.99270681676574],[139.09066522111078,35.9927296439553],[139.0906820307472,35.99273479530748],[139.0906780672651,35.992743513394075],[139.09067149814496,35.99275807380857],[139.0906150943145,35.99275294771423],[139.09061133128483,35.99275211324507],[139.09058180521342,35.99274291742348],[139.0905485195008,35.99273252662395],[139.09057422886912,35.99267563343147]]]},"properties":{"layer":"building","height_m":4.2}},{"type":"Feature","id":"bldg_2446ce00-4522-4031-bb41-912c189b589c","geometry":{"type":"Polygon","coordinates":[[[139.08756551958143,35.9925359222633],[139.08762188955518,35.992521040692516],[139.08763164326822,35.9925452561956],[139.08757538333126,35.99256022858498],[139.08756551958143,35.9925359222633]]]},"properties":{"layer":"building","height_m":null}},{"type":"Feature","id":"bldg_f6a8333d-373a-42f7-b97b-f9fd9299bc2b","geometry":{"type":"Polygon","coordinates":[[[139.08807898223426,35.99955447749076],[139.08805832326078,35.99949855865472],[139.08809701165205,35.99948906497862],[139.0880934414956,35.999479489015926],[139.08812935033163,35.99947069910076],[139.0881279441106,35.99946690490377],[139.0881353920613,35.99946514857316],[139.08816842152603,35.99945706179858],[139.08821332418376,35.99944607447791],[139.08823895965565,35.9995153634433],[139.08807898223426,35.99955447749076]]]},"properties":{"layer":"building","height_m":8.1}},{"type":"Feature","id":"bldg_a5843c16-d180-4d2f-ae8e-d99f137c7258","geometry":{"type":"Polygon","coordinates":[[[139.08753853694378,35.99921431168756],[139.08750421332152,35.99917372904376],[139.0875430720558,35.99915202398637],[139.0875230855952,35.999128393812704],[139.08761929000138,35.999074670557064],[139.08767360013792,35.99913888332116],[139.08753853694378,35.99921431168756]]]},"properties":{"layer":"building","height_m":8.8}},{"type":"Feature","id":"bldg_0659e1db-13f5-403b-b598-df06282e27b4","geometry":{"type":"Polygon","coordinates":[[[139.09053742092024,35.99842282144222],[139.0905192412379,35.99837439915852],[139.0906284131744,35.99834740522304],[139.09064659291784,35.99839582749114],[139.09053742092024,35.99842282144222]]]},"properties":{"layer":"building","height_m":5.7}},{"type":"Feature","id":"bldg_92787fc4-d823-44cf-9752-67ff61dcf578","geometry":{"type":"Polygon","coordinates":[[[139.09068657922165,35.99277015447955],[139.09067689779337,35.99285643921569],[139.09065126740578,35.992881246589384],[139.09060758902353,35.99286736651993],[139.09057304172757,35.99284957724512],[139.09058060600947,35.99276436097117],[139.0905933537111,35.99276507080935],[139.09068657922165,35.99277015447955]]]},"properties":{"layer":"building","height_m":4.2}},{"type":"Feature","id":"bldg_02f8c488-2ed4-416c-b7a4-10473cb85693","geometry":{"type":"Polygon","coordinates":[[[139.09070597795767,35.99261741385378],[139.09062133485523,35.99259597964977],[139.090642139149,35.992541759976824],[139.09072678304446,35.99256310404081],[139.09070597795767,35.99261741385378]]]},"properties":{"layer":"building","height_m":3.9}},{"type":"Feature","id":"bldg_8d691f5f-24fc-47e6-9ae7-fd9ac8dc8185","geometry":{"type":"Polygon","coordinates":[[[139.08759701287616,35.99174693865047],[139.08757940900048,35.99168481968584],[139.08759937683467,35.99168431290299],[139.08760256237943,35.99168757739012],[139.0876643219211,35.991665609016266],[139.0876829606538,35.9916649136978],[139.08768591252775,35.991669438552215],[139.0876942316794,35.99166931000015],[139.08771764333733,35.991715331752054],[139.08770064900034,35.99174163425455],[139.08759701287616,35.99174693865047]]]},"properties":{"layer":"building","height_m":8.2}},{"type":"Feature","id":"bldg_1bc1781a-99ff-4ba6-8038-1fe220ee4e4d","geometry":{"type":"Polygon","coordinates":[[[139.09069107349646,35.992501306070146],[139.09062343082914,35.99248479005914],[139.09064673577183,35.992421726073125],[139.09071437847507,35.9924382330581],[139.09069107349646,35.992501306070146]]]},"properties":{"layer":"building","height_m":7.1}},{"type":"Feature","id":"bldg_3ad5d4a6-96e6-4250-bf83-2fdc538239fa","geometry":{"type":"Polygon","coordinates":[[[139.08770131607298,35.993096654677935],[139.08770205399696,35.9931125221645],[139.0876231103915,35.99313366268666],[139.08758820605908,35.993047822101275],[139.0875835363262,35.993049054893355],[139.08756977084465,35.99301508039609],[139.08758856236605,35.99300996966848],[139.08759018855795,35.9930139455027],[139.08759669247874,35.99302993896423],[139.08762849168963,35.9930214841468],[139.08762469667175,35.993012267284605],[139.08766283421036,35.99300204925584],[139.08770131607298,35.993096654677935]]]},"properties":{"layer":"building","height_m":7.2}},{"type":"Feature","id":"bldg_a1528d64-e899-431c-8d45-fe132267237b","geometry":{"type":"Polygon","coordinates":[[[139.0876790752758,35.99794578499512],[139.0875477467498,35.99796993459434],[139.08752703899,35.99789571895496],[139.08753981548583,35.99789345500921],[139.08762758986083,35.997877326634445],[139.08765836655002,35.997871659501506],[139.0876790752758,35.99794578499512]]]},"properties":{"layer":"building","height_m":8.0}},{"type":"Feature","id":"bldg_b226f232-15dd-431b-aa6c-6f016996f3be","geometry":{"type":"Polygon","coordinates":[[[139.08808005485,35.9944832082929],[139.0880235597642,35.994499459266976],[139.08799630978572,35.994436919934536],[139.08802764890171,35.99442791236391],[139.08803227375427,35.99443853138402],[139.08805744077793,35.99443128806075],[139.08808005485,35.9944832082929]]]},"properties":{"layer":"building","height_m":3.3}},{"type":"Feature","id":"bldg_73fe2168-ae92-4b3f-984a-a6160483dddb","geometry":{"type":"Polygon","coordinates":[[[139.08758870196874,35.992841968001365],[139.087601083402,35.99286980504562],[139.08758962835356,35.99287315878048],[139.08757724692381,35.992845321735096],[139.08758870196874,35.992841968001365]]]},"properties":{"layer":"building","height_m":null}},{"type":"Feature","id":"bldg_e843efd3-a68c-4cdb-bb78-744700d90b8d","geometry":{"type":"Polygon","coordinates":[[[139.09061388413835,35.99350904189545],[139.09072942502522,35.99348812595929],[139.0907319954367,35.99349787592472],[139.09073799428427,35.993496831497886],[139.09074067306477,35.99350685252434],[139.09073434066556,35.993507985016656],[139.09074077514626,35.99353145868083],[139.09075777273227,35.993528409344634],[139.09077128262965,35.99357797441106],[139.09073117683485,35.993585206949646],[139.0907401834262,35.99361825032907],[139.090726296151,35.99362077813592],[139.09073895092695,35.99366691296694],[139.09065273952697,35.9936825125552],[139.09062903869886,35.99359611129217],[139.09063737072526,35.99359463066495],[139.09061388413835,35.99350904189545]]]},"properties":{"layer":"building","height_m":13.7}},{"type":"Feature","id":"bldg_9c41b9f5-115e-4246-9af9-09926ca9f906","geometry":{"type":"Polygon","coordinates":[[[139.08757558198735,35.993257836913756],[139.08762596124376,35.993243188493835],[139.08762020731348,35.99322999372987],[139.08765223604033,35.993220729162594],[139.08767775502736,35.99327857105663],[139.08768253737057,35.99327715870073],[139.08769665600698,35.99330897225654],[139.0876577318327,35.993320266966386],[139.08765414672516,35.99331231323183],[139.08760743736642,35.99332590291537],[139.08757558198735,35.993257836913756]]]},"properties":{"layer":"building","height_m":8.7}},{"type":"Feature","id":"bldg_b3e0b991-d73f-415d-83e7-594e39257101","geometry":{"type":"Polygon","coordinates":[[[139.09063971798784,35.99303664956849],[139.090670065035,35.993029266514014],[139.09068282867298,35.99306377524154],[139.09065248076882,35.99307124842395],[139.09063971798784,35.99303664956849]]]},"properties":{"layer":"building","height_m":null}},{"type":"Feature","id":"bldg_4e948e8a-4ab6-47fc-ab56-6b422a5fa9e8","geometry":{"type":"Polygon","coordinates":[[[139.08757755405261,35.993438325703586],[139.08760366323125,35.99342993466442],[139.08762539109387,35.99347461203089],[139.08759929307766,35.99348299413103],[139.08757755405261,35.993438325703586]]]},"properties":{"layer":"building","height_m":3.2}},{"type":"Feature","id":"bldg_920b5f32-48b1-40cf-88a3-0a7162c3120a","geometry":{"type":"Polygon","coordinates":[[[139.0906197723721,35.996770634373455],[139.09061358680742,35.996754895415876],[139.09087907033052,35.99668603912594],[139.09088525594308,35.99670177807058],[139.0906197723721,35.996770634373455]]]},"properties":{"layer":"building","height_m":6.3}},{"type":"Feature","id":"bldg_5c4a6a5f-ed60-41fe-af6c-6b57671dfaaa","geometry":{"type":"Polygon","coordinates":[[[139.08797175365078,35.99719411674392],[139.08799853898662,35.99718943417733],[139.08800109740375,35.99719925622366],[139.087974433893,35.99720395757378],[139.08797175365078,35.99719411674392]]]},"properties":{"layer":"building","height_m":3.0}},{"type":"Feature","id":"bldg_b866a536-dc41-40b0-8d8b-2d48b0b633ef","geometry":{"type":"Polygon","coordinates":[[[139.09074142267576,35.99251578620951],[139.09072930733683,35.992554106652854],[139.09065580865982,35.99253878017936],[139.0906678131311,35.99250045905716],[139.09074142267576,35.99251578620951]]]},"properties":{"layer":"building","height_m":3.6}},{"type":"Feature","id":"bldg_569f40b1-40a3-4752-9a0d-2d459b45a533","geometry":{"type":"Polygon","coordinates":[[[139.08762758986083,35.997877326634445],[139.08753981548583,35.99789345500921],[139.08753906543433,35.997890656314674],[139.08759506324407,35.99788036910931],[139.08759323804958,35.997873958529475],[139.08762501460942,35.997868117361016],[139.08762758986083,35.997877326634445]]]},"properties":{"layer":"building","height_m":3.5}},{"type":"Feature","id":"bldg_1459f4dd-b193-4043-a6c6-5ec7c71961da","geometry":{"type":"Polygon","coordinates":[[[139.0877346758194,35.99226243737309],[139.08762163749216,35.99228859353782],[139.0876046799947,35.992240268508866],[139.08760023380694,35.99224132243138],[139.08759332112768,35.992221631092164],[139.0876122165723,35.992217242046145],[139.08765878807742,35.99220644553162],[139.08768035020785,35.99220153226978],[139.0877108055517,35.9921944210263],[139.0877173189537,35.99221293818567],[139.0877346758194,35.99226243737309]]]},"properties":{"layer":"building","height_m":6.3}},{"type":"Feature","id":"bldg_29d53e28-06d4-49c5-aa37-4c291a10b1ea","geometry":{"type":"Polygon","coordinates":[[[139.09151475188983,35.9975037653734],[139.0915026995354,35.997506890457636],[139.0915045086478,35.997511498279195],[139.09141372672298,35.9975350466284],[139.09132179960955,35.99755888525396],[139.09123252972353,35.99758203723289],[139.0911424036852,35.99760540917302],[139.09096564257462,35.99765125512671],[139.09086085600228,35.99738445250008],[139.09083284229138,35.99731312141458],[139.0907545209019,35.99711371952995],[139.09069932794742,35.99697318953381],[139.0906197723721,35.996770634373455],[139.09088525594308,35.99670177807058],[139.09115205096663,35.99663258679639],[139.0911806282783,35.99670532733175],[139.09120533805518,35.996768246793],[139.0912239724446,35.99676340492078],[139.09124098019078,35.99680670047224],[139.09129696479332,35.99694924502549],[139.09138005360583,35.997160816576816],[139.09141097119448,35.99723952011324],[139.09151475188983,35.9975037653734]]]},"properties":{"layer":"building","height_m":11.1}},{"type":"Feature","id":"bldg_9cb3880f-e599-4703-bbd3-565fb2dcf318","geometry":{"type":"Polygon","coordinates":[[[139.08754576636153,35.997379209968585],[139.087645815484,35.997355136314916],[139.08764902679698,35.99736393494433],[139.087548869557,35.99738771049923],[139.08754576636153,35.997379209968585]]]},"properties":{"layer":"building","height_m":null}},{"type":"Feature","id":"bldg_28d616ba-b600-4752-a17c-ac5a6e9f8f08","geometry":{"type":"Polygon","coordinates":[[[139.0875980564936,35.99296868600486],[139.08758913651272,35.99294544007564],[139.08763555117568,35.992933678206604],[139.0876444712538,35.99295691512009],[139.0875980564936,35.99296868600486]]]},"properties":{"layer":"building","height_m":null}},{"type":"Feature","id":"bldg_6558ac0c-34b3-42ab-b038-4cdabbd3ce17","geometry":{"type":"Polygon","coordinates":[[[139.08759018855795,35.9930139455027],[139.08762832779826,35.99300354723528],[139.08762050917608,35.992985833130696],[139.08765575309116,35.99297667867798],[139.08766639238186,35.993001079941685],[139.08766283421036,35.99300204925584],[139.08762469667175,35.993012267284605],[139.08762849168963,35.9930214841468],[139.08759669247874,35.99302993896423],[139.08759018855795,35.9930139455027]]]},"properties":{"layer":"building","height_m":4.3}},{"type":"Feature","id":"bldg_292c1223-f6a9-47e9-a2f0-22d1fb5d3f91","geometry":{"type":"Polygon","coordinates":[[[139.08821668403334,35.995091732129474],[139.08815345985008,35.99511585478506],[139.08814734840274,35.99510527160084],[139.08812074479505,35.995115471296515],[139.08811878158338,35.995111944027244],[139.08804475979008,35.99514023566148],[139.08802195133933,35.99510070710651],[139.08802740514795,35.99509866799911],[139.0880000125141,35.99505126964072],[139.08802483486573,35.995041779945446],[139.08802450639294,35.99504132725422],[139.08810865682906,35.99500922296039],[139.08810669192485,35.99500587594056],[139.08811949252402,35.99500099830646],[139.08815232876282,35.99498849394526],[139.08815611391293,35.99498698524682],[139.08821668403334,35.995091732129474]]]},"properties":{"layer":"building","height_m":7.3}},{"type":"Feature","id":"bldg_c56980cc-8c19-407f-af12-77da25c4a822","geometry":{"type":"Polygon","coordinates":[[[139.09076292484716,35.992398930384965],[139.09066181777405,35.992370995056845],[139.09068927239085,35.99230537001574],[139.09069380747889,35.99230665991261],[139.09069698449656,35.99229901851781],[139.090759153382,35.992316167567424],[139.09075609149363,35.99232335902578],[139.09079060457026,35.99233294619341],[139.09076292484716,35.992398930384965]]]},"properties":{"layer":"building","height_m":8.6}},{"type":"Feature","id":"bldg_ec26cff4-5318-4412-9b92-72b001904740","geometry":{"type":"Polygon","coordinates":[[[139.0882806212743,35.99951994845964],[139.08829498975496,35.99951354834249],[139.08830757066568,35.99953210313725],[139.08829320218263,35.99953850325587],[139.0882806212743,35.99951994845964]]]},"properties":{"layer":"building","height_m":3.7}},{"type":"Feature","id":"bldg_d9ead69b-ad17-45c5-ada5-3c6a10deab77","geometry":{"type":"Polygon","coordinates":[[[139.09068257476653,35.993067198614725],[139.09069500486652,35.99310179540608],[139.09067366362552,35.99310680070644],[139.09066134443557,35.993072204599564],[139.09068257476653,35.993067198614725]]]},"properties":{"layer":"building","height_m":null}},{"type":"Feature","id":"bldg_78fa5650-e80a-4d25-b077-2156c3a30ea2","geometry":{"type":"Polygon","coordinates":[[[139.0880305768666,35.994431454641905],[139.0880074097994,35.994382910843036],[139.08806058177885,35.994366206606045],[139.0880836379709,35.99441474970612],[139.0880305768666,35.994431454641905]]]},"properties":{"layer":"building","height_m":3.0}},{"type":"Feature","id":"bldg_242315e2-d164-4dce-9215-999fd8b7c5c6","geometry":{"type":"Polygon","coordinates":[[[139.0907545209019,35.99711371952995],[139.09071478384803,35.99712401875397],[139.09065959087306,35.996983497753014],[139.09069932794742,35.99697318953381],[139.0907545209019,35.99711371952995]]]},"properties":{"layer":"building","height_m":6.0}},{"type":"Feature","id":"bldg_3ba2eac2-745f-4a69-8feb-3d834e40f2af","geometry":{"type":"Polygon","coordinates":[[[139.08753200565155,35.99944147984792],[139.08755583888765,35.99943117294466],[139.08760767468075,35.99950963793422],[139.08758384057887,35.99952003497217],[139.08753200565155,35.99944147984792]]]},"properties":{"layer":"building","height_m":3.7}},{"type":"Feature","id":"bldg_12363428-19b7-4ed7-a0cd-f90dae46c698","geometry":{"type":"Polygon","coordinates":[[[139.09084044136196,35.99339022880337],[139.0908492675385,35.99349696145194],[139.09075998490258,35.993501834650786],[139.09075822146832,35.99348053499891],[139.09074400681018,35.99348131225702],[139.09074259208657,35.993464223840434],[139.09071187692743,35.993465899395964],[139.09070803220357,35.99341935042332],[139.09073834784436,35.993417699434566],[139.09073654470293,35.9933959038206],[139.09084044136196,35.99339022880337]]]},"properties":{"layer":"building","height_m":6.6}},{"type":"Feature","id":"bldg_f47bbca3-46eb-4240-baf6-587b79719443","geometry":{"type":"Polygon","coordinates":[[[139.08773242206206,35.992655120311994],[139.08775409926594,35.992708702201014],[139.08775220971054,35.992709141107824],[139.08775882199674,35.99272540562528],[139.08776109748223,35.99273109796506],[139.08767070263863,35.99275523177561],[139.08766528483054,35.99274167858171],[139.08762192235048,35.99275321608499],[139.08761021481578,35.99272448193038],[139.08759677359583,35.99269141075155],[139.08773242206206,35.992655120311994]]]},"properties":{"layer":"building","height_m":7.6}},{"type":"Feature","id":"bldg_108218c3-8b69-438c-91f1-ac099f36e058","geometry":{"type":"Polygon","coordinates":[[[139.0877082357168,35.99820608155053],[139.08773456805213,35.99827195002332],[139.08769445032024,35.998282525276196],[139.08757723266322,35.99831342322504],[139.08755101135483,35.99824755540907],[139.0877082357168,35.99820608155053]]]},"properties":{"layer":"building","height_m":7.8}},{"type":"Feature","id":"bldg_1693e5b1-1122-4040-9669-70b66c3f1e4a","geometry":{"type":"Polygon","coordinates":[[[139.09073632256585,35.992539278605655],[139.0907409776223,35.992527770763346],[139.09076078069515,35.99253303076446],[139.09075623738667,35.99254444916915],[139.09073632256585,35.992539278605655]]]},"properties":{"layer":"building","height_m":null}},{"type":"Feature","id":"bldg_02b9277e-964e-4aed-a663-554eec2eed54","geometry":{"type":"Polygon","coordinates":[[[139.08759755577287,35.99338595827007],[139.08763471149737,35.993374021676416],[139.08764994508743,35.993405211257155],[139.08769054894867,35.99339221451857],[139.08772503983045,35.993463090903084],[139.08767542488886,35.993479005935754],[139.08767248652228,35.99347303908429],[139.0876533528587,35.9934791391285],[139.08764530220245,35.99346250514561],[139.08763618025142,35.99346542273622],[139.08759755577287,35.99338595827007]]]},"properties":{"layer":"building","height_m":4.3}},{"type":"Feature","id":"bldg_09ec2e66-4b80-47ed-b865-40ea4a2267f3","geometry":{"type":"Polygon","coordinates":[[[139.09076090498942,35.992484271127196],[139.09077860009617,35.99248960820716],[139.09076614338767,35.992517020794345],[139.09074844827572,35.992511683712515],[139.09076090498942,35.992484271127196]]]},"properties":{"layer":"building","height_m":null}},{"type":"Feature","id":"bldg_b5282df6-b147-49a4-a47e-e981018a2d0b","geometry":{"type":"Polygon","coordinates":[[[139.0875545130958,35.9980052175075],[139.08758453045212,35.99799774307224],[139.0875955690303,35.99802692370023],[139.08756555081536,35.99803448826285],[139.0875545130958,35.9980052175075]]]},"properties":{"layer":"building","height_m":null}},{"type":"Feature","id":"bldg_6665fb1a-7242-4b09-9bc8-f5ed7c7dbe80","geometry":{"type":"Polygon","coordinates":[[[139.090806324999,35.99227680228754],[139.09079507567134,35.99227006302714],[139.0907828599875,35.99228359706683],[139.09075098633735,35.9922645625701],[139.09078281314606,35.992229428559384],[139.09076869646987,35.99222095907535],[139.09080657521375,35.99217910275784],[139.09086291919914,35.992214241728924],[139.090806324999,35.99227680228754]]]},"properties":{"layer":"building","height_m":8.5}},{"type":"Feature","id":"bldg_8ca4c115-b374-42b8-974f-b050c7305412","geometry":{"type":"Polygon","coordinates":[[[139.0875850450399,35.99486816008071],[139.08758509509613,35.994862842716785],[139.08758724978054,35.99485780882686],[139.0875913922501,35.99485368859503],[139.0875956278067,35.99485146167357],[139.0876306549925,35.99484185523795],[139.08763390914933,35.99484962665416],[139.08766493361176,35.99484107688754],[139.08768914232184,35.99489913594727],[139.087697906133,35.99492014566614],[139.08764415158035,35.99496334436213],[139.08763781902297,35.994964476688814],[139.08763183699307,35.99496371846231],[139.0876266474103,35.99496125269],[139.08762302320955,35.99495744469717],[139.08761987062144,35.994950665343126],[139.0876205810092,35.99494589286463],[139.08762328342667,35.99494158341971],[139.0876277492787,35.994938456627914],[139.0876273158432,35.99493737237252],[139.08762609335434,35.99493763516339],[139.08762155053316,35.99493715627322],[139.087616246655,35.99493505031033],[139.0876121737497,35.99493178030833],[139.0876098820953,35.99492780033861],[139.0875850450399,35.99486816008071]]]},"properties":{"layer":"building","height_m":13.2}},{"type":"Feature","id":"bldg_bd61eca4-3b09-4164-99a7-fb28052c00ef","geometry":{"type":"Polygon","coordinates":[[[139.08765878807742,35.99220644553162],[139.0876122165723,35.992217242046145],[139.08761038131908,35.992211912960315],[139.0876569519731,35.99220120657131],[139.08765878807742,35.99220644553162]]]},"properties":{"layer":"building","height_m":3.4}},{"type":"Feature","id":"bldg_803d6fde-bfcc-4272-b7af-3f7ad8f32fcf","geometry":{"type":"Polygon","coordinates":[[[139.09086282425184,35.993382958641675],[139.0907716300694,35.993387080951926],[139.090770849714,35.99337567466024],[139.0907489915706,35.99337665697002],[139.09074507982035,35.993319508279654],[139.09076595049973,35.993318564923115],[139.09076283848535,35.99327312007406],[139.0908550311591,35.99326894987154],[139.09086282425184,35.993382958641675]]]},"properties":{"layer":"building","height_m":6.0}},{"type":"Feature","id":"bldg_22cdd8d7-a6d0-4322-8dd6-0dda34773f21","geometry":{"type":"Polygon","coordinates":[[[139.09075714016112,35.99243629858702],[139.09076303961106,35.99242218467229],[139.0907845010991,35.99242799571589],[139.09077860165254,35.992442109631696],[139.09075714016112,35.99243629858702]]]},"properties":{"layer":"building","height_m":null}},{"type":"Feature","id":"bldg_479d16fc-cf33-4ab8-b97c-1c48fbcd2829","geometry":{"type":"Polygon","coordinates":[[[139.08768465454227,35.994115102429255],[139.08762353439266,35.99413610136364],[139.08759344573164,35.99407825809648],[139.0876545769343,35.994057259245714],[139.08768465454227,35.994115102429255]]]},"properties":{"layer":"building","height_m":3.5}},{"type":"Feature","id":"bldg_91b5879b-61d9-4307-82f0-1e21cd7dd0f1","geometry":{"type":"Polygon","coordinates":[[[139.09069625261006,35.999818657421315],[139.0907189173013,35.99981465175626],[139.09072738182473,35.999846429930436],[139.09071504958663,35.9998486068341],[139.09072094097334,35.99987090542507],[139.0906980544441,35.999874909716965],[139.09069625261006,35.999818657421315]]]},"properties":{"layer":"building","height_m":4.2}},{"type":"Feature","id":"bldg_99439405-6640-4d3d-a60b-a761851cade8","geometry":{"type":"Polygon","coordinates":[[[139.0879995212508,35.999712432356496],[139.08800375771807,35.99972192233173],[139.08796416071306,35.99973366358115],[139.08795992425,35.99972417360458],[139.0879995212508,35.999712432356496]]]},"properties":{"layer":"building","height_m":6.9}},{"type":"Feature","id":"bldg_a92c7f42-76b4-4fe5-bc2f-aae1b7de4e8d","geometry":{"type":"Polygon","coordinates":[[[139.0875892012747,35.99771368221665],[139.08756559321478,35.99762944411525],[139.08756992625342,35.997628659883325],[139.08756778107096,35.997620895362836],[139.0876681114643,35.9976023213747],[139.08767025665617,35.99761008589354],[139.08767314534725,35.99760956306974],[139.08768258623357,35.99764351065245],[139.08769675351638,35.997693801151534],[139.0875892012747,35.99771368221665]]]},"properties":{"layer":"building","height_m":8.3}},{"type":"Feature","id":"bldg_302b24da-51a7-4d2f-9107-1fb1b6fe3bb9","geometry":{"type":"Polygon","coordinates":[[[139.08765414672516,35.99331231323183],[139.0876577318327,35.993320266966386],[139.0876113509334,35.993334309343645],[139.08760743736642,35.99332590291537],[139.08765414672516,35.99331231323183]]]},"properties":{"layer":"building","height_m":7.4}},{"type":"Feature","id":"bldg_e20c3b9c-1c17-4b72-bdde-da9c33d330ed","geometry":{"type":"Polygon","coordinates":[[[139.08775317343736,35.99841636385436],[139.0877495980122,35.99846627367045],[139.08772110522128,35.998476731913016],[139.08774154889517,35.998520121400844],[139.08760950876285,35.998560850563024],[139.08755956411528,35.9984818565428],[139.08775317343736,35.99841636385436]]]},"properties":{"layer":"building","height_m":7.0}},{"type":"Feature","id":"bldg_52ef26e8-915b-47f3-bc2c-2fb02e250600","geometry":{"type":"Polygon","coordinates":[[[139.0907875697467,35.992420083257635],[139.0907672147316,35.99241454945405],[139.09078072189868,35.992381555299445],[139.09079145221517,35.99238450588255],[139.09079428976784,35.9923775834252],[139.09080391445823,35.99238016664311],[139.0907875697467,35.992420083257635]]]},"properties":{"layer":"building","height_m":4.2}},{"type":"Feature","id":"bldg_ab0f8ca8-ec38-4876-ae54-6806f805d1fe","geometry":{"type":"Polygon","coordinates":[[[139.0876994941955,35.99209884883771],[139.08773036983388,35.992162564455874],[139.08765194453403,35.99218765592661],[139.08762106894966,35.992123940289176],[139.0876994941955,35.99209884883771]]]},"properties":{"layer":"building","height_m":8.3}},{"type":"Feature","id":"bldg_f6b6aeb4-d099-4713-b224-4dc89d3d9250","geometry":{"type":"Polygon","coordinates":[[[139.08761668786295,35.99297941013833],[139.08761343293307,35.99297172884503],[139.08764101108633,35.99296396882556],[139.0876442660186,35.99297165011816],[139.08761668786295,35.99297941013833]]]},"properties":{"layer":"building","height_m":null}},{"type":"Feature","id":"bldg_31e6f976-76cc-49ff-95e7-74cf17bcbf52","geometry":{"type":"Polygon","coordinates":[[[139.090702804761,35.999628523613076],[139.09079655865114,35.99961360164032],[139.09081000786583,35.999669745775776],[139.0907163648221,35.999684668444786],[139.090702804761,35.999628523613076]]]},"properties":{"layer":"building","height_m":4.1}},{"type":"Feature","id":"bldg_f548c339-d5b8-4dd1-acf6-42908efa5b2f","geometry":{"type":"Polygon","coordinates":[[[139.0876900129942,35.9997412431495],[139.0876961230297,35.999752006601874],[139.08755319772064,35.999805917130516],[139.0875469767899,35.99979515298158],[139.0876900129942,35.9997412431495]]]},"properties":{"layer":"building","height_m":3.3}},{"type":"Feature","id":"bldg_ddf1c002-3b7e-4c4a-912a-ec976ade4cf1","geometry":{"type":"Polygon","coordinates":[[[139.09087843792258,35.99987151984375],[139.09078777995398,35.99988745247336],[139.0907897087581,35.99989467481584],[139.0907554898689,35.99990068195826],[139.09075345438163,35.99989300830465],[139.09072801182458,35.999897537559065],[139.0907210510393,35.9998709962365],[139.09071504958663,35.9998486068341],[139.09072738182473,35.999846429930436],[139.0907189173013,35.99981465175626],[139.09079401979628,35.999801597177985],[139.09078844845246,35.99978065252194],[139.09086033026642,35.99976802861499],[139.09087800707692,35.99983465399321],[139.09086911899678,35.99983622132026],[139.09087843792258,35.99987151984375]]]},"properties":{"layer":"building","height_m":5.1}},{"type":"Feature","id":"bldg_f5d51fda-d967-4048-954e-dfea30269e68","geometry":{"type":"Polygon","coordinates":[[[139.08775196530473,35.99984086138306],[139.08760480998242,35.99989636801973],[139.08755319772064,35.999805917130516],[139.0876961230297,35.999752006601874],[139.08770035290885,35.99975041055479],[139.08775196530473,35.99984086138306]]]},"properties":{"layer":"building","height_m":8.5}},{"type":"Feature","id":"bldg_9fab571c-dd83-42e3-b1eb-7e01ac2ee6e4","geometry":{"type":"Polygon","coordinates":[[[139.08761794438243,35.9960271670153],[139.08759983624213,35.99603029912777],[139.0875883816962,35.99598642470482],[139.0876063789214,35.99598329190447],[139.08761794438243,35.9960271670153]]]},"properties":{"layer":"building","height_m":3.1}},{"type":"Feature","id":"bldg_f707f878-11d9-4839-86e9-183b9320a7d2","geometry":{"type":"Polygon","coordinates":[[[139.08767070263863,35.99275523177561],[139.08762733930357,35.992766859405585],[139.08762192235048,35.99275321608499],[139.08766528483054,35.99274167858171],[139.08767070263863,35.99275523177561]]]},"properties":{"layer":"building","height_m":null}},{"type":"Feature","id":"bldg_3a25bac1-8623-429c-a266-20663d53ea2a","geometry":{"type":"Polygon","coordinates":[[[139.08761210606013,35.99630685839886],[139.08758912584264,35.996240794409225],[139.08769922244196,35.996215512326366],[139.08772220274471,35.99628157629618],[139.08761210606013,35.99630685839886]]]},"properties":{"layer":"building","height_m":8.0}},{"type":"Feature","id":"bldg_f5b782a4-6d0d-4136-a919-adf962a94657","geometry":{"type":"Polygon","coordinates":[[[139.08766421628098,35.993338333295156],[139.08767203833943,35.993355686897026],[139.0876282157975,35.99336893401195],[139.08762028284568,35.99335157971795],[139.08766421628098,35.993338333295156]]]},"properties":{"layer":"building","height_m":null}},{"type":"Feature","id":"bldg_9d05acdb-9791-4ee9-b748-8a161a29a590","geometry":{"type":"Polygon","coordinates":[[[139.08765867796214,35.992300630828545],[139.08767362827152,35.9923501150651],[139.08764907687984,35.99235446896357],[139.08763323259654,35.99230570020807],[139.08765867796214,35.992300630828545]]]},"properties":{"layer":"building","height_m":7.1}},{"type":"Feature","id":"bldg_e4470ea1-1371-47ad-957a-4fbe8e3bcde5","geometry":{"type":"Polygon","coordinates":[[[139.08764076957766,35.99253008093486],[139.08763633547395,35.992518066066076],[139.08765756753388,35.992512880366945],[139.08766200164052,35.99252489523499],[139.08764076957766,35.99253008093486]]]},"properties":{"layer":"building","height_m":null}},{"type":"Feature","id":"bldg_5f84bab1-2dbc-4a52-a460-87fa58b994b2","geometry":{"type":"Polygon","coordinates":[[[139.08758425402286,35.998087186404966],[139.0876226959348,35.99807670892636],[139.08764249727884,35.99812469107192],[139.0876844643312,35.99811324405686],[139.08770814809958,35.998170614835885],[139.08762773906213,35.99819253935062],[139.08758425402286,35.998087186404966]]]},"properties":{"layer":"building","height_m":4.7}},{"type":"Feature","id":"bldg_45c34ec4-dba7-4c3b-8ec6-07cb5938ab3b","geometry":{"type":"Polygon","coordinates":[[[139.09079739037114,35.997685058034754],[139.09077167197998,35.997691874900276],[139.09073750937463,35.997606796949356],[139.09076322774084,35.99759998009077],[139.09079739037114,35.997685058034754]]]},"properties":{"layer":"building","height_m":3.0}},{"type":"Feature","id":"bldg_5afb8c29-cce3-4471-b279-917bca68dd39","geometry":{"type":"Polygon","coordinates":[[[139.0876223185724,35.99842546475748],[139.0875949219196,35.99836661978799],[139.08759581173533,35.9983663549297],[139.08758266330042,35.99833743157641],[139.08763014860108,35.99832420727412],[139.08763903269863,35.99834661475084],[139.08766504982677,35.998339926599556],[139.08766375625277,35.99833595283682],[139.08769355530129,35.998328116498136],[139.08769647093644,35.99833651671505],[139.08772426938316,35.998329118583214],[139.0877256815041,35.99833228191184],[139.08773468462343,35.998330264881616],[139.0877520372439,35.99837210294496],[139.0877482553167,35.99837325112874],[139.08775582805873,35.998393577455225],[139.08775048746878,35.99839534686146],[139.08775753027055,35.99841305612291],[139.08769816072052,35.998428009204446],[139.0876958833865,35.9984224971165],[139.0876520707567,35.99843439232448],[139.08765849305354,35.99844732084243],[139.08763991442186,35.99845324406295],[139.08762798765133,35.99842414804922],[139.0876223185724,35.99842546475748]]]},"properties":{"layer":"building","height_m":5.6}},{"type":"Feature","id":"bldg_b81c1d90-264e-447b-ab20-fce12d5b5d43","geometry":{"type":"Polygon","coordinates":[[[139.09079089613232,35.9935324899732],[139.09078813576483,35.99350750684177],[139.09086626909234,35.99350177147198],[139.09086902948434,35.99352675460193],[139.09079089613232,35.9935324899732]]]},"properties":{"layer":"building","height_m":5.3}},{"type":"Feature","id":"bldg_8336f205-4117-4a6a-a6c4-a2d99bc5c0f7","geometry":{"type":"Polygon","coordinates":[[[139.09085795998385,35.99776441392596],[139.0908056407067,35.997777528473],[139.09078460934444,35.99772213053133],[139.09083692858817,35.99770901599297],[139.09085795998385,35.99776441392596]]]},"properties":{"layer":"building","height_m":3.1}},{"type":"Feature","id":"bldg_2051a6db-dba1-4f96-ae3d-bfbb42ea855c","geometry":{"type":"Polygon","coordinates":[[[139.090784653753,35.999558368363154],[139.0908802192852,35.99953949181722],[139.0908775284692,35.99953073254861],[139.09097042787243,35.99951229007847],[139.09098215305167,35.99955120868908],[139.09099948803518,35.99954780089669],[139.09101702164884,35.999606043277474],[139.09091723301538,35.999625795094744],[139.09092002799133,35.99963527604732],[139.090852464219,35.99964873788906],[139.09084998931,35.999640610866656],[139.090811652478,35.9996481247474],[139.090784653753,35.999558368363154]]]},"properties":{"layer":"building","height_m":8.2}},{"type":"Feature","id":"bldg_e9212960-d0b8-4d32-8b8f-28996e8aa692","geometry":{"type":"Polygon","coordinates":[[[139.08763061936295,35.993542476449385],[139.0876282236311,35.993537774791506],[139.08767050551472,35.99352325627948],[139.0876729012487,35.99352795793655],[139.08763061936295,35.993542476449385]]]},"properties":{"layer":"building","height_m":null}},{"type":"Feature","id":"bldg_b5b78c29-84e5-4a90-83a6-195119aeb909","geometry":{"type":"Polygon","coordinates":[[[139.08797982041725,35.997634605389344],[139.08808182749655,35.99761464445713],[139.08811193869897,35.99771624585611],[139.08800993149546,35.99773620681213],[139.08797982041725,35.997634605389344]]]},"properties":{"layer":"building","height_m":7.9}},{"type":"Feature","id":"bldg_d0c504f6-67bf-4a74-a12d-e996c03fdd1f","geometry":{"type":"Polygon","coordinates":[[[139.0877565934679,35.99356324130669],[139.08765867646227,35.99359697226934],[139.08763031890953,35.99354258273784],[139.08763061936295,35.993542476449385],[139.0876729012487,35.99352795793655],[139.08770988679598,35.9935152541565],[139.08772483264832,35.99354402645203],[139.08774330345483,35.99353765188637],[139.0877565934679,35.99356324130669]]]},"properties":{"layer":"building","height_m":8.0}},{"type":"Feature","id":"bldg_5e2f8b18-4053-42ce-9451-ef02bad1efca","geometry":{"type":"Polygon","coordinates":[[[139.09086085600228,35.99738445250008],[139.09083406064454,35.99739139790906],[139.09080604687105,35.99732007583013],[139.09083284229138,35.99731312141458],[139.09086085600228,35.99738445250008]]]},"properties":{"layer":"building","height_m":5.9}},{"type":"Feature","id":"bldg_67195a7a-c7af-4cb1-8081-6aabb3bd7a9c","geometry":{"type":"Polygon","coordinates":[[[139.09086383007062,35.99776057466638],[139.09085661647487,35.99773971898548],[139.09092391925006,35.99772434475536],[139.09093113277783,35.99774520944495],[139.09086383007062,35.99776057466638]]]},"properties":{"layer":"building","height_m":null}},{"type":"Feature","id":"bldg_68a64902-3f1c-4001-86cd-98ee9f635dc0","geometry":{"type":"Polygon","coordinates":[[[139.0880617273017,35.99785422043918],[139.0880842750873,35.9979238958538],[139.08800174397282,35.99794152626123],[139.08797919625536,35.997871850832084],[139.0880617273017,35.99785422043918]]]},"properties":{"layer":"building","height_m":7.9}},{"type":"Feature","id":"bldg_67c9c1c2-3a3f-488e-96e2-1846149ff73e","geometry":{"type":"Polygon","coordinates":[[[139.08759655949237,35.997745003086536],[139.08760411565416,35.99774351785043],[139.08760820033802,35.997757333140356],[139.08760064417496,35.997758818376695],[139.08759655949237,35.997745003086536]]]},"properties":{"layer":"building","height_m":null}},{"type":"Feature","id":"bldg_0d22dcd7-b332-432a-83e8-2ae2d3bb9bd4","geometry":{"type":"Polygon","coordinates":[[[139.09095303002516,35.99966441204052],[139.09096915557737,35.999719040511295],[139.09089425980304,35.99973371882013],[139.09087802423397,35.9996789995287],[139.09095303002516,35.99966441204052]]]},"properties":{"layer":"building","height_m":4.3}},{"type":"Feature","id":"bldg_45f9b549-9f2a-4fc1-b601-6179a3b98fe8","geometry":{"type":"Polygon","coordinates":[[[139.08766051200294,35.99187009060619],[139.0876586752766,35.9918531347247],[139.0877090559535,35.991850022927125],[139.08770865985272,35.991844973177805],[139.0877301871072,35.99184375502479],[139.08773381669502,35.9918705462327],[139.08773775693248,35.99189968275458],[139.08776782432855,35.99189842754298],[139.08777068441776,35.9919244929262],[139.08770933055584,35.991926905636014],[139.08770871265526,35.99192185450817],[139.0876681021385,35.991923855342996],[139.08766051200294,35.99187009060619]]]},"properties":{"layer":"building","height_m":7.6}},{"type":"Feature","id":"bldg_3ecb5408-bd4f-4e5c-8955-d020c11c10c4","geometry":{"type":"Polygon","coordinates":[[[139.08803275057545,35.99981160158236],[139.0879805782004,35.99982777120269],[139.08796807365272,35.99980110514775],[139.0880202460126,35.99978493553261],[139.08803275057545,35.99981160158236]]]},"properties":{"layer":"building","height_m":5.6}},{"type":"Feature","id":"bldg_b7b618be-9914-4a70-a346-c1cdabe4b2d7","geometry":{"type":"Polygon","coordinates":[[[139.08767362827152,35.9923501150651],[139.08765867796214,35.992300630828545],[139.08772612420694,35.99228726013727],[139.08772214557862,35.99227398628035],[139.0877635919446,35.9922656815143],[139.0877825209533,35.992328439593884],[139.08767362827152,35.9923501150651]]]},"properties":{"layer":"building","height_m":7.8}},{"type":"Feature","id":"bldg_465ed950-7084-41e9-937f-432de97a9bd2","geometry":{"type":"Polygon","coordinates":[[[139.08774407692974,35.99780378356572],[139.0876241849118,35.997826652383516],[139.08760764470762,35.99776922685197],[139.08764186798632,35.997762679848776],[139.0876408038742,35.99775789634151],[139.08767202754123,35.9977518714631],[139.08768064527158,35.99775544010352],[139.08771109088266,35.99774959063856],[139.08772272094367,35.99775128526906],[139.08772712649574,35.997766364370094],[139.0877228820925,35.99776715817157],[139.08772677064215,35.99778060270524],[139.08773688192971,35.9977786826924],[139.08774407692974,35.99780378356572]]]},"properties":{"layer":"building","height_m":7.2}},{"type":"Feature","id":"bldg_ac2be888-d48e-4303-9074-7f5d1a501b1b","geometry":{"type":"Polygon","coordinates":[[[139.09087675603797,35.999849788095524],[139.09090419327885,35.99984545141523],[139.09091113046975,35.99987451622253],[139.09088380413007,35.99987885359075],[139.09087675603797,35.999849788095524]]]},"properties":{"layer":"building","height_m":3.2}},{"type":"Feature","id":"bldg_9355c145-e437-4b94-b7d3-c60f6c8ad03f","geometry":{"type":"Polygon","coordinates":[[[139.08775110642998,35.99616138724165],[139.08765319575411,35.996182319737144],[139.08762409537417,35.99609245942263],[139.08765332462818,35.99608615175545],[139.08764254797137,35.996052736639776],[139.08771134101556,35.99603802240402],[139.08775110642998,35.99616138724165]]]},"properties":{"layer":"building","height_m":7.7}},{"type":"Feature","id":"bldg_f20b7d38-1ffb-4d9d-8592-6235ed6cc384","geometry":{"type":"Polygon","coordinates":[[[139.0909684374015,35.99962998759016],[139.09097391138775,35.99964948955545],[139.09091224446271,35.99966100506391],[139.09090677049093,35.99964150309602],[139.0909684374015,35.99962998759016]]]},"properties":{"layer":"building","height_m":null}},{"type":"Feature","id":"bldg_0df56ee0-b27f-4e10-ba88-e524d125e2b0","geometry":{"type":"Polygon","coordinates":[[[139.08802876338112,35.993374577779306],[139.08808660187606,35.99335691108526],[139.088083991949,35.99335139693456],[139.08811124342,35.99334300386768],[139.08813744599522,35.99339895717906],[139.08814589996658,35.99339630579107],[139.08815698985228,35.99341998876892],[139.08813852588744,35.99342564240034],[139.08813406792348,35.99341615104592],[139.08805887613616,35.99343929802138],[139.08802876338112,35.993374577779306]]]},"properties":{"layer":"building","height_m":7.6}},{"type":"Feature","id":"bldg_87c95000-0055-4219-9e4f-e9dd6bfae7a9","geometry":{"type":"Polygon","coordinates":[[[139.08760784187442,35.99843159373314],[139.08762219748178,35.99842654556511],[139.08763592848922,35.99845249824426],[139.08762157287796,35.998457546413846],[139.08760784187442,35.99843159373314]]]},"properties":{"layer":"building","height_m":3.7}},{"type":"Feature","id":"bldg_6011f476-9f3e-4bad-999c-0e1d5d2ca0a3","geometry":{"type":"Polygon","coordinates":[[[139.08820385669873,35.99160902488817],[139.08822535680451,35.99168144280024],[139.0882226901326,35.991681967018074],[139.08823591291014,35.991726483303424],[139.08816906170497,35.991723814817554],[139.08815992514747,35.99169293355797],[139.08816515013638,35.99169161406159],[139.0881590153529,35.99167174732437],[139.08814385662373,35.99162081976495],[139.08820385669873,35.99160902488817]]]},"properties":{"layer":"building","height_m":8.0}},{"type":"Feature","id":"bldg_f4309f82-e639-4e36-b4f9-016e60b624bc","geometry":{"type":"Polygon","coordinates":[[[139.0876588297265,35.993191838382835],[139.08772323086436,35.99317213966333],[139.0877408192506,35.993177025876705],[139.08775232714615,35.99320341539335],[139.08775699858197,35.993202002345136],[139.0877627533814,35.993215106977985],[139.08775341135637,35.993217842949825],[139.0877825104465,35.99328417930327],[139.08770877737288,35.99330553252343],[139.0876588297265,35.993191838382835]]]},"properties":{"layer":"building","height_m":4.2}},{"type":"Feature","id":"bldg_9f57d57c-e2ef-48de-9eaa-11faeb7c748f","geometry":{"type":"Polygon","coordinates":[[[139.09101767177296,35.992186538028655],[139.0909833504577,35.99208547001206],[139.09107126239445,35.992065734707005],[139.09107892689883,35.99208813440735],[139.09112616159112,35.992077520906875],[139.09114472645933,35.99213207437591],[139.0911348352398,35.99213426643433],[139.09114455114948,35.99216262741199],[139.09105797330204,35.992182010504074],[139.0910565704408,35.992177855837],[139.09101767177296,35.992186538028655]]]},"properties":{"layer":"building","height_m":9.1}},{"type":"Feature","id":"bldg_59f87177-b82c-491c-9893-fd70f1f48e27","geometry":{"type":"Polygon","coordinates":[[[139.0876787249652,35.99196177602627],[139.0876726301508,35.99193767339793],[139.0877338368595,35.99192732834085],[139.08773554594836,35.991934278983265],[139.08775431854312,35.99193115097253],[139.08775752849522,35.99194360888057],[139.08775352846968,35.991944395191446],[139.08775492691248,35.991949000519504],[139.0876787249652,35.99196177602627]]]},"properties":{"layer":"building","height_m":null}},{"type":"Feature","id":"bldg_e9a70994-9b3a-4e89-9c6b-6bacd9eb4ecb","geometry":{"type":"Polygon","coordinates":[[[139.08810920538144,35.992722535481214],[139.08807196880494,35.99273131716871],[139.08806030434724,35.99269798668844],[139.08804764299805,35.99269989089123],[139.08803662191633,35.99266890778881],[139.08808553102767,35.99265722433226],[139.08810920538144,35.992722535481214]]]},"properties":{"layer":"building","height_m":4.5}},{"type":"Feature","id":"bldg_0c8fe836-b174-4b1d-9ab7-6384343dc296","geometry":{"type":"Polygon","coordinates":[[[139.08777032276268,35.99639404224916],[139.08767159643602,35.99641911567078],[139.08767018944016,35.996415411592196],[139.087632513806,35.996317476402226],[139.08773124001718,35.99629240301098],[139.08777032276268,35.99639404224916]]]},"properties":{"layer":"building","height_m":7.9}},{"type":"Feature","id":"bldg_678d5c51-1e67-415e-a991-0de300b955c7","geometry":{"type":"Polygon","coordinates":[[[139.09099049752058,35.99982065901025],[139.09100071847485,35.999830726697226],[139.09098609707345,35.999840460385144],[139.09097587611984,35.99983039269694],[139.09099049752058,35.99982065901025]]]},"properties":{"layer":"building","height_m":null}},{"type":"Feature","id":"bldg_554b591a-75af-4e0d-8323-f7422beb1441","geometry":{"type":"Polygon","coordinates":[[[139.08763590606875,35.995980681425976],[139.08765802291083,35.99597586175528],[139.08767722029106,35.99603375446221],[139.08765510343383,35.9960385741362],[139.08763590606875,35.995980681425976]]]},"properties":{"layer":"building","height_m":null}},{"type":"Feature","id":"bldg_00368d51-279c-48ed-b0bd-1bdf47e8ecbd","geometry":{"type":"Polygon","coordinates":[[[139.09132516813048,35.999982890764],[139.09113823781578,36.00004572662184],[139.09112800218298,36.00002538403214],[139.09110930913948,36.00003166760015],[139.0911199808122,36.0000528240597],[139.091044096101,36.000078311944385],[139.09098920455145,35.999970447124745],[139.09103460156277,35.99995522569597],[139.0910289363889,35.999944284904274],[139.09106031382066,35.999933753599166],[139.09105780763102,35.999928961198954],[139.0911405906347,35.999901172605725],[139.0911818692594,35.99998218451542],[139.09125319128108,35.99995829065633],[139.09125689470713,35.99996552397004],[139.09130763228487,35.99994853287566],[139.09132516813048,35.999982890764]]]},"properties":{"layer":"building","height_m":8.8}},{"type":"Feature","id":"bldg_16a74401-4bb3-4fa7-a318-bf488f75d8dc","geometry":{"type":"Polygon","coordinates":[[[139.08773499469825,35.998974849755065],[139.08765321795101,35.99902179488631],[139.08760776874772,35.99896950732331],[139.0876170582596,35.99896417529805],[139.0876115828412,35.998957877222175],[139.08768407004536,35.9989162641497],[139.08773499469825,35.998974849755065]]]},"properties":{"layer":"building","height_m":7.7}},{"type":"Feature","id":"bldg_bb202ac7-5658-4cc2-a682-0f407334f9fc","geometry":{"type":"Polygon","coordinates":[[[139.09117991108977,35.99977685617984],[139.09121029928448,35.99982454271799],[139.09115094646356,35.99984950204042],[139.09112055829547,35.99980181548774],[139.09117991108977,35.99977685617984]]]},"properties":{"layer":"building","height_m":3.0}},{"type":"Feature","id":"bldg_95b1369b-8f9e-4798-814d-e478a3f3815b","geometry":{"type":"Polygon","coordinates":[[[139.09123252972353,35.99758203723289],[139.09124510671575,35.997614075161664],[139.09115499173512,35.997637447179336],[139.0911424036852,35.99760540917302],[139.09123252972353,35.99758203723289]]]},"properties":{"layer":"building","height_m":10.6}},{"type":"Feature","id":"bldg_44e44f5a-5282-4c3b-b95c-952714840b03","geometry":{"type":"Polygon","coordinates":[[[139.08782190913817,35.998643648357046],[139.0878025850907,35.99857557021298],[139.087844474153,35.99856771884761],[139.0878863739588,35.99855990358634],[139.08789169617177,35.99855890917823],[139.0879013548353,35.9985933087431],[139.08789335496098,35.99859479123991],[139.08790451886028,35.99863424744024],[139.08783151836838,35.99864794418906],[139.08782979810957,35.9986421651758],[139.08782190913817,35.998643648357046]]]},"properties":{"layer":"building","height_m":8.0}},{"type":"Feature","id":"bldg_22bea699-11b9-4252-8b5d-9afd9b9d3621","geometry":{"type":"Polygon","coordinates":[[[139.09115205096663,35.99663258679639],[139.09122286348938,35.99661421474726],[139.09125147379427,35.996686991522424],[139.0911806282783,35.99670532733175],[139.09115205096663,35.99663258679639]]]},"properties":{"layer":"building","height_m":9.4}},{"type":"Feature","id":"bldg_c8d942a9-c62b-46fa-b233-a0f6f6bd5684","geometry":{"type":"Polygon","coordinates":[[[139.09122253853792,35.996613383540186],[139.0917144678007,35.99648570115053],[139.09176099651904,35.99660408625283],[139.09178869721637,35.99667455896234],[139.09182855298977,35.996775949316344],[139.0918590381382,35.99685348739269],[139.09192824167215,35.997029542611976],[139.09195686352467,35.99710235534177],[139.09206155776548,35.99736871483379],[139.09197375573885,35.9973915069049],[139.09188509756558,35.99741451894473],[139.0917140074197,35.99745892292641],[139.09162475985346,35.99748208434995],[139.09156962352745,35.9974963985703],[139.0914631973772,35.997225638617046],[139.09143238769443,35.997147251216276],[139.09134880963563,35.996934613138905],[139.09129320299152,35.996793152508026],[139.09125147379427,35.996686991522424],[139.09122286348938,35.99661421474726],[139.09122253853792,35.996613383540186]]]},"properties":{"layer":"building","height_m":12.3}},{"type":"Feature","id":"bldg_7fee8ea4-e855-4c73-bb9e-71c5602a412a","geometry":{"type":"Polygon","coordinates":[[[139.0878047220939,35.993681700992596],[139.08774531200842,35.9937013406426],[139.08772506419035,35.993660836508745],[139.0877022571406,35.993668355810364],[139.08769485575186,35.99365343833874],[139.08768895927466,35.993655384550394],[139.08767763751445,35.99363278165078],[139.08768297693473,35.993631102367445],[139.08767535629354,35.99361591314141],[139.0876706831352,35.99361750643571],[139.08766143035254,35.993598972249686],[139.0877489868179,35.99357013404829],[139.0878047220939,35.993681700992596]]]},"properties":{"layer":"building","height_m":7.3}},{"type":"Feature","id":"bldg_a72105c2-d939-4782-8289-946d384caf55","geometry":{"type":"Polygon","coordinates":[[[139.08807769295345,35.994127107628316],[139.0880709117705,35.994128777971916],[139.08807242541013,35.994132933360106],[139.08804552247994,35.99413961610904],[139.08804357540455,35.99413437646648],[139.08803746048537,35.99413596081743],[139.0880238275756,35.99409964381722],[139.08806373664444,35.99408979719226],[139.08807769295345,35.994127107628316]]]},"properties":{"layer":"building","height_m":3.0}},{"type":"Feature","id":"bldg_d41e7326-4f05-4f33-84a7-d23461f08e34","geometry":{"type":"Polygon","coordinates":[[[139.08769856966248,35.992033282435614],[139.08767833713182,35.99196763207408],[139.08775578697083,35.99195189002899],[139.08775492691248,35.991949000519504],[139.08775352846968,35.991944395191446],[139.08775752849522,35.99194360888057],[139.08777408564,35.99194019670726],[139.08780219841051,35.991934512962935],[139.08780553218838,35.99193381264008],[139.0878280233262,35.99200695781788],[139.08769856966248,35.992033282435614]]]},"properties":{"layer":"building","height_m":8.1}},{"type":"Feature","id":"bldg_164c0b4c-3a4f-4239-bcd8-f8cbf6c2de22","geometry":{"type":"Polygon","coordinates":[[[139.0877216858502,35.992181419783044],[139.08773151228684,35.992209691587],[139.0877173189537,35.99221293818567],[139.0877108055517,35.9921944210263],[139.08768035020785,35.99220153226978],[139.08767700391138,35.99219177741655],[139.0877216858502,35.992181419783044]]]},"properties":{"layer":"building","height_m":3.0}},{"type":"Feature","id":"bldg_d99c755e-be52-4bd9-be33-8ea836686e7d","geometry":{"type":"Polygon","coordinates":[[[139.08767080838518,35.998776822663324],[139.08764827233603,35.998790742856734],[139.0876176349282,35.99875801545776],[139.08764028273097,35.99874400583472],[139.08767080838518,35.998776822663324]]]},"properties":{"layer":"building","height_m":3.8}},{"type":"Feature","id":"bldg_fdb6909b-97a3-41e3-b299-8bfbc75ada83","geometry":{"type":"Polygon","coordinates":[[[139.08775066626737,35.9981171165472],[139.0877002103373,35.998127798792204],[139.0876911604228,35.99809944170594],[139.08766426544142,35.99810513297623],[139.08766620410032,35.99811127387001],[139.0876449773213,35.99811573855],[139.0876276309908,35.998061462563705],[139.08763085412062,35.99806076156002],[139.08767953208965,35.99805042881209],[139.0876777000974,35.99804473923171],[139.08770637298392,35.99803869848932],[139.08771165139237,35.99805531522651],[139.08772954411467,35.99805155085153],[139.08775066626737,35.9981171165472]]]},"properties":{"layer":"building","height_m":4.4}},{"type":"Feature","id":"bldg_499f88f6-a99b-4ed6-b172-14566dbbc355","geometry":{"type":"Polygon","coordinates":[[[139.09156128970767,35.99215240648316],[139.09164567911907,35.992157083260366],[139.0916460137416,35.992150956478824],[139.09176675021024,35.99215531710433],[139.09176394232517,35.99220647564788],[139.0914061126166,35.99219349258831],[139.0914036869391,35.99218131001605],[139.09131682895185,35.99219271504435],[139.09129883885194,35.992144275981175],[139.0912799190873,35.9920494501885],[139.09129045708997,35.992048064277114],[139.0912892601374,35.99204205420514],[139.09151335690999,35.99201252552202],[139.0915268535321,35.992080116465395],[139.0915463527312,35.99207755116057],[139.09156128970767,35.99215240648316]]]},"properties":{"layer":"building","height_m":8.0}},{"type":"Feature","id":"bldg_0d15dd30-86e1-4c07-8fa3-544d62291e74","geometry":{"type":"Polygon","coordinates":[[[139.08763085412062,35.99806076156002],[139.0876263300271,35.99804649288964],[139.0876750071395,35.99803625026819],[139.0876777000974,35.99804473923171],[139.08767953208965,35.99805042881209],[139.08763085412062,35.99806076156002]]]},"properties":{"layer":"building","height_m":3.0}},{"type":"Feature","id":"bldg_0d5208a1-14dd-492b-ba97-c36488a7af98","geometry":{"type":"Polygon","coordinates":[[[139.08762281700115,35.99864349240465],[139.08766187762674,35.99862976506809],[139.08771651472298,35.99861090699851],[139.08772675947847,35.99863016837447],[139.0877571635917,35.99868768005479],[139.0876636859163,35.998720447119794],[139.08762281700115,35.99864349240465]]]},"properties":{"layer":"building","height_m":6.7}},{"type":"Feature","id":"bldg_74462a48-566f-47bb-875e-247b165e4399","geometry":{"type":"Polygon","coordinates":[[[139.08761667380998,35.99990860932639],[139.08761133421032,35.999898481569964],[139.08763815368442,35.99988909451674],[139.08764349328692,35.99989922227204],[139.08761667380998,35.99990860932639]]]},"properties":{"layer":"building","height_m":null}},{"type":"Feature","id":"bldg_f9522941-4700-42db-9bad-fe5bb4641d08","geometry":{"type":"Polygon","coordinates":[[[139.09124098019078,35.99680670047224],[139.09129320299152,35.996793152508026],[139.09134880963563,35.996934613138905],[139.09129696479332,35.99694924502549],[139.09124098019078,35.99680670047224]]]},"properties":{"layer":"building","height_m":10.5}},{"type":"Feature","id":"bldg_b24e2168-4f66-449f-902f-d392ed3be79f","geometry":{"type":"Polygon","coordinates":[[[139.09141372672298,35.9975350466284],[139.0914262496784,35.99756693999646],[139.09133432244695,35.997590787643574],[139.09132179960955,35.99755888525396],[139.09141372672298,35.9975350466284]]]},"properties":{"layer":"building","height_m":6.1}},{"type":"Feature","id":"bldg_ffc1f79b-b610-44c3-b533-c6ccc4632fc4","geometry":{"type":"Polygon","coordinates":[[[139.09138005360583,35.997160816576816],[139.09143238769443,35.997147251216276],[139.0914631973772,35.997225638617046],[139.09141097119448,35.99723952011324],[139.09138005360583,35.997160816576816]]]},"properties":{"layer":"building","height_m":6.2}},{"type":"Feature","id":"bldg_77c552f5-c0c6-4290-b266-1a45e7dc9ceb","geometry":{"type":"Polygon","coordinates":[[[139.0914963585578,35.993065122486556],[139.09149257482778,35.99310084470087],[139.0914293431623,35.99309643385798],[139.09143311583043,35.99306071157738],[139.0914963585578,35.993065122486556]]]},"properties":{"layer":"building","height_m":null}},{"type":"Feature","id":"bldg_ac89c4f7-59a5-4e56-988c-e04453088d49","geometry":{"type":"Polygon","coordinates":[[[139.08775232126692,35.992415624046714],[139.08775401162092,35.99241985264219],[139.08777216805768,35.99241503536677],[139.08776950215898,35.992408403247246],[139.08779961083533,35.99240042457816],[139.08780173495546,35.99240570137816],[139.08781155248235,35.992403103551894],[139.0878312857705,35.9924522930244],[139.0877048802506,35.99248580193019],[139.08768398737172,35.992433739092],[139.08775232126692,35.992415624046714]]]},"properties":{"layer":"building","height_m":7.6}},{"type":"Feature","id":"bldg_f6fe71d5-b3ad-4a54-bcbc-af4359f4d968","geometry":{"type":"Polygon","coordinates":[[[139.0881773617991,35.99444958136294],[139.0882183550498,35.99447777632336],[139.08815075565278,35.99454261060969],[139.08810987244902,35.99451450644014],[139.0881773617991,35.99444958136294]]]},"properties":{"layer":"building","height_m":6.9}},{"type":"Feature","id":"bldg_21a7f1c0-615c-450a-bee9-0047eeb162c9","geometry":{"type":"Polygon","coordinates":[[[139.0915639127203,35.99193502877132],[139.09169033789493,35.99188849209538],[139.09173505095362,35.99196952513355],[139.09168430510687,35.99198795849142],[139.09159084260662,35.99198458660844],[139.09158266686487,35.99196939419103],[139.0915762127311,35.99197169766813],[139.09155921357944,35.99193941609271],[139.09156455449332,35.99193755638393],[139.0915639127203,35.99193502877132]]]},"properties":{"layer":"building","height_m":10.2}},{"type":"Feature","id":"bldg_11eefb17-0132-4094-a226-dea8d91e74f7","geometry":{"type":"Polygon","coordinates":[[[139.08814600378952,35.99281929343221],[139.088220820627,35.99295387177762],[139.0881291158884,35.992987551588556],[139.08812813473176,35.99298574289126],[139.0881084365409,35.992992921064],[139.08803787208822,35.992866120259514],[139.08805656960038,35.992859206271646],[139.08805329682824,35.992853417611556],[139.08814600378952,35.99281929343221]]]},"properties":{"layer":"building","height_m":10.0}},{"type":"Feature","id":"bldg_37b39454-a046-4555-ba41-158ec9c7fb1b","geometry":{"type":"Polygon","coordinates":[[[139.0915539222876,36.000084980830636],[139.0915318482446,36.0000496034806],[139.09157237861217,36.000032909671575],[139.09154210778374,35.99998450291066],[139.09154734170895,35.999982282026366],[139.09154548407372,35.999979296247574],[139.09167787726545,35.99992459479061],[139.09167448965746,35.99991916604309],[139.09172570958037,35.999898031771586],[139.09175444967386,35.99994408564293],[139.0917110238862,35.9999620234335],[139.09173987406098,36.00000816811856],[139.0915539222876,36.000084980830636]]]},"properties":{"layer":"building","height_m":8.6}},{"type":"Feature","id":"bldg_f003ef74-4143-4457-a4de-f949c458d8b3","geometry":{"type":"Polygon","coordinates":[[[139.09170401967995,35.99954206427041],[139.09159604773308,35.99956869705953],[139.09154513756388,35.999432421073166],[139.09165310942484,35.999405779314785],[139.09170401967995,35.99954206427041]]]},"properties":{"layer":"building","height_m":6.6}},{"type":"Feature","id":"bldg_421795d1-6d26-42a3-b724-1279063a214e","geometry":{"type":"Polygon","coordinates":[[[139.0881289893967,35.993342933847124],[139.08818572645868,35.993324449091766],[139.08818093833239,35.993314685297776],[139.08820752606593,35.99330610782577],[139.0882105297362,35.99330513505135],[139.08821499278923,35.993314085654035],[139.0882792940108,35.993293214324055],[139.08828016596806,35.993294842081625],[139.08830421672099,35.993343751844264],[139.08829765317572,35.99334587420354],[139.08830396343154,35.993358892130274],[139.08825112064875,35.99337604917722],[139.08824567896718,35.99336501950501],[139.08821141441146,35.99337616307553],[139.08821500551159,35.99338348592013],[139.08815804576227,35.993402059435766],[139.0881289893967,35.993342933847124]]]},"properties":{"layer":"building","height_m":4.4}},{"type":"Feature","id":"bldg_a705123b-4c99-42f6-9a21-8c127a4d7606","geometry":{"type":"Polygon","coordinates":[[[139.0916576907326,35.99314153193131],[139.09164980863156,35.99313997802597],[139.09165833868013,35.9931114144451],[139.0916696525667,35.993113647516864],[139.0916737975544,35.993099748036705],[139.09177649723438,35.99312000425963],[139.0917501515374,35.99320822301195],[139.09177279043442,35.99321268920602],[139.09175826078712,35.99326134176645],[139.09172589107882,35.993254949720026],[139.09172799772819,35.99324790555365],[139.09163159689564,35.99322889597734],[139.0916576907326,35.99314153193131]]]},"properties":{"layer":"building","height_m":6.1}},{"type":"Feature","id":"bldg_abc9b696-2b48-4045-8e9f-bc217e4b6369","geometry":{"type":"Polygon","coordinates":[[[139.0880422349088,35.99526242735638],[139.088024420682,35.995228445791994],[139.08807273561726,35.995211711378076],[139.08809054977652,35.995245701948065],[139.0880422349088,35.99526242735638]]]},"properties":{"layer":"building","height_m":3.7}},{"type":"Feature","id":"bldg_06b41403-e100-4d24-b8d8-2ef41a42145d","geometry":{"type":"Polygon","coordinates":[[[139.0880187374409,35.99853076685014],[139.0880057373406,35.998533209716875],[139.08800012158946,35.99851353548915],[139.0880131550442,35.99851108381721],[139.0880187374409,35.99853076685014]]]},"properties":{"layer":"building","height_m":null}},{"type":"Feature","id":"bldg_e3ca5a12-b87a-4918-b673-245c1f671c6c","geometry":{"type":"Polygon","coordinates":[[[139.0917140074197,35.99745892292641],[139.09172490576867,35.997486651223866],[139.09163565817406,35.99750981265509],[139.09162475985346,35.99748208434995],[139.0917140074197,35.99745892292641]]]},"properties":{"layer":"building","height_m":9.1}},{"type":"Feature","id":"bldg_8778c715-4610-47fc-8c78-9f8c0e69d586","geometry":{"type":"Polygon","coordinates":[[[139.0917204219445,35.99191388748291],[139.0917032239237,35.99188270428583],[139.09175195583242,35.9918649614849],[139.09176822699487,35.99189445351177],[139.09173725618493,35.99190573562826],[139.09173818314267,35.99190741777948],[139.0917204219445,35.99191388748291]]]},"properties":{"layer":"building","height_m":7.0}},{"type":"Feature","id":"bldg_eeecc9d6-0171-459e-9b05-e075c19f348b","geometry":{"type":"Polygon","coordinates":[[[139.09172039165904,35.992440815207544],[139.0917118679129,35.992389334250205],[139.09176791106108,35.99238320935571],[139.09176620056294,35.99237281578877],[139.09180408072217,35.99236867863157],[139.09180319850492,35.99236340056452],[139.09186085145654,35.99235709630382],[139.09186634191587,35.99239021701767],[139.09184346052055,35.9923927254167],[139.09184908679504,35.99242673925907],[139.0918270158907,35.992429153521314],[139.0918209874946,35.99242981026104],[139.09180450087666,35.9924316191124],[139.09172039165904,35.992440815207544]]]},"properties":{"layer":"building","height_m":4.6}},{"type":"Feature","id":"bldg_fc42716e-e1e7-4912-9c62-d0d38f771468","geometry":{"type":"Polygon","coordinates":[[[139.08812001737076,35.99249277083161],[139.0881174379871,35.99248401218621],[139.0880786616327,35.9924914323597],[139.08805986190393,35.992426692267394],[139.08812763750328,35.99241368391747],[139.08812301798278,35.992397792318826],[139.08814379535823,35.99239377540032],[139.08813885415452,35.99237671011234],[139.08817951999228,35.99236885100486],[139.08818908073653,35.99240180788774],[139.08819452502988,35.99240076014307],[139.088204840049,35.99243606509295],[139.08819995110346,35.99243702615743],[139.08821101446165,35.992475310049],[139.08812001737076,35.99249277083161]]]},"properties":{"layer":"building","height_m":7.3}},{"type":"Feature","id":"bldg_3761b5b3-0e96-4f03-9788-004d294912c3","geometry":{"type":"Polygon","coordinates":[[[139.0877274371593,35.99210060880457],[139.08772187985662,35.9920783121225],[139.08771454858365,35.99207952837784],[139.08770749466686,35.99205127380449],[139.08771038315436,35.99205075097692],[139.08770685662137,35.99203657862771],[139.08773840308726,35.9920313668912],[139.08773808141342,35.992030193200236],[139.08782661026706,35.992015691659155],[139.087843068941,35.99208167906457],[139.0877274371593,35.99210060880457]]]},"properties":{"layer":"building","height_m":7.6}},{"type":"Feature","id":"bldg_24b911b7-7ff8-4985-8a9b-41ce5c0da7b5","geometry":{"type":"Polygon","coordinates":[[[139.08773068378386,35.99345969202522],[139.08769881516204,35.99339419468274],[139.08780730085812,35.99335934866199],[139.08782015045875,35.99338577354895],[139.0878342784952,35.99338123767352],[139.08785328650885,35.99342031003043],[139.08773068378386,35.99345969202522]]]},"properties":{"layer":"building","height_m":4.3}},{"type":"Feature","id":"bldg_acac5e36-ab81-4351-9e40-2b98dc589b6f","geometry":{"type":"Polygon","coordinates":[[[139.0876451544053,35.99989950298845],[139.08763884036253,35.99988684553521],[139.08766609923072,35.999877911857276],[139.08767241327718,35.99989056930914],[139.0876451544053,35.99989950298845]]]},"properties":{"layer":"building","height_m":null}},{"type":"Feature","id":"bldg_0b97e5b0-7be6-46cb-b43d-31b506d08fbd","geometry":{"type":"Polygon","coordinates":[[[139.08773528687112,35.9929399492909],[139.08770953935866,35.992882827026804],[139.08771454432772,35.99288132592302],[139.08770726663178,35.99286505726768],[139.08774574866652,35.9928535795314],[139.0877495504766,35.992862075391294],[139.08781483598733,35.99284265250678],[139.08784405861894,35.992907637664906],[139.08773528687112,35.9929399492909]]]},"properties":{"layer":"building","height_m":8.6}},{"type":"Feature","id":"bldg_684dd27c-fff1-45e8-b812-2a7fa30387ff","geometry":{"type":"Polygon","coordinates":[[[139.08782963150534,35.992569163487566],[139.08775348003584,35.992590654933686],[139.08771239551166,35.99249450113277],[139.0877885579042,35.99247301879283],[139.08782963150534,35.992569163487566]]]},"properties":{"layer":"building","height_m":4.3}},{"type":"Feature","id":"bldg_d4da5243-426a-453f-bd1b-809602c7b98d","geometry":{"type":"Polygon","coordinates":[[[139.0917614594687,35.99198830026159],[139.0917204219445,35.99191388748291],[139.09173818314267,35.99190741777948],[139.09173725618493,35.99190573562826],[139.09176822699487,35.99189445351177],[139.0918113613206,35.99187874006528],[139.09181264809135,35.99188108239017],[139.09183035365623,35.99187463035513],[139.09185191391606,35.99191372688564],[139.0918614734454,35.99191023484338],[139.0918740148024,35.99193298009296],[139.09186387665153,35.99193667585924],[139.09187045274842,35.9919485956592],[139.0917614594687,35.99198830026159]]]},"properties":{"layer":"building","height_m":8.9}},{"type":"Feature","id":"bldg_5d9e94ee-0d83-4c8d-9108-5ab467583929","geometry":{"type":"Polygon","coordinates":[[[139.09183547664097,35.992450638767544],[139.09183530408438,35.99245485579196],[139.09183404840925,35.99248592490596],[139.09179218033734,35.99248480987273],[139.09179186406354,35.99249253207143],[139.09172103430552,35.99249064312646],[139.09172276786228,35.992447625710454],[139.09180572774562,35.99244984199924],[139.09182263679747,35.99245029802562],[139.0918303207752,35.992450498742556],[139.09183547664097,35.992450638767544]]]},"properties":{"layer":"building","height_m":4.6}},{"type":"Feature","id":"bldg_ba2aa9f8-e191-4e7e-9a36-ae5838c54811","geometry":{"type":"Polygon","coordinates":[[[139.09169088032408,35.99969085983774],[139.09177761873332,35.99971916515539],[139.09179242590574,35.999742888789896],[139.0917375206072,35.99976553251744],[139.09169088032408,35.99969085983774]]]},"properties":{"layer":"building","height_m":3.6}},{"type":"Feature","id":"bldg_59c4a568-df94-4ded-86d9-f9ac4bcc64ef","geometry":{"type":"Polygon","coordinates":[[[139.08766839892087,35.997377376587124],[139.08774760745015,35.99735564286186],[139.08778775805968,35.9974522955122],[139.0877085494438,35.99747402926261],[139.08766839892087,35.997377376587124]]]},"properties":{"layer":"building","height_m":10.7}},{"type":"Feature","id":"bldg_84402ce6-9ea6-4e7a-83f7-f3b9d9e11f98","geometry":{"type":"Polygon","coordinates":[[[139.09193688278245,35.99948356727399],[139.09181020758436,35.99951524009495],[139.09170538712942,35.99923846966544],[139.09183206200723,35.99920678793654],[139.09193688278245,35.99948356727399]]]},"properties":{"layer":"building","height_m":7.4}},{"type":"Feature","id":"bldg_a329a746-1105-472a-9350-df6f54f65bc8","geometry":{"type":"Polygon","coordinates":[[[139.0917906022158,35.99231452623853],[139.09178950676102,35.99228937315485],[139.09183964975725,35.99228797062682],[139.09184074607148,35.992313033585305],[139.0917906022158,35.99231452623853]]]},"properties":{"layer":"building","height_m":3.8}},{"type":"Feature","id":"bldg_c72d9d5e-9cd0-4b18-a75e-71637af2e061","geometry":{"type":"Polygon","coordinates":[[[139.08783209887767,35.99601714171954],[139.08787192658258,35.996122120371446],[139.08776753425875,35.996148240225416],[139.08772879113533,35.9960458820533],[139.0877322376896,35.99604500217475],[139.08772390324984,35.99602313889464],[139.0877047808469,35.996027977190096],[139.08768421695277,35.99597386145627],[139.08772935398562,35.99596251523638],[139.08774991790793,35.996016630962885],[139.08775765669304,35.99601929283407],[139.08776134265526,35.99602832875044],[139.08780870290775,35.99601645553837],[139.08781097594257,35.99602241824965],[139.08783209887767,35.99601714171954]]]},"properties":{"layer":"building","height_m":7.6}},{"type":"Feature","id":"bldg_5950d8db-1f73-467c-a2f3-e2834b2334f8","geometry":{"type":"Polygon","coordinates":[[[139.08772075664544,35.99691126098471],[139.08768495644497,35.99692041198298],[139.08767586085412,35.99689692162991],[139.0876872482233,35.99687725393123],[139.08769625372253,35.996874966527116],[139.0876956027043,35.99687343026948],[139.0877052753397,35.9968709667514],[139.08772075664544,35.99691126098471]]]},"properties":{"layer":"building","height_m":5.0}},{"type":"Feature","id":"bldg_adaa2672-d5f1-4cea-9843-afa3ea07bf22","geometry":{"type":"Polygon","coordinates":[[[139.09176099651904,35.99660408625283],[139.09179834287204,35.99659439379825],[139.09182604359953,35.996664866499586],[139.09178869721637,35.99667455896234],[139.09176099651904,35.99660408625283]]]},"properties":{"layer":"building","height_m":10.1}},{"type":"Feature","id":"bldg_50371ddb-139e-4089-a8ef-11cef0cf455b","geometry":{"type":"Polygon","coordinates":[[[139.09183718029809,35.999939639923895],[139.09177623316228,35.999964301284436],[139.09173434728183,35.999895958104865],[139.09179529437733,35.99987129676485],[139.09183718029809,35.999939639923895]]]},"properties":{"layer":"building","height_m":4.0}},{"type":"Feature","id":"bldg_4b9ef8bb-4198-4f23-83c5-781c000d2194","geometry":{"type":"Polygon","coordinates":[[[139.09180572774562,35.99244984199924],[139.09180450087666,35.9924316191124],[139.0918209874946,35.99242981026104],[139.09182263679747,35.99245029802562],[139.09180572774562,35.99244984199924]]]},"properties":{"layer":"building","height_m":3.7}},{"type":"Feature","id":"bldg_caab029b-cdc8-4533-bd4c-9440be561f62","geometry":{"type":"Polygon","coordinates":[[[139.08806723455092,35.994649346565524],[139.08806910634618,35.99465080027576],[139.08807893114567,35.994643921295854],[139.08809090584086,35.99465727185107],[139.08809693620293,35.994663501251495],[139.08808511005043,35.994670908580076],[139.08807939986787,35.99466483438935],[139.08804994834915,35.99468303795628],[139.08803873283807,35.994672693445835],[139.08806723455092,35.994649346565524]]]},"properties":{"layer":"building","height_m":null}},{"type":"Feature","id":"bldg_b7ee16de-f484-4198-a762-46d8a5eb3a81","geometry":{"type":"Polygon","coordinates":[[[139.08807800227368,35.99367804531989],[139.08805546556763,35.99363678795418],[139.08808254149326,35.99362702382654],[139.08806904343146,35.993602316424514],[139.0880790035922,35.99359871901956],[139.08807218920884,35.99358623873036],[139.0881444806999,35.993560162529],[139.08813861479575,35.99354942764641],[139.0881644443401,35.99354010640801],[139.08821315941108,35.993629295317376],[139.08807800227368,35.99367804531989]]]},"properties":{"layer":"building","height_m":7.9}},{"type":"Feature","id":"bldg_70297fa7-a6c3-4604-b29e-07d52afd148b","geometry":{"type":"Polygon","coordinates":[[[139.0919213636471,35.9920345880419],[139.0919259901666,35.99211499470787],[139.09188600522714,35.99211651413418],[139.09188561396277,35.99210973392829],[139.09186784042458,35.992110408207935],[139.09186690584687,35.99209413393859],[139.091812886318,35.99209617948024],[139.0918095856523,35.992038836299535],[139.0919213636471,35.9920345880419]]]},"properties":{"layer":"building","height_m":5.6}},{"type":"Feature","id":"bldg_f71c32f7-033f-41c1-b73f-a0353cd281c1","geometry":{"type":"Polygon","coordinates":[[[139.08783286937998,35.996937013944304],[139.0876996755973,35.99697097630754],[139.08768915687202,35.996945494248386],[139.0876941595545,35.99694426352386],[139.08768495644497,35.99692041198298],[139.08772075664544,35.99691126098471],[139.0877052753397,35.9968709667514],[139.08779822150427,35.996847299464264],[139.0878021191426,35.99685741825465],[139.0878134596139,35.9968545144431],[139.08784041972837,35.996924352529376],[139.08782907924797,35.996927256343334],[139.08783286937998,35.996937013944304]]]},"properties":{"layer":"building","height_m":5.4}},{"type":"Feature","id":"bldg_982b9bf4-06a7-4139-9339-803b27701c07","geometry":{"type":"Polygon","coordinates":[[[139.0877738478694,35.9944167904679],[139.08771019984755,35.99430923019233],[139.08777242708217,35.994284921308065],[139.08777275385413,35.994285554249636],[139.08788881689676,35.99423291851395],[139.08791420124925,35.99426975920154],[139.08779535286834,35.99432372960223],[139.0878360751702,35.99439248155182],[139.0877738478694,35.9944167904679]]]},"properties":{"layer":"building","height_m":9.1}},{"type":"Feature","id":"bldg_ccde6a08-8c59-4f67-944f-34541ed80e51","geometry":{"type":"Polygon","coordinates":[[[139.09186634191587,35.99239021701767],[139.09188051973723,35.992456162747715],[139.09183530408438,35.99245485579196],[139.09183547664097,35.992450638767544],[139.0918303207752,35.992450498742556],[139.0918270158907,35.992429153521314],[139.09184908679504,35.99242673925907],[139.09184346052055,35.9923927254167],[139.09186634191587,35.99239021701767]]]},"properties":{"layer":"building","height_m":3.0}},{"type":"Feature","id":"bldg_97b2719f-8507-4500-868a-0a77d433838a","geometry":{"type":"Polygon","coordinates":[[[139.0877406578771,35.998991838413545],[139.0877508858361,35.99900228496559],[139.08775988038258,35.99899647340673],[139.0878096796761,35.99904736389433],[139.0877212295687,35.99910450636634],[139.0876687607289,35.99905088633431],[139.08769437181,35.99903433542986],[139.08768682442872,35.99902662746263],[139.0877406578771,35.998991838413545]]]},"properties":{"layer":"building","height_m":7.8}},{"type":"Feature","id":"bldg_26141ef0-80e7-49e8-b0c5-e636a771def8","geometry":{"type":"Polygon","coordinates":[[[139.08768258623357,35.99764351065245],[139.0877660830356,35.99763402520776],[139.08777863934586,35.99767871762191],[139.08769675351638,35.997693801151534],[139.08768258623357,35.99764351065245]]]},"properties":{"layer":"building","height_m":3.7}},{"type":"Feature","id":"bldg_70225749-d2ba-4694-9ddb-bd0da69cdba0","geometry":{"type":"Polygon","coordinates":[[[139.09189437510886,35.99973285660461],[139.09190388940385,35.99974851692303],[139.09191173848157,35.999745374834376],[139.09191599853733,35.99975239525665],[139.09193576045928,35.99974447780158],[139.0919677221713,35.99979711300229],[139.09195179016842,35.99980349488404],[139.09195417141407,35.999807421245336],[139.09183541000976,35.99985505095199],[139.09183181638787,35.99984911620709],[139.09181395817907,35.999856279307636],[139.09179974694536,35.99983287481523],[139.0917905617763,35.99983655843004],[139.09177038620123,35.999803355979424],[139.09177843577294,35.99980012500903],[139.09177762743613,35.99979879510026],[139.09180374669467,35.99978832122318],[139.0917981757984,35.9997791475986],[139.09181958554717,35.99977056437416],[139.09181581691973,35.99976436716979],[139.09189437510886,35.99973285660461]]]},"properties":{"layer":"building","height_m":8.9}},{"type":"Feature","id":"bldg_4bfad063-04a9-46da-8c45-11faefc50bd3","geometry":{"type":"Polygon","coordinates":[[[139.09191291211027,35.99193745661662],[139.09188209675898,35.99187642830575],[139.09188843828971,35.991874304376424],[139.09185914942992,35.991816079528775],[139.0919047633783,35.99180085906406],[139.09190323945833,35.99179778522013],[139.0919403980255,35.99178539664853],[139.09194235795522,35.991789284358035],[139.09195960222254,35.99178353246801],[139.09197397533242,35.991812012293],[139.09198599129357,35.99180794056196],[139.09200014683424,35.99183596838846],[139.09200860135675,35.99183322659912],[139.09203222810646,35.991880240282875],[139.0919978512803,35.99189165464107],[139.0920001363252,35.99189635553013],[139.09196464711573,35.991908123525214],[139.0919626888688,35.991904055566216],[139.09193354033982,35.991913789743386],[139.09194072563514,35.99192816484484],[139.09191291211027,35.99193745661662]]]},"properties":{"layer":"building","height_m":5.9}},{"type":"Feature","id":"bldg_6aa8a21b-b993-4a32-a322-128bf0d0cb9e","geometry":{"type":"Polygon","coordinates":[[[139.0880316676985,35.998500383237044],[139.08801132072992,35.998434912539636],[139.08818090597953,35.99840000422813],[139.08820136314148,35.99846556571241],[139.0880316676985,35.998500383237044]]]},"properties":{"layer":"building","height_m":6.6}},{"type":"Feature","id":"bldg_b0f4624d-aae9-44f3-b556-3a465cceaa87","geometry":{"type":"Polygon","coordinates":[[[139.087886515414,35.99296996509796],[139.08792058813373,35.99304874324378],[139.0877676787917,35.99309242544065],[139.08776522568397,35.99308675002338],[139.08776312388025,35.993087349845354],[139.08773150440476,35.993014247075],[139.087886515414,35.99296996509796]]]},"properties":{"layer":"building","height_m":7.6}},{"type":"Feature","id":"bldg_7b27a146-8a95-4e05-8d3a-c1110277786a","geometry":{"type":"Polygon","coordinates":[[[139.09182855298977,35.996775949316344],[139.09186621071413,35.99676617764893],[139.09189668480533,35.99684371564768],[139.0918590381382,35.99685348739269],[139.09182855298977,35.996775949316344]]]},"properties":{"layer":"building","height_m":8.3}},{"type":"Feature","id":"bldg_7c63d012-00e7-4b68-9b9a-c976c659ac60","geometry":{"type":"Polygon","coordinates":[[[139.09193446728125,35.99984234202067],[139.09195126720488,35.999868844944395],[139.09196105525464,35.999864741432205],[139.09198234749945,35.99989833831152],[139.09186323240158,35.999948192070356],[139.09182514029845,35.999888092232084],[139.09193446728125,35.99984234202067]]]},"properties":{"layer":"building","height_m":9.2}},{"type":"Feature","id":"bldg_63736ec8-204c-4b39-90cd-81ba7b893252","geometry":{"type":"Polygon","coordinates":[[[139.08791986043536,35.992168924521934],[139.0878415361225,35.99218211055454],[139.08784744054435,35.99220523858519],[139.0877625288631,35.99221954630849],[139.0877581542757,35.99220238538323],[139.08774182132984,35.992138363585944],[139.08782602197977,35.99212417764016],[139.08782087714363,35.992104010596876],[139.0878999123294,35.992090702812284],[139.08791986043536,35.992168924521934]]]},"properties":{"layer":"building","height_m":4.5}},{"type":"Feature","id":"bldg_0aa99353-c93a-4b48-89b3-85734ce8b57a","geometry":{"type":"Polygon","coordinates":[[[139.0919670219782,35.99193878245543],[139.0919178456701,35.99195542300909],[139.09190989419815,35.99193996160916],[139.0919590704982,35.99192332105863],[139.0919670219782,35.99193878245543]]]},"properties":{"layer":"building","height_m":null}},{"type":"Feature","id":"bldg_e0e67421-1896-46a4-be38-a285b9f6e49f","geometry":{"type":"Polygon","coordinates":[[[139.08777387983696,35.9977130275878],[139.0877804263613,35.99773632182787],[139.08770331714817,35.99775062387878],[139.08769677064552,35.99772732963482],[139.08777387983696,35.9977130275878]]]},"properties":{"layer":"building","height_m":3.4}},{"type":"Feature","id":"bldg_b03e36de-d665-4984-9b55-7675fa7271fe","geometry":{"type":"Polygon","coordinates":[[[139.09197375573885,35.9973915069049],[139.0919847301186,35.99741941590955],[139.09189607191698,35.99744242795706],[139.09188509756558,35.99741451894473],[139.09197375573885,35.9973915069049]]]},"properties":{"layer":"building","height_m":9.1}},{"type":"Feature","id":"bldg_bb9785bb-cc19-435e-87b9-3179fe6012d9","geometry":{"type":"Polygon","coordinates":[[[139.08809759686514,35.99318788628391],[139.08806281955177,35.99310970768332],[139.088103579883,35.99309773925844],[139.08809741064627,35.99308388398686],[139.08814184113163,35.9930708297483],[139.0881348357521,35.99305507655207],[139.088156144554,35.993048818694106],[139.08820408549983,35.993156605659834],[139.08809759686514,35.99318788628391]]]},"properties":{"layer":"building","height_m":7.0}},{"type":"Feature","id":"bldg_112b826f-a9f0-4d59-8faf-bc4e62919b7c","geometry":{"type":"Polygon","coordinates":[[[139.08769753801585,35.99792859479173],[139.0877206688442,35.997922159076204],[139.0877259854239,35.99793472019842],[139.08770285459227,35.997941155914944],[139.08769753801585,35.99792859479173]]]},"properties":{"layer":"building","height_m":null}},{"type":"Feature","id":"bldg_e4e1d998-26db-475d-80ed-e411394bf0dc","geometry":{"type":"Polygon","coordinates":[[[139.09199245055134,35.992346751511555],[139.09199643648623,35.99237828564458],[139.09193664420357,35.99238327887473],[139.09193265820795,35.99235175375252],[139.09199245055134,35.992346751511555]]]},"properties":{"layer":"building","height_m":4.0}},{"type":"Feature","id":"bldg_307e460e-6b74-4fe0-98c5-f3e93208e08b","geometry":{"type":"Polygon","coordinates":[[[139.0877082357168,35.99820608155053],[139.08776459238842,35.99819893302364],[139.0877688173184,35.99827680459686],[139.08769946746548,35.99829508453767],[139.08769445032024,35.998282525276196],[139.08773456805213,35.99827195002332],[139.0877082357168,35.99820608155053]]]},"properties":{"layer":"building","height_m":3.8}},{"type":"Feature","id":"bldg_00244a3f-dec9-4daf-a5ab-005b8ea51b96","geometry":{"type":"Polygon","coordinates":[[[139.09207832361685,35.992009140851614],[139.09208744088917,35.99205291932617],[139.09206117769565,35.99205653349848],[139.09206523194064,35.99207602666401],[139.09197177260634,35.99208889655087],[139.09196794073222,35.99207053138354],[139.09194740764647,35.992073360757935],[139.0919400416135,35.99203800223983],[139.09195937528335,35.99203534571455],[139.09195737958925,35.9920257976106],[139.09207832361685,35.992009140851614]]]},"properties":{"layer":"building","height_m":8.1}},{"type":"Feature","id":"bldg_81321a14-ef19-427f-9727-d606cb793b9f","geometry":{"type":"Polygon","coordinates":[[[139.08776497037817,35.995324705796484],[139.08772736021925,35.99523163805239],[139.08775663834376,35.99522010311628],[139.0878098896133,35.99520682443215],[139.08782899658235,35.99525074639702],[139.08786211295978,35.99530277699655],[139.08776497037817,35.995324705796484]]]},"properties":{"layer":"building","height_m":5.5}},{"type":"Feature","id":"bldg_e6e4f8a8-03bc-48b7-818d-8118bd612119","geometry":{"type":"Polygon","coordinates":[[[139.08814691910942,35.99233286683851],[139.0881662522192,35.99232911133483],[139.08817269940963,35.99235114313344],[139.0881533662947,35.99235489863806],[139.08814691910942,35.99233286683851]]]},"properties":{"layer":"building","height_m":null}},{"type":"Feature","id":"bldg_098b0d9b-aa7f-40a1-a9b1-436dfa3dc4cc","geometry":{"type":"Polygon","coordinates":[[[139.09207667320533,35.992135754510635],[139.09207753058342,35.99212827900548],[139.09212851177278,35.99213210908431],[139.09212338793955,35.99217715151695],[139.09211579616445,35.99217658185499],[139.09211317386064,35.9921996299592],[139.09207927131132,35.992197086108916],[139.09207999641245,35.99219070937436],[139.0920733466982,35.992190208621814],[139.09196092202137,35.992181762697605],[139.0919492295532,35.992180888279286],[139.09195621500714,35.99211943564532],[139.0919991389718,35.99212265717798],[139.09199832839207,35.992129871594315],[139.09207667320533,35.992135754510635]]]},"properties":{"layer":"building","height_m":5.1}},{"type":"Feature","id":"bldg_8434c7b9-d479-412f-96ea-13ceaccfb8e4","geometry":{"type":"Polygon","coordinates":[[[139.0920733466982,35.992190208621814],[139.09207005987327,35.992219084039846],[139.09204712944592,35.99221735605788],[139.09204456754594,35.99223987276567],[139.09195507323076,35.992233154817704],[139.09196092202137,35.992181762697605],[139.0920733466982,35.992190208621814]]]},"properties":{"layer":"building","height_m":7.0}},{"type":"Feature","id":"bldg_b84238ba-9c42-436a-94c9-d1b0d246753f","geometry":{"type":"Polygon","coordinates":[[[139.09200569651324,35.99238547216347],[139.0920003527339,35.992341410561636],[139.09196318223331,35.99234438047469],[139.0919574063483,35.99229672000729],[139.092033279077,35.99229064542987],[139.09203373271754,35.99229431653031],[139.09213231395358,35.99228642638848],[139.09213193313272,35.992283269480176],[139.09220189012618,35.99227766297385],[139.09221198037912,35.99236089741678],[139.09217469889137,35.99236387572269],[139.09217566657196,35.992371876245784],[139.09200569651324,35.99238547216347]]]},"properties":{"layer":"building","height_m":5.6}},{"type":"Feature","id":"bldg_6c1114e5-d5d7-4f2a-b406-5b8304badf6b","geometry":{"type":"Polygon","coordinates":[[[139.08769586008492,35.99891983448245],[139.08771277602781,35.99891381078923],[139.08772389621956,35.99893433942668],[139.08770698027305,35.99894036312141],[139.08769586008492,35.99891983448245]]]},"properties":{"layer":"building","height_m":null}},{"type":"Feature","id":"bldg_05573117-73c7-4393-b74c-ec5cc7a4a9f9","geometry":{"type":"Polygon","coordinates":[[[139.09192824167215,35.997029542611976],[139.0919331368452,35.99703031193364],[139.09196735913312,35.997021429316355],[139.09199525523232,35.997092389885246],[139.09195686352467,35.99710235534177],[139.09192824167215,35.997029542611976]]]},"properties":{"layer":"building","height_m":11.1}},{"type":"Feature","id":"bldg_58b79d78-26c6-4042-bb2e-062f1da6ba9e","geometry":{"type":"Polygon","coordinates":[[[139.09201331645468,35.99177971842122],[139.0920655852412,35.99181185735291],[139.09206110456176,35.991816606564775],[139.09207974037088,35.99182807811663],[139.09207593183547,35.99183211044092],[139.09208111461123,35.99183529702084],[139.09206386150328,35.99185384735631],[139.0920602237347,35.99185148149393],[139.09205350228982,35.99185865037376],[139.09203255023132,35.991845812552526],[139.0920338936773,35.99184446890177],[139.09201724226062,35.99183427142765],[139.09202250767456,35.99182862576508],[139.09198766153563,35.991807229842365],[139.09201331645468,35.99177971842122]]]},"properties":{"layer":"building","height_m":9.2}},{"type":"Feature","id":"bldg_601b88ae-f1eb-484a-afe0-c2647e4a898f","geometry":{"type":"Polygon","coordinates":[[[139.08778139841195,35.99168165880333],[139.08777127518474,35.99168493070405],[139.08776441743316,35.991671188303215],[139.0877744306076,35.99166782558895],[139.08778139841195,35.99168165880333]]]},"properties":{"layer":"building","height_m":6.0}},{"type":"Feature","id":"bldg_6ee7f2c1-ca4f-4aea-9978-34768b527277","geometry":{"type":"Polygon","coordinates":[[[139.09202291495282,35.99176139118226],[139.09212957714524,35.991728972478725],[139.09213836603703,35.991726052485696],[139.0921508349082,35.99174469633709],[139.09214470170392,35.99174826365016],[139.09215966899916,35.99177251100693],[139.09214607853542,35.99177891641173],[139.09217960156388,35.99182319717524],[139.09212534635114,35.991849270103444],[139.09211614712717,35.99183677530267],[139.0921072279295,35.991841767482505],[139.0920917807817,35.99182139275142],[139.09208331445842,35.99182539629597],[139.09206525716343,35.991799507493695],[139.09205401497573,35.99180385440448],[139.0920359484194,35.991778956972325],[139.09202259660952,35.99178356123458],[139.09201188444828,35.99176682095913],[139.09202378444138,35.99176328928857],[139.09202291495282,35.99176139118226]]]},"properties":{"layer":"building","height_m":6.7}},{"type":"Feature","id":"bldg_cabd3e95-8b1f-4890-bef6-b65195297a2d","geometry":{"type":"Polygon","coordinates":[[[139.088054310404,35.99405431750046],[139.08807601359285,35.99404625049445],[139.0880923777053,35.994075193788106],[139.08807067451005,35.99408326079697],[139.088054310404,35.99405431750046]]]},"properties":{"layer":"building","height_m":null}},{"type":"Feature","id":"bldg_315fc3a3-a5e3-4163-b6cb-0821a67da1dc","geometry":{"type":"Polygon","coordinates":[[[139.08777272883438,35.99699864965043],[139.08778149428932,35.99702186755397],[139.08772724108238,35.997035410377165],[139.08771847479366,35.99701228259466],[139.08777272883438,35.99699864965043]]]},"properties":{"layer":"building","height_m":null}},{"type":"Feature","id":"bldg_c32fc9fe-1416-4dea-8bed-a5e98f29602b","geometry":{"type":"Polygon","coordinates":[[[139.0920378450243,35.999782792085675],[139.09199387708946,35.99971646405309],[139.0920917519331,35.99967363523512],[139.0921357089206,35.99973995415197],[139.0920378450243,35.999782792085675]]]},"properties":{"layer":"building","height_m":7.7}},{"type":"Feature","id":"bldg_62b3fca8-8650-4715-855d-c6e0fb86731e","geometry":{"type":"Polygon","coordinates":[[[139.0877805101547,35.99263640172773],[139.0877671664419,35.99264010426255],[139.087759141288,35.992620766540206],[139.08777248499786,35.992617064006225],[139.0877805101547,35.99263640172773]]]},"properties":{"layer":"building","height_m":null}},{"type":"Feature","id":"bldg_9548e162-f034-47b9-9555-b37ec4c592fd","geometry":{"type":"Polygon","coordinates":[[[139.09202767750767,35.99724503627067],[139.09206363138208,35.99723602011936],[139.09208707721302,35.99729779594876],[139.09205111230662,35.99730680302567],[139.09202767750767,35.99724503627067]]]},"properties":{"layer":"building","height_m":4.2}},{"type":"Feature","id":"bldg_b2e0b147-0dba-4159-8c13-26f93ad05219","geometry":{"type":"Polygon","coordinates":[[[139.08817920122937,35.999123557540806],[139.0881153768483,35.99915218291513],[139.08812172143683,35.99916159585372],[139.0880916468719,35.999175108776114],[139.08808541149986,35.99916587677456],[139.08804742924974,35.99918285562777],[139.08801176533464,35.99913026849377],[139.08805554031838,35.9991106217414],[139.08804175563694,35.99909034696991],[139.0880858641685,35.99907061214855],[139.08809024204982,35.999076858319164],[139.0881341278946,35.999057212226425],[139.08817920122937,35.999123557540806]]]},"properties":{"layer":"building","height_m":6.6}},{"type":"Feature","id":"bldg_5faa9842-a1c9-4d2d-b705-580b59d2433e","geometry":{"type":"Polygon","coordinates":[[[139.08777408564,35.99194019670726],[139.08777139456373,35.99193152748992],[139.0877995073313,35.99192584374619],[139.08780219841051,35.991934512962935],[139.08777408564,35.99194019670726]]]},"properties":{"layer":"building","height_m":5.5}},{"type":"Feature","id":"bldg_6f449d00-128f-4343-86e5-d66d934c351b","geometry":{"type":"Polygon","coordinates":[[[139.08778363561512,35.9967566461283],[139.08772968391932,35.996615626787474],[139.08780242712385,35.996597250736386],[139.08794514857038,35.99654433001284],[139.08800497849668,35.99670072592013],[139.0879745937301,35.99670840548139],[139.08778363561512,35.9967566461283]]]},"properties":{"layer":"building","height_m":5.3}},{"type":"Feature","id":"bldg_d0693210-f36b-4f77-a59d-0a8110a61ee8","geometry":{"type":"Polygon","coordinates":[[[139.08778116422508,35.9937807878293],[139.0877571009464,35.993733229840075],[139.08781985169088,35.99371216886377],[139.0878440259036,35.99375972753014],[139.08778116422508,35.9937807878293]]]},"properties":{"layer":"building","height_m":6.0}},{"type":"Feature","id":"bldg_0ec90943-2431-47e4-9022-d47c9b15c985","geometry":{"type":"Polygon","coordinates":[[[139.08817787643974,35.99371096837391],[139.08822070068925,35.99379208108108],[139.0881564955366,35.99381448518414],[139.08815290103215,35.993807522837514],[139.08812541657892,35.99381708615642],[139.08813031902105,35.99382649014165],[139.0881126261895,35.99383268933912],[139.0880684940935,35.99374913495649],[139.08817787643974,35.99371096837391]]]},"properties":{"layer":"building","height_m":4.5}},{"type":"Feature","id":"bldg_b73d5ff6-44f9-4e43-b135-43d2bdcc33c7","geometry":{"type":"Polygon","coordinates":[[[139.0877900026814,35.99362650396759],[139.08776312806037,35.99356773434719],[139.08781916310173,35.99355080465506],[139.08781287095601,35.993537047749236],[139.08789164030998,35.99351324718456],[139.08791398350266,35.993562092333846],[139.08789017025802,35.993569289963894],[139.0879010160207,35.99359298046044],[139.0877900026814,35.99362650396759]]]},"properties":{"layer":"building","height_m":9.0}},{"type":"Feature","id":"bldg_215bc2e0-3075-4370-aee0-30f21fa044ed","geometry":{"type":"Polygon","coordinates":[[[139.0877516722296,35.9979277595838],[139.0877274331686,35.99793409828687],[139.0877235329443,35.997924249869634],[139.0877476610944,35.99791791047797],[139.0877516722296,35.9979277595838]]]},"properties":{"layer":"building","height_m":null}},{"type":"Feature","id":"bldg_89c28dcd-699f-46fe-be6d-a80628c82f06","geometry":{"type":"Polygon","coordinates":[[[139.09214914398336,35.99173576300389],[139.0922505757315,35.991717101791245],[139.0922570147419,35.99174012475984],[139.09228234453238,35.99173550433315],[139.09229747644838,35.991789585773645],[139.09225459329863,35.99179743258451],[139.09225512672205,35.99179968913379],[139.09221313160364,35.99180745128541],[139.0922142026635,35.991811513759544],[139.09218631709285,35.991816659162815],[139.09218406576247,35.991808353279055],[139.09217439978255,35.991810186294586],[139.09216356313388,35.99177118311361],[139.09215956315816,35.99177196957205],[139.09214914398336,35.99173576300389]]]},"properties":{"layer":"building","height_m":6.2}},{"type":"Feature","id":"bldg_8e1de535-37b5-4998-9c7e-780c3c786c3a","geometry":{"type":"Polygon","coordinates":[[[139.0878090483973,35.9970168112611],[139.0878199692357,35.99704671218152],[139.08781218708944,35.9970486466776],[139.08781953960988,35.99706879137509],[139.08775128410338,35.997085221477576],[139.08773301163527,35.99703508572441],[139.0878090483973,35.9970168112611]]]},"properties":{"layer":"building","height_m":6.9}},{"type":"Feature","id":"bldg_02376580-40b5-4f5c-b6a8-e22e59ead921","geometry":{"type":"Polygon","coordinates":[[[139.0878013613319,35.99231222510351],[139.0877783588291,35.992238022223475],[139.08789254645882,35.99221464905975],[139.08789498986442,35.992222532602995],[139.0879290150814,35.99221556065598],[139.08793816440885,35.99224508104475],[139.08792511886125,35.99224774895397],[139.08793652866828,35.99228455688978],[139.0878013613319,35.99231222510351]]]},"properties":{"layer":"building","height_m":6.7}},{"type":"Feature","id":"bldg_9208c35d-0e61-4c64-97a9-855a7969989c","geometry":{"type":"Polygon","coordinates":[[[139.08774346935323,35.99628932446998],[139.08778170494847,35.99628063923828],[139.08779357887755,35.9963153229812],[139.08775534326674,35.99632400821645],[139.08774346935323,35.99628932446998]]]},"properties":{"layer":"building","height_m":3.8}},{"type":"Feature","id":"bldg_8028f91c-8781-4b64-b62a-23005a88d5b4","geometry":{"type":"Polygon","coordinates":[[[139.0877495980122,35.99846627367045],[139.0877455517991,35.99851906472085],[139.08774154889517,35.998520121400844],[139.08772110522128,35.998476731913016],[139.0877495980122,35.99846627367045]]]},"properties":{"layer":"building","height_m":6.8}},{"type":"Feature","id":"bldg_b3b4d06d-fd75-46ca-b474-16a15d89f5d0","geometry":{"type":"Polygon","coordinates":[[[139.08779262743872,35.9916669472468],[139.08785310238227,35.99166362773],[139.0878523008358,35.991654519605326],[139.08792342804423,35.991650635336946],[139.08792612385867,35.99168237789557],[139.08789860468943,35.99168391937205],[139.0879017837641,35.991723235865244],[139.0878626141983,35.99172533585051],[139.08786231457177,35.99172181891333],[139.0877975119599,35.99172538192995],[139.08779262743872,35.9916669472468]]]},"properties":{"layer":"building","height_m":7.0}},{"type":"Feature","id":"bldg_70ea9dba-a7ed-45e7-9204-07d09d4cd7fc","geometry":{"type":"Polygon","coordinates":[[[139.0877814032797,35.99890165519633],[139.08779284232372,35.99892719703883],[139.0877481251836,35.998940889258265],[139.0877377587176,35.998943979375106],[139.0877261132877,35.99891797658152],[139.0877814032797,35.99890165519633]]]},"properties":{"layer":"building","height_m":3.3}},{"type":"Feature","id":"bldg_905295a7-4629-45d0-a901-1054c8938230","geometry":{"type":"Polygon","coordinates":[[[139.08774720492573,35.99709438938924],[139.08782546242597,35.997075858328735],[139.08782950789146,35.99710562638869],[139.08775780490572,35.997123026499835],[139.08774720492573,35.99709438938924]]]},"properties":{"layer":"building","height_m":6.6}},{"type":"Feature","id":"bldg_41b7b3fd-d83f-425d-85e4-e391054c4ce1","geometry":{"type":"Polygon","coordinates":[[[139.08779301859556,35.99261538901714],[139.0878736395655,35.99259272658945],[139.08787407299215,35.99259381084426],[139.0878878619911,35.9925899308042],[139.08790935309685,35.99263972604471],[139.08789689829143,35.992643253857246],[139.08790297644978,35.99265735192513],[139.08786861482298,35.99266705271534],[139.08787046112786,35.99267121017408],[139.08780796525494,35.992688847824546],[139.0877947237087,35.99265812129133],[139.08780962512284,35.99265388765329],[139.08779301859556,35.99261538901714]]]},"properties":{"layer":"building","height_m":7.0}},{"type":"Feature","id":"bldg_99def25a-502a-4420-9ce3-b37f8d723d3b","geometry":{"type":"Polygon","coordinates":[[[139.08774161142435,35.99812463118973],[139.08776147082202,35.9981240335855],[139.08776294675192,35.99815576853282],[139.08774308734633,35.9981563661372],[139.08774161142435,35.99812463118973]]]},"properties":{"layer":"building","height_m":null}},{"type":"Feature","id":"bldg_feffd020-24e7-40d3-9d1e-5f7fdd66ed98","geometry":{"type":"Polygon","coordinates":[[[139.09210685605586,35.999875421578444],[139.09207394418087,35.99982474537811],[139.09212432540153,35.999803137076064],[139.09212719010944,35.99980755312359],[139.09213577634108,35.999803865782],[139.09213975648535,35.999809983166365],[139.0921789455951,35.99979317270659],[139.09220502366676,35.99983332453236],[139.09210685605586,35.999875421578444]]]},"properties":{"layer":"building","height_m":8.3}},{"type":"Feature","id":"bldg_ccdb02b4-8f00-4acf-a896-a2b6bc004ced","geometry":{"type":"Polygon","coordinates":[[[139.0921824216106,35.99207302835971],[139.09216964331821,35.992029362468834],[139.09218950925342,35.9920255284898],[139.09217847232074,35.991987776883164],[139.09225832499965,35.9919723532135],[139.09226867446358,35.9920077211301],[139.09227640751814,35.99200622767444],[139.09228988446196,35.99205227730632],[139.0921824216106,35.99207302835971]]]},"properties":{"layer":"building","height_m":5.2}},{"type":"Feature","id":"bldg_8bf8a9b0-0a95-4149-99ed-80d72aaa37d1","geometry":{"type":"Polygon","coordinates":[[[139.08811106925907,35.993196451221124],[139.08811942217332,35.993216331735645],[139.08808228100608,35.993226736359084],[139.0880738171986,35.99320685515312],[139.08811106925907,35.993196451221124]]]},"properties":{"layer":"building","height_m":3.3}},{"type":"Feature","id":"bldg_def25aca-10e4-4720-b5aa-e11fb215b3e6","geometry":{"type":"Polygon","coordinates":[[[139.09220935526335,35.99185546733143],[139.09220311582686,35.99187039039131],[139.092176456423,35.991863015275044],[139.09218247490745,35.99184800072134],[139.09220935526335,35.99185546733143]]]},"properties":{"layer":"building","height_m":null}},{"type":"Feature","id":"bldg_1840602b-c3d9-41d5-8f43-377b473114e3","geometry":{"type":"Polygon","coordinates":[[[139.08810553705888,35.999219539044084],[139.08812438717814,35.99924372086809],[139.08808727182742,35.99926286823972],[139.08806831165313,35.999238595596196],[139.08810553705888,35.999219539044084]]]},"properties":{"layer":"building","height_m":4.1}},{"type":"Feature","id":"bldg_441d42b1-7bfd-4573-afaa-d5030e76c54d","geometry":{"type":"Polygon","coordinates":[[[139.08788462160683,35.99457268290344],[139.08778024378648,35.994420705812765],[139.0878789306494,35.994375983673244],[139.08798330945115,35.99452787055588],[139.08788462160683,35.99457268290344]]]},"properties":{"layer":"building","height_m":10.3}},{"type":"Feature","id":"bldg_a5a7fd16-7d07-4882-8ed9-91a289b41db8","geometry":{"type":"Polygon","coordinates":[[[139.092199397692,35.999632074449195],[139.0921234048472,35.99957319161935],[139.09217631268973,35.99952810200278],[139.09219191654947,35.99954018570965],[139.09221517272928,35.99952036559209],[139.09227556171066,35.999567164670374],[139.092199397692,35.999632074449195]]]},"properties":{"layer":"building","height_m":9.0}},{"type":"Feature","id":"bldg_9d6cb51e-070f-4e17-a6fe-743944c58a62","geometry":{"type":"Polygon","coordinates":[[[139.08778673311926,35.99389850531512],[139.0878127036838,35.99388953653769],[139.08780660255152,35.99387787183765],[139.0878721964221,35.993855233201444],[139.08787574823893,35.993862015030835],[139.08789030245129,35.99385698608238],[139.0879342082863,35.993940998785966],[139.0878280785364,35.99397762610523],[139.08778673311926,35.99389850531512]]]},"properties":{"layer":"building","height_m":8.8}},{"type":"Feature","id":"bldg_9573f972-d4bc-44ca-beba-0e837bf17774","geometry":{"type":"Polygon","coordinates":[[[139.08782950789146,35.99710562638869],[139.08785236941068,35.99716785004745],[139.08784266448896,35.997170205220364],[139.08785533896872,35.99720469564205],[139.08784763503644,35.99720656753531],[139.08786989095367,35.997267147059375],[139.0878156077979,35.997280320201824],[139.08775780490572,35.997123026499835],[139.08782950789146,35.99710562638869]]]},"properties":{"layer":"building","height_m":11.5}},{"type":"Feature","id":"bldg_3283de66-9a37-4e32-adf9-e253d51456d9","geometry":{"type":"Polygon","coordinates":[[[139.08791532610934,35.992664999593686],[139.08794136485662,35.992726540001584],[139.08794234091823,35.992728889449516],[139.08782702630046,35.99276116050671],[139.0878120544214,35.99272573645629],[139.08780001157447,35.99269727062625],[139.08791532610934,35.992664999593686]]]},"properties":{"layer":"building","height_m":9.1}},{"type":"Feature","id":"bldg_8c3074fe-a8f1-4e94-9527-e1e76cbe6139","geometry":{"type":"Polygon","coordinates":[[[139.08801861228133,35.99922774159397],[139.08804055568123,35.999217873501195],[139.08806112182793,35.99924828496873],[139.08803917842204,35.99925815306512],[139.08801861228133,35.99922774159397]]]},"properties":{"layer":"building","height_m":3.5}},{"type":"Feature","id":"bldg_7849d06b-471f-46d2-94c3-05f38a55b227","geometry":{"type":"Polygon","coordinates":[[[139.0922767614802,35.999919057801115],[139.0922376930168,35.99993245310911],[139.09224248700684,35.99994168500455],[139.09220453126406,35.99995469961701],[139.09220021660042,35.99994639902104],[139.09217012790293,35.99995672227589],[139.09216168409634,35.99994044669584],[139.0921366583822,35.99994903467682],[139.09212023884965,35.999917432769195],[139.09214585423945,35.99990865014904],[139.09215626950152,35.9999050822637],[139.09214453505805,35.99988249527288],[139.09218488320496,35.99986865725161],[139.09219687912187,35.99989175058233],[139.0922419230568,35.999876301188216],[139.09224595441208,35.9998840592522],[139.09225667013814,35.99988038505835],[139.0922767614802,35.999919057801115]]]},"properties":{"layer":"building","height_m":8.1}},{"type":"Feature","id":"bldg_2436c8dd-47b3-4e15-9092-fe315d17eb50","geometry":{"type":"Polygon","coordinates":[[[139.09226400393337,35.992096794952445],[139.09231752850255,35.99208719324296],[139.0923139796832,35.99207412948797],[139.0923384868098,35.992069729293995],[139.09235689481483,35.99206643607584],[139.09235730590373,35.99206635749785],[139.09236617238406,35.99209902135417],[139.09237078266224,35.99209820260648],[139.09239007051644,35.9921692271327],[139.09237851683295,35.99217130086955],[139.09238621480912,35.99219964928518],[139.0922963182828,35.99221577710218],[139.09226400393337,35.992096794952445]]]},"properties":{"layer":"building","height_m":9.0}},{"type":"Feature","id":"bldg_6d536bbe-b1a8-4478-9f53-03640ef6ac32","geometry":{"type":"Polygon","coordinates":[[[139.08780442157146,35.996306377361634],[139.08777277501935,35.996227767517965],[139.08784860699402,35.996207599018526],[139.08788852393522,35.99619703146973],[139.08793366785235,35.99618496417613],[139.08796217205736,35.99625571313746],[139.08792992710454,35.99626425539208],[139.08793306959288,35.996272116235],[139.08780442157146,35.996306377361634]]]},"properties":{"layer":"building","height_m":7.0}},{"type":"Feature","id":"bldg_4dc3d40b-ef02-41ce-982e-8d26600fae88","geometry":{"type":"Polygon","coordinates":[[[139.08783756040023,35.99493944523995],[139.08778569402406,35.994884549134234],[139.08790369664348,35.99481093415084],[139.0879555520494,35.9948658211252],[139.08783756040023,35.99493944523995]]]},"properties":{"layer":"building","height_m":8.1}},{"type":"Feature","id":"bldg_ed428c56-217e-4eb7-9ff6-aec54a582606","geometry":{"type":"Polygon","coordinates":[[[139.09238702201807,35.991948497571215],[139.09240237308896,35.992007618626744],[139.09241916906586,35.99200473905426],[139.09242087059386,35.9920398192082],[139.09235299780488,35.99205146842488],[139.09234694372122,35.99205250357928],[139.09234607653406,35.99204917242001],[139.0923337238809,35.99205129529573],[139.09229428886292,35.992058054817385],[139.09227100535918,35.99196839371459],[139.09238702201807,35.991948497571215]]]},"properties":{"layer":"building","height_m":5.3}},{"type":"Feature","id":"bldg_13c1a34a-08b4-4fb1-af7f-fa9faffcac76","geometry":{"type":"Polygon","coordinates":[[[139.08820555840708,35.991817236074894],[139.08820707851845,35.99184428455736],[139.08809124417036,35.99184942348251],[139.08808894695335,35.99182246030139],[139.08820555840708,35.991817236074894]]]},"properties":{"layer":"building","height_m":6.4}},{"type":"Feature","id":"bldg_02a0580d-f4a9-4188-8f51-31aa79fef0cb","geometry":{"type":"Polygon","coordinates":[[[139.08778106655717,35.99901166581478],[139.0877481251836,35.998940889258265],[139.08779284232372,35.99892719703883],[139.08786281140794,35.998905640164146],[139.0878636808716,35.99890753829813],[139.08786890973613,35.99890585832288],[139.08787412821624,35.99891706687695],[139.08787957890027,35.99891538827975],[139.0879100580235,35.998906023904944],[139.0879304146876,35.99889975117222],[139.08793422188498,35.99890770627286],[139.0879589005098,35.99896076595095],[139.087896717978,35.99897993775922],[139.08789845775684,35.99898364390194],[139.0878682012698,35.99899291952705],[139.08786624306575,35.99898885150638],[139.08783932319386,35.99899715642956],[139.08784486761866,35.999009088050656],[139.0878408629946,35.99901032498309],[139.08784906925334,35.999022273146736],[139.08782843050523,35.99903494334407],[139.0878168271841,35.999042171761914],[139.08780979767258,35.99903482754102],[139.08779925213523,35.99902394639608],[139.08780715811076,35.99902066072178],[139.08780204715012,35.999009813353354],[139.0877891434531,35.99901378900558],[139.08778718525267,35.99900972098366],[139.08778106655717,35.99901166581478]]]},"properties":{"layer":"building","height_m":5.5}},{"type":"Feature","id":"bldg_a0d9f4fe-b20a-4c79-9aed-2b8087284583","geometry":{"type":"Polygon","coordinates":[[[139.08812975399252,35.99859076214122],[139.08804885613372,35.99860684347208],[139.08802659162865,35.99853297877114],[139.08810737850698,35.998516896765224],[139.08812975399252,35.99859076214122]]]},"properties":{"layer":"building","height_m":8.3}},{"type":"Feature","id":"bldg_9c078392-108a-422e-9965-3491c17beac9","geometry":{"type":"Polygon","coordinates":[[[139.09224311440636,35.99967192064878],[139.09220006885928,35.99963976668889],[139.09224379922128,35.99960110068984],[139.09228684476562,35.999633254634205],[139.09224311440636,35.99967192064878]]]},"properties":{"layer":"building","height_m":6.8}},{"type":"Feature","id":"bldg_dbac232f-9d12-4e3a-b3f7-4223e67937f9","geometry":{"type":"Polygon","coordinates":[[[139.08779632437486,35.99449155787637],[139.08780267555153,35.99448844279467],[139.0878116576718,35.99450039578893],[139.0878054173979,35.99450351156032],[139.08779632437486,35.99449155787637]]]},"properties":{"layer":"building","height_m":6.5}},{"type":"Feature","id":"bldg_7fe702f7-2d40-431c-b9c0-f1f04b531585","geometry":{"type":"Polygon","coordinates":[[[139.0879717576284,35.99369274340158],[139.0879610787911,35.99369610199374],[139.0879684203737,35.9937114877541],[139.08797217290126,35.99371933436314],[139.0879334610388,35.99373162191114],[139.08793422124327,35.9937333391068],[139.08788861222394,35.99374783703598],[139.0878707736407,35.993710592581415],[139.08786370322684,35.99369585743706],[139.087882169818,35.99368993347467],[139.0878751002518,35.99367510820608],[139.08782648756636,35.993690578877754],[139.08781451985521,35.993665898984204],[139.08781696733664,35.993665103023496],[139.08780543645585,35.99364114688456],[139.0878415899108,35.99362965464952],[139.08783930506593,35.99362495368492],[139.08786166424176,35.99361788222438],[139.08785948860202,35.99361336219901],[139.08790632086385,35.99359851136086],[139.08790817058355,35.99360230831931],[139.08791462241018,35.99360027541753],[139.087922127106,35.99361600468884],[139.08791489641933,35.99361830314163],[139.08793306431812,35.993655910156875],[139.08791215110622,35.99366253996515],[139.08791356569884,35.99366543291861],[139.08795261108625,35.99365305731901],[139.0879717576284,35.99369274340158]]]},"properties":{"layer":"building","height_m":7.1}},{"type":"Feature","id":"bldg_0eac8648-de6b-45ba-9702-30ecca70426a","geometry":{"type":"Polygon","coordinates":[[[139.0877862557202,35.99837787664867],[139.08783198880315,35.99837051785442],[139.08782979851858,35.99842057147706],[139.0878180733739,35.99842307632527],[139.0878258875298,35.99844721664816],[139.08781837409896,35.99844651200342],[139.0878115915742,35.99852016917926],[139.0877707394171,35.99852745014588],[139.0877862557202,35.99837787664867]]]},"properties":{"layer":"building","height_m":3.5}},{"type":"Feature","id":"bldg_734e90b5-35de-4f18-8cca-257679558d01","geometry":{"type":"Polygon","coordinates":[[[139.08785147131837,35.993263156902],[139.08782256429762,35.99319997631234],[139.08783257427174,35.99319697409572],[139.08790831785495,35.9931741010794],[139.08791932932817,35.99317074455817],[139.08794834731793,35.99323392581469],[139.08785147131837,35.993263156902]]]},"properties":{"layer":"building","height_m":7.7}},{"type":"Feature","id":"bldg_c24c94a5-2663-46b2-8218-c1e6638528b2","geometry":{"type":"Polygon","coordinates":[[[139.08809124417036,35.99184942348251],[139.08820707851845,35.99184428455736],[139.08820868918775,35.99187349672538],[139.08821162302655,35.991903528283],[139.08815402706657,35.99190731651361],[139.08815439607048,35.991915250257534],[139.08812443448593,35.99191704700414],[139.08812361171354,35.99191019200295],[139.08809686537546,35.99191209884575],[139.08809335349892,35.991872780290905],[139.08809124417036,35.99184942348251]]]},"properties":{"layer":"building","height_m":9.3}},{"type":"Feature","id":"bldg_cd0a2308-338a-4f5e-b86a-27d077efb92b","geometry":{"type":"Polygon","coordinates":[[[139.0878441026581,35.99207790002296],[139.08783918358654,35.99205849147638],[139.08788794922398,35.99205023215062],[139.08789286830705,35.99206964069536],[139.0878441026581,35.99207790002296]]]},"properties":{"layer":"building","height_m":3.0}},{"type":"Feature","id":"bldg_1450cf14-e982-4f11-b4bc-3b0324bc5e91","geometry":{"type":"Polygon","coordinates":[[[139.09227225477588,35.998136419709155],[139.09225260045523,35.998148294598906],[139.09222182553464,35.998114675226155],[139.09224147985137,35.99810280034135],[139.09227225477588,35.998136419709155]]]},"properties":{"layer":"building","height_m":3.3}},{"type":"Feature","id":"bldg_4b40b6e8-ebeb-45f2-87d3-60fb16a3903e","geometry":{"type":"Polygon","coordinates":[[[139.08781073789282,35.998521308525035],[139.08781735020943,35.99853879879518],[139.08778655376,35.998546538834844],[139.08777992951036,35.99852913861894],[139.08781073789282,35.998521308525035]]]},"properties":{"layer":"building","height_m":4.7}},{"type":"Feature","id":"bldg_7c87fcf2-cd92-46bd-a12c-aff5afca0b9a","geometry":{"type":"Polygon","coordinates":[[[139.0879118702684,35.99628550401371],[139.08793689418997,35.996348930817895],[139.08783093533148,35.996376483071366],[139.0878059114869,35.99631305624629],[139.0879118702684,35.99628550401371]]]},"properties":{"layer":"building","height_m":10.8}},{"type":"Feature","id":"bldg_8c6194e4-bf06-41e1-8f57-316840aa1a61","geometry":{"type":"Polygon","coordinates":[[[139.0923394540976,35.99174811480357],[139.0923467651614,35.99177276549684],[139.09230365432538,35.99178124183013],[139.09229567619053,35.99175676727405],[139.0923394540976,35.99174811480357]]]},"properties":{"layer":"building","height_m":4.2}},{"type":"Feature","id":"bldg_e53f683a-cbf8-46b4-9be3-95da15c3b29b","geometry":{"type":"Polygon","coordinates":[[[139.08795692601427,35.9952573096912],[139.0879446790379,35.995262280877554],[139.08794675569382,35.99526553846424],[139.08786425661376,35.9952989147245],[139.0878310522319,35.99524445006638],[139.08782073852922,35.99522077188837],[139.08784534338704,35.99521083022886],[139.08784042817425,35.995202778105686],[139.08790355433632,35.99517730305602],[139.08791098219137,35.99518942664392],[139.0879145446989,35.99518800669983],[139.08795692601427,35.9952573096912]]]},"properties":{"layer":"building","height_m":7.3}},{"type":"Feature","id":"bldg_2ed9b462-db85-4d1f-b7a8-8d6150b5e433","geometry":{"type":"Polygon","coordinates":[[[139.08794020101837,35.99187182877722],[139.08794396786337,35.9918958267978],[139.0878992455949,35.991898703464074],[139.08788137801866,35.991899944388564],[139.0878785407893,35.99187144563614],[139.08787792966214,35.991865673510105],[139.08786794190667,35.99186633248675],[139.08785773263887,35.99179623793145],[139.08792996727445,35.991792540802024],[139.08794020101837,35.99187182877722]]]},"properties":{"layer":"building","height_m":7.6}},{"type":"Feature","id":"bldg_44a40262-4e9c-46ba-9cf6-f30adb5a864c","geometry":{"type":"Polygon","coordinates":[[[139.08806036987,35.998243690958205],[139.0880387056054,35.998176769998004],[139.08820785852427,35.99814059713704],[139.08822952377076,35.998207427943875],[139.08806036987,35.998243690958205]]]},"properties":{"layer":"building","height_m":6.6}},{"type":"Feature","id":"bldg_8754b584-c691-4426-b988-a55fcc771262","geometry":{"type":"Polygon","coordinates":[[[139.0881067448999,35.99446969235352],[139.0880839147239,35.9944207000118],[139.08809314767296,35.99441778307769],[139.08807738294314,35.99438406661391],[139.08809818288663,35.99437770646522],[139.08807491591162,35.994327990366905],[139.08814243333887,35.994307229229456],[139.088147542359,35.99431825683844],[139.08816567297535,35.994312691267034],[139.08815969368305,35.994299855650844],[139.08821353014633,35.99428324560309],[139.08824255893535,35.99434534528637],[139.0882455617972,35.99434446263656],[139.08826545954173,35.99438685723825],[139.08824810693295,35.9943922473967],[139.08825832670996,35.99441412235597],[139.0881821324846,35.99443762369403],[139.08818572023753,35.994445307038056],[139.0881067448999,35.99446969235352]]]},"properties":{"layer":"building","height_m":7.1}},{"type":"Feature","id":"bldg_b0181de7-e35e-497c-bb4f-9e0f7d551660","geometry":{"type":"Polygon","coordinates":[[[139.08812177372675,35.9921173897594],[139.0881034898562,35.99203318476631],[139.0881219221318,35.99203086575522],[139.08813809807307,35.992115147781625],[139.08812177372675,35.9921173897594]]]},"properties":{"layer":"building","height_m":3.9}},{"type":"Feature","id":"bldg_95c23f65-1d5d-4e57-9152-4b341d275487","geometry":{"type":"Polygon","coordinates":[[[139.09227701855198,35.99956319893549],[139.09223139414252,35.99952809081507],[139.09228545649805,35.999481701396675],[139.09233108090547,35.99951680949677],[139.09227701855198,35.99956319893549]]]},"properties":{"layer":"building","height_m":3.1}},{"type":"Feature","id":"bldg_9d2b213b-10e4-4ffb-9a49-bd4096f36165","geometry":{"type":"Polygon","coordinates":[[[139.0878296762312,35.9970170295902],[139.08781338055184,35.99701611714467],[139.0878153900178,35.99699116360766],[139.0878316865402,35.99699198592807],[139.0878296762312,35.9970170295902]]]},"properties":{"layer":"building","height_m":null}},{"type":"Feature","id":"bldg_a196a694-a2cb-4003-b5e4-8f2fb5630b49","geometry":{"type":"Polygon","coordinates":[[[139.08733788025583,35.9959812619455],[139.08730503809986,35.995900120900394],[139.08738898802466,35.995877659793315],[139.08753164776135,35.99583943036783],[139.08759491574045,35.99582251872526],[139.087749027355,35.99578129580892],[139.08778198167437,35.99586234730336],[139.08771715678583,35.99587970001773],[139.08733788025583,35.9959812619455]]]},"properties":{"layer":"building","height_m":5.1}},{"type":"Feature","id":"bldg_a0fdd680-9e2c-4bfc-9e5d-ddbab985d4ff","geometry":{"type":"Polygon","coordinates":[[[139.0878506854842,35.99327595049445],[139.08789539939178,35.99326225818591],[139.0878963763064,35.993264517509225],[139.08788647722764,35.99326752042022],[139.08792343332777,35.99334751520999],[139.08788873021703,35.993358115182424],[139.0878506854842,35.99327595049445]]]},"properties":{"layer":"building","height_m":6.6}},{"type":"Feature","id":"bldg_6ff51057-2e07-42ee-b17d-e7011438c5ad","geometry":{"type":"Polygon","coordinates":[[[139.08788052661893,35.99254796570218],[139.0878596276657,35.99248121164652],[139.08797644033825,35.99245706157313],[139.08799733938426,35.992523815609786],[139.08788052661893,35.99254796570218]]]},"properties":{"layer":"building","height_m":6.6}},{"type":"Feature","id":"bldg_2d1a99b1-1ac6-4899-86b9-bccf0ebf46d7","geometry":{"type":"Polygon","coordinates":[[[139.09231962039036,35.998183318573695],[139.09230059208926,35.998195855287875],[139.092261561004,35.99815674106592],[139.09228058930165,35.998144204357814],[139.09231962039036,35.998183318573695]]]},"properties":{"layer":"building","height_m":null}},{"type":"Feature","id":"bldg_19177096-df93-488a-92e3-65488c3c2e3e","geometry":{"type":"Polygon","coordinates":[[[139.0923408571158,35.99185898356924],[139.09233536621096,35.99179387567604],[139.0923812997566,35.99179190613749],[139.09238013500385,35.991774143301384],[139.09242251806228,35.99177233207778],[139.0924238768111,35.991793070407056],[139.09241910559572,35.99179331132992],[139.09242307094243,35.99185552563248],[139.0923408571158,35.99185898356924]]]},"properties":{"layer":"building","height_m":5.9}},{"type":"Feature","id":"bldg_05085640-c1df-4387-9870-cc047731dd79","geometry":{"type":"Polygon","coordinates":[[[139.09235299780488,35.99205146842488],[139.09235689481483,35.99206643607584],[139.0923384868098,35.992069729293995],[139.0923337238809,35.99205129529573],[139.09234607653406,35.99204917242001],[139.09234694372122,35.99205250357928],[139.09235299780488,35.99205146842488]]]},"properties":{"layer":"building","height_m":4.7}},{"type":"Feature","id":"bldg_8ae0e11e-4fb6-4eb9-8de6-341f6cb8695a","geometry":{"type":"Polygon","coordinates":[[[139.08780880876256,35.99799210703142],[139.08783292021795,35.99799225688201],[139.08783264454428,35.99802154743229],[139.08780853308,35.99802139758154],[139.08780880876256,35.99799210703142]]]},"properties":{"layer":"building","height_m":3.2}},{"type":"Feature","id":"bldg_33b66a9b-1547-473f-99d3-b1da97c28f38","geometry":{"type":"Polygon","coordinates":[[[139.09229317281495,36.00000489088261],[139.09227169146322,35.99996303697814],[139.09232428905497,35.99994520070808],[139.09234578152106,35.999987054672054],[139.09229317281495,36.00000489088261]]]},"properties":{"layer":"building","height_m":3.9}},{"type":"Feature","id":"bldg_0a4bcff0-ef7a-416c-ae39-24849c09a0c3","geometry":{"type":"Polygon","coordinates":[[[139.08783094362326,35.998166916616455],[139.0878114536321,35.99810469589038],[139.08782567874943,35.99810171987727],[139.08781749485343,35.998075621433394],[139.08800508302647,35.998036949658584],[139.08803275712134,35.998125268785984],[139.08783094362326,35.998166916616455]]]},"properties":{"layer":"building","height_m":6.8}},{"type":"Feature","id":"bldg_8bf68269-dce1-415a-9db0-f6b4b141afb9","geometry":{"type":"Polygon","coordinates":[[[139.0879829204131,35.99822338113627],[139.08799804696665,35.998289630573964],[139.0878259941055,35.99831569054887],[139.0878107567831,35.99824944040211],[139.0879829204131,35.99822338113627]]]},"properties":{"layer":"building","height_m":6.5}},{"type":"Feature","id":"bldg_0e8c8e24-150c-4892-8d86-cb2a4a85f0b7","geometry":{"type":"Polygon","coordinates":[[[139.08791195024898,35.99955352975653],[139.08792357848242,35.99957901868226],[139.0879467249089,35.99962990571635],[139.08793816019966,35.99963246626566],[139.0879404418247,35.9996375277248],[139.08783176834112,35.99967020048161],[139.08779807997612,35.999596264751546],[139.08780397519902,35.999594498791126],[139.08780060653513,35.9995870871928],[139.08791195024898,35.99955352975653]]]},"properties":{"layer":"building","height_m":8.7}},{"type":"Feature","id":"bldg_f8912622-58ae-4cae-a224-ae5e67ddf80c","geometry":{"type":"Polygon","coordinates":[[[139.08784442966743,35.99878457142773],[139.08784206261,35.99877680553439],[139.08782339251448,35.99878065522353],[139.08780865006386,35.99873252429287],[139.08783665434214,35.99872683988602],[139.08783439310687,35.998719615430325],[139.08790484784063,35.9987053620801],[139.08792421950213,35.99876839322107],[139.08784442966743,35.99878457142773]]]},"properties":{"layer":"building","height_m":8.7}},{"type":"Feature","id":"bldg_b531177e-a4a7-4a4d-806f-47c3bfa12341","geometry":{"type":"Polygon","coordinates":[[[139.09237281330064,35.9998363529752],[139.0923298636079,35.99975125726616],[139.09237002989903,35.99973787772158],[139.0923651839917,35.99972826696402],[139.0924104573417,35.9997131794428],[139.0924172744031,35.99972668697879],[139.0924587536298,35.99971286486367],[139.0924997322865,35.99979406374964],[139.09237281330064,35.9998363529752]]]},"properties":{"layer":"building","height_m":9.3}},{"type":"Feature","id":"bldg_b798fd5c-b390-414e-93f5-ccf3442fbd54","geometry":{"type":"Polygon","coordinates":[[[139.08810962222543,35.992371661497],[139.08810112389529,35.99234366836474],[139.08814668205025,35.99233448770825],[139.08815518039563,35.992362480837485],[139.08810962222543,35.992371661497]]]},"properties":{"layer":"building","height_m":3.0}},{"type":"Feature","id":"bldg_a19d49bb-ce94-4d6a-8a5b-5cb81db6c8b6","geometry":{"type":"Polygon","coordinates":[[[139.0924454137622,35.99214660377852],[139.09251429542275,35.99214567721609],[139.09251573340802,35.99221724944141],[139.09250397629157,35.992217357096614],[139.09250465331297,35.9922517008673],[139.09249345069315,35.99225181194571],[139.09249375776963,35.99226641492741],[139.09244007188187,35.9922671649371],[139.09243952145184,35.9922430066558],[139.09243708164465,35.99224299158751],[139.09243651941625,35.992220095055416],[139.09244683482925,35.99221997850295],[139.0924454137622,35.99214660377852]]]},"properties":{"layer":"building","height_m":7.4}},{"type":"Feature","id":"bldg_538d0ff7-25dd-4f06-a00e-c481d8ffbd42","geometry":{"type":"Polygon","coordinates":[[[139.08789494781666,35.99850568056083],[139.08789132627908,35.99849449995704],[139.08782762135925,35.99850811927515],[139.08781908497434,35.998481757265104],[139.08783591145107,35.9984781574954],[139.0878258875298,35.99844721664816],[139.0878180733739,35.99842307632527],[139.08782979851858,35.99842057147706],[139.0878675969104,35.998412487380804],[139.0878653336451,35.99840547922483],[139.0879058215329,35.99839682598523],[139.08790811731092,35.99840391545956],[139.0879369912194,35.99839774071716],[139.08794894430244,35.99843466015157],[139.0879305063533,35.998438601430635],[139.08793772793246,35.998460890398356],[139.0879637900124,35.99845532007425],[139.08795289304012,35.99842167892424],[139.08799471463203,35.99841273651297],[139.0880215201091,35.998495543295824],[139.08797358584584,35.99850579067163],[139.0879707834589,35.9984971388011],[139.08795497400402,35.99849284951824],[139.08789494781666,35.99850568056083]]]},"properties":{"layer":"building","height_m":5.6}},{"type":"Feature","id":"bldg_6e438df7-4b4d-4f83-934f-a64c52c2d2f8","geometry":{"type":"Polygon","coordinates":[[[139.08785958213767,35.999967622128935],[139.08780562322434,35.99989076639578],[139.08793718153117,35.99983074622111],[139.0879419962997,35.999837716151504],[139.08795692366002,35.99983086889848],[139.08799051870298,35.99987938733843],[139.08797982460965,35.99988427803964],[139.08799470579754,35.99990591157977],[139.08785958213767,35.999967622128935]]]},"properties":{"layer":"building","height_m":8.9}},{"type":"Feature","id":"bldg_df92ac24-7028-4862-83c0-f1e76406f800","geometry":{"type":"Polygon","coordinates":[[[139.0878824944621,35.99191094720226],[139.08788137801866,35.991899944388564],[139.0878992455949,35.991898703464074],[139.08790047294056,35.99190970696673],[139.0878824944621,35.99191094720226]]]},"properties":{"layer":"building","height_m":5.7}},{"type":"Feature","id":"bldg_cee4c4af-50a2-4aac-aefd-740f05cda61d","geometry":{"type":"Polygon","coordinates":[[[139.08784860699402,35.996207599018526],[139.08784199525962,35.99619124438694],[139.08788191219335,35.99618067684025],[139.08788852393522,35.99619703146973],[139.08784860699402,35.996207599018526]]]},"properties":{"layer":"building","height_m":null}},{"type":"Feature","id":"bldg_6e7aee73-0d8c-4721-8c1b-71fae009f318","geometry":{"type":"Polygon","coordinates":[[[139.09251360997007,35.99211223469436],[139.09251429542275,35.99214567721609],[139.0924454137622,35.99214660377852],[139.0924447283386,35.99211316125675],[139.09251360997007,35.99211223469436]]]},"properties":{"layer":"building","height_m":6.3}},{"type":"Feature","id":"bldg_d71c5f2a-e69e-4782-a03c-111b48b4afa9","geometry":{"type":"Polygon","coordinates":[[[139.08783279554095,35.99993816340036],[139.08781566265455,35.99994364497991],[139.08780739544756,35.9999263787657],[139.0878244174198,35.99992089649795],[139.08783279554095,35.99993816340036]]]},"properties":{"layer":"building","height_m":3.9}},{"type":"Feature","id":"bldg_d85bbe6d-8f5c-4874-94e2-52f0ddef267d","geometry":{"type":"Polygon","coordinates":[[[139.0881698442418,35.997111706743446],[139.08812560488994,35.99712188700959],[139.0881235790514,35.997113221938996],[139.08811979718985,35.99711437013551],[139.08811418772933,35.997097571096845],[139.0881071870213,35.99709896968632],[139.08810654532007,35.99709644205817],[139.088087655516,35.997100110166755],[139.08809476340392,35.99712268683935],[139.08805541751457,35.99713145539948],[139.0880557366686,35.997132899463246],[139.0880310661186,35.99713797372842],[139.08796697436762,35.99714803058924],[139.08796633436657,35.997145322710836],[139.08786230651768,35.997167929828116],[139.0878528984819,35.99714227442596],[139.08784481051532,35.9971059918803],[139.0878434316953,35.997087506650075],[139.08785109869677,35.997086022086705],[139.08783719713108,35.997042853526686],[139.08784208382147,35.9970421628555],[139.08783645830928,35.99702707617529],[139.08784345986362,35.99702558747682],[139.08783923627692,35.99701474562184],[139.08789115107768,35.99700217964692],[139.08789189943755,35.9970051585893],[139.08793403152205,35.99699496531463],[139.08795119419173,35.99704518427222],[139.0880202174927,35.99702966012645],[139.0880268004998,35.99704907899001],[139.08803880643245,35.99704617929193],[139.08803438050725,35.99703326319526],[139.08813431983847,35.99700900818718],[139.0881698442418,35.997111706743446]]]},"properties":{"layer":"building","height_m":7.7}},{"type":"Feature","id":"bldg_527f0d1b-ae85-4b11-ad77-a5f68506b5a2","geometry":{"type":"Polygon","coordinates":[[[139.092540297755,35.991891220084646],[139.0925404423621,35.99188761577114],[139.09252258833195,35.991887415388504],[139.09252241928567,35.99189363332578],[139.09250689499362,35.991893357197426],[139.09250692280338,35.991890383073816],[139.09246034824426,35.99188973492667],[139.09246192230066,35.991816288565516],[139.0925076096188,35.991816931232755],[139.09250780563286,35.99180782929674],[139.0925492787574,35.991808445923624],[139.09254923072524,35.99181358304634],[139.09257861746806,35.99181394476801],[139.0925784450559,35.99182052320534],[139.0926164811387,35.9918210284557],[139.09261585353156,35.99185257013776],[139.09266508966604,35.99185323465726],[139.09266427534925,35.99189288690142],[139.092540297755,35.991891220084646]]]},"properties":{"layer":"building","height_m":7.0}},{"type":"Feature","id":"bldg_22dd111c-f012-48b1-a7d4-bded71ca1c75","geometry":{"type":"Polygon","coordinates":[[[139.08788751641478,35.99292133710709],[139.08788067889205,35.99290543171786],[139.08795340665347,35.992884793182746],[139.0879602450371,35.99290060844319],[139.08788751641478,35.99292133710709]]]},"properties":{"layer":"building","height_m":7.6}},{"type":"Feature","id":"bldg_917c3720-5866-47a2-b6b7-ed255fa5924b","geometry":{"type":"Polygon","coordinates":[[[139.088164111171,35.991919997371475],[139.08816555413253,35.99195524721686],[139.0881068686326,35.99195695566368],[139.08810531479745,35.991921705128995],[139.088164111171,35.991919997371475]]]},"properties":{"layer":"building","height_m":4.2}},{"type":"Feature","id":"bldg_4c14d7c4-bd7b-4e7f-a3a8-46f1ff8596d4","geometry":{"type":"Polygon","coordinates":[[[139.0924843564448,35.99202170756759],[139.09248601399463,35.99191323714256],[139.09257823486973,35.9919141761596],[139.09257811787424,35.99192194465715],[139.0926488472069,35.99192266078129],[139.09264730695284,35.99202335370098],[139.0924843564448,35.99202170756759]]]},"properties":{"layer":"building","height_m":8.4}},{"type":"Feature","id":"bldg_09d4b85e-569d-4acd-9b50-70d37ba9ebf6","geometry":{"type":"Polygon","coordinates":[[[139.08783876267876,35.999940543866],[139.08785572485135,35.9999649843865],[139.08783233089406,35.999975744727934],[139.0878153687265,35.999951304204224],[139.08783876267876,35.999940543866]]]},"properties":{"layer":"building","height_m":4.7}},{"type":"Feature","id":"bldg_3eab22cd-0db2-4ece-b91e-352149907b06","geometry":{"type":"Polygon","coordinates":[[[139.0879216442941,35.997665419877706],[139.08792664047047,35.99768138591643],[139.08792958537978,35.99768078231876],[139.0879503987402,35.9977473465083],[139.0878671509519,35.99776453974699],[139.08784134149636,35.997682009502114],[139.0879216442941,35.997665419877706]]]},"properties":{"layer":"building","height_m":8.4}},{"type":"Feature","id":"bldg_55b2cb76-05a1-4d0f-b41c-f5e27045e869","geometry":{"type":"Polygon","coordinates":[[[139.0879017837641,35.991723235865244],[139.08789860468943,35.99168391937205],[139.08792612385867,35.99168237789557],[139.08794853147847,35.991681886214394],[139.08795260031744,35.99172093784446],[139.0879017837641,35.991723235865244]]]},"properties":{"layer":"building","height_m":4.5}},{"type":"Feature","id":"bldg_56b638a4-94bb-4937-8ce3-8c53d704109f","geometry":{"type":"Polygon","coordinates":[[[139.08796291344765,35.99289990398212],[139.0880150132486,35.99302064152329],[139.08793961611374,35.99304207467941],[139.08788751641478,35.99292133710709],[139.0879602450371,35.99290060844319],[139.08796291344765,35.99289990398212]]]},"properties":{"layer":"building","height_m":8.0}},{"type":"Feature","id":"bldg_82d97c66-c316-4e61-aaaf-1ae1b49baf6d","geometry":{"type":"Polygon","coordinates":[[[139.08795070548013,35.99742715240359],[139.0878979124782,35.99743872151399],[139.08787050496102,35.9974281862384],[139.087846432489,35.99735791545903],[139.08787444221406,35.99735160016284],[139.08787778704524,35.99736153525464],[139.08790112848223,35.99735627250217],[139.08789551311511,35.99734010432774],[139.08790673935275,35.9973375603183],[139.08790123489308,35.99732139283329],[139.08791179398776,35.997319024937696],[139.08791751517543,35.997335734549296],[139.0879194039927,35.99733538576631],[139.08795070548013,35.99742715240359]]]},"properties":{"layer":"building","height_m":7.9}},{"type":"Feature","id":"bldg_b072eaa3-d8d0-425d-ab39-e3f9e8609566","geometry":{"type":"Polygon","coordinates":[[[139.08784122007654,35.997923539241405],[139.08785321512218,35.997921811186],[139.08785640411085,35.99793652220138],[139.08784440906305,35.99793825025706],[139.08784122007654,35.997923539241405]]]},"properties":{"layer":"building","height_m":3.2}},{"type":"Feature","id":"bldg_a18c7651-e9c8-4ae5-a6b8-93e242e7e555","geometry":{"type":"Polygon","coordinates":[[[139.08786785386488,35.99699686140453],[139.08785143927676,35.996949657427926],[139.08786912373327,35.9969456033195],[139.0878529037824,35.99689893231966],[139.08802809242178,35.99685872332032],[139.08802484206555,35.996849356638265],[139.08811642113128,35.99682833944658],[139.08815230633988,35.99693158103233],[139.08786785386488,35.99699686140453]]]},"properties":{"layer":"building","height_m":11.2}},{"type":"Feature","id":"bldg_f1469db5-6ecc-4b18-8e1e-c96e01b2d745","geometry":{"type":"Polygon","coordinates":[[[139.08792343332777,35.99334751520999],[139.08788647722764,35.99326752042022],[139.0878963763064,35.993264517509225],[139.08803830224863,35.993221235590774],[139.08807525848215,35.993301230335945],[139.08792343332777,35.99334751520999]]]},"properties":{"layer":"building","height_m":7.6}},{"type":"Feature","id":"bldg_bc1dd5ba-412e-4813-8064-b834eb17f886","geometry":{"type":"Polygon","coordinates":[[[139.09258580264012,35.99217234665484],[139.092599794607,35.9921704501879],[139.09260371169677,35.99219039313951],[139.0925898306267,35.992192290291676],[139.09258580264012,35.99217234665484]]]},"properties":{"layer":"building","height_m":null}},{"type":"Feature","id":"bldg_ce986995-974e-44fb-8c78-8493b626f585","geometry":{"type":"Polygon","coordinates":[[[139.08784641132814,35.9978904937777],[139.08784434953608,35.99788093619266],[139.0879133201559,35.997871089980144],[139.08791538195604,35.997880647564095],[139.08784641132814,35.9978904937777]]]},"properties":{"layer":"building","height_m":3.6}},{"type":"Feature","id":"bldg_a44f3a80-3351-4b1e-a81e-d26ad92fb7ae","geometry":{"type":"Polygon","coordinates":[[[139.09267166037424,35.992111317878084],[139.09280499297574,35.99209699914069],[139.09281873495956,35.992181175408],[139.09278409701574,35.99218492731551],[139.09278451450194,35.99218772392766],[139.09272989344478,35.99219360571351],[139.09272958264836,35.99219126041065],[139.09268695229449,35.99219577411941],[139.0926875797825,35.9921998338506],[139.09268635819447,35.99220000656891],[139.09268982159594,35.99222102827861],[139.09265784860676,35.99222443608206],[139.09265521427918,35.99220963847129],[139.09261231829535,35.99221883728156],[139.09259941485482,35.99213989371926],[139.0926750179234,35.992131798154],[139.09267166037424,35.992111317878084]]]},"properties":{"layer":"building","height_m":7.9}},{"type":"Feature","id":"bldg_20c484ce-1cf4-45a3-ad16-1391a2793710","geometry":{"type":"Polygon","coordinates":[[[139.08796624580523,35.997920891236724],[139.08794158942118,35.99792443335872],[139.08794552425223,35.99794239368797],[139.08791320416935,35.99794705987315],[139.08791086511718,35.9979363198628],[139.08789131813606,35.997939082554545],[139.0878950396215,35.99795614025912],[139.0878733819862,35.997959250351826],[139.0878698729917,35.99794318539762],[139.08785821151594,35.997944825397624],[139.08785640411085,35.99793652220138],[139.08785321512218,35.997921811186],[139.08784641132814,35.9978904937777],[139.08791538195604,35.997880647564095],[139.08791336460393,35.99787108124334],[139.08790836735025,35.99784815715839],[139.0879492391863,35.997842282293014],[139.08796624580523,35.997920891236724]]]},"properties":{"layer":"building","height_m":4.2}},{"type":"Feature","id":"bldg_d0dd7b8f-e23c-4037-9d91-4844b01ece95","geometry":{"type":"Polygon","coordinates":[[[139.087844474153,35.99856771884761],[139.0878412682424,35.998555982019276],[139.08788305628508,35.99854825619456],[139.0878863739588,35.99855990358634],[139.087844474153,35.99856771884761]]]},"properties":{"layer":"building","height_m":5.3}},{"type":"Feature","id":"bldg_5dc20800-e70d-4a92-ab86-c98fdf5085bb","geometry":{"type":"Polygon","coordinates":[[[139.08810777389928,35.99791842674107],[139.08808719818867,35.997851341301875],[139.08811466858972,35.99784577969268],[139.08811264524553,35.997839205655396],[139.08817674291308,35.99782621953116],[139.08819933087062,35.99789988793557],[139.08810777389928,35.99791842674107]]]},"properties":{"layer":"building","height_m":6.9}},{"type":"Feature","id":"bldg_3d2cd5f8-53ea-47ee-80c2-9705eb811772","geometry":{"type":"Polygon","coordinates":[[[139.09266115066706,35.99202544907744],[139.09266228968406,35.991939201545236],[139.09267193713342,35.99193935123959],[139.09267203486732,35.99192889674418],[139.09272060817815,35.99192928675836],[139.09272056184187,35.991934243631235],[139.09276381111883,35.99193469088931],[139.092764071971,35.9919186493306],[139.09285400924844,35.99191947489518],[139.09285311471632,35.99197958619256],[139.09281152891327,35.99197914923501],[139.09281142361624,35.99199041485532],[139.0928143070158,35.9919904326542],[139.0928137752221,35.99202359727119],[139.09278205865647,35.99202331135458],[139.09278191237516,35.99202709591835],[139.09273600060433,35.992026722359775],[139.09273597954277,35.992028975483784],[139.092666336007,35.99202836525751],[139.09266636212584,35.99202557138378],[139.09266115066706,35.99202544907744]]]},"properties":{"layer":"building","height_m":9.5}},{"type":"Feature","id":"bldg_776be24c-0eb1-4cc7-9ec2-f2ba6a7b2756","geometry":{"type":"Polygon","coordinates":[[[139.08808752826937,35.99875228322162],[139.0880751569806,35.99871146758668],[139.08809549238313,35.998707447944085],[139.08808505980127,35.99867277319668],[139.0881519560296,35.99865948902292],[139.08815346127705,35.99866454565571],[139.0881615301929,35.99869109401099],[139.0881731094894,35.99868876848352],[139.0881771989194,35.99868794666479],[139.08817967352516,35.99869607374001],[139.0881836738889,35.99869528741978],[139.0881944290707,35.99873104572308],[139.08808752826937,35.99875228322162]]]},"properties":{"layer":"building","height_m":9.3}},{"type":"Feature","id":"bldg_faad60ab-6d3e-4770-806a-38bff0ec20f9","geometry":{"type":"Polygon","coordinates":[[[139.08783495389147,35.99948023521366],[139.08790523459854,35.99945861716455],[139.08792988162247,35.99951151441424],[139.08785960087468,35.999533132477126],[139.08783495389147,35.99948023521366]]]},"properties":{"layer":"building","height_m":3.6}},{"type":"Feature","id":"bldg_6e7be175-790c-40e0-92bb-d888e0179724","geometry":{"type":"Polygon","coordinates":[[[139.0879807963684,35.99511324987436],[139.0879058737231,35.99514297790661],[139.08787868090585,35.99509792414506],[139.08793268587954,35.99506346951911],[139.08794738119713,35.99505761224594],[139.0879807963684,35.99511324987436]]]},"properties":{"layer":"building","height_m":4.2}},{"type":"Feature","id":"bldg_173f1421-5030-4435-9a67-601234d6c043","geometry":{"type":"Polygon","coordinates":[[[139.08786262658228,35.99916097738105],[139.08784419305837,35.999139682265984],[139.08789861224224,35.999108655208985],[139.087917046622,35.99912986019115],[139.08786262658228,35.99916097738105]]]},"properties":{"layer":"building","height_m":3.1}},{"type":"Feature","id":"bldg_902b25f5-4e3e-4957-8091-1eb76ef33593","geometry":{"type":"Polygon","coordinates":[[[139.09271787889548,35.99168736054714],[139.09276667529957,35.991663867424954],[139.0927950360507,35.99170279847102],[139.09274635053023,35.991726292289044],[139.09271787889548,35.99168736054714]]]},"properties":{"layer":"building","height_m":3.2}},{"type":"Feature","id":"bldg_fdcd015f-0fbf-4313-b55f-f041e9959a7b","geometry":{"type":"Polygon","coordinates":[[[139.08808226772766,35.99493767599053],[139.08812027335273,35.99491799334554],[139.0881591805349,35.994967536197215],[139.08812117404747,35.99498730897905],[139.08808226772766,35.99493767599053]]]},"properties":{"layer":"building","height_m":null}},{"type":"Feature","id":"bldg_38a397d4-5ba5-44b5-947a-85cc71fe5ee7","geometry":{"type":"Polygon","coordinates":[[[139.0879316722034,35.99198618697311],[139.08791546543088,35.99192996223708],[139.0879963277639,35.99191457472174],[139.08801252350113,35.99197079937874],[139.0879316722034,35.99198618697311]]]},"properties":{"layer":"building","height_m":4.6}},{"type":"Feature","id":"bldg_813235d6-7828-4a7e-902b-62d561c0394d","geometry":{"type":"Polygon","coordinates":[[[139.08788529042837,35.99925133838095],[139.08786535525616,35.999259957105174],[139.08784982784758,35.999236291605946],[139.08786976343958,35.99922762782185],[139.08788529042837,35.99925133838095]]]},"properties":{"layer":"building","height_m":null}},{"type":"Feature","id":"bldg_94788462-dba1-42f6-be53-61e09ed2ae74","geometry":{"type":"Polygon","coordinates":[[[139.09274844414378,35.99172774729642],[139.09279757494764,35.991704075965956],[139.09282571645588,35.9917427352608],[139.0927766965357,35.99176640728706],[139.09274844414378,35.99172774729642]]]},"properties":{"layer":"building","height_m":3.6}},{"type":"Feature","id":"bldg_53c02f98-3d59-4b19-a4fc-3b33f36f1de7","geometry":{"type":"Polygon","coordinates":[[[139.08796696147158,35.99421429650453],[139.08792998819698,35.99423038031575],[139.08792025690403,35.99421553851151],[139.08790221401833,35.99418820710518],[139.08793907637568,35.994172122613136],[139.08796696147158,35.99421429650453]]]},"properties":{"layer":"building","height_m":7.9}},{"type":"Feature","id":"bldg_d14b12d0-611c-4027-9570-4fef67bf15c7","geometry":{"type":"Polygon","coordinates":[[[139.08798508527292,35.992606217549366],[139.08798076964442,35.99259339225815],[139.0880036635179,35.99258839708323],[139.0880054971102,35.992593906412836],[139.08804328389326,35.99258557881433],[139.08805708919272,35.99262712443805],[139.08804630892857,35.992629490977734],[139.08805526019717,35.992656495495204],[139.08801502847655,35.99266534868776],[139.0880136249195,35.99266128411208],[139.08796516957372,35.99267188879717],[139.0879666789418,35.99267649481158],[139.0879370056751,35.99268298006719],[139.0879361430588,35.99268036093376],[139.08793236479923,35.992681148628265],[139.0879263230959,35.99266317519319],[139.08793143555607,35.9926620352686],[139.08791784872668,35.992620851509],[139.08798508527292,35.992606217549366]]]},"properties":{"layer":"building","height_m":7.5}},{"type":"Feature","id":"bldg_24df725b-d329-43a9-b675-e7cd7e390ddd","geometry":{"type":"Polygon","coordinates":[[[139.0928066419042,35.992074837299846],[139.09280499297574,35.99209699914069],[139.0927504837252,35.992102791496386],[139.09274561652123,35.99207770526445],[139.0928066419042,35.992074837299846]]]},"properties":{"layer":"building","height_m":3.6}},{"type":"Feature","id":"bldg_f4b8fa1f-0bec-40d8-8875-b4cf50e13ecb","geometry":{"type":"Polygon","coordinates":[[[139.0927886833564,35.99168238983797],[139.09279927104132,35.991676867125534],[139.0928490267447,35.99169312729515],[139.09291193993428,35.99171370477119],[139.0929099746268,35.991722255007105],[139.09293857579755,35.99175920463959],[139.09299170316316,35.99173510724466],[139.09301889468216,35.9917686232123],[139.09295605923063,35.9917990599462],[139.09297696369336,35.99180513755077],[139.0929558882901,35.99185295673035],[139.0928447296588,35.9918206349561],[139.09284348449154,35.99182333117512],[139.09278796023756,35.99180721565389],[139.09278898192218,35.99180469831621],[139.0927865480251,35.99180405238043],[139.09280660520264,35.9917583900693],[139.09281910401188,35.99176198229917],[139.09282012485255,35.99175955508615],[139.09285131600888,35.99176858037511],[139.0927886833564,35.99168238983797]]]},"properties":{"layer":"building","height_m":7.0}},{"type":"Feature","id":"bldg_531ed3cf-d68c-46c0-b1e2-6deaf273ae50","geometry":{"type":"Polygon","coordinates":[[[139.0928767302567,35.99188545580689],[139.0928636168363,35.991900156212665],[139.09279156141375,35.99189655687702],[139.0928043887727,35.99186500037267],[139.0928767302567,35.99188545580689]]]},"properties":{"layer":"building","height_m":3.9}},{"type":"Feature","id":"bldg_48799101-1f3a-4958-a00c-789c7252b494","geometry":{"type":"Polygon","coordinates":[[[139.08819130557794,35.995160343746875],[139.0882150469964,35.99520681808148],[139.0881044519666,35.995243985712555],[139.08808071060267,35.995197511356956],[139.08819130557794,35.995160343746875]]]},"properties":{"layer":"building","height_m":null}},{"type":"Feature","id":"bldg_3b180bcc-ba70-4894-a367-eac8b162ce0f","geometry":{"type":"Polygon","coordinates":[[[139.0879471921424,35.993651401306295],[139.08793306431812,35.993655910156875],[139.08791489641933,35.99361830314163],[139.087922127106,35.99361600468884],[139.08791462241018,35.99360027541753],[139.08792151954086,35.9935980650222],[139.0879471921424,35.993651401306295]]]},"properties":{"layer":"building","height_m":6.7}},{"type":"Feature","id":"bldg_ed7136e7-ca5c-4772-8d8e-83be50e471eb","geometry":{"type":"Polygon","coordinates":[[[139.08829826654912,35.99211307819395],[139.08814147987889,35.99213292442462],[139.08813809807307,35.992115147781625],[139.0881219221318,35.99203086575522],[139.0881170580963,35.9920055991028],[139.0881680255661,35.99199906581309],[139.08816516943827,35.991984356860286],[139.08819925892323,35.991979971969656],[139.08820126854408,35.99199034941739],[139.08827288879766,35.99198124045831],[139.08829826654912,35.99211307819395]]]},"properties":{"layer":"building","height_m":8.5}},{"type":"Feature","id":"bldg_7a796c73-e935-4fbf-8d17-316f07e403c9","geometry":{"type":"Polygon","coordinates":[[[139.08791937464898,35.99341346523141],[139.0880144882505,35.99338296131959],[139.08805082575188,35.9934579950702],[139.08804882273466,35.993458703666974],[139.08802523945957,35.99346621820832],[139.0879517068835,35.993489826075006],[139.08791937464898,35.99341346523141]]]},"properties":{"layer":"building","height_m":7.6}},{"type":"Feature","id":"bldg_8d0f3569-2a48-40e1-98ed-1d8e5dca0e98","geometry":{"type":"Polygon","coordinates":[[[139.0875995099659,35.9928955724777],[139.0874501497586,35.99293925830833],[139.0874182210996,35.992867226081536],[139.08747393950586,35.99285089844933],[139.08746970345516,35.992841408449685],[139.08751585719585,35.99282790549302],[139.08751672489026,35.992829983880235],[139.08756432457153,35.99281603924374],[139.08757724692381,35.992845321735096],[139.08758962835356,35.99287315878048],[139.0875995099659,35.9928955724777]]]},"properties":{"layer":"building","height_m":7.7}},{"type":"Feature","id":"bldg_9ad9ec0b-6171-42e7-925c-46743e8bde3b","geometry":{"type":"Polygon","coordinates":[[[139.0929010176084,35.99201611419099],[139.09290139775612,35.99199917206671],[139.0929300082709,35.99199952891169],[139.09292973902936,35.99201647172059],[139.0929010176084,35.99201611419099]]]},"properties":{"layer":"building","height_m":3.6}},{"type":"Feature","id":"bldg_979381d6-d553-4282-97ab-7f38718c0478","geometry":{"type":"Polygon","coordinates":[[[139.08811361464006,35.999410214227744],[139.08801461514204,35.99945214051576],[139.08797165584312,35.99938508723874],[139.08796653361853,35.999387218530934],[139.08795308842878,35.999366224819376],[139.08793415736346,35.999374218884014],[139.08790606396482,35.99933042137579],[139.08790305751657,35.999331664513115],[139.08786698392169,35.9992754695907],[139.0879186556858,35.999253528584006],[139.08792608900325,35.99926511141883],[139.08800159131997,35.999233133767056],[139.0880489250626,35.999306793705394],[139.08804280126202,35.99930927929809],[139.08804914161402,35.99931914286409],[139.08805333923834,35.99932097154475],[139.08805608231097,35.99932414313845],[139.0880568222173,35.99932802332653],[139.08805624731434,35.999330182875205],[139.08806750654637,35.99934773805332],[139.08807192344898,35.99934983848577],[139.08807477573754,35.99935319101762],[139.08807562401125,35.99935734226892],[139.0880750491085,35.99935950181766],[139.08807800128392,35.999364026660324],[139.08808267816735,35.99936207285658],[139.08811361464006,35.999410214227744]]]},"properties":{"layer":"building","height_m":9.2}},{"type":"Feature","id":"bldg_1ff3164f-ba7b-4a52-8280-0f3822b2321a","geometry":{"type":"Polygon","coordinates":[[[139.08798161006968,35.99322434435845],[139.08796131431575,35.99317361019555],[139.08795039597433,35.99317649862271],[139.0879252995044,35.99311381041001],[139.08804327723402,35.99308262835641],[139.0880907717533,35.9932013093234],[139.08804872178783,35.993212422508265],[139.08804661964126,35.993207163875645],[139.08798161006968,35.99322434435845]]]},"properties":{"layer":"building","height_m":7.2}},{"type":"Feature","id":"bldg_165a3480-8f0b-4727-b4b9-db0029208f00","geometry":{"type":"Polygon","coordinates":[[[139.0873943626374,35.99560135441244],[139.08756336910713,35.99555661914804],[139.08761495169136,35.995685285047784],[139.08754701563277,35.99570324924131],[139.08759491574045,35.99582251872526],[139.08753164776135,35.99583943036783],[139.08748374943673,35.995719980610374],[139.08744583406855,35.995730019691436],[139.0873943626374,35.99560135441244]]]},"properties":{"layer":"building","height_m":5.9}},{"type":"Feature","id":"bldg_526bcb6d-d148-4a16-a46d-892d57d6c093","geometry":{"type":"Polygon","coordinates":[[[139.09306803684564,35.99195738864252],[139.09306756242043,35.99198442476426],[139.0930604648217,35.99198438096653],[139.09305982559948,35.992017184401654],[139.0930182397743,35.99201674751552],[139.09301821282574,35.992019631514424],[139.09298838156045,35.99201935728686],[139.09298840177266,35.99201719428768],[139.09292973902936,35.99201647172059],[139.0929300082709,35.99199952891169],[139.09290139775612,35.99199917206671],[139.09290213895858,35.991955463512376],[139.09306803684564,35.99195738864252]]]},"properties":{"layer":"building","height_m":4.5}},{"type":"Feature","id":"bldg_66d270de-744e-4941-96b6-cce13db2b840","geometry":{"type":"Polygon","coordinates":[[[139.08811670019386,35.994578631353],[139.08809346657938,35.994560731390145],[139.08812857596922,35.994530575656654],[139.0881518104308,35.99454838548795],[139.08811670019386,35.994578631353]]]},"properties":{"layer":"building","height_m":6.5}},{"type":"Feature","id":"bldg_c7623175-5fbd-4ae9-8f97-5e4c6b07b1ad","geometry":{"type":"Polygon","coordinates":[[[139.0879123303311,35.99835813755549],[139.0879193121,35.9983823357911],[139.08788542214876,35.99838879481282],[139.08787844038972,35.99836459657537],[139.0879123303311,35.99835813755549]]]},"properties":{"layer":"building","height_m":null}},{"type":"Feature","id":"bldg_ece8e13e-588b-49ba-a0a6-aa30f3df3459","geometry":{"type":"Polygon","coordinates":[[[139.0878717576671,35.99915715853609],[139.0879181472389,35.99913076833083],[139.08793515252265,35.999150612479134],[139.08788887385458,35.999177003380055],[139.0878717576671,35.99915715853609]]]},"properties":{"layer":"building","height_m":3.0}},{"type":"Feature","id":"bldg_59f6ad1d-d4f5-40ea-a07b-7e1598c02fb4","geometry":{"type":"Polygon","coordinates":[[[139.09320145351205,35.991839059768964],[139.09318557560914,35.991876636216915],[139.093174119612,35.99190387497595],[139.0931722706879,35.99190827994647],[139.09297750448587,35.99185408156833],[139.09300665418866,35.991784861234045],[139.09320145351205,35.991839059768964]]]},"properties":{"layer":"building","height_m":8.1}},{"type":"Feature","id":"bldg_90561812-c268-4c02-ad50-7e4fc38c4944","geometry":{"type":"Polygon","coordinates":[[[139.08795889079312,35.99405832128507],[139.0879222231355,35.993971208027766],[139.08799372431005,35.993951373026434],[139.08799665508684,35.99395815099357],[139.08804235815427,35.99394545621073],[139.08805917246255,35.993985488308816],[139.0880616182559,35.99398487259292],[139.08807593862394,35.99401885047769],[139.08803857526766,35.99402925370373],[139.0880412893328,35.99403548954272],[139.08795889079312,35.99405832128507]]]},"properties":{"layer":"building","height_m":7.4}},{"type":"Feature","id":"bldg_88f94bb5-f60b-46a3-81b9-ea713168b159","geometry":{"type":"Polygon","coordinates":[[[139.0879653759573,35.99524921443582],[139.08791212638477,35.995162124338414],[139.08800787293634,35.99512351267783],[139.0880611234376,35.99521051260942],[139.0879653759573,35.99524921443582]]]},"properties":{"layer":"building","height_m":7.7}},{"type":"Feature","id":"bldg_21e8e9a5-83f2-40a6-a84d-6f3e05a70f8f","geometry":{"type":"Polygon","coordinates":[[[139.08800354926933,35.99190380397296],[139.08795376995235,35.9919078299449],[139.0879447074169,35.99183372271814],[139.0879944755977,35.99182969668046],[139.08800354926933,35.99190380397296]]]},"properties":{"layer":"building","height_m":5.6}},{"type":"Feature","id":"bldg_ca2da9bd-fec4-4ec9-91f9-29b3a6efc2ae","geometry":{"type":"Polygon","coordinates":[[[139.0880267453261,35.992763843575446],[139.08802706785482,35.992764927140726],[139.08797171199836,35.99277810272952],[139.087953120351,35.99272661304424],[139.0879397179921,35.992689396158944],[139.08798418092218,35.99267876667871],[139.0879850452358,35.992681205562135],[139.08803662191633,35.99266890778881],[139.08804764299805,35.99269989089123],[139.08806030434724,35.99269798668844],[139.08807056439608,35.99272734271854],[139.08807196880494,35.99273131716871],[139.08810920538144,35.992722535481214],[139.0881109323219,35.992727593496],[139.08811341946173,35.99273436870552],[139.08810608304697,35.99273612573314],[139.08810900192182,35.99274416544643],[139.0880267453261,35.992763843575446]]]},"properties":{"layer":"building","height_m":6.9}},{"type":"Feature","id":"bldg_003d14f4-5e13-46c2-8705-0a6a25cb1203","geometry":{"type":"Polygon","coordinates":[[[139.0879082107289,35.99890195657412],[139.0879100580235,35.998906023904944],[139.08787957890027,35.99891538827975],[139.0878776206975,35.998911320259204],[139.0879082107289,35.99890195657412]]]},"properties":{"layer":"building","height_m":null}},{"type":"Feature","id":"bldg_45bc1488-777e-445a-8968-0de39ab5f7f5","geometry":{"type":"Polygon","coordinates":[[[139.08807009183982,35.9971396582737],[139.0882157699276,35.99711091046165],[139.08821598580735,35.997111542712986],[139.08829443621352,35.99709607696623],[139.0883258344111,35.9972011833602],[139.0882462722912,35.997216912611634],[139.08828293708564,35.997339897477836],[139.08825385676528,35.997345656426596],[139.08813848112302,35.99736838257014],[139.08812590006684,35.997326303808336],[139.08807009183982,35.9971396582737]]]},"properties":{"layer":"building","height_m":10.9}},{"type":"Feature","id":"bldg_2b7a1393-8e51-4e34-9490-fc859a47cbf5","geometry":{"type":"Polygon","coordinates":[[[139.08792305496803,35.99869177545772],[139.0879468026031,35.99877304005427],[139.0879216904408,35.99877784115842],[139.087919329313,35.99876944439318],[139.08792421950213,35.99876839322107],[139.08790484784063,35.9987053620801],[139.0879007365645,35.99870614770177],[139.0878979428302,35.99869657655727],[139.08792305496803,35.99869177545772]]]},"properties":{"layer":"building","height_m":5.4}},{"type":"Feature","id":"bldg_0002570e-fedb-401b-91e4-4fb2a40b4201","geometry":{"type":"Polygon","coordinates":[[[139.08750234516194,35.99233111439596],[139.08750277858212,35.99233219865207],[139.08744196167774,35.992348224210076],[139.087433079127,35.99232572658027],[139.08744175141254,35.992323437118856],[139.0874615417282,35.99231824248974],[139.08744528850286,35.99227758287835],[139.0874858706041,35.992266839321395],[139.08748511381665,35.992264761623346],[139.08751557768562,35.99225674918151],[139.0875186116258,35.99226433897413],[139.08756530849305,35.99225201106348],[139.08758784468546,35.99230857261896],[139.08750234516194,35.99233111439596]]]},"properties":{"layer":"building","height_m":7.4}},{"type":"Feature","id":"bldg_de41b5e8-061c-408d-b150-da888a96d874","geometry":{"type":"Polygon","coordinates":[[[139.0879509853272,35.9935075772231],[139.08804753736453,35.99347744274428],[139.08806624200128,35.993516945807286],[139.08808481859006,35.99351111262667],[139.08809786995005,35.99353850312946],[139.0880901948195,35.993540888962],[139.08809954842513,35.9935605053033],[139.08806172896337,35.99357225765674],[139.0880643405915,35.993577591558115],[139.08801061378668,35.99359438248487],[139.08800474123436,35.99358199817361],[139.08800218285526,35.99358279344917],[139.08800185693215,35.99358207038331],[139.08799718463007,35.993583573565594],[139.08798837538268,35.993565042160036],[139.08797958783398,35.99356778159421],[139.0879509853272,35.9935075772231]]]},"properties":{"layer":"building","height_m":5.4}},{"type":"Feature","id":"bldg_e90b8830-cce4-49d8-b14c-881a9ecfd282","geometry":{"type":"Polygon","coordinates":[[[139.08811949252402,35.99500099830646],[139.08811479995177,35.99499285744718],[139.08814763618787,35.994980353087215],[139.08815232876282,35.99498849394526],[139.08811949252402,35.99500099830646]]]},"properties":{"layer":"building","height_m":3.3}},{"type":"Feature","id":"bldg_5940b2cf-31a7-42f9-a0f0-4e92f3118eca","geometry":{"type":"Polygon","coordinates":[[[139.09314428981148,35.99173131698203],[139.09318332826538,35.99170524885038],[139.09322480106556,35.99174626158316],[139.09318576252042,35.99177233874056],[139.09314428981148,35.99173131698203]]]},"properties":{"layer":"building","height_m":null}},{"type":"Feature","id":"bldg_056645b4-eeab-475d-9b5f-17ab111777bb","geometry":{"type":"Polygon","coordinates":[[[139.0878944797784,35.99979524002578],[139.0879225158107,35.99978622098871],[139.08793448783896,35.99981054035882],[139.08790634004032,35.9998196488341],[139.0878944797784,35.99979524002578]]]},"properties":{"layer":"building","height_m":null}},{"type":"Feature","id":"bldg_d43e0642-88a5-4629-b415-eac8d5b394c5","geometry":{"type":"Polygon","coordinates":[[[139.09316670592196,35.991997023825185],[139.09314419574793,35.991996614546466],[139.09314472463333,35.991975617481394],[139.0931672348014,35.99197602675995],[139.09316670592196,35.991997023825185]]]},"properties":{"layer":"building","height_m":null}},{"type":"Feature","id":"bldg_40be86e0-bfaf-41ff-b183-9e04b858ea6a","geometry":{"type":"Polygon","coordinates":[[[139.08756943790075,35.99361127097434],[139.0875850925978,35.99364249923215],[139.08764181053203,35.993623726201676],[139.08766982141756,35.99367960072183],[139.08761043331222,35.99369925846748],[139.087607221844,35.993692848279395],[139.087471690384,35.99373771967413],[139.0874312365076,35.99365701801443],[139.08756943790075,35.99361127097434]]]},"properties":{"layer":"building","height_m":7.0}},{"type":"Feature","id":"bldg_e7bc27b1-8e42-48a9-a261-3a6fe11054ce","geometry":{"type":"Polygon","coordinates":[[[139.09318557560914,35.991876636216915],[139.0932063717365,35.991882442722726],[139.09319491574556,35.99190968148382],[139.093174119612,35.99190387497595],[139.09318557560914,35.991876636216915]]]},"properties":{"layer":"building","height_m":5.4}},{"type":"Feature","id":"bldg_c676bc43-c819-4f57-8dd9-bcb7db0f2351","geometry":{"type":"Polygon","coordinates":[[[139.087999390418,35.99732173236062],[139.08792936529912,35.99733761078716],[139.08792331901975,35.99732008798551],[139.08795321839023,35.99731333376276],[139.08795559559422,35.99732001815801],[139.08799572133134,35.9973108939568],[139.087999390418,35.99732173236062]]]},"properties":{"layer":"building","height_m":7.5}},{"type":"Feature","id":"bldg_7a71fdc4-3a47-4d75-812d-1a53aa0913f5","geometry":{"type":"Polygon","coordinates":[[[139.0879610787911,35.99369610199374],[139.0879717576284,35.99369274340158],[139.08797848772406,35.993708287596135],[139.0879684203737,35.9937114877541],[139.0879610787911,35.99369610199374]]]},"properties":{"layer":"building","height_m":3.3}},{"type":"Feature","id":"bldg_62b4e416-5902-4fd6-98e3-c4d83627ac35","geometry":{"type":"Polygon","coordinates":[[[139.0879484420111,35.99782091651884],[139.0879268987153,35.997823666811826],[139.08792319843164,35.997804355988485],[139.08794463081432,35.997801605006934],[139.0879484420111,35.99782091651884]]]},"properties":{"layer":"building","height_m":null}},{"type":"Feature","id":"bldg_c5ef597f-60bc-45d9-9428-86f9131963c9","geometry":{"type":"Polygon","coordinates":[[[139.08819853120096,35.993932275952034],[139.0881463686865,35.99394781483254],[139.08810540873756,35.99385715989127],[139.08815757204746,35.993841530902905],[139.08819853120096,35.993932275952034]]]},"properties":{"layer":"building","height_m":6.7}},{"type":"Feature","id":"bldg_1ad92177-2320-4fac-b18c-9fb3aa66e268","geometry":{"type":"Polygon","coordinates":[[[139.08791747880935,35.99855357146601],[139.08801682230646,35.998533909502044],[139.08803897674153,35.998607683390816],[139.08797719253684,35.99861991770588],[139.08797579566638,35.99861513213441],[139.08796157215804,35.99861792791454],[139.0879537217422,35.998591741423745],[139.0879506103506,35.99859235300024],[139.08794856583805,35.998585670673386],[139.08792823045985,35.998589690291425],[139.08791747880935,35.99855357146601]]]},"properties":{"layer":"building","height_m":7.4}},{"type":"Feature","id":"bldg_f144c8b8-5656-4734-8362-0c70b527747c","geometry":{"type":"Polygon","coordinates":[[[139.08792936529912,35.99733761078716],[139.087999390418,35.99732173236062],[139.0880055442297,35.99733961634686],[139.08800776746475,35.99733908938021],[139.08803151922444,35.99740809631484],[139.0879592707973,35.99742450172483],[139.08792936529912,35.99733761078716]]]},"properties":{"layer":"building","height_m":7.6}},{"type":"Feature","id":"bldg_ce3ef90a-a4eb-40f3-9024-90fdc1d46a36","geometry":{"type":"Polygon","coordinates":[[[139.08777326029977,35.99451457796779],[139.0875538735301,35.994574232335495],[139.08753018830544,35.99458075471118],[139.08751034351587,35.99453277225438],[139.08747607868096,35.994449639531986],[139.0874730421194,35.994442320114565],[139.0874580794291,35.994405904654926],[139.0874323800285,35.994343645227374],[139.08760306344695,35.99429720783785],[139.087630606753,35.99436389506679],[139.08755855229805,35.99438354614787],[139.08757156543484,35.994414992320344],[139.0875224172341,35.994428386542744],[139.08752556300612,35.99443588689813],[139.0877190419558,35.99438319182882],[139.08777326029977,35.99451457796779]]]},"properties":{"layer":"building","height_m":18.5}},{"type":"Feature","id":"bldg_e041376a-35d1-498d-b1e9-789020934238","geometry":{"type":"Polygon","coordinates":[[[139.09325437682932,35.99189616827961],[139.09325174699646,35.991904624291294],[139.09324556392895,35.99192540621491],[139.09319619181827,35.991915547817555],[139.09319962405644,35.99190430272254],[139.09320500473558,35.99188630988604],[139.09325437682932,35.99189616827961]]]},"properties":{"layer":"building","height_m":6.0}},{"type":"Feature","id":"bldg_d1434ae4-4eae-4ab5-8f8a-09ef2b923cb3","geometry":{"type":"Polygon","coordinates":[[[139.08749978196101,35.99240311242834],[139.0874985875093,35.99240040109853],[139.08748857847266,35.99240331316388],[139.0874639165528,35.99234872123688],[139.0874725913854,35.99234616139873],[139.08747128688356,35.99234335925425],[139.08752489440928,35.99232737899106],[139.0875259830509,35.99232954888209],[139.08759427096436,35.99230924347837],[139.08760317900865,35.992329037351276],[139.08759239028916,35.992332305099104],[139.0876096671537,35.99237026715022],[139.08749978196101,35.99240311242834]]]},"properties":{"layer":"building","height_m":7.5}},{"type":"Feature","id":"bldg_02ca1c60-bf7a-41fc-928b-9d0110db14a8","geometry":{"type":"Polygon","coordinates":[[[139.08746281561358,35.99849684750179],[139.08745900169347,35.99848961338446],[139.087441545706,35.99849410147412],[139.08743114287185,35.99846807933845],[139.08742125585295,35.99846973032925],[139.08740870274875,35.998436484418],[139.08744037118493,35.9984303722379],[139.08743770200348,35.99841935977656],[139.08748215719544,35.99840990215319],[139.08748020241978,35.998405473627194],[139.08750755982072,35.9983978024135],[139.08750419632523,35.99838985005774],[139.0875366691004,35.99838076856194],[139.08753970750948,35.998387907725316],[139.0875707342229,35.99837926787984],[139.08760350575702,35.998456262405874],[139.08757914033978,35.99846422263252],[139.08757674531589,35.99845943085095],[139.08746281561358,35.99849684750179]]]},"properties":{"layer":"building","height_m":5.6}},{"type":"Feature","id":"bldg_cbb934e2-fcbb-4e56-b2df-d3927fce0ef4","geometry":{"type":"Polygon","coordinates":[[[139.08818372166218,35.99921958311307],[139.08820750001638,35.999250465160024],[139.08814757353986,35.99928093538973],[139.08814458207033,35.999277050227796],[139.08810761419875,35.99929584701463],[139.08808682742142,35.99926884109934],[139.08818372166218,35.99921958311307]]]},"properties":{"layer":"building","height_m":4.3}},{"type":"Feature","id":"bldg_333331b5-d1fa-46bc-a396-71b25c58eb73","geometry":{"type":"Polygon","coordinates":[[[139.0881303603455,35.99899788326222],[139.08810441154995,35.999009078438654],[139.08809872649775,35.99900030050669],[139.08812467529117,35.998989105331425],[139.0881303603455,35.99899788326222]]]},"properties":{"layer":"building","height_m":3.3}},{"type":"Feature","id":"bldg_82d42a09-b312-414e-abec-0e5c4d3f40d6","geometry":{"type":"Polygon","coordinates":[[[139.0881463686865,35.99394781483254],[139.08819853120096,35.993932275952034],[139.08821939303792,35.9939782817561],[139.0881672296492,35.99399391077007],[139.0881463686865,35.99394781483254]]]},"properties":{"layer":"building","height_m":6.8}},{"type":"Feature","id":"bldg_6b3e5197-87c3-47a4-9e5f-3a785aa56413","geometry":{"type":"Polygon","coordinates":[[[139.08829031866068,35.992144484249074],[139.08830662786133,35.99221461664948],[139.08818012183403,35.99223411020136],[139.0881637018419,35.9921639770964],[139.08829031866068,35.992144484249074]]]},"properties":{"layer":"building","height_m":8.0}},{"type":"Feature","id":"bldg_5200368f-9336-4072-bdd4-a4942016ea32","geometry":{"type":"Polygon","coordinates":[[[139.0882569431661,35.997355950423156],[139.0881313769516,35.99738077638455],[139.08811578799813,35.99732831397971],[139.08812590006684,35.997326303808336],[139.08813848112302,35.99736838257014],[139.08825385676528,35.997345656426596],[139.0882569431661,35.997355950423156]]]},"properties":{"layer":"building","height_m":4.5}},{"type":"Feature","id":"bldg_ee0acf81-3be5-4c1c-87b1-443bf5d0783f","geometry":{"type":"Polygon","coordinates":[[[139.09336489706465,35.99203249594919],[139.09335827231106,35.992041197711714],[139.09333652516983,35.992030338076496],[139.09334315076663,35.992021546190195],[139.09336489706465,35.99203249594919]]]},"properties":{"layer":"building","height_m":null}},{"type":"Feature","id":"bldg_64f966f9-bc43-4242-b169-eaac3a1108ad","geometry":{"type":"Polygon","coordinates":[[[139.08823536881428,35.9939895571184],[139.08822524785148,35.9939925586784],[139.08821939303792,35.9939782817561],[139.08819853120096,35.993932275952034],[139.08815757204746,35.993841530902905],[139.0881684701582,35.99383844404578],[139.08823536881428,35.9939895571184]]]},"properties":{"layer":"building","height_m":6.5}},{"type":"Feature","id":"bldg_6bded117-9400-4374-b6b8-d637d6a21640","geometry":{"type":"Polygon","coordinates":[[[139.08814942558263,35.99937645768167],[139.0881734773483,35.999413650534905],[139.08813784107116,35.99942884138836],[139.08813139063716,35.99941888701322],[139.0881259339879,35.999421196494666],[139.08810833266995,35.99939395800891],[139.08814942558263,35.99937645768167]]]},"properties":{"layer":"building","height_m":3.9}},{"type":"Feature","id":"bldg_b262b922-5fb1-4aec-a0ea-98e4049f4465","geometry":{"type":"Polygon","coordinates":[[[139.0881551856499,35.999320675940844],[139.0881295887807,35.999332179749906],[139.0881071610269,35.99929921506215],[139.08813275788853,35.99928771125774],[139.0881551856499,35.999320675940844]]]},"properties":{"layer":"building","height_m":4.0}},{"type":"Feature","id":"bldg_793c45ee-36e6-48b9-9e63-57b59861f652","geometry":{"type":"Polygon","coordinates":[[[139.08821909207984,35.99279568268044],[139.08818290700407,35.99272804059025],[139.08818040036206,35.99272333825381],[139.08822580134452,35.99270730670338],[139.0882198060541,35.9926961834604],[139.08824106016317,35.992688654411936],[139.0882461835058,35.99269814989603],[139.08828101243665,35.99268592825636],[139.08830389988628,35.992728792079745],[139.08831719757816,35.99275357031818],[139.08827992032624,35.9927666780635],[139.08828329892722,35.99277300815553],[139.08821909207984,35.99279568268044]]]},"properties":{"layer":"building","height_m":7.7}},{"type":"Feature","id":"bldg_e49b9912-adc9-4287-a8db-1eaeee2f7561","geometry":{"type":"Polygon","coordinates":[[[139.08814047805788,35.99701463450691],[139.08823973748196,35.996991907397906],[139.08824340828357,35.99700256554547],[139.088245519753,35.997002128010166],[139.08825113432138,35.997018386294464],[139.088255802584,35.99701733372945],[139.08827761832933,35.997079929360495],[139.08827194935722,35.997081246101004],[139.0882747566465,35.99708937524252],[139.08817716495392,35.997111662089004],[139.08817489440503,35.99710542901066],[139.08817222670174,35.99710604334952],[139.08814047805788,35.99701463450691]]]},"properties":{"layer":"building","height_m":5.3}},{"type":"Feature","id":"bldg_80819edf-d16b-467d-bb84-f574609b333c","geometry":{"type":"Polygon","coordinates":[[[139.08830609768165,35.993593072428496],[139.08821600744895,35.993624824528034],[139.08817502819107,35.99354802248421],[139.088265118267,35.993516279426686],[139.08830609768165,35.993593072428496]]]},"properties":{"layer":"building","height_m":7.0}},{"type":"Feature","id":"bldg_dfb4e2e0-8a57-4bd4-ac91-83a5c5d54616","geometry":{"type":"Polygon","coordinates":[[[139.0881413045943,35.99749268945205],[139.0882176735828,35.99747450692691],[139.08822059178723,35.997482636758164],[139.08827973108708,35.997468493151544],[139.08830513317324,35.99753895236316],[139.08822009299743,35.997559244203536],[139.0882232270861,35.99756800628598],[139.08817275884996,35.99758004060737],[139.0881413045943,35.99749268945205]]]},"properties":{"layer":"building","height_m":7.8}},{"type":"Feature","id":"bldg_917de89c-6c5b-419c-8aa5-307ea4ddc6d5","geometry":{"type":"Polygon","coordinates":[[[139.09337580317506,35.99269348768742],[139.09344329073116,35.99268750470623],[139.09345791777199,35.992795751106556],[139.09339042928275,35.992801824219754],[139.09337580317506,35.99269348768742]]]},"properties":{"layer":"building","height_m":5.0}},{"type":"Feature","id":"bldg_20cbeec0-9043-4f2e-baf7-add82f52e1d6","geometry":{"type":"Polygon","coordinates":[[[139.0884106761437,35.99232241850389],[139.0884328914717,35.992441483155],[139.0882233841407,35.99247965003479],[139.08819104812355,35.99236243324247],[139.0884106761437,35.99232241850389]]]},"properties":{"layer":"building","height_m":6.5}},{"type":"Feature","id":"bldg_9edf0cbe-5c46-4f44-97b8-ae5c51485824","geometry":{"type":"Polygon","coordinates":[[[139.08812295549714,35.99977313571885],[139.08812165255048,35.999770153333685],[139.0881217010548,35.99975320919171],[139.08815617750017,35.99974341894063],[139.08818449518296,35.99975161642512],[139.08812295549714,35.99977313571885]]]},"properties":{"layer":"building","height_m":6.7}},{"type":"Feature","id":"bldg_b8c51041-821b-45b8-8c3c-6fbb6b3d8880","geometry":{"type":"Polygon","coordinates":[[[139.088256257365,35.999787122767685],[139.08814533929797,35.9998225758959],[139.08812295549714,35.99977313571885],[139.08818449518296,35.99975161642512],[139.08825375828437,35.99976980228137],[139.088256257365,35.999787122767685]]]},"properties":{"layer":"building","height_m":7.2}},{"type":"Feature","id":"bldg_33cfb9cd-9343-423c-bcbc-d571343c42a3","geometry":{"type":"Polygon","coordinates":[[[139.0881503414467,35.999691738185],[139.0881458878951,35.999705320151],[139.0881241926501,35.99970058874025],[139.08812853444653,35.9996870962108],[139.0881503414467,35.999691738185]]]},"properties":{"layer":"building","height_m":null}},{"type":"Feature","id":"bldg_33ead224-d043-422c-a260-7ed1ae09aca0","geometry":{"type":"Polygon","coordinates":[[[139.08825655207107,35.99398959855938],[139.08827781871034,35.99402794580856],[139.088238420982,35.99404239231646],[139.08823383681226,35.994034522524416],[139.08819722181386,35.99404790474152],[139.0881803167181,35.99401751601982],[139.08825655207107,35.99398959855938]]]},"properties":{"layer":"building","height_m":6.5}},{"type":"Feature","id":"bldg_168a9ff8-b678-43d2-a385-f920238999e0","geometry":{"type":"Polygon","coordinates":[[[139.0934886221896,35.99217999096481],[139.09351952923464,35.99216008254584],[139.09355622236026,35.9921975325845],[139.0935253144679,35.992217531137705],[139.0934886221896,35.99217999096481]]]},"properties":{"layer":"building","height_m":4.3}},{"type":"Feature","id":"bldg_77166ea0-e9dc-4e82-9a43-43a7ec14b60c","geometry":{"type":"Polygon","coordinates":[[[139.0881954819861,35.99938548639993],[139.08818869780976,35.999387427117725],[139.08817827087634,35.99936392853962],[139.08815867352456,35.99937200863084],[139.08813430855002,35.99933274083819],[139.08815980702462,35.99932226389916],[139.0881527470972,35.99930635715714],[139.08816987558308,35.999301326150736],[139.08821047222793,35.99928941078066],[139.08820884164237,35.99928588558087],[139.08824843669188,35.999274324496284],[139.08828140381542,35.999264601442604],[139.0882844732832,35.99926373272678],[139.0883214011114,35.99934706196843],[139.08832205470443,35.99934832784813],[139.08831393537358,35.999350710930756],[139.0881954819861,35.99938548639993]]]},"properties":{"layer":"building","height_m":9.4}},{"type":"Feature","id":"bldg_1e3fa825-e670-4491-a81b-b1659c9b228e","geometry":{"type":"Polygon","coordinates":[[[139.08824440907267,35.99848800508544],[139.0882665484489,35.99856340118095],[139.08820265449583,35.99857589289857],[139.08820179435355,35.99857300339443],[139.08818368225954,35.99857649608618],[139.0881731472247,35.998540919408796],[139.08815336810977,35.99854476226061],[139.08814240217495,35.99850783095305],[139.0881471805882,35.99850686920734],[139.08819993954083,35.99849663370607],[139.08824440907267,35.99848800508544]]]},"properties":{"layer":"building","height_m":7.6}},{"type":"Feature","id":"bldg_f9697306-76db-4bbf-918c-698d60f540fd","geometry":{"type":"Polygon","coordinates":[[[139.0881471805882,35.99850686920734],[139.0881434200217,35.998493957250595],[139.08819609091728,35.998483649099875],[139.08819993954083,35.99849663370607],[139.0881471805882,35.99850686920734]]]},"properties":{"layer":"building","height_m":5.5}},{"type":"Feature","id":"bldg_98f329fc-1907-44df-9d69-62fbcddfe02a","geometry":{"type":"Polygon","coordinates":[[[139.08816549047103,35.99944911214851],[139.08816842152603,35.99945706179858],[139.0881353920613,35.99946514857316],[139.08813236119005,35.99945719830221],[139.08816549047103,35.99944911214851]]]},"properties":{"layer":"building","height_m":5.1}},{"type":"Feature","id":"bldg_dc24be8a-dce4-4bda-8423-744a9199e834","geometry":{"type":"Polygon","coordinates":[[[139.0882193217107,35.9951178862384],[139.0881855931077,35.99513092585489],[139.0881760970313,35.99511464345241],[139.08820982478116,35.99510169396331],[139.0882193217107,35.9951178862384]]]},"properties":{"layer":"building","height_m":null}},{"type":"Feature","id":"bldg_7db10d4f-0459-4982-8705-c39941f1fc23","geometry":{"type":"Polygon","coordinates":[[[139.08827009465065,35.993257195272975],[139.0882879545135,35.99329218655071],[139.08828016596806,35.993294842081625],[139.0882792940108,35.993293214324055],[139.08821499278923,35.993314085654035],[139.0882105297362,35.99330513505135],[139.08820752606593,35.99330610782577],[139.0881950029353,35.99328151464847],[139.08827009465065,35.993257195272975]]]},"properties":{"layer":"building","height_m":3.2}},{"type":"Feature","id":"bldg_48936d5f-497d-43c0-b57d-5e31148b788b","geometry":{"type":"Polygon","coordinates":[[[139.0883105739199,35.993121800851675],[139.08823661824653,35.993149164694834],[139.08819813608346,35.99308046283535],[139.08827209170516,35.99305309901501],[139.0883105739199,35.993121800851675]]]},"properties":{"layer":"building","height_m":7.1}},{"type":"Feature","id":"bldg_9358dd96-c76a-4492-9834-59f97d7b5570","geometry":{"type":"Polygon","coordinates":[[[139.08819086859847,35.99793048859816],[139.08816297383922,35.9979363540306],[139.08815866384182,35.99792289787989],[139.08818655859665,35.997917032448385],[139.08819086859847,35.99793048859816]]]},"properties":{"layer":"building","height_m":null}},{"type":"Feature","id":"bldg_5d74e0b8-822d-468e-aaa6-c913143f7f45","geometry":{"type":"Polygon","coordinates":[[[139.0881731094894,35.99868876848352],[139.0881615301929,35.99869109401099],[139.08815346127705,35.99866454565571],[139.08816501872718,35.998662183941256],[139.0881731094894,35.99868876848352]]]},"properties":{"layer":"building","height_m":4.6}},{"type":"Feature","id":"bldg_138dfb85-49ed-4561-89cb-7365801a68e5","geometry":{"type":"Polygon","coordinates":[[[139.08838209637108,35.99382498950519],[139.0884344102075,35.993911298481564],[139.08842917914387,35.993913248861425],[139.08843648165632,35.99392690385257],[139.0884319193969,35.99392849786506],[139.08844455953462,35.993952460831785],[139.0883615109123,35.99398547351736],[139.08833027415085,35.99393408562959],[139.08825193681267,35.99396144930147],[139.0882351553309,35.99392970940327],[139.0882253628452,35.993933163654106],[139.08819975594284,35.993884604734106],[139.08821032728414,35.993880884932764],[139.0882038967768,35.99386885768629],[139.08822592836898,35.99386124334291],[139.08823399190152,35.993876525415054],[139.08838209637108,35.99382498950519]]]},"properties":{"layer":"building","height_m":10.1}},{"type":"Feature","id":"bldg_12180dbc-e0da-4c1c-9c7b-26ff168e8c51","geometry":{"type":"Polygon","coordinates":[[[139.08823431977385,35.99520955156397],[139.08819043135642,35.99513537228263],[139.0882338459284,35.995118427103534],[139.0882519911333,35.99511132939993],[139.08825013458176,35.9951082534457],[139.0882628242848,35.99510337510763],[139.08831592393594,35.995082614458646],[139.08836155809595,35.995159868959604],[139.08823431977385,35.99520955156397]]]},"properties":{"layer":"building","height_m":7.7}},{"type":"Feature","id":"bldg_183b174b-fa68-48b8-abb0-0f4b598e6408","geometry":{"type":"Polygon","coordinates":[[[139.08826475350978,35.99965035817145],[139.0882956044571,35.9996486570624],[139.08831991690636,35.99970531958883],[139.08831635420125,35.99970673954159],[139.08831938679563,35.99971450955836],[139.0882952479663,35.999721930554266],[139.08829074740032,35.999705138417234],[139.0882384898238,35.999706796688486],[139.08823889022776,35.999711395806585],[139.08823289765996,35.99971171910339],[139.08823377376947,35.999724703268136],[139.08814776998474,35.999705692363214],[139.0881542818253,35.999685543692394],[139.08816493433395,35.99968506908786],[139.08816310175231,35.99965585557735],[139.08826475350978,35.99965035817145]]]},"properties":{"layer":"building","height_m":7.2}},{"type":"Feature","id":"bldg_63a042d8-f9b1-4bcd-8fc4-7f3cc0fc933f","geometry":{"type":"Polygon","coordinates":[[[139.0881707976967,35.99986824970768],[139.0881506904404,35.999823231035975],[139.08824177339645,35.99979636125782],[139.08824289212356,35.999798882834334],[139.0882752142772,35.99978935857074],[139.0882776039566,35.99979472713667],[139.08829577823911,35.99978936912785],[139.08831236598127,35.999826506578884],[139.0881707976967,35.99986824970768]]]},"properties":{"layer":"building","height_m":8.6}},{"type":"Feature","id":"bldg_cea25fd2-3629-4172-8208-58f35b3283c0","geometry":{"type":"Polygon","coordinates":[[[139.08818314466785,35.99938820379201],[139.08817156676267,35.99939272850081],[139.08816011288184,35.99937345965278],[139.0881716796938,35.999368934876145],[139.08818314466785,35.99938820379201]]]},"properties":{"layer":"building","height_m":4.5}},{"type":"Feature","id":"bldg_a7dcdb9a-ee75-495d-924c-ec87db62fbcf","geometry":{"type":"Polygon","coordinates":[[[139.08816310175231,35.99965585557735],[139.08816161191362,35.999637369668214],[139.08826315273683,35.99963187157438],[139.08826475350978,35.99965035817145],[139.08816310175231,35.99965585557735]]]},"properties":{"layer":"building","height_m":3.1}},{"type":"Feature","id":"bldg_8c13c642-62cb-4b88-a382-ba74bfa076d6","geometry":{"type":"Polygon","coordinates":[[[139.08820129851247,35.99803618579848],[139.088177294935,35.99797033188999],[139.08818352020936,35.99796883835009],[139.08818103375495,35.99796197302112],[139.08821127031152,35.99795477018032],[139.0882121346868,35.99795720906073],[139.08826038075588,35.99794561157265],[139.0882620036876,35.99794994789525],[139.08826556122767,35.99794906869145],[139.08828945396436,35.99801492189446],[139.08820129851247,35.99803618579848]]]},"properties":{"layer":"building","height_m":7.9}},{"type":"Feature","id":"bldg_0a4a1a99-788d-40de-af1d-f18ca284efff","geometry":{"type":"Polygon","coordinates":[[[139.08820283909017,35.99927548334138],[139.08824365838487,35.99926347921295],[139.08824843669188,35.999274324496284],[139.08820884164237,35.99928588558087],[139.08821047222793,35.99928941078066],[139.08817009825117,35.99930123740394],[139.0881668387791,35.999294006753786],[139.08820587844036,35.99928253236319],[139.08820283909017,35.99927548334138]]]},"properties":{"layer":"building","height_m":3.2}},{"type":"Feature","id":"bldg_956f66fa-43ef-4612-9b23-258130b09fc5","geometry":{"type":"Polygon","coordinates":[[[139.08825957845616,35.992653618680244],[139.08826551102902,35.99267141116094],[139.08823483713707,35.99267816066606],[139.08822890457066,35.99266036818394],[139.08825957845616,35.992653618680244]]]},"properties":{"layer":"building","height_m":null}},{"type":"Feature","id":"bldg_cf14f19e-d8bb-42e5-96d4-ddfd4e4004a0","geometry":{"type":"Polygon","coordinates":[[[139.08823147216975,35.99281189286709],[139.08830332017715,35.992790437483116],[139.08830418873941,35.992792425740035],[139.0883146216604,35.99281520332413],[139.08833233240838,35.99285424952671],[139.08832766100306,35.99285566259778],[139.08832994161818,35.99286081417803],[139.08827266313054,35.992877943690566],[139.08826570869962,35.99286266850751],[139.0882558105324,35.99286558132508],[139.08823147216975,35.99281189286709]]]},"properties":{"layer":"building","height_m":8.5}},{"type":"Feature","id":"bldg_eb45cdd3-4d26-463e-9a32-cae519f06887","geometry":{"type":"Polygon","coordinates":[[[139.09350047539948,35.99226460615923],[139.09355356207064,35.9922211302822],[139.0936858747878,35.99232793921689],[139.09363287717267,35.99237137964878],[139.09350047539948,35.99226460615923]]]},"properties":{"layer":"building","height_m":7.2}},{"type":"Feature","id":"bldg_c1b927a5-8f05-454d-8c6e-528adcf80f92","geometry":{"type":"Polygon","coordinates":[[[139.0883532705847,35.998364391896686],[139.0883737253383,35.99843022372787],[139.0882041401038,35.99846513231206],[139.08818357457437,35.99839929976494],[139.0883532705847,35.998364391896686]]]},"properties":{"layer":"building","height_m":6.8}},{"type":"Feature","id":"bldg_3cb89dcc-2709-4830-a951-8846e5556bfa","geometry":{"type":"Polygon","coordinates":[[[139.0881958983109,35.99793818089557],[139.08818868365594,35.99791515291798],[139.08824247171876,35.997903950382934],[139.08824979644885,35.997927069171176],[139.0881958983109,35.99793818089557]]]},"properties":{"layer":"building","height_m":5.3}},{"type":"Feature","id":"bldg_fdff1140-2bb8-45ad-8da9-387dbba5492e","geometry":{"type":"Polygon","coordinates":[[[139.08817155140125,35.99987302226764],[139.0882442653033,35.9998509955269],[139.08826543777374,35.999897156437655],[139.0882058828406,35.99991520006925],[139.08820200276435,35.999906730784296],[139.08818885485078,35.999910713974195],[139.08817155140125,35.99987302226764]]]},"properties":{"layer":"building","height_m":7.3}},{"type":"Feature","id":"bldg_77a24d33-8e29-44ab-87d5-ceda79fc8dd9","geometry":{"type":"Polygon","coordinates":[[[139.08824790165193,35.991902221400096],[139.08824832588806,35.99189248998045],[139.0882798163265,35.991893226341816],[139.0882795021464,35.99190304857525],[139.08824790165193,35.991902221400096]]]},"properties":{"layer":"building","height_m":null}},{"type":"Feature","id":"bldg_c3f1c813-ae6e-41e7-bc20-7fd6a94ea071","geometry":{"type":"Polygon","coordinates":[[[139.08821767644847,35.997898676980654],[139.0881926162818,35.9978154484508],[139.08844018568297,35.99776621579067],[139.08846525718687,35.99784944434124],[139.08821767644847,35.997898676980654]]]},"properties":{"layer":"building","height_m":8.6}},{"type":"Feature","id":"bldg_cba7f824-8b79-4c98-b220-82b9670774ce","geometry":{"type":"Polygon","coordinates":[[[139.08826765250146,35.992549838923544],[139.0882618780395,35.992550614230474],[139.0882486248705,35.99248572835593],[139.088388434265,35.99246685812744],[139.08839132191608,35.99246642540848],[139.08839428900234,35.99248113504411],[139.08840457689413,35.99253113101908],[139.08839658187992,35.992532162933976],[139.08840464170598,35.9925714195879],[139.08840730671204,35.992571075616176],[139.0884074116809,35.99257170717886],[139.08842543859757,35.992659695990355],[139.08842554271928,35.9926604176779],[139.08833381661307,35.992672826807514],[139.0883371045334,35.992688800258215],[139.08829968094383,35.99269388552025],[139.08829660974735,35.99267845419528],[139.08829405563807,35.99267879885326],[139.08826765250146,35.992549838923544]]]},"properties":{"layer":"building","height_m":7.2}},{"type":"Feature","id":"bldg_ab81f3cc-c687-4b61-890a-52747bdd4c53","geometry":{"type":"Polygon","coordinates":[[[139.08823024288316,35.99511236600817],[139.0882609668854,35.99510038927838],[139.0882628242848,35.99510337510763],[139.08825013458176,35.9951082534457],[139.0882519911333,35.99511132939993],[139.0882338459284,35.995118427103534],[139.08823024288316,35.99511236600817]]]},"properties":{"layer":"building","height_m":5.7}},{"type":"Feature","id":"bldg_5d64d63f-7c64-411c-87a2-5bdcebd127a4","geometry":{"type":"Polygon","coordinates":[[[139.08831393537358,35.999350710930756],[139.088316325382,35.999356043446284],[139.0881978728354,35.99939072879295],[139.0881954819861,35.99938548639993],[139.08831393537358,35.999350710930756]]]},"properties":{"layer":"building","height_m":5.7}},{"type":"Feature","id":"bldg_a8d59f22-b4b4-4e71-a608-f2f722fac0f2","geometry":{"type":"Polygon","coordinates":[[[139.08833400472957,35.991732860841886],[139.08826948833703,35.991729576000594],[139.0882732492575,35.99168345272811],[139.08832557091117,35.99168621118456],[139.088334105931,35.99168671483968],[139.08833400472957,35.991732860841886]]]},"properties":{"layer":"building","height_m":null}},{"type":"Feature","id":"bldg_2c168aef-359c-4949-b87e-3036f54f1f75","geometry":{"type":"Polygon","coordinates":[[[139.08828237026444,35.99870905945983],[139.0882154765581,35.998722073331685],[139.08820515737446,35.99868712890879],[139.08821171373694,35.998685817684624],[139.08820805897423,35.99867344716761],[139.08821317012442,35.998672487486225],[139.08821048387125,35.99866327753651],[139.08821314993133,35.998662843447114],[139.08820755899922,35.99864406167068],[139.08823656140171,35.99863838337012],[139.08823559204396,35.99863531292777],[139.08827948424448,35.998626752812676],[139.0882815253951,35.998633795633275],[139.08828552575477,35.99863300930957],[139.0882915442347,35.998653506208704],[139.0883049896788,35.998650885817],[139.08831702834973,35.99869169936343],[139.08827935975165,35.99869894619731],[139.08828237026444,35.99870905945983]]]},"properties":{"layer":"building","height_m":7.8}},{"type":"Feature","id":"bldg_c329022d-f54e-447f-8b7d-84babe2d9d7c","geometry":{"type":"Polygon","coordinates":[[[139.0882732492575,35.99168345272811],[139.08827585189653,35.991654356857616],[139.0883280702589,35.99165630350012],[139.08832557091117,35.99168621118456],[139.0882732492575,35.99168345272811]]]},"properties":{"layer":"building","height_m":null}},{"type":"Feature","id":"bldg_2b7d3792-37ee-45f7-bdca-080802ead785","geometry":{"type":"Polygon","coordinates":[[[139.0883071402471,35.998068478858976],[139.08824889116022,35.99808226748449],[139.08824986559864,35.99808479717828],[139.08822540979733,35.99809059385527],[139.08823016514393,35.998103872509525],[139.0882254959689,35.998105015197375],[139.08821684626423,35.99808125726774],[139.08825430886338,35.99807229670081],[139.088255388276,35.99807545795688],[139.0882761756168,35.99807053978897],[139.08827531039063,35.998068191033816],[139.08830454626138,35.99806125234454],[139.0883071402471,35.998068478858976]]]},"properties":{"layer":"building","height_m":4.4}},{"type":"Feature","id":"bldg_9f17bdd2-d6f3-4906-9ea4-bdc1de4194aa","geometry":{"type":"Polygon","coordinates":[[[139.088239721524,35.998467516450575],[139.0882432704604,35.99847934552946],[139.08821693417084,35.998484589742915],[139.08821327432915,35.99847275997436],[139.088239721524,35.998467516450575]]]},"properties":{"layer":"building","height_m":3.3}},{"type":"Feature","id":"bldg_db417976-ae72-42c1-964d-495d43377766","geometry":{"type":"Polygon","coordinates":[[[139.08830460166934,35.99445857350931],[139.08833294228765,35.99452310240833],[139.0882853425527,35.99453695721052],[139.08828914110808,35.99454581355192],[139.0882729034337,35.99455057972756],[139.0882624779338,35.994526991020344],[139.0882687054777,35.99452522709746],[139.08825198405626,35.99448708834004],[139.08825706455679,35.99447756610505],[139.08825641354647,35.99447602984996],[139.08827309566746,35.99447117630673],[139.08826842514787,35.994460692207305],[139.08827503116748,35.994454063609496],[139.08829716280147,35.99444762156725],[139.08830226676645,35.99445918991875],[139.08830460166934,35.99445857350931]]]},"properties":{"layer":"building","height_m":7.6}},{"type":"Feature","id":"bldg_63bd8b10-2009-4a50-bb8e-62fd40717c65","geometry":{"type":"Polygon","coordinates":[[[139.08824889171396,35.9948984228794],[139.08833847886828,35.994854274757984],[139.08834187451106,35.99485880235073],[139.0883458856969,35.99485684439952],[139.088382685817,35.994906374094285],[139.08833688986095,35.99492889260497],[139.08833951934946,35.994932333878545],[139.08831957514977,35.994942034195766],[139.08831705656578,35.99493859361054],[139.08828641387242,35.99495372541355],[139.08825541710752,35.994912163182995],[139.08825809151722,35.994910827842574],[139.08824889171396,35.9948984228794]]]},"properties":{"layer":"building","height_m":7.7}},{"type":"Feature","id":"bldg_0e08a1ae-f4a2-4441-aae4-d5e45215d5e5","geometry":{"type":"Polygon","coordinates":[[[139.08832224600775,35.99189826674782],[139.08832543910745,35.99199508634237],[139.0882880556792,35.991995935736334],[139.0882864807005,35.99195113127822],[139.0882819321131,35.9919512832889],[139.08828020398857,35.991899177338354],[139.08832224600775,35.99189826674782]]]},"properties":{"layer":"building","height_m":null}},{"type":"Feature","id":"bldg_0ea67d8d-8498-44f6-ab1d-6a4c2963e55b","geometry":{"type":"Polygon","coordinates":[[[139.08824299855968,35.99815451517753],[139.0882252733043,35.99810510394432],[139.08823016514393,35.998103872509525],[139.08822540979733,35.99809059385527],[139.08824986559864,35.99808479717828],[139.08824889116022,35.99808226748449],[139.0883071402471,35.998068478858976],[139.08830825187394,35.99806821537298],[139.08833170698023,35.998133434938325],[139.08824299855968,35.99815451517753]]]},"properties":{"layer":"building","height_m":8.3}},{"type":"Feature","id":"bldg_1aef520e-e3f3-4bcd-bea5-851332da6e05","geometry":{"type":"Polygon","coordinates":[[[139.0882365782954,35.99903747925646],[139.08822149318456,35.999013951746505],[139.08826548054677,35.998995297666035],[139.08829269862053,35.99903782783583],[139.08835118003012,35.999129132251916],[139.08830719346037,35.99914769623801],[139.0882365782954,35.99903747925646]]]},"properties":{"layer":"building","height_m":null}},{"type":"Feature","id":"bldg_6ade8af7-f176-49af-b08e-b593e7284704","geometry":{"type":"Polygon","coordinates":[[[139.0882325766485,35.99821303496941],[139.08825302875792,35.99820838511364],[139.08826285015994,35.99823728773037],[139.08824250895216,35.99824193827657],[139.0882325766485,35.99821303496941]]]},"properties":{"layer":"building","height_m":null}},{"type":"Feature","id":"bldg_6fbb00b0-3a34-4e2e-86c1-5c692199701b","geometry":{"type":"Polygon","coordinates":[[[139.08838644496626,35.994199957743625],[139.0884232673608,35.99428247518494],[139.0884104770661,35.99428627135555],[139.08841612538387,35.99429892464405],[139.0883774217778,35.994310311083225],[139.08838426290689,35.99432585594371],[139.0883210910895,35.99434448108357],[139.08829849787762,35.99429386791102],[139.08830772910903,35.99429113120972],[139.08827992106833,35.994228948993225],[139.0883714535738,35.99420193763949],[139.08837243220813,35.9942040167092],[139.08838644496626,35.994199957743625]]]},"properties":{"layer":"building","height_m":5.1}},{"type":"Feature","id":"bldg_5d15e42e-c88e-4786-bfca-8e8c1d3dd144","geometry":{"type":"Polygon","coordinates":[[[139.0883010923068,35.99401799578297],[139.08828353532257,35.99398616094519],[139.08834118461243,35.99396506801324],[139.0883588533656,35.993996813406795],[139.0883010923068,35.99401799578297]]]},"properties":{"layer":"building","height_m":7.9}},{"type":"Feature","id":"bldg_8ced495e-efd6-4dcd-ab57-7e8be595850f","geometry":{"type":"Polygon","coordinates":[[[139.08840162049322,35.99282196257158],[139.08843464463945,35.992895533556464],[139.0884373138932,35.992894738959905],[139.0884389452099,35.99289817403404],[139.08835775686453,35.992922185268085],[139.08834960962005,35.99290401851856],[139.08834849721865,35.99290437213086],[139.0883444794722,35.992895244037776],[139.08831011355588,35.99290539557776],[139.08829609970914,35.992874213652726],[139.08833124446375,35.99286379656309],[139.08832994161818,35.99286081417803],[139.08832766100306,35.99285566259778],[139.08833233240838,35.99285424952671],[139.0883622495451,35.99284542230493],[139.08834964943446,35.992817223459156],[139.0883861283588,35.99280645411803],[139.08837939317155,35.992791450693126],[139.08839640847907,35.992786509068296],[139.0884109632972,35.9928191364234],[139.08840162049322,35.99282196257158]]]},"properties":{"layer":"building","height_m":6.6}},{"type":"Feature","id":"bldg_ecf48527-e27a-489e-91db-10ac26d98ca8","geometry":{"type":"Polygon","coordinates":[[[139.08829074740032,35.999705138417234],[139.0882952479663,35.999721930554266],[139.08827487585748,35.99972982559148],[139.08823377376947,35.999724703268136],[139.08823289765996,35.99971171910339],[139.08823889022776,35.999711395806585],[139.0882384898238,35.999706796688486],[139.08829074740032,35.999705138417234]]]},"properties":{"layer":"building","height_m":4.6}},{"type":"Feature","id":"bldg_fa9b1d23-7b19-4497-ad14-ddcc39407fb8","geometry":{"type":"Polygon","coordinates":[[[139.0882351695091,35.999493798825355],[139.08824628598035,35.999491163974824],[139.08825461073923,35.99951410870918],[139.08824349341722,35.999516833685185],[139.0882351695091,35.999493798825355]]]},"properties":{"layer":"building","height_m":null}},{"type":"Feature","id":"bldg_ad00b3e1-5faf-4b3b-9f76-aa7a15933d2e","geometry":{"type":"Polygon","coordinates":[[[139.0882714692852,35.998547298468814],[139.08825565396612,35.99849528533458],[139.08826109952662,35.998494147468115],[139.08829388125244,35.99848759132722],[139.08833766415125,35.99847885025118],[139.08834314758505,35.998497270834385],[139.08835481591433,35.99849490979005],[139.0883622380757,35.99851947125536],[139.0883673500618,35.99851842144245],[139.08837617081778,35.99854758822456],[139.08836105836718,35.998550558791685],[139.0883622427658,35.998554351608874],[139.0883083476051,35.9985651028787],[139.08830705653835,35.9985608587483],[139.088291498751,35.99856400680077],[139.0882881648401,35.99855290009923],[139.0882783853453,35.99855491234868],[139.08827580321542,35.99854642408726],[139.0882714692852,35.998547298468814]]]},"properties":{"layer":"building","height_m":7.6}},{"type":"Feature","id":"bldg_e4ab0efc-ae35-4f48-8c24-7d184d7eca9d","geometry":{"type":"Polygon","coordinates":[[[139.088266522739,35.99817701354386],[139.0882593884326,35.99815723075176],[139.0883169712745,35.998143528113765],[139.0883241055942,35.99816331090261],[139.088266522739,35.99817701354386]]]},"properties":{"layer":"building","height_m":null}},{"type":"Feature","id":"bldg_ebefa180-5619-4430-93ef-ef7f8fb79753","geometry":{"type":"Polygon","coordinates":[[[139.08826109952662,35.998494147468115],[139.08825743967796,35.99848231770085],[139.0882902213991,35.998475761560876],[139.08829388125244,35.99848759132722],[139.08826109952662,35.998494147468115]]]},"properties":{"layer":"building","height_m":6.1}},{"type":"Feature","id":"bldg_983817a4-dc4b-4cce-bb52-1b8868df7073","geometry":{"type":"Polygon","coordinates":[[[139.0882603047871,35.998201310033934],[139.08835134148748,35.99818033437221],[139.08837175309571,35.998238955534156],[139.08835759721558,35.9982581554494],[139.08828590176952,35.9982746546142],[139.0882603047871,35.998201310033934]]]},"properties":{"layer":"building","height_m":8.1}},{"type":"Feature","id":"bldg_bb0a11cf-42ab-4f16-9e2d-3fb73ecfa422","geometry":{"type":"Polygon","coordinates":[[[139.08824953365757,35.999428904301865],[139.0882927414828,35.99941060589198],[139.08829514675094,35.999414316162245],[139.0883639673277,35.99938518094304],[139.08839763520496,35.99943775557627],[139.08833616434586,35.999463781910784],[139.08836119577035,35.999502963671354],[139.08831063815202,35.99952437100735],[139.08824953365757,35.999428904301865]]]},"properties":{"layer":"building","height_m":7.8}},{"type":"Feature","id":"bldg_955150f9-c955-49d7-9949-03c442ab36fb","geometry":{"type":"Polygon","coordinates":[[[139.08827075278143,35.99989693708681],[139.08825194405966,35.9998577218576],[139.08831091704587,35.999839043678094],[139.08831861897752,35.9998550986053],[139.0883080169565,35.999858457697485],[139.0883191238538,35.99988160897911],[139.08827075278143,35.99989693708681]]]},"properties":{"layer":"building","height_m":5.2}},{"type":"Feature","id":"bldg_d8965548-5453-44a2-9ba9-69095151edab","geometry":{"type":"Polygon","coordinates":[[[139.0886681716044,35.99267607446615],[139.08872019856048,35.99266305815233],[139.08873848763778,35.99271139128954],[139.08866767350267,35.99272906788801],[139.08866000270308,35.99273100313413],[139.08845222811172,35.99278298008604],[139.08844366437117,35.99276192659236],[139.08836603093124,35.99278532899612],[139.0883472237655,35.99275673108337],[139.0883497880468,35.99275530492598],[139.0883330668237,35.992728973217986],[139.0883212649601,35.99271024298913],[139.08837782039853,35.992687430764306],[139.08840470880807,35.99272941811301],[139.08840820509772,35.99273502789145],[139.088422452953,35.99272952829711],[139.0884252668907,35.99273693644044],[139.08845394881058,35.99272972386744],[139.0886681716044,35.99267607446615]]]},"properties":{"layer":"building","height_m":4.1}},{"type":"Feature","id":"bldg_a93a8e5d-4f70-48c7-8aa1-13d41948fc5a","geometry":{"type":"Polygon","coordinates":[[[139.08835832098518,35.99373498214181],[139.08831459402435,35.99366729326238],[139.08836192069427,35.993647037510094],[139.08836377975936,35.99364984308846],[139.08841667439535,35.99362718837883],[139.0884586532552,35.99369207233399],[139.08835832098518,35.99373498214181]]]},"properties":{"layer":"building","height_m":7.9}},{"type":"Feature","id":"bldg_1804c57d-6f5a-4191-b137-673820599430","geometry":{"type":"Polygon","coordinates":[[[139.08827547616954,35.99999616352042],[139.0882563517457,35.99995395401497],[139.0883120783885,35.99993726557052],[139.08830675480468,35.99992542547375],[139.0883435723016,35.99991438788936],[139.08832238209175,35.99986774919297],[139.08837421575987,35.99985220823042],[139.0884198532354,35.99995298661937],[139.08827547616954,35.99999616352042]]]},"properties":{"layer":"building","height_m":8.5}},{"type":"Feature","id":"bldg_9098e191-3806-480f-9b40-f3e9a7b300f9","geometry":{"type":"Polygon","coordinates":[[[139.08839594309953,35.99347293715292],[139.08844089916306,35.99355144925008],[139.08839003217815,35.993570781748346],[139.08838184842128,35.99355649037057],[139.08837138633842,35.993560391126216],[139.0883589477477,35.99353859252501],[139.08834136166266,35.99354524307043],[139.08831702800117,35.99350282092742],[139.08839594309953,35.99347293715292]]]},"properties":{"layer":"building","height_m":8.1}},{"type":"Feature","id":"bldg_71ae8e84-da8b-4f13-b878-44fd96915bf0","geometry":{"type":"Polygon","coordinates":[[[139.088343919249,35.9997124086734],[139.0883595843743,35.999745042900365],[139.08833822932783,35.99975130950339],[139.0882752838937,35.999733613586685],[139.088343919249,35.9997124086734]]]},"properties":{"layer":"building","height_m":8.3}},{"type":"Feature","id":"bldg_b5cdac5d-00bc-45d8-a43d-66e7e98bb483","geometry":{"type":"Polygon","coordinates":[[[139.08834057786905,35.9973907283022],[139.08834543901688,35.99740454839068],[139.08830286482944,35.99741455880233],[139.08829800368852,35.99740073871222],[139.08834057786905,35.9973907283022]]]},"properties":{"layer":"building","height_m":4.8}},{"type":"Feature","id":"bldg_2efa20f7-660a-40bd-818f-08e8808dec7e","geometry":{"type":"Polygon","coordinates":[[[139.08830669104,35.9992482782277],[139.08834720517123,35.99933947104822],[139.0883214011114,35.99934706196843],[139.0882844732832,35.99926373272678],[139.08828144830662,35.99926458819945],[139.08827799486767,35.99925675247629],[139.08830669104,35.9992482782277]]]},"properties":{"layer":"building","height_m":3.2}},{"type":"Feature","id":"bldg_7f5ee78d-a868-482b-b491-37124c366d13","geometry":{"type":"Polygon","coordinates":[[[139.088403068746,35.997468357844014],[139.08835905103766,35.997478539571134],[139.08835343387324,35.997462551666864],[139.08833075787854,35.99746781864009],[139.08831786378386,35.9974708029808],[139.08829852926627,35.99741561343535],[139.08830286482944,35.99741455880233],[139.08834543901688,35.99740454839068],[139.08836911654984,35.997398927114176],[139.088380709281,35.99740458717131],[139.088403068746,35.997468357844014]]]},"properties":{"layer":"building","height_m":5.0}},{"type":"Feature","id":"bldg_32581b0d-39ac-4205-9f3f-21b3447ab237","geometry":{"type":"Polygon","coordinates":[[[139.0883407347378,35.99440210608156],[139.0883396231627,35.9944023695686],[139.08832832145407,35.99437760373369],[139.08837551645757,35.994359600415564],[139.08839643066466,35.994352880404136],[139.08839501773744,35.99434980720667],[139.0884445179481,35.99433434181894],[139.08844660307523,35.994336698149034],[139.0884836993984,35.994378298206534],[139.08847499979933,35.994383471735006],[139.08847665063698,35.99438483393688],[139.0884144098605,35.994422392227264],[139.08842023265007,35.99442828684139],[139.088366230865,35.994462471323594],[139.0883407347378,35.99440210608156]]]},"properties":{"layer":"building","height_m":7.8}},{"type":"Feature","id":"bldg_1efc9a12-11f5-4a1d-9daa-5a0d8e05b98a","geometry":{"type":"Polygon","coordinates":[[[139.09086785861425,36.00001800579464],[139.09085501056174,35.99996871527182],[139.09090578141505,35.999960016516894],[139.09091520198936,35.99999630709647],[139.09091862949793,36.00000930703471],[139.09086785861425,36.00001800579464]]]},"properties":{"layer":"building","height_m":3.4}},{"type":"Feature","id":"bldg_415bdb92-8a07-48cf-bc6e-ad6a04440d2c","geometry":{"type":"Polygon","coordinates":[[[139.08841856693005,35.991727347240776],[139.0883638232523,35.99172268105122],[139.08836776597477,35.99169260206906],[139.088357869772,35.99169178352094],[139.08836445142674,35.99164054034375],[139.08842898034615,35.99164602438683],[139.08841856693005,35.991727347240776]]]},"properties":{"layer":"building","height_m":7.7}},{"type":"Feature","id":"bldg_659e60ca-f0e1-4804-9efa-f3083ff5848b","geometry":{"type":"Polygon","coordinates":[[[139.08848670506467,35.999498695801464],[139.08849481323,35.99949632165093],[139.08850866174518,35.999527520525255],[139.0884585222914,35.99954220682044],[139.08846349663847,35.999553440871395],[139.08841628232761,35.999567271051646],[139.08845777734078,35.999574243417584],[139.08851511289964,35.99970843351063],[139.08845501184317,35.99976569846125],[139.0883631568902,35.99975201411208],[139.08830505068204,35.999618414020254],[139.08833089619824,35.999592274603515],[139.08830906300412,35.99959867342707],[139.08828515711855,35.999544780414574],[139.08834104686477,35.99952840842201],[139.08833926540206,35.99952441361092],[139.08838001766628,35.99951247211188],[139.08835863172754,35.99946424591536],[139.08845845446487,35.99943501476204],[139.08848670506467,35.999498695801464]]]},"properties":{"layer":"building","height_m":9.2}},{"type":"Feature","id":"bldg_e2851a80-5024-4594-9021-2d1a3aabfd14","geometry":{"type":"Polygon","coordinates":[[[139.08842938455408,35.99510631124708],[139.08841668477558,35.99511226208828],[139.0884139477635,35.9951084596284],[139.08840492468858,35.995112639711],[139.08839627851285,35.99510032832732],[139.08836987640575,35.99511269245186],[139.08832806275572,35.99505375808884],[139.08836605057928,35.995035967987604],[139.08844314030102,35.99499985388594],[139.0884473732998,35.99499789730875],[139.08845514579863,35.99500876118251],[139.0884688488636,35.99500226677317],[139.0884928207854,35.995036034143276],[139.08850106412862,35.9950322097329],[139.0885217846713,35.99506144139169],[139.08852262753314,35.995062627329084],[139.08842938455408,35.99510631124708]]]},"properties":{"layer":"building","height_m":5.9}},{"type":"Feature","id":"bldg_fd25a0c9-5ee1-4a19-8e9a-98c3f25e3603","geometry":{"type":"Polygon","coordinates":[[[139.08844911979511,35.99764532575464],[139.08834744743612,35.99766508177909],[139.0883405472861,35.99764163215148],[139.08832197958768,35.997645239205404],[139.08830780300036,35.997597075788995],[139.0883251705961,35.99759370463487],[139.0883160348673,35.99756266118388],[139.08841890710787,35.99754267829803],[139.08844911979511,35.99764532575464]]]},"properties":{"layer":"building","height_m":8.1}},{"type":"Feature","id":"bldg_084b04fc-1edd-4003-bf81-d6d24bab8191","geometry":{"type":"Polygon","coordinates":[[[139.08847765673292,35.991953940787894],[139.0884085322491,35.99195711677839],[139.08840795074119,35.9919481902841],[139.0884032912543,35.991948341610744],[139.08840192338812,35.991928684747336],[139.0883718551403,35.99193003024272],[139.08836471790116,35.99182804873745],[139.08837414860793,35.99182765665059],[139.08837385658512,35.99182332859061],[139.08839704562538,35.99182230089756],[139.08839733849683,35.99182653883261],[139.08840543840765,35.99182613847949],[139.08840514553572,35.99182190054444],[139.08842844547493,35.99182087353395],[139.08842873834806,35.991825111468955],[139.0884359502141,35.991824795729656],[139.08843565818793,35.99182046766978],[139.08845895812638,35.991819440653344],[139.08845925100115,35.991823678588304],[139.0884684599078,35.99182328511682],[139.08847765673292,35.991953940787894]]]},"properties":{"layer":"building","height_m":10.4}},{"type":"Feature","id":"bldg_dbd5e553-bf6c-43c8-823e-590e5f1cc251","geometry":{"type":"Polygon","coordinates":[[[139.08831281601456,35.99748861738075],[139.08833160177542,35.9974842275508],[139.08834327464515,35.99751674686485],[139.08834338216224,35.99751710805278],[139.08832448463895,35.99752158732044],[139.08831281601456,35.99748861738075]]]},"properties":{"layer":"building","height_m":null}},{"type":"Feature","id":"bldg_91e3dd8b-ab57-4770-ad1e-fee3246c3cba","geometry":{"type":"Polygon","coordinates":[[[139.08833368762464,35.99868936931917],[139.08831011820024,35.99861270253471],[139.08832689854,35.99860929168277],[139.0883671264775,35.998601159427764],[139.08836831002952,35.99860504236966],[139.08839353556343,35.998599971485326],[139.08839407654733,35.99860141692552],[139.0884017445338,35.99859984220415],[139.08842380623588,35.99867172271652],[139.08837857718078,35.99868090549228],[139.0883793289643,35.99868352393212],[139.08835232461658,35.99868903441606],[139.08835135610138,35.99868587384983],[139.08833368762464,35.99868936931917]]]},"properties":{"layer":"building","height_m":8.3}},{"type":"Feature","id":"bldg_a965d761-2f59-4e9b-85c1-a5232180e414","geometry":{"type":"Polygon","coordinates":[[[139.08836851714818,35.99300922765537],[139.08842961913643,35.99298768743799],[139.08843329193823,35.992994578159276],[139.0884698463817,35.992981682191505],[139.08852820677424,35.99302525292548],[139.0884029046185,35.99308761104854],[139.08838810403307,35.993059885245934],[139.08838752642515,35.99305880009764],[139.0883938135382,35.9930565858865],[139.08837918718342,35.993029203659084],[139.08836851714818,35.99300922765537]]]},"properties":{"layer":"building","height_m":7.4}},{"type":"Feature","id":"bldg_ee62d937-cf2e-4c5d-9635-3c6d812b455f","geometry":{"type":"Polygon","coordinates":[[[139.08838484419942,35.99306097360329],[139.08837069736143,35.99303213424468],[139.08837918718342,35.993029203659084],[139.0883938135382,35.9930565858865],[139.08838752642515,35.99305880009764],[139.08838810403307,35.993059885245934],[139.08838484419942,35.99306097360329]]]},"properties":{"layer":"building","height_m":3.1}},{"type":"Feature","id":"bldg_3b0e60fd-5e9b-4123-ab39-55be56df233d","geometry":{"type":"Polygon","coordinates":[[[139.08833075787854,35.99746781864009],[139.08835343387324,35.997462551666864],[139.08835905103766,35.997478539571134],[139.0883626194453,35.997488295777984],[139.0883398333838,35.997493471939265],[139.08833075787854,35.99746781864009]]]},"properties":{"layer":"building","height_m":4.6}},{"type":"Feature","id":"bldg_6dd6fb15-2bcc-4890-904e-4fe4abf564bd","geometry":{"type":"Polygon","coordinates":[[[139.0884604671748,35.997993181035284],[139.08834897103645,35.998019617782795],[139.0883273530709,35.99795954704225],[139.08833546801972,35.997957614580386],[139.08833287573015,35.99795020781689],[139.08836288960504,35.99794309368482],[139.08843303371506,35.99792640457774],[139.0884338972494,35.997928933581434],[139.08843573607396,35.9979339021527],[139.08843895919182,35.99793320112714],[139.0884604671748,35.997993181035284]]]},"properties":{"layer":"building","height_m":7.8}},{"type":"Feature","id":"bldg_bf359870-044a-4c58-ae43-4e7799fb1554","geometry":{"type":"Polygon","coordinates":[[[139.08832689854,35.99860929168277],[139.08832453059233,35.99860161592298],[139.08836475852613,35.998593483668735],[139.0883671264775,35.998601159427764],[139.08832689854,35.99860929168277]]]},"properties":{"layer":"building","height_m":4.3}},{"type":"Feature","id":"bldg_5cfa7d6a-33df-4d03-834b-881fddbcc603","geometry":{"type":"Polygon","coordinates":[[[139.08836605057928,35.995035967987604],[139.08835823516932,35.99502495062055],[139.08843525859555,35.994988809073114],[139.08844314030102,35.99499985388594],[139.08836605057928,35.995035967987604]]]},"properties":{"layer":"building","height_m":3.4}},{"type":"Feature","id":"bldg_6cc381a1-dc62-4850-bd54-4b0a8070e6ae","geometry":{"type":"Polygon","coordinates":[[[139.08842128304593,35.99454068559566],[139.08837889637135,35.994495537592876],[139.088366230865,35.994462471323594],[139.08842023265007,35.99442828684139],[139.0884144098605,35.994422392227264],[139.08847665063698,35.99438483393688],[139.08847499979933,35.994383471735006],[139.0884836993984,35.994378298206534],[139.08850667425773,35.99436474108316],[139.08850957384035,35.99436304661456],[139.08852603900738,35.994381264994374],[139.08850149709613,35.99439634460331],[139.0885546472487,35.99445273552191],[139.0885472869589,35.994457016069695],[139.0885501365534,35.99446063896564],[139.08842128304593,35.99454068559566]]]},"properties":{"layer":"building","height_m":9.4}},{"type":"Feature","id":"bldg_67089498-d881-43be-a7a1-967102548d30","geometry":{"type":"Polygon","coordinates":[[[139.08838565169467,35.99245611536308],[139.08842553362032,35.99244906247558],[139.08843228308848,35.992474340821836],[139.08839428900234,35.99248113504411],[139.08839132191608,35.99246642540848],[139.088388434265,35.99246685812744],[139.08838565169467,35.99245611536308]]]},"properties":{"layer":"building","height_m":5.5}},{"type":"Feature","id":"bldg_f677e716-ba59-497e-9576-6b1d584a46cf","geometry":{"type":"Polygon","coordinates":[[[139.08858460625552,35.99366440027129],[139.08864145930528,35.9937551176641],[139.08862976838705,35.99375995717991],[139.08863935135054,35.993775248657855],[139.08846513442305,35.99384734366302],[139.08845527829632,35.99383161785079],[139.08843061603557,35.993841820661395],[139.0883740362718,35.993751546505585],[139.08858460625552,35.99366440027129]]]},"properties":{"layer":"building","height_m":7.6}},{"type":"Feature","id":"bldg_3a10bd2c-52a5-4c05-87e8-dfd2688106d5","geometry":{"type":"Polygon","coordinates":[[[139.08835164659348,35.99919745371066],[139.0884009236245,35.99927680377281],[139.0883785433927,35.99928594817847],[139.08832915462105,35.999206687543385],[139.08835164659348,35.99919745371066]]]},"properties":{"layer":"building","height_m":null}},{"type":"Feature","id":"bldg_81b0f978-b4b5-4fa1-b8a9-7c6afe518cfc","geometry":{"type":"Polygon","coordinates":[[[139.08849818672675,35.99491358066746],[139.08848039802783,35.994918156979956],[139.08849122912613,35.99494580403989],[139.08843018943614,35.99496173856855],[139.0884272653661,35.99495423961363],[139.0884124778426,35.99495811351144],[139.08840901366142,35.99494907899057],[139.0883743628151,35.99491867023049],[139.08839417321607,35.99491140258565],[139.08840707112702,35.994907967606366],[139.08837868890768,35.99483604780193],[139.0883838031975,35.9948347276104],[139.08845696097535,35.99481571379778],[139.08845940679146,35.99481509807412],[139.08849818672675,35.99491358066746]]]},"properties":{"layer":"building","height_m":7.2}},{"type":"Feature","id":"bldg_91f7ec2e-03ff-4d85-a7cb-0fa758ecdc30","geometry":{"type":"Polygon","coordinates":[[[139.08855059889552,35.992408252959834],[139.08843100517697,35.99241916423549],[139.08840243870463,35.99221240859348],[139.0885304572316,35.992200720453475],[139.08854254376513,35.99228826678584],[139.088534118723,35.99228903466288],[139.08855059889552,35.992408252959834]]]},"properties":{"layer":"building","height_m":7.0}},{"type":"Feature","id":"bldg_971f0d08-5912-42b9-97f5-80b32366f312","geometry":{"type":"Polygon","coordinates":[[[139.08845696097535,35.99481571379778],[139.0883838031975,35.9948347276104],[139.08837882027123,35.994822078453424],[139.08845197803848,35.99480306464367],[139.08845696097535,35.99481571379778]]]},"properties":{"layer":"building","height_m":null}},{"type":"Feature","id":"bldg_8cd08eb2-c6e4-4f11-b006-baab7a970303","geometry":{"type":"Polygon","coordinates":[[[139.0883549138011,35.99791843864912],[139.08843082002917,35.99790232610866],[139.08843900919635,35.99792788376491],[139.0884338972494,35.997928933581434],[139.08843303371506,35.99792640457774],[139.08836288960504,35.99794309368482],[139.0883549138011,35.99791843864912]]]},"properties":{"layer":"building","height_m":null}},{"type":"Feature","id":"bldg_4cb5737b-e156-4679-9a12-55fddb531d26","geometry":{"type":"Polygon","coordinates":[[[139.08845297589244,35.992656261775046],[139.08842543859757,35.992659695990355],[139.0884074116809,35.99257170717886],[139.0884352952058,35.99256683303533],[139.08845297589244,35.992656261775046]]]},"properties":{"layer":"building","height_m":4.0}},{"type":"Feature","id":"bldg_c51eb3c8-0eec-42c6-9093-dac4e05bb581","geometry":{"type":"Polygon","coordinates":[[[139.088443926724,35.99314334086482],[139.08840637766363,35.993090976442495],[139.08849140095177,35.99305072951473],[139.08849413772882,35.99305454999832],[139.0885481128571,35.99302899073191],[139.0885783491672,35.993071161060115],[139.0885253655327,35.99309624880611],[139.0885299304734,35.993102622308726],[139.088443926724,35.99314334086482]]]},"properties":{"layer":"building","height_m":4.8}},{"type":"Feature","id":"bldg_b44be383-2924-4720-a95a-eaea6ed154f8","geometry":{"type":"Polygon","coordinates":[[[139.08858875713602,35.994233931145175],[139.08843562251624,35.99427777500993],[139.0883981719816,35.994191287947174],[139.08851071504867,35.99415908928067],[139.08851223549073,35.99416252366484],[139.08854782270961,35.9941522895244],[139.08855444544255,35.99416747249934],[139.08855933872763,35.9941660607977],[139.08858875713602,35.994233931145175]]]},"properties":{"layer":"building","height_m":7.9}},{"type":"Feature","id":"bldg_9767bb46-8dc5-40a9-b4a1-5433f0226441","geometry":{"type":"Polygon","coordinates":[[[139.0884020565159,35.99840155805803],[139.0883771654677,35.99840645076186],[139.08836114354534,35.99835281401632],[139.0883861463339,35.99834783187958],[139.0884020565159,35.99840155805803]]]},"properties":{"layer":"building","height_m":null}},{"type":"Feature","id":"bldg_d2166ed1-0030-4187-b26e-8d83a4041bc4","geometry":{"type":"Polygon","coordinates":[[[139.0885436847939,35.99167846238705],[139.0885366909131,35.99173817524814],[139.08842420246813,35.9917295453578],[139.0884311972801,35.991669742379294],[139.0885436847939,35.99167846238705]]]},"properties":{"layer":"building","height_m":9.7}},{"type":"Feature","id":"bldg_2d13b36e-37ba-4530-bae3-235d9949e661","geometry":{"type":"Polygon","coordinates":[[[139.08846991792498,35.998096889272034],[139.08838665596087,35.998116741617146],[139.08836827873517,35.99806588427475],[139.08837072380513,35.9980653586792],[139.08836694033602,35.9980548800974],[139.08839406385,35.998048469047966],[139.0883927660058,35.99804494591645],[139.0884702470999,35.99802649975096],[139.08847219259974,35.99803191963426],[139.08847608371377,35.99803095236551],[139.08849716337107,35.998089307265936],[139.08846959452225,35.99809589583338],[139.08846991792498,35.998096889272034]]]},"properties":{"layer":"building","height_m":7.7}},{"type":"Feature","id":"bldg_82376d97-3197-48df-b25d-9cdd44c2cc1b","geometry":{"type":"Polygon","coordinates":[[[139.0884956637347,35.99343606222981],[139.08853591040122,35.99350823594374],[139.08847748518198,35.99352932415518],[139.08846984999184,35.993515667100155],[139.088467623478,35.9935165545764],[139.08845737070658,35.9934981945016],[139.08843867307647,35.99350510854983],[139.08841642193596,35.99346531313103],[139.08849221391324,35.99343730263153],[139.0884956637347,35.99343606222981]]]},"properties":{"layer":"building","height_m":8.1}},{"type":"Feature","id":"bldg_eed2f1d7-2f17-4faa-b378-8a9245f208f1","geometry":{"type":"Polygon","coordinates":[[[139.0885022869383,35.99204617967346],[139.08845060675796,35.99205066272571],[139.0884467359265,35.992021193175944],[139.08843835569564,35.99202191625961],[139.0884306549327,35.99196334694633],[139.0884907153655,35.99195813180261],[139.0885022869383,35.99204617967346]]]},"properties":{"layer":"building","height_m":3.7}},{"type":"Feature","id":"bldg_a567d017-4b63-445f-9184-54f1390255c0","geometry":{"type":"Polygon","coordinates":[[[139.08839471708262,35.99855689666518],[139.08836970471066,35.99850392512967],[139.08840274384895,35.99849358509602],[139.08839600226102,35.99847921255387],[139.08847042240177,35.99845606062092],[139.088464441064,35.998443405274],[139.0885143891646,35.99842776240321],[139.08853646638968,35.998474406582645],[139.08852567601815,35.998477764526456],[139.08854144511318,35.998511120421206],[139.08839471708262,35.99855689666518]]]},"properties":{"layer":"building","height_m":7.6}},{"type":"Feature","id":"bldg_790a04f1-0764-41f2-b866-b6f1ab9ad547","geometry":{"type":"Polygon","coordinates":[[[139.08843592786803,35.992440564655915],[139.08844669284298,35.992439820328265],[139.08844497181846,35.99243413144383],[139.0885526385819,35.99241307857198],[139.0885596259862,35.99243664591617],[139.08846673777177,35.99245472613271],[139.0884851473916,35.99264357292436],[139.0884560718963,35.99264546538394],[139.08843592786803,35.992440564655915]]]},"properties":{"layer":"building","height_m":3.1}},{"type":"Feature","id":"bldg_8c43c9f1-0d1a-43c8-ad2b-84fe6365c96d","geometry":{"type":"Polygon","coordinates":[[[139.08839803719374,35.99859305942835],[139.08838647552219,35.99859587178934],[139.08837922685024,35.99857644881527],[139.0883906776101,35.99857363576619],[139.08839803719374,35.99859305942835]]]},"properties":{"layer":"building","height_m":null}},{"type":"Feature","id":"bldg_9f2492ff-8a7b-4077-a384-d59bf978e1cf","geometry":{"type":"Polygon","coordinates":[[[139.0885435552373,35.99997467392887],[139.08844172474429,35.999999133814036],[139.0883886150301,35.999853153890385],[139.0883970415705,35.99985113323108],[139.0883812880543,35.99980784509225],[139.08849063990456,35.999829236035865],[139.0885435552373,35.99997467392887]]]},"properties":{"layer":"building","height_m":7.5}},{"type":"Feature","id":"bldg_8e38045c-9823-4013-90ae-c164111ebeba","geometry":{"type":"Polygon","coordinates":[[[139.08844430903258,35.99513505627681],[139.08842938455408,35.99510631124708],[139.08852262753314,35.995062627329084],[139.0885217846713,35.99506144139169],[139.08853276726404,35.995057642999775],[139.08855357290486,35.99509788006535],[139.08844430903258,35.99513505627681]]]},"properties":{"layer":"building","height_m":3.4}},{"type":"Feature","id":"bldg_4008829d-7be4-4f64-a7fb-29881bfb4331","geometry":{"type":"Polygon","coordinates":[[[139.08842300244478,35.99821466829741],[139.08840375231478,35.99816227332962],[139.08840853239928,35.9981611313236],[139.08840626010837,35.99815507849971],[139.08843005046614,35.99814927765364],[139.08842940196624,35.99814747102569],[139.0884842086713,35.998134111587916],[139.0884854006974,35.99813709328112],[139.08850996994593,35.9981310268654],[139.08851213303058,35.99813689874923],[139.08851602414933,35.99813593147926],[139.0885349500965,35.998187423116356],[139.08842300244478,35.99821466829741]]]},"properties":{"layer":"building","height_m":7.8}},{"type":"Feature","id":"bldg_d02e437c-c26e-41c0-8cc4-2cd7ce70fa24","geometry":{"type":"Polygon","coordinates":[[[139.08844660307523,35.994336698149034],[139.08847276191898,35.99432658574654],[139.08850667425773,35.99436474108316],[139.0884836993984,35.994378298206534],[139.08844660307523,35.994336698149034]]]},"properties":{"layer":"building","height_m":null}},{"type":"Feature","id":"bldg_4585e2f1-66c0-451d-b4ed-c05b0a47108c","geometry":{"type":"Polygon","coordinates":[[[139.08862950147008,35.99909030195024],[139.08870573111182,35.99922867412464],[139.0887480285696,35.999212803408504],[139.0887580577632,35.999231432448056],[139.08868047980403,35.99926006288148],[139.0886716460636,35.99924405502771],[139.08860074893516,35.99926993285221],[139.08848188339198,35.9993131782697],[139.08847304968623,35.999297170401846],[139.0884596365831,35.99927275200434],[139.0884465494377,35.999249056669605],[139.08840423596928,35.99917227351131],[139.08862950147008,35.99909030195024]]]},"properties":{"layer":"building","height_m":7.2}},{"type":"Feature","id":"bldg_2d13c005-f775-4bc9-8053-b30d6bae69a9","geometry":{"type":"Polygon","coordinates":[[[139.08844456758357,35.99931826422319],[139.08841785845888,35.99932774227452],[139.0884081578263,35.99930956589771],[139.0884348660984,35.999300177973225],[139.08844456758357,35.99931826422319]]]},"properties":{"layer":"building","height_m":null}},{"type":"Feature","id":"bldg_6828d4f6-4a8c-420a-8ef6-49a80cda2413","geometry":{"type":"Polygon","coordinates":[[[139.0884397507477,35.99835618633664],[139.0884531517111,35.998393673519566],[139.08843747796806,35.99839736165145],[139.08842407616393,35.99835996459166],[139.0884397507477,35.99835618633664]]]},"properties":{"layer":"building","height_m":6.6}},{"type":"Feature","id":"bldg_2922d214-c80a-46fc-9d1c-51f4518089d0","geometry":{"type":"Polygon","coordinates":[[[139.08866608007665,35.99289859275978],[139.0887445880465,35.99287654754231],[139.08876382537989,35.99291839719116],[139.0887276469687,35.992932593456885],[139.08873951327544,35.99295628120253],[139.08872950082377,35.992959553870314],[139.08877910785304,35.99307423689446],[139.08867290723435,35.99311620925141],[139.08866418505983,35.993100202077315],[139.08864183317982,35.99305932451092],[139.08860646064412,35.993070371187734],[139.08848992092095,35.992985195728224],[139.08847548033143,35.992952208572014],[139.08866608007665,35.99289859275978]]]},"properties":{"layer":"building","height_m":8.8}},{"type":"Feature","id":"bldg_eafec066-bff9-4f16-979e-bf775eb4cdb4","geometry":{"type":"Polygon","coordinates":[[[139.08862555593697,35.99308013365299],[139.08863209988974,35.993091891192286],[139.0884898518574,35.993145897301595],[139.08848651125533,35.99314731864164],[139.0884799588465,35.99313646234326],[139.08862555593697,35.99308013365299]]]},"properties":{"layer":"building","height_m":5.5}},{"type":"Feature","id":"bldg_7eef0c54-2c04-4e67-aea9-8317361243bd","geometry":{"type":"Polygon","coordinates":[[[139.08854434830315,35.99821415996204],[139.0885685689903,35.99828055592477],[139.08845740181604,35.998307355332365],[139.08843318036713,35.99824104947327],[139.08854434830315,35.99821415996204]]]},"properties":{"layer":"building","height_m":8.2}},{"type":"Feature","id":"bldg_31aab4bd-9f22-4e43-8131-953ac4168fd7","geometry":{"type":"Polygon","coordinates":[[[139.08861331066421,35.99852373416392],[139.08862532103765,35.99852038378636],[139.08865592631398,35.998591956778135],[139.0886125438067,35.99860529708774],[139.0886067595843,35.998607063777854],[139.08860936886722,35.99861266803965],[139.08858189550043,35.99862087956483],[139.088579287914,35.99861509505291],[139.08851277271444,35.99863505145435],[139.08844614572513,35.99865509725451],[139.08844169422144,35.998644884917645],[139.08845537334327,35.99864100413964],[139.08845265994157,35.998634678187734],[139.08843160548446,35.99858542657432],[139.0884975525566,35.99856690877055],[139.0884935370598,35.998557510313084],[139.08861331066421,35.99852373416392]]]},"properties":{"layer":"building","height_m":8.5}},{"type":"Feature","id":"bldg_9f459ff1-18ce-4565-9bb8-fa98e133c412","geometry":{"type":"Polygon","coordinates":[[[139.0884568268408,35.998403881035344],[139.0884397507477,35.99835618633664],[139.08843618398845,35.99834624988335],[139.0885473461398,35.99831999124499],[139.0885679890669,35.99837762237898],[139.0884568268408,35.998403881035344]]]},"properties":{"layer":"building","height_m":8.1}},{"type":"Feature","id":"bldg_ba2d9923-3d0f-447f-b2ab-dee3d3a16964","geometry":{"type":"Polygon","coordinates":[[[139.08861763724755,35.994277661301986],[139.08865299250817,35.994349921772766],[139.0885695011687,35.99437690214641],[139.08857322271842,35.99438451420572],[139.08854558044774,35.994397871116554],[139.0884772205106,35.99432304427888],[139.08861763724755,35.994277661301986]]]},"properties":{"layer":"building","height_m":3.9}},{"type":"Feature","id":"bldg_e5183a7d-596a-442e-9a2f-719d9bf67346","geometry":{"type":"Polygon","coordinates":[[[139.08847426387103,35.99469766068384],[139.08858880407226,35.99464186026608],[139.08860566887228,35.99466476788058],[139.08862349647939,35.99465604580606],[139.08862754823255,35.99466156889509],[139.08865317435794,35.99469633793511],[139.0886548167332,35.99469860138294],[139.08861682235818,35.99471711257797],[139.0886193409484,35.9947205531571],[139.0885238533221,35.994767098368676],[139.08851388733513,35.99475360710717],[139.0885085393822,35.99475618767482],[139.08849167459152,35.994733280047114],[139.08849813666475,35.99473016561724],[139.08847426387103,35.99469766068384]]]},"properties":{"layer":"building","height_m":4.6}},{"type":"Feature","id":"bldg_a57f6c71-a895-4196-8538-b37e4b45cefb","geometry":{"type":"Polygon","coordinates":[[[139.08851943419782,35.99408931061242],[139.08848155311563,35.99399907148745],[139.08868587008175,35.993942422336474],[139.08872375128715,35.994032670412686],[139.08851943419782,35.99408931061242]]]},"properties":{"layer":"building","height_m":8.5}},{"type":"Feature","id":"bldg_926b68da-e3d0-49b2-b08e-957247e6f38e","geometry":{"type":"Polygon","coordinates":[[[139.08860524300954,35.99335328206768],[139.0884898518574,35.993145897301595],[139.08863209988974,35.993091891192286],[139.08864313404408,35.99310971532322],[139.08866393176828,35.99312714941071],[139.08879491587825,35.99328037245991],[139.08866034185968,35.99333208301369],[139.08860524300954,35.99335328206768]]]},"properties":{"layer":"building","height_m":9.2}},{"type":"Feature","id":"bldg_31e71600-02c8-4e83-bdb4-63db69a0641f","geometry":{"type":"Polygon","coordinates":[[[139.08852326491473,35.992010194775126],[139.08850950146513,35.992011371143924],[139.08850130720256,35.99195102320708],[139.08851640313412,35.99194967485185],[139.08852326491473,35.992010194775126]]]},"properties":{"layer":"building","height_m":null}},{"type":"Feature","id":"bldg_08914c26-6b7b-4294-9bd3-ab591ede4642","geometry":{"type":"Polygon","coordinates":[[[139.08851692071863,35.9919064156001],[139.08882867358918,35.99188329459176],[139.08882929156098,35.9918883457147],[139.08883517432855,35.99188784144264],[139.08884786983313,35.9920003125126],[139.08883932376594,35.99200098051708],[139.08883993835167,35.99200639213942],[139.08882917343877,35.99200713650313],[139.08882927078815,35.99200857918947],[139.08882400259628,35.992014495083524],[139.0887573017753,35.99201939878891],[139.08874076498202,35.99202064810109],[139.08874618444975,35.9920694421421],[139.08868836150756,35.99207377000062],[139.08868736256056,35.99207385393002],[139.0886818322289,35.992025059198426],[139.08862278941697,35.99202937945343],[139.08855753027217,35.992034291997214],[139.0885509084705,35.9920308259414],[139.08855060118745,35.99202812012961],[139.08853328724285,35.992029454718406],[139.08853277764717,35.99202467465743],[139.08852489866916,35.99202516652087],[139.08852326491473,35.992010194775126],[139.08851640313412,35.99194967485185],[139.08851221039848,35.991911974423545],[139.0885174269237,35.99191155616073],[139.08851692071863,35.9919064156001]]]},"properties":{"layer":"building","height_m":22.5}},{"type":"Feature","id":"bldg_ea62859c-0565-4a04-946c-82ba7453957e","geometry":{"type":"Polygon","coordinates":[[[139.08859114459142,35.9934018648053],[139.08863339179973,35.993473600256436],[139.08858209316404,35.99349166833577],[139.08857739893608,35.99348370774275],[139.08856648987535,35.99348796626107],[139.0885536084811,35.99346607480034],[139.08853757929182,35.99347228439018],[139.08851345209845,35.99343148590998],[139.08852324196766,35.993428302009015],[139.08852138629112,35.99342513593361],[139.08854220204543,35.993417063331314],[139.08858094077382,35.99340189158795],[139.0885816078794,35.993401715469275],[139.08858346440508,35.99340479141893],[139.08859114459142,35.9934018648053]]]},"properties":{"layer":"building","height_m":7.8}},{"type":"Feature","id":"bldg_1d3765bf-8a77-409a-9cd8-f8f4ab6efb31","geometry":{"type":"Polygon","coordinates":[[[139.08852837608453,35.999476331912945],[139.08847908875066,35.99938625636739],[139.08848799207968,35.999383066971546],[139.0884684730829,35.99934743453768],[139.08858444315817,35.999305432977536],[139.0886178105236,35.99936638777699],[139.08865336140465,35.99943105145333],[139.08852837608453,35.999476331912945]]]},"properties":{"layer":"building","height_m":8.8}},{"type":"Feature","id":"bldg_810b94b6-e2e7-4e9b-94ca-c294613c7563","geometry":{"type":"Polygon","coordinates":[[[139.0886405846181,35.994239886023266],[139.08859567811766,35.99413480395969],[139.08854067642974,35.994150325384695],[139.08851863562018,35.99409875128909],[139.08874217839664,35.99403566895374],[139.08880912603496,35.99419232501398],[139.0886405846181,35.994239886023266]]]},"properties":{"layer":"building","height_m":5.5}},{"type":"Feature","id":"bldg_e2f5e3bc-d875-4656-842a-743403d2559c","geometry":{"type":"Polygon","coordinates":[[[139.08858094077382,35.99340189158795],[139.08854220204543,35.993417063331314],[139.0885382714296,35.99341045942937],[139.08857700930824,35.993395377812085],[139.08858094077382,35.99340189158795]]]},"properties":{"layer":"building","height_m":4.9}},{"type":"Feature","id":"bldg_6e781895-b10d-4afd-b734-b523421305ee","geometry":{"type":"Polygon","coordinates":[[[139.0885394913431,35.99427166018374],[139.0885306742686,35.99425393994127],[139.0885421328688,35.994250225619844],[139.08854082575687,35.99424769386161],[139.08858875713602,35.994233931145175],[139.08858582714578,35.994227063067264],[139.08862476519633,35.99421432606416],[139.08863739188175,35.99423973100815],[139.0885394913431,35.99427166018374]]]},"properties":{"layer":"building","height_m":4.7}},{"type":"Feature","id":"bldg_cf923384-e3c4-494e-bc1c-fb6ac09d0e82","geometry":{"type":"Polygon","coordinates":[[[139.0885924206755,35.99275879432526],[139.08861646969243,35.992819691325415],[139.0885921213668,35.99282602953938],[139.08857554661705,35.992784106262924],[139.08856093064912,35.992769774962795],[139.08855800664386,35.99276227600915],[139.0885568146923,35.99275929431494],[139.08858738954973,35.99275128229103],[139.08859064202426,35.992759233933796],[139.0885924206755,35.99275879432526]]]},"properties":{"layer":"building","height_m":4.2}},{"type":"Feature","id":"bldg_e640b4db-94a2-4a28-88c4-792b7980d335","geometry":{"type":"Polygon","coordinates":[[[139.08873384123143,35.99279274995274],[139.08866689839277,35.992811532140436],[139.08861863773006,35.99282502246167],[139.0886164705396,35.99281960120055],[139.0885924206755,35.99275879432526],[139.08866757439043,35.992739612497395],[139.0887004815371,35.992731254401654],[139.0887092638861,35.992729055662096],[139.0887101299168,35.99273131429081],[139.08873384123143,35.99279274995274]]]},"properties":{"layer":"building","height_m":10.3}},{"type":"Feature","id":"bldg_33804948-451c-401b-ab02-5b06bd17a55c","geometry":{"type":"Polygon","coordinates":[[[139.08853318245392,35.99929547079454],[139.08859995646424,35.99927164040267],[139.08860693437998,35.99928448218884],[139.08854016036082,35.99930831258445],[139.08853318245392,35.99929547079454]]]},"properties":{"layer":"building","height_m":6.9}},{"type":"Feature","id":"bldg_f977c5e9-aec6-451a-9cc5-e2a503c7047d","geometry":{"type":"Polygon","coordinates":[[[139.08854609931996,35.99819308040378],[139.08859556887023,35.9981811298581],[139.08859827210017,35.99818853730458],[139.08864840878593,35.998176410618846],[139.08867738752215,35.99825581482472],[139.0885778920986,35.99827989276844],[139.08854609931996,35.99819308040378]]]},"properties":{"layer":"building","height_m":9.0}},{"type":"Feature","id":"bldg_dcce7998-6ee2-4c1c-ad53-615d2ba438d0","geometry":{"type":"Polygon","coordinates":[[[139.08858317102406,35.99439162414206],[139.08861841893278,35.994370301872685],[139.08862215066995,35.994374471023924],[139.0886490325323,35.99435823422462],[139.088667694616,35.99437871947559],[139.08867316021866,35.994375418590025],[139.08870576301422,35.9944113124891],[139.08863827852082,35.994452173160305],[139.08858317102406,35.99439162414206]]]},"properties":{"layer":"building","height_m":7.9}},{"type":"Feature","id":"bldg_de414ae5-11a9-4e5d-be42-ddfbc23ab9a4","geometry":{"type":"Polygon","coordinates":[[[139.08860435128588,35.99215030976177],[139.08860972277887,35.99214520569013],[139.08861216427522,35.99214504058648],[139.08861195857105,35.99214332683694],[139.08865957028863,35.99213983693108],[139.0886573236269,35.992119273314344],[139.08865942116282,35.99211912410061],[139.0887170319047,35.992114957173364],[139.0887192785818,35.992135520789176],[139.08879974042864,35.99212971108054],[139.08879984201235,35.99213070314248],[139.0888005798765,35.99213125751575],[139.08880744076077,35.99213642850117],[139.0888240997339,35.99228740973416],[139.0888181728963,35.992292600498864],[139.08877544494112,35.992295670127916],[139.0887463678853,35.992297742909294],[139.0887476994782,35.99230946809136],[139.08871473751705,35.99231187727272],[139.0886964254097,35.99231320568901],[139.08869530630722,35.99230247325684],[139.08863626328886,35.99230679351582],[139.08862916058553,35.99230729020483],[139.08862110891405,35.99230255345474],[139.08860435128588,35.99215030976177]]]},"properties":{"layer":"building","height_m":19.2}},{"type":"Feature","id":"bldg_8e30f734-6fc8-43f1-946e-e72641705fe7","geometry":{"type":"Polygon","coordinates":[[[139.08853215030976,35.99985345935778],[139.08856526785405,35.99984663484227],[139.08858454295387,35.99990822318944],[139.08855153629625,35.99991504839856],[139.08853215030976,35.99985345935778]]]},"properties":{"layer":"building","height_m":3.1}},{"type":"Feature","id":"bldg_766bad37-92de-4029-ab3d-e5502142f42b","geometry":{"type":"Polygon","coordinates":[[[139.08861186976358,35.9933916285057],[139.08860325254352,35.993376252890165],[139.08864331952057,35.99336135976257],[139.08865193674688,35.993376735375335],[139.08861186976358,35.9933916285057]]]},"properties":{"layer":"building","height_m":3.4}},{"type":"Feature","id":"bldg_c7833f30-1125-4ad8-b3fd-132b5219934a","geometry":{"type":"Polygon","coordinates":[[[139.08860731820377,35.99831171110522],[139.08861369658575,35.99832932606264],[139.08856745092595,35.99834048546087],[139.0885609624921,35.99832277968774],[139.08860731820377,35.99831171110522]]]},"properties":{"layer":"building","height_m":4.3}},{"type":"Feature","id":"bldg_640f23af-2bbe-4a79-89dd-d82e1ad6dbfd","geometry":{"type":"Polygon","coordinates":[[[139.08868955540467,35.993362728335036],[139.0887296989346,35.99343409017437],[139.0886911904929,35.99344836209407],[139.08869304448257,35.99345170841666],[139.08867167507145,35.99345968747817],[139.08866338376114,35.99344503493103],[139.08866171430245,35.99344565547854],[139.0886513514399,35.99342720460637],[139.08863321004688,35.99343394187793],[139.0886098667529,35.99339233711191],[139.08861186976358,35.9933916285057],[139.08865193674688,35.993376735375335],[139.08868955540467,35.993362728335036]]]},"properties":{"layer":"building","height_m":8.2}},{"type":"Feature","id":"bldg_217d01eb-79a8-4d64-85a1-6c0967d7710d","geometry":{"type":"Polygon","coordinates":[[[139.08872499999046,35.991774567077435],[139.0886305836939,35.99176651822841],[139.08863871276228,35.99170401837424],[139.08873157707015,35.99171198547944],[139.08872870118833,35.99173477055466],[139.08873158288188,35.99173496870132],[139.08873467688255,35.991771580742196],[139.0887254789941,35.99177080261073],[139.08872499999046,35.991774567077435]]]},"properties":{"layer":"building","height_m":9.3}},{"type":"Feature","id":"bldg_dd064612-ed9f-4e7a-8d35-f911ab189f32","geometry":{"type":"Polygon","coordinates":[[[139.08883717038952,35.995992550208044],[139.08891259226505,35.99618710438276],[139.08882989676582,35.99620827646809],[139.08886254554122,35.996292471310376],[139.08894774268504,35.99627065677747],[139.0891247833635,35.99672728165257],[139.08905659639115,35.996744740409966],[139.08906238974768,35.99675969288109],[139.08878930803476,35.996829606578636],[139.08878633019037,35.99682191802729],[139.08877582359074,35.996824610794654],[139.08859424766007,35.99635626739528],[139.0886784776893,35.99633469941467],[139.0887181245178,35.996324544511296],[139.0887236549425,35.99625064514155],[139.08872386281203,35.996176613589135],[139.0887187568598,35.996102702272644],[139.08870833481333,35.99602915452852],[139.08869264976795,35.99595622304932],[139.08867175473364,35.995884169539366],[139.08878103666217,35.995827471067244],[139.0887734675256,35.9958079379639],[139.08914943081513,35.99571167761231],[139.08915241966096,35.995719375237265],[139.08922029448416,35.995894450364865],[139.08883717038952,35.995992550208044]]]},"properties":{"layer":"building","height_m":10.7}},{"type":"Feature","id":"bldg_9a16eb34-89bf-483c-80be-bfcdb3f1454a","geometry":{"type":"Polygon","coordinates":[[[139.0885637981384,35.99964906071199],[139.08871614557248,35.99960746514417],[139.08873066444687,35.99964405792958],[139.08857766673927,35.99968402713747],[139.0885637981384,35.99964906071199]]]},"properties":{"layer":"building","height_m":3.8}},{"type":"Feature","id":"bldg_67cb98ce-5ba9-4c8a-be14-5d4590270570","geometry":{"type":"Polygon","coordinates":[[[139.08871698419824,35.99233244088796],[139.088639739945,35.992338090253305],[139.08863626328886,35.99230679351582],[139.08869530630722,35.99230247325684],[139.0886964254097,35.99231320568901],[139.08871473751705,35.99231187727272],[139.08871698419824,35.99233244088796]]]},"properties":{"layer":"building","height_m":5.5}},{"type":"Feature","id":"bldg_a12af286-c727-49cf-bb65-0f60c0e3a41f","geometry":{"type":"Polygon","coordinates":[[[139.08858021814476,35.99833921277756],[139.088611900862,35.998331568165234],[139.08862347153052,35.99836318551391],[139.08859178880166,35.99837083012911],[139.08858021814476,35.99833921277756]]]},"properties":{"layer":"building","height_m":null}},{"type":"Feature","id":"bldg_33d40b81-954f-4ee9-9770-59739e82c23a","geometry":{"type":"MultiPolygon","coordinates":[[[[139.08865105722313,35.99981769494719],[139.0885851357152,35.99979799785631],[139.08859057298818,35.99978595419171],[139.0885807290457,35.99978300891337],[139.08858537468927,35.999772582674346],[139.08857895966068,35.99977065011501],[139.08858722817357,35.9997524050574],[139.08857837988973,35.99974973635062],[139.08859661785377,35.99970929107416],[139.0885910579136,35.99971078876516],[139.08858065624216,35.999684586478566],[139.08866883038635,35.99966151982676],[139.08867489818385,35.999676789469035],[139.08867525896557,35.999662010385045],[139.08871305923452,35.99965260112714],[139.08871192700354,35.99969044870823],[139.08869585571705,35.99972459835135],[139.08869364936515,35.99972332283458],[139.08865105722313,35.99981769494719]]],[[[139.08867456282155,35.99968886481011],[139.08862330336063,35.99970233647818],[139.08867374051442,35.99971734079222],[139.08867456282155,35.99968886481011]]]]},"properties":{"layer":"building","height_m":8.4}},{"type":"Feature","id":"bldg_8e4947cd-df93-4b0b-87ad-324eb294c2e1","geometry":{"type":"Polygon","coordinates":[[[139.0887612395199,35.9943500078455],[139.08875211327035,35.99435337614405],[139.08876149254488,35.994370288688835],[139.08869927739684,35.994393336340835],[139.0886950478252,35.9943949324282],[139.08865272391552,35.99431950119625],[139.08863038695836,35.99427700138481],[139.0886531949466,35.99426939178367],[139.0886741192729,35.994261590225044],[139.0886819721385,35.99427569926773],[139.08871302422136,35.994264175105364],[139.0887612395199,35.9943500078455]]]},"properties":{"layer":"building","height_m":6.7}},{"type":"Feature","id":"bldg_20f0f630-7430-4f7c-b96b-26d639d5fe39","geometry":{"type":"Polygon","coordinates":[[[139.0886807084881,35.99463431909016],[139.08870877789678,35.99466874276483],[139.08868436547064,35.9946818403518],[139.0886831599322,35.99468030065681],[139.08865317435794,35.99469633793511],[139.08862754823255,35.99466156889509],[139.08865976457818,35.99464419351956],[139.08866064248795,35.994645190400405],[139.0886807084881,35.99463431909016]]]},"properties":{"layer":"building","height_m":4.1}},{"type":"Feature","id":"bldg_f3046e0c-e97d-4dd8-abd2-3df8215f5831","geometry":{"type":"Polygon","coordinates":[[[139.08879974042864,35.99212971108054],[139.0887192785818,35.992135520789176],[139.0887170319047,35.992114957173364],[139.08865942116282,35.99211912410061],[139.0886567675741,35.99209583602774],[139.088690506594,35.992093341554984],[139.08868836150756,35.99207377000062],[139.08874618444975,35.9920694421421],[139.08874076498202,35.99202064810109],[139.0887566355288,35.99201948478386],[139.08875878994772,35.992038064963694],[139.08882759957706,35.992032994084816],[139.0888329217495,35.99208034543612],[139.0888330258743,35.99208106712341],[139.08883834805275,35.99212841847417],[139.0888005798765,35.99213125751575],[139.08879984201235,35.99213070314248],[139.08879974042864,35.99212971108054]]]},"properties":{"layer":"building","height_m":4.5}},{"type":"Feature","id":"bldg_b8084268-e87c-4160-a8ab-c672bdf7dd28","geometry":{"type":"Polygon","coordinates":[[[139.08914943081513,35.99571167761231],[139.0887734675256,35.9958079379639],[139.08878103666217,35.995827471067244],[139.08867175473364,35.995884169539366],[139.08869264976795,35.99595622304932],[139.08870833481333,35.99602915452852],[139.0887187568598,35.996102702272644],[139.08872386281203,35.996176613589135],[139.0887236549425,35.99625064514155],[139.0887181245178,35.996324544511296],[139.0886784776893,35.99633469941467],[139.08868484501417,35.996249647139166],[139.08868504664292,35.99617746321482],[139.08868006762128,35.99610539133833],[139.0886699056759,35.996033674846274],[139.08865460289545,35.99596255734988],[139.08862765989426,35.99586961920058],[139.08872337774235,35.99581995685019],[139.08870905881383,35.9957999221817],[139.0888492365347,35.99573185173341],[139.08883148938668,35.995685964521414],[139.08886891209477,35.99567639963309],[139.08888384357118,35.99571504994644],[139.0888878657935,35.99571310105904],[139.08890743866502,35.99574056799085],[139.08913776827723,35.9956815919431],[139.08925133938223,35.995573203002564],[139.08926710023837,35.99557198486398],[139.08926552675695,35.995587180049775],[139.0892580673599,35.9956090894702],[139.08924577512468,35.995629508805294],[139.08922905599414,35.99564772854398],[139.08920848142387,35.995663130331664],[139.08918249273174,35.99567870582911],[139.08919350297816,35.99570739043139],[139.08915241966096,35.995719375237265],[139.08914943081513,35.99571167761231]]]},"properties":{"layer":"building","height_m":15.1}},{"type":"Feature","id":"bldg_aec29517-55d3-4034-8ab7-e2cb6d0061c2","geometry":{"type":"Polygon","coordinates":[[[139.08860947260126,35.99928584989765],[139.08860074893516,35.99926993285221],[139.0886716460636,35.99924405502771],[139.08868047980403,35.99926006288148],[139.08860947260126,35.99928584989765]]]},"properties":{"layer":"building","height_m":3.0}},{"type":"Feature","id":"bldg_203fc9e1-51c8-4b8b-bc46-cc3e8c44ca50","geometry":{"type":"Polygon","coordinates":[[[139.0886547158499,35.99459134594164],[139.088753329724,35.994530759731845],[139.08882272362092,35.99460536750391],[139.0887785483167,35.99463249287928],[139.08877712096995,35.99463095180851],[139.0887178102234,35.99466357128503],[139.0886851996962,35.99462848851299],[139.08868798753414,35.99462688347661],[139.08865877861538,35.99459569740678],[139.0886547158499,35.99459134594164]]]},"properties":{"layer":"building","height_m":4.6}},{"type":"Feature","id":"bldg_05c895c9-3012-444a-b170-99da846da5ca","geometry":{"type":"Polygon","coordinates":[[[139.0886928751033,35.99835451323411],[139.0887085773134,35.99839498896591],[139.08863897637096,35.99841285329342],[139.0886231632844,35.99837237686448],[139.0886928751033,35.99835451323411]]]},"properties":{"layer":"building","height_m":4.4}},{"type":"Feature","id":"bldg_1b759160-9782-4c2d-adff-30f31748f11e","geometry":{"type":"Polygon","coordinates":[[[139.08868455853457,35.9923780888135],[139.08868262845377,35.99236160104498],[139.08873814437018,35.9923573129493],[139.08874006345712,35.992373791635735],[139.08868455853457,35.9923780888135]]]},"properties":{"layer":"building","height_m":3.0}},{"type":"Feature","id":"bldg_91c65b67-ebce-4501-a4e4-1c940ebcfd5b","geometry":{"type":"Polygon","coordinates":[[[139.08865072186217,35.999393270585905],[139.08863558638063,35.99939867455409],[139.0886178105236,35.99936638777699],[139.0886329468474,35.999360893686195],[139.08865072186217,35.999393270585905]]]},"properties":{"layer":"building","height_m":3.5}},{"type":"Feature","id":"bldg_7c28bac1-e5c2-4274-84b6-72257900c0b3","geometry":{"type":"Polygon","coordinates":[[[139.08867899912008,35.99312886528316],[139.0887096266278,35.993115265488726],[139.08872023752656,35.99313092386251],[139.0886922835097,35.993143278433145],[139.08867899912008,35.99312886528316]]]},"properties":{"layer":"building","height_m":3.7}},{"type":"Feature","id":"bldg_f79935b7-3d54-4540-89c4-a2dd7fdb94b3","geometry":{"type":"Polygon","coordinates":[[[139.08877524087944,36.000046530830225],[139.0886712554044,36.000034754279945],[139.08867592581566,36.0000075369694],[139.08865973797276,36.00000570597908],[139.08862687460316,35.99987931993152],[139.08864673717545,35.99986427436093],[139.0886947892842,35.99987578484079],[139.08870064153353,35.99989274758764],[139.08870100286146,35.99993100101073],[139.08873508476978,35.999934862842245],[139.08873639856634,35.99992725501093],[139.08875342847145,35.99992918134778],[139.08875561146934,35.99991642347451],[139.08879676246335,35.999921077247045],[139.08879446229173,35.99993450135595],[139.08877524087944,36.000046530830225]]]},"properties":{"layer":"building","height_m":8.1}},{"type":"Feature","id":"bldg_d7411fe1-abba-4d72-b4fa-62e826f70017","geometry":{"type":"Polygon","coordinates":[[[139.08877280178348,35.999393920251066],[139.08868852778124,35.99941628114022],[139.08863351607383,35.999303889977895],[139.08872272892273,35.999271753637196],[139.0887612642176,35.999263187134346],[139.08882535894264,35.99945358807548],[139.08879514862136,35.99946030452712],[139.08877280178348,35.999393920251066]]]},"properties":{"layer":"building","height_m":6.7}},{"type":"Feature","id":"bldg_5d9d27e7-4274-48a6-9216-433d0277b1fb","geometry":{"type":"Polygon","coordinates":[[[139.08868642241603,35.993896639670375],[139.0887042184971,35.99389125220004],[139.08870997689047,35.99390399628901],[139.088692181654,35.993909293635305],[139.08868642241603,35.993896639670375]]]},"properties":{"layer":"building","height_m":3.5}},{"type":"Feature","id":"bldg_4ce37096-397c-4519-a2cd-88d829c450c8","geometry":{"type":"Polygon","coordinates":[[[139.08873806899038,35.99851423381696],[139.0887611233731,35.99856313727174],[139.08866823722624,35.99859203320355],[139.08864518204578,35.99854321985651],[139.08873806899038,35.99851423381696]]]},"properties":{"layer":"building","height_m":5.5}},{"type":"Feature","id":"bldg_3728cf63-c534-49c3-ac1d-05e14da46617","geometry":{"type":"Polygon","coordinates":[[[139.0886998093647,35.99391195475614],[139.08877677332256,35.99388908877173],[139.08880176000335,35.993944673869535],[139.08872490690078,35.99396754055761],[139.0886998093647,35.99391195475614]]]},"properties":{"layer":"building","height_m":3.9}},{"type":"Feature","id":"bldg_9f0fc0df-0a7c-4f40-8e94-663f393fa268","geometry":{"type":"Polygon","coordinates":[[[139.08878591568254,35.99332934738402],[139.08882703622635,35.993402968508335],[139.08877572666827,35.99342220829488],[139.08876983537357,35.993411806766346],[139.08876148893438,35.993414819386295],[139.08874905449292,35.99339257019971],[139.08873069046518,35.9933993962344],[139.08870767559947,35.99335824417609],[139.08871913914376,35.99335398908643],[139.08871717594755,35.99335046182614],[139.08877571610913,35.99332892355905],[139.08877768015444,35.993332360693564],[139.08878591568254,35.99332934738402]]]},"properties":{"layer":"building","height_m":8.0}},{"type":"Feature","id":"bldg_e8e74049-b471-46b9-b10c-359397eed719","geometry":{"type":"Polygon","coordinates":[[[139.08871106773452,35.994413328279116],[139.08869927739684,35.994393336340835],[139.08876149254488,35.994370288688835],[139.0887664027195,35.99437888152493],[139.08871106773452,35.994413328279116]]]},"properties":{"layer":"building","height_m":7.1}},{"type":"Feature","id":"bldg_1f6ec2d6-439f-4630-a51d-29e884c2f421","geometry":{"type":"Polygon","coordinates":[[[139.0887205546029,35.99273137899775],[139.0887177397906,35.9927240609859],[139.08875220377337,35.99271526188864],[139.08875805944112,35.99272944866308],[139.0888216506015,35.992713259396275],[139.0888289048001,35.99273205148332],[139.08883972980695,35.99276032939379],[139.0888574062514,35.99275584245702],[139.08886434469713,35.992772829979806],[139.0888464422127,35.992777766165396],[139.0888180930124,35.99278498089723],[139.0888188506866,35.9927869684623],[139.08874892286187,35.992804740739],[139.0887205546029,35.99273137899775]]]},"properties":{"layer":"building","height_m":7.8}},{"type":"Feature","id":"bldg_dfbbdb9b-e0cf-489e-b7ee-b47036147d77","geometry":{"type":"Polygon","coordinates":[[[139.08882429082843,35.99168876654961],[139.08883547866807,35.991772837273395],[139.08882981770822,35.99177334292208],[139.0888302215023,35.99177758154466],[139.08877640301995,35.99178067247695],[139.08877468288446,35.99176308642361],[139.08876891187236,35.99176350125622],[139.08876614965413,35.99173878845386],[139.08873651068208,35.99174166891788],[139.08873080857293,35.991675748392844],[139.08875122677458,35.99167452317243],[139.08874952782122,35.991654683996394],[139.08881921415002,35.99165070012327],[139.08882251559018,35.99168884566243],[139.08882429082843,35.99168876654961]]]},"properties":{"layer":"building","height_m":5.4}},{"type":"Feature","id":"bldg_151377eb-e567-4313-9d75-4033d7202028","geometry":{"type":"Polygon","coordinates":[[[139.0887720370445,35.99971479641837],[139.0887144295091,35.99983719591739],[139.0886553717302,35.99981889342232],[139.088699173718,35.99972561037884],[139.0887152450033,35.99969146073524],[139.08874731674592,35.99970148399113],[139.08876036692777,35.999705530717904],[139.08875923748758,35.99970768682777],[139.08876697920783,35.99971007826259],[139.0887657337737,35.99971277443266],[139.0887720370445,35.99971479641837]]]},"properties":{"layer":"building","height_m":8.5}},{"type":"Feature","id":"bldg_5517c930-f762-4ace-8027-2210506760f3","geometry":{"type":"Polygon","coordinates":[[[139.08873651068208,35.99174166891788],[139.08876614965413,35.99173878845386],[139.08876891187236,35.99176350125622],[139.08877468288446,35.99176308642361],[139.08877640301995,35.99178067247695],[139.08877670438122,35.99178400916254],[139.0887398120854,35.99177981445829],[139.08873651068208,35.99174166891788]]]},"properties":{"layer":"building","height_m":5.2}},{"type":"Feature","id":"bldg_1d097f35-6540-4e91-92b2-cb981a0bfd7d","geometry":{"type":"Polygon","coordinates":[[[139.08878318104004,35.99300666458401],[139.08877478308864,35.99299156073114],[139.08876387580045,35.99299563901896],[139.08875057030548,35.99297167195269],[139.08875947374534,35.99296839239982],[139.08874060546822,35.99293447649205],[139.08877054291975,35.9929234861716],[139.08876705337218,35.992917155404555],[139.08881012373345,35.992901289428275],[139.08882899203292,35.992935205325544],[139.08882198154262,35.99293768546059],[139.08884717457005,35.99298308713292],[139.08878318104004,35.99300666458401]]]},"properties":{"layer":"building","height_m":8.4}},{"type":"Feature","id":"bldg_50f626fa-a05c-41b7-833e-d4d77cf66891","geometry":{"type":"Polygon","coordinates":[[[139.0887519617841,35.992377542795694],[139.08874923177413,35.99234232102195],[139.08879478102384,35.99233998094056],[139.08879751105403,35.99237520271354],[139.0887519617841,35.992377542795694]]]},"properties":{"layer":"building","height_m":3.8}},{"type":"Feature","id":"bldg_64aa80a0-7bfa-4430-8717-a62efb35bd0f","geometry":{"type":"Polygon","coordinates":[[[139.0889480715662,35.993104217231355],[139.08876879435826,35.99318034616369],[139.08874813466355,35.99314822174161],[139.08875292290975,35.99314617846865],[139.08874712983388,35.993137129500084],[139.0887802014007,35.99312309420687],[139.0887627112712,35.99309594661578],[139.0889041285614,35.99303589630751],[139.0889480715662,35.993104217231355]]]},"properties":{"layer":"building","height_m":10.3}},{"type":"Feature","id":"bldg_0d9141ae-b834-4e73-b973-74754662481a","geometry":{"type":"Polygon","coordinates":[[[139.088931504625,35.99258692974575],[139.08893393091705,35.992675731990886],[139.08878867314843,35.992678354628396],[139.08878750896446,35.99263583302203],[139.08875527382767,35.99263641708309],[139.08875400089593,35.99259012736191],[139.088931504625,35.99258692974575]]]},"properties":{"layer":"building","height_m":7.7}},{"type":"Feature","id":"bldg_b0b95fdc-de3c-44a4-ad9c-3982fd917ff0","geometry":{"type":"Polygon","coordinates":[[[139.0889410345316,35.993215754654265],[139.08880370336774,35.99327763296515],[139.0887538166018,35.993204498202665],[139.0888560621074,35.99315853550468],[139.08886361098993,35.993169578227025],[139.08889869571485,35.99315375279217],[139.0889410345316,35.993215754654265]]]},"properties":{"layer":"building","height_m":5.2}},{"type":"Feature","id":"bldg_2d03a4fe-7fb3-4c8a-af9e-2f0a8a1b6504","geometry":{"type":"Polygon","coordinates":[[[139.0888804031326,35.994001592399236],[139.0889064470158,35.99404264604933],[139.088922714863,35.994035834020515],[139.08894276971571,35.99406744091471],[139.0889283391275,35.99407348021519],[139.08896376023836,35.99412931028816],[139.08881721544,35.99419070781291],[139.08878869498275,35.99412522252797],[139.08879798138102,35.9941213324657],[139.08876178450143,35.99406427175991],[139.0887800566619,35.9940566159549],[139.08877355391581,35.994046363853485],[139.0888804031326,35.994001592399236]]]},"properties":{"layer":"building","height_m":6.9}},{"type":"Feature","id":"bldg_ea9944c0-1188-4088-88c1-4c1b5572a884","geometry":{"type":"Polygon","coordinates":[[[139.08874731674592,35.99970148399113],[139.0887152450033,35.99969146073524],[139.08871192700354,35.99969044870823],[139.08871305923452,35.99965260112714],[139.08873262864194,35.99964749506306],[139.08874731674592,35.99970148399113]]]},"properties":{"layer":"building","height_m":3.8}},{"type":"Feature","id":"bldg_f8c805ba-308f-414e-a95e-f3250645b1c2","geometry":{"type":"Polygon","coordinates":[[[139.0887809768928,35.99383125133174],[139.08876774488976,35.99381125045082],[139.0888119577966,35.99379187649608],[139.08882518980772,35.99381187737227],[139.0887809768928,35.99383125133174]]]},"properties":{"layer":"building","height_m":3.2}},{"type":"Feature","id":"bldg_de0664ea-c6cc-41e0-b531-c6fcab142767","geometry":{"type":"Polygon","coordinates":[[[139.08902590857656,35.99952430487219],[139.0890833532552,35.99966468730968],[139.0889977372743,35.999689374455315],[139.08899297060873,35.99967845717008],[139.08891379418708,35.99970128247096],[139.08893511707484,35.9997987462089],[139.08886651030136,35.99980865834638],[139.08886318122802,35.99978640260867],[139.0888526560085,35.99976153350299],[139.08881336697797,35.999738162288125],[139.08877149213768,35.9997291056836],[139.08877820810648,35.99971082393662],[139.08875035971903,35.99969517575219],[139.08872425464207,35.99960971465402],[139.08875932876876,35.99960004510767],[139.08875796264329,35.99959670181697],[139.08902590857656,35.99952430487219]]]},"properties":{"layer":"building","height_m":8.5}},{"type":"Feature","id":"bldg_232b3a6e-2c8c-448d-a4af-78a434ce09fd","geometry":{"type":"Polygon","coordinates":[[[139.0888209395852,35.99389828576921],[139.08878736434374,35.993836067871854],[139.0888982009108,35.99379655770568],[139.0889000532234,35.99380008427477],[139.0889121830834,35.99379574317206],[139.088943906091,35.99385443446747],[139.0888209395852,35.99389828576921]]]},"properties":{"layer":"building","height_m":7.2}},{"type":"Feature","id":"bldg_40243a9f-4f09-45ee-92d7-ae3138ec8a22","geometry":{"type":"Polygon","coordinates":[[[139.08892784188532,35.993368623601],[139.08886284910153,35.99339228502088],[139.08884135799798,35.993354206868105],[139.08882611024768,35.99335988056583],[139.08882588759712,35.99335996931413],[139.08882490557306,35.993358250747264],[139.08880319523422,35.9933199008366],[139.08881054100524,35.993317152393516],[139.08880824933547,35.993313172445454],[139.08886968559315,35.99329030015446],[139.0888719772654,35.993294280101395],[139.0888835525404,35.99328993555915],[139.08892784188532,35.993368623601]]]},"properties":{"layer":"building","height_m":8.2}},{"type":"Feature","id":"bldg_86db7a1f-b156-4732-b0a4-9931323b6293","geometry":{"type":"Polygon","coordinates":[[[139.08882759957706,35.992032994084816],[139.08884735501067,35.992031494345],[139.08885267719492,35.99207884569557],[139.0888329217495,35.99208034543612],[139.08882759957706,35.992032994084816]]]},"properties":{"layer":"building","height_m":3.8}},{"type":"Feature","id":"bldg_d17dc2de-b97e-42f4-9370-c8087d60d15d","geometry":{"type":"Polygon","coordinates":[[[139.08881789250404,35.99336100125604],[139.0888249047261,35.99335834087211],[139.08882588759712,35.99335996931413],[139.08884135799798,35.993354206868105],[139.08886284910153,35.99339228502088],[139.08884025641495,35.99340061704163],[139.08881789250404,35.99336100125604]]]},"properties":{"layer":"building","height_m":6.2}},{"type":"Feature","id":"bldg_98b06856-fab6-4a6b-8d37-025fc79c8c1a","geometry":{"type":"Polygon","coordinates":[[[139.08878022027815,35.99927612128629],[139.08876450478465,35.99922877757786],[139.088819643979,35.99921669990328],[139.08883535958807,35.99926403459247],[139.08878022027815,35.99927612128629]]]},"properties":{"layer":"building","height_m":3.1}},{"type":"Feature","id":"bldg_b8eaf487-26ed-432b-bf02-0c3126691692","geometry":{"type":"Polygon","coordinates":[[[139.08885810266315,35.992127008857764],[139.08883834805275,35.99212841847417],[139.0888330258743,35.99208106712341],[139.08885278131987,35.99207956738283],[139.08885810266315,35.992127008857764]]]},"properties":{"layer":"building","height_m":3.8}},{"type":"Feature","id":"bldg_eba0f8f7-425b-44df-98d6-f1f150406332","geometry":{"type":"Polygon","coordinates":[[[139.08893288102675,35.992950360981645],[139.0888725532178,35.99297333031679],[139.08883010203343,35.99289970094578],[139.08889042979783,35.99287673163118],[139.08893288102675,35.992950360981645]]]},"properties":{"layer":"building","height_m":7.5}},{"type":"Feature","id":"bldg_8fa64e15-6ce9-4dab-a767-9bc74d33a860","geometry":{"type":"Polygon","coordinates":[[[139.08886927967345,35.99268435282131],[139.08888579697265,35.992732404550694],[139.0888887125394,35.99274080474546],[139.08886137078036,35.99274703430809],[139.0888561864266,35.992732220793854],[139.08884171613082,35.99269058100325],[139.08886927967345,35.99268435282131]]]},"properties":{"layer":"building","height_m":3.2}},{"type":"Feature","id":"bldg_74047eaf-f865-4164-982a-a7648684cb35","geometry":{"type":"Polygon","coordinates":[[[139.088873672159,35.992769273646225],[139.08886476003008,35.99274751500494],[139.08891972114145,35.99273266013306],[139.08892863328398,35.99275441877048],[139.088873672159,35.992769273646225]]]},"properties":{"layer":"building","height_m":null}},{"type":"Feature","id":"bldg_f92c4e0a-ba48-4880-af28-7adb51a3bd76","geometry":{"type":"Polygon","coordinates":[[[139.08888624894522,35.999423258682064],[139.08882874020182,35.99943488905513],[139.0888140619599,35.9993869298947],[139.08887155949466,35.99937530847183],[139.08888624894522,35.999423258682064]]]},"properties":{"layer":"building","height_m":3.7}},{"type":"Feature","id":"bldg_36e08ffd-9d73-4564-bffa-48bbc22d0c60","geometry":{"type":"Polygon","coordinates":[[[139.08891092679445,35.99176942988617],[139.08890271683867,35.99176973946047],[139.08889752329074,35.99173230322347],[139.08890540393136,35.99173163108539],[139.08891092679445,35.99176942988617]]]},"properties":{"layer":"building","height_m":null}},{"type":"Feature","id":"bldg_c8a084f0-9e4e-4796-8dc1-c601fbbd201a","geometry":{"type":"Polygon","coordinates":[[[139.08891092679445,35.99176942988617],[139.08890540393136,35.99173163108539],[139.0889013388225,35.99170393590609],[139.0890430793834,35.99169183664799],[139.08905256419172,35.991756518806184],[139.08891092679445,35.99176942988617]]]},"properties":{"layer":"building","height_m":6.9}},{"type":"Feature","id":"bldg_ace17162-55cd-45ca-8b7e-1f2d8402014b","geometry":{"type":"Polygon","coordinates":[[[139.08897837103513,35.9932553731927],[139.08902101217072,35.99333242863185],[139.08895546239438,35.99335635703684],[139.08893506841727,35.99331954752987],[139.088919821527,35.99332513111484],[139.08889757442648,35.993284885157536],[139.08897837103513,35.9932553731927]]]},"properties":{"layer":"building","height_m":8.1}},{"type":"Feature","id":"bldg_74139a02-fc8e-4d26-9edf-cf0dc7642d14","geometry":{"type":"Polygon","coordinates":[[[139.08893773302805,35.991899248432816],[139.08898723740154,35.991904413620475],[139.08898822823016,35.99189811065856],[139.08902577761344,35.9919020209471],[139.08902451597,35.99190999864967],[139.08905907386077,35.99191359293774],[139.08905782356445,35.99192154367203],[139.08906462654653,35.99192225284176],[139.08906394251983,35.99192659287071],[139.08908523790444,35.991928806994295],[139.08907580359232,35.99198861290234],[139.08899456656226,35.99198015038657],[139.08899391834132,35.991984220246785],[139.088960756576,35.99198076078497],[139.08896149944584,35.99197606060127],[139.0889261881759,35.991972380492925],[139.08893773302805,35.991899248432816]]]},"properties":{"layer":"building","height_m":8.0}},{"type":"Feature","id":"bldg_f00ccdfe-4e30-414e-bf9b-37943d03a2a3","geometry":{"type":"Polygon","coordinates":[[[139.08904750657376,35.99341641402534],[139.08908950360532,35.99350301923505],[139.08901018745954,35.99352839447286],[139.0889986545415,35.993504618693784],[139.0889619442551,35.993516378214274],[139.0889314802407,35.993453548748185],[139.08904750657376,35.99341641402534]]]},"properties":{"layer":"building","height_m":8.2}},{"type":"Feature","id":"bldg_24ca0393-ed17-482c-89fb-a767db59c26f","geometry":{"type":"Polygon","coordinates":[[[139.08897474169885,35.99289798473941],[139.0889707103318,35.99289029866437],[139.08895947205758,35.99289419465617],[139.08893953111303,35.99285639652755],[139.08896111790247,35.99284886941592],[139.08903400111805,35.99282345429144],[139.08905147100432,35.99281734370229],[139.08906846846313,35.99284971574343],[139.08907970672584,35.99284581974126],[139.08908853308574,35.992862548573484],[139.08904958730855,35.992876186987424],[139.08904773585678,35.99287257029542],[139.08897474169885,35.99289798473941]]]},"properties":{"layer":"building","height_m":8.4}},{"type":"Feature","id":"bldg_ea27863f-c554-4b04-9035-022936a77bf6","geometry":{"type":"Polygon","coordinates":[[[139.08896624794193,35.9922025240074],[139.08895523090487,35.992123862168626],[139.0890255623862,35.99211735853758],[139.08902601978107,35.99212061507338],[139.08906655807746,35.992116864806505],[139.0890671501618,35.99212113163534],[139.08907305546404,35.99212059143947],[139.08908301204445,35.99219172983576],[139.08896624794193,35.9922025240074]]]},"properties":{"layer":"building","height_m":8.9}},{"type":"Feature","id":"bldg_72641313-8ae5-4743-a586-96c2e5c61119","geometry":{"type":"Polygon","coordinates":[[[139.08897915416028,35.99242834402096],[139.08896680035102,35.99235030480234],[139.08897157414827,35.99234979364269],[139.0889699021997,35.99233887752231],[139.0890191936146,35.992333685424235],[139.0890209764703,35.99234460223212],[139.0890293024659,35.99234375258926],[139.08904050839826,35.99241412361879],[139.0890620645776,35.99240984098255],[139.0890714005073,35.99244315692271],[139.08910606411908,35.99243670234443],[139.0891158318202,35.99247128278156],[139.08908127909453,35.992477738050496],[139.089081383222,35.99247845973756],[139.08905058587024,35.99248656063833],[139.08905090756528,35.992487734325906],[139.08899579757485,35.99249838827175],[139.08898656749108,35.99246561376369],[139.08899190003163,35.992464655419525],[139.088981485611,35.99242808809687],[139.08897915416028,35.99242834402096]]]},"properties":{"layer":"building","height_m":7.4}},{"type":"Feature","id":"bldg_a4aba420-aba9-4076-bd0b-3cf16b0a3ae5","geometry":{"type":"Polygon","coordinates":[[[139.089030893387,35.99383421725024],[139.089022511224,35.99381623836342],[139.0890032238379,35.99382217543478],[139.08895825847534,35.99372569154586],[139.0890021054687,35.99371220074604],[139.089009063247,35.99372714242485],[139.08905248753405,35.99371378417897],[139.08905023707067,35.993708957268275],[139.08909071379472,35.99369650004778],[139.08913162400356,35.993784297227656],[139.08913923216292,35.9937819559781],[139.08914694013035,35.9937985066188],[139.089030893387,35.99383421725024]]]},"properties":{"layer":"building","height_m":5.8}},{"type":"Feature","id":"bldg_a624884d-0525-4667-aee4-251d419b5e15","geometry":{"type":"Polygon","coordinates":[[[139.08899235376532,35.992056314649176],[139.08898771120582,35.99200862502655],[139.08904794755597,35.99200475363444],[139.08905259023624,35.9920524342427],[139.08899235376532,35.992056314649176]]]},"properties":{"layer":"building","height_m":null}},{"type":"Feature","id":"bldg_8067f08f-8f22-42b1-ab1b-e7224f157d2c","geometry":{"type":"Polygon","coordinates":[[[139.0889269165058,35.999746041358804],[139.08891872874932,35.999708496457224],[139.08896893152814,35.99970123707708],[139.08896946660087,35.99970331338801],[139.08897659016353,35.99973607479131],[139.08897723106554,35.99973869253904],[139.0889269165058,35.999746041358804]]]},"properties":{"layer":"building","height_m":4.5}},{"type":"Feature","id":"bldg_7aacd746-bb5b-4d56-8244-b9aac2698684","geometry":{"type":"Polygon","coordinates":[[[139.0890144882044,35.99297619391486],[139.08898473968986,35.99291985826602],[139.0890510577821,35.99289674577925],[139.08904746154536,35.99288996370768],[139.08905959041064,35.992885712712535],[139.08910398812495,35.99287021538591],[139.08912371158246,35.992907561487705],[139.0891336283454,35.9929262799438],[139.08913733295256,35.99293333307547],[139.0891335496126,35.99293466155703],[139.0890144882044,35.99297619391486]]]},"properties":{"layer":"building","height_m":6.4}},{"type":"Feature","id":"bldg_2f9b2be1-dc76-4055-bc22-aeee3b46ef4c","geometry":{"type":"Polygon","coordinates":[[[139.08899926543785,35.992318149524905],[139.08899599941265,35.992299832843095],[139.08902586715973,35.99229623269471],[139.08902913319176,35.9923145493758],[139.08899926543785,35.992318149524905]]]},"properties":{"layer":"building","height_m":null}},{"type":"Feature","id":"bldg_277da200-9d7f-41e7-95d1-5136f59fbbb7","geometry":{"type":"Polygon","coordinates":[[[139.0889547654272,35.99987493787837],[139.0889296172766,35.999753719171196],[139.08903801184164,35.99973888943221],[139.08904543852645,35.99977480726306],[139.08905091516095,35.99980106006821],[139.08905138191147,35.99980332522787],[139.0890325016637,35.999805911979294],[139.08904427989324,35.99986269487194],[139.0889547654272,35.99987493787837]]]},"properties":{"layer":"building","height_m":7.4}},{"type":"Feature","id":"bldg_c54fcb94-aeb7-4e6b-ac4a-a8ead10532b3","geometry":{"type":"Polygon","coordinates":[[[139.08903290067428,35.993330159011364],[139.08899185151373,35.993254825926556],[139.08899147097878,35.99325401239433],[139.0890746015358,35.99322397406513],[139.08910065999794,35.993271724435786],[139.0890922026841,35.99327473639112],[139.08910027140695,35.99328947765858],[139.08908113027385,35.993296389056354],[139.08908854374613,35.9933100446979],[139.08903290067428,35.993330159011364]]]},"properties":{"layer":"building","height_m":7.9}},{"type":"Feature","id":"bldg_92f3ae9d-051a-4ecd-a842-784079ff0cf4","geometry":{"type":"Polygon","coordinates":[[[139.089070526309,35.99206397402231],[139.08907334874266,35.992082287950765],[139.08901329087172,35.99208840470307],[139.08901046760508,35.99207018089826],[139.089070526309,35.99206397402231]]]},"properties":{"layer":"building","height_m":null}},{"type":"Feature","id":"bldg_80ec6507-3a3a-48c1-b86d-30d591e7e72e","geometry":{"type":"Polygon","coordinates":[[[139.08903053797002,35.99269625919534],[139.08900898523652,35.99261753199845],[139.08901698448565,35.99261604941839],[139.08901130487735,35.99259492372853],[139.08907429565744,35.992583597628425],[139.0890726880254,35.992577639065956],[139.08909590691172,35.992573456869714],[139.0891020199848,35.992595666806466],[139.08908535524225,35.992598717974204],[139.08908674954046,35.992603773911654],[139.08911896747918,35.99259793506817],[139.0891361206871,35.992660952310985],[139.0891441605746,35.992690564869065],[139.08913579221462,35.99269592076329],[139.08912798089764,35.992701009722225],[139.08910887292782,35.99270440625662],[139.08910801789196,35.99270097600727],[139.08907457830733,35.992706987528535],[139.0890723289739,35.99269850134142],[139.08905966341368,35.992700856275675],[139.08905708984608,35.99269146677535],[139.08903053797002,35.99269625919534]]]},"properties":{"layer":"building","height_m":7.2}},{"type":"Feature","id":"bldg_e8e6030f-f971-4df6-a654-0eb44b4e6261","geometry":{"type":"Polygon","coordinates":[[[139.08903238741783,35.99358547642134],[139.08901216699584,35.99354080865913],[139.08907022432732,35.99352344929088],[139.08909044486265,35.99356810803128],[139.08903238741783,35.99358547642134]]]},"properties":{"layer":"building","height_m":3.1}},{"type":"Feature","id":"bldg_1db832e5-76b6-4479-bfa5-c56c0087e19b","geometry":{"type":"Polygon","coordinates":[[[139.08903873124478,35.996180180973646],[139.0890167055178,35.99618592980405],[139.0889915606436,35.99612230418223],[139.08901358635453,35.996116555356174],[139.08903873124478,35.996180180973646]]]},"properties":{"layer":"building","height_m":3.0}},{"type":"Feature","id":"bldg_19a3dec7-add7-46dd-981f-e2bfb75c3d1e","geometry":{"type":"Polygon","coordinates":[[[139.0890352087599,35.992308872820686],[139.08902942657238,35.99228095969519],[139.089040686933,35.99227942524249],[139.08903059786417,35.99223065632135],[139.08908818801686,35.992222784739944],[139.08908310643244,35.99219821077809],[139.08911723177332,35.992193555459004],[139.089122747995,35.992220268200036],[139.0891235864339,35.99222428419245],[139.08914537426264,35.99222130986484],[139.08915996147266,35.992291837055944],[139.0890352087599,35.992308872820686]]]},"properties":{"layer":"building","height_m":4.5}},{"type":"Feature","id":"bldg_eeeed21e-6a40-4834-8e78-2ca64e4e61c5","geometry":{"type":"Polygon","coordinates":[[[139.08895810727674,35.999885215412874],[139.08896073615242,35.999876939764555],[139.08898508997274,35.999882048041876],[139.0889824610994,35.99989032369075],[139.08895810727674,35.999885215412874]]]},"properties":{"layer":"building","height_m":6.0}},{"type":"Feature","id":"bldg_d7edb793-0615-470e-9a44-f43d88ea7c88","geometry":{"type":"Polygon","coordinates":[[[139.08898457162803,35.99970115387004],[139.08899180610754,35.999733915960746],[139.08897659016353,35.99973607479131],[139.08896946660087,35.99970331338801],[139.08898457162803,35.99970115387004]]]},"properties":{"layer":"building","height_m":4.2}},{"type":"Feature","id":"bldg_df8eb4a8-b0de-431b-99ea-cdd1f7b8a0fe","geometry":{"type":"Polygon","coordinates":[[[139.08903390771192,35.993022280766745],[139.08908821382374,35.99300278906696],[139.08908418074716,35.99299528324541],[139.08913314409588,35.992977831371086],[139.08914004367907,35.992975350529825],[139.08914821989637,35.99299045298201],[139.08918899182058,35.993065784296896],[139.08920109193943,35.9930882116259],[139.08913187505152,35.99311292855337],[139.08909092277133,35.99312763609336],[139.08903390771192,35.993022280766745]]]},"properties":{"layer":"building","height_m":9.0}},{"type":"Feature","id":"bldg_69c882b8-debd-4ab0-a48b-016e3efbe0ce","geometry":{"type":"Polygon","coordinates":[[[139.0890810433947,35.99618263365838],[139.08901115915535,35.9960006870935],[139.08920568528944,35.99595134899208],[139.08919926530422,35.99593462608932],[139.08925214101737,35.99592120924293],[139.08924444332516,35.99590117965605],[139.0892658448393,35.9958957513795],[139.08919350297816,35.99570739043139],[139.08918249273174,35.99567870582911],[139.08920848142387,35.995663130331664],[139.08922905599414,35.99564772854398],[139.08924577512468,35.995629508805294],[139.0892580673599,35.9956090894702],[139.08926552675695,35.995587180049775],[139.08926710023837,35.99557198486398],[139.08926788012147,35.99556452693015],[139.08945317741436,35.9955175286334],[139.08952576863473,35.99570654892902],[139.08950052056332,35.995712944831986],[139.0896276670165,35.99604400584999],[139.0890810433947,35.99618263365838]]]},"properties":{"layer":"building","height_m":16.1}},{"type":"Feature","id":"bldg_b0dbfe81-910f-43d0-9f05-91b70aa0abbe","geometry":{"type":"Polygon","coordinates":[[[139.08910370915535,35.992577597181736],[139.0891011593744,35.9925692172872],[139.08906252401826,35.99257698114817],[139.0890494845989,35.99253413350177],[139.0890562293916,35.99253277833121],[139.0890498171569,35.99251172020158],[139.0891778903434,35.992485989437874],[139.0891998808838,35.99255826600522],[139.08910370915535,35.992577597181736]]]},"properties":{"layer":"building","height_m":8.4}},{"type":"Feature","id":"bldg_f4e545d9-4ca6-4eec-84b8-3b382da078ff","geometry":{"type":"Polygon","coordinates":[[[139.0890984687499,35.993686796081185],[139.08909353428348,35.99367842843232],[139.08908233577614,35.99368280237085],[139.0890426515766,35.99361562553717],[139.08905072204138,35.99361247599041],[139.0890416062454,35.99359703422189],[139.0891034649349,35.993572893599385],[139.0891306817343,35.993618956701575],[139.08915145345745,35.99361084766855],[139.08917799337047,35.99365577092142],[139.0890984687499,35.993686796081185]]]},"properties":{"layer":"building","height_m":7.9}},{"type":"Feature","id":"bldg_9727955b-1629-4629-a0cf-d5b7b034c108","geometry":{"type":"Polygon","coordinates":[[[139.0889891132152,35.99989063535939],[139.0889948743063,35.99987009442471],[139.08905466542186,35.999881190901526],[139.08904890434536,35.99990173183922],[139.0889891132152,35.99989063535939]]]},"properties":{"layer":"building","height_m":3.5}},{"type":"Feature","id":"bldg_e08b1797-d824-43e2-ad99-28af90512d26","geometry":{"type":"Polygon","coordinates":[[[139.08911250296447,35.992861074937615],[139.08913493909935,35.99290362936171],[139.08912371158246,35.992907561487705],[139.08910398812495,35.99287021538591],[139.08905959041064,35.992885712712535],[139.08905686698927,35.99288046826851],[139.08911250296447,35.992861074937615]]]},"properties":{"layer":"building","height_m":6.1}},{"type":"Feature","id":"bldg_7ab1ea3a-2fb2-4cec-8380-1b820a0af082","geometry":{"type":"Polygon","coordinates":[[[139.0892093729952,35.99204359168428],[139.08911819290813,35.99203456284675],[139.0891146669621,35.9920580829649],[139.08906988021872,35.99205365011316],[139.08908518997632,35.991951618635234],[139.08909961652046,35.991953051075015],[139.08910100073993,35.9919438303362],[139.08917167102197,35.99195083021511],[139.0891710323766,35.99195506237002],[139.08920566936325,35.9919585038854],[139.08920504223286,35.99196269104686],[139.08922126375083,35.991964305853394],[139.0892093729952,35.99204359168428]]]},"properties":{"layer":"building","height_m":7.9}},{"type":"Feature","id":"bldg_d433e0fb-41c0-438d-a5b0-b78e305a1172","geometry":{"type":"Polygon","coordinates":[[[139.08913347426616,35.992942682670716],[139.0891537251675,35.992935688017965],[139.08916385612446,35.99295521897142],[139.08913325753906,35.99296575463817],[139.0890721712455,35.99298682663597],[139.08906192940614,35.99296729498704],[139.08913347426616,35.992942682670716]]]},"properties":{"layer":"building","height_m":null}},{"type":"Feature","id":"bldg_680d68a5-12a7-4a2a-94d3-74ebc52beebd","geometry":{"type":"Polygon","coordinates":[[[139.0890899920671,35.99234124495484],[139.08908488303,35.992342024429774],[139.08907752129934,35.99231106412166],[139.08913949765656,35.992301444164504],[139.0891524933118,35.9922993616594],[139.0891692367505,35.992370578200536],[139.08916135096896,35.99237179110445],[139.0891726560611,35.992419810464206],[139.0891678805677,35.99242050188156],[139.08914600015493,35.99242388122412],[139.08913833616867,35.99242509550238],[139.08912000964906,35.99242795610604],[139.089116486234,35.992413423296476],[139.08910726794838,35.99241480819057],[139.0890899920671,35.99234124495484]]]},"properties":{"layer":"building","height_m":7.5}},{"type":"Feature","id":"bldg_b9854af9-4399-4f9b-ba7d-2f129766b799","geometry":{"type":"Polygon","coordinates":[[[139.08908773351322,35.992192065570045],[139.08908460715745,35.99217068533207],[139.0891184647173,35.992167380303265],[139.0891215910821,35.9921887605405],[139.08908773351322,35.992192065570045]]]},"properties":{"layer":"building","height_m":null}},{"type":"Feature","id":"bldg_e35ec4f6-7fd0-443d-a6db-60d0eecb5da9","geometry":{"type":"Polygon","coordinates":[[[139.08917044105917,35.993412480913804],[139.08918897091945,35.993456480213865],[139.0892062066869,35.993451693063975],[139.089214874916,35.9934722784739],[139.08919969633348,35.99347649254019],[139.08920101979365,35.99347964629086],[139.08910205279943,35.993507161958114],[139.08907353132795,35.99343942347439],[139.08917044105917,35.993412480913804]]]},"properties":{"layer":"building","height_m":8.1}},{"type":"Feature","id":"bldg_ebe68b3d-5bb5-455d-9679-3d69f2af2fb6","geometry":{"type":"Polygon","coordinates":[[[139.0891186093622,35.9963479129168],[139.08907876937351,35.99635856246972],[139.08905686257762,35.99630442962364],[139.08909670245708,35.996293789090096],[139.0891186093622,35.9963479129168]]]},"properties":{"layer":"building","height_m":4.3}},{"type":"Feature","id":"bldg_fcebaa5e-5533-4de6-9389-ffc69a5be40b","geometry":{"type":"Polygon","coordinates":[[[139.08910219456791,35.991656169369406],[139.08914707556295,35.991652905678514],[139.0891489458742,35.99166986174789],[139.08915820174448,35.99166918911122],[139.0891632811306,35.991715250084525],[139.08910914422447,35.99171918641455],[139.08910219456791,35.991656169369406]]]},"properties":{"layer":"building","height_m":3.0}},{"type":"Feature","id":"bldg_9f4aabf1-1e3a-4849-90dc-6942120f7523","geometry":{"type":"Polygon","coordinates":[[[139.08906273123165,35.999799520056385],[139.08905091516095,35.99980106006821],[139.08904543852645,35.99977480726306],[139.08905732207137,35.99977316852737],[139.08906273123165,35.999799520056385]]]},"properties":{"layer":"building","height_m":3.1}},{"type":"Feature","id":"bldg_c190265c-f271-4ea5-81a6-4d9e5f13f83a","geometry":{"type":"Polygon","coordinates":[[[139.08920915347343,35.992584163831594],[139.0892329811416,35.99266867343324],[139.0891889848359,35.99267687275844],[139.0891913459287,35.9926852695066],[139.08914968191434,35.99269312276423],[139.08913626375875,35.992645721206706],[139.08911715582408,35.992578275460815],[139.08913693170706,35.9925746126779],[139.08917170627228,35.992568158769366],[139.0891778227524,35.992590008203],[139.08920915347343,35.992584163831594]]]},"properties":{"layer":"building","height_m":8.4}},{"type":"Feature","id":"bldg_0410d7cc-5500-45e7-8551-20fd03705d50","geometry":{"type":"Polygon","coordinates":[[[139.0891793273903,35.99327996364602],[139.0891310699363,35.99319863730453],[139.08911753064078,35.993175930650224],[139.08913134169484,35.993169707221476],[139.0891324549432,35.99316926347706],[139.08913136032,35.99316772447435],[139.08912939118355,35.9931648280946],[139.08913139503056,35.99316402935469],[139.0891564435379,35.993154000040455],[139.08916497110513,35.99316712180809],[139.08919146894792,35.99315629030619],[139.08924664373296,35.99316240087871],[139.08924882282622,35.99316656038055],[139.08926636981633,35.99316405544393],[139.0892716084461,35.99317310094879],[139.08929008412392,35.99316618539285],[139.0892923749675,35.9931702554569],[139.08930038950302,35.993167150610965],[139.08931053745286,35.99318487905459],[139.08931810584374,35.99318204183078],[139.08932672487578,35.993197237147115],[139.08933106611863,35.993195551599186],[139.08934372334426,35.99321771197846],[139.08933337140758,35.993221703632],[139.08933544637634,35.99322514144552],[139.08932887948203,35.993227624361175],[139.08931769873112,35.99322539189463],[139.0893158430272,35.99322222583108],[139.08927098800478,35.99323916247987],[139.08926716993085,35.99323237903913],[139.08925425878627,35.99323725611345],[139.0892610246488,35.993249014995165],[139.0891793273903,35.99327996364602]]]},"properties":{"layer":"building","height_m":9.1}},{"type":"Feature","id":"bldg_20523b0e-5791-43d0-9771-5b898ddcf660","geometry":{"type":"Polygon","coordinates":[[[139.08916616113137,35.9922729481861],[139.0891502541231,35.99220714464042],[139.08914036792126,35.992208795784265],[139.0891343699985,35.99220975000744],[139.08913041992042,35.99219341194825],[139.08914052792088,35.99219176218112],[139.08918406850918,35.9921848218666],[139.08918897860696,35.99220522173535],[139.0892496240665,35.992195593464864],[139.08926446108796,35.992257244375146],[139.08916616113137,35.9922729481861]]]},"properties":{"layer":"building","height_m":4.6}},{"type":"Feature","id":"bldg_096e069e-4bef-4a5c-8722-83c42f38a9ba","geometry":{"type":"Polygon","coordinates":[[[139.08926429767638,35.99990025606317],[139.08924930886013,35.999912474847534],[139.0891565973252,35.999932079821235],[139.08907279590355,35.99967038111469],[139.08908984440117,35.99966678254842],[139.08908716114476,35.99965841985993],[139.089180528017,35.99963868380781],[139.08926429767638,35.99990025606317]]]},"properties":{"layer":"building","height_m":8.9}},{"type":"Feature","id":"bldg_38748bb2-c284-4650-b635-c6bd40e7b1b7","geometry":{"type":"Polygon","coordinates":[[[139.08914600015493,35.99242388122412],[139.0891678805677,35.99242050188156],[139.0891781155929,35.99244075452175],[139.08915554776146,35.99244647298523],[139.08914600015493,35.99242388122412]]]},"properties":{"layer":"building","height_m":null}},{"type":"Feature","id":"bldg_81c9aaaa-e727-462a-834c-91a03ce5704e","geometry":{"type":"Polygon","coordinates":[[[139.08918899182058,35.993065784296896],[139.08914821989637,35.99299045298201],[139.089169031241,35.9929828308926],[139.0892110281756,35.993057629018594],[139.08918899182058,35.993065784296896]]]},"properties":{"layer":"building","height_m":7.0}},{"type":"Feature","id":"bldg_ba9f1421-b342-4b47-bc08-1ac16e9b099e","geometry":{"type":"Polygon","coordinates":[[[139.0892995864916,35.993612839070735],[139.08938203535064,35.99374872584681],[139.08933031248358,35.993769450452724],[139.08930961566466,35.99373533402257],[139.08931910085445,35.993731526269364],[139.08929238610315,35.99368749425142],[139.08927667777974,35.993693787047086],[139.08927199235927,35.993686060874005],[139.08917288840829,35.99372577035238],[139.0891425477462,35.99367575820812],[139.0892995864916,35.993612839070735]]]},"properties":{"layer":"building","height_m":6.4}},{"type":"Feature","id":"bldg_4fe2520b-6984-4026-8a43-a2c8ecf98f10","geometry":{"type":"Polygon","coordinates":[[[139.0891642719432,35.99230286868466],[139.08921373077294,35.99229519896625],[139.08922153692143,35.99232844231543],[139.0891720780716,35.99233611203678],[139.0891642719432,35.99230286868466]]]},"properties":{"layer":"building","height_m":null}},{"type":"Feature","id":"bldg_b6cd63e7-3c2a-4e6c-8f5e-9b9a0c8aad2a","geometry":{"type":"Polygon","coordinates":[[[139.08923149786898,35.99190553237762],[139.08922356732893,35.99195875009939],[139.08917326281718,35.99195375129289],[139.0891811933904,35.99190053357479],[139.08918828504991,35.99190120847617],[139.08922983606527,35.9919053418096],[139.08923149786898,35.99190553237762]]]},"properties":{"layer":"building","height_m":6.3}},{"type":"Feature","id":"bldg_c7f90b4f-1f9d-4911-95aa-dc20acd85818","geometry":{"type":"Polygon","coordinates":[[[139.0893067860459,35.99233487459565],[139.08931671509563,35.99236999679894],[139.0893136487425,35.9923705636271],[139.08932226814719,35.992401063044376],[139.08929382608198,35.99240637556832],[139.0893009748126,35.99243168338277],[139.08926518900657,35.99243835638244],[139.0892645773571,35.99243617143947],[139.08919678311955,35.992448819796564],[139.0891717088094,35.992360075348785],[139.0893067860459,35.99233487459565]]]},"properties":{"layer":"building","height_m":7.0}},{"type":"Feature","id":"bldg_a959664c-5989-4fe7-912a-c6363a45f77b","geometry":{"type":"Polygon","coordinates":[[[139.0891858798112,35.99169677839375],[139.0892401291253,35.99169504190172],[139.0892411407981,35.99171722019217],[139.0891869989824,35.99171931787196],[139.0891858798112,35.99169677839375]]]},"properties":{"layer":"building","height_m":3.1}},{"type":"Feature","id":"bldg_a3b902fd-d89b-433c-bf22-215109c5e071","geometry":{"type":"Polygon","coordinates":[[[139.0891972535434,35.9929171028138],[139.08917708288593,35.99287304826846],[139.0891831445205,35.99287122017652],[139.08917944947785,35.9928631486351],[139.08926627053282,35.99283689148768],[139.08926928095707,35.99284346262006],[139.0892719948154,35.99284264124248],[139.08928386246197,35.99286856417092],[139.08929963394672,35.99286379496343],[139.08930738283684,35.99288070637031],[139.0892915223743,35.992885502065974],[139.0892927723453,35.99288821372246],[139.0891972535434,35.9929171028138]]]},"properties":{"layer":"building","height_m":9.0}},{"type":"Feature","id":"bldg_fa0cd108-b4a1-425a-a2ed-cf8f61a8c2bb","geometry":{"type":"Polygon","coordinates":[[[139.0892071267767,35.992575588897644],[139.08918413138971,35.992579592241576],[139.08918006107183,35.992564244870415],[139.08920294555384,35.99256024083929],[139.0892071267767,35.992575588897644]]]},"properties":{"layer":"building","height_m":6.9}},{"type":"Feature","id":"bldg_c5b19c84-d780-4a3b-bd96-31a3e968505e","geometry":{"type":"Polygon","coordinates":[[[139.08924605189517,35.993095520656546],[139.08925304718116,35.99311827683698],[139.0892631586834,35.99311626656164],[139.08927206213724,35.99312479401701],[139.0892794891892,35.99314881469559],[139.0892442555339,35.99315688812797],[139.0892429585745,35.993153274878395],[139.08923050797725,35.99315635220449],[139.0892052639009,35.993139972195266],[139.0891862531849,35.99314481142641],[139.08917581742676,35.993110497244416],[139.08924605189517,35.993095520656546]]]},"properties":{"layer":"building","height_m":7.0}},{"type":"Feature","id":"bldg_627d085a-79dd-45c9-be17-8eab6acdcf99","geometry":{"type":"Polygon","coordinates":[[[139.08918828504991,35.99190120847617],[139.08918947700394,35.99189238311616],[139.08923103393985,35.99189588557491],[139.08922983606527,35.9919053418096],[139.08918828504991,35.99190120847617]]]},"properties":{"layer":"building","height_m":4.3}},{"type":"Feature","id":"bldg_48291947-3b3c-4007-a82b-8e4ca51d236b","geometry":{"type":"Polygon","coordinates":[[[139.08937265394073,35.99251082054804],[139.08925026625778,35.992540525471604],[139.0892489701541,35.99253682209697],[139.08920817480595,35.99254666362646],[139.0891831950274,35.9924785505559],[139.08922665872853,35.992468004544875],[139.08923065793414,35.99247911535738],[139.08930635812052,35.99246074768687],[139.08930376337136,35.99245361131333],[139.0893099776925,35.99245205455203],[139.08931187857752,35.99245158865182],[139.08934233641784,35.992444206619155],[139.08934319907834,35.992446825743095],[139.0893608290105,35.99249452379014],[139.089366164934,35.99249320492977],[139.0893671376501,35.9924959148662],[139.08937265394073,35.99251082054804]]]},"properties":{"layer":"building","height_m":4.2}},{"type":"Feature","id":"bldg_2275009d-d5d6-4506-bae0-ac297e53b04e","geometry":{"type":"Polygon","coordinates":[[[139.08930833831567,35.99289824260602],[139.0893110918085,35.99290382972539],[139.08936414578102,35.99288656536067],[139.08939213766092,35.99294338573916],[139.08923369872178,35.99299493993168],[139.08920295345212,35.99293253239613],[139.08923412506203,35.9929223878253],[139.08930833831567,35.99289824260602]]]},"properties":{"layer":"building","height_m":9.3}},{"type":"Feature","id":"bldg_4bb04a0c-a4af-4c9c-937f-3b0f581f1fcc","geometry":{"type":"Polygon","coordinates":[[[139.0892084689963,35.993082128537615],[139.0892023634847,35.99307091452967],[139.0892305180391,35.993060814336424],[139.08923662355394,35.993072028343],[139.0892084689963,35.993082128537615]]]},"properties":{"layer":"building","height_m":3.0}},{"type":"Feature","id":"bldg_20960f6e-d63f-47b6-af5c-dcfa480071a9","geometry":{"type":"Polygon","coordinates":[[[139.08931438546162,35.9925389402983],[139.0893415732903,35.99263176269156],[139.0893355727986,35.99263298729902],[139.0893332506556,35.99263343256095],[139.08923724191484,35.992651935657605],[139.089210379286,35.99255992643005],[139.08920815703974,35.992560363296214],[139.08920762115915,35.992558377109276],[139.08925739692873,35.99254886167231],[139.08925503160052,35.99254091554962],[139.08929414142418,35.99253340693353],[139.08929671924713,35.99254234580487],[139.08931438546162,35.9925389402983]]]},"properties":{"layer":"building","height_m":8.2}},{"type":"Feature","id":"bldg_5db197f0-aacc-4677-9de0-26375c44e0f4","geometry":{"type":"Polygon","coordinates":[[[139.0893072842331,35.992444800397166],[139.0893099776925,35.99245205455203],[139.08930376337136,35.99245361131333],[139.08930635812052,35.99246074768687],[139.08923065793414,35.99247911535738],[139.08922665872853,35.992468004544875],[139.08922735968355,35.992464223427184],[139.0893072842331,35.992444800397166]]]},"properties":{"layer":"building","height_m":3.7}},{"type":"Feature","id":"bldg_b89d2f8c-5a79-41bf-bc0a-740d1198fd4c","geometry":{"type":"Polygon","coordinates":[[[139.08925739846416,35.99731449953523],[139.08920132252058,35.9973296270207],[139.08918824689573,35.997297630852756],[139.08924432281893,35.99728250337308],[139.08925739846416,35.99731449953523]]]},"properties":{"layer":"building","height_m":4.6}},{"type":"Feature","id":"bldg_ca943b29-c30a-4b06-b3ea-497e47a3e2f3","geometry":{"type":"Polygon","coordinates":[[[139.08933538995802,35.99264064722618],[139.0892421816792,35.99266918115233],[139.08923724191484,35.992651935657605],[139.0893332506556,35.99263343256095],[139.08933538995802,35.99264064722618]]]},"properties":{"layer":"building","height_m":3.5}},{"type":"Feature","id":"bldg_33163db3-e9e5-4a4e-80d8-b0817358d04e","geometry":{"type":"Polygon","coordinates":[[[139.089309413954,35.993139176114205],[139.08924329197202,35.99302330930833],[139.08933144237426,35.992990147380205],[139.08935391903634,35.993029583512325],[139.08934757480796,35.99303197767998],[139.08938980135716,35.99310596599678],[139.08939447614435,35.993104192384855],[139.08940757020937,35.99312707650777],[139.08940256102406,35.99312902830669],[139.08941147569266,35.99314463103602],[139.08941663628366,35.99315372111579],[139.08934172956933,35.99318200808479],[139.0893406163219,35.99318245183115],[139.08931475669306,35.99313713625781],[139.089309413954,35.993139176114205]]]},"properties":{"layer":"building","height_m":8.4}},{"type":"Feature","id":"bldg_9bad434e-11e8-48c0-9e39-7de49d3bf901","geometry":{"type":"Polygon","coordinates":[[[139.08930459852095,35.99225839462129],[139.08931690181524,35.99231822720746],[139.08927781326037,35.9923234827104],[139.0892773908191,35.99232122683688],[139.0892663972947,35.99232269086273],[139.08926215426501,35.9923021148746],[139.08925515738707,35.992303153037895],[139.0892509143613,35.99228257704935],[139.08925890934015,35.99228154507706],[139.08925583373878,35.992266564398015],[139.08927271343435,35.9922642355803],[139.08927239512252,35.992262701393706],[139.08930459852095,35.99225839462129]]]},"properties":{"layer":"building","height_m":null}},{"type":"Feature","id":"bldg_c58dd152-eb06-4bc8-b0aa-83eda1aff73d","geometry":{"type":"Polygon","coordinates":[[[139.08935778285618,35.99212208717788],[139.08925289508247,35.99211891300677],[139.08926138498424,35.99193528044173],[139.08936627251546,35.99193845460266],[139.08935778285618,35.99212208717788]]]},"properties":{"layer":"building","height_m":9.5}},{"type":"Feature","id":"bldg_1f6760f2-aa3d-4a99-aa77-e4cbd165e1ef","geometry":{"type":"Polygon","coordinates":[[[139.08937044246153,35.99332504239886],[139.08944044056076,35.993453371124076],[139.08930278171226,35.993502900145735],[139.0892916609996,35.99348246176522],[139.0893093553561,35.99347608214175],[139.08924252027504,35.99335345115853],[139.0893171926875,35.99332651475204],[139.08932526061116,35.99334134612968],[139.08937044246153,35.99332504239886]]]},"properties":{"layer":"building","height_m":10.3}},{"type":"Feature","id":"bldg_355c0da5-80a1-4026-8458-a63e0327963f","geometry":{"type":"Polygon","coordinates":[[[139.0892731713625,35.99222728506475],[139.08928427497196,35.992249525946825],[139.0892710363673,35.99225386021281],[139.08926004366123,35.99223162001743],[139.0892731713625,35.99222728506475]]]},"properties":{"layer":"building","height_m":null}},{"type":"Feature","id":"bldg_e077374a-8c3b-4545-8284-a2d8710856cc","geometry":{"type":"Polygon","coordinates":[[[139.08931300269566,35.99278420284568],[139.08929034690303,35.99279101136273],[139.08926084468268,35.99272615099734],[139.08928350045912,35.99271934248559],[139.08931300269566,35.99278420284568]]]},"properties":{"layer":"building","height_m":null}},{"type":"Feature","id":"bldg_4dbf1eec-b92f-4a56-9c1b-d6df1ea6cb1f","geometry":{"type":"Polygon","coordinates":[[[139.08949779755775,35.997503001326905],[139.08950791638625,35.99750027004043],[139.08952060145282,35.997531353438035],[139.08950881477435,35.99753452503382],[139.0895120675296,35.9975424766487],[139.0895127346682,35.99754230052537],[139.08953246625893,35.99759073258653],[139.08953213268944,35.99759082064826],[139.0895349519736,35.99759768801398],[139.08952194191525,35.99760121254553],[139.08938606052064,35.997637864012255],[139.0893255605599,35.997489855751446],[139.08929631567392,35.99749778606666],[139.08928178760047,35.99746218471114],[139.0892869028928,35.997460774358686],[139.08926489322153,35.997406920323],[139.08925944436328,35.99740841873554],[139.0892457841098,35.99737489574968],[139.08927847555066,35.997366085523865],[139.08925739846416,35.99731449953523],[139.08924432281893,35.99728250337308],[139.08921873540834,35.99721988451901],[139.08936662544917,35.997179972901264],[139.08941237703615,35.99729219818086],[139.08943528319054,35.99728603112899],[139.08944374014166,35.99730672335795],[139.08942016684497,35.99731306653422],[139.08949779755775,35.997503001326905]]]},"properties":{"layer":"building","height_m":9.3}},{"type":"Feature","id":"bldg_d79c9048-7ba1-4840-94b1-9428d7787df1","geometry":{"type":"Polygon","coordinates":[[[139.08938062476304,35.99221827150912],[139.08931622656488,35.992231878349266],[139.08929439753626,35.99216365865721],[139.0893587846769,35.99215004274675],[139.08938062476304,35.99221827150912]]]},"properties":{"layer":"building","height_m":3.5}},{"type":"Feature","id":"bldg_6e47e7e5-6c18-4516-9652-84dc8b19b1d8","geometry":{"type":"Polygon","coordinates":[[[139.08943125923577,35.992234214074244],[139.08944749067552,35.99228911384898],[139.08933449093206,35.99231121601395],[139.0893182587203,35.992256406349874],[139.08943125923577,35.992234214074244]]]},"properties":{"layer":"building","height_m":7.2}},{"type":"Feature","id":"bldg_9014b62a-4ec9-4a54-ab43-59a2eee643bc","geometry":{"type":"Polygon","coordinates":[[[139.08932801109268,35.992576068289],[139.0893141136984,35.992532449243306],[139.08934267271738,35.99252649751627],[139.08935657097277,35.992570026434],[139.08932801109268,35.992576068289]]]},"properties":{"layer":"building","height_m":3.0}},{"type":"Feature","id":"bldg_32558416-4535-4794-8899-a3efa32d9a7a","geometry":{"type":"Polygon","coordinates":[[[139.08932453548417,35.99352484655446],[139.08933800287468,35.9935197926626],[139.0893805454466,35.99359558554044],[139.0893670780457,35.99360063943686],[139.08932453548417,35.99352484655446]]]},"properties":{"layer":"building","height_m":6.4}},{"type":"Feature","id":"bldg_c4b4a3b3-454e-4314-b9b8-1c66d8168c4e","geometry":{"type":"Polygon","coordinates":[[[139.0892882347513,35.99750909233119],[139.08932680375247,35.99749920093622],[139.08934504058746,35.99754616364996],[139.0893064715655,35.997556055050474],[139.0892882347513,35.99750909233119]]]},"properties":{"layer":"building","height_m":3.7}},{"type":"Feature","id":"bldg_4814d342-d9ac-4620-a065-95dcc13f543b","geometry":{"type":"Polygon","coordinates":[[[139.08934048553596,35.99233423637625],[139.0894200476078,35.99231796557651],[139.0894319936679,35.992356795614036],[139.08943932748076,35.99235530887911],[139.08944320480964,35.992367590620894],[139.0894294260774,35.9923703893426],[139.08943663892572,35.99239359751478],[139.08942108155003,35.99239683585667],[139.08942302021387,35.99240297672782],[139.08935234702304,35.99241750005314],[139.08934244462674,35.99238544244284],[139.08935544536877,35.99238281916656],[139.08934048553596,35.99233423637625]]]},"properties":{"layer":"building","height_m":4.8}},{"type":"Feature","id":"bldg_b934de7d-6510-405a-a9e0-abda971e7d67","geometry":{"type":"Polygon","coordinates":[[[139.08936791564696,35.99249573943078],[139.0893671376501,35.9924959148662],[139.089366164934,35.99249320492977],[139.0893608290105,35.99249452379014],[139.08934319907834,35.992446825743095],[139.0893494238958,35.99244533213596],[139.08936791564696,35.99249573943078]]]},"properties":{"layer":"building","height_m":4.2}},{"type":"Feature","id":"bldg_9a884736-5a6e-4504-a11d-943897c4e6e9","geometry":{"type":"Polygon","coordinates":[[[139.08941147569266,35.99314463103602],[139.08943143167335,35.993137156818214],[139.08945825350048,35.99318158604507],[139.08938754003947,35.993209772862315],[139.0893406163219,35.99318245183115],[139.08934172956933,35.99318200808479],[139.08941663628366,35.99315372111579],[139.08941147569266,35.99314463103602]]]},"properties":{"layer":"building","height_m":7.0}},{"type":"Feature","id":"bldg_7e52e3db-4448-4489-89e9-927cc330f83f","geometry":{"type":"Polygon","coordinates":[[[139.0893805454466,35.99359558554044],[139.08933800287468,35.9935197926626],[139.08944863046685,35.993478838603785],[139.08949117312403,35.993554631443864],[139.0893805454466,35.99359558554044]]]},"properties":{"layer":"building","height_m":8.6}},{"type":"Feature","id":"bldg_d2287215-4bb3-4c98-a74a-7fad3fa3e3e4","geometry":{"type":"Polygon","coordinates":[[[139.09077382504714,35.998654810728326],[139.0907464387354,35.99864902609251],[139.0907555112491,35.998620673264085],[139.09078289746728,35.99862646691026],[139.09077382504714,35.998654810728326]]]},"properties":{"layer":"building","height_m":3.1}},{"type":"Feature","id":"bldg_153e4168-a9ca-489e-8a5d-5f0a95939572","geometry":{"type":"Polygon","coordinates":[[[139.08934811466864,35.99326974429315],[139.08936492091314,35.993263449283155],[139.08937616013367,35.9932830772214],[139.08935935303953,35.99328946235777],[139.08934811466864,35.99326974429315]]]},"properties":{"layer":"building","height_m":null}},{"type":"Feature","id":"bldg_0943cdeb-5d08-47eb-938e-5afa99bfcc46","geometry":{"type":"Polygon","coordinates":[[[139.08946317116562,35.992710993068044],[139.08949434924693,35.99277456590222],[139.08939135796953,35.99280791532222],[139.0893601799587,35.992744342462466],[139.08946317116562,35.992710993068044]]]},"properties":{"layer":"building","height_m":7.6}},{"type":"Feature","id":"bldg_271ef140-d966-486d-a5c8-eaebb0e9af37","geometry":{"type":"Polygon","coordinates":[[[139.08950288457436,35.99355940885439],[139.08951649228362,35.993583116333255],[139.0894931298246,35.99361437280572],[139.0894634781835,35.993625617441],[139.08947207714084,35.99364059630944],[139.08946214869877,35.99364436527427],[139.08946477853803,35.9936489511786],[139.08944245336218,35.99368194457095],[139.08941039748254,35.99369410262405],[139.08936343074964,35.99361227965441],[139.08950288457436,35.99355940885439]]]},"properties":{"layer":"building","height_m":7.6}},{"type":"Feature","id":"bldg_9b4e82ee-3f80-4889-9cce-08f54751e95f","geometry":{"type":"Polygon","coordinates":[[[139.0893791655828,35.99331734530606],[139.08950447251064,35.993272155981124],[139.08955647996243,35.99336756572325],[139.089495162354,35.99338962793111],[139.08949360465084,35.993390159053085],[139.08950112910506,35.99340381535753],[139.0894622906457,35.99341781508909],[139.08945923785913,35.99341220809156],[139.08943553366979,35.99342080372273],[139.0893791655828,35.99331734530606]]]},"properties":{"layer":"building","height_m":9.2}},{"type":"Feature","id":"bldg_420fab44-ba7a-40ad-9235-3ac8912ae85d","geometry":{"type":"Polygon","coordinates":[[[139.08941323119717,35.99165014909258],[139.08954924459076,35.991633777602914],[139.08955428517442,35.99166391232375],[139.08957937721416,35.99166100346727],[139.08958923901181,35.9916973870572],[139.08954604580688,35.99170279746238],[139.08954446523063,35.99169395490835],[139.08942288474645,35.99170870342014],[139.08941323119717,35.99165014909258]]]},"properties":{"layer":"building","height_m":7.1}},{"type":"Feature","id":"bldg_3b2b2231-04d7-4820-8847-73d2c4d83563","geometry":{"type":"Polygon","coordinates":[[[139.08946885439627,35.99183282729297],[139.08943638849127,35.991815501248574],[139.08942178772298,35.99171805212641],[139.08945120520374,35.99171513406736],[139.08945225962455,35.99172213470496],[139.08946885439627,35.99183282729297]]]},"properties":{"layer":"building","height_m":10.5}},{"type":"Feature","id":"bldg_8f6779db-6a7f-4695-a34d-ec6e06772933","geometry":{"type":"Polygon","coordinates":[[[139.08944541039463,35.99292526645908],[139.0894114317126,35.99285167180215],[139.0894720831942,35.99283318366852],[139.08947503962347,35.9928396012398],[139.0894943929372,35.992833700550925],[139.0895091647689,35.992865707222826],[139.08950235773517,35.99286778307378],[139.0895180752934,35.992901832549336],[139.08950641883445,35.99290538350512],[139.0895069406677,35.99290650435433],[139.08944541039463,35.99292526645908]]]},"properties":{"layer":"building","height_m":8.3}},{"type":"Feature","id":"bldg_ec42dce9-598f-4253-9bb8-e013d58d7796","geometry":{"type":"Polygon","coordinates":[[[139.08944763794952,35.992497856155005],[139.08942190198516,35.99242757532024],[139.08951005170317,35.992406220296964],[139.0895121063515,35.99241182110505],[139.08952722350918,35.99240821950133],[139.08955090575463,35.992472809382484],[139.08944763794952,35.992497856155005]]]},"properties":{"layer":"building","height_m":7.7}},{"type":"Feature","id":"bldg_ec4a0374-23dd-4d0c-b304-0d33ecefeca8","geometry":{"type":"Polygon","coordinates":[[[139.08938606052064,35.997637864012255],[139.08952194191525,35.99760121254553],[139.0895488309594,35.9976669939558],[139.08953904568062,35.99766963718366],[139.08942861184988,35.99769996613317],[139.08942146730803,35.99768242758219],[139.0894392582715,35.9976776708893],[139.08944407809244,35.99767229297542],[139.089451339578,35.99766674994273],[139.08946059571096,35.99766139953897],[139.0894686073122,35.99765865518861],[139.0894783824357,35.997657093464206],[139.0894869223387,35.99765714642043],[139.08949600747133,35.99765819418763],[139.08950408597056,35.99766013701271],[139.08951020113506,35.99765855259077],[139.08949556287538,35.99762286044811],[139.08939137226884,35.99765096581301],[139.08938606052064,35.997637864012255]]]},"properties":{"layer":"building","height_m":6.0}},{"type":"Feature","id":"bldg_beec0bde-04e6-401e-a1cf-6df16546ce18","geometry":{"type":"Polygon","coordinates":[[[139.08947188008239,35.9922429381936],[139.08944942999773,35.99224793640204],[139.08944079322578,35.99222282666747],[139.08946324415,35.992217738335675],[139.08947188008239,35.9922429381936]]]},"properties":{"layer":"building","height_m":null}},{"type":"Feature","id":"bldg_f36a9e19-925a-4274-a00f-0a0494a998f5","geometry":{"type":"Polygon","coordinates":[[[139.08944718829864,35.99225044614523],[139.0894695266377,35.992245537374444],[139.08947761907385,35.992269562169994],[139.08945528072843,35.99227447094219],[139.08944718829864,35.99225044614523]]]},"properties":{"layer":"building","height_m":null}},{"type":"Feature","id":"bldg_5715cc9d-bf5b-49e7-abf5-c5baf6ac6ca4","geometry":{"type":"Polygon","coordinates":[[[139.0896275044632,35.99183885822452],[139.08946885439627,35.99183282729297],[139.08945225962455,35.99172213470496],[139.08959235357355,35.99170822198413],[139.0896275044632,35.99183885822452]]]},"properties":{"layer":"building","height_m":10.9}},{"type":"Feature","id":"bldg_65faba37-58c7-4a76-a4e4-c9b023bf14e4","geometry":{"type":"Polygon","coordinates":[[[139.08953954362968,35.998972596295594],[139.0896209419077,35.99905915715074],[139.08945279953227,35.9991635576824],[139.08945518249365,35.99916610511402],[139.08941283171077,35.99919239478187],[139.0893906485827,35.99912270385852],[139.08940182760864,35.99911576107251],[139.08938725453424,35.99910026746916],[139.0894993122988,35.999030688001696],[139.089479654629,35.99900978211648],[139.08953954362968,35.998972596295594]]]},"properties":{"layer":"building","height_m":8.7}},{"type":"Feature","id":"bldg_a4b6fa28-a0d6-49e4-b186-ff6f51fc49fb","geometry":{"type":"Polygon","coordinates":[[[139.08958669337437,35.99778079258695],[139.08945024954113,35.99781825180704],[139.08943799285535,35.99778879340093],[139.0894304578816,35.99778802563275],[139.08942504793478,35.99778537831137],[139.08941944241118,35.997779935745136],[139.0894138682059,35.99777115856084],[139.08941218424528,35.997761504201634],[139.08941313922276,35.9977542997196],[139.08941639956745,35.9977496331761],[139.08942031181684,35.997746412756214],[139.0894038253909,35.99770674341901],[139.08942861184988,35.99769996613317],[139.08942962373553,35.997699693005174],[139.08953904568062,35.99766963718366],[139.08953937078772,35.997670450370045],[139.08954070506704,35.99767009812307],[139.08958669337437,35.99778079258695]]]},"properties":{"layer":"building","height_m":4.5}},{"type":"Feature","id":"bldg_84d58977-c13f-4e8f-963d-381848304122","geometry":{"type":"Polygon","coordinates":[[[139.08956574060542,35.99351525627703],[139.08952810171692,35.99353142658964],[139.08951362521728,35.993537645937444],[139.08944704296954,35.993435295912036],[139.08949904740626,35.99341290559191],[139.08956574060542,35.99351525627703]]]},"properties":{"layer":"building","height_m":5.7}},{"type":"Feature","id":"bldg_e5763b93-4fe8-4f6f-870b-0b6cce7a1545","geometry":{"type":"Polygon","coordinates":[[[139.0895380666869,35.99315519511814],[139.0894858201699,35.993144325940335],[139.08949553957814,35.993113201183924],[139.0894517046807,35.993104186750735],[139.08948497635964,35.99299794938468],[139.08950018401376,35.99294928328307],[139.0895116151401,35.992913031720526],[139.08958334458617,35.99292780714518],[139.08958860171913,35.992911255795],[139.08959898575273,35.99290383937304],[139.08960876028547,35.992902277629824],[139.08961570052747,35.992907277813764],[139.0895380666869,35.99315519511814]]]},"properties":{"layer":"building","height_m":11.9}},{"type":"Feature","id":"bldg_ac696676-2b2b-4ed9-99c2-637113026e62","geometry":{"type":"Polygon","coordinates":[[[139.08959074910638,35.992147326092955],[139.08959086257326,35.99218131487197],[139.08964198052206,35.99218119915494],[139.0896422854966,35.9922668607295],[139.08950563433746,35.992267176185095],[139.08950559780783,35.99225807281472],[139.08948764161508,35.99225811469783],[139.08948749794277,35.992217897739565],[139.08946999645002,35.99221794243952],[139.0894698654196,35.992182286144406],[139.08948804339548,35.992182245639036],[139.0894879253135,35.992147571842516],[139.08959074910638,35.992147326092955]]]},"properties":{"layer":"building","height_m":8.2}},{"type":"Feature","id":"bldg_de13acd2-0ad9-4dd0-b31c-517a672476da","geometry":{"type":"Polygon","coordinates":[[[139.08950038524196,35.99270340953892],[139.0895100583226,35.992736276884415],[139.08951306624158,35.992746660499854],[139.08949584443863,35.99274997866084],[139.08949142696417,35.99273616135992],[139.08949131860174,35.99273589029762],[139.0894821636475,35.99270690175903],[139.08950038524196,35.99270340953892]]]},"properties":{"layer":"building","height_m":7.0}},{"type":"Feature","id":"bldg_1f08d05a-53ba-4eac-86f6-ae9e47916bd6","geometry":{"type":"Polygon","coordinates":[[[139.08952168683172,35.992383669775315],[139.08950375030045,35.99232136876749],[139.08962318815554,35.99229867544513],[139.0896321027043,35.992329645347574],[139.08964787932138,35.9923266787277],[139.08965690139925,35.99235800981539],[139.08952168683172,35.992383669775315]]]},"properties":{"layer":"building","height_m":7.0}},{"type":"Feature","id":"bldg_f1559fd5-2bd8-4894-9d6a-894298293e81","geometry":{"type":"Polygon","coordinates":[[[139.08955647996243,35.99336756572325],[139.08956465799096,35.99338248789771],[139.08950334037314,35.993404550109624],[139.089495162354,35.99338962793111],[139.08955647996243,35.99336756572325]]]},"properties":{"layer":"building","height_m":3.9}},{"type":"Feature","id":"bldg_3386d0f8-123d-41bb-9e57-53d83db53779","geometry":{"type":"Polygon","coordinates":[[[139.08952136367478,35.99278429621151],[139.08951112000221,35.99275313780168],[139.08951989979377,35.9927512093772],[139.08951493796408,35.99273630714035],[139.0895043666742,35.99270460591759],[139.08964617655363,35.99267348893025],[139.08966731586386,35.99273725185089],[139.08967195347918,35.99275125077043],[139.08952136367478,35.99278429621151]]]},"properties":{"layer":"building","height_m":8.6}},{"type":"Feature","id":"bldg_bd6d4441-7a5b-446e-99ed-be3cff272aa9","geometry":{"type":"Polygon","coordinates":[[[139.08949881516298,35.993543953345366],[139.08951362521728,35.993537645937444],[139.08952810171692,35.99353142658964],[139.08954078443438,35.99355088320201],[139.08952144696403,35.99357870363967],[139.08949881516298,35.993543953345366]]]},"properties":{"layer":"building","height_m":4.9}},{"type":"Feature","id":"bldg_7ccf34b7-0c09-4dd1-808a-a7c072ee606c","geometry":{"type":"Polygon","coordinates":[[[139.0895142282374,35.99249295138277],[139.08953725235153,35.99248588372881],[139.089544971456,35.99250242540326],[139.08956254536486,35.99249703642474],[139.0895886344167,35.99255334924774],[139.08954781456305,35.992565804514854],[139.0895142282374,35.99249295138277]]]},"properties":{"layer":"building","height_m":5.9}},{"type":"Feature","id":"bldg_ed203e5f-5629-4e61-9a1a-ecf921317a35","geometry":{"type":"Polygon","coordinates":[[[139.0895056998273,35.99341312710099],[139.0895599214243,35.99339084063191],[139.08958363769224,35.99342821141258],[139.08957473084894,35.99343185152566],[139.0896010673255,35.9934736549238],[139.08955574999607,35.99349257167435],[139.0895056998273,35.99341312710099]]]},"properties":{"layer":"building","height_m":7.5}},{"type":"Feature","id":"bldg_36cc1e80-b737-4b74-bc3e-bdf08cdda04d","geometry":{"type":"Polygon","coordinates":[[[139.0896435993506,35.99948117828978],[139.08948407730367,35.99951912534881],[139.08945413297977,35.99943611015799],[139.0895152741523,35.999421527717814],[139.0895140871469,35.999418005286095],[139.08955243921642,35.99940886957381],[139.08955362791602,35.999412211755605],[139.0896136565649,35.99939798288687],[139.0896435993506,35.99948117828978]]]},"properties":{"layer":"building","height_m":8.4}},{"type":"Feature","id":"bldg_1aafc4ba-9ecf-4541-a91e-971bc91ef430","geometry":{"type":"Polygon","coordinates":[[[139.08951827908794,35.99285295624435],[139.08957306163313,35.99284175924914],[139.08958738167456,35.992887634137276],[139.0895325982533,35.992898921263475],[139.08951827908794,35.99285295624435]]]},"properties":{"layer":"building","height_m":4.2}},{"type":"Feature","id":"bldg_6be15515-9a6d-4e13-88fa-d26b4bb2462f","geometry":{"type":"Polygon","coordinates":[[[139.08948012297907,35.99735363634678],[139.0894871287648,35.99735169692835],[139.08950209969512,35.99738739113616],[139.08949509390658,35.99738933055545],[139.08948012297907,35.99735363634678]]]},"properties":{"layer":"building","height_m":3.1}},{"type":"Feature","id":"bldg_c950376a-ac76-41d1-a907-9e87bd51a431","geometry":{"type":"Polygon","coordinates":[[[139.08953725235153,35.99248588372881],[139.0895553715315,35.992480299845816],[139.08956309063925,35.992496841519156],[139.08956254536486,35.99249703642474],[139.089544971456,35.99250242540326],[139.08953725235153,35.99248588372881]]]},"properties":{"layer":"building","height_m":5.2}},{"type":"Feature","id":"bldg_7dc8b30b-528e-481c-823b-0d506a51af1a","geometry":{"type":"Polygon","coordinates":[[[139.08949533522681,35.99739906609848],[139.08950488596383,35.99739777337044],[139.08950870006316,35.997416814463875],[139.08949914932387,35.99741810719219],[139.08949533522681,35.99739906609848]]]},"properties":{"layer":"building","height_m":null}},{"type":"Feature","id":"bldg_ca754174-1c10-4ecf-8e8b-5ea2968f71b9","geometry":{"type":"Polygon","coordinates":[[[139.0895746183669,35.99251054066685],[139.08954255237356,35.992417507817684],[139.089550665878,35.992415665389665],[139.0895483978869,35.99240916195812],[139.08963931414138,35.99238845490324],[139.08964417184137,35.99240263544918],[139.08965161824722,35.99240096913903],[139.0896663022616,35.992443511462206],[139.08965285368717,35.992446582646615],[139.08966753855626,35.992489034844546],[139.08963886275123,35.992495616836095],[139.08964458482055,35.99251223625398],[139.0896075736904,35.992520659297114],[139.0896019599908,35.992504310939786],[139.0895746183669,35.99251054066685]]]},"properties":{"layer":"building","height_m":8.2}},{"type":"Feature","id":"bldg_d3ac8d65-52cd-4371-9a77-da407651727f","geometry":{"type":"Polygon","coordinates":[[[139.08949945242543,35.997421263623814],[139.0895095577026,35.997419974334065],[139.08951473912788,35.9974469553511],[139.08950463384735,35.99744824464125],[139.08949945242543,35.997421263623814]]]},"properties":{"layer":"building","height_m":null}},{"type":"Feature","id":"bldg_d6e0743c-e780-42b5-b2b5-7b73a277ce09","geometry":{"type":"Polygon","coordinates":[[[139.08950303814518,35.99745163264983],[139.08952567368908,35.99744948370376],[139.08952947334677,35.99747596944987],[139.08950683787998,35.99747810938408],[139.08950303814518,35.99745163264983]]]},"properties":{"layer":"building","height_m":null}},{"type":"Feature","id":"bldg_b2b2bea6-34ca-42cc-a5d1-a1649666e90d","geometry":{"type":"Polygon","coordinates":[[[139.08954282241794,35.999960495843474],[139.0895071285593,35.999970008554016],[139.08950441926146,35.9999632320019],[139.0895017506249,35.99996393649381],[139.08948234529583,35.999916137376644],[139.08952059770286,35.999905829368316],[139.08954282241794,35.999960495843474]]]},"properties":{"layer":"building","height_m":6.5}},{"type":"Feature","id":"bldg_b355a6f2-c811-4a4c-9323-597de7b2bf3a","geometry":{"type":"Polygon","coordinates":[[[139.0895998379245,35.992553148316276],[139.08957901631894,35.992514623789724],[139.08959882431571,35.99250753618439],[139.08961964592916,35.99254606070764],[139.0895998379245,35.992553148316276]]]},"properties":{"layer":"building","height_m":6.1}},{"type":"Feature","id":"bldg_1304e084-4ec5-42f1-9ff2-7a86793e84ed","geometry":{"type":"Polygon","coordinates":[[[139.08954505069866,35.999687776202634],[139.08951411651856,35.99960385359033],[139.08957514943899,35.99958900005937],[139.08957417409408,35.99958656050103],[139.08961230526418,35.99957733327059],[139.08961349481496,35.99958058532696],[139.0896737496337,35.99956590718132],[139.08970435885306,35.99964901656904],[139.08954505069866,35.999687776202634]]]},"properties":{"layer":"building","height_m":8.5}},{"type":"Feature","id":"bldg_b7e3a87f-b19a-4887-912b-3864f40f68ba","geometry":{"type":"Polygon","coordinates":[[[139.0895110477229,35.99997787416869],[139.08954795822112,35.99996872952106],[139.0895519612172,35.99997947981497],[139.0895709718672,35.999974820799984],[139.08958287757454,36.000006259868414],[139.08955508378025,36.000013117675394],[139.08955616496274,36.000016098670116],[139.08952803758297,36.00002304453239],[139.0895110477229,35.99997787416869]]]},"properties":{"layer":"building","height_m":5.6}},{"type":"Feature","id":"bldg_82a0b1df-5c38-4c50-9a9f-b37e9b448778","geometry":{"type":"Polygon","coordinates":[[[139.08955274287487,35.99926195950293],[139.08952481929052,35.9992165230546],[139.08958285010738,35.999192971379244],[139.0896107737172,35.99923840781455],[139.08955274287487,35.99926195950293]]]},"properties":{"layer":"building","height_m":null}},{"type":"Feature","id":"bldg_46ba2d6d-cddb-4672-bdca-8e2afacf4a1c","geometry":{"type":"Polygon","coordinates":[[[139.08954539200556,35.99725363617433],[139.08957061957528,35.997248294660885],[139.08957956508965,35.99727602005478],[139.0895543366654,35.99728145169479],[139.08954539200556,35.99725363617433]]]},"properties":{"layer":"building","height_m":null}},{"type":"Feature","id":"bldg_a6bf3c86-6d26-4ec1-aa4e-a1f23ac74357","geometry":{"type":"Polygon","coordinates":[[[139.0897492986257,35.99327845068363],[139.08968461025412,35.99332879295423],[139.08970001553104,35.99334177705885],[139.08966271630143,35.99336903552534],[139.0896495393615,35.993378597760696],[139.089662476037,35.99339463099047],[139.08962090151215,35.99341654526269],[139.08960236279432,35.993359287831964],[139.08961948813769,35.99334262980068],[139.0895955095284,35.993321390692095],[139.0895926903845,35.993314523324656],[139.08962354208344,35.99328884725027],[139.08959142445036,35.99326034727232],[139.08961488724358,35.99324201605985],[139.0896388742948,35.99326235391584],[139.0896516109938,35.99325242843165],[139.08963851775619,35.99324126125658],[139.0896733762515,35.99321407779648],[139.0897492986257,35.99327845068363]]]},"properties":{"layer":"building","height_m":8.6}},{"type":"Feature","id":"bldg_1895355c-3ef4-4370-a1f1-6458f79106a7","geometry":{"type":"Polygon","coordinates":[[[139.08957694739377,35.997672936611686],[139.0896051470936,35.997740889256704],[139.08958413048612,35.99774661740519],[139.08955593080245,35.99767866475547],[139.08957694739377,35.997672936611686]]]},"properties":{"layer":"building","height_m":3.9}},{"type":"Feature","id":"bldg_bf96317e-5d7f-4f5b-88d5-86f91d4dfd99","geometry":{"type":"Polygon","coordinates":[[[139.08964472276702,35.99172010133103],[139.08963911097464,35.99170355469907],[139.08963106450807,35.991705352484225],[139.08962312150172,35.991681950521254],[139.08963334633313,35.991679661512286],[139.0896205256104,35.99164185355178],[139.08969798999257,35.99162448799526],[139.08971031456954,35.9916608057249],[139.08971547146945,35.99165964797301],[139.08972385709285,35.99168434153479],[139.08971759991815,35.991685744831216],[139.08972327631997,35.99170249915947],[139.08964472276702,35.99172010133103]]]},"properties":{"layer":"building","height_m":8.3}},{"type":"Feature","id":"bldg_5c52e08c-ac37-4860-af8d-9b12c59c7843","geometry":{"type":"Polygon","coordinates":[[[139.08964591057892,35.999991058185195],[139.0895866697101,36.00000403013039],[139.0895758815753,35.99997169669151],[139.08956743456108,35.99997353704669],[139.08954920685306,35.99991844471001],[139.08955443067228,35.9999173054106],[139.08955205749038,35.999910170423504],[139.08958717983614,35.99990245675626],[139.08958599282073,35.9998989343254],[139.08961244548556,35.99989314975605],[139.08961578894474,35.99990326504862],[139.08961678883605,35.99990309098796],[139.08964591057892,35.999991058185195]]]},"properties":{"layer":"building","height_m":7.3}},{"type":"Feature","id":"bldg_19cae274-a5f3-45f5-9de3-e485c475a903","geometry":{"type":"Polygon","coordinates":[[[139.0896481187067,35.99982676483951],[139.08959386641277,35.99984003810745],[139.08956336137993,35.99975765038059],[139.08961761362207,35.99974437712566],[139.0896481187067,35.99982676483951]]]},"properties":{"layer":"building","height_m":3.3}},{"type":"Feature","id":"bldg_793e1ec0-0cfe-4f54-a126-03c5ab865183","geometry":{"type":"Polygon","coordinates":[[[139.08961292255356,35.997751482681096],[139.08962190536855,35.99777524257871],[139.08959800260627,35.99778122322588],[139.0895890197978,35.99775746332656],[139.08961292255356,35.997751482681096]]]},"properties":{"layer":"building","height_m":null}},{"type":"Feature","id":"bldg_cb07d1c3-a534-4756-9303-c164c21651a0","geometry":{"type":"Polygon","coordinates":[[[139.0896757357592,35.99185204583162],[139.08965494958875,35.9917743149211],[139.08965706006498,35.99177396748375],[139.0896466665706,35.99173514708956],[139.08972953973932,35.991720518948135],[139.08974025328348,35.99176069327147],[139.089751250951,35.99175877857652],[139.0897599293144,35.99179127922066],[139.08978136931256,35.991787536514295],[139.08978843917396,35.99181416872711],[139.08976577673505,35.991818174248124],[139.0897678341128,35.991825848062646],[139.08977038471286,35.99183532753716],[139.0897293925201,35.99184255425316],[139.0896757357592,35.99185204583162]]]},"properties":{"layer":"building","height_m":9.3}},{"type":"Feature","id":"bldg_77dc4946-e4fb-429b-b099-9f87ee712d3e","geometry":{"type":"Polygon","coordinates":[[[139.08984192103372,35.99717670075317],[139.08982091051467,35.9971817980719],[139.08977188539583,35.9971937518843],[139.08975965684067,35.99719674050612],[139.0897662538251,35.99721471728172],[139.08977902684333,35.99721162387805],[139.08979337863448,35.997208125660606],[139.08979543257544,35.99721381658591],[139.08981555121227,35.997268289717084],[139.08976408015602,35.997280859275776],[139.08976515961893,35.99728402051926],[139.0897116879825,35.997297028304736],[139.08970281863762,35.99727299872536],[139.08968310986256,35.99722213331922],[139.08969200274686,35.997220025327294],[139.08968994796712,35.99721442452511],[139.08966949281088,35.997219435129935],[139.08965651054913,35.997184564441234],[139.08964995179548,35.99718614612091],[139.08963773151297,35.997152812365144],[139.0896462916692,35.99715070231371],[139.08963915372,35.99713128009662],[139.08973631495502,35.99710754730901],[139.08972236159153,35.997069786444825],[139.08977916789604,35.99705598815267],[139.08979377065333,35.99709546550698],[139.08981044647086,35.997091332756035],[139.08984192103372,35.99717670075317]]]},"properties":{"layer":"building","height_m":6.2}},{"type":"Feature","id":"bldg_a3895128-4e75-4f9a-a851-5d031b596ee4","geometry":{"type":"Polygon","coordinates":[[[139.08965005237627,35.99862732631963],[139.089626049365,35.99856126540412],[139.08982551420465,35.99851342609035],[139.08984951728462,35.998579495980735],[139.08965005237627,35.99862732631963]]]},"properties":{"layer":"building","height_m":5.6}},{"type":"Feature","id":"bldg_a85e5c7c-113a-4ac5-a6a4-672d04c5ad50","geometry":{"type":"Polygon","coordinates":[[[139.0896190425983,35.99989931950038],[139.08963815821255,35.99989529203553],[139.08967360989186,35.9998879409048],[139.08969763056578,35.999963979302066],[139.0896621788544,35.99997133043944],[139.08966465618943,35.99997918711024],[139.08964554140235,35.999983124454275],[139.0896190425983,35.99989931950038]]]},"properties":{"layer":"building","height_m":7.0}},{"type":"Feature","id":"bldg_ebf94e10-93e0-49c5-84f3-33bc5b86f3ac","geometry":{"type":"Polygon","coordinates":[[[139.0896353118669,35.999730642882206],[139.0896437261728,35.99972873922821],[139.08964100568983,35.9997207909192],[139.08972662696198,35.99970143003105],[139.0897291962393,35.99970894477672],[139.08974163422323,35.999706137719734],[139.08973774779406,35.99969478428302],[139.08978252017138,35.99968466982846],[139.0898132556605,35.999774431566465],[139.0898069087786,35.99977587035808],[139.08981301940875,35.99979369088905],[139.08967410011988,35.999825096276865],[139.08966807596275,35.99980751962625],[139.08966209584307,35.99980887956693],[139.0896353118669,35.999730642882206]]]},"properties":{"layer":"building","height_m":7.7}},{"type":"Feature","id":"bldg_6a9a1110-c441-4ba2-82ee-8869208e3de3","geometry":{"type":"Polygon","coordinates":[[[139.0896703773368,35.999877826301336],[139.08967360989186,35.9998879409048],[139.08963815821255,35.99989529203553],[139.0896349248155,35.99988526755598],[139.0896703773368,35.999877826301336]]]},"properties":{"layer":"building","height_m":6.2}},{"type":"Feature","id":"bldg_ec47eed9-f200-4ecc-8e79-e9afa9ffdaa9","geometry":{"type":"Polygon","coordinates":[[[139.08971060571506,35.992438017768634],[139.0897291590937,35.992434617700006],[139.0897345214077,35.99245411904822],[139.08971607892525,35.99245751980506],[139.08971060571506,35.992438017768634]]]},"properties":{"layer":"building","height_m":4.9}},{"type":"Feature","id":"bldg_e25d0e77-adb2-4e79-af99-e9c1937fb0bf","geometry":{"type":"Polygon","coordinates":[[[139.0897946069161,35.99187783883774],[139.0897307117438,35.991879245399375],[139.0897293925201,35.99184255425316],[139.08977038471286,35.99183532753716],[139.0897678341128,35.991825848062646],[139.08979380136398,35.99182186302467],[139.0897946069161,35.99187783883774]]]},"properties":{"layer":"building","height_m":3.5}},{"type":"Feature","id":"bldg_e08f7095-7a0c-48e3-8856-c8cfba9c6ba9","geometry":{"type":"Polygon","coordinates":[[[139.0899329122683,35.992279144203344],[139.0899608757206,35.99240757267486],[139.08986114753006,35.99242182612223],[139.08986167666023,35.99242453330562],[139.08983480067565,35.992428422594614],[139.08983565235724,35.992432213338866],[139.08974558599627,35.992445084488615],[139.08973431607987,35.99239327993339],[139.08974297815877,35.99239207180365],[139.08973256161858,35.99234387774302],[139.08974200084074,35.99234258430035],[139.08974115001038,35.99233870343056],[139.08975303326977,35.99233697448571],[139.08975538332456,35.992334735798835],[139.08976072938128,35.99233233542194],[139.08976673999416,35.99233002929404],[139.08976940752422,35.992329414917194],[139.0897767328702,35.99232882941048],[139.089781832596,35.99232904127983],[139.0897854872336,35.99232960471267],[139.08979091373985,35.99233044951802],[139.08979234783243,35.992331269577896],[139.08980456379075,35.99232954269],[139.08980477459605,35.992330715688375],[139.08981377021402,35.992329419490595],[139.08981972436092,35.99235676582555],[139.08984015794857,35.99235391817367],[139.0898271871595,35.99229426176254],[139.0899329122683,35.992279144203344]]]},"properties":{"layer":"building","height_m":9.6}},{"type":"Feature","id":"bldg_0cb7531f-c52b-4932-a41d-106a0b87d5f0","geometry":{"type":"Polygon","coordinates":[[[139.08966465618943,35.99997918711024],[139.0896621788544,35.99997133043944],[139.08969763056578,35.999963979302066],[139.0897001087503,35.99997174584741],[139.08966465618943,35.99997918711024]]]},"properties":{"layer":"building","height_m":6.3}},{"type":"Feature","id":"bldg_7ea048d9-d3f7-4bbb-b85f-44fc446fe314","geometry":{"type":"Polygon","coordinates":[[[139.0896985218337,35.99884123500762],[139.08971453199737,35.99888441641823],[139.0896899634481,35.99889039295345],[139.08967395329674,35.99884721153974],[139.0896985218337,35.99884123500762]]]},"properties":{"layer":"building","height_m":null}},{"type":"Feature","id":"bldg_4c21bf4c-57a7-4361-9697-8fb880054eea","geometry":{"type":"Polygon","coordinates":[[[139.08985190709973,35.992898304897004],[139.08973400517667,35.992874248449716],[139.08978117706,35.99272149987757],[139.08981036741858,35.992727458143236],[139.08980709576076,35.99273808223422],[139.08989580712492,35.992756180370094],[139.08985190709973,35.992898304897004]]]},"properties":{"layer":"building","height_m":5.9}},{"type":"Feature","id":"bldg_f0ddfb50-fe9e-45d4-949b-a50498dbfeb7","geometry":{"type":"Polygon","coordinates":[[[139.08980599180487,35.9998428312847],[139.08982374368145,35.999848195898814],[139.08982633177067,35.99985607127901],[139.08983759056565,35.99985363544937],[139.08984774223964,35.99985688897429],[139.08985028664392,35.99986469197919],[139.0898576777023,35.99986308841016],[139.08987034723995,35.99990178765257],[139.0898810724831,35.999899474694],[139.08988458759754,35.99991021294032],[139.08988798857996,35.9999094769268],[139.08989169792153,35.99992079320886],[139.08989823319314,35.99991937360645],[139.08990382934002,35.99993646990371],[139.08987549898495,35.99994259440666],[139.08987324532214,35.99993572154364],[139.08982225291157,35.99994674384233],[139.08981994557442,35.99993968137259],[139.08970437904202,35.99996466106158],[139.0896738539811,35.99987139454532],[139.08980599180487,35.9998428312847]]]},"properties":{"layer":"building","height_m":4.6}},{"type":"Feature","id":"bldg_b5fb06dd-6fdd-4c72-869b-846bc3288a01","geometry":{"type":"Polygon","coordinates":[[[139.08979645410406,35.99178618792858],[139.0897642027025,35.991721184454406],[139.08976906432142,35.99171958323229],[139.08976523280762,35.991711871382066],[139.0897845454391,35.99170554677976],[139.08977977795095,35.99169593639561],[139.08982433274977,35.99168134106989],[139.08982871919872,35.99169019199749],[139.08987612197646,35.99167465892388],[139.0899125859415,35.991748142682205],[139.08990156129045,35.99175175167154],[139.08979645410406,35.99178618792858]]]},"properties":{"layer":"building","height_m":8.6}},{"type":"Feature","id":"bldg_aac80458-8374-4d60-98f3-ad6ed531a179","geometry":{"type":"Polygon","coordinates":[[[139.0897211495901,35.99921920040373],[139.08969677177333,35.99913396652519],[139.08974432835973,35.999124977941946],[139.08974518687197,35.9991280476851],[139.08976496521447,35.999124294696756],[139.08976260218878,35.99911607821544],[139.08979249193897,35.99911040503991],[139.08979496333941,35.99911889258254],[139.08980262991165,35.99911747098417],[139.08982528801388,35.999196862769374],[139.0898142876201,35.99919895770618],[139.08977862036497,35.99920567663461],[139.08977926213564,35.99920820425374],[139.08976637288467,35.99921064799785],[139.0897211495901,35.99921920040373]]]},"properties":{"layer":"building","height_m":9.1}},{"type":"Feature","id":"bldg_35871aa6-7af7-45c0-a259-3c7947e64292","geometry":{"type":"Polygon","coordinates":[[[139.08984094401242,35.9988524016811],[139.0897680185003,35.99886993961336],[139.08971038602778,35.998711683530196],[139.0897833224966,35.99869414569968],[139.08984094401242,35.9988524016811]]]},"properties":{"layer":"building","height_m":6.5}},{"type":"Feature","id":"bldg_35876ee0-ab7a-419a-a4c2-9394a145f0d0","geometry":{"type":"Polygon","coordinates":[[[139.0897545481489,35.999395070879466],[139.08973719495526,35.99932952890321],[139.08974752736984,35.99932770022297],[139.08974709811264,35.99932616535145],[139.08975098589136,35.999325558541265],[139.0897500232354,35.9993217671124],[139.0898291240979,35.999308107010826],[139.08983041187398,35.99931271162458],[139.08983763287807,35.99931149456146],[139.08985486847342,35.999377756835216],[139.0897545481489,35.999395070879466]]]},"properties":{"layer":"building","height_m":7.3}},{"type":"Feature","id":"bldg_aaff5b89-b9fc-44c8-81fd-07b21b7fca36","geometry":{"type":"Polygon","coordinates":[[[139.08977188539583,35.9971937518843],[139.08982091051467,35.9971817980719],[139.08982912290185,35.99720492227047],[139.08979543257544,35.99721381658591],[139.08979337863448,35.997208125660606],[139.08977902684333,35.99721162387805],[139.08977188539583,35.9971937518843]]]},"properties":{"layer":"building","height_m":3.7}},{"type":"Feature","id":"bldg_10ed5627-d5e8-4d81-87b5-3d092c1cb8c8","geometry":{"type":"Polygon","coordinates":[[[139.08976411777198,35.99941069565686],[139.08975669737305,35.99941188444045],[139.08975320598003,35.99939744199239],[139.08983649619537,35.99938414133696],[139.0898443756349,35.99941676316932],[139.0898306790753,35.99941894955215],[139.08983856986046,35.99945154441604],[139.08977639654736,35.999461469913534],[139.08976411777198,35.99941069565686]]]},"properties":{"layer":"building","height_m":4.7}},{"type":"Feature","id":"bldg_83466e94-cffa-431b-a231-835173437580","geometry":{"type":"Polygon","coordinates":[[[139.0898200881014,35.99921909265776],[139.08977142067388,35.99922825464491],[139.08976637288467,35.99921064799785],[139.08977926213564,35.99920820425374],[139.08977862036497,35.99920567663461],[139.0898142876201,35.99919895770618],[139.0898200881014,35.99921909265776]]]},"properties":{"layer":"building","height_m":4.7}},{"type":"Feature","id":"bldg_6af5774c-3710-4468-9ad9-6e4b7b544740","geometry":{"type":"Polygon","coordinates":[[[139.08978109221732,35.999489412291545],[139.0897750921581,35.999466905681956],[139.089870027496,35.9994501891558],[139.0898760275811,35.99947269576101],[139.08978109221732,35.999489412291545]]]},"properties":{"layer":"building","height_m":3.4}},{"type":"Feature","id":"bldg_a928d863-7777-4bab-88c1-87eb42213997","geometry":{"type":"Polygon","coordinates":[[[139.08977869589876,35.99949301165183],[139.08987036617853,35.99947555384624],[139.08987758804287,35.99947424665612],[139.08990626638086,35.999574018083074],[139.08980737411812,35.99959278310072],[139.08977869589876,35.99949301165183]]]},"properties":{"layer":"building","height_m":10.2}},{"type":"Feature","id":"bldg_73a9c14a-a849-49a4-8d37-02c69afc7d6a","geometry":{"type":"Polygon","coordinates":[[[139.08991852133047,35.991838949534866],[139.08986288318278,35.99179957837933],[139.08989941894495,35.99178268007466],[139.08993277061313,35.991833269507396],[139.08991852133047,35.991838949534866]]]},"properties":{"layer":"building","height_m":6.2}},{"type":"Feature","id":"bldg_8e6cfaea-5261-48ab-86c6-6e3529af3041","geometry":{"type":"Polygon","coordinates":[[[139.08981109270448,35.99961020124609],[139.08980799728,35.999597293464895],[139.08983154754202,35.999593473716494],[139.0898347530348,35.99960647230939],[139.08981109270448,35.99961020124609]]]},"properties":{"layer":"building","height_m":null}},{"type":"Feature","id":"bldg_ea7ae1b8-2022-4896-91e7-b85056405350","geometry":{"type":"Polygon","coordinates":[[[139.08982070655708,35.99963766036575],[139.0898756969819,35.999628447420015],[139.08987708721668,35.9996339539684],[139.08989808315897,35.999630478895725],[139.08990460508087,35.99965647676535],[139.08991193702596,35.99965526038556],[139.08992915668134,35.99972323501744],[139.08984594918326,35.99973714011847],[139.08982070655708,35.99963766036575]]]},"properties":{"layer":"building","height_m":6.8}},{"type":"Feature","id":"bldg_8dfe370f-d65e-468a-8f56-e35d4ea87df6","geometry":{"type":"Polygon","coordinates":[[[139.0902752227636,35.99854043960412],[139.09031216368112,35.99864621071561],[139.0903609885577,35.99878576405915],[139.09034186901997,35.998790242267575],[139.09033764516187,35.99879120753564],[139.09033332460487,35.99877883295779],[139.09021316432907,35.998806569716734],[139.09009633802137,35.998833605971676],[139.08999751957742,35.99885642746311],[139.08991059462264,35.998876528552515],[139.08983109282937,35.998649358751045],[139.08985688129485,35.99864338974724],[139.0902752227636,35.99854043960412]]]},"properties":{"layer":"building","height_m":9.1}},{"type":"Feature","id":"bldg_66e0131b-7c61-49cc-9920-f25f10350108","geometry":{"type":"Polygon","coordinates":[[[139.08997105041973,35.99174869424789],[139.08998110943037,35.99176407870377],[139.08999740093802,35.991788965443085],[139.09001511470376,35.991815933986125],[139.08994228358452,35.99184774928115],[139.08993277061313,35.991833269507396],[139.08989941894495,35.99178268007466],[139.08989843437934,35.991781231890805],[139.08997105041973,35.99174869424789]]]},"properties":{"layer":"building","height_m":7.1}},{"type":"Feature","id":"bldg_5b74e875-ec37-45f3-9d06-17b742b51121","geometry":{"type":"Polygon","coordinates":[[[139.0899384778362,35.99205241125636],[139.08990540172974,35.99205518057906],[139.08989816221296,35.991999345155946],[139.08993123829626,35.99199657583495],[139.0899384778362,35.99205241125636]]]},"properties":{"layer":"building","height_m":4.0}},{"type":"Feature","id":"bldg_f3da3e26-eeae-4a53-97fa-3188ece7fde5","geometry":{"type":"Polygon","coordinates":[[[139.08983890310736,35.998431743098045],[139.08986324799335,35.998425945404854],[139.08988313923066,35.99848104801675],[139.08985879432905,35.998486845713735],[139.08983890310736,35.998431743098045]]]},"properties":{"layer":"building","height_m":3.9}},{"type":"Feature","id":"bldg_ad4d4990-cf0b-4e68-8a59-3b9696de13e7","geometry":{"type":"Polygon","coordinates":[[[139.0898373638228,35.99910383328934],[139.08989668781751,35.99909374589084],[139.0898981864172,35.99909952350114],[139.0899320697526,35.99909378491153],[139.08995572314268,35.99918532335739],[139.08986240394879,35.999201238800474],[139.0898373638228,35.99910383328934]]]},"properties":{"layer":"building","height_m":8.6}},{"type":"Feature","id":"bldg_09de8910-f336-4ce9-833d-209ec52df0d5","geometry":{"type":"Polygon","coordinates":[[[139.0898530623544,35.9974514411791],[139.08990211673927,35.99743874844968],[139.08992538405315,35.99749809908549],[139.08987631854416,35.99751079175516],[139.0898530623544,35.9974514411791]]]},"properties":{"layer":"building","height_m":4.5}},{"type":"Feature","id":"bldg_17af52a2-8f61-4cee-8c04-cdaae906b000","geometry":{"type":"Polygon","coordinates":[[[139.0899279143679,35.997691759202965],[139.0898849357122,35.997703507179516],[139.08985931862927,35.997641618332416],[139.08990228616406,35.99762987029587],[139.0899279143679,35.997691759202965]]]},"properties":{"layer":"building","height_m":3.6}},{"type":"Feature","id":"bldg_a9595aff-65f1-4076-8dfe-cbaaae65f9cc","geometry":{"type":"Polygon","coordinates":[[[139.08992195067182,35.99858836305022],[139.08988313923066,35.99848104801675],[139.08986324799335,35.998425945404854],[139.08985881323704,35.998413930622085],[139.0899324049458,35.99839627057742],[139.08993564847333,35.99840521355349],[139.09001590906757,35.998386062575506],[139.0900235831552,35.99840747095063],[139.09010217587016,35.998388760229936],[139.09011017340603,35.99841116203426],[139.09018687727203,35.99839280007513],[139.09023087743665,35.99851456796535],[139.08992195067182,35.99858836305022]]]},"properties":{"layer":"building","height_m":5.8}},{"type":"Feature","id":"bldg_e2079277-60ab-45f6-b5eb-5fa8a6b44732","geometry":{"type":"Polygon","coordinates":[[[139.08984689492874,35.99974273404212],[139.08986089760168,35.999739846540905],[139.08986294484217,35.9997462584618],[139.08985972166215,35.999746959524686],[139.08986026014247,35.999748675332754],[139.08984936973746,35.999750861083896],[139.08984689492874,35.99974273404212]]]},"properties":{"layer":"building","height_m":null}},{"type":"Feature","id":"bldg_163855e4-c673-4c5b-a434-beb9dc0196aa","geometry":{"type":"Polygon","coordinates":[[[139.08993981286528,35.991886489933336],[139.08993884194874,35.99189540680116],[139.08992454433408,35.99189441689897],[139.08992540435247,35.99188549934404],[139.08993981286528,35.991886489933336]]]},"properties":{"layer":"building","height_m":null}},{"type":"Feature","id":"bldg_57c6bbf3-568d-4e79-a2b8-de6ebec3ef4e","geometry":{"type":"Polygon","coordinates":[[[139.0898735879897,35.9985414660818],[139.08989804889157,35.998535128320604],[139.0899099646737,35.99856548586539],[139.08988550376333,35.99857182362889],[139.0898735879897,35.9985414660818]]]},"properties":{"layer":"building","height_m":3.2}},{"type":"Feature","id":"bldg_8d72f858-e870-4854-a684-612a7696fea5","geometry":{"type":"Polygon","coordinates":[[[139.08994328558518,35.999730532982234],[139.08995398163984,35.99977268999254],[139.08994676059527,35.9997739070621],[139.08996120066212,35.99983077846887],[139.089907765396,35.99983973070104],[139.08989760530125,35.999799559869516],[139.08987805369287,35.9998027735035],[139.08986318781297,35.999744006717016],[139.08994328558518,35.999730532982234]]]},"properties":{"layer":"building","height_m":7.9}},{"type":"Feature","id":"bldg_d49b2fc2-eeae-4c20-969e-87f3f515bd89","geometry":{"type":"Polygon","coordinates":[[[139.090241755113,35.99770148198961],[139.09021561352967,35.997708476374136],[139.09022744048963,35.99773766165046],[139.09019940855353,35.997745167075266],[139.09020364722846,35.997755621382055],[139.09006590058473,35.99779247837522],[139.09005951558916,35.99777672013013],[139.08999326642828,35.997794443784414],[139.0898868144741,35.99753169487607],[139.09005663995896,35.997486258189184],[139.0900440870159,35.997455256782665],[139.09000409080846,35.997465959748645],[139.08998662702493,35.99742285948962],[139.09002289817025,35.99741316092968],[139.0900176730286,35.9974002760047],[139.09011973714854,35.99737296808701],[139.09025122280042,35.99733779372535],[139.09030143556154,35.997461727162076],[139.0901599645145,35.99749957966811],[139.090241755113,35.99770148198961]]]},"properties":{"layer":"building","height_m":13.2}}]}